id,target
1,4.242168355669433
2,2.6109540142493213
3,309.7256148705268
4,-45.68847156241375
5,4.315558874923277
6,6.663957138124772
7,4.942139095009456
8,71.96556274040546
9,69.85298759417192
10,63.503086037255315
11,29.888204635743268
12,5.69073276131585
13,269.0997997363861
14,192.14972797429823
15,3.653077555460095
16,267.36322502538866
17,3.340653463137791
18,102.67419613294234
19,3.50142639338781
20,6.722569754170239
21,-62.9090313157518
22,53.922468395910855
23,4.423298867500443
24,2.5841457722720826
25,35.38050123745997
26,88.22074519661356
27,1.253481997728842
28,165.1557981887398
29,49.126027667677945
30,3.2722629631756344
31,6.340955682934571
32,30.977270949426234
33,46.59233321051077
34,3.6285751233636505
35,2.346968884578507
36,6.473782391149829
37,245.7668366020875
38,244.3392976114776
39,55.261022305728304
40,128.49333170560263
41,-48.67277883161381
42,3.089273473284461
43,5.681495702560467
44,4.434411051229451
45,145.76921760276417
46,52.173089937318174
47,3.31583435290329
48,-73.53188239279804
49,4.425569636999878
50,1.8745029355817526
51,249.1240885116929
52,3.1053269224947524
53,2.3469194202859156
54,72.46094291025767
55,2.896866166877512
56,4.435180740631733
57,5.689253157473911
58,174.46349556558033
59,239.78255512520147
60,6.969495687280796
61,2.4105102925486412
62,213.6460485016308
63,6.6498650955222836
64,2.5145443868827178
65,2.0471094138791996
66,4.018557471460619
67,4.903495866976104
68,191.49972271393432
69,124.71214586385864
70,2.3520419261103527
71,2.60913265284111
72,2.136207804753288
73,27.112021092651656
74,254.07593184907068
75,214.56437697317904
76,6.3588188136331745
77,5.812908241703759
78,127.93037037799277
79,275.9751642926682
80,3.8349185515447015
81,51.689050652126255
82,4.46036977909804
83,172.51348519529813
84,53.400256139626734
85,-4.935447772771992
86,2.2710691266552785
87,57.78881564891108
88,169.31730491049993
89,6.090323892048572
90,5.126696254938481
91,50.322346238182035
92,54.86145337869169
93,38.33142925869823
94,4.587421421185526
95,4.00738459439647
96,3.1842396314293775
97,7.236239192523696
98,210.8230667891749
99,74.33493472867644
100,281.7345968359408
101,5.285763558048683
102,253.16975233773775
103,4.274118284365937
104,6.633464920474774
105,167.99228042921175
106,23.750394051553084
107,294.65436302032276
108,2.5374405631246906
109,192.56589343635306
110,3.4647475022223992
111,60.91124633381556
112,2.011426300196238
113,224.65617373749302
114,6.177673206555552
115,5.148182179686273
116,379.71939979926174
117,193.40004531493156
118,199.61984804967068
119,241.54343334911027
120,334.1979807189199
121,163.70186846841136
122,3.2571632158538035
123,140.40776814423037
124,269.98899802778146
125,103.6358361181656
126,6.359750520149647
127,128.33057073300307
128,3.782963677818104
129,259.37051492287355
130,86.97121562431498
131,60.22378204813276
132,4.3086521794835155
133,-49.34679883291929
134,319.56702539018943
135,6.198107091335563
136,2.249215894358435
137,120.6686927755427
138,5.8009690194937065
139,211.02001997995217
140,304.930580238619
141,47.56813940841817
142,9.212001345501294
143,31.445692164219356
144,19.560720726368004
145,6.635952284033723
146,196.6253321491174
147,224.38285954228627
148,2.118330504343868
149,168.02512520388342
150,73.72725567672148
151,286.1523371421985
152,231.7016287735945
153,182.34279171025133
154,47.19183924890773
155,4.424243000557191
156,204.99044242378937
157,145.2618148443206
158,102.04234371571373
159,142.28836156861777
160,6.486263874179043
161,43.42646013981026
162,4.655236634772552
163,270.7585134958518
164,3.1180387062312036
165,93.86663278447513
166,210.05345046931882
167,340.5312415252662
168,7.150631799144923
169,1.7524136893701918
170,233.09473310016045
171,2.944789592995302
172,4.408607853366889
173,-54.7269133936597
174,3.756873360284705
175,5.565345296743646
176,147.1393595538355
177,75.55041741502774
178,313.0419377916678
179,138.42389961158005
180,220.9036736806653
181,6.307607365157142
182,2.081667151293088
183,289.53746251576126
184,6.357283440975966
185,1.6471025047427859
186,3.4051954305970598
187,2.805551528144024
188,3.9046327108316503
189,88.651120327795
190,4.207784778228503
191,2.0981409973452623
192,33.85795974156385
193,3.4900480797690516
194,327.61749776631586
195,87.08478981386098
196,266.9273918791081
197,112.82331774415806
198,215.43120392822055
199,51.184488275010224
200,1.9675040419473602
201,3.2680581554257717
202,89.72737319412165
203,44.29198990301596
204,4.311727298103725
205,274.2011562649724
206,57.2961425042659
207,208.61742383456073
208,137.09764142935626
209,65.70641072258874
210,175.86159088771922
211,66.53701756738428
212,102.49005937540164
213,274.9666234037045
214,60.671410329254066
215,7.623354207686515
216,205.34388567976166
217,72.69491021644862
218,165.62728523211769
219,202.33970737320226
220,6.0560033822790444
221,231.30926718640825
222,179.9783994810303
223,2.9154792413488244
224,162.07593036718947
225,272.16558493321645
226,220.6523464674659
227,43.9756057293117
228,272.5828791795818
229,251.90602888340524
230,1.4443336828990312
231,216.06924550931362
232,53.653092257356505
233,56.84893750054782
234,245.42941782138917
235,120.06287644447644
236,2.2803890816899455
237,5.969270639309288
238,38.31042102289152
239,6.36336661344844
240,181.55911625567012
241,309.49493855630595
242,233.30711864346353
243,4.229992594753014
244,3.336484550902416
245,51.97655368213469
246,125.11080808060495
247,123.16161695536445
248,6.273714075210812
249,5.970969959858588
250,71.17461770218341
251,49.1923488328987
252,186.02966727030292
253,7.777906159236139
254,183.26420648262035
255,-45.57817731918736
256,5.698075832414025
257,2.147390713013332
258,64.22097274021064
259,258.67683214673406
260,2.531751479037789
261,5.627611401857407
262,6.346357233778024
263,-42.927430004622394
264,3.6730331649223187
265,3.773934987006082
266,2.0996509721838574
267,3.266038879205054
268,1.931835210308332
269,192.13139033597736
270,3.1105370986708656
271,129.55983927706401
272,79.61862025790526
273,4.620424903615456
274,4.642977036917595
275,324.37823349038695
276,183.83553671348886
277,207.07498188502143
278,-60.82994214045877
279,4.290344119400114
280,191.52637996001383
281,5.272286358541712
282,188.79478929041397
283,197.98886876945537
284,144.23687042606673
285,243.47021465700755
286,136.59375412561775
287,233.58175468511843
288,6.16383287617154
289,126.24529786607889
290,4.589104560070376
291,102.59383686076893
292,4.017409471089207
293,80.26911727665343
294,122.67834474604126
295,5.911104549418445
296,108.90148320667416
297,50.571847379977704
298,-39.33260407578149
299,200.75467333401684
300,5.885096484301259
301,4.382133228916306
302,5.0409193632946305
303,4.3047029436601525
304,3.935873260544266
305,4.769332487016191
306,252.44972784757567
307,3.7481636410972223
308,3.1897551144344667
309,78.6631508453041
310,2.2668182327736184
311,2.3141570692818836
312,3.8021495941366874
313,161.6561232232836
314,3.9988271289333985
315,0.40052606602908264
316,1.2524587346288185
317,3.701636909851933
318,4.044931580482492
319,34.56939846596273
320,1.8693863020733008
321,6.259162686643153
322,3.258330925298498
323,1.8129679126181748
324,2.4936681127944778
325,4.522530861089053
326,4.992005468743553
327,50.16758311776328
328,3.645181219761936
329,83.86201476544784
330,51.9911752614214
331,48.80666420740026
332,5.5168266053088555
333,2.529470678427489
334,6.735744404213035
335,153.9043860472635
336,3.7245595337945083
337,2.3887593389121107
338,143.50836641480709
339,28.49181868550303
340,294.8423358135119
341,134.96306241756002
342,53.623314853133884
343,3.7007970887055297
344,2.408680602554291
345,123.52407422604894
346,2.732629876676445
347,4.668581653532334
348,63.0490683310919
349,-49.059270638220724
350,92.28314954338603
351,244.99576373175012
352,34.77059929380735
353,1.3384577310503127
354,5.972912355640256
355,318.7817069061025
356,223.16064573071657
357,3.3143232076534996
358,20.559041944728175
359,4.306354598031335
360,136.09755630339265
361,4.9889237460584095
362,5.306345586351062
363,-7.010305674113145
364,4.20717677067752
365,5.521588067088856
366,68.53895564252963
367,4.818031626794003
368,236.74776434967757
369,5.836797569062902
370,-32.664970734496336
371,255.02036321947094
372,41.5048341267974
373,144.63295171671183
374,-8.149084532268182
375,96.82105442388567
376,2.8955460450882544
377,2.73418443755967
378,3.684557476439657
379,2.8506408492615227
380,0.5966203490777653
381,6.107673597694313
382,6.271059564749918
383,130.0563490638891
384,1.79403600036615
385,3.6513406781154707
386,270.6480903998327
387,2.257915202641722
388,3.729196700844978
389,64.13084050516326
390,4.5877037726245575
391,163.19069615587867
392,6.3149881378786015
393,3.8249080987053206
394,310.49035421582676
395,198.89352082403275
396,2.750076216818499
397,1.7589746820852181
398,6.094067184585908
399,213.59320653364733
400,231.36849528614079
401,1.6376437559125108
402,6.335796770542419
403,5.719342544141338
404,5.621795805273161
405,13.549138262212912
406,7.7290525651613375
407,-59.35188782595923
408,4.2893691041784265
409,3.4171159598591987
410,3.9045282197214757
411,2.8528215952597793
412,-26.679692340296654
413,329.5366890495708
414,5.856485965648744
415,32.562322804446325
416,3.320088313406528
417,6.722236082564523
418,5.773643270357171
419,5.653274962996904
420,4.670580461965138
421,152.65387860020536
422,158.90158010755928
423,124.50839688538065
424,164.77120995060997
425,5.662156965407155
426,262.32154576146183
427,3.221482206499626
428,225.11565694452747
429,2.331386683318404
430,4.394808910577238
431,269.9239484807426
432,143.25361334524985
433,8.867958652467228
434,6.280774398668094
435,50.13123464784853
436,236.41113797427568
437,209.12198784746852
438,177.01582225096837
439,5.779451678058118
440,265.797531370583
441,202.0903219375636
442,121.058746436605
443,322.43700444477145
444,5.406251235941529
445,6.1634529385748955
446,63.49033957857401
447,1.2415316920879071
448,6.290862887902977
449,316.38599839863775
450,275.406742814994
451,154.00939834943526
452,233.45941173529116
453,1.8837427341908695
454,4.13022414431357
455,129.05128097923944
456,3.1385762998587268
457,4.9212905149642
458,266.5582521554786
459,65.64839610370433
460,26.024844460945168
461,119.7927379417163
462,6.071984493632792
463,191.87020828015707
464,5.113093060338653
465,149.46607896407903
466,73.51494440709384
467,2.3320487271792447
468,5.439671981337683
469,31.485671185160435
470,24.662098134467378
471,1.816351885629699
472,1.9206190655402593
473,62.616555568286685
474,5.990859288250066
475,127.71509982961132
476,6.472033735994552
477,1.7893337596121714
478,4.438616602374935
479,213.59521781488309
480,4.942814707657768
481,5.649640553654258
482,233.38399265194826
483,1.7248251634902494
484,202.8839032414998
485,106.34558909927418
486,4.580984992267313
487,2.5216005990481296
488,203.15099545122138
489,2.7803449191295173
490,4.815369405865784
491,6.342425011508006
492,3.829004130594578
493,3.3521297705990385
494,234.9235960770955
495,5.815813943242418
496,200.652448573083
497,5.6253313689691105
498,5.977420545635857
499,5.814007534079399
500,7.613453837325407
501,3.2249930032231853
502,324.66875435338
503,114.26794854743548
504,-9.687263438027875
505,2.0600210143680027
506,6.497337455557882
507,326.67848551736927
508,81.03476864485677
509,278.1904812292088
510,4.288515785045558
511,100.59871840336972
512,207.1756809194937
513,207.85925245320297
514,336.4750655175143
515,237.83696234091798
516,232.57075202695512
517,292.12266610762845
518,7.071381326614304
519,35.32493753467953
520,312.37938658814267
521,1.7984123445487097
522,3.9068439663028496
523,229.26937426466367
524,4.402149388664748
525,169.34076220873567
526,5.741521739323545
527,4.93534320804607
528,4.420331042795796
529,6.385029830949876
530,249.766712604728
531,95.54827068015437
532,3.878255832501903
533,60.32244446201938
534,4.207952834035584
535,6.844643656371663
536,5.970645164480294
537,1.5559428441025969
538,5.202362932893929
539,269.44057447860183
540,279.89260231674
541,256.1459071318657
542,67.474182698668
543,102.46840176865418
544,4.913326092342645
545,4.190955622665362
546,4.024764221244373
547,2.0290895173596515
548,324.73668164143083
549,5.779551182824007
550,244.7381156700581
551,5.967877066196693
552,115.31815803077407
553,3.6726028774624577
554,68.20864940463923
555,95.442455377087
556,245.85791523284837
557,198.3452645662087
558,5.413461150802221
559,5.669103836753095
560,142.48880995826957
561,94.85988279073061
562,176.2917738398436
563,2.9652529905420373
564,16.583322336570472
565,152.39606244340723
566,2.4302137392448633
567,46.61498250483967
568,112.72884978105873
569,313.9624196206372
570,4.065205631224378
571,209.3776264824682
572,3.245726761671243
573,81.53015079968344
574,117.04471254948142
575,7.442682249409852
576,1.8205207377180128
577,2.9494314557392904
578,174.083062936469
579,1.5685421157531665
580,281.9690170717986
581,63.265627677965256
582,81.10825588679359
583,5.374482284750957
584,2.9808020694680697
585,152.76100540774098
586,5.062793458685984
587,219.59951927657107
588,3.1096384647849766
589,190.34356078727552
590,303.79255813440136
591,148.85796371268933
592,6.901076853848762
593,237.37286414229936
594,289.14862114311916
595,38.54783292812353
596,5.331258561057565
597,118.98830421492958
598,2.5677719832726877
599,74.11735695861788
600,146.63024511619716
601,145.52284133048485
602,39.37187682633366
603,2.1098480501799464
604,245.57894012465124
605,2.415593121709999
606,2.844694323051058
607,6.6492045771656425
608,51.17150251718396
609,266.8347347971146
610,47.945542688881936
611,58.78610591019246
612,-4.0761195847887945
613,37.384260449407265
614,50.43366316983082
615,1.8895397818659494
616,178.6229281820988
617,-52.668183327191855
618,232.04033663720003
619,4.792161715513941
620,5.8835648392441975
621,174.0456909813824
622,103.78360286585016
623,188.9064402853678
624,196.21803900689798
625,2.457307776598142
626,1.564896573792559
627,61.10254251100902
628,4.396274857157609
629,227.60621194862358
630,4.349232703889627
631,2.199740407752272
632,205.78316962701678
633,156.75285086670232
634,215.40738568223466
635,2.392496065825495
636,112.71117324464653
637,113.25357006058583
638,6.680656364933333
639,51.29255612152532
640,115.102141267429
641,6.850574353498191
642,3.1880316266192508
643,282.9039175046157
644,3.6315490342914964
645,86.15877287692174
646,72.17631259354226
647,189.35509940383395
648,272.34418768571317
649,373.0168711575079
650,328.4250235494402
651,109.90323737448479
652,64.01770905529138
653,3.249824171210828
654,196.50827118617468
655,-18.768934703279257
656,220.9473337470123
657,185.6819187017091
658,280.3823426232891
659,1.87707379394733
660,116.74316455364868
661,4.119535302946903
662,125.69512990584388
663,3.5018129131489175
664,-46.39275188068389
665,96.2620164318179
666,157.10956991161657
667,235.66415014046518
668,352.74461877992763
669,176.64588113148446
670,196.9323115347254
671,118.26531207758308
672,81.97606019529093
673,3.9177240664172146
674,5.37522604259847
675,5.7416913829092735
676,5.218671443314703
677,0.20087979695072455
678,188.654489341805
679,4.877199987986739
680,2.9378200579524587
681,1.931223205795236
682,73.55326803720943
683,5.866217333354191
684,178.73458523996544
685,219.57723076895542
686,6.0380258127277155
687,360.01089102240246
688,75.01802799717358
689,85.9552550228724
690,340.8178201832078
691,3.7318663380007515
692,79.83048669820806
693,5.0182042111857275
694,6.517069136076431
695,-8.030654989907857
696,309.9405312820428
697,0.9190291740233617
698,230.05560594948838
699,1.8200396274995478
700,253.3061891906397
701,3.6116533305564325
702,4.869597181851342
703,61.60906220715195
704,77.11828771897846
705,157.15437542351518
706,226.95445989241722
707,182.69979192647207
708,66.24335665407074
709,87.40183941240642
710,214.67049843078576
711,245.22054969302883
712,6.668054891066561
713,31.556806792673058
714,6.583401429364345
715,241.16918781293074
716,2.8501414087551353
717,85.83505000205768
718,352.7805827520395
719,199.86637718108577
720,4.630483802089412
721,144.23080969926627
722,2.370031718023233
723,6.383742644455005
724,3.019690232009184
725,2.687199920103261
726,110.16467630120903
727,244.590068659326
728,43.21700994155741
729,55.17649480912871
730,50.425238598320355
731,281.46019706412415
732,4.46242420220775
733,6.461709565631804
734,24.751695706368977
735,252.4695175136379
736,52.42532670365219
737,52.02362777429276
738,122.73304558753256
739,331.353104354376
740,133.9547602684961
741,32.26801141663445
742,276.5425692822195
743,140.45764623088837
744,1.5975724268867484
745,284.6988855218539
746,180.83255343025712
747,3.5470675904276723
748,63.11407059889822
749,66.16979999503607
750,204.30295536729213
751,59.273345151919514
752,234.95539529830398
753,2.0099654070210256
754,254.19997030890642
755,5.794071791357064
756,6.036518245630363
757,187.74999741667995
758,2.553619604641888
759,70.95986535904538
760,1.8019605130955965
761,207.7695042860833
762,5.0319490107938885
763,2.088766389132591
764,92.46718857129277
765,4.668612699763471
766,27.748584809443464
767,1.114085723459974
768,5.037494308696655
769,5.858834165829249
770,1.9558140619918105
771,259.0297239033218
772,78.83542662367694
773,123.32039430194524
774,-11.526507699498918
775,53.63240644483726
776,4.176815525090076
777,264.02837467542093
778,-16.94279116698162
779,148.59507522005018
780,77.79053147233563
781,317.0044237009988
782,3.6015364276754243
783,47.990979031568614
784,2.7875323428729466
785,55.282487891889296
786,126.20734719235006
787,5.44995992816663
788,1.8854142543628458
789,184.3713913830818
790,61.019702334724485
791,-6.809529427308597
792,84.82655690455725
793,-69.43921400281106
794,320.9089235760456
795,-51.66568673243117
796,127.41714003577789
797,3.5415742590982737
798,65.25388235979467
799,3.3852612255352126
800,5.918454016324194
801,214.949400309745
802,73.61767579544201
803,143.2206862163729
804,6.727385752085869
805,2.143978927120937
806,160.54706664274534
807,2.7173608358748034
808,63.198740339985214
809,1.6145007961016806
810,51.300671467265516
811,257.4210524075755
812,114.90338630216257
813,288.47734203039187
814,5.846022871564376
815,4.6394217731612395
816,6.977032387406037
817,3.192909895300768
818,7.80400115616587
819,5.191111861273044
820,71.00034899331247
821,5.872910787906061
822,2.0340628594756094
823,45.327516641061735
824,68.17500253538351
825,7.010612290957715
826,71.47396175306861
827,4.027686513221823
828,6.124017952560756
829,48.7762445547935
830,158.69788363707585
831,113.84990499821393
832,6.12155163666321
833,249.39880319647688
834,194.76589982982887
835,156.61221733944473
836,2.1203332133125405
837,83.69816545063509
838,139.91431559974342
839,5.985330982963527
840,205.44346931443403
841,144.38971187289002
842,52.8254182774781
843,2.5342320733569874
844,2.8866201811689916
845,5.325509098079232
846,6.423221395645072
847,5.454856498478355
848,172.8305752928879
849,6.191435844420541
850,82.97825939086194
851,19.478700064982654
852,34.985973784996574
853,96.65075009144124
854,62.987200933388706
855,7.335407046860541
856,227.68048127944266
857,79.85081145603723
858,82.05157850224771
859,225.31786675532842
860,2.086447359917985
861,3.5237211488207905
862,2.8738451584797478
863,101.27974293405703
864,248.72679155960452
865,265.81924945478346
866,199.75381544579943
867,5.01814746091166
868,113.6265301490632
869,167.06080289899893
870,127.96893223239533
871,150.60869971482353
872,143.75149631751344
873,2.967801601188513
874,93.21089566733755
875,6.211559002289179
876,111.27973491039896
877,46.236023528393375
878,181.41646937739586
879,5.474041338724126
880,6.779195243355764
881,156.38094091685593
882,5.862422561454576
883,239.43833867658873
884,5.880692377831494
885,182.67097940943353
886,53.94118223074487
887,2.4885111373577518
888,2.1137672246090307
889,275.92097848163553
890,4.227233377772408
891,2.682118631627203
892,57.2193274104141
893,4.893115567877386
894,-11.549868270773338
895,3.4780758741270845
896,212.373058468958
897,2.583860218017809
898,227.0339203361076
899,-55.741622560659806
900,243.3716537867669
901,3.9449428803530324
902,202.53796861179703
903,4.986006488704666
904,122.96462909757574
905,1.9409737379114798
906,1.090629351227358
907,202.70051736281073
908,16.201680988792603
909,75.32292487365143
910,2.303040243495209
911,6.639462293368982
912,275.5231551172679
913,155.3419605855973
914,276.030804723936
915,129.32541532095976
916,119.29719387089689
917,4.113102906312857
918,2.28277053589559
919,2.740350100294634
920,386.5017346085124
921,116.31885956787106
922,198.80828256020845
923,2.419275714352098
924,118.58804101758753
925,192.242164460337
926,54.62543935637094
927,56.12618548614692
928,5.144688890785225
929,39.08747221601213
930,26.10279977235197
931,206.80747717796848
932,181.5647534345411
933,5.427910357016243
934,2.079818182846757
935,188.48946776429256
936,41.25828026938702
937,3.730986467201589
938,4.529956315893568
939,73.26673044772195
940,1.527859359617918
941,5.82931766980124
942,4.868293224120505
943,121.52417506266198
944,4.578474454379711
945,2.0064498353091604
946,57.810817961830956
947,27.475769260332804
948,56.58077307000853
949,232.69569862742634
950,351.34838324350903
951,11.319433927390273
952,-14.32147806827236
953,6.246331015607105
954,257.15623803819375
955,198.4976592388865
956,144.45079915099828
957,2.6098211642746665
958,2.876169385492127
959,206.5780762644423
960,52.61133020594747
961,162.63175312800564
962,3.2813971796517905
963,6.307915126292663
964,5.005754229751502
965,6.2853160494799925
966,3.3421027512130888
967,43.22443539139405
968,173.80711428341624
969,194.0131539202138
970,6.3065633074682665
971,369.3045495546675
972,5.310419683092778
973,107.54161781503346
974,5.609499112907148
975,3.7937773555001737
976,5.203930109581563
977,196.61586593145955
978,297.2879838694439
979,1.8944623173651425
980,1.8618202385334417
981,20.705334322245665
982,41.48171796802808
983,306.5674446135008
984,320.08474041510743
985,267.6655893587505
986,106.08252938268583
987,2.945991842130349
988,243.34989266519966
989,356.15817457204514
990,58.25956730869382
991,4.092104983319532
992,312.21364032346276
993,173.84263128669227
994,3.5419687956103534
995,-8.774905774853746
996,-6.042831428607663
997,2.0626744931715155
998,41.99440823645699
999,62.8763142891964
1000,-18.25055492799195
1001,281.1081409033413
1002,148.33918000271183
1003,5.366428762595687
1004,1.2112613223931983
1005,1.9262084984385437
1006,3.8260601510903074
1007,154.6923794553857
1008,1.9752178974988273
1009,6.359230273046482
1010,4.11620633656313
1011,261.9844581308409
1012,13.880733228145642
1013,200.88354399841558
1014,45.44917179803129
1015,238.8608969030491
1016,6.554121437474361
1017,5.05383789169252
1018,3.5691183266681916
1019,6.550621767084328
1020,4.486839335514958
1021,122.45294110801427
1022,85.29832000122514
1023,190.77725846674497
1024,185.920355645624
1025,5.2847644559950595
1026,4.228143180221331
1027,4.9664081238549205
1028,89.20118168225136
1029,3.815105696869707
1030,39.39806270409998
1031,282.1342873882917
1032,3.059048685161284
1033,2.2592183978317784
1034,245.26524605930058
1035,1.4234863182689008
1036,247.7589382514825
1037,6.9786277058466
1038,48.765185390194226
1039,3.582534782480972
1040,-28.548107023541583
1041,3.294736728306396
1042,3.2791309141793183
1043,3.574999484947135
1044,340.81871805373896
1045,136.7683339026338
1046,31.373663396695875
1047,224.57141186118815
1048,1.8416374023090372
1049,2.7199951604811634
1050,6.340758690836536
1051,56.557129502296355
1052,176.59420896278675
1053,254.56992573627414
1054,6.402413484345537
1055,42.61938787563638
1056,34.376868609222285
1057,4.330323204048932
1058,2.9299479970811633
1059,2.9353374172015823
1060,89.23227303692579
1061,3.7548984672358547
1062,6.014217629199196
1063,295.69508551254864
1064,266.6919029105823
1065,83.51122554726729
1066,271.3832552144984
1067,265.02277873316734
1068,6.19256797686437
1069,4.411700649825887
1070,316.82387053119703
1071,185.27257800666916
1072,5.208974639659216
1073,4.018831155626554
1074,6.28501126673879
1075,4.62490051102318
1076,294.73090564391316
1077,6.285827290081829
1078,154.59704231953398
1079,2.9425487389064466
1080,2.6344189057432175
1081,5.834506514844037
1082,4.3028818188662985
1083,3.3181087970624175
1084,6.13422194561058
1085,123.88472462147365
1086,165.92750116006437
1087,48.29100389726385
1088,261.88383005125905
1089,8.43546605986806
1090,152.25287878972986
1091,252.10413454044328
1092,5.864920148791521
1093,4.477208051545063
1094,6.598907861929568
1095,3.7623866663973704
1096,2.871097981710914
1097,4.921537132560846
1098,80.4724321650178
1099,114.7267144147495
1100,5.459598831900795
1101,4.704688285678458
1102,6.299890102434907
1103,263.0649479394667
1104,4.620999394892786
1105,106.61649080919085
1106,5.799322375511686
1107,6.199759306108609
1108,8.881232006746021
1109,96.87541569200687
1110,78.89666018513154
1111,3.184933985588153
1112,213.2665505518232
1113,2.765526455052856
1114,180.47980028249884
1115,-6.48317710254701
1116,5.409813607783701
1117,288.838718072656
1118,281.97399557641006
1119,4.797741968220962
1120,53.91329523449764
1121,8.808139279834364
1122,241.0352949937512
1123,3.4867121377174604
1124,187.7046603899521
1125,2.6936439399500287
1126,70.3865173343884
1127,5.989275851101855
1128,-46.46079020675235
1129,144.57009668019128
1130,6.606569131313641
1131,33.818875905475366
1132,4.822844088995684
1133,-60.13706952306544
1134,199.4602869325302
1135,202.88262400074703
1136,-54.2380737388319
1137,3.9828164775070922
1138,53.12708353563453
1139,110.50774906506544
1140,115.71105078610853
1141,218.16663949537875
1142,139.19950109098642
1143,26.836349891129714
1144,-45.511315725208554
1145,120.76566617710053
1146,69.4624931080017
1147,4.427947585934498
1148,68.76403135903581
1149,34.22659699558535
1150,4.307057180259444
1151,1.2347340116246235
1152,3.4916391978937398
1153,4.372653225325276
1154,33.94986695640373
1155,170.18192647836153
1156,6.614524392573243
1157,80.89069322890322
1158,208.44578970772477
1159,108.84484856966397
1160,76.09719153448299
1161,1.7271153146862985
1162,5.663449242947987
1163,5.465158232964637
1164,4.916654254052946
1165,201.6004075636824
1166,35.07457602333193
1167,-28.763981980857064
1168,5.160355522205167
1169,176.5754761201706
1170,5.001008947021531
1171,4.277739514321849
1172,-28.30245196471772
1173,3.95114809152392
1174,193.1397353224022
1175,-50.242467840544954
1176,246.74270862640867
1177,2.259338349969765
1178,145.349536224549
1179,2.7600677492876353
1180,2.7090475310408584
1181,2.1565242739790413
1182,129.5721743779344
1183,7.275987557354284
1184,4.16900918845738
1185,279.43202098353095
1186,134.01639243225202
1187,4.130058832862539
1188,2.8680998198826773
1189,119.639026526283
1190,3.3436923292846963
1191,2.942884648925933
1192,4.954332074509109
1193,192.94638043657676
1194,5.497161529435456
1195,2.098841366535541
1196,267.02623450044337
1197,75.16477510623508
1198,3.0479114586119542
1199,254.8390512430231
1200,42.56203497070567
1201,228.32222482327904
1202,85.06526067961487
1203,3.516116306823159
1204,175.57657808727203
1205,1.860788473615325
1206,161.842442645569
1207,129.3406786978459
1208,238.6842096205254
1209,247.91200489199377
1210,200.53016214734558
1211,214.25110883221788
1212,6.137460127469028
1213,3.6944905210399317
1214,199.94149991002735
1215,120.97604614349552
1216,232.56191187465782
1217,182.2376434600726
1218,-37.05442113133607
1219,6.109879540777426
1220,5.721780098890049
1221,253.1832215794244
1222,6.184575731986314
1223,2.4917240149814344
1224,2.7780369536158003
1225,124.83387276577524
1226,1.3773428193050994
1227,4.679474467808794
1228,2.4185948377756805
1229,37.43693828213293
1230,112.06703393020975
1231,229.9731407950155
1232,1.8232077282944288
1233,-38.40895282856445
1234,3.1525263446738316
1235,14.779640873300576
1236,260.75111343556756
1237,4.197812577958807
1238,2.2155536773780002
1239,1.3318365752690406
1240,41.09273057594666
1241,2.082482536673718
1242,4.325444191671676
1243,5.406652392772866
1244,187.08836009921046
1245,3.890452578254048
1246,254.06982713781272
1247,5.405297285031307
1248,118.70356114118914
1249,148.77015160877664
1250,7.4770144801553995
1251,39.672801036752105
1252,5.608662488749603
1253,4.045140359778195
1254,4.190275031081098
1255,32.943479843497215
1256,72.01756855608588
1257,134.79386304707305
1258,273.726435159254
1259,51.02407547979111
1260,259.4274930330989
1261,5.702319008863394
1262,5.505537215431357
1263,188.86391787589986
1264,1.9283791066827043
1265,11.731119663693198
1266,130.52679039815402
1267,2.378408839124287
1268,6.495177195321771
1269,256.9173932129707
1270,-55.02240200231907
1271,225.19732854146451
1272,54.62543935637094
1273,28.577911515961205
1274,222.40872850455395
1275,156.90367191624495
1276,38.34550734820211
1277,4.074196535365293
1278,1.662803774255046
1279,3.9257391759768905
1280,-62.23446400810086
1281,3.5053926113310245
1282,72.49398505311079
1283,157.44584514430204
1284,3.01479006496069
1285,-54.057429186154096
1286,2.4295521590168945
1287,49.05092464440723
1288,145.04056676417815
1289,4.496294098195173
1290,224.26165764707667
1291,3.2777207992109063
1292,48.66865136949983
1293,103.32138510864448
1294,259.7984798666623
1295,175.01725973487316
1296,6.162481246296934
1297,46.632614086545544
1298,-7.1100772657730005
1299,5.007130124917486
1300,167.06374295480924
1301,225.079403917075
1302,202.36119481498167
1303,6.3469119393905045
1304,3.546538955613726
1305,5.2184079726710335
1306,56.96856762802173
1307,155.7123548694666
1308,1.8833510249728782
1309,4.834270733895108
1310,338.19633346290675
1311,2.7467184052139366
1312,6.885648957791965
1313,37.51298167113481
1314,200.4182627094824
1315,164.95277416701572
1316,268.2177611831506
1317,65.63197617918543
1318,2.084971611795006
1319,201.635491068646
1320,239.40434627192974
1321,11.290384435611962
1322,53.26894754568853
1323,270.42502330901993
1324,241.0595593525402
1325,47.086329983278326
1326,61.516843003408894
1327,241.82840190014718
1328,3.1985004073052172
1329,6.108929016032409
1330,125.30720257653024
1331,-13.438840845153667
1332,308.1055921550352
1333,1.2422016286131186
1334,345.41784239991523
1335,1.8801267934526966
1336,89.50415203337133
1337,33.67073900816557
1338,243.90517631017366
1339,6.76432678299893
1340,199.9143254759286
1341,244.27822717609462
1342,186.87440407422133
1343,48.47052811704625
1344,115.22576992456119
1345,3.0290305982413543
1346,54.22485433234226
1347,88.15113942520622
1348,2.8205484189123338
1349,197.5980289049308
1350,46.31850149462129
1351,227.83439689155642
1352,2.725918062047168
1353,17.88935480830132
1354,4.655982065396821
1355,5.924324581657016
1356,3.5621830891900443
1357,5.621663661492253
1358,6.675661086385954
1359,1.6534850330121944
1360,306.1050136715678
1361,4.422420657056886
1362,6.434934486397802
1363,68.98997050459698
1364,3.260966570202558
1365,5.862301417564122
1366,6.552216649786291
1367,5.86463215291816
1368,9.760676025932977
1369,184.5847808329636
1370,291.5715933353172
1371,218.4343381613139
1372,30.450512359349712
1373,3.4601582145647347
1374,205.3819118498779
1375,162.5723121925535
1376,5.163236422705392
1377,4.897531603879427
1378,106.71398642904376
1379,91.82021839238672
1380,107.68921704360356
1381,240.7805100065479
1382,91.58094945239644
1383,59.14176836434399
1384,-9.069096661301344
1385,153.49992733521913
1386,2.4592017286519656
1387,75.50222585484582
1388,1.662393011262087
1389,222.6546192053595
1390,169.78994521633587
1391,89.89576531195308
1392,48.91550716415621
1393,279.11753875285603
1394,-20.65812287106852
1395,43.34086555869705
1396,181.65851846016045
1397,5.498126927073414
1398,196.32514497922904
1399,1.4786403865737978
1400,76.43638263842132
1401,319.7725287397451
1402,50.49821970732775
1403,295.1044752221718
1404,96.62075048026604
1405,117.14721037213172
1406,1.947653472636576
1407,113.8237736756765
1408,7.7147538540376885
1409,3.5850238740134373
1410,244.1256781378633
1411,252.7259076580051
1412,-39.32517430825982
1413,123.98449757805298
1414,254.61045117269185
1415,2.1110704426465787
1416,2.761463246536173
1417,4.283532885213877
1418,314.92423363036045
1419,143.62252353092924
1420,4.4983762364096815
1421,38.4753690772414
1422,6.702707840488163
1423,3.1926215938699296
1424,5.539976829583982
1425,2.227412909426393
1426,-16.388436784417337
1427,3.7232683057210147
1428,4.714705160005089
1429,3.1294734884409836
1430,3.8467168924265582
1431,6.3724886021188105
1432,194.05595777265648
1433,2.8992869745550025
1434,6.395879501374887
1435,4.593301038582102
1436,-54.8697970033128
1437,184.72710024110336
1438,138.0485315353567
1439,6.375756625520433
1440,2.740643934222069
1441,120.76609797153773
1442,179.53425430148465
1443,43.937072993430114
1444,5.728226241904787
1445,54.4254468888984
1446,273.68214178260234
1447,248.12528994928482
1448,-17.179125222893276
1449,5.87430414668747
1450,276.8864787047251
1451,138.24706084728786
1452,5.377860328208931
1453,5.598654737433946
1454,174.52317635696596
1455,70.04706051357536
1456,-2.7689364989948713
1457,7.889853289217231
1458,4.822766140783224
1459,298.2958424697563
1460,335.4583561263696
1461,166.89187712614836
1462,-6.919255060081094
1463,80.82434144029989
1464,5.846022736536572
1465,2.968810606488597
1466,236.1680076746876
1467,5.686513795098845
1468,5.357942237739284
1469,33.33423693192205
1470,3.8425876993274084
1471,39.5109832383597
1472,6.755854126184561
1473,1.953300074909348
1474,239.9291244421815
1475,91.57320006431928
1476,6.643621058701329
1477,2.433982585969442
1478,138.19809654406643
1479,5.085308531497541
1480,114.3604859569263
1481,5.9049165897022
1482,163.6763648630981
1483,6.128700423248458
1484,250.53257868308535
1485,180.8983963168945
1486,6.6259261960520615
1487,3.6122072794994367
1488,89.21922948290845
1489,-26.568338061150527
1490,95.21746876205205
1491,3.6921522039127552
1492,2.0476166140349275
1493,7.450864237729129
1494,5.491554890310587
1495,27.839645686281266
1496,7.638764736330256
1497,66.19196929719061
1498,5.73004478579907
1499,81.47997240691717
1500,7.0951106683867184
1501,5.872381858519724
1502,111.38878932731359
1503,5.734836418101627
1504,2.0704466748450825
1505,4.70149923342205
1506,180.59149074642428
1507,35.95766297356055
1508,86.04188329885942
1509,59.59561616548315
1510,3.2112668652768903
1511,-20.162142725748662
1512,60.680629881732244
1513,5.122172314310834
1514,249.19619573427812
1515,30.32670473148338
1516,2.858006405771148
1517,341.9671922335717
1518,4.302332853546819
1519,240.50591377946927
1520,5.121476687038227
1521,34.8569780679434
1522,4.966295787887961
1523,2.9978029610755126
1524,129.5371280253826
1525,-30.778704671629157
1526,2.5096776186541283
1527,5.366851543226199
1528,2.5545509399897437
1529,216.075633062338
1530,276.6824716895621
1531,3.676758623537701
1532,5.919163869524069
1533,3.829809149984623
1534,10.725915754887303
1535,75.78586905764962
1536,5.945521367315273
1537,2.5971581043649286
1538,290.811255068682
1539,154.1832902162583
1540,2.1359522514079727
1541,118.47119002834143
1542,3.336422033454827
1543,21.817024359654205
1544,7.901216665265043
1545,3.5720169178197985
1546,4.4572311403808245
1547,-37.9974982183771
1548,199.9176729866452
1549,46.65419806358024
1550,3.775608541429846
1551,2.311902122213767
1552,236.5224314807183
1553,6.0505050822464765
1554,281.01157706642607
1555,135.126560849648
1556,3.8006077861926046
1557,13.40207999951596
1558,3.6893145726033634
1559,240.23096171836403
1560,206.36165151273332
1561,193.49430577315826
1562,244.86276960726542
1563,97.85322713471118
1564,3.2730550122877196
1565,92.4568948750281
1566,3.732566055767789
1567,20.56562984447103
1568,105.41636221160714
1569,16.96833991938847
1570,292.1893060527542
1571,2.884204275948006
1572,80.46246040304197
1573,2.283490763854729
1574,5.004259265611832
1575,5.7288769189697355
1576,3.9677674620907117
1577,5.544294002694849
1578,86.76713888106389
1579,5.108533177095541
1580,180.71713218365534
1581,272.270031281832
1582,6.748538641111047
1583,295.0430944262827
1584,311.5123471758028
1585,6.337216142126865
1586,4.859448865425293
1587,57.81741290875157
1588,299.2388761658908
1589,7.171513760556258
1590,6.009537996370115
1591,159.44215050963564
1592,7.1049291725651695
1593,124.71614066667703
1594,140.41963028343181
1595,128.76667319291028
1596,5.651856906409135
1597,56.26997732234184
1598,6.703250084031041
1599,3.745790443816375
1600,4.294956655557724
1601,2.728860695751823
1602,5.901903068373939
1603,284.42096025097715
1604,39.60350286154413
1605,124.79063689064891
1606,265.9052409995475
1607,-19.377501017918327
1608,3.43245821791324
1609,6.935905341752848
1610,4.192886640591688
1611,204.1266124444893
1612,82.72433569993271
1613,2.3394682417828605
1614,278.65965456485435
1615,5.755818919196372
1616,3.834345815144229
1617,185.33264648079478
1618,226.24417051932897
1619,26.036545575785993
1620,79.7523272982753
1621,2.632464851252579
1622,2.5818019019990373
1623,2.7421285535491347
1624,249.68220543002442
1625,58.34007073476289
1626,1.6377497504397749
1627,45.171212692673954
1628,3.5977537661150674
1629,206.068328677193
1630,138.90617733581496
1631,3.214645599231928
1632,300.4026110182284
1633,5.210775036472866
1634,15.566225884109429
1635,3.48468466949019
1636,4.864610908961466
1637,6.4766335478789605
1638,211.7739781137943
1639,52.390512093497634
1640,4.485978698707811
1641,317.12741203955824
1642,133.29202073285083
1643,194.3892592665682
1644,123.9265828126025
1645,179.38834186845816
1646,6.084101581348304
1647,6.629238055795943
1648,26.504140062909002
1649,4.390995620785045
1650,87.93670950342856
1651,6.480758053862607
1652,6.999883078623084
1653,231.20196385338187
1654,6.508500416652721
1655,294.83642946712234
1656,57.649449218747705
1657,1.279006099733236
1658,295.1609164671136
1659,2.1256614426908444
1660,-20.652677934310027
1661,6.688838699049125
1662,184.78382737140836
1663,5.8733505609816055
1664,122.1240418214467
1665,1.1871622202179597
1666,97.46046519957365
1667,-64.23863675165619
1668,245.54736603150803
1669,53.42148783863291
1670,2.0240474147702474
1671,2.2360933927452074
1672,5.478096877288453
1673,4.381146258965151
1674,147.92530132123358
1675,2.1379453118684486
1676,-58.09714654096904
1677,34.568876658008136
1678,-10.78464255992122
1679,236.6807240630902
1680,97.69137937856831
1681,1.3651682673029761
1682,3.167885748061111
1683,83.11157585689512
1684,14.089496896316831
1685,6.676297467432849
1686,139.82494880810117
1687,7.078154110899717
1688,179.41898144821107
1689,279.0194120953244
1690,3.1087692693834543
1691,3.7379692549954426
1692,4.097816417136421
1693,2.7958040016305574
1694,70.54412077038339
1695,239.45121403572512
1696,142.3135886555998
1697,2.039808332721271
1698,218.70928574750562
1699,182.79053008775486
1700,126.03389425218816
1701,269.6066987968046
1702,-56.772776282457464
1703,5.559351577301086
1704,5.565008513431135
1705,2.99765306988259
1706,99.3223490883469
1707,5.3585309667322
1708,74.89631421757119
1709,132.5519455340701
1710,6.434620772559686
1711,70.37714909641252
1712,1.8711134816104953
1713,5.932071089458502
1714,-38.33833535042122
1715,5.133017641166626
1716,2.2750313745325794
1717,43.967420309709226
1718,121.61863222396107
1719,28.80109997130089
1720,6.23586255488008
1721,237.55286445486075
1722,3.719036543434341
1723,141.58636274069687
1724,126.73275420993357
1725,4.012850185397383
1726,3.969648806250513
1727,256.7178704038173
1728,4.565625151420511
1729,3.6529933077197367
1730,40.148527912761594
1731,220.97521969781556
1732,4.709627628807996
1733,374.67747245181164
1734,271.20385645756454
1735,179.15235262637196
1736,3.276363977303501
1737,308.50109891754346
1738,284.5505263454377
1739,236.02569555450856
1740,95.97898403787643
1741,82.15846135815694
1742,235.75715751739114
1743,5.282093581068022
1744,115.6257092969141
1745,22.188791127963732
1746,3.593962412139735
1747,7.33880800187374
1748,199.5583602138251
1749,3.5629110679511626
1750,95.72764207028291
1751,37.85656093391076
1752,6.914736050676497
1753,6.011377227336567
1754,277.0380593116615
1755,225.41836417985968
1756,1.9143820686904287
1757,221.86946086292545
1758,330.2716612871096
1759,5.050855402734702
1760,306.0818834379275
1761,246.31499079059842
1762,24.68900578678114
1763,34.205306341204746
1764,5.211469459133275
1765,4.685126043213952
1766,221.53316060240002
1767,183.86700562270823
1768,5.623023500527802
1769,58.13073696538369
1770,72.56329771058745
1771,2.6166792044470384
1772,226.54495943931082
1773,275.56851051240596
1774,6.503604520132724
1775,289.7055481595661
1776,2.2329242935990496
1777,-1.650421889093767
1778,15.647790070726721
1779,-36.98029131029414
1780,118.45094168521521
1781,5.675435492363366
1782,185.5601625690712
1783,233.66594202505354
1784,4.019548867619996
1785,36.1521148880186
1786,3.017508799110347
1787,67.26468785712504
1788,5.242009265082519
1789,2.39918999576824
1790,25.69072944696327
1791,3.7461242102551946
1792,2.8896504455358256
1793,2.059999416352029
1794,169.55063655908563
1795,189.1692371893323
1796,262.89286146845564
1797,148.4958450894382
1798,6.572178549980707
1799,212.3247082699612
1800,119.34781638522904
1801,4.829885163623789
1802,2.2578027184375795
1803,136.12691673622152
1804,4.023911803267311
1805,173.71079380911223
1806,5.715904629311295
1807,286.39259887769265
1808,165.2667895942747
1809,66.4988894314589
1810,4.572586959457628
1811,2.7456324647371932
1812,32.7460273414744
1813,3.5968966075548146
1814,146.6558857337187
1815,233.26324645962148
1816,5.513940692969881
1817,106.51076485902735
1818,62.28984013804845
1819,234.76167912747076
1820,6.9051855523694305
1821,3.159825752240045
1822,281.51825027887924
1823,4.9646204263004075
1824,72.74354646365965
1825,2.414232662835485
1826,5.947526452246617
1827,4.800720985504929
1828,2.131146400631574
1829,193.89080243018697
1830,223.79805401833534
1831,6.755185778812339
1832,60.783297766209444
1833,3.12480067838012
1834,3.729086654021141
1835,104.96203623994971
1836,6.475588629485734
1837,6.087288489913028
1838,5.873350493467703
1839,120.97231476568136
1840,-2.3355073242655138
1841,-76.63376214126305
1842,245.886498127206
1843,176.20850353782566
1844,254.61045117269185
1845,150.8429750290074
1846,44.902288003634084
1847,276.8009887222988
1848,116.88109418302432
1849,3.7343861985143194
1850,5.738082196116297
1851,-68.1982997451972
1852,6.555364000470836
1853,86.25376692370247
1854,58.21374051282454
1855,5.379364666331973
1856,190.63131336401355
1857,2.5242721913952035
1858,4.991376079066253
1859,6.310474312473765
1860,5.803196544974871
1861,151.07784956733417
1862,6.328969123094802
1863,68.04653086929248
1864,68.33046187580604
1865,219.09916230883795
1866,109.96274361577338
1867,75.91249092578735
1868,277.37581522230846
1869,147.98083107093032
1870,3.4282284160987064
1871,253.8162765743317
1872,43.04296156564976
1873,2.8109798555327576
1874,23.170885380981318
1875,100.03131802861233
1876,3.3655250788165896
1877,2.2792370727414126
1878,62.14517469049424
1879,60.45297256524037
1880,249.94455362682584
1881,5.811275007606894
1882,101.02987865685829
1883,6.118027727104079
1884,74.17033874846084
1885,300.31108254085825
1886,271.7501581125727
1887,3.27103409893798
1888,194.8566399298839
1889,241.07841134083137
1890,2.329306998972991
1891,253.68748102824537
1892,213.82819275300338
1893,4.4587040687675765
1894,2.0031567609237264
1895,2.041906575503001
1896,5.915044625564649
1897,58.85504975450205
1898,-54.6085109097891
1899,3.0665309725795806
1900,5.87104691181321
1901,277.48436631893037
1902,233.57906964276975
1903,-56.29840960927422
1904,76.88182118095955
1905,71.68442593213524
1906,170.73182797806413
1907,6.736662100083775
1908,6.083238982330498
1909,120.1586755086849
1910,6.265867178335932
1911,4.941200705158457
1912,4.075075568404521
1913,73.05011158938106
1914,-17.6272634597653
1915,7.1943909560711745
1916,1.2447490460251762
1917,3.3570772619670772
1918,155.30640960560083
1919,4.783576509578326
1920,4.638883403754335
1921,73.16508907074154
1922,3.112607992628303
1923,6.504992773963647
1924,2.823043114148211
1925,4.42903567505609
1926,99.02070602384589
1927,137.1759789264042
1928,3.774913906961193
1929,47.990979031568614
1930,2.8076702605774466
1931,5.979279711686068
1932,4.666352367056464
1933,2.892327814732714
1934,253.76128862140087
1935,6.3031249586837355
1936,4.890941690664793
1937,37.54913019856248
1938,-23.40988360787298
1939,2.7230623648981167
1940,252.3296290682238
1941,3.1220441021702903
1942,238.9342164136428
1943,3.7080887400329567
1944,228.60243863878844
1945,291.7149365071635
1946,5.693055125430405
1947,88.83071708256944
1948,5.7673885872216974
1949,17.582402256300607
1950,24.336755317465688
1951,2.5350937316511883
1952,43.2691344480085
1953,396.25188333947665
1954,2.7596755207016956
1955,90.43033435969579
1956,1.9837778706836797
1957,126.97519499554406
1958,4.262875222381941
1959,173.00444758880667
1960,47.51748033794307
1961,1.035357543993803
1962,4.1602155581811795
1963,2.9381476231032373
1964,4.877734974818365
1965,100.73953354342942
1966,3.0744182958168302
1967,5.009723830442759
1968,272.8560786839786
1969,60.429260147096386
1970,5.669152724404337
1971,1.8529732805001358
1972,106.76651454287946
1973,-34.77459434546212
1974,2.822688232959341
1975,3.006176092722825
1976,310.57039710372794
1977,1.6543379339901036
1978,213.99877517595493
1979,89.40668768428401
1980,268.6339290144973
1981,188.9042758620622
1982,117.88177531123515
1983,68.98889424176849
1984,8.454314448456627
1985,4.84741204617238
1986,3.863686117336819
1987,6.17812007260075
1988,1.2104917203596446
1989,5.818627040853057
1990,4.932461019729926
1991,16.560016310898487
1992,4.303666264403077
1993,29.842701426427375
1994,1.936504341542295
1995,106.92883534122781
1996,3.766913304341642
1997,2.6059201674097174
1998,5.624526567687475
1999,319.2352060126768
2000,5.862301350050221
2001,285.77815510724906
2002,-62.67567225594201
2003,6.722236082564523
2004,337.1531030796991
2005,64.93672623591121
2006,4.941145703276847
2007,45.90271956444148
2008,226.16735229671997
2009,144.4612518351026
2010,314.31880735312916
2011,6.01741824005086
2012,174.14662992917903
2013,-36.175238945508596
2014,281.0235414617838
2015,204.13232287014569
2016,35.16859540725633
2017,2.6775218375386025
2018,89.30441249964383
2019,74.54111574591604
2020,6.737314736159212
2021,4.413520788271914
2022,185.42990904972038
2023,109.20962774797705
2024,2.7861125383871035
2025,4.097033797464914
2026,77.96668030229893
2027,5.911573019272325
2028,6.299175973771273
2029,48.56490182183101
2030,306.2924633478393
2031,92.45025984550801
2032,283.30253221183915
2033,227.44743726967846
2034,2.559937853539301
2035,57.26261742192768
2036,186.9961227395441
2037,5.300449260341776
2038,3.1919604085070667
2039,2.8930703101898576
2040,134.76449294128372
2041,228.8023813814372
2042,4.239658817677553
2043,189.7804057758866
2044,2.718872628722074
2045,93.18268908136042
2046,286.35303825179705
2047,5.313317828983765
2048,-25.22194871118078
2049,2.0102433182343473
2050,346.09535629226576
2051,3.750855643367201
2052,3.5537803597942723
2053,250.62509085485786
2054,4.632901203330272
2055,3.6808154485677997
2056,-46.68066542894708
2057,187.21331902794782
2058,-16.807432891622934
2059,5.138380206067019
2060,25.96217667680251
2061,2.3370735132036047
2062,190.92718163137886
2063,3.600464067280386
2064,3.6170918493936037
2065,3.697911252503079
2066,1.9670910866296707
2067,6.057984436897179
2068,3.073171071986436
2069,1.6956823653169302
2070,282.9845897644533
2071,299.2388761658908
2072,4.515760761802423
2073,205.55162643339384
2074,373.98230447739365
2075,246.26918974902253
2076,3.618134766605399
2077,2.7060943674791855
2078,3.961088987365352
2079,4.442562708632528
2080,2.432416860537275
2081,3.2129949811457625
2082,5.684733009984412
2083,37.81441226676085
2084,2.8836286313766726
2085,5.175013878095249
2086,108.668298666981
2087,94.64112323709082
2088,16.906176553050944
2089,84.49991271433011
2090,247.81309864195214
2091,195.16486273111317
2092,-93.49887965903378
2093,5.362909091913075
2094,3.8273420288019526
2095,103.19558793536353
2096,49.707026153220994
2097,112.43630709966831
2098,5.547162027723916
2099,-28.49378313990437
2100,19.479901707152173
2101,5.808215242742358
2102,6.925552655617139
2103,79.30027100488597
2104,62.16731604577657
2105,19.060819473856284
2106,315.18237841053315
2107,7.190288722554029
2108,6.924615110993482
2109,5.898611397431224
2110,240.54702848933306
2111,3.7884948388179183
2112,44.530118785926106
2113,91.64787788724715
2114,2.498640373901194
2115,48.031659420493085
2116,3.8402615379165335
2117,3.5490623527159224
2118,3.65380156879366
2119,113.31650552812542
2120,4.040806394605788
2121,192.83992222432124
2122,237.27097767040323
2123,2.9159987743187417
2124,1.6364953213993705
2125,4.84096320645488
2126,6.049712085684549
2127,55.996674671799504
2128,192.3450498920446
2129,1.76961220672592
2130,2.1262523722060473
2131,5.438054769365456
2132,6.007352682757327
2133,224.83229893074002
2134,50.05870720570676
2135,228.91492094878203
2136,29.740636720125078
2137,241.25504646021813
2138,3.2555893554434485
2139,64.1647584961793
2140,50.18644272427497
2141,52.54344729764745
2142,5.484789654826896
2143,-3.474430809072082
2144,165.54206269091435
2145,43.61493670400559
2146,4.280569237147034
2147,4.605662592687809
2148,91.05918392268005
2149,-57.66431834653592
2150,-0.6846518448550927
2151,59.00572516175008
2152,4.846443821880812
2153,3.3856165786378796
2154,1.8378790415780502
2155,2.3774103098103434
2156,5.873350493467703
2157,105.65848423279499
2158,3.8898960066191153
2159,324.35456016839146
2160,225.47332462983928
2161,316.1338394580711
2162,1.8954262021997088
2163,306.8657855951667
2164,6.418586262298993
2165,2.9623975458734755
2166,2.098228087592383
2167,26.90327128813903
2168,306.7672384154454
2169,2.211749568091324
2170,2.5856159391450535
2171,137.74344562898267
2172,5.431469406603835
2173,262.8976638635436
2174,260.8442492860797
2175,1.5935137384773137
2176,4.676095695121894
2177,-41.47388881565151
2178,4.231743190886818
2179,74.39689030106564
2180,276.35035750096176
2181,2.4433058813760966
2182,176.70656185306197
2183,191.46701587979612
2184,5.874304079173568
2185,1.9277332821018467
2186,2.971565002302448
2187,4.657861699842986
2188,250.23309931601
2189,245.40203406078248
2190,70.0491812760385
2191,2.639454963219933
2192,2.9778721257949847
2193,153.07975567310933
2194,3.4392671379072324
2195,4.937246176966574
2196,6.553774356852912
2197,1.98584630909804
2198,4.1702363864297585
2199,3.369347422665216
2200,1.7375118813940962
2201,3.971331139052257
2202,72.25712100548705
2203,2.5413141245269575
2204,1.9214253537973016
2205,83.05234720931972
2206,5.341892670586251
2207,175.8679886114964
2208,4.87357666149235
2209,31.188930288077145
2210,239.74410431274967
2211,1.7873485902394057
2212,4.359713287519436
2213,6.546273529619079
2214,92.39818731190752
2215,28.83781607805377
2216,76.06955432956036
2217,4.920114398634508
2218,38.31017741651564
2219,2.687372164600635
2220,5.520855123773528
2221,3.406004457179361
2222,-60.21900265086097
2223,210.28920164210172
2224,-27.786281874581043
2225,172.3956044911113
2226,-24.067434254460935
2227,60.949960794489094
2228,131.39221246292854
2229,186.95849551933622
2230,3.1544852607854468
2231,5.4919490064814385
2232,4.398131856678564
2233,262.4039741806023
2234,210.55059521703174
2235,216.1771114259716
2236,3.460968628883064
2237,3.296385033605902
2238,256.81577678238904
2239,95.09054135059839
2240,244.93993544190437
2241,2.7727651585170126
2242,252.76360781923088
2243,6.210531527267379
2244,96.59869661964761
2245,228.06672982217026
2246,128.88909346277936
2247,245.65995201325316
2248,6.196669987328142
2249,291.5101952410235
2250,141.24779953955766
2251,5.229542478970033
2252,240.36796230117645
2253,6.090092770767297
2254,190.61950524409673
2255,-92.91656110809339
2256,37.579915518299316
2257,1.863346956982525
2258,3.3207687088701214
2259,84.31603837589331
2260,6.536009935408922
2261,88.3431678874584
2262,2.2204142340617796
2263,69.53537416354435
2264,-20.10206264726187
2265,54.700135432068095
2266,2.4010871263145095
2267,2.9896953269427184
2268,5.753613015447599
2269,4.259599786768128
2270,8.563020379373066
2271,185.64821966255028
2272,47.06919481225139
2273,3.383292657612005
2274,6.100556624300902
2275,6.716157493224365
2276,4.585132881567216
2277,2.850318683629525
2278,1.2989931897359066
2279,5.869181869084112
2280,2.764035815344831
2281,190.57996183887838
2282,1.9922598442351762
2283,4.033137980552915
2284,232.50574171568834
2285,3.2490113984168656
2286,-24.910259375337795
2287,5.384442378721263
2288,3.324483358106784
2289,6.358015471792844
2290,-33.88001442302388
2291,50.06783063669354
2292,5.113010904273871
2293,1.9584042050143713
2294,1.8863385579602907
2295,2.6457431054392853
2296,4.932314116474556
2297,144.0257933849383
2298,-35.2975899195745
2299,42.18279385779065
2300,3.667299382970735
2301,5.727713680232162
2302,-94.67856374551855
2303,171.71665673087887
2304,5.3905983425396595
2305,49.21661523717776
2306,287.14183489817674
2307,27.162841321367544
2308,51.96465390726358
2309,5.964985691351723
2310,177.01582225096837
2311,-49.2415480065149
2312,69.7289514467794
2313,4.208734575136442
2314,4.629568691710049
2315,195.9644524956086
2316,7.391384851444326
2317,3.6486520402298845
2318,232.66011501953648
2319,6.573839013374688
2320,109.0966438652365
2321,3.509720476483109
2322,233.92305172881214
2323,173.9265741270412
2324,2.0028179477793144
2325,31.936370117227497
2326,3.3712307683784637
2327,110.86446663731708
2328,3.8683743148256267
2329,340.3654788960587
2330,181.15005135345814
2331,1.1140580387653112
2332,278.8017597717402
2333,-14.915310413441347
2334,2.474589492815008
2335,5.454317638724227
2336,43.67434138954941
2337,146.8319376905139
2338,185.7467662274338
2339,34.803515760052385
2340,47.034092472492944
2341,116.40199328871284
2342,2.6013650144656966
2343,6.165119593499599
2344,242.8599763069485
2345,5.89606907680981
2346,72.1368683986637
2347,136.08684964385964
2348,1.8061065168328243
2349,272.6932859326148
2350,50.45155358346237
2351,5.069363360028746
2352,4.932200387838345
2353,1.5748686616938286
2354,-20.144604913005324
2355,138.8301275196098
2356,3.77960636480244
2357,123.60952844988492
2358,6.310499334978713
2359,6.8606647286891675
2360,4.670419178401572
2361,5.872946247778268
2362,249.24344007919996
2363,4.284338469456043
2364,216.61322495338862
2365,93.71496760551568
2366,38.249701887418425
2367,29.208044216788778
2368,-62.1961367673394
2369,4.333274441586827
2370,228.43548905906
2371,34.18719305227501
2372,73.9367380892906
2373,1.9823932778892395
2374,-54.5938190102287
2375,1.999037123178733
2376,135.31600489923687
2377,109.31161286919668
2378,5.584666888154795
2379,6.473377876509145
2380,29.528326646564032
2381,142.1302687857546
2382,175.7176580771089
2383,46.9647187164113
2384,3.3703888509444386
2385,246.26038854419863
2386,5.846023006592179
2387,19.862974206182223
2388,257.1186248151655
2389,78.24193478773219
2390,2.00466478970888
2391,119.95245096719538
2392,21.02373736334885
2393,77.97993947297937
2394,141.01681247337828
2395,5.9892756965800995
2396,2.6862630282554503
2397,297.5950522588396
2398,284.0194272288112
2399,4.451432198483273
2400,195.4826632320924
2401,63.237736156520064
2402,234.58385575546228
2403,6.322637247449597
2404,1.988183804223726
2405,5.116807649738924
2406,2.44186075838453
2407,72.74071170351294
2408,249.6878193096586
2409,172.95501317483928
2410,4.2371445971023025
2411,6.526025520359356
2412,312.4222886729797
2413,-5.708062792403589
2414,4.060605344572034
2415,79.49602313248374
2416,257.4507549067964
2417,26.32126355397011
2418,3.2634913112189055
2419,4.075497043285514
2420,1.805912463363404
2421,6.255321822981413
2422,197.77592396230182
2423,2.5220031913763123
2424,186.80500496264207
2425,6.231395440301688
2426,-10.639108148960373
2427,166.69650006716213
2428,21.863771853655418
2429,2.6561288533621816
2430,6.176443826326377
2431,3.251219998431059
2432,314.9274982721004
2433,258.92445798230074
2434,4.649764000761632
2435,60.745776389767194
2436,231.15634292321778
2437,-66.36509438334217
2438,5.675403144322175
2439,7.285878214249057
2440,168.31046902611268
2441,6.399329299808482
2442,5.816049359636615
2443,4.686571036755517
2444,-71.00032833949928
2445,6.45718430159735
2446,5.570153030400921
2447,230.6177621650134
2448,6.873480928909013
2449,6.323389007158212
2450,16.077092282904104
2451,2.8237178384319335
2452,4.40930682876432
2453,36.96679576275338
2454,287.8769321153181
2455,118.89576479233202
2456,3.1810936326384147
2457,248.3526240956971
2458,6.058187030556339
2459,1.9615787676601064
2460,5.7744746132560625
2461,68.25255200545453
2462,52.534183900894575
2463,6.258676190897023
2464,-65.09350942440815
2465,22.160002560287033
2466,191.50820444256425
2467,147.40611401208835
2468,269.2353718361185
2469,264.4857274749829
2470,5.796638892280241
2471,123.3632813507828
2472,2.7988650639002337
2473,25.06255497243378
2474,196.14722341248404
2475,6.409371630817755
2476,102.06435095672771
2477,149.7279741129696
2478,152.4815485972307
2479,5.361330776076628
2480,49.953627396665645
2481,78.34066122662958
2482,2.385690719092839
2483,5.079316654194411
2484,125.29054414908711
2485,125.69366781702496
2486,6.722549453834134
2487,5.467378452418675
2488,-39.313104787147296
2489,169.26369668454015
2490,5.615021833522374
2491,136.8231556637764
2492,47.370981618513234
2493,64.06443160376803
2494,5.927606790354082
2495,5.416274686358193
2496,95.11793089661484
2497,70.6010056420904
2498,2.532311576263814
2499,6.709507363716301
2500,1.9009430908504843
2501,81.94093848600134
2502,269.93840685389216
2503,130.1987059696604
2504,347.4842278719377
2505,3.501399834714539
2506,4.9188986275371995
2507,274.70358227610996
2508,198.364213952358
2509,85.78809464811424
2510,6.601587788093887
2511,210.85672231262086
2512,84.16144017197925
2513,170.20971329636603
2514,223.92084003374117
2515,310.96677416486625
2516,1.9924613431078169
2517,2.38376704232917
2518,286.45703773231827
2519,4.40207776042422
2520,109.86504182604449
2521,118.6686900275752
2522,1.6391265568886437
2523,5.651670620743495
2524,5.020235110169567
2525,294.00306895933505
2526,3.163245227524187
2527,3.67505895491138
2528,232.82636848124952
2529,81.11287758308514
2530,236.70635148020386
2531,287.41297116728293
2532,64.93256473492119
2533,1.8094880748914182
2534,6.0332524933687655
2535,5.862301350050221
2536,3.695251114034199
2537,6.393664743694645
2538,5.985624811606641
2539,170.62472217275243
2540,2.4136362426118674
2541,2.9327749457329966
2542,2.2011415038656335
2543,5.633407800458173
2544,156.33705441600534
2545,2.3830567374895457
2546,295.06627515654225
2547,22.144439589644108
2548,15.586353509451353
2549,154.2071112271282
2550,117.02135463092318
2551,-36.07872917414642
2552,1.9648904089842856
2553,286.08727553467605
2554,2.4108191756861563
2555,67.89244082166596
2556,125.71744627948102
2557,4.537881323178042
2558,-7.3330839439062006
2559,6.324249169095898
2560,210.80890929756507
2561,2.4476885676408777
2562,215.93268492549856
2563,240.16370138137307
2564,274.63504594421926
2565,4.686784839613152
2566,4.380332207453342
2567,269.92840570285705
2568,64.0955933311318
2569,75.7862983954218
2570,3.5244009153423708
2571,91.03861991335881
2572,-57.66426110794463
2573,191.46777298198293
2574,2.9716925619973997
2575,4.327420338221719
2576,3.267699601076351
2577,6.645461623461841
2578,32.514651702215275
2579,5.961328447609571
2580,5.213407143812337
2581,2.963212907193398
2582,-39.10940328890645
2583,2.659345132439515
2584,6.539498416768882
2585,50.255721263758616
2586,5.001273551895899
2587,197.1866782660066
2588,219.2057919591363
2589,4.605613115163118
2590,41.86450769614318
2591,1.6909253790890912
2592,117.03799891246098
2593,57.01304940641298
2594,90.65488859262584
2595,50.6365975315225
2596,47.47674146721003
2597,5.436774993988724
2598,6.264141934905274
2599,-2.0383510795808193
2600,3.9361883568045006
2601,221.606602456503
2602,6.074249341452065
2603,355.0100891973432
2604,142.43294100041282
2605,39.77314559388062
2606,3.935079561759581
2607,33.919459897430045
2608,194.9221660753854
2609,31.583588618757005
2610,2.6972334001907976
2611,-7.97304969627552
2612,3.5506148330998
2613,4.340561448510845
2614,3.0316950119670922
2615,112.26071583475937
2616,135.32792876064397
2617,275.263320011425
2618,198.66622630207988
2619,4.74294104144868
2620,2.520226372599388
2621,4.545268820483147
2622,2.5772834098719315
2623,1.77973179756163
2624,6.72468326095346
2625,113.433374913358
2626,283.1328238199123
2627,46.79684998875135
2628,137.767399097094
2629,51.17568491252656
2630,114.26852030002628
2631,27.952865820999513
2632,6.004703285349009
2633,312.5597184750035
2634,57.113194795284215
2635,163.31882680727898
2636,-40.43579587538422
2637,3.4130243860226974
2638,-62.63118100227974
2639,-49.617532689184216
2640,187.4283251582632
2641,3.9842545162958354
2642,5.872252656409122
2643,161.67730398186728
2644,156.2642724409095
2645,208.59236598146032
2646,2.6472717636585594
2647,3.6055417846636124
2648,4.514877628808565
2649,6.5545392014508215
2650,273.1743932490455
2651,222.12512144505433
2652,49.03639037057245
2653,3.5368051640930065
2654,37.71389291382398
2655,225.70398339239534
2656,242.3130592192325
2657,2.931898467733492
2658,15.079796409232493
2659,289.7668321689731
2660,1.817847192750848
2661,273.9613511149927
2662,127.05986054609113
2663,4.958698246927046
2664,73.58643050739738
2665,282.09105068112
2666,234.6898967488694
2667,-38.19755429283099
2668,34.439145819660574
2669,6.7373733094594614
2670,100.9911756185029
2671,195.09070601007738
2672,124.12709657520173
2673,257.5960214350051
2674,233.8062796274706
2675,1.7293679215270843
2676,-40.522918918897744
2677,357.9073888383333
2678,5.2954914607061285
2679,5.581723152814223
2680,65.12832940552593
2681,5.135963283960221
2682,2.430806537173027
2683,2.4662348891156283
2684,2.4423008741097147
2685,6.482172372014705
2686,19.449391252573
2687,66.65546574211687
2688,48.96110928737838
2689,41.79888293699425
2690,157.19694999408418
2691,75.3815035481552
2692,54.51283005558146
2693,118.21323476147366
2694,111.75651597988002
2695,6.527119180839209
2696,154.60744336173772
2697,3.7425260358790866
2698,2.458848085315328
2699,4.1486349838198855
2700,193.90707834751447
2701,67.66808810840479
2702,37.11500233579077
2703,3.8704662248762345
2704,179.70157202375415
2705,3.24197872453696
2706,5.368217853016805
2707,189.35556508107834
2708,3.031088016543038
2709,68.78501300264126
2710,5.6000291919768035
2711,183.00773887127542
2712,1.8614011046835621
2713,111.17978040726666
2714,-45.10866568729752
2715,4.718252941990102
2716,2.6824392794924696
2717,292.85181544157143
2718,3.538548981422832
2719,3.1747443641638644
2720,6.69798300110026
2721,6.2204889670369194
2722,4.041329020302692
2723,218.52281483196833
2724,6.540769836676287
2725,30.393637299931445
2726,9.612774000410573
2727,316.22042893902034
2728,35.41798521896365
2729,185.28515717642608
2730,160.2561422441577
2731,172.82870358154562
2732,6.11988973969166
2733,219.6362623979423
2734,115.92835669713133
2735,88.16710518960087
2736,84.51956201187002
2737,165.4559315211145
2738,140.66555814531478
2739,116.462226650305
2740,5.460853741317605
2741,55.213801661273436
2742,1.4624269347412109
2743,27.881456088947782
2744,-8.856348565656399
2745,4.48965008550737
2746,209.33350738647724
2747,176.49211234429103
2748,2.6681332443543146
2749,5.3157445125916745
2750,217.70890200598683
2751,258.40562820595443
2752,2.7459598088493378
2753,119.37557311869007
2754,0.3262670359215881
2755,39.534929353680695
2756,282.19184325299705
2757,5.893028980179643
2758,267.8693998268655
2759,41.86990975094692
2760,191.39347778885076
2761,6.505959109587915
2762,3.938153730769451
2763,113.01954534628433
2764,4.789234299029253
2765,121.91443053052512
2766,1.9944275637754627
2767,268.8838231879589
2768,4.500337643963029
2769,2.6166620278286055
2770,227.76418054545138
2771,169.46063881027456
2772,6.9686691099727
2773,3.230909032792338
2774,4.390850871246242
2775,5.704678646546107
2776,4.120016800732941
2777,262.9840796869488
2778,32.3003157604722
2779,2.1053804002499747
2780,2.66781136646194
2781,248.39825615136164
2782,218.38882458978736
2783,5.9662210178086195
2784,9.063637932524713
2785,5.729908602142782
2786,3.5849797222195416
2787,41.87904934501909
2788,5.303367577021437
2789,172.95419527297997
2790,206.9720508102064
2791,77.8611872177687
2792,165.71186475102513
2793,171.86242498350137
2794,186.37220756801702
2795,46.7511278061218
2796,242.9944601628329
2797,101.87017671149047
2798,36.102099085792744
2799,29.062141962856316
2800,5.219233036771666
2801,4.203349285199952
2802,3.274658621484228
2803,13.753346239603903
2804,3.795700929476518
2805,48.85651011601169
2806,7.179364919523465
2807,28.96592480327576
2808,91.08900606148867
2809,6.459687167730086
2810,5.418222419927279
2811,159.43860222699487
2812,6.024850566612848
2813,8.278544246363403
2814,5.984856015818218
2815,274.3516635554171
2816,64.93488685972576
2817,267.62450598172336
2818,106.26150634633669
2819,44.02413588015718
2820,143.0097921310402
2821,43.501126101284285
2822,6.193146899362954
2823,49.25324549794959
2824,249.57165269102245
2825,154.00937109462686
2826,-62.812804146213026
2827,6.271159101929713
2828,5.633789248931203
2829,4.751740152431783
2830,6.06130048218182
2831,6.136768196504929
2832,6.185779792315111
2833,138.49050516615512
2834,3.9007642243293836
2835,3.2696729498640247
2836,3.4579005987342604
2837,3.479422816670008
2838,5.811810721248532
2839,1.9638226203134832
2840,58.36011275547022
2841,46.41905917214484
2842,283.7147405587781
2843,6.034784178158685
2844,175.08148419338556
2845,294.21847953780633
2846,3.4766457944041838
2847,82.23508782564988
2848,-14.571076593563667
2849,-48.8992566705336
2850,6.547331247493472
2851,6.998179200239305
2852,-41.27179210137993
2853,148.75638593240672
2854,2.3098805300325767
2855,65.5934785728077
2856,5.903407896721891
2857,48.99382863506051
2858,233.56172583862204
2859,1.3653393865297292
2860,145.11062391508983
2861,285.20596313180283
2862,272.17411085445497
2863,2.9839528121195222
2864,278.4150767285116
2865,237.52211205144766
2866,2.122483010557044
2867,2.3544655910825094
2868,72.40883604762597
2869,53.101397133782385
2870,192.57983669164412
2871,6.233137284245295
2872,255.42597119823068
2873,4.830497832490582
2874,18.405074862647226
2875,4.277408768069315
2876,-32.748422877053194
2877,279.05469332263334
2878,-68.35619313053027
2879,5.065583569673732
2880,228.1022203459603
2881,5.99867997454581
2882,6.188605202356478
2883,4.24566818816021
2884,6.700396258709943
2885,201.54500643511
2886,248.20872288387014
2887,5.881550589979229
2888,2.0480707191864655
2889,6.40951210849069
2890,2.5769741956909633
2891,-50.4116720402746
2892,145.03427315010597
2893,-10.990228923454781
2894,53.37720161300412
2895,4.935454835625841
2896,2.586005102572658
2897,5.300565214366121
2898,105.69399017307758
2899,31.430773901647406
2900,3.171570827936054
2901,28.11224112283365
2902,236.9784696080056
2903,274.5615920424881
2904,4.2017301922429775
2905,4.154638777872707
2906,28.228266478463382
2907,3.9313102076334987
2908,3.6275561043550075
2909,2.0335950380047687
2910,111.51284416828241
2911,3.89129981035724
2912,2.0387207789865727
2913,6.445767495853678
2914,4.827225504591125
2915,7.801548509302765
2916,246.50881895905107
2917,175.57657808727203
2918,3.748910491143958
2919,357.57377732125985
2920,191.71726720776027
2921,5.485597931292196
2922,4.023583330613489
2923,228.82204363100908
2924,5.2691073905553765
2925,4.816961353443215
2926,5.955895020191427
2927,10.441228090173162
2928,6.458156537691608
2929,174.09849342301686
2930,271.3466109450989
2931,2.4119389573371457
2932,5.435777915920781
2933,-15.98926098208455
2934,103.24404173762768
2935,-8.10476838214021
2936,-63.17925225551609
2937,5.857426987759776
2938,19.410812009176382
2939,2.9548801837806007
2940,188.34744267096195
2941,65.33792196605464
2942,97.39310606206394
2943,6.275245612503442
2944,6.523979064754839
2945,5.621223921380274
2946,6.236841939482475
2947,-53.15276622260635
2948,2.4345123827403814
2949,6.6101509279966955
2950,2.9481848098154178
2951,154.07364360549502
2952,141.96418937628573
2953,6.818994701880513
2954,1.8481727184060395
2955,18.831270470870646
2956,6.603232577118963
2957,120.73407935344268
2958,5.166728218831646
2959,184.90527456400156
2960,6.675966368157668
2961,159.1906955918363
2962,3.8412898039144627
2963,4.048423084705658
2964,230.33572396492184
2965,187.89407026899363
2966,4.398533477611575
2967,3.494471248779149
2968,157.60487164230298
2969,-79.51218861332416
2970,1.9209568478633798
2971,220.95226157844036
2972,6.44538711876981
2973,218.9168122262753
2974,256.69022578026494
2975,4.475427624650985
2976,42.38027493204575
2977,39.394134015087076
2978,4.149548733349526
2979,4.51535031084239
2980,309.16674959134775
2981,300.6020785374875
2982,145.96883837053915
2983,125.48980901385485
2984,285.0799966040465
2985,121.06521313623114
2986,304.7296230360081
2987,225.65293639335238
2988,146.9209283483294
2989,73.62993744123101
2990,35.81082906304081
2991,7.246705773719144
2992,2.880149952225626
2993,5.644189685133924
2994,65.94509081114937
2995,2.11946374044087
2996,3.8456542195788552
2997,3.267014441772929
2998,130.3528381184117
2999,130.5747927562819
3000,74.40975342911408
3001,2.9745743650544068
3002,292.98160496672836
3003,4.3938722087082684
3004,282.7800341135392
3005,110.63635193317191
3006,95.71447275148512
3007,6.378779766017779
3008,2.9959336653901913
3009,39.80748905314149
3010,4.198635665887723
3011,84.47490349242801
3012,5.276496114568218
3013,195.59642636486285
3014,6.466588556217809
3015,3.48839634310488
3016,5.835497151752126
3017,6.575911437675694
3018,4.458769632486926
3019,230.02326638245967
3020,3.4715035993081345
3021,219.55634220598762
3022,266.1112489811933
3023,2.863326686598267
3024,86.41922433901951
3025,238.10010123515133
3026,159.5072423651577
3027,6.13294179305427
3028,5.361377054617452
3029,-25.576222954909525
3030,-41.52215063741561
3031,6.18598221492139
3032,6.392214305498005
3033,4.892728067618053
3034,121.28371470440054
3035,147.84864489231626
3036,224.57771777081174
3037,5.838713698977242
3038,2.2414130118411393
3039,-23.70882904314705
3040,211.5009858991513
3041,4.893763819799846
3042,-0.6843667183709687
3043,5.800011850273648
3044,230.66793319536816
3045,168.99570415813758
3046,4.467089533086855
3047,3.9889292294126313
3048,50.16385663634274
3049,5.937427636158661
3050,269.97221877976995
3051,94.61054482210021
3052,6.594455274925476
3053,4.090615232370854
3054,115.13384282069524
3055,187.67122996106832
3056,59.02534237357021
3057,3.2036676812692235
3058,100.74850840505759
3059,1.8393486575942959
3060,255.26181547581592
3061,5.103458071784289
3062,226.80266869968318
3063,119.72802493505924
3064,232.50411824340972
3065,255.78837026985656
3066,138.30986665165204
3067,21.47521494417234
3068,5.74843931575757
3069,5.971454586399578
3070,3.7778801395629387
3071,6.260278481784404
3072,197.01345389217727
3073,126.71446185449167
3074,6.295286842698786
3075,5.932144009692546
3076,156.83657081528344
3077,-3.1900988665403816
3078,66.06638719295125
3079,5.689988463971574
3080,3.1686978358748235
3081,34.71370287375541
3082,94.78457153487575
3083,141.01565638977542
3084,1.3471996117295366
3085,5.540164710804289
3086,206.9709582376604
3087,3.0656513407376647
3088,110.07269751545797
3089,3.421156435431244
3090,296.9170696575573
3091,192.17599426225195
3092,96.31110999362659
3093,4.277657276773245
3094,191.47475717616226
3095,257.4934329858304
3096,147.4432311341355
3097,4.711449968384458
3098,6.120701287324
3099,23.784595155711877
3100,83.89061755392768
3101,3.801819573853753
3102,2.3605883079294636
3103,3.1252990165532513
3104,35.82740526793759
3105,-4.700616904005834
3106,40.170071152022395
3107,1.4540892427700665
3108,2.6892723769952003
3109,5.458402143778428
3110,256.2744125101622
3111,2.38098526330369
3112,223.79118619855637
3113,5.4638565766860285
3114,-7.035022460957073
3115,269.897534471408
3116,109.73225797106112
3117,-49.882725960826214
3118,254.19776674969748
3119,4.591081358162995
3120,43.47335143587014
3121,31.784401250846663
3122,130.8653869755722
3123,3.920646388328552
3124,2.5794240480323576
3125,3.6777695832083652
3126,225.58836048478838
3127,278.4128928129055
3128,38.97329803361436
3129,364.2317195445516
3130,2.079558639979559
3131,103.42938536714975
3132,190.16026605408348
3133,138.0860088028644
3134,237.057229070296
3135,1.6801661767312386
3136,312.2602232039395
3137,2.950289491663484
3138,156.10938433610977
3139,5.988876736102272
3140,2.3068479048177517
3141,43.86857092898133
3142,3.1633261683051974
3143,111.29912012023094
3144,261.0011770628005
3145,5.084929426778281
3146,285.91566510886184
3147,108.1616111801999
3148,95.70520813674905
3149,-17.430556128211833
3150,1.657121535047837
3151,248.21499147487395
3152,7.1138956357370695
3153,237.6102652423264
3154,198.06657132063717
3155,57.30717656030262
3156,54.99737156219909
3157,4.906869643828903
3158,282.687197928437
3159,123.65216638521315
3160,272.5905255567301
3161,-31.803057742604828
3162,3.396635559261414
3163,184.33302042363377
3164,2.8852613470190818
3165,-4.159131043485822
3166,33.374520780653896
3167,6.601430442855396
3168,5.517243572125483
3169,3.617642736957301
3170,218.84519721453603
3171,3.293871959358505
3172,229.69260039073782
3173,279.5998234812279
3174,64.30604969323504
3175,-56.54343616128814
3176,3.609251982647655
3177,3.249345649498993
3178,203.17618263923978
3179,6.376749003769389
3180,316.7509232571279
3181,191.33876664364794
3182,281.0226146910231
3183,5.955706974879604
3184,81.64577980076857
3185,6.694579620720697
3186,164.04661528154887
3187,283.99221241874034
3188,-64.76929063770815
3189,235.11907063230612
3190,4.329360405516698
3191,248.20931806783616
3192,63.38095314330882
3193,6.324069623506144
3194,4.687510450360711
3195,5.932378901520765
3196,137.2947322270869
3197,5.427319396261781
3198,178.12590782821053
3199,182.5605390201138
3200,1.979809915080263
3201,325.8954121261729
3202,4.6267787860499245
3203,4.898109950334731
3204,0.40074931936013547
3205,6.526883911586962
3206,279.394126677351
3207,5.874303809117961
3208,193.94155201454845
3209,-32.14065786042504
3210,7.640604892265447
3211,197.38215782604408
3212,214.3831127830962
3213,2.937514985146797
3214,268.1237409872501
3215,3.210655322961788
3216,5.923467996089595
3217,118.35520668883716
3218,300.74191384003063
3219,73.6441986718214
3220,66.44264720398
3221,73.60349018442085
3222,242.12518516619306
3223,350.3574815867339
3224,-65.16114802774655
3225,147.57859486304247
3226,6.027144980004254
3227,5.926806020744376
3228,8.95827875004005
3229,298.3220953813719
3230,229.38246462565837
3231,6.372114308174123
3232,4.816167012316813
3233,5.720788338097391
3234,4.141471488988068
3235,105.63231030608512
3236,143.72358828676698
3237,8.329331724503243
3238,310.0712340462802
3239,6.535672107518519
3240,66.1872986471001
3241,21.551406033253002
3242,2.495291578962857
3243,34.04965350459575
3244,219.08338079984497
3245,5.445936815448886
3246,256.25879268232944
3247,6.28382377025948
3248,48.376034936653696
3249,-8.318179046016981
3250,221.47813919105857
3251,226.46086709035785
3252,120.15364019790921
3253,54.883346030888475
3254,155.7515679768906
3255,6.51284845556488
3256,6.3691263619009995
3257,36.942780827562686
3258,2.3695383793079463
3259,53.34422030569482
3260,5.858105005730213
3261,103.18417204173966
3262,318.94108736314354
3263,1.9010739669441876
3264,3.444276968147986
3265,154.92828097002803
3266,3.7558322584687747
3267,6.6717683965091386
3268,3.307917040394105
3269,4.530655908019671
3270,45.81499723744942
3271,224.67827774643717
3272,2.2768298464034027
3273,189.11892355134364
3274,208.86975235048266
3275,141.0360721163205
3276,68.67202998475268
3277,5.628103379446325
3278,6.437205596485301
3279,3.2147032955941546
3280,180.98592813965655
3281,281.2475181235012
3282,2.712677840353686
3283,385.40757878003865
3284,334.7164476952563
3285,96.58836763863809
3286,3.122582257474637
3287,37.209812536699175
3288,52.26790730547182
3289,1.8363507217463524
3290,65.81108975828593
3291,261.0734033582416
3292,2.9726858998982832
3293,53.29901439705269
3294,213.38997470599315
3295,129.445193835279
3296,30.596869853419612
3297,200.1614428418746
3298,2.3585112215177175
3299,250.56487744735261
3300,3.3956955484841633
3301,207.28600097359225
3302,206.50171246771347
3303,-6.535936622831976
3304,249.04855397899337
3305,5.326796608756598
3306,4.6005779790499615
3307,186.9328299691898
3308,3.001244813965963
3309,6.439752040599036
3310,-38.12278938118288
3311,2.2265317951959007
3312,3.880851776778619
3313,2.4620705078175478
3314,6.033467878097744
3315,4.724042113627336
3316,314.7049778930856
3317,303.23071841994573
3318,44.49407805669587
3319,1.9361913288544814
3320,2.2051010528352633
3321,5.2984488364374895
3322,132.9653515724084
3323,4.310158906833145
3324,3.6030514111840253
3325,335.02096376360714
3326,82.31162051720395
3327,-52.67566574680246
3328,6.4364957443600606
3329,1.8355775899640192
3330,188.8785506860482
3331,115.13225927951063
3332,3.2098339307056247
3333,234.53061626997
3334,105.14821316249558
3335,3.307682131079419
3336,4.394790204174095
3337,2.600317952511247
3338,1.7433216369124027
3339,-6.240087868498554
3340,31.63820739165782
3341,52.20108702642942
3342,202.64053469485037
3343,139.3824365468834
3344,3.5256648431668767
3345,250.50086313759647
3346,294.0983664784259
3347,181.62401559026975
3348,77.1856193661157
3349,5.54198595596283
3350,3.7917093268882556
3351,2.46251067388438
3352,1.881819440049925
3353,178.76327948667767
3354,74.97383968116378
3355,3.002785325816946
3356,314.9641704306487
3357,3.7181896924988793
3358,242.5104109203674
3359,70.10441623784149
3360,150.73469135428974
3361,3.048856751737703
3362,2.82086406397062
3363,2.8016749838172457
3364,25.988995231346568
3365,108.71343175049626
3366,4.122993868091329
3367,3.997996541623182
3368,70.9103862915271
3369,4.61956880203285
3370,69.40120107224224
3371,-3.9637803486781973
3372,209.54245384741756
3373,45.78633006764196
3374,321.91677635455824
3375,2.5150223773843448
3376,2.425702291905874
3377,102.78233885637772
3378,5.575333242972963
3379,11.656210913014629
3380,315.6489250497166
3381,6.581041129779697
3382,84.16396679441806
3383,6.250497750803412
3384,21.894529012352557
3385,4.064285816795734
3386,53.4279172038359
3387,2.157280835072646
3388,182.1884592472249
3389,216.97427908292724
3390,2.5307743433722925
3391,5.754407211712472
3392,5.065326485282
3393,183.54950690940314
3394,131.2888394659211
3395,5.210243875738085
3396,5.4930036197367365
3397,146.0929966196127
3398,2.1002428210740365
3399,197.58907065985204
3400,161.46593363556883
3401,5.250896235634051
3402,1.2503208741602936
3403,84.34684773731355
3404,91.4568691088393
3405,173.17003428510873
3406,178.39649284649994
3407,4.347954642948156
3408,61.62274255646956
3409,108.32762803857858
3410,5.775887969448786
3411,4.979510082040288
3412,50.67362885830123
3413,2.17697083751583
3414,6.630531766133226
3415,121.05167918172688
3416,61.75835946449517
3417,203.62276687902877
3418,170.5730403151402
3419,-13.063948771266105
3420,21.248121984045973
3421,-70.8507260919701
3422,169.43687135044274
3423,1.991866183166477
3424,3.145987573861092
3425,6.383697415644898
3426,3.6233596736029274
3427,57.7091056038691
3428,2.491370910764885
3429,325.87324032452364
3430,314.23182040312156
3431,106.11040752210754
3432,5.964582565686564
3433,89.81363937710287
3434,1.887766878526947
3435,308.14762278418004
3436,210.42584876111715
3437,3.33267019150119
3438,30.88256405530822
3439,276.63683413235344
3440,6.6629655364587395
3441,4.935359369329051
3442,223.78287200438228
3443,5.090362816413853
3444,208.07842881982305
3445,3.857506730876615
3446,5.871763659825424
3447,263.5669173020051
3448,5.352346164579625
3449,5.573139040165211
3450,93.29015401808122
3451,201.68582882566884
3452,2.1900100500045525
3453,2.5917841352048487
3454,20.802521573045077
3455,4.113984033783065
3456,5.274988856074975
3457,3.826619252396661
3458,6.21762649129103
3459,164.35019365050528
3460,-49.83354550544485
3461,2.584689010379197
3462,44.01737245783259
3463,225.34225390449964
3464,4.685406251672333
3465,2.6763879739783603
3466,5.9570031928162335
3467,114.56441653292646
3468,35.89794192592589
3469,310.14816814888036
3470,147.68558470354932
3471,21.22533417921041
3472,277.8785287701911
3473,6.248939504248751
3474,3.458772563369638
3475,4.672835436747592
3476,36.53472084530317
3477,3.651600793038464
3478,6.588527355187688
3479,2.650282991712566
3480,112.8891201520245
3481,115.6827076801919
3482,89.51081030658042
3483,64.65969546717176
3484,181.28154954181778
3485,2.4402260810797967
3486,227.7472690919169
3487,5.830588831879129
3488,4.503813675286767
3489,3.562476172073193
3490,6.108726016211799
3491,3.3544721225756797
3492,2.2671236254174447
3493,307.91108744861594
3494,165.70060868559898
3495,6.358663285404658
3496,45.05603429600636
3497,4.551924363755463
3498,6.636675766341159
3499,-17.469508901015384
3500,70.37752861739236
3501,284.5440475493839
3502,6.057169271749411
3503,3.0857104778015003
3504,119.55284690017174
3505,138.17116033038045
3506,96.35991464367207
3507,6.290863090444681
3508,2.9635930422821164
3509,3.2685861571909327
3510,275.6727621948033
3511,2.0160038843088564
3512,69.19423612042326
3513,101.83656282447679
3514,3.441613376275684
3515,72.73252407998744
3516,3.5838791920391686
3517,191.05675137189903
3518,4.444058386666427
3519,233.48721713440722
3520,298.32440301508313
3521,1.8891807618072909
3522,61.81435276990144
3523,4.603736281190031
3524,6.677237590857599
3525,5.247793548499708
3526,41.60292620287515
3527,1.670551298476727
3528,282.17171881051127
3529,206.2779438146192
3530,2.4597476213241203
3531,76.09743321750695
3532,273.3212449263607
3533,41.01282656681413
3534,7.761475037849979
3535,84.35710396637884
3536,3.498078945168346
3537,64.79130688576154
3538,7.003467050048415
3539,1.5696196938900244
3540,169.74935489478372
3541,-63.17412470700816
3542,2.450418639960723
3543,196.94199963022356
3544,42.509075840631716
3545,2.4925616638757493
3546,5.346975142365432
3547,170.63372583115955
3548,5.446384910603791
3549,1.7493859971847987
3550,4.462658531381799
3551,4.026310564751166
3552,5.73483655312943
3553,6.0111444509271745
3554,164.71389599214513
3555,3.8454194920032445
3556,1.972189535619484
3557,121.76384052896398
3558,5.08296673803953
3559,95.67539435026937
3560,68.22471771514067
3561,6.142243447996361
3562,29.48352269501383
3563,-49.55459085714135
3564,5.844695880457868
3565,4.969060585434433
3566,180.6375489797036
3567,1.9676133562769826
3568,225.96327331964798
3569,164.28517701676537
3570,42.92567634015506
3571,197.99138460458428
3572,1.9781189900814087
3573,6.070381707462069
3574,5.816973778322873
3575,2.0961418781683157
3576,5.250543029108868
3577,6.224500680299142
3578,89.64727859348014
3579,2.086811127344795
3580,69.10641541788146
3581,243.2059273436396
3582,75.07205293150051
3583,45.85797966250381
3584,6.855634016091988
3585,30.061136941209522
3586,5.808738725067659
3587,35.779920288974274
3588,3.1282006411429624
3589,228.1814787952429
3590,3.195691011998728
3591,3.3156875163874187
3592,179.8748127231047
3593,3.7336293882876905
3594,20.156316580110097
3595,6.633687764111212
3596,31.85779505577854
3597,315.5479056649182
3598,88.28844445555924
3599,95.61401197503797
3600,2.5927008733981154
3601,299.5503623274566
3602,24.64087180542198
3603,5.16679571822007
3604,2.974083599904626
3605,182.9919638259608
3606,2.1222109039104313
3607,3.7696238799763315
3608,278.4475967508993
3609,208.26818104531984
3610,63.391902352761235
3611,5.201749664174169
3612,255.93289396753474
3613,6.412386321245195
3614,4.7652603028463965
3615,6.484115049210476
3616,53.489767723237755
3617,4.982433888451995
3618,2.767780197777986
3619,-56.02543920198701
3620,-17.325976352382042
3621,65.03418593321696
3622,5.419823583985731
3623,265.6963238475728
3624,-11.450933613221183
3625,103.56102168042376
3626,28.739692928979608
3627,34.08362093810821
3628,6.35156473569183
3629,52.281622851083455
3630,251.45983016109807
3631,287.93604171547713
3632,251.7791483976829
3633,265.0062426459665
3634,116.9287179962604
3635,120.42395380046169
3636,4.295985201767019
3637,46.30555230374472
3638,73.35503833411299
3639,4.918935456908265
3640,339.76921907239046
3641,222.61633840311433
3642,157.7244814042249
3643,184.78333186887716
3644,6.537306720992858
3645,119.19409901321907
3646,2.5121444045770795
3647,5.827207942501236
3648,241.70970949572063
3649,23.06353930396715
3650,3.251696631591067
3651,193.32361058214963
3652,48.88135604985078
3653,-4.863383171541256
3654,74.49297466727816
3655,2.080994024017217
3656,138.3087141604488
3657,5.783619958299488
3658,7.754461868484508
3659,4.633838734943002
3660,5.829423389698005
3661,40.330935920145876
3662,2.124130450465991
3663,5.6372553414953845
3664,115.87226631162518
3665,4.700670898967093
3666,278.62469330366923
3667,244.44357058358145
3668,257.10904843813233
3669,225.475358811504
3670,6.461824884121283
3671,6.3552859072857535
3672,223.37023497064317
3673,5.006973542715761
3674,288.08249172876793
3675,151.5139900825622
3676,50.13638787381274
3677,31.50202061811845
3678,-3.179045832209621
3679,4.5835259043892576
3680,3.4270127311454117
3681,149.00206441259616
3682,75.82504239217567
3683,150.72767717254305
3684,28.89732971089766
3685,147.22114913328966
3686,279.1292117717889
3687,107.04926998809519
3688,277.5539263066804
3689,2.4186144378521655
3690,209.00547232027898
3691,212.88060386102407
3692,286.1314442409371
3693,274.271651412402
3694,1.526733345520333
3695,246.80236415334457
3696,208.9923042602352
3697,0.8639154311594472
3698,-29.844081366191798
3699,4.267796665043117
3700,5.606853770171348
3701,351.02610259194034
3702,3.88763522336433
3703,4.023666437782415
3704,6.166011399858191
3705,1.392212058004866
3706,58.00012889824539
3707,3.125476781129964
3708,106.37521552942208
3709,3.23335059593252
3710,6.663506881095351
3711,346.49294553671814
3712,102.27262026617166
3713,5.537368639150333
3714,329.9184996991306
3715,2.370902824661428
3716,1.9923486741914511
3717,150.12900920615644
3718,70.77134430964999
3719,167.59368037078076
3720,155.56437757443706
3721,2.6998450451101075
3722,4.0530665705526125
3723,3.362408536429684
3724,1.892233392106291
3725,67.47956438147358
3726,1.7823882514266833
3727,225.16982263215334
3728,58.031616783238675
3729,-33.669853256265256
3730,145.94034487851732
3731,79.85619107727335
3732,3.545967213301762
3733,-23.563060322306754
3734,3.051846395780478
3735,2.462699723486776
3736,-8.628881903902556
3737,6.243041467542661
3738,192.99013908061278
3739,-43.28572453773272
3740,234.47872228144558
3741,36.32843974917983
3742,264.3058057621247
3743,2.3383513054962495
3744,78.68431742947826
3745,-11.206103262920507
3746,4.996164692578099
3747,5.045374617469207
3748,188.76295276070363
3749,67.75509586126421
3750,1.5835995212320348
3751,223.39343831288278
3752,76.07521366847902
3753,4.748959860929453
3754,3.624407947074202
3755,2.716522781559886
3756,5.548666195953278
3757,37.969852897665795
3758,6.091723661770171
3759,47.67303164794909
3760,1.9427740618071754
3761,6.463859586760947
3762,6.340620093490631
3763,117.22723637552338
3764,172.7348590527775
3765,357.9737185579356
3766,6.579336067027883
3767,281.3287068856572
3768,73.49112114671635
3769,1.6627292023974936
3770,136.1726233305876
3771,3.754976796280575
3772,191.24581419159793
3773,244.812352274432
3774,2.4962279216025665
3775,4.055661550797334
3776,248.08595710608182
3777,6.177252019488544
3778,228.54611556150806
3779,290.3640218966998
3780,6.1066603115250615
3781,6.444906772884295
3782,2.0989612520006014
3783,2.1001569820008545
3784,5.5216381679068425
3785,31.62714762221444
3786,93.01623742586497
3787,6.092174810552201
3788,6.669038005941296
3789,284.88770342624105
3790,7.0084981865254745
3791,6.284109503244345
3792,3.780731336366168
3793,32.07818043435072
3794,-22.371782524670294
3795,192.57910531466064
3796,182.83114615502865
3797,4.79400878580899
3798,196.24358573745639
3799,-61.66482504446546
3800,241.2693713853293
3801,134.0282580915985
3802,138.73781942346199
3803,49.221476050047784
3804,54.54908821702967
3805,5.155810425722843
3806,2.9999171307621473
3807,124.36212844757887
3808,3.876816040763952
3809,-32.30631884495375
3810,2.7927976333726514
3811,4.343859422239315
3812,268.3184285814595
3813,3.58183677723923
3814,290.6990203402258
3815,7.134207338897647
3816,3.5373971575617427
3817,50.172795951654955
3818,6.1493470999894635
3819,2.3545383840733702
3820,142.99268084721706
3821,7.338800172257279
3822,5.48726554971449
3823,256.6008341153462
3824,5.208352138063045
3825,250.1204379756842
3826,6.064626431098771
3827,310.58971662273603
3828,308.6481720810193
3829,6.594320749261599
3830,243.60212787007356
3831,68.40600723737819
3832,1.7704333077441359
3833,59.95570339289979
3834,22.422892326162817
3835,2.756289056699766
3836,5.165200981766763
3837,6.732395176964136
3838,5.889524245358073
3839,242.4168702346326
3840,5.7007352702845235
3841,122.72408275744311
3842,3.4386079934655074
3843,270.26663005755586
3844,5.3586318566112965
3845,5.572718310297162
3846,6.557258827594961
3847,71.94630091129505
3848,110.07081051659011
3849,190.49590535445986
3850,17.453275794740925
3851,110.32685445329196
3852,241.84937330823936
3853,5.486055013742938
3854,248.905741244556
3855,1.9199000163899236
3856,57.27965358120278
3857,4.021839563900889
3858,3.1799430987921786
3859,250.04402494646766
3860,6.24575601419841
3861,-59.633218026643235
3862,-7.839596817465829
3863,4.104560329961046
3864,2.868350104278396
3865,290.92066329653903
3866,4.047505144612963
3867,199.3835959472467
3868,4.81032556629841
3869,3.0099704372502822
3870,185.28283463239723
3871,44.12175389007702
3872,3.495566281711714
3873,25.658905193161285
3874,352.13466953727766
3875,276.58520909488556
3876,103.4232277090206
3877,-62.84231556957764
3878,211.2797182832157
3879,245.03098869477213
3880,6.494487999804693
3881,4.169336488664018
3882,2.7365264279050665
3883,205.6119850838578
3884,148.53625202412115
3885,6.4315666806407235
3886,5.5001909523349255
3887,6.247239897339799
3888,2.6882568653024665
3889,176.5117432968749
3890,1.811508893917503
3891,2.8363549309948057
3892,179.6112507342975
3893,2.6307415031932653
3894,295.74329967537705
3895,-33.53843589775025
3896,30.32392425638973
3897,245.2955896675668
3898,190.63154332353054
3899,1.7541861569837798
3900,88.93817290341434
3901,107.77666099091053
3902,2.8974024607550115
3903,36.43230640177621
3904,52.00782112413444
3905,3.403897870394463
3906,7.964416576090083
3907,199.35741033073563
3908,149.08381195961292
3909,3.2669358916482256
3910,3.846535050595384
3911,235.69927392064113
3912,4.870101173898841
3913,37.183119129891
3914,283.1108379892924
3915,7.325697032574485
3916,5.870138302018002
3917,3.801945531716099
3918,-44.9901774233189
3919,4.5570864796575075
3920,31.433908179624638
3921,53.154888912642335
3922,7.021665763708898
3923,3.6820996088142226
3924,362.8803590009022
3925,65.6730529961953
3926,1.941134081571463
3927,249.02742453554816
3928,3.4402127907824607
3929,5.103619317668755
3930,6.349287765805531
3931,221.9961106552302
3932,4.64082354198929
3933,2.631552867681898
3934,6.587830479378399
3935,221.8485802303997
3936,1.7958164019476528
3937,3.4064600731350523
3938,2.3139100830602146
3939,325.513212583517
3940,6.091586420505173
3941,6.191240681685594
3942,5.403447591392002
3943,3.1874798750150104
3944,6.668571520641812
3945,331.4868543587253
3946,191.8110081707801
3947,27.82115518169271
3948,154.01005521757898
3949,5.260802014482921
3950,247.40487750067962
3951,1.7504058560971858
3952,110.28740996614276
3953,124.6098861828153
3954,2.312560433309569
3955,6.192829475354597
3956,187.8459071382926
3957,56.60925080438661
3958,67.78163043669718
3959,234.21329325822728
3960,6.190130865022509
3961,6.124809779153136
3962,132.56373555231676
3963,5.879423302461409
3964,207.380235503434
3965,6.141489334783891
3966,2.6116270550170437
3967,4.12633816569474
3968,195.80339361065006
3969,56.81227880095308
3970,2.3794844955104866
3971,3.3739355688289607
3972,2.548705956847415
3973,3.0789402973535873
3974,45.25200928618746
3975,48.9718789798642
3976,3.391502823985264
3977,4.190589157073082
3978,3.6088660867073163
3979,120.00032885746651
3980,246.58597170198988
3981,254.9033454304001
3982,5.4159153450693385
3983,3.553161215472261
3984,368.9894328094735
3985,228.56493879596647
3986,177.80809186439689
3987,87.93892384243014
3988,3.2315635098291433
3989,13.974769639268974
3990,94.08682024099066
3991,256.0273134953117
3992,5.895259413242068
3993,6.146672954028695
3994,38.23035423075406
3995,121.82420853742903
3996,3.8308759871999922
3997,100.9911756185029
3998,2.4295753801737314
3999,277.6383210478573
4000,5.240026867638565
4001,4.2487476304546234
4002,25.63009093443896
4003,171.6414526417533
4004,2.260012628231313
4005,309.16365539780696
4006,70.04550331411356
4007,6.803608185821885
4008,3.369405589091553
4009,5.8321209798046265
4010,191.23940423004188
4011,3.3116188816245797
4012,6.361412195827192
4013,241.6237264569174
4014,5.870349949749514
4015,6.261384206170803
4016,68.14216412795994
4017,154.6494743071392
4018,120.4095011547301
4019,1.4268925377549255
4020,2.005389375485042
4021,132.0584053181652
4022,51.259034287667916
4023,3.624280089733052
4024,112.03204346388463
4025,48.367136980640154
4026,49.795908057624914
4027,268.52743449019795
4028,102.47755357463387
4029,6.612511237961092
4030,2.5561411062664567
4031,115.99525293848524
4032,86.84483649545611
4033,2.4968294077095576
4034,256.3577872851699
4035,109.14610151224585
4036,4.217940823930754
4037,3.6040781592460602
4038,5.982789890461378
4039,5.846023006592179
4040,107.86204875259983
4041,327.4338700176832
4042,62.07439209166856
4043,265.4498450999153
4044,4.447475316911354
4045,37.659856514015104
4046,5.844092227289257
4047,4.456560737975744
4048,278.306924210094
4049,125.26790887615725
4050,276.35578304930584
4051,63.182849417338375
4052,2.683271623203895
4053,4.016325933807053
4054,5.219928836422426
4055,4.341913979032929
4056,268.61214285314657
4057,6.8335057667908625
4058,289.6106637781389
4059,21.104050328203527
4060,267.0127643553548
4061,101.09432141088276
4062,3.8406909773966924
4063,2.130391082391085
4064,223.58055343651054
4065,2.0442241213486563
4066,97.43937878431507
4067,199.31290100535756
4068,165.7175220014853
4069,347.100361002373
4070,2.685634912119845
4071,2.8456792628965624
4072,1.716148521460096
4073,3.3004399895952194
4074,4.279336982478865
4075,-29.254591728766982
4076,46.11316982159428
4077,4.828640618365957
4078,6.320009121804301
4079,7.171533600843652
4080,278.8161197022071
4081,4.7992595147263915
4082,124.83337645546916
4083,4.127356551411905
4084,14.925282409901273
4085,24.547568966455362
4086,-7.781927392838439
4087,4.26628672553236
4088,4.923884989237245
4089,68.55559539849786
4090,141.23770772038415
4091,4.472637871745938
4092,74.18187761448056
4093,24.31964196024816
4094,5.01126059011242
4095,6.7411733886546035
4096,2.3990599985485486
4097,2.61411643491342
4098,2.9994421871346635
4099,-41.995639613847814
4100,66.0911999783977
4101,5.757962711050339
4102,4.436515287221001
4103,67.39616300015692
4104,200.48225325650117
4105,5.825772143023407
4106,115.99978598194639
4107,87.0174078094485
4108,71.80396541565801
4109,237.54060059042922
4110,6.03920745361669
4111,50.307817188334745
4112,81.21787261844835
4113,3.346817977657019
4114,5.105262825838289
4115,82.10251920410704
4116,89.55695998768073
4117,91.0953163719912
4118,289.76818423598024
4119,244.5478726967068
4120,230.05067796738018
4121,91.04541009918611
4122,-24.393553806836564
4123,2.2000493936222707
4124,140.09009962792575
4125,2.3058500361842267
4126,54.38799296755319
4127,5.897382778519645
4128,1.7707500632773456
4129,6.247183969181485
4130,2.1408147245000957
4131,57.68274876523872
4132,6.099045045342673
4133,5.181905355335759
4134,113.5107862274472
4135,25.768273464045492
4136,160.58728424839524
4137,327.0415512936535
4138,-8.640427756953494
4139,103.7583774620064
4140,59.855293051270735
4141,4.121621415409818
4142,106.99086491546882
4143,307.4229847773199
4144,71.28317864738915
4145,200.86206934283038
4146,76.18161481113714
4147,66.106052307363
4148,288.83154636671077
4149,57.782143110261714
4150,34.60904079216897
4151,53.249750622434604
4152,116.03778981746996
4153,4.202446037670622
4154,346.99450204359914
4155,147.2045011563638
4156,3.459503884393097
4157,18.57165682734135
4158,4.04957575134012
4159,4.959967248021606
4160,146.0776158364627
4161,182.96359066302267
4162,6.305432554603101
4163,58.587553905404484
4164,183.2369444891832
4165,-10.546851156331106
4166,45.575998142880714
4167,100.03132962128612
4168,7.144235428971257
4169,2.4284115543744504
4170,-3.8670067304413496
4171,92.85848270016473
4172,4.249757793848046
4173,3.966000134911185
4174,62.90468987409379
4175,115.73752577837722
4176,2.0151746193357214
4177,4.169940618936479
4178,13.72724514773229
4179,125.45316508428678
4180,161.20589779101925
4181,62.56611056654364
4182,64.0284234037972
4183,28.224122068068294
4184,194.94307178491465
4185,272.0093170168859
4186,2.4559354912186735
4187,71.72571373354235
4188,4.203844943457817
4189,4.308181619668805
4190,115.0974123813753
4191,2.1411417576414715
4192,48.37849875742375
4193,51.36228400080046
4194,5.916334214152933
4195,4.225426239282663
4196,130.1685648037069
4197,6.394791144349917
4198,3.2341410032911897
4199,5.058607177896224
4200,299.20603461639007
4201,248.3715520121903
4202,176.4539973770705
4203,5.7378760563961215
4204,106.1004714584702
4205,4.888904678063882
4206,7.729878118260281
4207,122.9387840649562
4208,157.30950471781006
4209,229.92378066434458
4210,-51.349249920035604
4211,1.914823919760261
4212,5.8480121432867564
4213,-12.069179956425565
4214,7.343658995782198
4215,3.1102193815220245
4216,1.5582370941846726
4217,3.3023840202020303
4218,5.916685088510711
4219,52.72157826933885
4220,69.43438195547076
4221,2.197150979288101
4222,109.09909592939506
4223,3.0437456802102774
4224,6.277480141255333
4225,5.1836962596165534
4226,288.0523343729859
4227,1.9616647730095074
4228,208.7970672254204
4229,115.5714548547925
4230,2.804236334737119
4231,2.834057766700848
4232,55.005760905498136
4233,3.2453931165020307
4234,-7.48454909857433
4235,69.81004076950504
4236,247.0214116795795
4237,176.00477324932575
4238,3.316463525023666
4239,79.66737932163653
4240,4.406247290373971
4241,34.52571311024191
4242,231.71084073550222
4243,-56.15397934450078
4244,328.5436489440616
4245,5.072920043489811
4246,1.936377399582891
4247,3.91069712642049
4248,4.142663683554352
4249,-20.589912364509548
4250,2.516375145796049
4251,294.6905401793073
4252,6.644908493628315
4253,6.013959723253244
4254,5.156779962279803
4255,-50.61346012991406
4256,1.9948932612509023
4257,111.24557693532049
4258,2.3445209949214583
4259,1.592115869113065
4260,84.99628963533239
4261,2.4115191407350545
4262,283.24982104315063
4263,92.82926939623341
4264,2.677361008174331
4265,44.94466763131415
4266,4.148275309804411
4267,6.277482312553672
4268,5.594818134375538
4269,207.97516437076496
4270,171.25934932577465
4271,149.64082448961676
4272,4.5611895418474
4273,8.079211490392659
4274,102.90828086783422
4275,6.748611933055296
4276,287.52955633552597
4277,233.88084761516282
4278,376.94577786041947
4279,309.2445379971932
4280,120.79064414917866
4281,90.36299141726286
4282,12.695580899333319
4283,6.340961154906929
4284,4.4321706254686095
4285,109.42680271637064
4286,309.4361461142702
4287,1.7774143304758931
4288,208.07971808087677
4289,207.85417267485502
4290,177.10157471825767
4291,2.938741043731066
4292,5.032391810246603
4293,6.568951836333986
4294,-29.266485990028407
4295,1.102714815035732
4296,5.322898447357364
4297,6.450764370523482
4298,5.752639650991785
4299,58.40765615932722
4300,46.776217200009725
4301,1.268708366860002
4302,97.3022364214246
4303,1.3442286243727026
4304,-40.83606793910082
4305,3.6825774334114683
4306,294.2556507590414
4307,2.7493700201591817
4308,17.320387396005557
4309,4.614701607874784
4310,2.9631040575212335
4311,7.823149193512394
4312,307.4711989830698
4313,3.011423940004632
4314,3.1986092227555636
4315,228.9526674929548
4316,1.4280194253300462
4317,192.83992222432124
4318,6.161352582124582
4319,53.4226396244479
4320,99.29700797681105
4321,4.788117599705706
4322,295.44164165747463
4323,75.91347197181506
4324,3.432438136226474
4325,6.685321162813519
4326,3.4274464048450977
4327,102.76680661078063
4328,131.79290108555244
4329,197.40385886815585
4330,-11.00289100840767
4331,2.576354890040169
4332,2.2683935093965797
4333,246.08029339293236
4334,3.275386383437608
4335,3.6037629182457733
4336,2.167267401815932
4337,5.818419282059398
4338,0.7326638510965169
4339,5.740731105015185
4340,-33.72009807338647
4341,62.69207747416657
4342,189.69744099851926
4343,170.99093858048752
4344,106.41675996304068
4345,5.880692512859298
4346,4.6791096975576
4347,180.2585990990434
4348,5.552569798217868
4349,100.6559847991467
4350,-50.62475708963182
4351,116.22315090097305
4352,195.76037284665472
4353,5.073670750325633
4354,115.67040310203706
4355,122.62327059351533
4356,1.905558086285892
4357,5.305779540210502
4358,321.6711645201631
4359,222.49060253564107
4360,3.502258690453917
4361,-3.334330255684301
4362,1.1805837220464626
4363,3.907461167676402
4364,4.398840032561497
4365,1.6525416910754906
4366,3.3360525692826677
4367,257.4670533244164
4368,-30.624468959362776
4369,80.09620200123436
4370,6.35890567012496
4371,198.52619777091473
4372,79.86128424456959
4373,324.6313187581168
4374,6.263681225882507
4375,226.30621346147248
4376,277.51297693749024
4377,5.4564408545862495
4378,5.771294163346924
4379,168.5169018110857
4380,3.010666295811249
4381,2.4556749781763605
4382,6.654224978133463
4383,27.924053616965484
4384,4.935356541539591
4385,195.74941860197447
4386,35.63388789424606
4387,288.220570000468
4388,67.23113346985195
4389,6.666313063357377
4390,4.443003168776526
4391,3.885508222129249
4392,2.4445097235703557
4393,83.85861097043161
4394,76.48992001876388
4395,3.175557043587993
4396,14.797313100029946
4397,2.516004034421109
4398,6.397558936441272
4399,3.7518680193400202
4400,255.37876664740435
4401,6.819371564246692
4402,237.75216800856577
4403,247.93852054281706
4404,239.77439877592053
4405,356.8204072843878
4406,48.00788174105486
4407,96.52435690803854
4408,6.370442794648131
4409,112.02751794359997
4410,-91.75756196372205
4411,2.7523747789252178
4412,273.624465532689
4413,222.5400819775246
4414,3.7988976870962525
4415,191.43929368943066
4416,66.05376758898285
4417,2.6909939033468104
4418,231.0941982866702
4419,264.085913551235
4420,369.893527163453
4421,325.47757535397045
4422,11.713641666555922
4423,2.483999696943645
4424,51.08507387790448
4425,187.74431486127529
4426,5.470757966105232
4427,215.89234671810345
4428,6.533291149099175
4429,5.066172866193178
4430,5.1549649426091975
4431,178.47252039886155
4432,3.9075580589267367
4433,3.793571503231986
4434,102.86865732402504
4435,5.6574219808978965
4436,6.499003046165631
4437,11.227035632592615
4438,79.67570176670264
4439,7.065424027782905
4440,271.4075343453059
4441,2.124171483728274
4442,280.4118861231375
4443,6.222136300445186
4444,277.53113141471965
4445,3.9783476150643446
4446,3.727779730785359
4447,149.11412284463464
4448,5.268430832304006
4449,-14.111444624620805
4450,66.07221259243764
4451,103.84956468247535
4452,286.7278003145194
4453,247.23492109071083
4454,4.580178611009975
4455,4.9935839025558355
4456,204.23806826389318
4457,4.030503192380376
4458,6.793116919924273
4459,83.80223159106933
4460,0.6783113995792329
4461,84.06217760455095
4462,153.67342638022757
4463,45.23657008826416
4464,4.259431094243452
4465,98.9462186676138
4466,4.527264917081582
4467,-5.447092325262498
4468,1.7882829912741471
4469,2.154437824915947
4470,4.828063392959283
4471,3.0836187484515323
4472,258.1024942181817
4473,3.172823287559758
4474,251.29686834323866
4475,4.527717855577974
4476,94.53057479653266
4477,5.9012779437598155
4478,3.990991168362674
4479,144.41103847455184
4480,290.577871705936
4481,3.7111915049531485
4482,194.56497327240874
4483,69.40314029698473
4484,313.314234814221
4485,205.63914501390798
4486,2.425546671225634
4487,114.0278101317493
4488,54.79644775868722
4489,-45.005464598271786
4490,103.98378651526744
4491,5.235160040058247
4492,262.82717902061523
4493,319.8581991057432
4494,-1.14300509497004
4495,2.6737786785677877
4496,102.30858997287322
4497,6.695230074158569
4498,193.77058879842406
4499,310.68446996912485
4500,162.02481889350977
4501,5.501348372528713
4502,5.955637464487442
4503,195.7051918039357
4504,13.894583829177435
4505,68.4310699676164
4506,2.987551911621482
4507,-3.653574084996939
4508,122.0590635125707
4509,40.56284652128293
4510,2.2626855703357123
4511,272.4016444728672
4512,57.57839951564443
4513,109.5466043369194
4514,2.9746765681439253
4515,2.6293210634488773
4516,3.355489152340805
4517,4.997227252143093
4518,4.506400518794802
4519,113.99821256020496
4520,54.295145216273994
4521,2.6083345047048105
4522,57.61897119711863
4523,6.665384091297412
4524,232.02767408901315
4525,19.243553203001927
4526,2.2508229875817096
4527,117.82169625023124
4528,134.07306008736782
4529,100.29852530790174
4530,145.07992062000426
4531,3.925462963925047
4532,4.085719335960494
4533,4.621341623821717
4534,61.9877387728353
4535,5.748766389424151
4536,1.8672784632904622
4537,1.846285145462632
4538,6.418768029574041
4539,285.55808935177515
4540,173.1055179777328
4541,3.3172573128432696
4542,2.777948195843341
4543,206.40540231672713
4544,34.031342113243014
4545,5.192853063417438
4546,30.985154408219977
4547,6.008590333911245
4548,178.20001512473885
4549,4.767714654466206
4550,245.40478948952335
4551,26.349873488696296
4552,130.77319288152995
4553,121.91838869388448
4554,4.472352448224042
4555,192.78764826261244
4556,290.01146784259504
4557,5.125738941213989
4558,4.416859921895685
4559,72.25703401935536
4560,7.3597905787502205
4561,5.271191672493565
4562,185.93102154363123
4563,45.70190781606975
4564,212.31664949641296
4565,71.1372167731104
4566,221.1192924871484
4567,269.90426564955425
4568,138.4357845184421
4569,4.65605919926521
4570,200.03564489926802
4571,262.625994482848
4572,4.993059094913048
4573,3.038472831486152
4574,1.7933297079481116
4575,5.23234588399649
4576,146.13830381585137
4577,256.7182672586704
4578,54.64075149195112
4579,7.459602901883508
4580,0.6522009379146592
4581,349.1691218514752
4582,32.8955370637232
4583,1.5519892841593097
4584,273.2567153251026
4585,39.37686414876464
4586,6.694947020817203
4587,4.180976563417092
4588,1.3482356752436129
4589,4.247219077776953
4590,2.981448962572089
4591,77.28318710935582
4592,5.357470635253996
4593,88.80975081493966
4594,-17.49680822122245
4595,2.9023035534317745
4596,72.67311245803023
4597,145.46093628459187
4598,4.337069989930143
4599,-44.141371643352564
4600,85.18007862911145
4601,6.943694934377914
4602,5.320193805082682
4603,5.289786580890516
4604,68.60908037106078
4605,1.911468448450702
4606,156.8768854725716
4607,51.05765455122322
4608,4.598355585020768
4609,217.4026068558482
4610,144.08291771373644
4611,100.2555569018335
4612,3.577479773382561
4613,-68.93262230431182
4614,76.64979452463808
4615,-45.673305932725455
4616,4.796427462726214
4617,4.974067319214679
4618,3.980694139021887
4619,6.220223835317567
4620,6.661105977291259
4621,69.2358246076983
4622,3.9251951904774094
4623,6.318097661491306
4624,1.2729853220189924
4625,88.31622236886216
4626,48.298639879285844
4627,5.606628831691238
4628,5.890672202679699
4629,65.20575251235061
4630,5.446112075808138
4631,-10.970183353067464
4632,6.6543981658945786
4633,222.43116778648914
4634,5.942040719001962
4635,6.045531934584746
4636,39.60956945435585
4637,6.96891240609231
4638,397.2035819500431
4639,275.51470694155836
4640,2.0721019254299664
4641,208.3537590644085
4642,121.5061994436065
4643,61.63535768810867
4644,68.30559892437714
4645,5.755015593864015
4646,47.182994020644415
4647,22.234010586366878
4648,199.37378560658925
4649,127.38642965418654
4650,123.6564572203435
4651,44.35226072338477
4652,4.598386390469779
4653,251.24308435281796
4654,-4.982182834420176
4655,5.564343319169156
4656,2.4529014450038353
4657,3.1618259396975437
4658,6.2188936010252585
4659,84.6302910415136
4660,2.8266011483421005
4661,2.6253077419223123
4662,3.462941385636409
4663,115.58639318058303
4664,5.874304079173568
4665,137.3230473886178
4666,240.64029215343982
4667,1.8425956748380057
4668,97.54383989232468
4669,254.7206235775224
4670,45.23886528074452
4671,1.9095453142008438
4672,0.7037507034102815
4673,69.74901840164674
4674,298.39457298070806
4675,1.7520805457169126
4676,134.93116243852717
4677,61.539518770475226
4678,5.489755393489368
4679,68.80142937889303
4680,4.003619610441196
4681,1.4560641213082866
4682,194.073667073685
4683,138.30045068027755
4684,97.55502022044286
4685,242.1480161710831
4686,4.378170898365274
4687,216.83487464598952
4688,339.25864671370084
4689,79.39659226565628
4690,5.948965572315004
4691,6.938037344662623
4692,4.206872260331269
4693,101.7316545455351
4694,4.196093438939657
4695,374.2364457168602
4696,4.505733676102886
4697,2.491266377199615
4698,4.7442218863661765
4699,4.110003225862211
4700,93.97276381245464
4701,5.216969100224215
4702,2.0115673428623846
4703,3.7241137680146075
4704,5.153087840251554
4705,282.40722695615193
4706,3.416395804782019
4707,4.938556644426294
4708,3.2542578997348657
4709,76.15428055058536
4710,150.03309023397458
4711,6.274985700085095
4712,243.48155456389102
4713,3.613803428039783
4714,5.6877563708348955
4715,75.23922631230828
4716,80.09147560315131
4717,7.349700659739549
4718,5.469307479667824
4719,191.67645031871655
4720,157.7335456743764
4721,6.199061805211315
4722,3.8103184292707653
4723,6.32722800614013
4724,72.06576631576674
4725,177.39792186052978
4726,3.487622182384416
4727,263.33706382644937
4728,245.33414840273645
4729,3.7809118739179817
4730,177.23731642210618
4731,61.2607612115753
4732,-59.03328400188711
4733,5.473307648547839
4734,6.2286820554950815
4735,5.2741773182797
4736,3.309456697652769
4737,65.9243502227513
4738,-23.27945470827348
4739,189.12224893193059
4740,309.55414476250485
4741,5.081583517881536
4742,82.17956203065935
4743,5.331250329087512
4744,267.41925904989733
4745,39.80705216723045
4746,3.9163935602958624
4747,2.892194505029282
4748,3.1441860627952094
4749,5.64960090224809
4750,5.782688964499998
4751,3.662796650882648
4752,98.36808038866758
4753,155.29505484390953
4754,134.40897497276555
4755,3.980332602772525
4756,2.025104852065933
4757,3.2231547617396448
4758,79.1051653550913
4759,114.5130201229696
4760,5.085747574678287
4761,3.331428042651198
4762,187.00894144284564
4763,214.44344835803935
4764,2.3802656550547288
4765,333.4147889239911
4766,25.73406933044683
4767,17.563440455074996
4768,26.20150487912416
4769,-26.265131555246207
4770,51.27205724081823
4771,31.59296425361908
4772,3.7399449317857076
4773,4.172842953871614
4774,138.5847950036028
4775,2.439650815575644
4776,2.4924835820078397
4777,193.93349083988912
4778,5.063446831235735
4779,39.58140117674216
4780,1.3070964284636923
4781,56.953447263534976
4782,4.888665618166448
4783,3.867086959941757
4784,2.474661206733133
4785,66.21705540068355
4786,68.92158966962695
4787,5.52324477841198
4788,3.737769567951308
4789,2.8851355601880284
4790,126.46336415580893
4791,167.59038651849812
4792,4.422180277137954
4793,164.34321066026666
4794,59.870431165908755
4795,228.40938233685705
4796,3.376447945611194
4797,138.33376739913507
4798,5.873350493467703
4799,4.075470084949464
4800,354.91476134310153
4801,3.8345027125611306
4802,4.999225050641783
4803,272.50950520143203
4804,1.6284187825108862
4805,230.12428378399395
4806,4.015486926020411
4807,3.279552984279745
4808,61.12903272993991
4809,114.7593279382085
4810,1.6361584858888123
4811,2.1150787807553884
4812,5.35059627784505
4813,259.0878966430452
4814,238.7656517698212
4815,2.8124244106821443
4816,2.7094578684166972
4817,6.231608070698705
4818,1.698443391808121
4819,87.36941556997064
4820,2.7160017743054707
4821,186.95344568039744
4822,125.8957831031737
4823,5.059327439801223
4824,2.942208935232142
4825,269.67469876306376
4826,4.502899663230387
4827,6.014389793549192
4828,215.68007630180193
4829,119.08450158091614
4830,95.49743536981028
4831,213.8200033309427
4832,6.860398471212879
4833,3.716103585583468
4834,111.75667206042533
4835,3.839131080769147
4836,6.406018455111896
4837,203.54925768676446
4838,35.14835912901263
4839,308.8843491545257
4840,2.495526152688512
4841,109.21314102167318
4842,28.349780441518686
4843,2.3462433142096706
4844,3.7988899401376273
4845,4.5462501838387395
4846,7.141563468544477
4847,4.009908643772546
4848,2.397228694671695
4849,4.338285580340152
4850,6.696465760345681
4851,5.822646974101403
4852,107.88914397357581
4853,293.52056902203174
4854,2.7596665315913658
4855,3.2068973488781425
4856,199.26788473724383
4857,246.71050106414893
4858,235.74465575134656
4859,135.10146669027313
4860,248.88648282778604
4861,-14.838851632638084
4862,120.92962893915202
4863,6.95451010350673
4864,5.917014432206063
4865,1.913826727127873
4866,1.2811988711046363
4867,3.5214905533021277
4868,67.6929629932348
4869,0.9605338247276864
4870,142.67539552047367
4871,6.720198670072985
4872,2.31606598023184
4873,288.3572619125299
4874,9.83629740667923
4875,3.420249338164779
4876,225.1630361221624
4877,6.3235716661837875
4878,85.11004290206935
4879,69.98828447627832
4880,5.920712250298082
4881,6.301819634905582
4882,23.437041496304012
4883,1.8161108636159162
4884,133.95173718698464
4885,-51.815191863248835
4886,241.9904476201453
4887,5.2047517499085805
4888,297.5810082232677
4889,53.165841215174574
4890,217.748149657996
4891,128.06718078470573
4892,1.9780189017480687
4893,5.798207096578843
4894,102.9446688411677
4895,6.71069497487142
4896,5.8235692541396435
4897,5.486094873903049
4898,5.129056536992172
4899,206.67523810641154
4900,2.0498899531498593
4901,276.97449501597737
4902,4.108428608245958
4903,153.22503682997888
4904,378.0119619295757
4905,85.15274976774563
4906,154.41834833437872
4907,185.5695079665582
4908,4.383697024999994
4909,139.72154747795287
4910,152.23768830961848
4911,88.48968325523705
4912,5.571478516179515
4913,177.44123541772672
4914,186.46370402602082
4915,4.376042953361782
4916,4.680558389976689
4917,6.384990764848516
4918,2.5416783108113874
4919,-4.07355451911243
4920,2.1757591844783426
4921,-8.125255377668626
4922,168.28816337540042
4923,209.55501644105937
4924,5.82595814508203
4925,2.353574292263885
4926,1.4297083262792354
4927,5.194056006286994
4928,3.1188366251440387
4929,73.50466032338656
4930,100.31770831723381
4931,-24.709369971569565
4932,5.955151481013363
4933,239.01326738474648
4934,-52.52675209794617
4935,49.719350811664924
4936,254.4882873039079
4937,24.516132841734766
4938,74.02774420873948
4939,60.66135990110551
4940,3.883186613997868
