id,target
1,4.290906490042684
2,2.5866386171796103
3,311.84181784101696
4,-36.193501562299815
5,4.278536892526642
6,6.740986130425521
7,5.422063320288757
8,71.00637364396069
9,78.4805249142507
10,46.1969457527535
11,31.12337463850397
12,-5.622604349639369
13,264.74372336086753
14,195.648591165272
15,4.0865603760802705
16,270.2633378021188
17,2.8772144538091693
18,96.96392391674966
19,3.147110405161057
20,6.03042599455059
21,-69.48998007053062
22,58.09457337802667
23,3.5272698254030628
24,2.390074890757032
25,36.515104548171244
26,79.91237297232054
27,1.3337909091661075
28,157.05849566571987
29,43.45194920982855
30,3.4673904628295924
31,6.421021413299412
32,30.42467577412767
33,47.558007976199264
34,3.9820471876510357
35,2.307872959846772
36,5.753312816400803
37,266.24606344595657
38,245.31666995262987
39,66.13056360665495
40,115.50589378501725
41,-51.40955797501799
42,2.638146574495549
43,5.968453697700194
44,4.552246762702212
45,123.55401878017257
46,39.07278344225775
47,2.612192802974964
48,-92.20650377289756
49,3.998619488364146
50,1.8311791911615003
51,252.7441242716699
52,3.0577021722453366
53,2.5912572275631334
54,69.71246828712437
55,2.8489405195462467
56,4.108660471493175
57,5.533225440994593
58,149.604968231506
59,240.53414725895
60,6.763034203714539
61,2.2217132149154017
62,225.87367882724925
63,6.677481025521233
64,2.648204670758502
65,2.2653649740677073
66,4.425683707987526
67,4.55736489923236
68,184.8596876389962
69,135.8992773197981
70,1.9340268222754118
71,2.3545099442991364
72,2.136803887135007
73,27.334749773895002
74,253.09392230097166
75,212.9099672456511
76,6.683741995998201
77,5.83940042101792
78,144.18973018194436
79,270.73812389577586
80,3.7459486094873697
81,38.007999951773286
82,4.339958808091818
83,162.7595401860029
84,37.9938890133833
85,30.064719187473152
86,2.246170215054862
87,56.841892125676324
88,193.15465197131329
89,6.060141836978864
90,5.304650500450413
91,49.38299442746522
92,38.069087210697965
93,30.597133684271775
94,5.0512914157997155
95,3.7724667261814044
96,2.852978475601907
97,7.8913684475790005
98,215.17645414191216
99,94.39908306907913
100,285.69947624521836
101,5.828304873094947
102,247.88250800989465
103,2.9457121513001976
104,6.908129557941833
105,141.50576731918213
106,-3.4105635049696486
107,288.0721913750468
108,2.6859166013675315
109,188.10177222848066
110,3.3404541555510368
111,51.7436890798199
112,2.1780582204499335
113,206.81583405379996
114,6.720251104511321
115,5.295105764549251
116,391.0353317443255
117,196.25783771271307
118,139.43484990765364
119,237.26630434842053
120,333.31130645927345
121,148.6749847465039
122,3.7854977325475665
123,110.08870166218054
124,261.0725658174705
125,134.38390661339022
126,6.3892553572715745
127,127.1637266454322
128,3.724647852116706
129,221.32485439280535
130,87.98202741488113
131,77.94618691737605
132,8.5097645180632
133,-99.80045101884957
134,304.0374179446468
135,5.9582744264437
136,1.9903713181844351
137,145.17535325019207
138,5.798058463136049
139,197.41024929429275
140,292.38292166360816
141,60.78543381290578
142,-22.677832864399505
143,81.66849810688913
144,22.6379252384337
145,6.18162387183342
146,167.0145635442859
147,217.15506137752223
148,1.60356759882304
149,232.6783332136441
150,76.68353613491031
151,279.27295532226924
152,254.91642029662466
153,180.30439118579505
154,10.556459619689264
155,4.361842093767781
156,220.86780214508713
157,129.30347259166115
158,118.6906779273401
159,133.17626273839932
160,6.433554544804847
161,63.76399416805023
162,4.836370250657051
163,291.3963453305591
164,2.9591178447294544
165,19.641457264983654
166,211.52359634353053
167,314.974724584456
168,7.084646829680058
169,1.8664105668199042
170,227.36944700424905
171,2.9807924134170607
172,4.435973639277459
173,-43.68438837273392
174,4.121594053433534
175,5.4868120360628065
176,149.29419043157728
177,80.61227387700207
178,327.3921161235678
179,137.00711571018047
180,233.71268097472023
181,7.0906711451199325
182,2.4619821203107763
183,310.21714026043287
184,6.774204349084011
185,1.638065571586593
186,3.58542355084852
187,3.326177348508052
188,3.9968435049422757
189,88.478497507128
190,4.370499476626981
191,2.458610230733771
192,34.979625022355776
193,3.058893715542896
194,320.14660112904585
195,100.71000412007517
196,280.93317981046124
197,122.4528314502679
198,226.81969101768294
199,86.98970447015182
200,2.054240455293228
201,3.2973557002748604
202,82.25668434856665
203,36.518595014652405
204,4.322019447738526
205,269.5293307874962
206,78.87128458620712
207,228.84538388678396
208,131.4240127258486
209,70.20602960434888
210,157.09597160360548
211,45.18844189995658
212,111.02925705091903
213,269.90208938255023
214,64.35962084060367
215,20.48696869879017
216,145.53542951953906
217,92.65408207970539
218,150.82256902960742
219,211.34582285818612
220,5.765790142526336
221,219.60246753635047
222,161.50717547372633
223,2.9151613229231357
224,191.31065980913502
225,275.6329429160519
226,199.90144019271438
227,34.70096817792637
228,269.6358531425062
229,251.80644821730996
230,0.4229459623125309
231,225.04407334274606
232,47.556206536591965
233,56.780095701850726
234,257.29942054270083
235,104.79410381530072
236,2.0472592251609245
237,6.389869101565077
238,40.996631734538674
239,6.326485392910097
240,175.56500341444257
241,315.3754669764687
242,229.99061129789834
243,3.9764790467100375
244,4.029401764198435
245,56.00909056464427
246,132.02962901599423
247,137.28392332151333
248,6.425960065096634
249,5.86641177588857
250,59.35184784930866
251,68.72591804712869
252,205.5915122531514
253,7.924629831558369
254,212.28753548669192
255,-65.50255257540469
256,6.380768164570997
257,2.0201824039080307
258,76.81173753484524
259,281.64312036149533
260,2.3225825021433764
261,5.722426144010293
262,6.217633124704655
263,-17.325514467989517
264,3.6032879151858097
265,3.318771011586629
266,1.9875469088930722
267,4.20134639043264
268,1.610228255506661
269,202.69956769212405
270,3.1127375552586636
271,147.575840136014
272,127.29013338960196
273,4.642254830318204
274,4.728445721524572
275,328.1822043920754
276,174.43754787045367
277,192.43443433451898
278,-64.96130324545287
279,3.8338165357859526
280,192.09650968401326
281,5.095049603317344
282,194.29130177911358
283,190.40509914031168
284,145.6081124450805
285,243.98025323019897
286,147.32376699492977
287,244.40946289528986
288,6.272301239573073
289,135.2523164981563
290,4.919913024172972
291,65.56632772279512
292,4.140888051815538
293,81.2408487454376
294,110.49414759426097
295,5.006376614720855
296,126.83255632761274
297,47.1130914389293
298,-27.417756127576027
299,202.3891814936201
300,5.761085977840065
301,4.020578934958237
302,4.751055979321258
303,4.498597739562191
304,4.003749077505593
305,4.820794325893773
306,245.42321210797323
307,3.142999977590234
308,2.962628361532115
309,146.34771171071642
310,2.1308567094472264
311,2.4151388090384205
312,3.414306417034606
313,135.8474426881066
314,4.047441426480282
315,0.08428787465206591
316,3.1194012685331316
317,4.052157517736059
318,4.016992911786616
319,59.77559452572247
320,1.759199415737194
321,5.862428789336984
322,2.7863444389535856
323,1.7566268890773715
324,2.581834956794435
325,2.995789877172448
326,4.935743464038572
327,42.894649979271264
328,4.951115788786327
329,99.77834121857828
330,51.13426838461617
331,2.809066568224189
332,5.558242950762049
333,3.372047093105789
334,6.780267044642388
335,128.62449340676812
336,4.058433657228429
337,2.320557534536291
338,122.04836514203713
339,29.837289140893418
340,285.21970838291054
341,103.04419736413291
342,61.325858486152306
343,3.4064834112577587
344,2.554136986213392
345,122.40261535564963
346,2.96055570029679
347,5.4634615903722965
348,42.07852666832338
349,-64.11705726568103
350,127.85725644128446
351,243.15796394248775
352,26.333849528637746
353,1.2064795344321073
354,5.942051277984939
355,319.84890248529035
356,223.88915203704943
357,3.17214506389268
358,11.977616186877109
359,4.509065055996427
360,124.2765487951931
361,4.227384176556403
362,5.198935797130152
363,49.37294847281731
364,4.471714272354183
365,5.381005784683359
366,76.86284007914054
367,4.421333617104237
368,246.8793632229648
369,4.815985235330463
370,-12.641188374539242
371,259.05240387250257
372,30.80180891953844
373,149.8888637019954
374,-14.033665509670147
375,109.75613903977192
376,2.86692342831953
377,2.906286995807448
378,3.9284782267884015
379,3.1598270415064937
380,0.7211143493195449
381,6.110469134239776
382,6.458973320645671
383,168.31569535652133
384,1.7743104559046876
385,3.7051742786140758
386,270.5544410614127
387,2.752278167849427
388,4.039577073750771
389,75.27881397157422
390,4.866342600519059
391,171.10080711835352
392,6.595508327389286
393,3.8189645609215472
394,316.19040640757424
395,188.93856322584236
396,2.483712883738006
397,1.6976262853153923
398,6.6795659820409465
399,170.0873473100761
400,238.7161806256123
401,1.7389724650768281
402,6.367521411042597
403,5.5697104168058855
404,5.84645599568777
405,11.044198049757446
406,6.988593620037861
407,-71.38252716750246
408,4.406649201307784
409,2.8453882806594772
410,3.5560715034566543
411,2.8151783601377214
412,-7.324639990560953
413,332.93022115913385
414,5.788879156982583
415,50.617856555352155
416,2.999266126987237
417,6.769935294812021
418,5.228603095660741
419,5.714688373877252
420,4.397125818919741
421,137.8743292668841
422,162.52788362312165
423,183.054306209134
424,132.78621931476414
425,5.789541465441125
426,235.33423002734293
427,3.573552778516673
428,213.85830652718988
429,3.312174245749362
430,4.436580235360604
431,264.45799517408045
432,142.1572722551399
433,13.113623766307366
434,6.878108824926931
435,67.20712583555589
436,243.21070069596635
437,233.77847297402366
438,170.5766781031526
439,5.922401544570145
440,254.23135308323663
441,195.19613906292997
442,130.28214514539582
443,318.30055537544655
444,5.696757714659279
445,6.451177587338455
446,63.62543132659696
447,1.186125933115028
448,6.328095308323638
449,318.6502310541881
450,275.0108674370997
451,151.8520396897037
452,232.94908101487871
453,1.7871009477666422
454,4.411532400315466
455,130.12037606820462
456,2.5601648583059795
457,4.839500874652525
458,266.5777734650445
459,71.8226743367828
460,16.181342503043684
461,127.47977346140311
462,6.796861439562103
463,193.64368053376006
464,5.109759166838186
465,143.07013697210982
466,70.19135386096656
467,2.0646263486398535
468,5.4855531392024215
469,31.203637887782644
470,45.95786530199384
471,1.7591747163524405
472,1.857534356956837
473,39.35721884045642
474,5.974050501337997
475,102.42640034359553
476,6.552622337716713
477,1.8658151939127472
478,4.419565290535655
479,214.79662231799855
480,4.286285372060843
481,6.15540519863413
482,222.72429156396313
483,1.6591906922073592
484,213.25227810347428
485,112.52041602981532
486,4.713483852680981
487,2.4813372242442195
488,208.63608488909452
489,2.547372499148943
490,4.6697403554305925
491,6.729426411775176
492,3.874544202011893
493,3.8916046252474357
494,226.43514518145733
495,5.829809996629822
496,175.1441772795757
497,6.448148505264467
498,6.000963493688635
499,5.448648447126259
500,5.592175353886115
501,3.391569928442817
502,320.99047505367815
503,98.9136895492189
504,0.2816308759305013
505,1.8056140096134623
506,6.471554958562626
507,327.50033454108507
508,47.139125527580546
509,285.7825747608806
510,4.197860477138534
511,137.09741400994835
512,190.48997388863972
513,233.1602339839598
514,312.7859045337218
515,294.7957112319911
516,235.81303491178335
517,296.28550203733215
518,7.3352506413728085
519,49.182184915664976
520,287.4762272785227
521,1.471399720538622
522,3.9898753424770375
523,227.01176667507224
524,4.392828915986426
525,165.8304121129656
526,5.836107705713307
527,4.6677825736725795
528,4.047116780797513
529,6.408349202860909
530,257.62760296513983
531,69.02251061081898
532,3.688305059848472
533,122.01607837229756
534,4.308553079868025
535,6.592639575293964
536,5.905970600686269
537,1.6018556782239857
538,5.102750500589647
539,271.098578951797
540,252.00466087785205
541,228.05862370468296
542,60.63644026764352
543,106.07098293385825
544,6.254763361559437
545,4.003467174493307
546,3.4720314755806507
547,2.1147581789964796
548,330.07938119653187
549,5.7833776632024785
550,247.99773634513056
551,5.924315129013648
552,125.68057705988501
553,3.946773867276886
554,75.48607866614942
555,119.67024635517345
556,239.5260404211458
557,204.20163088027348
558,4.5907300567356595
559,5.889275753539187
560,162.55329917909776
561,189.24722951721625
562,166.47611419289416
563,3.2633641294354563
564,35.95963680274929
565,172.06908323397272
566,2.985593267948918
567,55.154621037850674
568,107.43002607207028
569,312.84292494293015
570,2.98645094629489
571,206.99396933736392
572,3.4975264541046167
573,85.84885577365795
574,104.50238244323015
575,8.03340306245032
576,1.7631909391577156
577,3.1827785544908993
578,164.14575945191393
579,-3.3656211378396756
580,292.00299714215214
581,64.27028231392688
582,79.5790789729703
583,5.435337880365084
584,3.0657559080992627
585,162.17064906619848
586,4.607915775374712
587,212.98362378137273
588,2.89296573972163
589,195.90172431776531
590,272.798681798456
591,138.8284450895209
592,6.936568877111745
593,242.2616864763276
594,273.1213201281488
595,36.38997298840478
596,5.45127157872466
597,146.81922881462572
598,2.2357378139998216
599,76.54201336016068
600,173.23674922351205
601,166.97037027215387
602,37.23913868718761
603,2.082049185405184
604,255.2306973925309
605,2.5873902880396136
606,2.5174727251241693
607,6.294587649713103
608,43.355583196807615
609,287.8634782090555
610,43.073620047572376
611,60.249426959507765
612,3.032297235325419
613,3.754213157651382
614,54.721145373592734
615,1.8563668267897175
616,188.56638648866536
617,-60.1032928360949
618,237.09201607934864
619,4.562127215791283
620,5.238488854585608
621,183.37466637842905
622,104.94329654493247
623,172.54077032312932
624,205.30521745350407
625,2.378872039175676
626,1.5759458070946408
627,78.3319688954074
628,4.435643134776157
629,216.02158669960156
630,4.47511875725535
631,2.0686968752375936
632,203.30099336434208
633,143.83327705455557
634,230.76199616082613
635,2.517117893319259
636,103.96940003345786
637,99.04594379050722
638,6.9362235895700275
639,28.037523676719236
640,123.53510797368128
641,6.836557180314094
642,2.8938415522047034
643,294.10146420061903
644,3.3456556602707774
645,84.24676656622725
646,80.88936363337525
647,176.7702638470609
648,271.31593973953915
649,381.653192899054
650,347.2203421342964
651,121.44320638350126
652,49.2592413819306
653,3.1456000064988867
654,184.35996478712855
655,8.864433494707308
656,188.95813568647375
657,188.85255775438898
658,276.25134878114756
659,1.804692693680329
660,132.83730878577336
661,3.925834646559699
662,123.05341518559855
663,3.810801018348053
664,-50.72349772089525
665,91.16640916395028
666,145.79161685649012
667,248.66828036470557
668,340.64150769209476
669,134.6742835849341
670,208.70463550517812
671,117.72140258353453
672,94.05148342064334
673,4.138080503384956
674,5.5169659827807935
675,5.614177779975871
676,6.336136718977947
677,31.626461387172625
678,182.26431446154936
679,4.780880276094963
680,3.029043045533768
681,1.8867348368168637
682,70.09980961442328
683,6.286887192343259
684,173.27131934203447
685,224.85385729515974
686,5.963038074266677
687,374.8366971067289
688,78.40770575670639
689,95.27189346915489
690,342.83044049132
691,3.943441771373287
692,80.72599905526766
693,5.239606862689563
694,7.1698934531079495
695,17.095161518859847
696,280.34150950209386
697,0.9464893872451563
698,222.85836702800165
699,1.3794811155279783
700,246.56139938721606
701,3.507596564251389
702,3.197459778208222
703,59.051262931718014
704,88.71518588616652
705,179.76730503196293
706,171.3647670591412
707,144.24552401431671
708,61.69185836230628
709,87.38628914518792
710,203.57202745282723
711,236.28725555365747
712,8.019989702283704
713,-2.0507486582542978
714,6.40702683870733
715,249.2526554425755
716,3.0141425218211184
717,74.94608909166917
718,369.6136830872453
719,209.0401645867162
720,4.249943491184709
721,148.1912511510594
722,2.5408932264804895
723,6.401733923565151
724,2.1305440113033534
725,2.7229260465570957
726,110.48376106369457
727,246.37735305273142
728,36.8089128142949
729,72.61686400055942
730,34.87483398285251
731,282.77766158667004
732,4.733460397710315
733,6.588671372569873
734,19.068021466205554
735,247.9755323602956
736,58.36576754130191
737,35.62874724314917
738,133.75784537652504
739,298.1796062639187
740,138.85881725089547
741,31.203605109348416
742,262.4754350795706
743,152.82211534870174
744,1.9773668441903645
745,293.42439076282517
746,179.0054702963667
747,3.7225042574565563
748,64.79485978763698
749,89.54125057647467
750,193.9652024969873
751,59.32793454635929
752,249.06346711198987
753,1.755916238977609
754,249.13426430455246
755,6.447784603453843
756,5.963140856223033
757,209.32156809124794
758,1.8441686762522704
759,87.10318242180527
760,9.752848945148546
761,229.34557049848104
762,5.060350640067313
763,2.282764845013596
764,64.0763851481671
765,4.40310018512536
766,37.15394848896161
767,1.0217821671031695
768,5.007834091267608
769,5.774237452566356
770,2.1620714393480855
771,261.73031353132467
772,73.41833967334152
773,120.36040222973762
774,-14.494545738670782
775,31.991212610185954
776,4.276138033536241
777,230.31753921976588
778,-16.365505250831976
779,167.77812467156937
780,70.86396263505797
781,312.4088498741021
782,3.682548374825604
783,46.62045196179584
784,2.683039853462456
785,41.93362511844253
786,149.50111742502227
787,5.5256546829623545
788,1.856414279531383
789,164.79682465070096
790,83.24112398475671
791,-14.346256997709304
792,113.86300303654502
793,-76.59186079878616
794,321.97330818154484
795,-60.810233382454015
796,123.32763428978106
797,3.326800778055025
798,56.95307549671513
799,3.1507253944389624
800,5.871903611490483
801,227.55966666987217
802,84.30030229276947
803,170.90740685931536
804,6.63247960921661
805,2.1174590979552903
806,178.24831257131015
807,2.6441229961537607
808,69.97082745513475
809,1.5965424639646102
810,50.999495596461486
811,253.3522076110989
812,71.41619857203794
813,269.6690295132473
814,5.87822215962101
815,4.59657661766264
816,6.861345843425673
817,2.642307106561963
818,8.23224535348103
819,5.096728400198448
820,68.04621856311418
821,5.570476857672636
822,2.0036629922683202
823,37.412997443637735
824,70.31454175683416
825,6.6051771508152335
826,79.8311083742971
827,4.053303811348074
828,6.330029304257354
829,54.68662071830712
830,162.45633753322443
831,105.97125038067128
832,6.058713328031221
833,264.2071020369525
834,191.09680880333005
835,122.97932509920659
836,2.32323655884277
837,48.02871245208322
838,167.08261130954705
839,5.848586420522847
840,205.9084252870404
841,152.07054977607982
842,65.69658062060573
843,2.944180083034188
844,3.5564571378980956
845,5.3467211064110804
846,5.598052241667352
847,5.587653345164638
848,148.90026858330987
849,6.397838904867243
850,86.0492589727157
851,5.469938644973158
852,29.7269388651857
853,94.3524663433208
854,1.3946726148640454
855,6.78166739437621
856,241.74183284778297
857,94.70340038452704
858,75.95276921448493
859,196.15857017373185
860,2.0810382352164893
861,3.682498267877118
862,2.9172448690406863
863,113.35979700452562
864,251.66622956678637
865,262.3702241701235
866,209.8905198004456
867,5.492442685989578
868,125.69000853441088
869,165.38738295254794
870,128.46430247847326
871,144.50422221644092
872,161.7084442587267
873,2.831750886816601
874,75.91362583827332
875,6.629308721552215
876,104.55829340510857
877,41.20778000006588
878,120.46118969681866
879,5.117978281969046
880,6.802201307349455
881,163.3000939456881
882,5.989192899615306
883,250.06165925259734
884,5.91223540080825
885,167.9017985899822
886,69.86999625942619
887,2.326336691903853
888,2.1997377450456606
889,247.25712535443168
890,4.1772673698820295
891,2.76452307395343
892,59.42855766196112
893,4.8499515315602775
894,-24.478535346072537
895,3.560117438893799
896,217.02585670914192
897,2.5029132619425463
898,225.4132690495284
899,-50.143808929688916
900,249.8406577659769
901,3.917112047415632
902,189.337419743938
903,5.17352538259424
904,130.8776656268545
905,1.9818130794311346
906,0.8036274025023662
907,218.72246368573056
908,30.410264260014916
909,89.0545126369797
910,2.6454400158691613
911,6.751990083888048
912,302.5477768599197
913,126.17019768508743
914,293.5007819867119
915,112.72628647234797
916,127.67457159489916
917,-4.654265814873399
918,2.314680737126864
919,3.1434251251977856
920,399.1198834746684
921,138.9275612495601
922,209.5478518105847
923,2.328464544204849
924,87.94572531470801
925,180.95148249784185
926,52.844292045884416
927,57.13755416863064
928,5.299566832821167
929,24.636716837449764
930,13.895845838639767
931,221.60866243013282
932,185.44966915742668
933,4.879399907642953
934,2.0605875528138253
935,207.9127245456217
936,39.20038217557745
937,3.96920440169774
938,4.65010580780617
939,130.491810253879
940,1.3486831298091428
941,5.735525218876406
942,4.6508882266084886
943,109.77037931066482
944,4.3199203828721835
945,2.0644546762027143
946,73.3487638633312
947,49.706713011243316
948,40.665357865379754
949,226.4946318137677
950,369.95940857860336
951,15.842004429965279
952,-21.81780357132453
953,6.331415228135315
954,253.2123163319306
955,180.19823811099818
956,134.33417332240327
957,2.1679974528193093
958,3.140474934907993
959,210.1583502625124
960,59.79434226490266
961,157.7252407299047
962,2.8846097799642987
963,6.398202115810811
964,4.983849520250667
965,6.573394944647776
966,3.8928206737634343
967,46.10032286615934
968,159.74395280841924
969,197.7466731499334
970,6.309782443190789
971,377.11003268458745
972,5.49844110235016
973,109.3996406814437
974,5.230148673245055
975,4.45833045246543
976,5.2933925374483275
977,179.83641943235688
978,299.301278962416
979,2.4736718520811163
980,1.8557222397838984
981,-16.489550308341265
982,43.48999155771515
983,309.88206837659794
984,307.4640865382649
985,253.66767625852745
986,89.19892648673682
987,3.5129122754427238
988,237.83448737603658
989,331.57619225978374
990,124.90313219436408
991,3.97528396102541
992,311.4640700435063
993,194.91204907619522
994,3.216065509621361
995,-11.569604169118774
996,36.67394740666303
997,2.0938197872578654
998,37.33011605808897
999,80.3612300235508
1000,-36.66630460219322
1001,284.43049266343877
1002,171.5205230842404
1003,5.666000762143633
1004,1.1196006152563318
1005,1.840749775461956
1006,3.8540079757909074
1007,149.53531340227772
1008,1.932461631915624
1009,7.298980706439026
1010,45.16437932690486
1011,259.8562343881047
1012,10.633363782177925
1013,223.9317084637722
1014,57.59167422362191
1015,234.98836100316913
1016,6.628981553173403
1017,5.049313562053219
1018,3.408041843798261
1019,6.115062177071413
1020,4.2594812459101234
1021,145.46247448416108
1022,83.02641293701919
1023,183.48788030868226
1024,173.2242741909974
1025,5.32182678754073
1026,3.652481424820702
1027,4.9495722729745815
1028,84.12622517978622
1029,3.816655263418153
1030,24.725635836991657
1031,292.8421549820687
1032,3.0374383856337865
1033,2.4014643691876953
1034,238.53803799069712
1035,1.857797304628559
1036,235.70658299376313
1037,6.754847462131533
1038,55.115520582426605
1039,3.484584748432364
1040,-1.5626693380416699
1041,3.050713719824025
1042,4.331075645716284
1043,3.5523237155560192
1044,328.92333244117805
1045,141.91426236501542
1046,34.65042537807057
1047,207.84985964581293
1048,1.897547379426033
1049,3.346639366050399
1050,5.13465655835849
1051,59.69469773960602
1052,175.83718675245765
1053,260.1033010166915
1054,6.418863140866605
1055,33.79685899752061
1056,30.149672944070936
1057,4.499882723893255
1058,2.8285515576384657
1059,2.7576955876088487
1060,127.43930777729115
1061,3.24728327116884
1062,5.782535914718562
1063,300.27142153901013
1064,228.00093891318605
1065,54.92647009659842
1066,270.69154009194307
1067,264.64247345369495
1068,5.412330159062761
1069,4.462951993075368
1070,319.0247952592459
1071,171.55345208879098
1072,5.681652420271772
1073,2.8487737056534415
1074,6.250233346681827
1075,4.849501777811742
1076,281.65661771505285
1077,6.181323815215265
1078,192.0140739820498
1079,2.9972386309503376
1080,2.6225848337414974
1081,5.879366437822838
1082,4.062590021077913
1083,3.4952586392844323
1084,6.201960405683357
1085,141.8926494004043
1086,197.95983356490936
1087,53.43727288871844
1088,286.246428122364
1089,8.356568118276396
1090,129.37287074033705
1091,282.59206498252956
1092,5.728544031185879
1093,3.7914182303165647
1094,6.565778954955762
1095,3.0592877188878473
1096,2.669056793519126
1097,4.674810871185009
1098,83.40869497449673
1099,121.10075202563604
1100,5.466548245036875
1101,4.825570484223757
1102,5.928549824532423
1103,259.01530470277083
1104,5.266698890226704
1105,116.27544850120498
1106,5.328704644776891
1107,6.246298221710361
1108,20.51060589019606
1109,107.32597064662329
1110,120.15869136251362
1111,3.0367857022886144
1112,218.99362061464493
1113,2.7057446131412184
1114,165.38872708114104
1115,-13.110997607571171
1116,5.720285225961253
1117,292.3203002923189
1118,285.7343864772033
1119,4.771005632233051
1120,48.87712660437209
1121,9.064620553172473
1122,228.03707377054917
1123,3.3931151442132648
1124,184.01660767550524
1125,3.0129832811531454
1126,71.64040273932319
1127,6.319857750055443
1128,-50.86637465527786
1129,179.92511037153577
1130,5.809837486871761
1131,45.49725652143924
1132,3.9385538022486206
1133,-91.63935852318517
1134,175.66689219030536
1135,199.24744920684398
1136,-53.4988763773224
1137,4.3538893875083495
1138,40.469368260580126
1139,98.96818993578556
1140,127.74809251783128
1141,203.149355253887
1142,158.2828022343129
1143,44.70075040607631
1144,-53.48511910412406
1145,126.90430799973385
1146,34.86744184085112
1147,4.663207353340226
1148,107.21997519309512
1149,36.780720713728186
1150,4.347730701019996
1151,1.2316744018464325
1152,4.153822546934697
1153,4.201532375032064
1154,33.607066714683725
1155,161.81300294328702
1156,6.759471375383572
1157,82.6471074984335
1158,211.52590198222106
1159,116.64259871309741
1160,139.75247225971208
1161,1.7412978905040226
1162,5.306560401456638
1163,5.683972256479192
1164,4.868416111556756
1165,194.92321981909288
1166,48.93305984498081
1167,-24.494565442953387
1168,4.868942534129916
1169,157.0892631319607
1170,4.883550518582265
1171,4.441286336609688
1172,-6.9323688563687265
1173,3.639391291533734
1174,195.38609232152112
1175,-59.46450135607771
1176,231.9934638611689
1177,2.1562458630011694
1178,145.0552129217869
1179,2.23345615295086
1180,2.390359230186791
1181,1.8018464679467667
1182,149.91738918896695
1183,6.951089903575885
1184,3.7858298251308167
1185,282.28109364477694
1186,130.01954369647956
1187,4.094777249630386
1188,2.726936399164953
1189,159.09949772217843
1190,3.6725510187260175
1191,2.926841060771496
1192,4.8011888384904156
1193,158.04252155123245
1194,5.599229666798427
1195,1.8081002653137315
1196,273.18300836094454
1197,84.58437110656422
1198,3.3303391397782316
1199,270.23003320751894
1200,65.61166024260865
1201,245.1446060687638
1202,74.11481844476975
1203,3.363464083416102
1204,148.4292884902216
1205,1.7594793602820231
1206,157.21219699290393
1207,121.19904644694385
1208,250.7840772131663
1209,258.8399025626671
1210,193.9265902687467
1211,224.75609403148957
1212,5.7032063502801424
1213,4.066237403891239
1214,194.66949400859403
1215,122.36781939974394
1216,245.84696951030648
1217,188.14589928545266
1218,-44.83967777468045
1219,6.090731275129301
1220,5.785778388246327
1221,244.26641502310088
1222,5.801702683410914
1223,2.246032243235446
1224,3.206852508729416
1225,131.06155562637034
1226,1.488976207717344
1227,4.636356248502271
1228,2.4351127101035908
1229,39.17575579249105
1230,106.50679375827772
1231,237.71074688066514
1232,1.716046257613727
1233,-19.964527711745944
1234,3.096119407528378
1235,14.211372248756891
1236,260.57809049791615
1237,3.753273975006982
1238,2.516782077620446
1239,1.7503055784043609
1240,46.57608973701388
1241,2.1922836214065966
1242,4.459419597675918
1243,4.926733222611587
1244,176.92262997500129
1245,4.314669572440585
1246,264.1964351596203
1247,5.254791331803678
1248,110.74433470584552
1249,141.47297721210876
1250,7.246795804793966
1251,24.89874509840184
1252,5.792165768727235
1253,4.039353638259125
1254,4.342743769782091
1255,27.411237574598793
1256,71.84010323857096
1257,145.52638467324687
1258,261.7692510884236
1259,35.795922699406184
1260,267.94569318649593
1261,5.629284375458517
1262,5.358466307797944
1263,197.17318095589783
1264,2.331492994922242
1265,24.59855898133225
1266,131.80572398578573
1267,2.1449128554551655
1268,6.331741563259037
1269,265.1822308391737
1270,-60.07462677264771
1271,269.58354069293006
1272,53.103698427965796
1273,8.080888609832844
1274,220.36285866891237
1275,201.7192160564428
1276,42.914972673256315
1277,4.261206381233148
1278,1.2895978702202269
1279,4.058958321174758
1280,-58.18842924142941
1281,3.785760280962282
1282,111.39231138809278
1283,182.89737887872076
1284,2.57803684016084
1285,-53.1874560788223
1286,2.9343953727201932
1287,51.464407866747294
1288,115.14827255564654
1289,3.980114102520843
1290,217.51815904764345
1291,3.271110053253377
1292,37.92911434973354
1293,112.87554796627818
1294,258.6170612101892
1295,188.30420958893785
1296,6.15373535252198
1297,66.0042903347465
1298,-12.695804900680464
1299,6.004154804104312
1300,183.1126455711929
1301,254.5805796980929
1302,206.70168387217447
1303,6.0980075436714065
1304,3.452753293261477
1305,5.055404998828858
1306,52.5030594880915
1307,151.0265539582352
1308,1.8655170277297226
1309,4.992760181371484
1310,350.5164364470412
1311,2.6047033521275154
1312,7.059120192746212
1313,45.893320440428184
1314,148.57030975158958
1315,219.05900231287546
1316,258.7773118958438
1317,69.08231484038879
1318,2.4057606872164894
1319,223.39641519238808
1320,272.5025843102074
1321,15.98194439468912
1322,51.348163618487504
1323,259.8486307739911
1324,223.8237924485585
1325,44.256251348849005
1326,69.73379147357467
1327,227.71502192759658
1328,3.426167716038676
1329,5.2000073647216745
1330,132.104609434132
1331,-20.61080715127304
1332,301.9631374985962
1333,1.9660772764360397
1334,344.7326816031386
1335,1.8487061684127455
1336,105.77947534029668
1337,32.18412248657244
1338,247.53100058075484
1339,6.362958149659095
1340,179.61827876860033
1341,232.56642559869798
1342,207.53764644470584
1343,43.5742031574611
1344,116.83773046132961
1345,2.5553211785806393
1346,78.165075283919
1347,100.44622437841092
1348,3.1146454704957622
1349,213.92168667110812
1350,35.26038469389797
1351,221.766082794424
1352,2.4332359420652785
1353,9.866222620373671
1354,4.762450965349981
1355,6.389325401392302
1356,3.55207532715262
1357,6.9660754698002805
1358,6.676820812819018
1359,1.6836202271504341
1360,301.41796265231864
1361,4.714411846221428
1362,7.267478697910952
1363,67.5424666357271
1364,3.7115969347899855
1365,5.90131681099016
1366,6.775822922345218
1367,5.979179682634227
1368,8.860814448464586
1369,190.39709475133543
1370,285.221419582416
1371,227.2924040635659
1372,30.90678756213246
1373,3.6380966066603673
1374,193.2422510165849
1375,136.39644016227453
1376,5.429365361026731
1377,4.9578419547580665
1378,117.56466910110855
1379,81.00661360508494
1380,123.68160393095353
1381,242.5070420535347
1382,83.24560909056504
1383,49.6967511740342
1384,-9.86960892487315
1385,159.86740196208905
1386,2.134442753271469
1387,63.59649158549434
1388,1.6809557963469564
1389,207.8262659336459
1390,176.52708860104067
1391,58.04533206617098
1392,51.51553272997231
1393,265.01135158129455
1394,-9.138958516405705
1395,47.177118072629284
1396,182.33067713734863
1397,5.396810687493386
1398,196.8609774254549
1399,1.5827201545163079
1400,107.58894183643606
1401,337.4422770597464
1402,55.81576565587562
1403,305.79375148480733
1404,91.1052733767811
1405,119.89087158829425
1406,1.8742416880050548
1407,120.26333097386757
1408,8.06336990599656
1409,3.778036868897363
1410,265.19297556060354
1411,280.6409971956342
1412,-38.27851091999672
1413,133.16052243716896
1414,264.9026133413505
1415,2.3478673575549847
1416,2.4526180841051355
1417,4.260155211095393
1418,339.2099265245812
1419,150.40103963343975
1420,4.572178776443404
1421,45.74889877118659
1422,6.655826845559979
1423,3.3838514000152706
1424,5.5681407692913165
1425,2.173338669284618
1426,-17.39863448164639
1427,3.6721053190148942
1428,4.59327981956839
1429,3.1814802663488013
1430,4.1396375799132175
1431,6.515560703115194
1432,154.3497687816842
1433,2.8031844773492725
1434,6.114822813073781
1435,5.062038259212467
1436,-57.30864466466066
1437,160.24794703228477
1438,116.30149237490484
1439,6.246872190199665
1440,2.4253089105496133
1441,133.7862268307259
1442,186.1623547747965
1443,48.70518309503556
1444,5.908652249269474
1445,51.72857497566834
1446,286.8096886709735
1447,235.7414916203167
1448,-42.27521228186501
1449,5.911067737291481
1450,271.08613479997246
1451,166.19792933754297
1452,4.691499617843094
1453,4.705559705982807
1454,171.0855175529952
1455,69.67148414396512
1456,-7.062243879872862
1457,7.677342947147974
1458,4.959861939342604
1459,317.3209635205087
1460,353.7527538591292
1461,160.57434368324084
1462,-29.219977601686175
1463,87.68217581891699
1464,5.8632516905962735
1465,3.194352337067269
1466,235.1876691689701
1467,5.7474012104223675
1468,5.526178186736265
1469,33.69232673414617
1470,3.4632739428405612
1471,22.08510967414219
1472,6.744743020746218
1473,2.6769724652636153
1474,249.23431442604425
1475,104.24386361686138
1476,6.773856524712562
1477,2.4145351705006832
1478,156.19590490643762
1479,4.665224888216768
1480,109.81468276453364
1481,5.815866703384835
1482,150.94238088776237
1483,6.136365601924551
1484,247.30255127587415
1485,185.14311511587846
1486,6.508239450798839
1487,3.7942727741054822
1488,85.00103260931688
1489,-3.996128615329367
1490,87.73340647297992
1491,3.0750610488133447
1492,2.0388408211974673
1493,8.081399933625164
1494,5.4003864998880795
1495,33.82417708769518
1496,8.20793681743044
1497,77.59166845027009
1498,5.91348183894015
1499,86.1945306737586
1500,6.892940322088926
1501,5.732029396264988
1502,71.06201083430595
1503,5.662612788799122
1504,2.0787132753491533
1505,4.824303245666322
1506,207.5312068672064
1507,54.451204919259645
1508,102.70302350587804
1509,61.787642919594155
1510,3.3769254328888545
1511,-4.0161379245999855
1512,69.56863014904852
1513,4.87491191360823
1514,287.218919105664
1515,49.94174705493199
1516,2.4796087226563848
1517,362.4744559094616
1518,4.509402445139055
1519,265.2028019385756
1520,5.789790563905056
1521,53.502916348807354
1522,4.890956694515572
1523,2.779782837448443
1524,104.21583105281013
1525,-25.435024937790146
1526,2.189518306224436
1527,6.016439231780023
1528,3.6215074524691406
1529,211.62375117606308
1530,289.01711681693115
1531,3.302922282215829
1532,5.719629221598837
1533,3.6594401029694965
1534,-2.6970178135881113
1535,85.2912075092817
1536,5.456112271218989
1537,2.5803888424064887
1538,290.6585050703692
1539,176.06943981493103
1540,2.0405882025957385
1541,137.34892047920152
1542,3.191909253121069
1543,20.320803640548633
1544,7.352839491296253
1545,3.5045832470880103
1546,5.821085208027539
1547,-37.797427874712284
1548,213.71241615293033
1549,45.11266733629655
1550,2.950353098851573
1551,2.2879857380719635
1552,236.86471469942768
1553,7.402712369081336
1554,299.78888887166545
1555,150.5332035727946
1556,4.011219482294062
1557,5.242165629962666
1558,3.4782184314475297
1559,241.67038973757465
1560,192.10061609686716
1561,199.8521595842379
1562,238.98775499463184
1563,79.84448269050236
1564,3.4874960703203186
1565,90.6731103261594
1566,3.6793723449977387
1567,-4.479476343246063
1568,93.32589286529257
1569,15.612019216613465
1570,275.2484151351891
1571,3.477176092707459
1572,88.56597365912765
1573,2.354792181014201
1574,4.323559103158406
1575,5.869621300948802
1576,4.044240363466094
1577,5.7540603380084265
1578,90.63192234280831
1579,5.025264284719047
1580,186.94170878294142
1581,220.96409480667378
1582,6.777637799961417
1583,290.53288185609665
1584,305.5234844461952
1585,6.216171845934499
1586,4.69407507499342
1587,51.02340314142316
1588,296.9252738106393
1589,7.3503688771512286
1590,5.997357112837228
1591,150.86067379101274
1592,7.850076373693968
1593,106.53648911183684
1594,145.5199351472113
1595,121.5822693650062
1596,5.445574715756126
1597,65.64494908656805
1598,6.741836565131877
1599,3.50201668850018
1600,4.449740607544313
1601,2.3363683508539292
1602,6.182256795136657
1603,286.4045155793108
1604,37.478476798953174
1605,105.65249850449739
1606,269.65498034435996
1607,12.094985188439804
1608,3.368806556257007
1609,6.538091236578598
1610,3.0895596205135822
1611,192.17259479044745
1612,89.27979229802551
1613,2.6593800076487266
1614,262.78710235711975
1615,5.782171957384339
1616,4.110736577112797
1617,201.64525337872774
1618,225.84941623400275
1619,5.275362079523541
1620,55.22257748960325
1621,2.1212441230967074
1622,2.578094905530701
1623,2.5443841333939914
1624,258.489113005729
1625,55.323950688396934
1626,1.6527641882068214
1627,35.36808604618487
1628,3.817462161323833
1629,218.99176530426078
1630,91.42035109079637
1631,2.1832536501082385
1632,294.75907369875756
1633,4.93069090673952
1634,-6.215384966973665
1635,3.448744009921736
1636,4.5433731431722935
1637,7.356741611541803
1638,220.970038540392
1639,34.3893930287633
1640,4.636983837337519
1641,324.7757942846821
1642,148.95749323193428
1643,187.90111390507306
1644,108.7790532678732
1645,186.84143957550603
1646,5.715781586464149
1647,6.452431968034738
1648,42.11769901006596
1649,4.2571537959951025
1650,85.53276234176687
1651,6.531487969436299
1652,6.1370099393194035
1653,219.01628630150248
1654,6.688437750234085
1655,324.54471075878655
1656,53.70731288694297
1657,1.1527358170220428
1658,271.17778527685385
1659,2.069655720224374
1660,5.340023022080798
1661,6.685545640723789
1662,191.22869248317593
1663,5.937529533022618
1664,139.47905902609497
1665,1.053169975236192
1666,112.77627157230411
1667,-63.29473633676814
1668,255.5280605301252
1669,56.6807893631102
1670,2.1584672402619525
1671,2.4184967484310302
1672,5.375077490756885
1673,4.566767988420891
1674,117.8339262486313
1675,2.1321780027755275
1676,-63.35381331225094
1677,28.360493019029594
1678,1.229965629685963
1679,233.23955517704184
1680,87.84183282995662
1681,1.418043026491949
1682,3.2258531848711978
1683,69.86277300525317
1684,22.79960371227013
1685,6.73574171906256
1686,140.45758752163928
1687,7.678518089232174
1688,203.37768501068382
1689,262.3447991937055
1690,3.1760402992020382
1691,3.774888084812989
1692,3.8893820106208876
1693,2.623909873042935
1694,75.28387634730619
1695,226.3944690797662
1696,116.75825031852486
1697,2.115490361591819
1698,212.4280840673544
1699,182.3658450365497
1700,112.94723160811098
1701,281.6758665681345
1702,-108.8542859115305
1703,5.879638662876331
1704,4.773205407450053
1705,3.2028205627456665
1706,78.82145934280628
1707,4.804465096285709
1708,80.16322104486355
1709,127.04168977296321
1710,6.369781468133638
1711,76.5982460385127
1712,1.8547022901691554
1713,5.832985366879812
1714,-60.72436202486344
1715,4.989465543140287
1716,3.0387820719727037
1717,19.02236942352153
1718,134.24218886609904
1719,20.563280623475784
1720,6.3389725069829606
1721,250.18533154657973
1722,3.6895378212005316
1723,158.62641254416394
1724,138.31967765687884
1725,2.4852841416424623
1726,4.178095859095447
1727,257.9747030951244
1728,4.284940160599599
1729,3.537594126406548
1730,58.55569518406927
1731,211.43075641170128
1732,4.6849263477819285
1733,377.0302755956477
1734,270.2825653279375
1735,217.66821678278222
1736,3.3935519035464936
1737,302.34291335537216
1738,291.5740600532617
1739,196.80279445649705
1740,94.71582119028531
1741,144.1278573599502
1742,252.10620212843952
1743,5.267603778681737
1744,126.93249246486097
1745,26.43868309878247
1746,3.5395800591929842
1747,6.886071189447023
1748,197.5388372877831
1749,3.324852413477082
1750,74.915586945097
1751,20.64627432586767
1752,7.275402192119324
1753,5.995481515307418
1754,278.94491365143443
1755,225.29499322410797
1756,1.8595692158347659
1757,227.86145735918234
1758,345.4341786950353
1759,4.799343104838905
1760,288.3837929369874
1761,258.1589874170928
1762,20.61200756914673
1763,40.68515909885634
1764,11.150365306500643
1765,5.001205218272267
1766,241.4244898063643
1767,173.9064051281799
1768,4.382969653781577
1769,96.2864470463774
1770,50.406308902910745
1771,2.991749469519077
1772,212.8389683997513
1773,244.43799016326915
1774,6.614355978898363
1775,285.57635797763027
1776,2.815833960174858
1777,6.259186359573501
1778,30.806129317594188
1779,-20.193738419847836
1780,108.9978742291637
1781,5.765426518042146
1782,175.51939194075914
1783,231.57941168294496
1784,4.011565769578893
1785,86.96024914108035
1786,2.8528882072056367
1787,72.58164398360228
1788,5.102900906305692
1789,2.46291132490371
1790,41.58703694058002
1791,4.4790983332456
1792,2.5283296529558084
1793,1.9395771953871712
1794,157.99790340989387
1795,185.26627525799478
1796,278.022887863316
1797,137.45164865251695
1798,6.898421691460275
1799,230.12176879506694
1800,138.01532900721034
1801,5.103026078152494
1802,2.1647322833332048
1803,141.26471553282835
1804,3.765935078745411
1805,176.46207855938175
1806,5.852647884179627
1807,279.36705423195247
1808,171.32480858475995
1809,71.32821215496612
1810,4.319815151299961
1811,2.6998231163745694
1812,20.897635829085612
1813,3.7423569086843584
1814,183.48079244963193
1815,256.8410474760012
1816,5.627960234059303
1817,128.06029555711814
1818,55.234376931387835
1819,229.09418028388478
1820,8.226394064819742
1821,3.3369081807833414
1822,250.47910069035706
1823,-10.027002867801217
1824,41.091195057304574
1825,2.2957203582203785
1826,6.043618910183368
1827,3.618205617200699
1828,2.13910379377341
1829,204.74951434430616
1830,229.18373408427044
1831,6.871118407628609
1832,52.296759007383415
1833,3.7889318506767866
1834,4.398135621110791
1835,100.24398372026968
1836,6.411997962623815
1837,5.853223374661471
1838,5.909160901618629
1839,132.9344482405478
1840,-31.33854332484272
1841,-89.41933660337911
1842,243.2250747863138
1843,173.44109339681356
1844,263.46104775199234
1845,146.83013108473597
1846,33.79534958296937
1847,274.48954050960936
1848,150.6227793724359
1849,3.8037035276043722
1850,6.060278876449196
1851,-76.37978391551785
1852,6.427562147262351
1853,64.10770116601358
1854,88.5085765454102
1855,5.2376221507990754
1856,201.99877405014522
1857,2.589224525064882
1858,5.009848240744439
1859,6.071164313212589
1860,5.92633719167387
1861,152.4677107756343
1862,6.3032917016065415
1863,77.66908250727309
1864,62.75212916640847
1865,203.78303091406173
1866,124.46898214326822
1867,86.25817788250329
1868,277.18027647104543
1869,152.74510610226417
1870,3.3812988493690312
1871,197.64864089020682
1872,54.626681760216414
1873,2.6455739279206325
1874,21.91098362745317
1875,89.19289122027713
1876,3.1996690303005564
1877,2.9042587065339145
1878,58.52469695937048
1879,50.86148038330436
1880,278.82007059681365
1881,6.467502152257906
1882,89.92834588287249
1883,7.037699236446191
1884,80.30824592972434
1885,314.4343120178454
1886,267.07127212734497
1887,2.9754041791221626
1888,227.5369192708153
1889,239.07833686679479
1890,2.2435242202763193
1891,245.88784159979784
1892,207.65197423252715
1893,4.29030788723841
1894,1.9791950921027326
1895,15.900578711952436
1896,5.901413351241773
1897,49.18928840584881
1898,-71.05252540870643
1899,2.867049084124148
1900,5.831666011314005
1901,265.53167956678516
1902,223.74350708827484
1903,-61.38169085527429
1904,66.50820151905657
1905,52.31949648801809
1906,181.64480468598387
1907,6.817624511268158
1908,5.996761114772185
1909,107.54427064421934
1910,5.7152474739995665
1911,5.028391737016075
1912,3.946915369326679
1913,71.19378048968507
1914,-18.95542437035786
1915,7.6318779696533765
1916,0.5977854559166931
1917,3.202860513301116
1918,164.48710711493538
1919,4.882986062075559
1920,4.6420255909088795
1921,76.29216491008317
1922,3.128000356010437
1923,6.347518406629432
1924,2.6993039816950795
1925,4.529401076616089
1926,97.69253110540356
1927,146.65050569866978
1928,3.4832985120511806
1929,47.20163911868431
1930,2.538313253794636
1931,6.053030416432082
1932,4.799849497458747
1933,2.750940330404445
1934,246.07904159602558
1935,6.3631342920198
1936,4.714712634837419
1937,18.953278923085985
1938,-21.110965705256113
1939,2.639521512924794
1940,274.864015892801
1941,3.5172107481525687
1942,220.64974405156238
1943,3.703756373191464
1944,223.57654853763358
1945,293.23645961262724
1946,5.950057159488727
1947,112.43356829343307
1948,5.474673815862195
1949,-2.1647356754354057
1950,33.268592409673175
1951,2.723384740965176
1952,47.20967333560198
1953,420.45008277075436
1954,2.853214033030561
1955,108.76385947427163
1956,1.9528688845015243
1957,108.98493713820271
1958,3.3974554072909564
1959,171.26080076547976
1960,67.2541101207608
1961,1.0599928645246757
1962,4.053777309250069
1963,3.1494861716406546
1964,4.987630151847927
1965,101.0097129031595
1966,3.7070227479538023
1967,4.8183531860442175
1968,272.5353560821011
1969,39.45488226689292
1970,5.682501093096316
1971,1.7457765196158586
1972,106.0264358630319
1973,-35.36843092551423
1974,2.4988591289995092
1975,2.8605547074515587
1976,335.26669077040503
1977,1.7138871311416943
1978,214.18718630730035
1979,79.37053866332133
1980,269.43176338262396
1981,184.38680848892182
1982,112.08980272831235
1983,75.3320366683791
1984,8.891177379792673
1985,4.7003987274531
1986,3.731238435163535
1987,6.121029616013199
1988,1.1883575614535231
1989,6.087663682996484
1990,4.710477409310085
1991,7.1258794458322186
1992,4.01215123743692
1993,34.55668852171791
1994,1.8401340114037261
1995,102.14338255686069
1996,3.9747119667951565
1997,2.5870433040214085
1998,5.635464547157195
1999,301.8471314310937
2000,5.876526802843659
2001,288.9605641970639
2002,-57.187568200795226
2003,6.657570698364953
2004,337.91456719797134
2005,72.43761667979398
2006,4.759159608785891
2007,46.765979710930985
2008,229.32337098212122
2009,140.07644131857288
2010,251.89358176033846
2011,5.553541568734224
2012,173.03625283152567
2013,-34.26170337223159
2014,279.20773091013683
2015,185.41717660461984
2016,34.82248041078868
2017,3.02115486325927
2018,33.433148417413626
2019,92.0340664726006
2020,6.784265854847743
2021,4.50011351804082
2022,184.32725180887135
2023,67.42189502680856
2024,3.07149250131096
2025,3.969647598002065
2026,80.11091486389599
2027,5.914942988676618
2028,6.328320039612376
2029,47.35641309525515
2030,302.83219439529864
2031,66.19760850391941
2032,290.56716927469046
2033,221.53539108409038
2034,2.537577101152714
2035,68.81291690998546
2036,192.2426298106216
2037,4.691333156680974
2038,3.231279326699786
2039,3.0962665333063533
2040,142.10878236969418
2041,256.3588758511272
2042,4.102348072923625
2043,180.11436856840635
2044,2.3770634434092313
2045,98.04904499282576
2046,281.027194783042
2047,5.42946173711337
2048,-46.03458955680309
2049,1.68255944815557
2050,361.82344713254105
2051,3.686490096996702
2052,3.1621905787466034
2053,236.09280859528167
2054,4.769296964189749
2055,3.91889172022428
2056,-42.482532493908316
2057,198.42341309086882
2058,-20.056790346288167
2059,5.23694678768792
2060,25.061518511549618
2061,2.291602474093711
2062,161.58398115164772
2063,3.644510654269979
2064,3.791149078693685
2065,3.405411860274505
2066,2.077293295751715
2067,6.457025102327556
2068,3.5195388776587024
2069,1.8870401565329276
2070,281.6834002116932
2071,294.61928755628594
2072,4.507249617505548
2073,208.5209904184035
2074,378.0929522847682
2075,252.17425384748626
2076,3.488411653472804
2077,2.7351836329121437
2078,4.2037804312089815
2079,4.115621952726994
2080,2.6220716384532925
2081,2.992145105955861
2082,4.36474874584532
2083,34.09210858929628
2084,2.538333409796495
2085,4.882654550453746
2086,124.2885767635717
2087,96.47556118089412
2088,23.622543211795097
2089,64.36434267004259
2090,245.4661077566666
2091,184.27804134704027
2092,-101.97337794804554
2093,5.197686721995138
2094,4.06413315753109
2095,87.86737816646199
2096,38.56565186738336
2097,103.87369250616878
2098,5.644030042039485
2099,-29.48269750527424
2100,12.169747906148823
2101,5.819295087722667
2102,6.18086675233053
2103,43.296989271148696
2104,62.091317347123756
2105,57.5312538091128
2106,315.7252090874969
2107,7.069379390612125
2108,6.620884130085895
2109,5.751518147141934
2110,252.2375181256292
2111,3.720606264900022
2112,58.595956315284056
2113,98.07837715480723
2114,2.6416371194649213
2115,55.469844006638965
2116,3.8472197111634996
2117,3.5642320024641307
2118,3.6970772517421726
2119,107.9974532482419
2120,3.7147032245506906
2121,177.68380695463867
2122,224.1666243735509
2123,2.703376971186467
2124,1.6350866463339184
2125,4.358274268682062
2126,6.111307952304408
2127,58.4036189869725
2128,229.89945928092902
2129,1.7458317365201528
2130,2.3143667930212524
2131,5.731377713236188
2132,6.004787304647256
2133,232.14357239515624
2134,50.73742220237514
2135,209.91152767948975
2136,33.564451401450064
2137,226.22579455834656
2138,3.3491588073496934
2139,77.8888943398866
2140,55.66001131238082
2141,47.80310947842717
2142,5.65690714763723
2143,-21.746338643288617
2144,162.53405120417236
2145,49.6674126815055
2146,3.9299504428963816
2147,3.9599718231659358
2148,69.92490783051697
2149,-57.76996171704188
2150,12.310903266979455
2151,60.28245681645792
2152,4.956529685332334
2153,2.927135247587424
2154,1.5593991004244865
2155,2.3845147657611863
2156,5.926437893709967
2157,138.93657605161823
2158,3.570778788780704
2159,330.10177526023364
2160,219.05783965852325
2161,276.98754285345524
2162,1.8899496145646586
2163,319.3296747178915
2164,6.321535872785245
2165,3.2300092387607076
2166,2.3994934449467658
2167,41.38456214959079
2168,308.1937731101493
2169,2.304275007191525
2170,2.24644434186769
2171,153.12355050987043
2172,5.381265437574559
2173,251.76693945566137
2174,258.80022272014355
2175,1.9470846493655587
2176,4.539767380840299
2177,-43.64828331765707
2178,4.024527350379453
2179,66.83443620138581
2180,274.71958482088826
2181,2.4443294289188247
2182,164.18038364423995
2183,186.11205071779997
2184,5.917756063316039
2185,2.6566488216987363
2186,2.7662653196722133
2187,4.77168320966163
2188,255.77273470504144
2189,241.65117543286243
2190,76.48535141681747
2191,2.635844902615133
2192,2.870929005617867
2193,152.34655766901037
2194,2.888499157383049
2195,4.882003035272563
2196,6.430539304330799
2197,1.9194172582786593
2198,4.742214035357355
2199,3.2196666763102684
2200,1.7251519003385016
2201,4.075551165179964
2202,69.13183302781873
2203,2.656058658364242
2204,1.9657817818021002
2205,130.82362957490227
2206,5.36418257112026
2207,165.59436082732864
2208,5.123065875481367
2209,23.204235172044065
2210,250.56515563662924
2211,1.802679001643965
2212,4.568525211179035
2213,6.241868336383335
2214,106.8070164326108
2215,25.555855386526726
2216,74.30509942584195
2217,4.442254677233317
2218,36.740169963257635
2219,2.4077826841395336
2220,5.704070312439224
2221,3.318574208490582
2222,-36.72718478951585
2223,199.6203935843562
2224,-53.89789831573632
2225,170.64723924235284
2226,-7.8003690178613905
2227,85.02585717770762
2228,143.1768621361091
2229,167.02440697890228
2230,3.20327640353976
2231,5.343896011647379
2232,4.255564757233902
2233,260.6464894859975
2234,222.66751734808722
2235,232.73132922587348
2236,3.275528612707549
2237,3.3773467925029403
2238,239.27311147705413
2239,93.11153175142084
2240,243.0433983629413
2241,2.6597479003902254
2242,228.08489972168275
2243,5.909793178407696
2244,92.16985468518045
2245,246.2711598105755
2246,115.40451747575423
2247,241.77848275100115
2248,6.214124439483713
2249,303.5376737143567
2250,144.28376022132622
2251,4.847659381031411
2252,265.986780803854
2253,6.2076634610668675
2254,176.0752514679399
2255,-95.58542815886344
2256,37.79169469746499
2257,2.523662206667943
2258,3.1779935386918354
2259,84.43332358735172
2260,6.290899780085282
2261,85.45508554703119
2262,2.2855547921301436
2263,77.51084046470774
2264,-18.02899130200504
2265,51.801346668916196
2266,2.3953208622866238
2267,2.723832610077791
2268,5.390939915068553
2269,3.83735379551207
2270,9.965561255790213
2271,154.51071561373305
2272,45.91044837602641
2273,3.4111071715931547
2274,6.078262773560237
2275,7.503720106283544
2276,4.497141837575257
2277,2.3178709322536606
2278,1.3012407323250026
2279,6.090363306802581
2280,2.718524929331956
2281,200.31273462361318
2282,2.230000728744128
2283,3.9258627795735626
2284,222.97995955700097
2285,2.9880265133350665
2286,-9.654079614819583
2287,5.5187754263679905
2288,2.8143585823124946
2289,5.583666002799576
2290,-32.909379654308026
2291,43.70568230748363
2292,4.946811751126637
2293,1.9380689965109599
2294,8.763912845821684
2295,3.0268864713746675
2296,4.490058430622466
2297,119.96395814806243
2298,-39.46213942020904
2299,64.11069045645846
2300,3.895023937825823
2301,5.394143160255729
2302,-93.22911494050011
2303,163.2701710686381
2304,5.3088936886312315
2305,49.00074545804738
2306,299.80743949332935
2307,25.39515317706682
2308,45.67933902702207
2309,6.039024179810657
2310,181.59112942147192
2311,-60.18159298097802
2312,94.58052115422804
2313,4.2416261448136945
2314,4.687509367079588
2315,230.70567811874548
2316,7.724342333113775
2317,3.830914456188336
2318,248.64570689974468
2319,6.625041018951937
2320,79.8572333886199
2321,3.7652379765165622
2322,225.3514095670959
2323,161.6496460575516
2324,1.967351129095283
2325,39.455095103795955
2326,3.6947391853954636
2327,115.96423823061113
2328,3.9155364243206763
2329,346.7576279591342
2330,176.7911227098008
2331,0.8816860926769932
2332,277.8932688307601
2333,4.0078734920071915
2334,-14.261614951458986
2335,5.381653050301945
2336,57.900659767814105
2337,150.74940404439224
2338,174.78567390742856
2339,21.495983432096192
2340,59.01946337326823
2341,136.89520554160214
2342,2.297923840134652
2343,6.311477379261651
2344,299.9027439080418
2345,5.971786189398416
2346,112.75893672523078
2347,137.60572323769017
2348,1.881490492218087
2349,265.56931074146274
2350,37.21830324001056
2351,4.879272191981436
2352,4.989741855946457
2353,1.672548951550922
2354,-14.05636202055434
2355,136.1239608245415
2356,3.6897427214076464
2357,101.16877634829653
2358,6.751328750778868
2359,6.7727357531244055
2360,4.374930164040819
2361,6.348541934713953
2362,254.95967228970713
2363,4.30138726182131
2364,245.0779389868345
2365,99.06346282393073
2366,67.17491824229634
2367,37.269647740657064
2368,-57.846776356929865
2369,4.504194336145876
2370,220.96964098961564
2371,38.94593393123286
2372,61.179292983845734
2373,1.971948004376292
2374,-61.76558473478516
2375,2.0050903032219782
2376,143.03845261208428
2377,105.63612188798108
2378,5.427751142658778
2379,6.57622303143969
2380,39.94140895493738
2381,158.823383881037
2382,159.1762013106508
2383,47.296367632980676
2384,3.2244687867230515
2385,241.42152978383174
2386,5.87341786364504
2387,53.884900298213225
2388,255.5657522116148
2389,88.58259372522079
2390,1.901888521130181
2391,99.3034833061227
2392,24.970249685542303
2393,46.226556768539986
2394,150.32749250344332
2395,5.623414692863502
2396,2.50978711204998
2397,297.9129066836016
2398,275.0464652402268
2399,4.424107169886777
2400,191.8031015991759
2401,46.31563445264067
2402,238.5045989284862
2403,6.760925845630597
2404,1.9587336583434718
2405,4.829391160224224
2406,2.913971845412284
2407,93.41950344061158
2408,270.99989733135004
2409,161.02609138637652
2410,4.256340576271258
2411,6.704908544771476
2412,305.554769292907
2413,-6.92086522042081
2414,3.977523918699439
2415,70.86828700657634
2416,262.3609882900828
2417,25.257866543311877
2418,3.130201514782625
2419,3.845546056699796
2420,1.7671456319908914
2421,8.268855492662428
2422,235.45189694291855
2423,2.5623961523337733
2424,194.92854670660816
2425,6.07538389525707
2426,-19.726357518604775
2427,162.5303975014788
2428,36.64011055667954
2429,3.0019418005615144
2430,6.182893054784304
2431,3.531812622024106
2432,315.859884781821
2433,242.85050666486157
2434,4.484991024129922
2435,55.13931272513495
2436,242.5037700279018
2437,-82.20495444162904
2438,5.753867971346876
2439,6.543319869927231
2440,161.4718613234385
2441,6.439761068643283
2442,5.923419405032305
2443,5.026940054383698
2444,-68.9794369180707
2445,6.335059969011663
2446,5.223262532023707
2447,257.12870089616075
2448,5.8711175068865655
2449,6.277824946997998
2450,33.84346099315289
2451,3.234998729692572
2452,3.7400538921341027
2453,30.244769206720683
2454,305.4476474975255
2455,128.77615466713843
2456,2.9007787039558894
2457,255.7880361602844
2458,6.289573197257834
2459,2.125955151286361
2460,5.871099628418643
2461,65.8957865373646
2462,56.67566702928558
2463,6.258074003047846
2464,-75.02861926689592
2465,9.198082501158872
2466,204.64946667160285
2467,153.7401299720838
2468,259.3053969902219
2469,249.5414058584424
2470,6.014938516173448
2471,125.16433693156166
2472,2.9970527189391056
2473,39.09175762210931
2474,183.3739409080256
2475,6.114201622853752
2476,103.69818182938592
2477,147.65897597989374
2478,161.92876546420058
2479,5.416136886221402
2480,35.2249656769225
2481,49.81214355996724
2482,2.4555045699070854
2483,4.860617908869884
2484,123.2885764388578
2485,132.42191795785058
2486,6.877179152446659
2487,5.113950835726496
2488,-15.812713776561004
2489,186.63870469477965
2490,5.828696414829524
2491,131.85717811019686
2492,45.35035738971543
2493,42.42149475867606
2494,5.9442010170036985
2495,5.109034235572889
2496,49.61464278711786
2497,88.65690140410301
2498,1.8728815540469121
2499,6.787174012187643
2500,1.8776248294493278
2501,100.72141630416512
2502,269.29575141945884
2503,102.27767152855645
2504,357.86673081988465
2505,3.3976967427477747
2506,4.515655243441014
2507,272.0484854616987
2508,192.92850105127627
2509,114.07547757622254
2510,6.397517759848684
2511,192.2371318897961
2512,82.92165727296667
2513,138.32344123283494
2514,227.59869918394816
2515,301.44204675154634
2516,1.49426814164128
2517,1.9910648990351547
2518,291.6593189774173
2519,4.42716746249437
2520,103.91566367003658
2521,139.3218533985793
2522,2.2205162759145103
2523,6.229767890418553
2524,4.793547134764704
2525,295.1406233009505
2526,4.481165662776581
2527,3.4982902756989978
2528,226.74813892965767
2529,103.1928730959068
2530,237.29702631486262
2531,290.1156031542622
2532,47.543785368353845
2533,1.9019949759254984
2534,5.758051482473206
2535,5.91629810869784
2536,3.592262057756026
2537,6.6972326521326515
2538,5.908973372678405
2539,160.85337888271988
2540,2.132509533955363
2541,-4.08598182837879
2542,-18.57410304077053
2543,5.460216856665274
2544,185.9291935025313
2545,2.405510178076699
2546,284.2794299736838
2547,21.534077200608053
2548,39.29623849320668
2549,152.60514281185493
2550,129.54911169299413
2551,-39.53354225738819
2552,2.3425537670011427
2553,285.04393966596786
2554,2.625978305742016
2555,54.466959835768776
2556,133.87532435072396
2557,4.652566234405316
2558,0.4593558819700926
2559,6.455990331729235
2560,230.82971373330798
2561,2.242758682424683
2562,220.59057237628292
2563,236.26224740604758
2564,283.9257691478763
2565,4.837300295617955
2566,4.942126579107247
2567,252.6129313565264
2568,82.6558906631301
2569,67.42271292157135
2570,3.5839414874594038
2571,93.8973500869818
2572,-53.871257013051334
2573,189.2641399989906
2574,3.308101329137826
2575,4.485660924016151
2576,3.269523417269311
2577,6.248706472703687
2578,51.91755294792978
2579,5.914270882358768
2580,5.2670187054035535
2581,2.9972048453166638
2582,-47.75503268613169
2583,1.4730900096308275
2584,7.176013641865399
2585,49.243094608885
2586,4.718889538014521
2587,250.6247853077393
2588,183.95708605712892
2589,4.360739139656801
2590,52.927214069719305
2591,1.7782888555202057
2592,126.223596099041
2593,62.71389931201411
2594,68.56416981965334
2595,52.395673849180696
2596,42.320219512874225
2597,5.726644628979682
2598,6.658060806706907
2599,-15.431372946794044
2600,4.237320266904291
2601,220.47953492853847
2602,5.996963567922769
2603,368.43498539169946
2604,155.4739753341727
2605,44.948116486494676
2606,4.383571021426754
2607,43.165286170171626
2608,197.65021304281117
2609,24.195040663706134
2610,2.473725832483208
2611,-13.53149268025334
2612,3.471867664526574
2613,4.524983788956856
2614,2.9672658557263047
2615,107.8039428544123
2616,146.1416961092682
2617,256.296003211872
2618,206.90640609937626
2619,4.5612544381090565
2620,2.392312410716885
2621,4.247068163739765
2622,2.626594683880234
2623,0.31803079028468606
2624,7.046545660536001
2625,104.29643511632658
2626,293.1548509419706
2627,44.44986774655741
2628,160.03685786129574
2629,50.83270232688237
2630,110.87429956501339
2631,13.795958353568341
2632,6.306326957640367
2633,287.0395471598403
2634,51.06315403931864
2635,166.3770504909508
2636,-47.10976233068167
2637,3.1208112068434284
2638,-70.85446793169295
2639,-64.45764457396464
2640,203.25732389303866
2641,3.522363889637683
2642,5.558982968735872
2643,187.36698121866252
2644,147.52407885936393
2645,207.55513584599757
2646,2.8191806771157526
2647,3.3445816046667205
2648,4.945362506386723
2649,6.818702832581019
2650,281.86473883949935
2651,204.81645401581872
2652,63.200547628830535
2653,3.7200639197083905
2654,40.34768025690363
2655,227.01522434176206
2656,244.42865486809012
2657,2.9360536558966026
2658,15.742065709274005
2659,276.7353453377403
2660,1.8380574670079488
2661,269.39329065442826
2662,93.7340954702716
2663,-0.8739066073009026
2664,88.94083035303889
2665,269.54178301601615
2666,223.41520351912345
2667,-34.361044710517234
2668,36.118638261091796
2669,6.904255903272107
2670,111.48014329363582
2671,191.6137474192136
2672,122.1156019243515
2673,255.24003079698525
2674,233.5864533243539
2675,1.4975264934307448
2676,-42.40733600097641
2677,352.982789183172
2678,14.085776629590304
2679,5.516500163318336
2680,70.4045479566536
2681,5.2299026295495965
2682,2.9715360954044323
2683,2.346448784016106
2684,2.7340669746703443
2685,6.537676971754572
2686,16.648982262420297
2687,43.954135874569914
2688,70.28874262789519
2689,43.26546197069619
2690,165.37774452408937
2691,81.65511685345719
2692,53.819185711477715
2693,134.4451176416757
2694,128.50385435454737
2695,8.261981696373965
2696,158.7089527328797
2697,4.379607176576229
2698,2.60132587027037
2699,4.377184587005213
2700,209.51277807105453
2701,70.60495553814401
2702,50.52887957837635
2703,4.2543398694734815
2704,163.490130763087
2705,2.9490212547498724
2706,5.515773300214728
2707,212.60333115230944
2708,3.19818590157798
2709,54.99664498100249
2710,3.9607584333518595
2711,191.0285603083314
2712,1.8518570150683726
2713,146.28190433124283
2714,-43.34234319119364
2715,4.6859736025466265
2716,2.8741982161387556
2717,277.3282511703226
2718,4.28441640814261
2719,2.9871756016344837
2720,6.789712622595176
2721,6.7166922020938085
2722,4.633706602126193
2723,231.43344575508507
2724,6.789620533274903
2725,34.39540672551849
2726,7.022187189720298
2727,305.1173015254744
2728,52.43849622868668
2729,186.7726521969318
2730,188.16053998915015
2731,165.06055451193984
2732,6.467429091250701
2733,196.03273168956787
2734,120.97510494747996
2735,80.81781266715274
2736,87.06296239448776
2737,195.8125722673153
2738,149.4213167276999
2739,98.12045915838809
2740,5.692336866188972
2741,61.766325170061684
2742,1.5265171635812604
2743,-11.33267929048436
2744,-22.365054724021675
2745,4.907749259892866
2746,214.92037886645141
2747,177.65303611509822
2748,2.806949197544425
2749,5.493123461482984
2750,205.97890854491877
2751,259.4702228165814
2752,2.192886540139782
2753,112.41145624282089
2754,0.41853308660413835
2755,28.373771288732474
2756,299.08957247057003
2757,5.826980033793765
2758,288.19081060140854
2759,57.308903316708324
2760,173.7762474693484
2761,6.488260541662953
2762,4.2331675547073715
2763,122.11906066460747
2764,4.587556200049258
2765,123.81204991927493
2766,1.8813924365230117
2767,256.4870838869749
2768,4.072089422889926
2769,3.662436565596937
2770,223.90590384593568
2771,134.80380913185365
2772,6.976149012582784
2773,3.0557679980348547
2774,4.602542921281637
2775,6.510991305863638
2776,3.8830473074328204
2777,265.98339473749945
2778,29.089074702929036
2779,2.194078229673798
2780,2.849002678855294
2781,248.64153331227723
2782,215.63032474370755
2783,6.039947091732786
2784,7.290510910157197
2785,5.863908085711391
2786,3.258781425324197
2787,43.19516817724218
2788,1.7881541687390143
2789,146.83565620463483
2790,220.20701157781815
2791,87.02557841630362
2792,130.5994409399201
2793,177.91687540427012
2794,170.1245786454873
2795,54.32357058611062
2796,253.59839617250483
2797,103.65404550175309
2798,39.342334557513844
2799,38.60375620277776
2800,5.599809460631142
2801,4.181559683555306
2802,3.2660320605226736
2803,64.87520787735313
2804,3.728413334456764
2805,62.46249336927825
2806,8.517413098891693
2807,38.235311945724206
2808,95.04072587078434
2809,6.061237639194056
2810,5.6856035447046915
2811,203.07843080711467
2812,5.752307966245569
2813,8.150351482357548
2814,6.003088861870255
2815,283.85389049699234
2816,64.6173213539332
2817,272.90232468634775
2818,120.60372655977254
2819,57.85162596235277
2820,154.63071010357032
2821,46.559801100850954
2822,6.0298578277234816
2823,53.14801672300544
2824,257.7798268606777
2825,121.23622058694875
2826,-65.15090701587692
2827,6.548075317614627
2828,5.418790101799678
2829,5.194114146386072
2830,5.757301315339918
2831,5.955353822415658
2832,6.372333213355514
2833,147.43583201883243
2834,3.6241890706854054
2835,3.5345500476327762
2836,3.456419036066947
2837,3.374436955113519
2838,5.742951639318883
2839,2.018851508535262
2840,65.17522924859223
2841,51.63779201103816
2842,287.8630778128886
2843,6.03798920448868
2844,178.53369596730076
2845,289.19371334469474
2846,3.586540109834522
2847,78.88095958124357
2848,-3.023957554543877
2849,-46.39655785853591
2850,6.717914842018659
2851,6.685470381285687
2852,-23.986037189917255
2853,60.789468780238714
2854,2.23796006302917
2855,65.62617047261642
2856,5.968156823005043
2857,46.06067600683152
2858,216.39470410043108
2859,1.239090909496327
2860,143.943289087541
2861,295.77922423126665
2862,263.1183881203072
2863,2.706436968500393
2864,273.7281490984306
2865,235.16100557238192
2866,2.209831010220423
2867,2.4875058730093023
2868,91.97087314052743
2869,49.10072795111145
2870,184.52026171824795
2871,6.480400009303853
2872,260.6098817310683
2873,5.174537149060491
2874,-9.565986992470691
2875,5.059155862444005
2876,-41.58074475795462
2877,293.38522580071003
2878,-76.99994670438508
2879,5.044740850816916
2880,223.9537534962021
2881,5.785322079808043
2882,5.903634151260421
2883,4.042032292858845
2884,6.62834882155947
2885,173.140753716704
2886,254.73298911460012
2887,5.898050982062349
2888,2.1244105358701835
2889,6.5877072120024005
2890,2.4464027711491023
2891,-63.2975782865969
2892,151.69280575063004
2893,26.743191322684524
2894,72.38007635971087
2895,4.858090025733819
2896,2.6615336577162156
2897,5.5873083913513995
2898,108.9743825307342
2899,28.400740784391477
2900,3.0626072760329217
2901,21.800553077975973
2902,231.64526408217762
2903,266.7470815785064
2904,4.406670517938621
2905,3.6283896901757626
2906,29.730168020181637
2907,4.082798424260573
2908,26.178011798388507
2909,2.1423207077884157
2910,115.95250104031786
2911,3.5809181134857515
2912,2.353872069804315
2913,6.723746309821826
2914,43.65959041129678
2915,8.44661763882834
2916,214.18932541331608
2917,149.33777042204417
2918,3.8574417188896697
2919,368.35307682899037
2920,194.20653312365994
2921,5.441716528359586
2922,3.6912283316790724
2923,212.128472902248
2924,5.615819479479879
2925,4.9862143281628954
2926,6.003817742115758
2927,18.169101195040728
2928,6.267681138856783
2929,166.5525706218193
2930,263.3756926955971
2931,2.24102620082251
2932,5.524758298181822
2933,-8.059445611082076
2934,108.05193603559096
2935,-10.520381093725959
2936,-62.71683233501703
2937,7.352778675014584
2938,23.253741454778115
2939,3.0785179637578746
2940,173.81657253095835
2941,89.28443478520076
2942,71.61836667621584
2943,6.108107528810863
2944,6.531233304645126
2945,5.7721175755633825
2946,6.393566079728341
2947,-50.38304852046517
2948,2.4309057295827183
2949,6.738314268911528
2950,2.862599748371025
2951,148.75799178506887
2952,131.48452643620732
2953,8.207054188411895
2954,1.6938928711417187
2955,-1.1985742318607366
2956,6.5332439950820715
2957,88.29376385568644
2958,6.310974334046897
2959,193.40563791596247
2960,6.59600197287505
2961,215.96330006252794
2962,4.03139014852846
2963,4.3607905865857735
2964,215.70048865310514
2965,187.54818223448774
2966,4.660910773194297
2967,3.7144798156423904
2968,150.9343844922526
2969,-87.29431431854815
2970,2.186621614409258
2971,216.335877933943
2972,6.6764408455803235
2973,202.02939794721337
2974,259.0049944453497
2975,4.6284194150035765
2976,49.16514604227013
2977,43.28391933626722
2978,4.457433975004653
2979,4.505258629052568
2980,312.32389545270837
2981,330.3980927955538
2982,149.41669484581936
2983,140.99686668603255
2984,280.8208648110693
2985,120.53513785737817
2986,293.420349781104
2987,225.29051083336344
2988,129.6319239548245
2989,155.5523478341725
2990,36.77000668260272
2991,6.6832490826512805
2992,3.04469993189047
2993,5.276041601056781
2994,20.02393101395179
2995,7.472108772444252
2996,4.123587044324045
2997,3.736798155704108
2998,104.33861032573438
2999,137.60972801893791
3000,67.47285279965652
3001,2.913094692003871
3002,302.09033478878655
3003,4.405431198758807
3004,290.9854961480322
3005,90.48723746958329
3006,130.45035873753707
3007,6.488218701931615
3008,2.7049694867083427
3009,31.091531470699856
3010,4.087784557949564
3011,67.56508823250938
3012,5.316241317692137
3013,199.9002220156677
3014,5.862091599538007
3015,3.688962935608216
3016,5.958741062910303
3017,6.1108825204945045
3018,4.285616512228421
3019,261.31149825242835
3020,3.1712293524788584
3021,233.63451934156598
3022,272.3980455262341
3023,3.0794115368163806
3024,103.39743120384675
3025,243.38448615451009
3026,166.90446127586375
3027,6.442112380183697
3028,5.4470250331874555
3029,-19.450807064467732
3030,-55.0075680042757
3031,5.903681630586328
3032,7.396817119696445
3033,4.833392010119366
3034,122.25007255989728
3035,143.52880065449247
3036,211.7504724397761
3037,5.403835961402112
3038,2.14090588478839
3039,-34.796467820837606
3040,171.5774947052605
3041,4.792495241575668
3042,16.96733150324095
3043,5.813053480239545
3044,224.99364224763892
3045,173.62055191343651
3046,4.583506026000682
3047,4.179212733168784
3048,46.19013679154238
3049,5.6881925529381245
3050,244.0477940573474
3051,106.03806349317553
3052,6.4785079704104165
3053,3.7047430142281215
3054,129.78156807238173
3055,194.72612019058096
3056,60.57507302699531
3057,3.395383286182926
3058,107.96736374761412
3059,1.8503639290664207
3060,258.22625171602056
3061,5.124033908204509
3062,221.09622773705763
3063,145.64620752766749
3064,232.5576025199999
3065,245.96180901383718
3066,144.02147828028532
3067,37.10725783706224
3068,6.200190040028573
3069,6.062208998548252
3070,3.6400931428947296
3071,6.188488916683446
3072,205.10450731176573
3073,138.52134222186208
3074,6.330043099725521
3075,5.9668678373101445
3076,157.5776801293741
3077,26.3061790421487
3078,81.5109656694507
3079,5.720743682314369
3080,3.4549310191366427
3081,3.0354564490266385
3082,92.7211484901658
3083,103.66478608634065
3084,1.1071359612412905
3085,5.404688646212247
3086,217.89809760101394
3087,3.0646799129372013
3088,98.80807776323468
3089,3.564960605791252
3090,308.35980472798855
3091,143.17659974279167
3092,98.93766755855043
3093,3.9584046630057586
3094,210.68408932848908
3095,260.25514698242546
3096,136.26130941841674
3097,4.725445081550201
3098,6.988541478030745
3099,21.705634932727516
3100,92.88858239573817
3101,3.5536400533278605
3102,2.5354479759816084
3103,3.273301835178318
3104,53.62632977696072
3105,8.485528376657866
3106,46.34246319620026
3107,1.2628294705982568
3108,2.4822332719207965
3109,6.884532639775851
3110,235.72789255746713
3111,1.992012432377011
3112,204.4082496534352
3113,5.51561427416806
3114,58.67073109873604
3115,271.06535269445016
3116,97.63589967695094
3117,-9.305829728802976
3118,265.2690220846925
3119,4.605045407684629
3120,53.81405754451537
3121,46.43458626305183
3122,136.75439158322237
3123,3.8747186803946385
3124,2.466411562845384
3125,3.848691485123846
3126,221.40044766823436
3127,256.13504602699686
3128,45.37694123544369
3129,375.1733455358405
3130,2.1062384467559148
3131,114.34872640783819
3132,201.28994580949347
3133,123.79901984872376
3134,232.79268105441204
3135,1.6353947581071637
3136,300.2242517104838
3137,2.798017840125031
3138,181.1333509081301
3139,5.800623368768588
3140,1.7984929800335587
3141,22.723414629371742
3142,3.1263053718463856
3143,106.8667735549177
3144,259.0610929740054
3145,5.185490040091569
3146,288.21154402255587
3147,123.55296997879509
3148,107.62504217436414
3149,-23.08196475905394
3150,1.8754089680054145
3151,242.2652060540535
3152,6.644784113497189
3153,230.56199594624613
3154,182.35810204074323
3155,58.117494650700735
3156,47.31717611517098
3157,4.874494310444205
3158,298.06746295453365
3159,102.89703265409061
3160,253.34883170663602
3161,-45.00803888876773
3162,3.5942854174513537
3163,187.79402135743882
3164,3.3678898145213387
3165,-8.6269120234092
3166,50.984369015249335
3167,6.518278358633004
3168,5.389566048746674
3169,3.4861498915081035
3170,228.57885014387023
3171,3.1337974826080037
3172,240.40685075726012
3173,265.8153269726101
3174,43.09187841623109
3175,-64.71152487145875
3176,3.8679206829511936
3177,3.2050643389480458
3178,179.19579116857193
3179,6.389625160600834
3180,312.7960919048546
3181,226.4022684975861
3182,297.3453989432026
3183,6.82692290489796
3184,145.36293697104836
3185,6.947347025900768
3186,191.42163749845432
3187,289.89712088329765
3188,-44.485171573026555
3189,249.15929372990186
3190,3.8155372096915343
3191,250.5300384073335
3192,59.50550841764206
3193,6.461237192611425
3194,4.442747062021996
3195,5.588077415112492
3196,142.20380697766015
3197,5.500626504925628
3198,175.3921651042681
3199,186.7584148340685
3200,1.904721326284986
3201,293.9881232168626
3202,4.064751786873117
3203,4.820311748499272
3204,2.1552569510768267
3205,6.535611878879028
3206,271.032361201855
3207,5.893246907851605
3208,179.52509899378492
3209,-37.73328838316584
3210,7.559127058100662
3211,195.26013701412035
3212,209.79423065330275
3213,2.524109272818251
3214,253.3561727825809
3215,3.224838384299422
3216,6.07079304301837
3217,135.1082366624235
3218,262.5063734928926
3219,77.13758936830087
3220,71.78631098580504
3221,106.053530818467
3222,235.60443410764185
3223,368.73108766817205
3224,-75.24243937711411
3225,130.09929919136235
3226,6.001591998608681
3227,5.865281680175332
3228,15.986536545899426
3229,305.3012470207092
3230,224.2525837857307
3231,6.715446040570635
3232,5.103083169758685
3233,5.789281299418712
3234,4.205760623954342
3235,110.62556773853773
3236,141.4588931188156
3237,19.526728473343617
3238,296.3532980524862
3239,6.600341814787206
3240,58.09950110702001
3241,15.865241008557506
3242,2.520890279803356
3243,38.57228930469816
3244,189.0530392594644
3245,5.187210858631448
3246,244.80459791607828
3247,6.2987656471828775
3248,57.03785526912576
3249,-19.02302837808395
3250,227.13879872462246
3251,239.78529902002765
3252,124.31272189642375
3253,55.165668982779984
3254,153.03422093773074
3255,6.580712295633143
3256,6.356851309087473
3257,0.05133771979320256
3258,2.5008151077258254
3259,30.475220433711968
3260,5.820550783615835
3261,112.52346437811657
3262,331.1491183653169
3263,1.8083033980990988
3264,4.026354364695258
3265,159.3806290380375
3266,3.644657380284523
3267,6.803300299935247
3268,2.807274587407942
3269,5.12053580411668
3270,65.14314846347165
3271,210.8769977807506
3272,2.36289396435037
3273,219.2298995203675
3274,210.65783763453808
3275,127.5328791690862
3276,115.21902945967591
3277,6.421942576855266
3278,6.307780314181305
3279,3.167289076613483
3280,167.8646985530567
3281,287.6536596263457
3282,2.7743982225210413
3283,382.1343188597546
3284,352.1491357044754
3285,99.6078710812492
3286,3.059224981804844
3287,-55.67537548347424
3288,37.940764941371334
3289,1.7233699500901691
3290,65.79123661770043
3291,240.68289919843872
3292,3.1379947185457393
3293,50.60925945027693
3294,201.67208198662496
3295,142.24009678014085
3296,35.66995508993482
3297,204.1511014706216
3298,2.141156178075806
3299,245.31090354526626
3300,2.5111962299968855
3301,202.7227965516669
3302,187.23016983566725
3303,3.771876277353281
3304,231.76460749260167
3305,5.470464984191301
3306,4.382140443868124
3307,188.2397165997833
3308,3.0204464061834715
3309,6.498031137147487
3310,-56.716951651910435
3311,2.4445482394545945
3312,3.862387549514436
3313,2.5368755896226682
3314,5.8101124103469886
3315,4.182051808668355
3316,317.2860857582717
3317,304.8065250274993
3318,42.45563344031756
3319,1.8494775973796085
3320,2.003279103469453
3321,5.162530092441914
3322,163.12259314263414
3323,4.546750003155715
3324,3.824508716220025
3325,394.2725122960613
3326,78.00270417630668
3327,-69.08779532263415
3328,6.465087649710488
3329,1.876029643631969
3330,178.05512891708196
3331,98.67766167645937
3332,3.6539791509268573
3333,244.23756792776024
3334,110.91039315244596
3335,3.4034970218502885
3336,4.447647703640615
3337,2.5652394407050823
3338,1.803576242271494
3339,24.49908674030632
3340,38.706504145507644
3341,66.30942601181926
3342,234.039333948544
3343,125.4461378522666
3344,3.3907647157356267
3345,250.0216876171207
3346,286.77256905018106
3347,176.59211432991466
3348,76.92856225418214
3349,5.504004603266172
3350,3.872074324353479
3351,3.09315524662062
3352,1.7889016241937665
3353,145.06215382946843
3354,74.21188757315733
3355,3.164566930975037
3356,316.3473255130625
3357,3.676541913948082
3358,228.4096161698436
3359,103.33556086232997
3360,168.98973867980493
3361,3.4376011346854907
3362,3.4860773643334992
3363,3.2435486064893815
3364,15.931487187486455
3365,102.72273667729439
3366,45.94370126374949
3367,2.6107133571773087
3368,122.56260157813017
3369,4.56662369170836
3370,66.0664211506382
3371,8.665915634028599
3372,212.27415355946707
3373,73.71641881444236
3374,319.71158875493546
3375,2.244059576245101
3376,2.8103917430175303
3377,95.61846442067345
3378,6.334027829583572
3379,49.68641840062854
3380,334.2082586118799
3381,6.704806949191818
3382,98.45024265404317
3383,6.551213007710637
3384,62.935344148549845
3385,4.119502137400949
3386,64.04487401180418
3387,2.1465892269741564
3388,172.19893196371444
3389,218.36409431991052
3390,2.0030732821989794
3391,5.208181824231945
3392,5.0834379710499835
3393,169.46102562184217
3394,117.5937567181313
3395,5.3348101996838615
3396,6.130108970103299
3397,164.76302314754358
3398,2.1344977830571303
3399,203.55325834844325
3400,191.76549314961213
3401,4.915746730423937
3402,0.4932508244419904
3403,54.709761451193664
3404,127.51379337218209
3405,167.52195404748693
3406,201.21442690054425
3407,3.9844707835522297
3408,115.36650249713963
3409,124.8874879619814
3410,5.899004130435039
3411,4.901287555143608
3412,56.4431879717598
3413,2.204019205627062
3414,6.711496793098
3415,130.82055056884084
3416,82.38434189140362
3417,198.47408004570232
3418,164.31829466245847
3419,3.4869357526863745
3420,-15.963670486849402
3421,-66.16017674068524
3422,193.86945338817378
3423,2.0823284836609366
3424,3.4918829071252264
3425,44.57154721734567
3426,3.315899054863581
3427,55.58059592372226
3428,2.2828863304450437
3429,320.2101426355136
3430,300.356048850898
3431,106.88557439679614
3432,5.921898216369101
3433,96.5097074450642
3434,1.8448853118203887
3435,313.9381136004271
3436,219.3119170966269
3437,3.1633073368106035
3438,28.426902659378598
3439,280.5398525457717
3440,6.568171368395832
3441,4.831911857604217
3442,244.4819670092456
3443,4.999639114905262
3444,195.86035098497348
3445,3.1942747594557477
3446,5.986990025028271
3447,256.0037300252945
3448,5.466627071761551
3449,5.74926248789694
3450,117.1808524993947
3451,195.45355244043827
3452,1.8792411833856622
3453,2.714390710200212
3454,8.989200618161856
3455,3.9427870162705103
3456,5.755906658941019
3457,4.026366487105034
3458,6.165246133825808
3459,173.74052329292965
3460,-43.75278482673571
3461,2.736142604476588
3462,41.95872590801435
3463,233.50278429717554
3464,4.477539106895209
3465,2.8700463833339582
3466,6.850654253844868
3467,106.17296886290603
3468,32.059800246398325
3469,313.16649150648595
3470,156.06109216480124
3471,21.118059005431494
3472,278.6399874206824
3473,6.824709607844203
3474,3.0482124799953465
3475,4.58603431407864
3476,43.40531613529442
3477,3.493918908978903
3478,6.613699874026462
3479,2.81886369623159
3480,134.35061775795725
3481,137.70809362801884
3482,63.609752575634054
3483,67.01958758057583
3484,175.6484671674968
3485,2.3640863774692984
3486,217.75385114996095
3487,5.758456658610625
3488,4.726260317857551
3489,3.0887446885252547
3490,6.680285005549537
3491,3.1467750345653296
3492,2.2491243674511225
3493,298.899810934512
3494,167.55730204853066
3495,6.3413489556655165
3496,17.77393293309927
3497,4.504959481584096
3498,6.831790105458915
3499,-13.540119036202402
3500,106.24954086067122
3501,299.1612468815432
3502,6.365003049997179
3503,3.6712259231744544
3504,131.39247264166158
3505,129.55322534079593
3506,99.27649850138576
3507,6.3430456605737255
3508,3.4988773444116563
3509,3.060149921163858
3510,273.35057105641187
3511,1.9468183146319193
3512,62.815062940006904
3513,79.07896981265593
3514,3.2634661731837458
3515,84.5102080801543
3516,3.2117698766927996
3517,202.7319497410001
3518,4.262172602576483
3519,258.964439238765
3520,307.95203739079165
3521,1.8601728274006069
3522,82.10219573592943
3523,5.04309510798296
3524,6.633062224843489
3525,5.236536876740276
3526,41.14531744826732
3527,1.6737059750661294
3528,281.154265502465
3529,188.605721543104
3530,2.8219857895287492
3531,98.44281608798605
3532,274.78666812021277
3533,24.60702639422737
3534,8.593367892999646
3535,87.55474350921567
3536,3.531955824605301
3537,71.40534908067643
3538,6.44149161762907
3539,43.833921917536195
3540,144.29900853897806
3541,-67.49589854722706
3542,2.888809455992864
3543,184.48427928456928
3544,28.477581579054508
3545,2.4161711360177582
3546,5.33704064398878
3547,175.82278636818054
3548,5.069801670594127
3549,1.7522697249250714
3550,4.620702216652253
3551,4.385690695027912
3552,5.651125361714729
3553,6.817438963006213
3554,177.40912224907873
3555,4.050456065151417
3556,2.2172210349012387
3557,113.29985012951174
3558,5.35145637727757
3559,81.49098461921335
3560,61.05128533167193
3561,5.721320464024069
3562,22.714372645538603
3563,-42.73694115644601
3564,5.895721054421333
3565,5.0464786668076735
3566,165.86899379649697
3567,1.9164916759232353
3568,238.13796606595886
3569,164.89661770809917
3570,45.20230380270373
3571,205.00407540056472
3572,1.7892208635115265
3573,6.014168209088525
3574,5.668837812302628
3575,2.2439808630227196
3576,5.162983015143167
3577,5.846306152314954
3578,75.13510094659199
3579,1.9795249166070594
3580,74.80032481973244
3581,251.76391520200738
3582,37.70403028089256
3583,96.17292287372264
3584,6.649139792253232
3585,33.3380621462881
3586,5.6254546483999395
3587,36.95691121739165
3588,3.284897503502903
3589,217.73412520880402
3590,3.0163363632622477
3591,3.48532295562058
3592,189.05489205043932
3593,4.9871257855383435
3594,3.4007880892555686
3595,6.705523764897896
3596,32.64520781298248
3597,316.01248044442497
3598,79.78393179031673
3599,87.76651294674963
3600,2.7326324603428187
3601,288.344650321105
3602,17.34060959377853
3603,5.289172934269491
3604,2.576615815960942
3605,166.56180572754093
3606,2.1934647793848914
3607,3.7857412577197915
3608,279.31132647400824
3609,193.70382088582326
3610,46.79472703008838
3611,5.448035884258359
3612,278.73387638468904
3613,6.482800729375289
3614,4.828038949944135
3615,6.855201686236887
3616,80.94225233729873
3617,5.205244840964282
3618,2.8965251136217325
3619,-48.29130759225739
3620,6.796171047803405
3621,65.3603518580187
3622,5.334714792460376
3623,261.89019264751147
3624,-10.613218299952273
3625,101.41460392196775
3626,55.85764220406806
3627,30.939359144064923
3628,6.515047117330692
3629,35.75006590805561
3630,249.3033659195537
3631,304.2211664296499
3632,252.65753549011544
3633,248.0503477274095
3634,99.29363156007834
3635,135.87865933653498
3636,4.6816628195741865
3637,40.42706729084778
3638,57.116827943245575
3639,5.044494563792466
3640,359.0214199485472
3641,219.71687959773263
3642,164.06417543207627
3643,202.46787224234697
3644,5.995030232753866
3645,116.86225576367599
3646,2.412058345722253
3647,6.103322679118124
3648,229.86209423906493
3649,5.075173080598308
3650,3.094462550814389
3651,201.90443752173357
3652,48.87208774389916
3653,-0.2941651164244101
3654,72.5972163549254
3655,2.0372142875856416
3656,148.99059581437544
3657,5.822065167712531
3658,8.061433257853178
3659,4.41345851844625
3660,5.58271516936408
3661,34.61147420835479
3662,2.0050100504722614
3663,5.859269543861519
3664,128.01294189827956
3665,4.423742344770299
3666,278.6516190724756
3667,237.99470594422021
3668,256.55386375376435
3669,239.40130295418052
3670,8.088423034709884
3671,6.657475847339533
3672,221.07696020995698
3673,5.001757287813107
3674,286.2281641263881
3675,151.76754194260627
3676,50.865620355063925
3677,41.870641245409814
3678,-13.938551191040226
3679,4.100920033327938
3680,3.669874690224041
3681,139.0439113352381
3682,83.38485033477197
3683,166.5283778391609
3684,44.744633367323
3685,147.7222094407114
3686,290.9393175847288
3687,102.88867936204318
3688,284.13586432931504
3689,2.247976167090951
3690,189.21295894332064
3691,171.49511978660175
3692,307.07392669845075
3693,267.26752386750616
3694,1.4661993816269818
3695,246.65531992308166
3696,210.8621109157123
3697,1.061117670608278
3698,-33.126413513706055
3699,4.128596388532037
3700,5.488141660829681
3701,356.9662834033152
3702,3.869434986154417
3703,3.76684970563778
3704,6.472312490060664
3705,1.179230919639005
3706,76.9871839165654
3707,1.6394364119354459
3708,128.88298966977854
3709,3.1063716002365744
3710,5.412700327175558
3711,344.4782352617946
3712,74.12998638763537
3713,5.420354910675803
3714,334.43460279823
3715,2.515128231074564
3716,2.0052403859167263
3717,136.60192605250108
3718,73.7977957313993
3719,161.43825905052566
3720,163.12840835875159
3721,3.2581257123760228
3722,3.723100145545227
3723,3.4648668276173664
3724,1.8214873568198051
3725,69.17825535557253
3726,1.7548523279243997
3727,230.88969569566768
3728,49.401125713995754
3729,-43.75573183126224
3730,132.74286809158792
3731,72.96905319502967
3732,3.4350974132259378
3733,-54.94058744605977
3734,3.032996005878247
3735,2.086345265678475
3736,0.0018704024751303727
3737,6.682310840152518
3738,197.74782688335452
3739,-47.76749194259754
3740,253.31754509439435
3741,23.632255341331042
3742,271.07338529184926
3743,2.3475478814991138
3744,80.22883342513968
3745,-5.143571183272603
3746,4.824138051856436
3747,4.7599436550844585
3748,220.76936659943559
3749,82.12524719314395
3750,1.5444310283931952
3751,219.57207375189807
3752,102.50044340183413
3753,4.741215000441502
3754,3.9012770590229766
3755,27.019022957092282
3756,5.558098625976832
3757,24.882459765430294
3758,6.021343897686006
3759,46.28376283454475
3760,1.91038479339423
3761,6.882832394095062
3762,6.172947441799136
3763,120.60028325828
3764,170.21076702937827
3765,370.56741804109924
3766,7.689876799554933
3767,290.70501240605984
3768,58.63417508861193
3769,1.6907021815277072
3770,193.86560233403338
3771,3.535256603512987
3772,197.62269441178685
3773,250.60224620666244
3774,2.4534650068540067
3775,3.565976704533292
3776,221.99774449851571
3777,6.340412829929379
3778,240.72310831756187
3779,286.3429854187997
3780,6.154751033572616
3781,6.4585485903561395
3782,2.239679921130845
3783,1.711665678359262
3784,5.497349586342146
3785,26.362600538659052
3786,74.7435321581949
3787,6.037427609211274
3788,6.714493893020659
3789,298.19368030674457
3790,6.8442485369037085
3791,6.502294212516432
3792,3.672334506678608
3793,23.681383441909173
3794,-7.919579186975573
3795,195.77913897023348
3796,216.4425509360748
3797,4.772685316544298
3798,184.08113304719654
3799,-61.94981614144147
3800,231.95417394776845
3801,126.7644874077306
3802,166.79639143570603
3803,54.06758498095713
3804,55.059878068587885
3805,4.012003514464156
3806,3.283323840058653
3807,70.56791449058102
3808,3.628994131373857
3809,-40.49312599153956
3810,2.54913768281806
3811,4.822585318369056
3812,265.52409513772045
3813,3.642241435748918
3814,290.65991851897013
3815,7.30175992144852
3816,3.810534198146597
3817,51.45478466997079
3818,6.440324871344327
3819,2.285024234946733
3820,128.26027618356042
3821,7.785874504786095
3822,5.4308704584234135
3823,261.99504950647434
3824,5.080849207016994
3825,252.08251869074263
3826,6.031143380368819
3827,307.0276094262844
3828,302.2918587875135
3829,6.447952355799519
3830,222.7103398757859
3831,60.53480814153933
3832,1.7902208205481627
3833,51.61544173474924
3834,79.43762049103346
3835,2.530511755418236
3836,5.117046236490478
3837,6.873277179189786
3838,5.777322797835312
3839,213.63741985723672
3840,5.655507851061401
3841,133.09558387148468
3842,3.653984881137009
3843,246.11712680619195
3844,6.361243538765218
3845,6.532453205898329
3846,6.53019351497418
3847,81.47339229096038
3848,121.03433020267038
3849,199.22533751724453
3850,14.673394532780279
3851,118.63145581849271
3852,264.60727909481295
3853,5.45378614102919
3854,234.67753393623263
3855,1.8419835760519103
3856,57.80943177228322
3857,3.7560792047709994
3858,3.018593248410846
3859,254.38519809255473
3860,5.938999432334829
3861,-66.09066912298354
3862,-10.070944867722071
3863,3.475598687693886
3864,2.991129717224572
3865,302.96812585824483
3866,4.3221145214519865
3867,199.4662065742711
3868,4.755012547713617
3869,3.036067974891845
3870,138.88897080164318
3871,48.0228371844259
3872,3.7902015850400845
3873,29.997473927143357
3874,339.10230942934487
3875,268.98345643612805
3876,100.09464759124096
3877,-81.91774638174688
3878,183.63331964035982
3879,273.6077834946027
3880,6.389205269277663
3881,3.7368521271790662
3882,2.4755951503211238
3883,187.5527448236845
3884,155.88289033636477
3885,6.320211961977501
3886,5.482084260188366
3887,6.271389743095415
3888,2.5091466808014165
3889,195.7484960667289
3890,0.12576426534491392
3891,3.154100130839364
3892,149.93746319514702
3893,3.5265304111456905
3894,320.29472952977744
3895,-27.78086524630431
3896,33.2883285360943
3897,238.17160439988868
3898,196.88940859961846
3899,1.7180413702834674
3900,65.46198881971955
3901,126.79463873549781
3902,2.8484165435380064
3903,38.81482977683845
3904,54.72151715339241
3905,3.46539595521866
3906,6.8827676073351896
3907,206.69399858317422
3908,142.34834202661168
3909,3.1255750866500427
3910,4.252792412364454
3911,213.8983523352896
3912,4.235896951668712
3913,37.01842833784101
3914,284.8756166155972
3915,5.780668984067571
3916,5.793137622853376
3917,3.7560216018683907
3918,-41.55982845025812
3919,5.19139916838556
3920,37.3560245719224
3921,73.35368906531136
3922,8.445823348772198
3923,3.3499295313905937
3924,353.9676201314041
3925,99.03962900971155
3926,1.877148526816965
3927,248.82520615272796
3928,3.453766603856091
3929,5.4535668528720365
3930,6.279562382915783
3931,197.23630174451347
3932,4.395477125332584
3933,2.7372214389097222
3934,6.669540847272236
3935,232.34928834525755
3936,1.7632024852047965
3937,3.04185882511992
3938,2.94024578449671
3939,291.7008351388959
3940,6.281185002700663
3941,6.260242887513072
3942,5.753335277443728
3943,3.2248766271999303
3944,6.405076222211637
3945,346.98745668079687
3946,215.27956450417517
3947,31.451075607579032
3948,148.08561339931484
3949,4.991061224985014
3950,229.18723439480047
3951,1.8586882487613947
3952,83.56835439750942
3953,132.5779143942564
3954,2.3096324732919498
3955,5.983355994334915
3956,143.8604102435577
3957,60.33230405047311
3958,81.10276486973301
3959,222.82847162031655
3960,6.025462706653933
3961,6.269916916430361
3962,96.52667385180412
3963,5.822420026751013
3964,169.12787314804507
3965,6.372147678474816
3966,3.2326734941707906
3967,3.3352189720303667
3968,155.27971474642388
3969,58.337234057703185
3970,2.2948261692511713
3971,3.540558803743603
3972,2.9952508937292
3973,3.271013137429199
3974,38.1711728092213
3975,43.450928588112916
3976,3.533535225845897
3977,4.206144365915552
3978,3.297598130238139
3979,118.95903431677132
3980,242.7386027847032
3981,254.37476897714384
3982,5.506418452755468
3983,2.890246379834355
3984,384.69870586048205
3985,230.37969808307253
3986,166.79924662574186
3987,101.56959399509135
3988,3.260854108967329
3989,-4.574712875594135
3990,93.68826606515314
3991,259.38347565691424
3992,5.872045382823546
3993,5.695884329228004
3994,37.17218499257541
3995,124.39269688557845
3996,4.21198528939079
3997,111.48014329363582
3998,2.5300822147386093
3999,268.588648725378
4000,5.344068333760158
4001,4.409031618757331
4002,49.499226910976866
4003,162.81114957162956
4004,2.3630385709991226
4005,306.975666273525
4006,91.04623445404145
4007,7.009730492530006
4008,3.4781788272472807
4009,5.671878184107824
4010,196.63463176256215
4011,3.204585761008931
4012,6.4557862897646645
4013,252.84465858453063
4014,5.837323799397944
4015,6.207573996399047
4016,73.63087129570233
4017,147.4367198394053
4018,115.43317063032109
4019,1.2360433503519057
4020,1.9417359018124933
4021,131.17491827162453
4022,56.452787501711754
4023,3.90708887566069
4024,122.37803595894232
4025,73.42955472828403
4026,57.01482885629155
4027,272.07671291914505
4028,95.59078490884218
4029,6.470788940983119
4030,2.527558351521216
4031,109.98143082711425
4032,85.4304727990581
4033,3.2629202195797746
4034,250.80526208436265
4035,136.42578114757723
4036,3.2133331490602743
4037,3.69403144561403
4038,6.114752412638259
4039,5.901893537092826
4040,113.01170313484512
4041,323.9618255159967
4042,52.50673437687234
4043,262.3560178095338
4044,4.384437320519152
4045,23.935119315138294
4046,5.87247428686264
4047,3.829149716341901
4048,273.88857293483943
4049,114.10904423381469
4050,277.7866946851824
4051,45.366071115708834
4052,2.792918287881726
4053,4.044169796496585
4054,5.737045252810279
4055,3.9709240543509274
4056,258.999514128676
4057,7.243779345853509
4058,263.2022578253917
4059,28.156288403135868
4060,250.69821364541818
4061,103.27451331897073
4062,3.953418389411597
4063,1.9497828563728585
4064,185.27142007599468
4065,1.9401699328434125
4066,86.43836444226561
4067,189.4756669069967
4068,205.15532281241974
4069,344.3008441349768
4070,3.1163192687019476
4071,2.5520482628694867
4072,2.053985248729312
4073,3.284714874860425
4074,4.0265779394863195
4075,-25.918359845426163
4076,26.864945793919276
4077,4.741931789150376
4078,6.2928580632606055
4079,6.851808457498874
4080,281.1549882045503
4081,3.5009328494317913
4082,133.12788756570822
4083,4.092012362990076
4084,4.524756851028656
4085,31.47750875111965
4086,3.975946934777122
4087,3.935365962777387
4088,4.685585044566541
4089,81.56864908878705
4090,141.10769236985746
4091,4.189903035166284
4092,71.64797053366132
4093,31.913723841868425
4094,5.069629181614456
4095,6.873664192986877
4096,2.760673860618382
4097,2.4135275797316695
4098,2.2716527231594887
4099,-43.948823812297
4100,33.276086990542105
4101,6.683045940664256
4102,4.403374162858031
4103,70.07411190253976
4104,218.78475090014848
4105,5.70228768182289
4106,117.61781738785268
4107,94.30766056192687
4108,86.87055823736901
4109,270.94879926048003
4110,6.334028655732261
4111,71.86922773950828
4112,87.28207279651754
4113,3.0437953164570968
4114,6.667064295863467
4115,79.73762634838573
4116,136.95720146459507
4117,80.93242664518347
4118,278.5148016472228
4119,261.27093037363545
4120,229.27681982563837
4121,89.71034948440091
4122,-21.730797648380367
4123,2.210808023907055
4124,92.74507596005294
4125,2.4207990748102857
4126,63.43897820719171
4127,5.908004897400082
4128,1.6276975029079304
4129,6.232439716989946
4130,1.9496962287605417
4131,64.29419693672503
4132,6.2078122873228505
4133,5.1212522031519505
4134,114.10025798614906
4135,-3.197364126335671
4136,157.816522699141
4137,348.1250642673799
4138,-11.084385645438925
4139,98.11543011058767
4140,68.06281846058384
4141,4.156190260772995
4142,117.03749114350477
4143,305.6505826708754
4144,79.83386993365295
4145,242.0630154990349
4146,63.163061053565286
4147,57.15582642982472
4148,271.0315546274475
4149,44.92297586056504
4150,25.78443922097697
4151,62.47103034067917
4152,142.61971087912013
4153,4.065348503392282
4154,359.240551220492
4155,154.3418176785377
4156,3.169647462969582
4157,-7.133801627143409
4158,3.9177426226057537
4159,4.296824399784158
4160,160.19604508771081
4161,178.41826074496743
4162,5.890591788470261
4163,64.0537199908442
4164,169.4153295748117
4165,2.2722393576145237
4166,41.01009926980408
4167,90.20102925304577
4168,21.34260881089451
4169,2.5632989864237308
4170,1.8842462558422097
4171,89.30849258858565
4172,4.46708963446882
4173,3.500481266991951
4174,77.96110736104605
4175,127.2917380063737
4176,1.9744864173885197
4177,3.970957301924065
4178,31.861455784007006
4179,133.88164736747765
4180,178.49155459320383
4181,66.46512171961466
4182,61.32639670684883
4183,47.34381760202186
4184,180.84476116494648
4185,278.60255881250424
4186,2.7965094102184906
4187,69.35988454904454
4188,4.000004347719669
4189,4.062613060565475
4190,122.78323559362137
4191,2.0584321497397062
4192,37.24157549687971
4193,51.32496537108689
4194,5.9038474430934125
4195,4.154922629583096
4196,135.9080530870851
4197,6.745165414108645
4198,3.1884549401983
4199,5.134673422094809
4200,294.2200838616797
4201,246.71522800739527
4202,157.4127468746044
4203,5.65039282067854
4204,98.53728047350353
4205,5.335647089308041
4206,7.855667250614288
4207,150.96972125076172
4208,135.48962239971212
4209,231.02337885559123
4210,-54.28370487668624
4211,1.5846705893658943
4212,5.716096196154208
4213,-23.067786081583655
4214,6.535073042806744
4215,3.221126374169917
4216,1.7238524803392
4217,3.0145933999911194
4218,5.736283524645009
4219,31.172752089064765
4220,68.73115240832657
4221,1.9488675303278469
4222,111.55301663704128
4223,2.813462496724111
4224,6.635948049965585
4225,4.8571638397038255
4226,286.51407220225764
4227,2.6193645078700705
4228,215.66410867112245
4229,116.0937601124298
4230,3.0422024578041924
4231,2.1606477312615557
4232,43.95692463797182
4233,3.204399711475686
4234,-5.650905468754521
4235,84.55904758161398
4236,249.27228596210628
4237,160.86526842802525
4238,2.8795841166702387
4239,53.19925075164637
4240,13.588173167302502
4241,46.69545558521723
4242,232.340933197849
4243,-72.90500169032472
4244,349.5428109152782
4245,4.900574216697663
4246,1.980384403119594
4247,3.7374895061500277
4248,4.071793783495418
4249,-32.0750304270117
4250,4.95757927353993
4251,289.91430709423264
4252,6.3518177997731895
4253,6.2778601061624295
4254,5.3062122118772495
4255,-61.24269015251079
4256,2.2389819978556056
4257,108.87924816284497
4258,2.550279284240521
4259,1.614587759695835
4260,82.42539175942042
4261,2.350462537745582
4262,290.357831103486
4263,87.88212614389111
4264,2.621834318005182
4265,30.076077387786032
4266,4.038199205608248
4267,5.395551053096593
4268,5.694098809132906
4269,183.62603320690545
4270,192.64805461874082
4271,136.71963764029047
4272,4.648761859991787
4273,8.106751914335199
4274,71.55339417841672
4275,7.02187678579409
4276,308.2899311447973
4277,232.32757029452887
4278,370.9359321603344
4279,321.2660353748345
4280,120.7975226077726
4281,37.24165356590782
4282,16.235167324747298
4283,6.745053448801729
4284,4.782557812657721
4285,110.00312874797879
4286,306.12236260215013
4287,1.8537910883074475
4288,173.59383766963958
4289,209.2094896518218
4290,166.75873725628543
4291,2.842162489405875
4292,5.0557406064444566
4293,-9.912018748680653
4294,-54.14768932514964
4295,1.05220059206755
4296,5.483099795387465
4297,6.693728996639409
4298,5.979107222546094
4299,54.400045398626794
4300,46.51871962063652
4301,-38.70460657733525
4302,167.09055467774525
4303,1.7822854406793702
4304,-60.91663060751941
4305,3.949149935587411
4306,317.00914675933103
4307,2.812750265108384
4308,62.94846660509849
4309,4.277612221621444
4310,2.9081697777278026
4311,7.466337399213484
4312,321.4207954659858
4313,3.444900410335801
4314,2.582258554427063
4315,226.90239345666802
4316,1.6845174771602234
4317,177.68380695463867
4318,5.858856353876841
4319,45.9549307830856
4320,119.86800367410962
4321,4.853728410349746
4322,299.64035779651954
4323,100.57129550793235
4324,3.3241548310268563
4325,6.24563903968853
4326,3.8630169265550767
4327,106.07898108582532
4328,138.33267839280947
4329,213.17894302098225
4330,28.175082847802578
4331,2.6997920661352177
4332,2.225409106810422
4333,251.24233397156425
4334,3.7083694730888475
4335,3.212715149794528
4336,2.1822383799697747
4337,5.968275421493803
4338,6.742575073126828
4339,5.616648577242086
4340,-40.194527403336295
4341,66.12893299795627
4342,179.8333461517853
4343,180.14920419309922
4344,144.66440065672927
4345,5.912257672760511
4346,4.789542086679288
4347,220.96420777659847
4348,5.550420628913577
4349,155.53436554186666
4350,-26.561286172432833
4351,109.98257375233968
4352,185.26614062123582
4353,5.159262690037457
4354,125.679387111728
4355,146.60817805893956
4356,1.9762164786501624
4357,5.150629767254575
4358,310.36813627876387
4359,216.84278888994
4360,3.424471170912808
4361,13.14081927401933
4362,-0.16306432550692262
4363,3.5963679858313
4364,4.970259667147244
4365,1.6311313526060538
4366,3.0112518252498974
4367,242.08224936964876
4368,-19.32536523246926
4369,80.13075961054633
4370,6.437186916824907
4371,197.96048515888086
4372,91.24400015209443
4373,313.72895329588715
4374,6.662128347663368
4375,226.66009377216974
4376,282.84134711931983
4377,5.133843014657325
4378,5.535302871111104
4379,204.90480077855466
4380,3.1373328977515733
4381,2.8882100164053055
4382,6.7664401956902696
4383,34.015955522808824
4384,5.078030139633764
4385,219.23474273120928
4386,9.216760105838922
4387,313.23780695887905
4388,95.35391741087889
4389,6.734470994740184
4390,4.246910618014735
4391,3.6112571040180517
4392,2.4787811459600224
4393,111.261832042407
4394,88.1032097269727
4395,3.0740696157107275
4396,5.919537173777867
4397,2.4846899144730155
4398,6.446605446893718
4399,2.871752989294112
4400,260.8616060235916
4401,6.832284218442411
4402,225.50319908995962
4403,279.591176409859
4404,235.39439216745183
4405,342.74245243494033
4406,21.20193631143038
4407,84.65915588482754
4408,6.4136673024897535
4409,110.8686965287424
4410,-90.94829986155005
4411,2.686832672808272
4412,287.9639887600562
4413,212.38341797540252
4414,4.102486529754716
4415,186.93420654378102
4416,58.92438240809957
4417,2.51072548720738
4418,215.7145784945731
4419,232.21728535872867
4420,349.39217835602824
4421,342.60528367546596
4422,-3.2364361121840526
4423,2.0034973409703074
4424,47.74393407761431
4425,182.899698354505
4426,5.334253886173873
4427,215.23807258562098
4428,6.111748735222438
4429,4.80686983201781
4430,5.126509329244743
4431,183.21424756376413
4432,3.8647045762985823
4433,3.8509367999993827
4434,122.69692152625913
4435,5.711563110118698
4436,6.424962169668399
4437,-34.81618628955415
4438,101.22335302187119
4439,6.7371602708668075
4440,252.42596835198827
4441,1.9771809351063885
4442,260.4813644065914
4443,6.558514779497121
4444,266.1333195278257
4445,3.821101777367873
4446,3.7040756301900752
4447,110.65865874421397
4448,4.929552265478996
4449,-11.830812346182341
4450,83.48440927912294
4451,114.09641473599106
4452,286.03875732467
4453,266.93143881978926
4454,5.045897847707949
4455,5.941263865036452
4456,214.3221235202581
4457,4.124320943132529
4458,6.552682098947927
4459,71.94444303321583
4460,0.4363980759048336
4461,93.84038638988523
4462,152.81985316634183
4463,45.74188968162854
4464,3.919894495172127
4465,116.21758242443457
4466,4.536290925925937
4467,2.373492233826167
4468,1.677840884052807
4469,1.9222887668048558
4470,4.822818239922463
4471,2.5602961759811476
4472,242.19217369568167
4473,3.62236834179652
4474,255.25218016147582
4475,3.9588383445743824
4476,85.76416054178091
4477,5.857548477094947
4478,4.127636038941841
4479,112.03141595749112
4480,284.551138801445
4481,3.8769937257336395
4482,209.74173346850378
4483,68.08876461045082
4484,294.27226150077763
4485,215.5449915844525
4486,2.390600586025627
4487,101.0954652275153
4488,51.57014380351192
4489,-46.62899305676719
4490,102.25553441110354
4491,5.518511889143292
4492,255.1642553793031
4493,316.1625801023444
4494,19.894734006960764
4495,2.4266494589621446
4496,74.94590463127717
4497,6.815768086291851
4498,214.8166931839996
4499,314.79035287607917
4500,139.36863556878134
4501,5.249871314665066
4502,5.997859726917054
4503,185.61730775701665
4504,31.99111564460291
4505,65.42617445077144
4506,2.425997905104861
4507,-26.263519162775694
4508,157.06248850401303
4509,43.057186844705065
4510,2.2792360261397433
4511,262.13782925587776
4512,57.74509754361796
4513,114.05453024842478
4514,2.820299758757333
4515,2.9073667145590596
4516,3.442990486170735
4517,4.760285564359104
4518,31.52666942031715
4519,113.1302613391931
4520,53.31558104039314
4521,2.727539204128992
4522,82.12732326601699
4523,6.731929901817421
4524,227.91387831368047
4525,11.619901871324185
4526,2.3239103135339185
4527,107.70772365438172
4528,151.13530668417386
4529,132.27228371785233
4530,211.61765264450707
4531,4.134312565447592
4532,4.287352805593604
4533,4.46581623732204
4534,58.52884884284954
4535,6.100989337627544
4536,1.6688024871314653
4537,1.8805083604231267
4538,6.329038793186751
4539,305.95929665752004
4540,153.42622270576317
4541,3.350870060553097
4542,2.8864755577124313
4543,214.6818471669511
4544,30.55439707993992
4545,5.218001266715204
4546,27.220089790766206
4547,5.660471962503204
4548,172.90875695581232
4549,4.5483048932233565
4550,236.4918909698322
4551,23.155097092220384
4552,92.35311928997963
4553,120.25529711283299
4554,4.431478905851377
4555,201.3001810264186
4556,288.01895135496983
4557,5.020138436178563
4558,4.503175289458745
4559,65.31790823411393
4560,7.9475784318523885
4561,5.705244271009061
4562,198.5956940675537
4563,48.22263982580402
4564,233.97479630923658
4565,56.11703383091093
4566,210.55637181549585
4567,275.3269224063378
4568,141.44960628735242
4569,4.908722145693457
4570,219.29828517025427
4571,266.8926574672164
4572,5.212335339322633
4573,2.771590452878162
4574,2.0925795580765576
4575,5.249938145149275
4576,143.14513571348397
4577,239.97633958857682
4578,76.9067230739156
4579,22.8560122670103
4580,0.12576426534491392
4581,356.3871453186947
4582,42.63401234389055
4583,0.9321838114397201
4584,298.1285556774406
4585,36.505182546138656
4586,5.9192547356695275
4587,3.8558550243899745
4588,1.2586018821697198
4589,4.062392778626707
4590,3.224462684468054
4591,66.7496957821746
4592,5.316066667909331
4593,115.72061492226952
4594,-11.209360340630173
4595,2.5953980459068706
4596,49.10423265129407
4597,146.8234223272115
4598,4.590900790705065
4599,-27.919885180990303
4600,81.96812294515384
4601,7.019907249178679
4602,5.636831176730963
4603,5.176146646886712
4604,74.1205498027657
4605,1.842008609989373
4606,137.67162876798935
4607,20.88114740247805
4608,4.434563978044315
4609,212.24710713896857
4610,96.46594909092326
4611,108.67074568022636
4612,2.5103651998493253
4613,-70.2292867320331
4614,75.06593246871587
4615,-37.36897786632139
4616,4.178764114100859
4617,4.765572678940518
4618,3.9821141470158206
4619,6.353678903124937
4620,6.70063536619053
4621,99.24358373857332
4622,4.264658595474133
4623,6.184924340677305
4624,0.3062196543069412
4625,87.6170972682688
4626,49.91910762370246
4627,5.114752137950508
4628,5.905552812460126
4629,59.857457862416034
4630,5.297278773507988
4631,12.012728865941648
4632,6.687618052967117
4633,235.47550864336895
4634,5.763380116886589
4635,5.774726616023272
4636,91.41778997566192
4637,7.111655121950032
4638,419.5016189691452
4639,278.0126445975419
4640,2.046550276158128
4641,197.96366148166405
4642,140.99371656348524
4643,49.94215574056515
4644,43.833941926269276
4645,5.851132335420099
4646,37.791558286694105
4647,30.311644607734433
4648,194.49725396462006
4649,123.94026872106838
4650,123.35488666357385
4651,56.43774185211449
4652,4.899646060921695
4653,249.25285047871853
4654,5.968060550124651
4655,5.5401236165500265
4656,3.0727749030627893
4657,3.1080107589564014
4658,6.821971267279429
4659,66.83223556988648
4660,1.9623916234575989
4661,2.516480142901908
4662,4.042332432144268
4663,124.39649139157915
4664,5.996750719908351
4665,170.87083894940437
4666,220.00576986827906
4667,1.8290179698625968
4668,104.05705641752787
4669,267.63237594327813
4670,36.171525532164615
4671,2.1271044518697244
4672,0.6064640569393058
4673,75.56875725057435
4674,280.91738334572517
4675,1.796789123775025
4676,115.2264533847252
4677,52.96093421705404
4678,5.842194617543941
4679,89.97757097581196
4680,4.117954310496668
4681,2.1304346990865284
4682,207.7767389843533
4683,156.2931495737343
4684,99.6426523789115
4685,254.04424284620245
4686,3.5299261918705818
4687,221.07659100941905
4688,336.0491328239755
4689,113.21183910888735
4690,6.280233082292946
4691,6.740083153468163
4692,4.366984759654948
4693,71.44659390469796
4694,4.616955488029064
4695,372.5091844130475
4696,4.726343873521711
4697,2.6614031472330897
4698,4.66448677535302
4699,3.767412194441474
4700,87.0856437315174
4701,5.763264109952287
4702,1.979666252064269
4703,3.1648042729221406
4704,4.603022805703855
4705,284.5603635482481
4706,3.3808494988081588
4707,4.8412169096736655
4708,3.0470821707255094
4709,71.79546831683237
4710,150.68087636777173
4711,6.37035917642568
4712,237.09561861398402
4713,3.8262642860878504
4714,5.6428544762846835
4715,73.10154874975478
4716,73.5625617309071
4717,6.898656805931159
4718,6.285935334223034
4719,201.38548799726155
4720,182.96724970166488
4721,6.0087717988532745
4722,4.101994725656658
4723,6.691415657109686
4724,64.61236787663556
4725,181.4166199153188
4726,3.3991147274655327
4727,295.7127784729378
4728,247.2686761296204
4729,3.7456805279346317
4730,171.81081590727155
4731,106.36945781365861
4732,21.522890973928163
4733,5.6376797947262896
4734,6.356244740696262
4735,5.463224895075091
4736,3.3457071301038477
4737,49.99410267053367
4738,-19.666337703531298
4739,165.29494761685064
4740,307.730472876323
4741,5.343554305082126
4742,91.25051099579711
4743,5.582319025843327
4744,256.3747146088494
4745,40.57630868940066
4746,3.649008493599488
4747,3.018628511231302
4748,3.115001213702801
4749,5.811192143482595
4750,5.662292429432613
4751,3.921371228331927
4752,111.70969796648266
4753,149.51608802489199
4754,135.6914323952104
4755,4.193401200976211
4756,1.8853808306223547
4757,3.626496703906746
4758,78.56472972376663
4759,106.2025693572932
4760,4.690500310954697
4761,2.9735936137037444
4762,174.96286102338547
4763,218.34999635107133
4764,2.2828873382708044
4765,327.87772845793177
4766,28.271301767467232
4767,31.678298464653736
4768,22.437332332734623
4769,-35.64399238860991
4770,42.713574136174884
4771,41.498376192255776
4772,4.0485622393418454
4773,4.188242565444381
4774,149.43619187102914
4775,1.9729128655917971
4776,2.632821722744344
4777,190.15091947745887
4778,4.7728374436048195
4779,31.23165490033904
4780,2.0381722588263544
4781,56.393562326498994
4782,4.846072930450051
4783,3.9839846750608143
4784,2.657089063615224
4785,36.488747535834
4786,73.67654383533298
4787,5.689492968483148
4788,3.7879641004634284
4789,3.016607442486064
4790,121.3724353898384
4791,214.95191862559562
4792,4.517357955967693
4793,169.66033619274282
4794,64.82524350362291
4795,220.2005884770489
4796,3.2346489776730447
4797,149.3886910735473
4798,5.946563541539828
4799,3.931152937613978
4800,336.21726860386985
4801,3.7558874717704587
4802,4.908939264041611
4803,284.1181905704071
4804,1.5757822855092345
4805,246.44126138728703
4806,4.205291448522273
4807,3.0235900108194236
4808,64.95896392078669
4809,100.71675722133907
4810,1.61203617378668
4811,1.9733232583152627
4812,5.411229532680872
4813,280.3028547926601
4814,239.2194666124249
4815,2.762316628652809
4816,2.7797845114257234
4817,5.949920050290483
4818,1.6847290195766573
4819,86.88283456314659
4820,2.381943187227835
4821,198.24993741969206
4822,118.77030253113875
4823,4.567839595356245
4824,3.0075773189711548
4825,234.59471105911092
4826,4.886633302943518
4827,5.7257519630079345
4828,214.24358161417473
4829,131.4245663477822
4830,99.03545221925282
4831,172.0208012913047
4832,6.573286806248786
4833,3.709731421762145
4834,108.60279140151748
4835,3.7700954081694995
4836,6.611769292962951
4837,216.51247672303958
4838,29.796588000253557
4839,306.39161061357754
4840,3.0670080365706065
4841,160.40628036967448
4842,26.22045611855086
4843,2.0807554977523393
4844,4.0084823483850505
4845,4.646570338690006
4846,7.335168251041061
4847,3.612198670619704
4848,2.3342490782522005
4849,5.0469186302907945
4850,6.801937411938163
4851,5.688567602992996
4852,100.49156867016926
4853,292.64388364534574
4854,2.6196363619693757
4855,3.008870497686397
4856,178.97349690809563
4857,242.58321308068037
4858,264.0044140990709
4859,138.68305032227903
4860,268.9566317237455
4861,-0.797500560914469
4862,106.64008472841019
4863,6.288957116313562
4864,5.91728190753226
4865,1.8391974144255745
4866,1.1855297073053472
4867,3.7461105317463437
4868,50.1207472836922
4869,1.2539817592523403
4870,130.73100044927966
4871,7.165535027110454
4872,2.3539952420678913
4873,290.14107037476407
4874,1.6218856007515017
4875,3.3772736104059433
4876,218.6870499222966
4877,6.372135307430407
4878,82.22885533002301
4879,77.30445304891266
4880,5.655586100927827
4881,6.1313169022277645
4882,49.750740882226246
4883,1.7469827944017529
4884,138.08491903748293
4885,-60.97384053117769
4886,240.31621385510064
4887,4.881575612536055
4888,286.6462500885388
4889,29.95318070029249
4890,217.1200916082844
4891,146.72742257167445
4892,2.0399470457486
4893,5.734449082004901
4894,99.16138831359237
4895,6.706891585079692
4896,5.846742326877269
4897,6.87847457345339
4898,3.988228848849519
4899,208.6295781442007
4900,2.7258594863812187
4901,265.1282619482953
4902,4.190025629640809
4903,151.56194845609875
4904,400.7780899143839
4905,98.84065550703616
4906,155.85114914121985
4907,194.15774287766484
4908,4.355271358992558
4909,177.76953745097845
4910,156.03920370546396
4911,91.95896653749885
4912,5.168414854557166
4913,212.55989083620713
4914,190.7636920902165
4915,3.682875320398565
4916,4.9726045130732235
4917,6.527549185467294
4918,2.739026375400313
4919,93.6945850936539
4920,2.0916511186935725
4921,-7.422382182756266
4922,188.55717474962177
4923,231.02969580042208
4924,5.8344913526726625
4925,2.782548472034176
4926,1.2846189737640228
4927,5.8354326119692885
4928,3.150847654029927
4929,74.2258667247997
4930,97.54360727442281
4931,-23.555044972180017
4932,5.918549393197662
4933,228.9845729076631
4934,-58.31601579818004
4935,70.1590864060836
4936,230.83924745587564
4937,33.63010866727046
4938,89.37810585323821
4939,53.401919052591666
4940,3.680305931749999
