id,target
1,4.153119582819939
2,2.5462281262588946
3,309.8956984787484
4,-43.96596324659835
5,4.188458806207344
6,6.669501552304094
7,5.432229146596078
8,72.92165989829589
9,83.17438059918958
10,107.01539982123452
11,42.157386439047514
12,-4.564907939666664
13,257.4720422536728
14,177.81456155897584
15,3.432175292924473
16,274.0542948679975
17,3.096676805285827
18,90.42950785683199
19,3.4344815409740668
20,6.91653984825613
21,-63.652764675904216
22,58.285439449682315
23,4.291457301013413
24,2.7868505870893623
25,38.24003939343492
26,89.83989380220815
27,1.5920743167822184
28,162.5907420688498
29,49.37705703008624
30,3.171042404816429
31,6.429918583889819
32,32.41642189374353
33,45.83029667675644
34,3.812837656323872
35,2.3084184531451775
36,6.534887710344642
37,249.2572576184348
38,238.53769382775505
39,61.31452675498383
40,137.27803898466541
41,-44.00864863067987
42,3.447965356071743
43,5.64733986435748
44,4.478292030279465
45,149.24738055319992
46,58.44989960751802
47,2.9655006546360068
48,-91.22766706543209
49,4.310399648731252
50,1.8357478217469976
51,266.29446436424615
52,3.094547007762743
53,2.771083999485565
54,98.13627866345564
55,2.9114599456161625
56,3.8148162722879304
57,5.73627673742128
58,180.07481200223555
59,244.54180644810847
60,6.797518018218812
61,2.3530901523323386
62,225.16638592905042
63,6.685996780802737
64,2.586047157400256
65,2.5504206671950467
66,4.042262858810757
67,4.969609736621528
68,187.61833927333245
69,118.86506607486393
70,2.6723583165821383
71,2.5266513898712364
72,2.3863709475409762
73,26.44707877329241
74,255.71999050545423
75,193.6173640161748
76,6.084438028109377
77,5.822577829670965
78,134.36150176153396
79,274.43379669550467
80,3.4576656151525698
81,55.12078607147103
82,4.536844237107478
83,189.62072700895294
84,49.436223842960324
85,-1.7357067624445222
86,2.2599658725462293
87,60.53298902764752
88,173.255613180804
89,6.0350519544578
90,5.192765689152547
91,47.56896691672361
92,61.0024404815301
93,32.667259044381254
94,4.8750815095674245
95,3.854254885273382
96,3.08061144462722
97,6.656487888596494
98,216.53717494463933
99,87.4092984151961
100,277.68484790612445
101,5.056120872985235
102,249.72946516071582
103,3.831290071257418
104,6.280321018370042
105,147.6587831279717
106,21.17188873083743
107,290.87628241404866
108,2.41974077250615
109,191.1290364906812
110,3.457274358960076
111,62.53500855468952
112,2.042223400191203
113,211.5048595913077
114,6.452632930310081
115,5.24835324241376
116,385.6295913023628
117,198.34619370498393
118,170.97417800734183
119,233.49020092166563
120,312.54343980687713
121,135.1637268141421
122,3.4472283386114437
123,128.51728830518843
124,286.5600999468462
125,141.25403711032487
126,6.3637356361719535
127,134.91683670689977
128,3.1514909045462263
129,245.48287363456876
130,99.13402760455877
131,84.31053197775566
132,-1.805596565914838
133,-40.2408538580581
134,320.6097144207354
135,6.2065680456319825
136,2.1288165258000813
137,130.71159062848682
138,5.819641506741253
139,212.02215309905625
140,296.05991796255176
141,71.43994854208788
142,3.723187766793687
143,60.633132986437474
144,8.655011384997199
145,6.717328975691623
146,159.50634871228488
147,223.80857679137242
148,2.408750785557971
149,169.0367118445382
150,71.62503654484745
151,277.0764501137225
152,253.49524246129585
153,173.10800023560833
154,20.04157142402468
155,4.458264585106761
156,211.53758782071026
157,146.2808911327825
158,114.7267527458562
159,154.91226166317162
160,6.278907838051289
161,56.10126763200482
162,4.557797564663563
163,255.08378442308282
164,3.092673668464973
165,16.7511030272385
166,213.90909574174464
167,323.8762296104187
168,6.996008243614516
169,2.1708333185092075
170,229.77399743583686
171,3.0716997063813194
172,4.404640411183275
173,-43.80768730113351
174,3.794386730791957
175,5.6659866080935535
176,143.0716687091157
177,78.74906711958299
178,314.3989639371467
179,153.16498445164484
180,223.19173878342923
181,6.372056835259749
182,2.3242219185752067
183,291.07155602606883
184,6.6268039765586
185,1.6477208531520031
186,3.218376151146769
187,3.0803596367700714
188,4.105234245719965
189,84.3289798006519
190,4.072864635887366
191,2.096612306204941
192,46.474021127363244
193,3.4736946226164744
194,324.1041090006555
195,97.34453556910933
196,272.2365478262665
197,134.84769509305784
198,225.66829014280378
199,62.97938045270331
200,2.0660763081810707
201,3.3456709968570246
202,96.45372970934193
203,50.914809961840206
204,4.355361106535964
205,269.173848648189
206,81.1683227422015
207,230.20749086655974
208,162.90433503708255
209,68.00481358999181
210,180.6557707017206
211,68.3026094495786
212,104.59316484137663
213,251.25172221456356
214,63.429189114787405
215,7.187407902997045
216,176.07365471687672
217,86.44955656588635
218,170.665831302437
219,201.47978489912077
220,5.7212519520275364
221,213.13210481396334
222,167.26691784742695
223,2.917374141730703
224,179.15224930805564
225,268.88616243853676
226,222.40106605316186
227,51.445920535750176
228,269.5913384682301
229,256.49160088877716
230,1.4108412030388613
231,221.27357127154391
232,58.32444922170332
233,54.511902898537905
234,232.28325668454448
235,120.34423506976665
236,2.2201435622619967
237,6.173255420195892
238,53.86281618519075
239,6.327973001483358
240,183.5756344505088
241,305.3284770574778
242,233.1010121280525
243,3.7563638787404234
244,2.96943652623174
245,49.42717094387825
246,113.65267143327478
247,129.85491158602395
248,6.608251266345173
249,5.906325340373812
250,68.22465648439398
251,69.42935893286017
252,207.26923595455077
253,7.679817477530576
254,179.4352238231016
255,-64.05987154316976
256,5.455820200523101
257,2.154875897982603
258,86.02544879860034
259,255.7408650983328
260,2.5121575460442194
261,5.733202605626552
262,6.19552323077942
263,-40.525665806576185
264,3.8532469350594667
265,3.6342690848223578
266,2.038447806732566
267,3.024605980804048
268,1.7245490788735116
269,202.0382928527605
270,2.912136098531069
271,141.61354573789856
272,98.57384331002183
273,4.667085557900886
274,5.168227383989925
275,315.6535462005607
276,180.94053441947224
277,217.7107307751069
278,-61.964265943271414
279,4.140360276402852
280,185.08387316845577
281,5.268956472318003
282,173.89099744726937
283,214.79169887713658
284,137.90048160503184
285,250.35205129332064
286,142.77146167015246
287,231.55805139010647
288,6.193798607954314
289,105.8309364116594
290,4.616925683192055
291,110.06296496671797
292,3.7975657262018068
293,62.31764273711933
294,119.3441989823293
295,4.936168194718824
296,131.28669111469316
297,44.36130573923158
298,-40.75639801481632
299,216.32490280043697
300,5.903460889825361
301,4.016359078822712
302,5.116378083895791
303,4.275435420964262
304,3.9162810053068666
305,4.716998729120617
306,244.19018596184583
307,3.5167142488211436
308,3.2039867405599294
309,101.08224284371828
310,2.244305986170241
311,2.214106333525883
312,3.692780364294281
313,145.42608095453443
314,4.008046276754004
315,1.1246961569915024
316,2.8900186644066466
317,4.127384472775292
318,4.018121324585675
319,56.00149777481218
320,1.8616858910047955
321,6.433970400981391
322,2.979767724917025
323,1.8569526218177022
324,2.589247955416159
325,4.279860767686651
326,4.889864151437998
327,47.13788391591409
328,4.293402550947644
329,82.16354817226143
330,58.810458492930806
331,34.022585312242015
332,5.60581336116062
333,3.005883934222865
334,6.735357651579002
335,152.5855965098179
336,3.6167720749121077
337,2.290476091777385
338,145.1363339471028
339,56.0091797884799
340,293.718935415481
341,114.52841415645253
342,70.96093991689342
343,3.698792900679918
344,3.023643609807477
345,131.4094985136497
346,2.6401860875188596
347,4.881636398830016
348,60.24459111607551
349,-39.55294389415334
350,106.90229196058354
351,248.41858560423435
352,27.144292704315212
353,1.3206274033360146
354,5.940713115472356
355,316.41214304211803
356,222.05444968095725
357,3.0694375009223935
358,83.78334005766867
359,4.3341805255750305
360,139.30479256726954
361,4.609630801908052
362,5.719267366652168
363,7.929326471651042
364,4.112782235542415
365,5.20992301151286
366,74.30655504146908
367,4.575334210457937
368,249.49908592035038
369,4.998913190799989
370,-38.418701128444084
371,259.5247027592577
372,38.0898631498107
373,136.77773447899426
374,-12.225866672800226
375,131.05684473152584
376,2.960274863469372
377,3.153385742270438
378,3.588845373195449
379,3.1281533307575073
380,0.9830594622381678
381,6.032885332091952
382,5.9307115959245635
383,129.7402759317436
384,1.7244691493053572
385,4.077398080097343
386,267.8131705470832
387,2.6253134782992458
388,4.039007228532733
389,54.87940390888539
390,4.7922969248158385
391,164.5583241886315
392,6.423892832534035
393,3.8846218570309294
394,308.575917106233
395,211.56205321111793
396,3.1244773931866168
397,1.7553746249846909
398,6.355963423688115
399,170.38030919364448
400,240.60668569249722
401,1.660194754633997
402,6.369998101852958
403,4.990074614906381
404,5.6818671095498186
405,14.871790464382023
406,7.273491931625513
407,-59.431447842273
408,3.6874301047438536
409,3.448615914622893
410,3.9210163346089533
411,2.6220728580886283
412,-21.02716392582244
413,325.1078549935114
414,5.898824630470868
415,40.49730973079698
416,3.1603117829036163
417,6.728786208524959
418,5.7154471410982115
419,5.500702107426383
420,4.486082169511821
421,160.6177302757794
422,152.26420050843305
423,141.29992595013996
424,157.976274703285
425,5.72251018979636
426,247.2467610317419
427,3.1416434904512553
428,239.23739692052158
429,2.9572554698441724
430,4.451993325495915
431,268.3934820120749
432,172.0311073173427
433,7.806955150452986
434,6.1425478254379176
435,52.17815382759113
436,248.05320456324313
437,198.73301559781183
438,170.86890247200802
439,5.7975802076523175
440,258.0438230854279
441,202.6520254166606
442,123.23085146415627
443,314.9581740453365
444,5.434347792599702
445,6.222958801400184
446,64.60823922745205
447,1.3582459524310568
448,6.2146437342000045
449,309.64205669752346
450,273.31925396239114
451,160.42805733600923
452,228.62559739793747
453,1.8342367589520512
454,3.647235748878349
455,135.18005957587837
456,3.198013555327668
457,4.841437940665297
458,262.2959041269694
459,76.2508111873943
460,24.785648659325034
461,106.22264389839897
462,5.88166162432198
463,192.8849194057712
464,5.307845940728745
465,135.15678063904286
466,75.92216477080913
467,2.4795110081406744
468,5.290028412903179
469,29.33772353793958
470,23.361355516885283
471,1.7940220009025536
472,1.93757334276015
473,49.446379291763556
474,6.061583169627584
475,106.74048457620324
476,6.237226812654216
477,1.9664504990701002
478,4.456409110731531
479,222.26745407112912
480,4.42441599610643
481,6.3027859140074165
482,216.26085087171623
483,1.7562473907880702
484,204.87421740572404
485,114.75183392487236
486,4.692842431693718
487,2.637064457503599
488,202.18520732178388
489,2.6191893246577114
490,4.894936927908192
491,6.391762422621827
492,3.930444369559374
493,3.9280411786203073
494,239.67726585189757
495,5.931514294592177
496,169.79623368631863
497,6.095246643669222
498,6.237735937235371
499,5.962241065543631
500,5.122180488095905
501,3.3132519063239867
502,309.0485643657281
503,132.88311510847075
504,24.904802527918562
505,1.8974019927976211
506,6.444735610839785
507,326.256762216699
508,71.23180431112293
509,271.43325113165173
510,4.083496280807785
511,142.3367033154163
512,206.20722207102745
513,217.55267686826852
514,332.2666331913327
515,255.58257026175605
516,226.27492516515775
517,279.35070459330086
518,7.095030150587313
519,34.69071855139317
520,311.50899940433504
521,1.5865806031838936
522,3.9695238471523018
523,206.91406589088405
524,4.430465385064412
525,167.0010855340488
526,5.649925114979127
527,5.038635192538399
528,4.286152507646898
529,6.299443399503284
530,251.81527300717784
531,114.77123657766909
532,3.911587791264866
533,117.20676803848748
534,4.329337738411394
535,7.006035087077676
536,5.90538616003441
537,1.7153772854016631
538,4.870990994535117
539,268.64534369205336
540,275.8656778139481
541,243.9233476702003
542,60.91490167353348
543,99.92500416002163
544,5.063596868187117
545,4.128530040327324
546,3.9244755410289187
547,2.0839776435507416
548,317.2200308282153
549,5.686609757461849
550,247.74239466489098
551,5.9195985937735
552,137.21627372497224
553,3.77731644510342
554,72.28183969897529
555,121.39796630089546
556,236.21475786163614
557,199.29160570715638
558,5.0799430187200985
559,5.4457051693296545
560,140.67979513311954
561,123.58149377308092
562,161.7070219371708
563,3.1375153306793435
564,48.69225036933328
565,167.86465185763174
566,2.5737449345164762
567,53.64050170728157
568,118.50314090859777
569,289.8425293838953
570,4.07705998996451
571,206.15680762219716
572,3.0285614328768955
573,72.98596564719894
574,101.53255718938546
575,6.930991740462881
576,1.8755863257562864
577,3.2787001175428148
578,172.5598917921355
579,12.156442736136011
580,286.26890502977034
581,59.77650845861821
582,80.22816232201978
583,5.330788514624436
584,3.1219570308878053
585,159.36599892004926
586,4.798563380451517
587,205.3741544672526
588,3.1203761531117395
589,190.1996134988397
590,295.7675270998414
591,143.53612458563737
592,6.723813693955849
593,244.42732354878729
594,290.90903813697895
595,31.01545882401696
596,5.353140910273632
597,139.73799270463104
598,2.6370276863993016
599,80.10065525049818
600,153.99010073966258
601,139.4654523906358
602,32.11018133352846
603,2.1716017307980344
604,237.61114639064425
605,2.5539740497589687
606,2.666340548231583
607,6.811036107330836
608,51.61927662731617
609,272.36991592242305
610,38.17508655847991
611,71.03036312317136
612,4.473246396050559
613,7.0044957687297424
614,58.37585822571148
615,1.9018905413419869
616,165.38221632894027
617,-56.42231336743927
618,238.0573064018349
619,4.804539862795925
620,5.717032690867153
621,186.53172700883636
622,110.61433585871094
623,170.9510461964252
624,209.54102926586177
625,2.3481978353770425
626,2.092282610616816
627,72.7958160146564
628,3.9774893780640226
629,223.07944001234407
630,4.529688248271371
631,2.4034853728341554
632,195.88181728660135
633,143.75541627784207
634,223.86049374605892
635,2.5280019041781916
636,117.67524785787704
637,108.86550927343694
638,6.800216005439716
639,32.04909012230658
640,112.0215183644029
641,6.740302556996831
642,3.019421807297371
643,287.7143455190467
644,3.3537536839608912
645,96.65819206229862
646,66.68388507805852
647,188.4442693794296
648,256.37161951237385
649,371.1317648266438
650,321.8452250048413
651,132.8856087244015
652,58.41843496424998
653,3.211659570357453
654,187.35829508955572
655,10.696779329469862
656,215.8676438576249
657,151.2020241477354
658,283.3562389956589
659,1.8983706632463067
660,126.62758962677341
661,4.1090237659534585
662,128.1586240136047
663,3.4745765300701272
664,-31.476487545163792
665,93.43095600490767
666,142.6407853076761
667,229.36643798985668
668,332.0572351625969
669,144.0396287238487
670,211.27317063017477
671,124.8504825862093
672,91.20961927378447
673,3.887755645924953
674,5.178411016458906
675,5.8004333788120865
676,5.263876130746595
677,31.092827370290134
678,203.1187601308274
679,4.742356791478654
680,2.987316554156589
681,1.9787583444063657
682,92.64908655895911
683,5.440564073700373
684,157.8690069432008
685,209.2467976498911
686,6.00777843518329
687,357.1047571572274
688,88.08440407932252
689,110.61474557135861
690,330.95805820698735
691,3.6877573591936192
692,76.71385774626327
693,5.05924968844546
694,6.369342618701018
695,9.235761097284973
696,298.60264286906965
697,1.2205570147152944
698,231.7122201439538
699,1.992054986567925
700,243.73297827521475
701,3.565800430188138
702,4.543239377957373
703,52.9724010493192
704,88.93507904833223
705,159.5221340545437
706,233.81127288682268
707,171.97491545289276
708,56.07975993491983
709,84.90594826563864
710,216.31603276762712
711,239.07203882235154
712,6.552661279257677
713,38.34436887757241
714,6.832492083036996
715,242.21669024422283
716,2.903806731742677
717,80.77053741473273
718,347.4740125976987
719,195.00650797588918
720,4.39548600777572
721,146.3703383332304
722,2.5769883635431015
723,6.030833416909751
724,2.4321145835813853
725,2.805331761955652
726,115.7708249594052
727,256.3714184657652
728,57.534093190800206
729,58.27568299045228
730,70.21650032945097
731,286.4373503309714
732,4.556957930388364
733,6.577138854423751
734,22.35066234221806
735,246.09216796539624
736,51.44751200491275
737,49.1374520480712
738,130.57926098147473
739,310.33937609015106
740,147.87069932546487
741,22.348820201061077
742,264.42788543569895
743,138.85898697600345
744,1.7802338426538036
745,281.1064354027666
746,179.12162801216633
747,3.7009093939047606
748,66.17382219522143
749,55.92439033951023
750,204.94535916109453
751,79.32272267415324
752,229.96876941961824
753,2.014481384236605
754,242.74958696894655
755,6.063893447225193
756,5.961050355050752
757,204.9223003445728
758,1.9878189975926075
759,63.259318236488525
760,-6.548026154875392
761,213.8473935012796
762,5.072162527271268
763,2.0082199691531453
764,66.0436792105839
765,4.482366945744748
766,25.19022691442021
767,1.2728863175995737
768,4.957924195690951
769,5.804766339264683
770,1.8916150400802842
771,257.65097801204985
772,68.99680022705752
773,129.51937232029485
774,-10.380356760206766
775,53.768609624178715
776,4.474104256148053
777,235.31106096933115
778,-11.082211938783235
779,152.8656632551922
780,74.22953534328882
781,297.55737143810927
782,3.534955888649945
783,46.759604566811404
784,2.737535232376212
785,42.339273012642906
786,125.71643149834358
787,5.531936551096642
788,1.8853898430666123
789,172.28708693878008
790,74.8802680389164
791,1.8842303232242728
792,111.30226997080018
793,-49.348736136592244
794,322.6505209324512
795,-44.2724949479982
796,126.44820459176276
797,3.7221154953846964
798,64.06861247143983
799,3.4417578421469903
800,5.894000748307429
801,212.96571228818743
802,76.62967936887404
803,150.62972707762378
804,6.86629822789502
805,2.2645864870694083
806,170.90138889622932
807,2.7924909235552664
808,75.72709363475808
809,1.5583981927594222
810,49.11479269332875
811,250.89069795708048
812,100.50657394875138
813,293.87606386148263
814,5.848480029023249
815,4.737437877283417
816,6.942245234447338
817,3.2231194248169706
818,15.937447889591866
819,5.416202357329579
820,80.45306544072463
821,5.562824198574524
822,2.036474730215828
823,39.54989464192257
824,79.03319388376894
825,7.155520537063856
826,77.98317057450194
827,4.164069089821185
828,6.007419237396778
829,44.178702212928485
830,182.9596595957762
831,108.75933390141986
832,6.074552438118126
833,256.8499518223975
834,193.1422232181133
835,138.8859088191354
836,2.153856219419396
837,67.18948418384458
838,155.06667789643865
839,5.867032252201318
840,167.739567020099
841,143.83143234397173
842,67.0634536899816
843,2.3572170099073775
844,3.5044222642438396
845,5.331454726178319
846,6.350179173058989
847,5.48923041329034
848,164.2401207765983
849,6.20967702081171
850,79.03169153104788
851,34.33983693352155
852,27.951115509720246
853,92.78945426936352
854,30.57193055154044
855,6.779934243855953
856,237.274497985744
857,107.98678612118601
858,75.72795748633563
859,181.01299692364944
860,2.0889612120373555
861,3.635255591517034
862,2.9166657658347037
863,106.17609373319422
864,239.6710629472417
865,276.3963352436514
866,208.99938988738657
867,5.605357928163967
868,121.03740982331291
869,125.56557553339852
870,136.9007273175096
871,154.20608314155638
872,145.81519283356363
873,2.9532183858971655
874,73.03744529259578
875,6.237382030805136
876,106.74840817138849
877,41.02595039695364
878,114.67288633221128
879,5.31887026702298
880,6.796403606315449
881,158.8175345895097
882,5.767405460014068
883,248.59720778102638
884,5.881576021946955
885,171.50133888416514
886,54.07426504331791
887,2.5238332074042518
888,2.077835399043907
889,238.5477722046918
890,3.9520059114300325
891,2.928127328702277
892,60.225272059383016
893,4.999595370491745
894,-14.87975336694357
895,3.6486332852410888
896,220.82616767349117
897,2.579245669938465
898,221.77206795128703
899,-56.33404915589461
900,238.65702003032737
901,3.6437391837978583
902,185.95325773936315
903,4.982792403902982
904,126.60090772721736
905,1.9813496337225427
906,1.149448038116385
907,201.65094266938627
908,51.00579181876621
909,81.34635793627925
910,2.2278729064430998
911,6.673759799938591
912,264.5212891195824
913,159.40481020212485
914,303.1384083262627
915,85.01593611983856
916,144.66414650688492
917,-16.727243180610564
918,2.5829881380565873
919,2.9845548077956017
920,395.79688853081757
921,111.7075318827687
922,238.22068015851931
923,2.4839881498976464
924,104.84809171928885
925,182.66943442631072
926,49.0041022158277
927,57.21853216597505
928,5.189949268310597
929,78.2402978998321
930,32.240359272049815
931,219.27158164023606
932,179.83597850393542
933,5.377415006351125
934,2.1786369378233013
935,165.62794172715
936,65.7355692746437
937,3.5661874913529266
938,4.608188580651831
939,106.58609370620607
940,1.737104172049119
941,5.8155972755107825
942,4.938458819900485
943,112.70696921901042
944,3.7520225162067047
945,2.005165781018557
946,68.53478719891156
947,34.96609986599851
948,52.803560945797706
949,240.200582722456
950,342.4333950082617
951,6.080487684632945
952,-25.46014724045404
953,6.004492655286621
954,260.5957135668069
955,197.87485819921454
956,155.87222109024543
957,2.8280247264429583
958,3.0077387933099953
959,242.35322405816768
960,52.69377526553174
961,169.38555301738643
962,3.6264158424782598
963,6.365123384205549
964,5.011274159297294
965,6.461109239989226
966,4.025754029431046
967,50.568225166145865
968,173.72307599665396
969,168.36738159889921
970,6.326007243487052
971,354.29337260973443
972,5.225010286657727
973,104.6729378714981
974,5.3293637763782815
975,3.996604240581064
976,5.227799378063039
977,186.67755662366247
978,293.215688344964
979,1.9728972318814033
980,1.8674310788612736
981,-7.185860906782814
982,62.73509907514129
983,301.77239185554777
984,310.83021734086867
985,258.1620100897335
986,110.5250331913219
987,2.9255824420871606
988,242.77344823335085
989,339.56515040786246
990,78.15600250028423
991,4.229736911744526
992,298.9821608251749
993,190.4953003228761
994,3.2103689899795937
995,-4.773178659480089
996,36.73382448341207
997,2.0996349857038403
998,39.59908245143481
999,67.21439156427904
1000,1.7684002414456792
1001,279.83063648961996
1002,169.5556211526704
1003,5.615102650063321
1004,1.4330493032035752
1005,1.85269717645788
1006,3.8774873073433835
1007,148.34600005424363
1008,1.8782501983295863
1009,6.3935858632065505
1010,9.707711792816928
1011,262.58689482923506
1012,16.428868985471397
1013,194.88660373367065
1014,65.61863985064795
1015,235.07585704710965
1016,6.511707777922224
1017,5.240355852608558
1018,3.733100167507338
1019,6.496625605846316
1020,4.356272400444777
1021,135.77362168175284
1022,68.6804724482709
1023,181.13206519609108
1024,180.01081482376526
1025,5.297453574772079
1026,3.8284376687150163
1027,4.513074477383362
1028,89.40828595123571
1029,3.754140416017058
1030,34.46295544739903
1031,267.31676411358706
1032,3.121593044068598
1033,2.4567730817581745
1034,233.5168751084585
1035,1.4494437266765203
1036,239.74504474085722
1037,6.782803914668163
1038,62.017734801846174
1039,3.4408325670763187
1040,-29.389096549532454
1041,3.2941291455700448
1042,4.416102930648705
1043,4.122084577762148
1044,333.05864925569915
1045,116.23623597260368
1046,39.04192115525702
1047,234.63408330529379
1048,1.8305836643418318
1049,2.855069912781997
1050,5.901149829133833
1051,69.1619291443765
1052,168.267163188187
1053,251.72546528179805
1054,6.316745497338989
1055,32.26231223191644
1056,25.28087147044281
1057,4.473118398352896
1058,2.8963621867112295
1059,3.0247735450007065
1060,88.84084465246107
1061,3.5324310923955347
1062,5.707967446606199
1063,296.4517062502622
1064,226.60578449030425
1065,67.57710146932341
1066,260.00737441955744
1067,264.4998533883699
1068,5.64627921561665
1069,4.185314745618256
1070,317.26765332007164
1071,170.6909444867109
1072,5.509458871194884
1073,4.028865987560248
1074,6.304806245095692
1075,4.792101625419111
1076,287.95363086747477
1077,6.2333889953339545
1078,129.26988646129618
1079,3.0454517561928913
1080,2.292821810033877
1081,5.82264702633203
1082,4.173939799334486
1083,3.370559087064598
1084,6.208261316346167
1085,132.41892437952325
1086,214.91415834496217
1087,47.06158648300743
1088,262.26708344883707
1089,8.596807542922292
1090,144.33326449934404
1091,252.6367233762423
1092,5.878470495280944
1093,3.9074784251283017
1094,6.682346805566647
1095,3.543436801465097
1096,3.6166900877421773
1097,5.247345302356273
1098,88.95286848350496
1099,114.69869170986192
1100,5.868102146771616
1101,4.696867806495101
1102,6.114142693262062
1103,261.21306018393153
1104,4.629207990847327
1105,109.51778544466013
1106,5.025186770348717
1107,6.166560394592918
1108,13.650663814697246
1109,116.08322464708255
1110,88.19829245804962
1111,3.23055543983118
1112,211.709214751085
1113,2.7027212943396695
1114,167.08052940560813
1115,44.772029261176215
1116,5.210317746032121
1117,282.33470233122165
1118,283.9284789263187
1119,4.292049990854153
1120,52.65089371531427
1121,-2.699943151227158
1122,242.19204351968648
1123,3.3126044443922416
1124,181.36493522029633
1125,2.5338876277816405
1126,72.06842935096591
1127,5.896838804154395
1128,-41.163197097801
1129,151.1996078760567
1130,5.883382226879024
1131,41.528213744825656
1132,4.496683740727263
1133,-45.32092190844225
1134,164.67693324530825
1135,208.51207696362985
1136,-51.49563263226751
1137,4.068364682002311
1138,56.93431699402965
1139,102.35759061041486
1140,118.79213682948293
1141,209.30488860714445
1142,136.29545190574132
1143,9.387691236755366
1144,-53.32250512725207
1145,117.17246512308031
1146,48.865883434014165
1147,4.216868868715728
1148,102.90426581088079
1149,34.57500737780984
1150,3.9277923942498676
1151,1.3401987220502938
1152,3.470015782286523
1153,4.319331003314408
1154,22.34884503623226
1155,174.7799344050172
1156,6.606803916695901
1157,77.69917303108582
1158,200.62111253119994
1159,101.90722994728884
1160,84.99224294496778
1161,1.731042815907392
1162,5.574167783360709
1163,5.476505964264934
1164,4.799449448667123
1165,213.8121017946782
1166,49.1051133659644
1167,-6.0212566153545595
1168,4.879745598091766
1169,163.55881813023097
1170,4.815830613659424
1171,4.494934786738032
1172,-37.48708585380589
1173,3.9169060518985948
1174,182.66944379341314
1175,-50.55616083449066
1176,247.3257967389058
1177,2.2944082091796436
1178,147.30080007620626
1179,2.6385528881569837
1180,2.795980298072032
1181,2.458871965992707
1182,143.02667227851032
1183,7.523323622678147
1184,3.8274725487785117
1185,277.6899671503894
1186,122.28506306864541
1187,4.043680131898231
1188,3.2440779211029915
1189,132.63329403995948
1190,3.5440668335618333
1191,3.185899013440056
1192,4.920939479748729
1193,154.7775778447412
1194,5.5866312741314035
1195,2.1329224264389737
1196,260.95975052968686
1197,82.9140723243889
1198,3.1725642121179254
1199,264.4657759941554
1200,59.78431736313724
1201,198.84239480908312
1202,70.63693473401337
1203,3.0357863258449367
1204,166.00507023474125
1205,1.8524776157859155
1206,160.1330337103205
1207,125.42268528469862
1208,216.08457935595504
1209,254.0518372886088
1210,209.31500512377562
1211,213.298665459653
1212,6.151475140108259
1213,4.10730977676109
1214,209.45693048488897
1215,112.75150182834474
1216,234.5192831497393
1217,183.65914703871744
1218,-32.8224620003864
1219,6.132872024543561
1220,5.729156579944783
1221,250.94735060990544
1222,5.752369934917105
1223,2.6330661271005216
1224,2.776477135564998
1225,124.43513490305952
1226,1.4842279751182257
1227,4.677803508850443
1228,2.6720060561765306
1229,43.3660626586829
1230,114.33233865847554
1231,235.9943242273439
1232,1.8335837802477402
1233,-24.447397578802324
1234,3.2027690898053227
1235,14.165685499301363
1236,259.7635905204271
1237,4.042857134998227
1238,2.5229130320016093
1239,1.363539133636043
1240,43.601761998582504
1241,2.120094055247332
1242,4.187700167074194
1243,4.962255893176557
1244,160.5278483132876
1245,4.132351037321251
1246,243.77192735145368
1247,5.703636078263669
1248,121.15031867872668
1249,146.71742891370656
1250,7.321285628101188
1251,52.150240702378774
1252,5.708513973585684
1253,4.165714787276356
1254,4.192403389350404
1255,53.594994395414695
1256,83.34334110232803
1257,132.5157180999991
1258,264.3758713522467
1259,50.96250309557361
1260,267.8563363065897
1261,5.854601005515702
1262,5.415141170321684
1263,181.4244308914727
1264,2.2917404018374707
1265,62.63763301133697
1266,121.37577190757385
1267,2.4446621257803756
1268,6.282000132680251
1269,268.34327437563144
1270,-60.4403404825933
1271,241.8133985746688
1272,49.004102885206166
1273,18.043621792271427
1274,203.98955538445009
1275,181.92186488325012
1276,45.686896173770506
1277,3.969280904522485
1278,1.8435968613107512
1279,3.9427870557918108
1280,-60.60566248692227
1281,3.6136341660627673
1282,76.69938838617114
1283,176.26440155129018
1284,2.8377620972841484
1285,-48.2406414213283
1286,2.8774984791861997
1287,46.87651532049753
1288,132.86905235857412
1289,4.183808482560965
1290,208.29934143213274
1291,3.2620594810766486
1292,47.56765046740493
1293,111.6839611467183
1294,260.45360384939454
1295,164.5780121456012
1296,6.159647756952257
1297,66.46093022906697
1298,-6.792667847371417
1299,5.578284379956386
1300,172.98194833401868
1301,241.26716640953134
1302,214.68630694695923
1303,6.12450597962772
1304,3.6341584451443296
1305,5.116936571285591
1306,55.23679937675253
1307,136.22765891394062
1308,1.8973883565130345
1309,4.965704571269383
1310,332.6688346712025
1311,2.665797584217164
1312,6.468756146469978
1313,37.026499018507224
1314,172.00440231156819
1315,156.14207740785073
1316,259.65486022357584
1317,64.80027783849393
1318,2.040082051863883
1319,200.87473463173808
1320,238.2003759145707
1321,27.808949328583726
1322,49.773034314556384
1323,246.144237804375
1324,234.74625638039825
1325,47.11533927745684
1326,59.00053788864389
1327,254.14008643843434
1328,3.5351349319657355
1329,6.125071417996024
1330,121.27859314089953
1331,-7.883864180453925
1332,311.74507065923046
1333,1.6134826463846688
1334,340.5761301159889
1335,1.8445920046968256
1336,110.47194788657481
1337,26.115490121084992
1338,240.5058793765662
1339,6.372011796931755
1340,197.99858099687208
1341,238.07745157866952
1342,177.38016343558965
1343,49.38154836591769
1344,138.33152377600626
1345,3.066384273825167
1346,55.162613773491586
1347,91.54834356029852
1348,2.8800623309592273
1349,229.77533198150695
1350,46.919605775747684
1351,228.71894555932212
1352,2.617986582356321
1353,14.135074275971274
1354,4.792981377142737
1355,5.944554514899531
1356,3.828948168883728
1357,7.185600250855203
1358,6.644015270356806
1359,1.6665875323651056
1360,300.17059973215703
1361,4.559594253590207
1362,6.278164094968481
1363,67.99243036316918
1364,3.439967837480179
1365,5.865832647467124
1366,6.53946038173601
1367,5.873631755147299
1368,0.8571349678353579
1369,186.85433926047335
1370,277.877078736346
1371,225.18810226608002
1372,33.7247185870647
1373,3.7552492890827676
1374,171.04547238118676
1375,170.62362151606888
1376,5.455444034964056
1377,4.887801610770936
1378,114.338666029147
1379,88.8731774672194
1380,93.64105176120704
1381,237.27053457038795
1382,82.43717601754321
1383,63.53288963013392
1384,-5.328729304129864
1385,162.26970405950476
1386,2.4605235978813873
1387,70.88781718346226
1388,1.6450153823012352
1389,217.16690520977633
1390,166.90581949802157
1391,87.37382604488496
1392,50.30797936141699
1393,274.1282946679104
1394,-5.614856639907562
1395,41.25983718514934
1396,179.80519836886452
1397,5.434999154350334
1398,207.60406298646666
1399,1.5772143764304045
1400,86.87399069541812
1401,320.9802785375613
1402,54.85189209813678
1403,288.0708617310238
1404,88.65373573464612
1405,124.47213743298818
1406,1.9775387984008632
1407,126.19649160000876
1408,7.6092562707945355
1409,3.398700248159826
1410,251.08231117829496
1411,230.70574770223965
1412,-29.990940594724695
1413,126.53294056827279
1414,255.6057747503013
1415,2.1170109237803247
1416,2.504664910433524
1417,4.080664180866358
1418,307.07580032327724
1419,161.02271693585251
1420,4.629958889524691
1421,49.83613968346495
1422,6.609333286002709
1423,3.2092270721542873
1424,5.571283870519373
1425,2.670187039827538
1426,-22.302203579951897
1427,3.5659469739026632
1428,4.580146856182968
1429,4.184796913603314
1430,3.9340973804811945
1431,6.430978245137963
1432,174.49836273247422
1433,2.8045445520786716
1434,5.3549056452722965
1435,4.649585604227976
1436,-42.477706082648766
1437,169.80792865373388
1438,126.51502830496202
1439,6.3971214491877815
1440,2.7206828043420748
1441,114.55932403776413
1442,176.133516000506
1443,52.06394246776814
1444,6.145996839230435
1445,59.4656915096257
1446,272.85550058121777
1447,245.26299676738694
1448,-45.29557432371976
1449,5.872871315815973
1450,276.35898697161326
1451,148.3842589994403
1452,5.059353571015056
1453,5.496599070899337
1454,184.91827930649157
1455,73.15987382121071
1456,-3.8398598997600635
1457,7.835843178047839
1458,4.742465773417168
1459,298.3802965762439
1460,334.8820991673846
1461,176.98233241715994
1462,-7.894713951943152
1463,75.71137832450304
1464,5.848480065882581
1465,3.275786838065876
1466,229.98407691851537
1467,5.755920810010143
1468,5.335405189307595
1469,23.322856981860483
1470,3.624615945358163
1471,51.73153403866079
1472,6.715854154311404
1473,2.3481026147087207
1474,246.81982116396108
1475,94.86180521997049
1476,6.742975306070402
1477,2.7697294041060765
1478,102.62485990989171
1479,5.1220395846384985
1480,124.41945495570681
1481,5.755652629625587
1482,170.3533815281205
1483,6.179506260495
1484,244.96238677833423
1485,171.58115312429715
1486,7.334632154277561
1487,3.5221040422101564
1488,60.61256293669634
1489,-11.91995462057178
1490,93.79498494619472
1491,3.568988417358752
1492,2.069403337476894
1493,6.839833125316917
1494,5.278512651254836
1495,29.546603324600728
1496,7.379575214236768
1497,68.69129716099258
1498,6.18034169548343
1499,87.9726478768905
1500,7.242280914461302
1501,5.8295309303343785
1502,100.08214832452747
1503,5.703789814666511
1504,2.11505058264153
1505,4.43510772601341
1506,188.29102960450376
1507,44.74005732489746
1508,95.65356154760761
1509,59.90568768978124
1510,3.0667452278163867
1511,5.20303228112836
1512,64.29057295006459
1513,5.326472394191179
1514,260.6894344828415
1515,51.97686257784106
1516,2.8040693479394783
1517,344.33333974955457
1518,4.398207438048428
1519,255.7918176135139
1520,5.244122720777599
1521,49.58496075949131
1522,4.982127698012351
1523,2.887205853550769
1524,130.9335470481332
1525,-37.31791437564224
1526,2.720024996322885
1527,5.799457983278722
1528,3.762555619001688
1529,214.94114347105673
1530,278.2937021459247
1531,3.2788608176141465
1532,5.457880960201976
1533,3.472758640733818
1534,-2.6538713618059653
1535,76.50180327339731
1536,5.918992256606105
1537,2.5288691925931857
1538,297.5466980786118
1539,169.4138630795402
1540,2.149860511187491
1541,139.8945188117732
1542,2.8632307758479745
1543,19.97245726072803
1544,7.719854892808991
1545,3.4871947320601544
1546,5.912448995856693
1547,-22.266548733615174
1548,206.23177525431652
1549,46.02722166979616
1550,3.7301283323588574
1551,2.304308136636322
1552,238.528457833613
1553,6.180786681245762
1554,266.97047305533516
1555,125.66922531684818
1556,4.235659924866559
1557,13.5173663595219
1558,3.642866656164194
1559,241.05678158496934
1560,162.27397530850334
1561,197.65038909933457
1562,242.10643819153395
1563,106.07149746887245
1564,3.282471304306597
1565,95.87412772905915
1566,3.5143909905739634
1567,17.397693201291542
1568,102.57820943875922
1569,15.681764023846302
1570,290.82474215183663
1571,3.2090328387259928
1572,82.4707424511808
1573,2.11153601619782
1574,4.115475442437505
1575,5.840855889231617
1576,4.433936575582627
1577,5.684878221240889
1578,92.58228405941354
1579,5.245148270537332
1580,193.28805930994037
1581,245.3502595889091
1582,6.771277032034529
1583,298.0770314225715
1584,303.41065365480483
1585,6.1067232187164215
1586,4.954865162357005
1587,66.6948935429921
1588,287.3609602860198
1589,7.045188114750006
1590,6.012650336432125
1591,152.36099953110156
1592,7.238891121533972
1593,120.51208965873164
1594,146.77851584849884
1595,125.65268941210377
1596,5.756850324544365
1597,62.462764651535764
1598,6.1672287711700555
1599,4.03051023234434
1600,4.390818230983446
1601,2.573691591855777
1602,5.941195252147205
1603,255.10509091733292
1604,56.37301964886272
1605,105.96695916574068
1606,264.5066002349038
1607,38.48944070019819
1608,3.464340607032163
1609,6.606568026540071
1610,3.7082449420100856
1611,190.29929429271772
1612,87.00805479183994
1613,2.8571628637157835
1614,273.5357643850851
1615,6.0122370093182465
1616,4.044645740687395
1617,186.2572535918636
1618,225.2674176718553
1619,7.534087449571572
1620,91.8182558239402
1621,2.7208792219654327
1622,2.8361606724141306
1623,2.74945116199625
1624,248.00454396413028
1625,86.09547480900694
1626,1.6818366569755907
1627,56.98434403408442
1628,3.520130897681094
1629,201.63485352658813
1630,98.98599004708845
1631,3.952015395156262
1632,294.1627374242779
1633,5.009462529315968
1634,-1.7883535116785874
1635,3.6365355203034717
1636,4.921668126468778
1637,6.3561222519888325
1638,203.90351959352708
1639,62.920799373525284
1640,4.200703069294631
1641,317.4930863476161
1642,146.52791170953142
1643,197.97977032801742
1644,123.35041869335554
1645,177.8805012934703
1646,6.07539294378766
1647,6.418909862883296
1648,32.34849383065408
1649,4.4279848771060095
1650,94.2899183209359
1651,6.67271645746341
1652,6.589354215367186
1653,230.78020995809038
1654,6.569617581104043
1655,310.09766793624675
1656,59.68073110993557
1657,1.3947636813273694
1658,277.6151926117692
1659,2.2270005952433425
1660,8.07652022305967
1661,7.018776805298626
1662,208.56128109126885
1663,5.88090518027812
1664,138.34143029081753
1665,1.2904777705414492
1666,59.72983888817235
1667,-57.03902472591289
1668,245.78133611272915
1669,55.655025511169654
1670,2.0088358747561683
1671,2.361606194307329
1672,5.345225036563539
1673,4.57446439825377
1674,155.08609389933147
1675,2.1742445953061647
1676,-53.98872894087212
1677,35.60865225810147
1678,6.841120044155757
1679,224.81481869762644
1680,95.71037506662448
1681,1.8158315683753081
1682,3.1640341891243793
1683,80.42197422726237
1684,18.77057889711298
1685,6.656787680695585
1686,139.35678581648352
1687,7.319897630625831
1688,187.57642732628625
1689,274.50710335232344
1690,3.053153334501045
1691,3.6430924205358233
1692,4.160108233763982
1693,2.486098584276123
1694,78.38537645950774
1695,217.16391654887494
1696,133.82891313620462
1697,2.5439792370888137
1698,223.77475358494985
1699,186.17314563774195
1700,115.44277153111983
1701,276.2588641089336
1702,-69.14107186385478
1703,5.96151522405675
1704,5.472184227232175
1705,3.1319504614813156
1706,112.5045020692491
1707,5.5045499084461325
1708,66.6999375052147
1709,157.91754369235338
1710,6.339450623430948
1711,74.79705818444651
1712,1.8765187973721082
1713,5.915285049280786
1714,-60.57137423848801
1715,5.061806364528499
1716,2.6023816974527207
1717,30.29167502659063
1718,125.50883035902393
1719,19.999268240932743
1720,6.283503752202936
1721,240.94961929765404
1722,3.5373317283461403
1723,162.5500251192375
1724,139.2550525738833
1725,3.869307367549398
1726,4.03565770666046
1727,254.36495413340265
1728,4.223640171792309
1729,3.647499140977463
1730,46.83255074336009
1731,217.69557919319112
1732,4.694161462809069
1733,360.6205733887115
1734,262.24067778254005
1735,185.64041950417322
1736,3.321486854690754
1737,302.3128444274509
1738,287.6881852097687
1739,201.69517784289883
1740,78.0057961515682
1741,102.22848706474056
1742,249.4009978155555
1743,5.23922240675234
1744,119.60855210984744
1745,58.60748873754439
1746,3.5420675874245315
1747,7.613039662763384
1748,204.5898144763092
1749,3.5680605532631886
1750,112.80290905841662
1751,44.08097896798016
1752,7.061552134876248
1753,6.016423911782563
1754,270.0166417829969
1755,226.8568442669232
1756,1.8851179537505933
1757,208.21534827214845
1758,326.8301872304317
1759,4.394299556314417
1760,285.19416350939224
1761,245.7608357141056
1762,26.65416432974437
1763,45.616165584404044
1764,22.358037618575924
1765,4.8226390074152095
1766,233.13514560311387
1767,187.5703179843401
1768,5.975080034787865
1769,83.99346097039228
1770,73.41091137319034
1771,2.7257014027342263
1772,219.56575940646965
1773,269.9445824295483
1774,6.44949799505458
1775,280.9515241644646
1776,2.8758388055081965
1777,8.05362546250021
1778,10.292243935803612
1779,-24.4249223178767
1780,114.48599140478254
1781,5.701879880712373
1782,189.58933985451299
1783,231.92656634499824
1784,4.292493585752921
1785,50.161777491101674
1786,2.753191697515948
1787,74.60929036602086
1788,5.092444679322802
1789,2.685585761199713
1790,38.15474835357765
1791,3.9955495897390687
1792,2.755673220104121
1793,2.1092308521704584
1794,175.0548948254306
1795,187.2298546830806
1796,271.3748549228742
1797,141.72150140586615
1798,6.487647654333559
1799,212.04449430011994
1800,140.61310264242678
1801,4.9927748221413495
1802,2.3168156141419027
1803,136.5650044667576
1804,4.140311080433593
1805,183.72796841956387
1806,5.681477563661634
1807,291.9601931851688
1808,163.22338760721698
1809,54.475170516357224
1810,4.42726491228768
1811,2.801642660223296
1812,30.731902021454154
1813,3.4936286599691697
1814,163.29445476103743
1815,255.57139207178034
1816,5.541085848452034
1817,113.41013478625146
1818,70.70733902647487
1819,237.22654661684902
1820,6.251388108889218
1821,3.270321543673492
1822,265.8176149729554
1823,17.895827930327147
1824,73.0631198723613
1825,2.2648037374162526
1826,6.02850550642119
1827,4.468624040510445
1828,2.102860454630314
1829,204.41916645256921
1830,236.46723317868685
1831,6.765514508391966
1832,31.414292682147718
1833,3.415533076209327
1834,4.150866475439715
1835,107.67786366810344
1836,6.307263484816625
1837,6.058125769343127
1838,5.88090518027812
1839,119.58178928266939
1840,-6.009122831225191
1841,-92.19181288557593
1842,249.58336156263002
1843,179.7325800159602
1844,255.60577876657206
1845,171.5127192593886
1846,55.76352706601152
1847,263.3105418911136
1848,108.60605816750186
1849,3.6654710990318664
1850,5.156350460352809
1851,-79.40706483441261
1852,6.20482764907013
1853,77.44364723850681
1854,74.50783123864929
1855,5.325434231796648
1856,185.2274373261708
1857,2.5832476526839803
1858,5.032115013556435
1859,6.3987287408313716
1860,5.724020432051709
1861,151.43066284288767
1862,6.312763163240019
1863,80.11113842005395
1864,60.80472274755693
1865,216.46425170894145
1866,139.74369940596003
1867,101.71895299784262
1868,263.4705458770525
1869,151.82792828305108
1870,3.4703743593080882
1871,231.45112833552076
1872,38.28486711427243
1873,2.8925312107554992
1874,24.97825425558909
1875,100.78388950119651
1876,3.129372095948445
1877,2.5536132663640716
1878,60.30070330005774
1879,67.14534242183457
1880,257.79392287798566
1881,5.662772243532277
1882,105.13927677150946
1883,6.023251288434423
1884,92.12787973674901
1885,304.331109768552
1886,277.1971575579926
1887,3.2977732432784848
1888,193.95933278722904
1889,236.5943506543108
1890,2.5393891944777414
1891,244.96662726302156
1892,218.41562496629965
1893,4.3454782701257395
1894,2.025231908238755
1895,19.615084277554345
1896,5.78521484482008
1897,70.44349061429834
1898,-40.97604908631553
1899,3.038356458486759
1900,5.857532052447289
1901,267.70084852806013
1902,225.1305724102409
1903,-66.77822739739231
1904,84.67733278131297
1905,65.77091935719162
1906,178.19764247715807
1907,6.720139652126882
1908,5.9993868530509715
1909,122.32931359653946
1910,5.601980991580262
1911,5.555757849645298
1912,3.7444539858597237
1913,77.67126310852923
1914,-17.64943042423973
1915,7.202154249631796
1916,1.4339630813956898
1917,3.41085194624196
1918,160.26415877533503
1919,4.775206663307258
1920,4.794071974123904
1921,75.08575077127938
1922,3.3415439338135267
1923,6.72183093348503
1924,2.7711281712194618
1925,4.015584677191199
1926,80.94569720842219
1927,148.2004518475439
1928,4.114199410173555
1929,46.75960490150064
1930,3.099272804669762
1931,6.016914021664619
1932,4.82439042651556
1933,2.9000015950366484
1934,252.40892215199332
1935,6.1300614280034385
1936,4.939981248815621
1937,39.12929230493638
1938,-24.359209617483803
1939,2.6903742786424063
1940,260.37620620984103
1941,3.4206165834596582
1942,221.87877719292902
1943,3.970966150811037
1944,233.40964370007939
1945,302.74319385052075
1946,5.75653536746065
1947,104.01373954529328
1948,5.6387793964928425
1949,3.000802887564551
1950,30.85548490464619
1951,2.5034986054550865
1952,51.35283750417673
1953,381.9726583108761
1954,2.647044616729157
1955,107.76791281482983
1956,2.026752854846985
1957,128.13835622703232
1958,3.8974415669948987
1959,172.11237030913304
1960,68.50317833490747
1961,1.1177498645283241
1962,4.306019243190916
1963,3.5680228337107707
1964,4.939803896484302
1965,93.83715086533645
1966,3.418413737219467
1967,4.862753745091741
1968,271.1227271130987
1969,81.098259708325
1970,5.76487340293709
1971,2.112598838808057
1972,101.31063070599333
1973,-16.47330541223665
1974,2.5858564808206297
1975,2.9027741869194035
1976,314.2038336480615
1977,1.6957839760314548
1978,214.5172397910941
1979,109.63849655599515
1980,269.90048004062436
1981,169.73481931535332
1982,127.18770534249299
1983,91.1793731018357
1984,7.968913101839309
1985,4.439553205685891
1986,3.9682948713950603
1987,6.224323089675314
1988,1.3910133287375661
1989,5.996098544362155
1990,4.6942256418793535
1991,39.022099431063175
1992,3.989280195171796
1993,21.728858791100812
1994,2.0733571426740887
1995,111.31069079000781
1996,3.919003183771774
1997,2.6239905469883325
1998,5.288551240219917
1999,297.94959569196783
2000,5.865832647467124
2001,278.98231385485064
2002,-38.3330974265571
2003,6.728786208524959
2004,334.32583259510335
2005,66.47822070643804
2006,4.852308718063523
2007,45.13940846423663
2008,233.68487294779493
2009,135.7834721425151
2010,264.1683501339829
2011,5.950892675905418
2012,175.42283302406076
2013,-19.50545152924346
2014,276.0491195511114
2015,209.00524647422048
2016,43.18962157801032
2017,2.9214592997435638
2018,44.67737270893001
2019,66.81992446472657
2020,6.738799458329235
2021,4.321668374105901
2022,185.512007106033
2023,85.43623447038635
2024,2.8472383869570574
2025,4.18844638273453
2026,87.11024164157493
2027,5.857974010177976
2028,6.24331974804002
2029,37.68133662545273
2030,301.31629361308796
2031,86.04925859031191
2032,290.76955513957813
2033,225.12618393748824
2034,2.6240272365162727
2035,57.02503536939169
2036,197.06460039901344
2037,4.728096523689652
2038,3.1877968415590727
2039,2.96007430913178
2040,125.54827245844076
2041,241.23072223068039
2042,4.243519849689732
2043,179.90272829108892
2044,2.703764983230483
2045,92.76927460816279
2046,278.60077353884526
2047,5.28535549717155
2048,-37.552806165516934
2049,1.724037159820285
2050,346.27479715154266
2051,3.6901010374518757
2052,3.3470718874884415
2053,242.71946881180196
2054,4.521697069277709
2055,3.7764457667900144
2056,-40.759271424197365
2057,192.07220509295772
2058,-1.8961709889150296
2059,5.287095502183165
2060,31.153955138235176
2061,2.261855027092591
2062,198.17701351513261
2063,3.5299224980105612
2064,3.7018802707667016
2065,3.7549141322280972
2066,1.9340477720807605
2067,6.1374316377696525
2068,3.296790696269183
2069,1.6207165512058572
2070,273.12900446182584
2071,287.36095760850594
2072,4.545329239630424
2073,201.76477177232067
2074,361.71143971951324
2075,247.54405297869013
2076,3.373974868004619
2077,2.7531152708880224
2078,4.1317859589099974
2079,3.9955119098187195
2080,2.5975939925674005
2081,3.195187625187721
2082,5.425703979616103
2083,30.592236636794198
2084,2.856495754609696
2085,4.855628905891426
2086,124.2958770418255
2087,95.02009355576443
2088,23.291649555623003
2089,80.10158071212894
2090,245.77182100447186
2091,181.31817612043267
2092,-88.91439692064365
2093,5.014944795445948
2094,3.4144534941349085
2095,91.37137609664232
2096,59.13018410389495
2097,110.56995429162905
2098,5.888891784318117
2099,-21.984288383952357
2100,13.376323182805432
2101,5.762342606935671
2102,6.584916811962211
2103,97.26573104884902
2104,67.56747971302926
2105,50.75416416602026
2106,307.19741358296466
2107,7.260067873042429
2108,7.022535394312225
2109,5.859503736578767
2110,245.0069277841568
2111,3.4519321469510724
2112,47.69001376368199
2113,80.74796585507399
2114,2.4220872179160597
2115,51.63712872686844
2116,3.666724658079296
2117,3.5350648355625776
2118,3.45674975365357
2119,121.18560828481733
2120,4.446964612510897
2121,183.29947333214
2122,216.60014639934707
2123,2.7859596027992333
2124,1.639898055239594
2125,4.352499789921558
2126,6.061865406962289
2127,53.995383998457754
2128,205.6396806509581
2129,1.8033257088591028
2130,2.4752517599988004
2131,5.407195375379045
2132,6.024038628889874
2133,218.92290859428806
2134,72.29230460466862
2135,225.2977922561254
2136,29.979040541121247
2137,227.64764733961016
2138,3.318096231992496
2139,65.8055910368901
2140,47.21097917390183
2141,52.20275333279995
2142,5.648301242233524
2143,20.57740156635949
2144,153.33715577511975
2145,43.499541023928074
2146,4.201075887999785
2147,3.8742487694467225
2148,73.13608464303226
2149,-57.07642083338003
2150,18.90963604073717
2151,67.88194754987724
2152,4.857747049552018
2153,3.231676182723596
2154,1.8546622401602144
2155,2.3303474750179083
2156,5.88090518027812
2157,127.1482218486309
2158,3.8732666087976866
2159,315.63074163992303
2160,225.2461980071679
2161,294.38852003760627
2162,1.874640876684319
2163,302.4435899673684
2164,6.4232406091359415
2165,3.0976322659609954
2166,2.464983695341758
2167,27.89510929372836
2168,298.0791136634141
2169,2.221568514021848
2170,2.4648576208042505
2171,145.44757776213294
2172,5.455837595342113
2173,257.89858142701394
2174,255.59162051103186
2175,1.4992368602925625
2176,4.755927646510817
2177,-19.956681582066455
2178,4.37665701194029
2179,74.56729987852552
2180,271.2017449864556
2181,2.529516095461055
2182,171.83502972715794
2183,170.6817628149662
2184,5.872871315815973
2185,2.451846656389899
2186,2.780879200394658
2187,4.405684333186754
2188,249.31933413553878
2189,251.73661800008955
2190,77.55617386917896
2191,2.573328653544167
2192,2.883203856614034
2193,122.2952587488508
2194,3.240586621620916
2195,4.924493545804717
2196,6.466740530456043
2197,1.972412086955519
2198,4.51923160592184
2199,2.9976210567006665
2200,1.7366016748766548
2201,4.16099368381601
2202,85.84682434234111
2203,2.654154635172771
2204,2.0234046676447957
2205,106.69662437526544
2206,5.218948725840066
2207,169.9701237741259
2208,4.69826250111193
2209,11.671533727497295
2210,238.7914579744404
2211,1.7276877172681349
2212,4.363886492507129
2213,6.553755587369199
2214,79.6355763113475
2215,61.885654665380414
2216,90.28826823460834
2217,4.695460631667679
2218,52.68241253783156
2219,2.7142815565641936
2220,5.572690134168151
2221,3.2928740375456638
2222,-34.10443510968022
2223,206.23415800331992
2224,-60.273943668249615
2225,170.5869157166115
2226,-19.337414533965866
2227,70.60187818207312
2228,131.78200116992065
2229,153.4961758235716
2230,3.162498441691318
2231,5.450110055868963
2232,4.346282540560385
2233,253.29680050575968
2234,215.27123259534372
2235,219.9954731796019
2236,3.2709553325861407
2237,4.191894308154007
2238,250.22007847812046
2239,85.82492837841072
2240,244.39993379198546
2241,2.352831729618668
2242,226.73691015481256
2243,6.148722213367668
2244,93.50371991759417
2245,233.3558768779101
2246,112.66047147723836
2247,248.2016835156258
2248,5.947410391668853
2249,300.55456895981524
2250,138.38278104528825
2251,5.031506324383204
2252,256.65586656352485
2253,6.16563064747037
2254,170.30697146809956
2255,-93.8155883849508
2256,50.99442858841077
2257,1.723032782221909
2258,3.17113966539394
2259,81.20802348922048
2260,6.285118641816736
2261,82.57147549930596
2262,1.9466967762508198
2263,84.65291041167814
2264,-2.8546596425056894
2265,51.96766876838369
2266,2.338412526039626
2267,2.873142949426197
2268,5.336451897756801
2269,3.91478056912982
2270,8.468936392319875
2271,176.2308651671347
2272,46.96023879376343
2273,3.37247294751778
2274,6.208611975440077
2275,6.776368784613787
2276,4.396190880081308
2277,2.8403914978377807
2278,1.5197069827268004
2279,5.984038149738854
2280,2.8228512871426457
2281,199.94728696560077
2282,2.3764867236421194
2283,3.839798591177151
2284,235.9498221004796
2285,3.1032048164744706
2286,-9.201676515001049
2287,5.783112150649594
2288,2.90755732933566
2289,6.052465791005226
2290,-10.932023444643356
2291,47.858727610873
2292,4.49702810189409
2293,1.98393384311294
2294,14.095325750362331
2295,2.856378699909103
2296,5.046679243469268
2297,147.98313241998972
2298,-31.7508864162101
2299,87.89757237557794
2300,3.6794285807015905
2301,5.342949313757372
2302,-89.53583062752294
2303,159.25370479082085
2304,5.458777854464515
2305,67.96095144379578
2306,268.5943351087184
2307,27.46638144112042
2308,61.038158215584104
2309,5.827904287778441
2310,170.86890247200802
2311,-52.24234118703991
2312,74.75058464529391
2313,3.9741246902569394
2314,4.706264851244123
2315,226.87156907056522
2316,6.7147050297712605
2317,3.623382829551253
2318,239.33679102700398
2319,6.410183843058627
2320,101.58322317571299
2321,3.485109372163624
2322,242.59475155704848
2323,170.48204337265904
2324,2.0188880874330453
2325,31.730693210769616
2326,3.105891420215399
2327,116.32200484832666
2328,3.6001581969671657
2329,338.73199268611023
2330,176.9266071983013
2331,1.6764325029538452
2332,278.7559950265037
2333,-15.784500489097653
2334,2.906878248218102
2335,5.2971266183613155
2336,58.49921002751824
2337,146.6719567944927
2338,186.63473045488396
2339,30.518295983401572
2340,49.58063637950265
2341,135.47399989089052
2342,2.456822740663863
2343,6.025149777039246
2344,254.15139596393226
2345,5.94311467284424
2346,100.78539685246216
2347,122.52333382738036
2348,1.8553498536578086
2349,268.95946904898517
2350,47.61817540085124
2351,4.835955971859222
2352,4.912164752234077
2353,1.7997451592776574
2354,-9.55671299619187
2355,142.10905878551222
2356,3.8533160586543347
2357,105.43216200128899
2358,6.263236390600883
2359,6.804132486561737
2360,4.441680267313013
2361,5.550792329483583
2362,245.22858986416225
2363,4.12105228107
2364,225.49851676746653
2365,91.99387064881874
2366,50.949167565079094
2367,41.139237672753524
2368,-66.43901897387896
2369,4.5810504876003275
2370,236.1003757752166
2371,25.58186149540071
2372,68.61820397874139
2373,1.9702790525297924
2374,-56.86625400584206
2375,2.081902383869667
2376,128.00692062504623
2377,103.24049141319065
2378,5.3768003168946
2379,6.224988401452679
2380,40.01764425239226
2381,142.53383642181961
2382,166.6674311856779
2383,50.1426594855434
2384,3.229965624786241
2385,243.68296148838851
2386,5.848480029023249
2387,26.966913121293317
2388,257.90153165151446
2389,88.61439852516186
2390,2.0056794340317303
2391,105.92758312443183
2392,29.02789300581746
2393,65.64565854198764
2394,139.20712537376278
2395,5.858349129412
2396,2.5790914920615067
2397,297.8759094799955
2398,286.7686561654611
2399,4.446867478111594
2400,185.0703711221093
2401,63.873893852146715
2402,227.7857849494494
2403,6.392407185448251
2404,2.0069610560425484
2405,5.1019327615651875
2406,2.622376492439317
2407,92.55156205515347
2408,260.87896913340325
2409,203.51466641401302
2410,4.147610958464087
2411,6.550787918238438
2412,303.11692900658244
2413,-12.859584468363842
2414,4.121474021676134
2415,63.360078323060236
2416,254.83386648231124
2417,28.039736798577604
2418,3.1910890698643186
2419,4.03618224964721
2420,1.8274834421284845
2421,2.886640716513971
2422,229.34491972021368
2423,2.49810475703122
2424,175.55350025421933
2425,6.130203485250673
2426,-9.274529487684937
2427,166.29230384963185
2428,30.96155977287169
2429,4.278019621572123
2430,5.983573332895709
2431,3.246229682591279
2432,316.7549558427461
2433,258.4725785278298
2434,4.228336114253237
2435,52.39659784844832
2436,232.652827171774
2437,-75.93652911231774
2438,6.062583108378172
2439,7.322965427886054
2440,182.63456065469714
2441,6.3701907542314515
2442,5.9282323410290685
2443,4.966864507609241
2444,-71.10973844907447
2445,6.375257669610878
2446,5.455997266125323
2447,236.60534253636553
2448,6.775751202445237
2449,5.933811241709069
2450,27.384654779476158
2451,2.6292859839295777
2452,3.9207349778096017
2453,38.45530756585461
2454,291.0357353154088
2455,142.90428490975222
2456,3.6049062183938716
2457,254.94134721244413
2458,6.021569570272161
2459,2.6465183494060014
2460,6.127883727711101
2461,63.20973038979183
2462,55.592452037206144
2463,6.278656682888653
2464,-80.2855538210402
2465,22.68289608679828
2466,209.40990447698405
2467,157.52086213293742
2468,262.35878978976007
2469,260.64306874223985
2470,5.906078558508619
2471,136.46806355982133
2472,2.6977018158129926
2473,47.47215726220341
2474,192.67042002762904
2475,6.602527053685117
2476,101.31454593364066
2477,128.62828841352962
2478,175.00983449140307
2479,5.225665368705533
2480,49.4038358833801
2481,51.45511992672857
2482,2.1784943887366928
2483,5.040914578823433
2484,119.79362304595675
2485,131.71785154755847
2486,6.735423909199846
2487,5.179276150681806
2488,-51.38701019423564
2489,181.92341308558824
2490,5.594223078553105
2491,149.52809101585672
2492,56.47992744569529
2493,68.71185050876524
2494,5.841526566149847
2495,5.5360557998663165
2496,113.50668131266339
2497,66.64135902110803
2498,1.686917225986429
2499,6.720098343466585
2500,1.8983801694922222
2501,93.69178063885164
2502,246.17056662046588
2503,99.89364418289243
2504,339.7227120544103
2505,3.532361199363198
2506,4.817136035674304
2507,270.8716147781479
2508,202.22401917168375
2509,103.3753013489222
2510,6.565110880419949
2511,204.94751610057398
2512,71.97542197709151
2513,148.4141683713067
2514,220.56171745177954
2515,290.9185916254215
2516,2.1101076815253244
2517,2.31702018583183
2518,281.32351325413276
2519,4.4059860550541385
2520,65.27935024159963
2521,139.6416792009852
2522,1.8173293326249935
2523,5.867242760468406
2524,4.718349019359308
2525,283.12661395864876
2526,3.858110171471332
2527,3.8590386735518982
2528,237.4925357510137
2529,133.13521251380263
2530,236.1435363514632
2531,271.77755167417536
2532,63.687524821931476
2533,1.9600483312130748
2534,6.037003731400011
2535,5.865832647467124
2536,3.735499652164707
2537,6.36100535998548
2538,5.915390535988732
2539,177.05394354654993
2540,2.7126885788659845
2541,10.80617324657426
2542,2.54800166702719
2543,5.281519316701676
2544,139.41811281575508
2545,2.387425246936963
2546,289.8201212540282
2547,23.64866537196832
2548,18.379292695286495
2549,160.02628132639194
2550,121.33558463207649
2551,-34.99172955918165
2552,2.097987320528157
2553,280.5041765504626
2554,2.2552069382262543
2555,66.74389462013153
2556,133.77417580235672
2557,4.30978466930541
2558,4.8317833906628405
2559,6.47162624248836
2560,209.77861621049652
2561,2.4803198324473863
2562,217.14281643838143
2563,239.48202764883035
2564,267.0791336664332
2565,4.681636165752246
2566,4.620453507713044
2567,257.76030411987347
2568,20.331146144327782
2569,70.33833481427628
2570,3.6521321318670155
2571,99.78751287722599
2572,-44.15468105882696
2573,189.519757261424
2574,3.0221994661968954
2575,4.66972706121867
2576,3.489123932720247
2577,6.536238675640305
2578,38.16909737626037
2579,6.109061504145786
2580,5.097462336678022
2581,3.1724993384799065
2582,-21.974202224740456
2583,2.27207068199992
2584,6.54220868366314
2585,31.502249289742977
2586,4.6608940342383525
2587,218.20959242735614
2588,208.26191961145457
2589,4.70948210832917
2590,37.2120381638929
2591,1.8628164741422972
2592,119.18801832756748
2593,62.09152026096561
2594,72.83971888143378
2595,61.0799244296681
2596,48.93414876771716
2597,5.684813666544518
2598,6.425071519588581
2599,28.01616618077676
2600,4.506573216067843
2601,212.7491132028097
2602,6.112025467809125
2603,344.08175451493554
2604,158.73852813707322
2605,55.91197914660344
2606,4.099122524154607
2607,37.39467806616775
2608,188.06956299260975
2609,48.66032477908499
2610,2.626704624210271
2611,-14.793304801144123
2612,3.4712565152515067
2613,4.427377648227017
2614,2.9182578050225394
2615,122.07629962784824
2616,161.90206576627435
2617,263.11520615093264
2618,203.15315205229786
2619,4.710725674932837
2620,2.4825529212355644
2621,4.288368425001476
2622,2.6753636279905373
2623,1.392132304285151
2624,6.8065668371602115
2625,121.88587447860203
2626,283.5945002646727
2627,29.304018522906375
2628,133.78586737217518
2629,49.977250489431015
2630,128.4553865452047
2631,43.727995087458865
2632,6.113306296319946
2633,303.5877269025528
2634,58.48003725279736
2635,142.75405228654122
2636,-35.21967001623051
2637,3.69372230986765
2638,-66.97815313918075
2639,-58.92876801987222
2640,196.44572001742497
2641,3.8031970908867367
2642,5.734965254556403
2643,150.20662408561162
2644,147.0373154169907
2645,212.88329074041917
2646,2.3216518260018515
2647,3.589510140556386
2648,4.764112984733092
2649,6.268109382222638
2650,257.76057627350224
2651,213.73078617590267
2652,56.2083241524125
2653,3.3417232271740565
2654,39.92815957657477
2655,231.21748142785637
2656,243.1645218630988
2657,2.8791018715455383
2658,-4.875246407893759
2659,276.16423448777306
2660,1.8236276516531744
2661,273.42150163244963
2662,86.57323265406175
2663,-12.62745256454524
2664,70.50130274918442
2665,269.2513923539302
2666,227.90335121207613
2667,-31.54402237306875
2668,28.02322049295728
2669,6.735673007733003
2670,120.13994197590345
2671,198.1164537701837
2672,111.82601973777591
2673,231.94565996516917
2674,242.22828902937786
2675,2.0148785536235305
2676,-40.25260584512201
2677,323.5234282742166
2678,6.172463185421262
2679,5.736914178460852
2680,74.89966438501068
2681,4.8284812179352805
2682,2.8078002271036495
2683,2.374572574327377
2684,2.8886829948365462
2685,6.496063309282806
2686,7.7653007369907385
2687,63.75021416070085
2688,47.76161701875285
2689,40.887698788060575
2690,142.5395509673521
2691,82.04653503835
2692,48.20860418239326
2693,140.39442774614676
2694,100.9119648541869
2695,6.622174683948085
2696,146.9706859554202
2697,3.811185459404338
2698,2.551063335587235
2699,4.238011618754643
2700,201.41521470439992
2701,65.24231592194175
2702,-12.060835916636844
2703,3.931188636290222
2704,162.1070316045441
2705,3.1016786792245497
2706,5.298735712062964
2707,189.87563234354562
2708,3.2275131048724606
2709,53.345674064616134
2710,6.19906661118812
2711,175.95366442886416
2712,1.8429987311419476
2713,124.73728718775655
2714,-37.46567016854253
2715,4.59048401409421
2716,2.836559508647638
2717,285.7550281398388
2718,3.1750585794265875
2719,3.1337343131368876
2720,6.874405427685685
2721,6.187910103477305
2722,4.0135017872028715
2723,216.03583450556792
2724,6.342882297381551
2725,40.540323237400635
2726,9.128572350149138
2727,314.20812914687065
2728,48.04788460708387
2729,180.07443570195906
2730,180.78350344630047
2731,159.17112659355593
2732,6.138969486216527
2733,229.89915672619662
2734,115.1641240414944
2735,93.605514526915
2736,87.68107028471366
2737,176.9767960720685
2738,138.77273700636516
2739,123.7540827478031
2740,5.825855941638047
2741,49.54313264188491
2742,1.5528253575091702
2743,5.994924994494497
2744,-20.128342293343323
2745,4.411469443306723
2746,193.43547774184304
2747,177.6762922793008
2748,2.729967762525404
2749,5.4282821765873
2750,222.31582643798538
2751,261.226473329287
2752,2.8381167997078016
2753,108.8651148196038
2754,0.5989298157111982
2755,34.46295544739903
2756,250.74065428698933
2757,5.8844905849181695
2758,285.36077742449163
2759,73.64787686994818
2760,168.76093972642158
2761,6.528861493026355
2762,3.9276307524340934
2763,129.87848728231975
2764,4.189787740975948
2765,118.89909674915808
2766,2.038509148057569
2767,265.87625718856305
2768,4.560321828521496
2769,3.4773116626579568
2770,192.19366575408398
2771,145.2572398336805
2772,7.092784331106134
2773,3.1758648573466504
2774,5.221427699456413
2775,6.177116458109149
2776,4.0934349223281545
2777,252.73464918291938
2778,32.26611286959428
2779,2.038252818924193
2780,2.682587629896777
2781,240.23678685618964
2782,223.63977580960943
2783,5.752266525699239
2784,-8.718060904865613
2785,5.7896948534598485
2786,3.543057101357228
2787,47.84519346030528
2788,21.715707348507866
2789,164.3547323450394
2790,213.14998037865286
2791,81.39786967187739
2792,169.313010429419
2793,176.87267541296205
2794,185.33526852454023
2795,57.33462025886548
2796,248.9628343608819
2797,109.22363610434795
2798,41.3350737004015
2799,31.31487073510236
2800,5.157516751891489
2801,4.106746023174927
2802,3.32160358779866
2803,34.152913059341884
2804,3.655692855276233
2805,46.27367309800799
2806,6.448435775963921
2807,30.82732059114526
2808,94.43661013340014
2809,6.146943107061666
2810,5.347352935841883
2811,171.92621757789206
2812,6.006398766297926
2813,14.872723281460594
2814,5.98799786952705
2815,269.2675328937823
2816,66.14261672138562
2817,265.43635791673245
2818,120.51777707389155
2819,50.279500882082196
2820,151.52678088590062
2821,52.076561568291346
2822,6.159547574439693
2823,41.9985898429687
2824,263.25267546538527
2825,134.1901070159777
2826,-47.41845002386948
2827,6.500383377672946
2828,5.390222141683472
2829,5.18383643948817
2830,5.912568106004949
2831,5.890918397956733
2832,5.878475798268207
2833,133.6723620042147
2834,3.8029611376814225
2835,3.515021301116341
2836,3.6038195105352053
2837,3.4644541757902734
2838,5.794307297603193
2839,1.9921141565710394
2840,52.63513500812107
2841,53.35476528384841
2842,280.65960424175876
2843,5.9841606323156515
2844,174.06811698724275
2845,285.26630871023036
2846,3.480354804634779
2847,110.89014872112975
2848,13.413228390876021
2849,-55.5871263810664
2850,6.6052561285923606
2851,6.815174046757509
2852,-36.940133704127526
2853,101.40421130247593
2854,2.3883281366174742
2855,69.21794942798503
2856,5.941489587645279
2857,54.87889705745485
2858,198.3912006464013
2859,1.553394548282042
2860,140.8415500013204
2861,283.07300968225286
2862,267.3019874152947
2863,2.9363783275811777
2864,270.2493519305859
2865,228.03226874910564
2866,2.1443021616804026
2867,2.4248571422095284
2868,90.24111178062635
2869,54.65719612629115
2870,179.3737935469473
2871,6.188052003239992
2872,256.44282871732366
2873,4.919272415637988
2874,32.01790980433185
2875,4.714532763774307
2876,-26.148088342793155
2877,277.9508309374474
2878,-78.24746588208275
2879,5.04123244860056
2880,234.49831216930053
2881,5.799570939247271
2882,6.224908230434165
2883,3.8710356296096755
2884,6.672838287984369
2885,199.88060720890596
2886,243.8250284765417
2887,5.882227393093831
2888,2.075197836685346
2889,6.307883616920166
2890,2.4044657972976315
2891,-58.906498620805266
2892,154.57989864516307
2893,74.45759481097882
2894,64.28932887691593
2895,4.842083016093416
2896,2.305345244216176
2897,5.150975914883085
2898,124.10055638442782
2899,28.452286687077326
2900,3.1918363602791326
2901,50.12792003481151
2902,243.33075015777348
2903,277.35017734011916
2904,3.607111167248764
2905,4.08060358973579
2906,31.450211884052678
2907,4.138362335284811
2908,9.582180379910117
2909,2.0709835346809813
2910,119.70020176252405
2911,3.57240852019812
2912,2.2083541698831173
2913,6.523503132069993
2914,5.1036417322647605
2915,8.11594161833994
2916,247.70446401276513
2917,166.00507157349818
2918,3.830867843347737
2919,349.00817472657724
2920,203.96788594140696
2921,5.381457141959585
2922,3.6806733181540308
2923,219.74290403205507
2924,5.312369792270898
2925,4.980993970903165
2926,5.829439300637066
2927,40.13637978435585
2928,6.719625566125137
2929,163.74545111424365
2930,276.1108181144643
2931,2.356447233906566
2932,5.517772781477097
2933,62.319555994256476
2934,114.29490446772101
2935,8.205111289981522
2936,-59.314327293559266
2937,5.7935252179801635
2938,1.2305974329713236
2939,3.0754034438377293
2940,175.56006129372793
2941,80.39926665547819
2942,85.95075741224282
2943,6.179832806388562
2944,6.524267807084374
2945,5.6837314975551685
2946,6.461525002704727
2947,-47.035054337481384
2948,2.471344931417006
2949,6.651606791606738
2950,2.7831780108822324
2951,156.62839653235477
2952,136.68160309028616
2953,6.384850120624037
2954,1.6572398041903253
2955,32.68352677595769
2956,6.474966825072238
2957,104.01947649723287
2958,5.155875416676455
2959,198.2039422376872
2960,6.157251742961703
2961,164.72549158936346
2962,3.5986746407794077
2963,4.2085079972204715
2964,237.87909225686877
2965,182.17178387908677
2966,4.5399639712208035
2967,3.518235090685211
2968,169.90751575277136
2969,-82.40319068964865
2970,1.9385320909957904
2971,224.13139960400025
2972,6.6233954935058446
2973,212.1753975097129
2974,259.9369254385459
2975,4.217607143654118
2976,44.43735026051172
2977,35.58384550796278
2978,4.466361979704854
2979,4.6480515895088566
2980,306.63786560907334
2981,320.70220218032125
2982,143.40871179363762
2983,137.91290473773708
2984,253.53519395384006
2985,134.6375064835809
2986,291.7252686214646
2987,226.20890345329536
2988,127.3385407936681
2989,93.94363332594241
2990,46.08861736014245
2991,7.5380196740122845
2992,3.0670234010562805
2993,5.367566001723013
2994,38.354162523251624
2995,14.598474496166588
2996,4.368787439889325
2997,3.5825623820379686
2998,88.38633474234017
2999,145.25567511346244
3000,76.30417350217905
3001,3.287965123136989
3002,286.897232864998
3003,4.225225280712618
3004,284.5386950044226
3005,109.43193973657804
3006,86.61246550488664
3007,6.320724568711162
3008,2.8413174464009976
3009,35.05830145111059
3010,4.39949111593735
3011,72.59269963492662
3012,5.227839236426231
3013,188.99212651563977
3014,6.465529266211012
3015,3.3787000689884406
3016,5.890067953642896
3017,6.106864411089879
3018,4.3747664875729955
3019,234.8392744011912
3020,3.2514097388152554
3021,232.3076640334931
3022,265.3545446499892
3023,3.1455252775616467
3024,101.86888124124133
3025,239.76781846522465
3026,166.40825095628708
3027,6.19579225650935
3028,5.449163597558533
3029,-22.083482990874046
3030,-44.67875454808276
3031,6.025730642346074
3032,6.51229246839492
3033,5.040587661276466
3034,127.72128679400402
3035,154.8020134210192
3036,223.46279660314815
3037,5.580746214394902
3038,2.0914847918842905
3039,-25.562652956524058
3040,178.48886549943848
3041,4.746911675290001
3042,2.2803151024997206
3043,5.859005191822835
3044,222.61559695761235
3045,169.9087364404314
3046,4.354594016502345
3047,4.042732660384375
3048,24.67779086559352
3049,5.7558215226504466
3050,246.66179684783503
3051,94.35366306407177
3052,6.494985311520832
3053,4.01247780386658
3054,133.73564865151388
3055,179.84490160162858
3056,52.671017000664904
3057,3.0949831316379486
3058,107.38550452325816
3059,1.8948691364232788
3060,250.47973557025352
3061,5.1757626362326565
3062,226.28921066171137
3063,139.2450059402444
3064,242.4052257780591
3065,239.11868495816526
3066,135.56339317713804
3067,45.367628645540705
3068,6.20001464925467
3069,5.908469307161869
3070,3.739388681883767
3071,6.164857019235448
3072,201.0614762634031
3073,131.26979974944746
3074,6.253973818140473
3075,5.85608262494911
3076,159.66340838341782
3077,51.776860358115464
3078,70.12993419747693
3079,5.567284160221294
3080,3.2689971092508223
3081,7.269848731341286
3082,92.79845808775156
3083,157.24379122530144
3084,1.2879908229300614
3085,5.469909018023738
3086,198.37960103362227
3087,3.1065283292179213
3088,102.01689361619911
3089,3.540017549853248
3090,302.8943317235952
3091,143.30445138986659
3092,95.51307917605794
3093,4.05817865374495
3094,201.13642070814524
3095,266.65413402624426
3096,135.69340417488206
3097,4.872097036293776
3098,6.170273015951754
3099,18.25238903101706
3100,84.96902071924879
3101,3.633491703357114
3102,2.324659459934292
3103,3.156912642187801
3104,36.493838623889765
3105,12.844781980396128
3106,42.75377859098969
3107,1.5707859103357666
3108,2.590438139286523
3109,6.262359198400942
3110,253.9913941488351
3111,2.193088180275782
3112,221.53976456169738
3113,5.4162488108127285
3114,39.692104401067894
3115,271.0300904207082
3116,107.89390688375113
3117,31.738123724511816
3118,261.43569522239596
3119,4.506348734956717
3120,42.64843815517094
3121,19.775190657979838
3122,136.6486704314558
3123,3.8761233347724198
3124,2.6948277707831307
3125,4.0291935601159015
3126,210.97780367243558
3127,265.21708438686073
3128,36.31745509277434
3129,360.50360512552027
3130,2.103648921947814
3131,105.37383657638776
3132,187.04439997233771
3133,128.87096115954628
3134,242.36247773022865
3135,1.7349365013470595
3136,309.20056917670814
3137,2.7896760626226653
3138,162.96728152496632
3139,6.00074410144102
3140,2.5329803125966275
3141,38.53380946424109
3142,3.0317994629299676
3143,114.78761522784598
3144,257.51944539091437
3145,5.397510365907605
3146,280.9539802253593
3147,99.16900082677331
3148,101.21318917738093
3149,-1.8777186290194487
3150,1.7130894146536177
3151,244.79154655305229
3152,7.272470946968058
3153,231.6839267110725
3154,176.05935497092767
3155,54.11403715437268
3156,54.92892494275591
3157,4.982101921584239
3158,280.0854989725372
3159,108.67468537439856
3160,271.2658557656924
3161,-30.47686425064193
3162,3.0392970942027406
3163,204.81103783377398
3164,3.2111335959076124
3165,-4.564899712455347
3166,54.90012364512846
3167,6.683602394731729
3168,5.221769796350303
3169,3.697638431031348
3170,208.09198968344754
3171,2.795525881472061
3172,223.78618629165192
3173,288.20344464943463
3174,63.25935578420503
3175,-65.08687647060697
3176,3.6194484805991785
3177,3.2530055416641988
3178,184.86390408225395
3179,6.1784009399208175
3180,314.22525919710927
3181,189.14635742836333
3182,282.5252993946332
3183,5.962128185988551
3184,33.99028583521316
3185,6.677577762366994
3186,125.92246174006164
3187,282.87837129876397
3188,-30.25710800701077
3189,242.4708162570904
3190,4.304432969757467
3191,248.6301042657539
3192,60.09978202462149
3193,6.54599432347576
3194,4.0039988799309345
3195,5.97142804525995
3196,139.34709007760068
3197,5.496152144972183
3198,152.19565533197695
3199,177.41485239127314
3200,2.012437439002837
3201,293.0862357245794
3202,4.440620875003985
3203,4.754543170936214
3204,12.6882207531023
3205,6.453822262850922
3206,271.57361900837986
3207,5.872871315815973
3208,195.14442232389717
3209,-17.76753627047166
3210,7.503834090039344
3211,178.04399668601644
3212,215.14876922215706
3213,2.672950794807755
3214,258.3989384823302
3215,3.6637224892052287
3216,6.0309626474469145
3217,133.98326372635594
3218,283.8629978053621
3219,92.88728503389578
3220,83.6551596562966
3221,91.76871273079553
3222,254.6128231961025
3223,342.8744092270742
3224,-67.28725864842124
3225,141.1112818217775
3226,6.004329815107819
3227,5.88551682670958
3228,15.879307004661882
3229,293.49062303084327
3230,224.75567999810477
3231,6.394914523971581
3232,5.27048253772298
3233,5.6431244767661015
3234,4.129380185616779
3235,101.11199860960087
3236,144.41951501189635
3237,13.419066204562732
3238,308.8348311326447
3239,6.526802331506613
3240,75.54493512160967
3241,27.913908395751424
3242,2.553801435318557
3243,24.628440983384966
3244,194.45359949562524
3245,5.372588137112034
3246,251.29190697035102
3247,6.109033923621059
3248,38.27238970936314
3249,-21.164575164418082
3250,232.68504412578935
3251,236.2922244895684
3252,111.34582391204194
3253,54.75115619520831
3254,150.83162979492135
3255,6.347716552329021
3256,6.273031378372729
3257,16.61075460566624
3258,2.6670991126531383
3259,66.2352102237752
3260,5.857746569029269
3261,120.30167142913734
3262,310.52977728626695
3263,2.3004283407633297
3264,3.494178329013554
3265,147.90419482755289
3266,3.6566435769591363
3267,6.732798769250625
3268,3.4088724377966164
3269,3.9904512894798323
3270,55.87464626090044
3271,220.03968171459059
3272,2.229191087249958
3273,187.51058633579385
3274,211.34159026469888
3275,116.38830232436206
3276,98.35958567072655
3277,5.914487686704501
3278,6.457294378378602
3279,3.356299509375284
3280,156.5194591467206
3281,272.89384010004846
3282,2.772139753190572
3283,388.4848124901355
3284,341.2994251185567
3285,90.8344858733219
3286,3.1242477777326254
3287,-0.5849100661178639
3288,99.89991345142076
3289,1.8034329511273295
3290,75.68465209200349
3291,250.79295338965312
3292,2.9602511397421027
3293,55.12666867901653
3294,214.92714198864735
3295,135.48191387576657
3296,33.38070944523986
3297,202.83260102294653
3298,2.3754087221471765
3299,247.9928704787086
3300,3.8761529874775347
3301,208.1656125595477
3302,218.37007689235347
3303,0.9787277450922198
3304,247.57530199622897
3305,4.781392074996339
3306,4.598711885013971
3307,194.9928285054849
3308,3.0816028702028024
3309,6.234021571004263
3310,-44.49969682762511
3311,2.5502093307072284
3312,3.934725688320168
3313,2.580686368375156
3314,6.013790121518209
3315,4.268371555501998
3316,311.79917866970146
3317,301.4225416302592
3318,46.532508320187006
3319,1.9738459969040947
3320,2.1723012337329917
3321,4.79654769374799
3322,155.2053198873487
3323,4.716352313923016
3324,3.771563766170571
3325,303.6612809345125
3326,75.2419215011478
3327,-52.73531793779192
3328,6.39004170082606
3329,1.8488857452431393
3330,184.08755056133242
3331,99.01127664259407
3332,3.554297937903914
3333,223.79059098844425
3334,111.72174948309531
3335,3.2902885294884108
3336,5.392485289937786
3337,2.703641075172408
3338,1.769349431788378
3339,7.167482791929833
3340,32.431807967431325
3341,60.023289349326035
3342,218.38581438842223
3343,127.79618133701888
3344,3.157491468480778
3345,254.11464054526624
3346,289.8702504431684
3347,181.82736095607086
3348,65.19072408319772
3349,5.7129936404306605
3350,3.673178268590324
3351,2.72363535342945
3352,1.8412016357367846
3353,143.61329585348213
3354,80.62161820578584
3355,3.054855740814536
3356,307.12797150855073
3357,3.466095876780572
3358,240.8058312438282
3359,78.81319022327696
3360,132.13860992359352
3361,3.3394785879673443
3362,3.3386720217004147
3363,3.477625338630531
3364,44.23369212886845
3365,115.9893224999568
3366,10.303786623452051
3367,4.02217219621004
3368,90.70847393395506
3369,3.9530958035105694
3370,65.97476470507544
3371,-10.868319607116447
3372,204.82966660952314
3373,56.86526221404412
3374,307.94174138815595
3375,2.513029620775351
3376,2.8584109357267216
3377,113.17466134379379
3378,4.7110457314876175
3379,35.712744920526426
3380,322.499532274064
3381,6.623623599498065
3382,97.22098101488997
3383,6.621246608544138
3384,44.65878207691222
3385,4.341531542084495
3386,47.1061392300713
3387,2.1411990216681036
3388,181.00050152699126
3389,215.67988496011563
3390,2.2748174143609936
3391,5.840469208445087
3392,5.079213827549827
3393,168.9750638799315
3394,131.83422653265976
3395,5.4170473695178085
3396,5.690946790543897
3397,138.95624420988088
3398,2.006711284502088
3399,207.4078085236078
3400,170.8945812379543
3401,5.149786823161181
3402,1.426768908010813
3403,74.98082303625263
3404,115.03981715120477
3405,179.0331946318758
3406,161.728491388957
3407,4.2394025988566195
3408,77.12343254607137
3409,113.22817428572841
3410,5.929385264488651
3411,5.783288712848179
3412,44.999321486814026
3413,2.2194952080341515
3414,6.701732293316706
3415,94.97562560183725
3416,85.70359085981035
3417,192.72684120161688
3418,168.4324311675969
3419,-17.13014609741838
3420,31.50472388420983
3421,-42.85654406460756
3422,167.7959449356071
3423,2.010809094363326
3424,3.4524947352092394
3425,17.59821886251389
3426,3.561057656475999
3427,52.692506463833574
3428,2.421128970757968
3429,329.9988492325836
3430,312.32954763271573
3431,101.58039406688124
3432,5.878166312706849
3433,73.20891635379984
3434,1.9462582571436335
3435,313.09598454376555
3436,212.48558948909124
3437,3.3291656736578235
3438,30.196053313995215
3439,259.0192045585408
3440,6.4846336429052815
3441,5.015656905744417
3442,235.86810790211473
3443,4.916420679406864
3444,207.26805355514233
3445,3.716766083038612
3446,5.841457647253873
3447,265.1985770941412
3448,5.396050137105535
3449,5.719157755955298
3450,105.39907707073013
3451,197.59252790044343
3452,2.167332257330453
3453,3.3528769997937675
3454,17.500822565833033
3455,4.109127921637266
3456,5.704740407917758
3457,3.820455759044072
3458,6.124710795826324
3459,166.3879044854344
3460,-39.87414496342363
3461,4.562533430513898
3462,41.29990247144346
3463,218.04000043697485
3464,4.358854231361461
3465,2.7603456815766747
3466,5.801209845783246
3467,102.10867040262784
3468,38.06164001297029
3469,303.2443932039349
3470,149.9557642370331
3471,25.820061227465246
3472,269.6114710404488
3473,6.328990992878974
3474,3.855345629953175
3475,4.501735179893732
3476,36.44128953119792
3477,3.4167775885879355
3478,6.589106034988438
3479,2.689250095260089
3480,101.1652151513388
3481,150.73819168623163
3482,87.08401457342791
3483,73.65207269054591
3484,173.0845305999634
3485,2.321120001571292
3486,226.20837265843983
3487,5.842550238053588
3488,4.57970210817781
3489,3.232119531625637
3490,6.206648964279607
3491,3.1680515682139228
3492,2.3939722255611784
3493,301.6779730202025
3494,139.46384351713147
3495,6.353288463549557
3496,21.144979966479482
3497,4.495603205676528
3498,6.629335482751376
3499,-11.996382245646938
3500,97.10400303417435
3501,281.8679180914803
3502,5.886956263482727
3503,3.923934007762379
3504,39.38128835838738
3505,136.16783440130322
3506,88.32229840039082
3507,6.214643697340673
3508,3.3059327736977644
3509,3.068279713140627
3510,274.89363164776944
3511,2.0289435439439885
3512,81.90680991780913
3513,101.6359794613556
3514,3.250140555717441
3515,47.04222009825171
3516,3.5632311396250747
3517,198.52855798355327
3518,4.363091946454096
3519,230.80573504185512
3520,285.06248124435274
3521,1.9249052298008438
3522,11.184086511144145
3523,4.007891565731055
3524,6.649609202217647
3525,5.271051250008592
3526,37.16741239038945
3527,1.702264634940419
3528,283.75013524448013
3529,200.98982378415627
3530,2.38828048488293
3531,86.61232153655757
3532,272.07081167028946
3533,54.6657078338752
3534,7.532738005786536
3535,92.65285542814367
3536,3.602572669217203
3537,74.21825687068502
3538,6.852041047101572
3539,-1.6127885118414378
3540,153.73288214875163
3541,-55.3340747588021
3542,2.7197592129712893
3543,177.9776205551831
3544,37.06045261379498
3545,2.5523946918909513
3546,5.6029416119259325
3547,169.0256829055958
3548,5.308291112004346
3549,1.753334554268233
3550,4.508652445615025
3551,4.540720999693105
3552,5.703789814666511
3553,5.704266252059519
3554,175.110028804938
3555,4.111634100733421
3556,2.140188540160742
3557,120.6963875693109
3558,5.138767962050049
3559,99.15265704621254
3560,57.04240288010302
3561,6.356376704641612
3562,37.653431224582235
3563,-51.53262330422932
3564,5.8678586705403895
3565,4.920754897452869
3566,170.69277407868972
3567,1.984398391122553
3568,238.69987309065326
3569,168.41972872029734
3570,39.87180249670021
3571,202.79915214734473
3572,1.8887872889842507
3573,6.0522952405635095
3574,5.7544338666745665
3575,1.9649217371023553
3576,5.3100263977079445
3577,6.317068568864304
3578,84.60647169249324
3579,2.0705894106825875
3580,68.83922982083763
3581,246.51339787194286
3582,69.88637957957944
3583,75.7177720890769
3584,6.628405395964048
3585,39.22707368374875
3586,5.785241973790237
3587,36.62953745161619
3588,3.5975634781336487
3589,225.80513087821632
3590,3.0379579775925882
3591,3.5189769622524945
3592,180.4967394096764
3593,4.190731550384115
3594,23.731177357123585
3595,6.615728763356602
3596,32.514288381931834
3597,314.71393682324094
3598,72.78157805595538
3599,78.67680912020319
3600,2.7422125374784185
3601,290.02903811712383
3602,41.79711400448302
3603,5.246862542517043
3604,2.7779844315955846
3605,155.87874438034788
3606,2.1397646386430695
3607,3.6597497389428937
3608,278.4815164750355
3609,191.33026850937378
3610,30.144575861752383
3611,5.36152732857295
3612,262.336434164071
3613,6.346031140426553
3614,5.107053288272667
3615,6.129938548492938
3616,47.004014389447676
3617,4.9786438315176955
3618,2.635038997003354
3619,-48.09086811350592
3620,-4.772784888871667
3621,72.86391444915631
3622,5.128460603876707
3623,262.6593549238135
3624,1.5335684775216403
3625,112.73317495634313
3626,36.83160937471393
3627,28.837884177213
3628,6.313672151275347
3629,46.352143324593655
3630,257.66905607479265
3631,295.3520940421157
3632,253.12736532082602
3633,252.41240695299382
3634,119.34306264497201
3635,130.16070868614656
3636,4.511917239393726
3637,43.17072557474476
3638,68.49829482327007
3639,4.862236725771787
3640,324.6377145053335
3641,229.622182164688
3642,152.91819118933643
3643,184.6752685901914
3644,6.573630319384463
3645,131.81825776818965
3646,2.4772816195137413
3647,5.886030774452456
3648,244.71609482062775
3649,9.387656054084157
3650,3.283952785193872
3651,198.77455918910834
3652,47.3633203540916
3653,-0.736203232213593
3654,73.09668491488446
3655,2.1443924637961613
3656,158.8692458064084
3657,5.7736128888717815
3658,7.862773901445615
3659,4.629647501349119
3660,5.838431231364573
3661,59.500055527583015
3662,2.15918677617697
3663,5.637964806950761
3664,125.70362984555845
3665,4.777818048439643
3666,276.2103308442438
3667,247.22391163699535
3668,261.9785560102901
3669,236.00171546403033
3670,7.239881778450496
3671,6.762614940405865
3672,226.3786990275015
3673,5.212986788137
3674,285.7423773773728
3675,146.61623248328848
3676,50.14277320188585
3677,33.214732750968864
3678,-0.8598351380328463
3679,4.796552031631269
3680,3.7905842811362795
3681,164.93634168924163
3682,81.44341331745491
3683,173.60936198950768
3684,41.41655867477844
3685,151.829099155343
3686,265.3115460548771
3687,110.03671497865358
3688,254.841368454433
3689,2.502116349181895
3690,181.37128217363818
3691,206.50734888025335
3692,290.9231801077283
3693,275.94522881042616
3694,1.7072662112866879
3695,248.95276607530405
3696,195.53271598047505
3697,0.8733676064991835
3698,-14.052837054202184
3699,4.550814455397849
3700,5.649790563122606
3701,347.6776638000814
3702,3.741789834363267
3703,3.9506851949006534
3704,6.1206070873092715
3705,1.4635530162569312
3706,49.33825381447178
3707,13.729386136626829
3708,129.26601701688372
3709,3.0973536290086057
3710,6.508458462013029
3711,333.1658042387487
3712,100.57038656090681
3713,5.853440089755235
3714,322.6158584296106
3715,2.5631625702033944
3716,2.050249225402397
3717,143.6449157777002
3718,80.91588218161782
3719,167.96668904838148
3720,157.002943499648
3721,3.0075035251098927
3722,3.9526690160293896
3723,3.2320075656523777
3724,1.8772908220485958
3725,71.52680179714089
3726,1.7196816243621842
3727,228.52691020849517
3728,58.21394625609379
3729,-39.951292468775776
3730,155.25163207023178
3731,77.5225776310796
3732,3.5929479585325583
3733,-32.440465473254434
3734,3.237810546359073
3735,2.5004705674114396
3736,29.69678721625775
3737,6.113384848401892
3738,195.40255374008882
3739,-38.482801085180895
3740,241.34307800251213
3741,28.904409286206366
3742,257.4149300696144
3743,2.323428881189424
3744,71.64572553254204
3745,-27.120067278285127
3746,4.922551622769528
3747,4.88811895739503
3748,184.5747735387093
3749,77.46183496868424
3750,1.5385608505429722
3751,216.12104763514938
3752,91.0115742498308
3753,4.987540529576276
3754,3.8321592207889923
3755,-4.035732200608908
3756,5.656151260340434
3757,32.69964252785325
3758,6.120984263143245
3759,47.15381550774691
3760,1.9546040258916926
3761,6.19232348059138
3762,6.1645139815149
3763,130.15489488002143
3764,168.48407456766657
3765,351.16593692325205
3766,6.476036381853701
3767,288.14912641735185
3768,73.09488895181457
3769,1.6729585199179022
3770,153.6633899516601
3771,3.640411949875341
3772,210.64916320879544
3773,234.98350972744942
3774,2.5720851784945373
3775,3.7139895469509483
3776,237.37766715688298
3777,6.026482841742709
3778,224.87193542140804
3779,276.5707710585999
3780,5.868975516124049
3781,6.467032369111917
3782,2.063654122103444
3783,1.990649786281018
3784,5.479543405940379
3785,30.231947799761446
3786,96.86942308988156
3787,6.063725039382222
3788,6.643018732482627
3789,282.5115394289692
3790,6.88082363193881
3791,6.224920829293476
3792,3.6523389164076567
3793,15.463093598904695
3794,-19.74934696056129
3795,196.43938115517028
3796,193.7544137763192
3797,4.7384557492846895
3798,169.27571231508554
3799,-51.29899603026648
3800,241.2757797698318
3801,131.21079686512292
3802,144.79678046409327
3803,52.378307281850475
3804,62.21850180614685
3805,4.6012917508342115
3806,2.8573197955051746
3807,103.5019271345928
3808,3.665124778881697
3809,-32.776612911170005
3810,2.7713942738066004
3811,4.887670952150471
3812,267.9137752880411
3813,3.370241846743589
3814,284.9742879083651
3815,7.326269896900074
3816,3.775886969819804
3817,52.046825523133286
3818,6.200775226761549
3819,2.4339763880987175
3820,118.32017154946
3821,7.390040988198653
3822,5.497328565465068
3823,262.9092876515333
3824,5.241852541825974
3825,247.06819546099473
3826,6.024013576986954
3827,303.7305795972415
3828,299.4672493724879
3829,6.474528507378494
3830,233.39693606224228
3831,67.15785474238173
3832,1.7978359569681834
3833,56.53922772463825
3834,38.20739011748733
3835,2.791199147385338
3836,5.1697768828634825
3837,6.741979254050623
3838,5.871464641348574
3839,238.1409231985585
3840,5.631974149898945
3841,131.32825508417284
3842,3.533880623677188
3843,243.79258207648866
3844,5.504817456531257
3845,5.942057155914246
3846,6.315786414188439
3847,83.23723008447041
3848,89.53835992320299
3849,194.37726987559327
3850,40.301209403087974
3851,125.64435042810442
3852,251.0944758571623
3853,5.546047172630416
3854,258.5463374577393
3855,2.015824266409812
3856,66.83163784181932
3857,3.8684569550822903
3858,3.065827240691096
3859,247.07347364615995
3860,6.27428814940269
3861,-57.183306002428125
3862,-2.28855833947014
3863,3.760263798421976
3864,2.7661471955096326
3865,272.13358327980586
3866,4.402598007279373
3867,189.0038227029427
3868,4.414652445990618
3869,3.071482856726097
3870,131.9120217132501
3871,40.513306169821504
3872,3.5167890846857794
3873,36.844788961403
3874,327.25712637841536
3875,268.5478096715197
3876,106.63377118495711
3877,-83.38770291084128
3878,175.27858231298504
3879,246.37165298146266
3880,6.671116026466089
3881,3.9366981639632317
3882,2.6070111226279544
3883,201.0150688259156
3884,151.4817876826038
3885,6.298244153947902
3886,5.511360767308063
3887,6.213419875792972
3888,2.68729871903167
3889,166.5173106410126
3890,1.7640915917124476
3891,2.968498269753848
3892,176.03402021995032
3893,3.5414434940556205
3894,304.7712838730502
3895,-14.997215148306836
3896,12.406033848425684
3897,242.91159973160023
3898,178.3111395433749
3899,1.7092508153306056
3900,102.22674647023437
3901,99.92264463092317
3902,2.8565622543263265
3903,26.865303862795557
3904,59.435848127482224
3905,3.788754208985549
3906,7.500934470796361
3907,219.51070580726858
3908,144.7606736431125
3909,3.5325905029004985
3910,4.03141330368287
3911,244.12186613961302
3912,4.037490009456529
3913,30.122010965887036
3914,280.1770979444522
3915,7.68599437878276
3916,5.89151687066849
3917,3.7471366658916168
3918,-42.01681958561751
3919,4.786105297675119
3920,32.348435419382525
3921,56.12618758866458
3922,6.510127077405487
3923,3.4292254688593937
3924,346.1551516639478
3925,65.64709920206255
3926,2.144078281507952
3927,239.51840397742637
3928,3.452593253197168
3929,5.383194226983019
3930,6.339871814272085
3931,212.24614646816207
3932,4.304921001051527
3933,2.6045597461044006
3934,6.510751940821011
3935,219.4795581568851
3936,2.0402255855174367
3937,3.363654775707079
3938,2.7625104743583435
3939,314.3103208199934
3940,6.024793705907722
3941,6.109999369742594
3942,5.233728386447533
3943,3.221459519431285
3944,6.6854119270387375
3945,325.2986584709766
3946,214.6036552845901
3947,36.36640168277936
3948,158.0854922670561
3949,5.504463451237603
3950,250.15330484290064
3951,1.7705198331979277
3952,111.28275780986303
3953,124.8191858426102
3954,2.5801098695196085
3955,5.921468058135645
3956,169.3222316963644
3957,61.92977171609336
3958,75.37204874592827
3959,219.19267142676603
3960,6.0292082828782965
3961,6.2418080907497355
3962,104.90055918006395
3963,5.858548530501503
3964,164.3752432524993
3965,5.7421717445455664
3966,3.3397425798848768
3967,4.196304867895092
3968,189.95217382136244
3969,38.77964192976567
3970,2.4504710719348024
3971,3.368235358502872
3972,2.8359428083042344
3973,3.392579437079819
3974,31.987805135969417
3975,37.79445667761414
3976,3.516001751270057
3977,4.166290492193935
3978,3.4401405888180374
3979,124.51985782956703
3980,245.75382083727214
3981,253.69481622929453
3982,5.527793988756149
3983,3.2856475759027948
3984,362.836251751304
3985,223.68668650662153
3986,160.5711094554849
3987,97.18102660485135
3988,3.5550803876864507
3989,12.998739187762247
3990,88.13598258871576
3991,254.70553824144133
3992,5.8948213589728615
3993,5.958613379028194
3994,50.44743399385162
3995,130.0069041809595
3996,3.6338711732542137
3997,120.13994063714652
3998,2.475943254020073
3999,275.3289192937181
4000,5.404121135818423
4001,4.3283431014386435
4002,48.65119315721554
4003,170.99741326562298
4004,2.193584112227587
4005,315.3847069833439
4006,96.90427128579137
4007,7.127890174795791
4008,3.3664537075548813
4009,5.826204925416356
4010,215.02346770020944
4011,3.786914531375842
4012,6.3506877887086866
4013,241.4715295910345
4014,5.8569147579159875
4015,6.186600095776959
4016,74.14431393367659
4017,176.32899961050538
4018,124.48159908104404
4019,1.8156550525194555
4020,2.0206307307565847
4021,115.61940133410603
4022,48.4489300884665
4023,3.5423027077496094
4024,117.98744359925796
4025,56.51119162804518
4026,-4.595435056349083
4027,254.35282343369596
4028,113.44339541807841
4029,7.50582144000345
4030,2.575942814768321
4031,103.88004926602856
4032,83.34768443657903
4033,3.1307827394495753
4034,254.36796428078773
4035,140.43326854320557
4036,5.207152487083304
4037,3.486196795338728
4038,6.072255884327515
4039,5.848480029023249
4040,108.05800465581106
4041,313.72601504836166
4042,52.68163996599078
4043,266.2653303504208
4044,3.926008443983914
4045,36.77341514957428
4046,5.8953050627215555
4047,4.1529770207449985
4048,272.9726227027148
4049,128.07914800511566
4050,273.5531476036844
4051,65.23817248814316
4052,2.6156272264382663
4053,3.929693455223025
4054,5.414475959132636
4055,3.9357566390369683
4056,259.0868508764998
4057,6.769827456473106
4058,274.09150885587894
4059,35.9664679048833
4060,246.2125963982928
4061,96.4476718084895
4062,3.864875229111198
4063,2.194660868322677
4064,189.51064060875984
4065,2.0445929039194413
4066,93.14975424445177
4067,194.35323421411042
4068,179.34625587797268
4069,342.8269858353362
4070,2.679192835150195
4071,2.9612386103713417
4072,1.9560915149913776
4073,3.4462178696436
4074,4.131040344861315
4075,-29.915222213472177
4076,36.13911918394791
4077,4.934288292924593
4078,6.313626071142709
4079,6.637465914195585
4080,277.2331781711195
4081,4.598773110818653
4082,119.51827917522564
4083,3.9430743582166494
4084,17.863219990632167
4085,14.556303839383355
4086,12.990019667164873
4087,4.0681063073282875
4088,4.241828301766557
4089,89.15197187370693
4090,153.16947870346058
4091,3.9595118499022854
4092,64.06599136166993
4093,28.400463646202972
4094,4.871370643881756
4095,6.694120387347918
4096,2.316935301377211
4097,2.6243407266150323
4098,2.813335397504793
4099,-34.02444632787518
4100,70.74992115166158
4101,5.965116406280876
4102,4.207901129478372
4103,75.87972228051156
4104,197.53072724702156
4105,5.741124610989732
4106,120.04246152031209
4107,90.43033357075535
4108,67.13635732656536
4109,245.25138223684974
4110,6.125680293310248
4111,82.0936369398263
4112,78.6216812361289
4113,3.1188278511485716
4114,5.147604449221308
4115,84.5617925491207
4116,130.32851799721305
4117,92.31041966776255
4118,287.889017682956
4119,252.38034775620173
4120,229.22268610582756
4121,90.23953260484384
4122,-21.000847846518884
4123,2.3104045142226597
4124,131.67715293176738
4125,2.260579880874027
4126,57.827559610036644
4127,5.946632572621025
4128,1.821016182369519
4129,6.2979064078569325
4130,2.195887384952404
4131,57.4144733400384
4132,6.000601957310636
4133,4.881804411743646
4134,111.19678426884886
4135,7.905344829435027
4136,165.85352735491537
4137,322.79730089414875
4138,-14.28594552206109
4139,103.10058863172767
4140,52.499930529495344
4141,4.044328336960084
4142,117.19013757206342
4143,293.70561840557195
4144,76.22251147536153
4145,182.32509309466204
4146,77.50497505611035
4147,70.7804723904822
4148,288.5927215115866
4149,53.90635093379076
4150,49.34575331194574
4151,56.15464273941763
4152,122.6336376721959
4153,4.056882826203691
4154,342.1354543917249
4155,153.97400636995485
4156,3.269402959640255
4157,20.942052113804337
4158,4.1023075009871475
4159,5.1944543804780405
4160,158.1729379770237
4161,185.50823320244365
4162,6.242680907535293
4163,69.8410160228556
4164,194.16748463244602
4165,14.279692476908622
4166,51.440048520717184
4167,116.37888797600874
4168,32.621701669324885
4169,2.509202406110313
4170,10.526123997408172
4171,76.48400485193162
4172,4.6169476181730245
4173,3.68009426240073
4174,74.409371932692
4175,136.82676928593133
4176,1.9854636946188111
4177,3.877872658159505
4178,29.53418310555011
4179,118.72534641588996
4180,170.4855209308614
4181,80.06600191603205
4182,43.95037161589295
4183,53.01137299977455
4184,188.52256221763125
4185,276.3633761467178
4186,2.625638818632007
4187,64.19627345940745
4188,4.066418345428368
4189,4.198369883790034
4190,125.67530268112927
4191,2.162893808763376
4192,45.251524677143635
4193,49.91323886097575
4194,5.900324388038952
4195,4.1993543430709215
4196,131.29507715000918
4197,6.405453457900819
4198,3.110775174479821
4199,4.989018840877102
4200,288.2758189128366
4201,256.16565615226943
4202,201.99924894728537
4203,5.399882104154155
4204,101.81275493209088
4205,4.753823086818713
4206,7.566163324777431
4207,130.09091866916992
4208,155.7965243356917
4209,236.46030972658824
4210,-57.069575638098634
4211,1.8856442248543115
4212,5.828960266018155
4213,1.4392604642819506
4214,7.399921301643683
4215,3.064535644097083
4216,1.7273510386545197
4217,3.1753741170587393
4218,5.807686322073627
4219,65.53201754590218
4220,63.31343858880616
4221,2.1904063468125647
4222,109.71597367248572
4223,2.878384955440482
4224,6.258355135795669
4225,5.090538755707128
4226,275.18189751179807
4227,2.3757192781941106
4228,212.8572264456643
4229,122.8762567693623
4230,2.984674491851872
4231,2.5126590609602926
4232,56.53562747936924
4233,3.169200776106086
4234,-12.868367538939317
4235,79.81589377342632
4236,249.1913959487917
4237,163.29585568094268
4238,3.0472349225676116
4239,43.91141223042401
4240,5.2250497331072285
4241,34.009426554652634
4242,223.80396286450275
4243,-43.327132216140406
4244,321.3525097187183
4245,5.114110748636675
4246,1.9687963721721373
4247,3.676517617775256
4248,4.17535531449916
4249,-2.185027463400396
4250,9.34505972299332
4251,291.42961259236836
4252,6.417119568541465
4253,6.002700657436008
4254,5.410422167164357
4255,-56.24621937569447
4256,5.7107793956033355
4257,103.15582159043757
4258,2.4107594588967585
4259,1.564466024361358
4260,81.84332191100317
4261,2.3946316265552663
4262,280.16117176810496
4263,77.81497259902125
4264,2.5918375046572777
4265,48.02129251779249
4266,4.260815712050214
4267,6.315156754955329
4268,5.780748529872197
4269,185.9999766849275
4270,178.31459777443314
4271,201.12136772209834
4272,4.513409269009147
4273,7.985849937335537
4274,104.8867788680939
4275,6.223156246589708
4276,298.2497309694967
4277,225.69635832021447
4278,368.35034241797666
4279,309.71789618017397
4280,115.23207315347827
4281,69.56088653895306
4282,12.9772759373012
4283,6.337497939799123
4284,4.450684383694279
4285,107.04864153161756
4286,295.47970119355045
4287,1.823859887076231
4288,181.63351175930748
4289,215.84726440864765
4290,194.58212939905675
4291,3.262029872049066
4292,4.944714362482642
4293,4.096753979794345
4294,-34.881452801875994
4295,1.0126199916957417
4296,5.4129353265481415
4297,6.4687150676028455
4298,5.959957176698534
4299,70.90135020463399
4300,45.622936419079856
4301,-5.363795801859102
4302,109.7267638426514
4303,1.6848794045031248
4304,-29.092018711548167
4305,3.976632668241243
4306,302.66966635802146
4307,2.627288366310398
4308,47.5239319940101
4309,4.4388570509053435
4310,2.84225243879812
4311,13.096048027436769
4312,289.4985403775163
4313,3.360922112783493
4314,3.121744834651388
4315,226.46631155873746
4316,1.4966508048515046
4317,183.29947199338307
4318,6.027615303103782
4319,53.87888650557202
4320,117.33599427102263
4321,4.401189875552142
4322,296.16612292858133
4323,85.15224889200752
4324,3.6002421030668716
4325,6.712844447161147
4326,3.7512134492167366
4327,112.7968146758976
4328,150.16636598324143
4329,199.48120168459238
4330,33.49919011031194
4331,2.7681983652595843
4332,2.353162661200259
4333,247.60089946338024
4334,3.6608435619938886
4335,3.508300515711357
4336,2.1139026891268453
4337,5.890791848523709
4338,3.6950136108469147
4339,5.389660115296586
4340,-30.192647053487278
4341,64.6091275096264
4342,224.62003745241094
4343,165.9822708165725
4344,119.41861988085817
4345,5.881576021946955
4346,4.640042869606973
4347,230.0186457626833
4348,5.740586832613626
4349,127.70552601114537
4350,-36.363324810942814
4351,116.3245588814583
4352,194.84577639007665
4353,5.043423675363261
4354,137.92974234097318
4355,124.66126569918148
4356,1.886534039786003
4357,5.286429747724522
4358,313.570441120952
4359,221.47091755774557
4360,3.401340047875984
4361,-3.2135750046205516
4362,1.232216257377254
4363,3.4298953723150474
4364,4.824375480108367
4365,1.651223486933231
4366,3.2067711860188086
4367,253.1210014500554
4368,-24.902802086785883
4369,79.94177159561745
4370,6.343888575180742
4371,207.76732000915712
4372,83.47325380043084
4373,321.60955798517494
4374,6.061697008563592
4375,229.46351981557694
4376,282.147676028433
4377,5.58713576249764
4378,5.727673642408193
4379,159.53204640663884
4380,3.0647646870712375
4381,2.1721362505451154
4382,6.675198619711041
4383,26.641125515953682
4384,5.362361651981668
4385,186.42186224560177
4386,34.21074385735959
4387,300.8729433596311
4388,78.78070802337223
4389,6.675525955699071
4390,3.753306855998662
4391,3.9458732635744087
4392,2.627512271864415
4393,114.65297036352902
4394,81.45535802949786
4395,3.172692461476826
4396,22.36347575995312
4397,2.526664562480427
4398,6.347577305097142
4399,3.4926242203734583
4400,241.70280599125704
4401,6.7962261373661566
4402,239.0863667376981
4403,270.6755225748658
4404,243.78139662916058
4405,351.2100548942424
4406,57.52155999072742
4407,83.09883144856795
4408,6.238683741268673
4409,111.47097711182178
4410,-86.99539792702208
4411,2.822633384472894
4412,280.91017735998196
4413,215.84766120519004
4414,3.960238030819036
4415,187.08633639444753
4416,69.94184750520557
4417,2.7075079210597917
4418,229.69498227287528
4419,257.6348849869121
4420,350.2386042252182
4421,320.890686805906
4422,22.65519548414839
4423,2.5974950829863
4424,54.43858398057375
4425,175.30385764742562
4426,5.378664339729479
4427,224.543432651746
4428,6.271386180195783
4429,5.065786743588402
4430,5.161027761532726
4431,180.1143949201202
4432,3.719040557089488
4433,3.8166570230267656
4434,110.1455770141265
4435,5.744047495492443
4436,6.3271481638629
4437,12.800139347295545
4438,104.78960184648393
4439,7.395453880148489
4440,274.312730017138
4441,2.3838364062427075
4442,271.11792739958935
4443,6.211938190349553
4444,275.1396485592519
4445,3.877896340387817
4446,3.8047742077296807
4447,128.6672473702559
4448,4.999223877431058
4449,-8.393961147428453
4450,117.51905382054686
4451,104.8842695636971
4452,243.39257064357147
4453,261.06460173236275
4454,4.868271112421066
4455,5.352303145901743
4456,195.73025848614736
4457,4.135874757519434
4458,7.045857080440449
4459,77.21715423565146
4460,0.6547191962217646
4461,79.9254207745856
4462,174.29013069022483
4463,48.07704886072963
4464,4.315059456007807
4465,101.54031437411948
4466,4.50794147501574
4467,15.917885160722934
4468,1.777437957789302
4469,2.37427843594536
4470,4.811600584960189
4471,2.8277051638230297
4472,234.6451887660108
4473,3.6988652084200546
4474,249.85346775626047
4475,4.271171356862932
4476,92.79821210593816
4477,5.812559576166838
4478,4.414643370178739
4479,133.32754756667617
4480,282.04341700638247
4481,3.6555082901678486
4482,195.77009812948637
4483,65.43289707820443
4484,295.2838097931897
4485,212.79142180717986
4486,2.381804586270266
4487,113.14740024316967
4488,59.68931888921037
4489,-37.587318889916205
4490,105.58941024131997
4491,5.473921692434799
4492,259.1296435882001
4493,306.4714704190761
4494,17.415600916148044
4495,2.7746880513243966
4496,72.0359894240285
4497,6.7115490329597876
4498,213.26475403999297
4499,303.5435608517809
4500,157.58890558580373
4501,6.214672557508655
4502,5.837037036815089
4503,178.33335196373494
4504,3.6160040069983346
4505,70.52342559280255
4506,2.9573817384388166
4507,-2.967574655624528
4508,132.4032478235398
4509,55.64716646433472
4510,2.1918255568680043
4511,263.95268300414864
4512,60.242924055418996
4513,91.17779292462967
4514,3.216052958337511
4515,2.8084493942395277
4516,3.3897305723055853
4517,5.283223961948077
4518,24.52692945125867
4519,110.91526013694092
4520,58.71155201793795
4521,2.8300594521606874
4522,68.26396521615933
4523,6.681022894544187
4524,218.39692695438168
4525,14.876789581319276
4526,2.2458459469539918
4527,117.65610138038141
4528,124.0107145365399
4529,107.05830481853874
4530,147.75296035907945
4531,3.7642739320151755
4532,4.4310409633049685
4533,4.545099696417665
4534,59.606153327010944
4535,6.1203416999726405
4536,2.073883036182688
4537,1.8454059937700882
4538,6.329655635920934
4539,291.74480405821805
4540,180.20524170625555
4541,3.253846404449269
4542,2.688878434130557
4543,215.6546695959998
4544,32.101595459797316
4545,5.204562219335093
4546,39.51654466340123
4547,5.908744794927777
4548,181.97555322887013
4549,4.746583415539687
4550,232.11742274308975
4551,28.033753356216582
4552,111.49206454418626
4553,122.29341914678044
4554,4.518320771934678
4555,197.46842387555495
4556,281.7577959124827
4557,5.102147245979796
4558,4.469138729703037
4559,75.29607273661142
4560,7.555274172532085
4561,5.268850652847798
4562,184.09439536300889
4563,45.506110370601206
4564,246.1551113192012
4565,52.10959979105157
4566,224.13210261745854
4567,289.45458208747255
4568,142.50723382749052
4569,4.694156745768411
4570,196.22019854354699
4571,263.7691504648368
4572,5.041399725813204
4573,3.0776097972193135
4574,1.8955283561982792
4575,5.459439122135473
4576,157.28959692134333
4577,254.00101247225786
4578,61.68352745981136
4579,11.075568164839922
4580,0.8357489878332012
4581,355.32796130669954
4582,71.96875312137578
4583,1.8936141066816874
4584,282.6810188602292
4585,41.51197539539787
4586,5.966198353820049
4587,3.783742106745323
4588,1.5693996050195214
4589,3.800976149657431
4590,2.9147560186409494
4591,72.28381009323797
4592,5.385948538210027
4593,111.88285531116821
4594,-6.0935159433836965
4595,3.0113392024545806
4596,62.738957785006235
4597,144.7466860681129
4598,4.209917190267026
4599,-33.67317347796199
4600,89.30224096203108
4601,6.973967178770737
4602,5.143033678169114
4603,5.605588217448719
4604,83.0132062941461
4605,1.9082671809987013
4606,138.6327366542756
4607,56.547738674369015
4608,4.534756868086966
4609,222.93072796580165
4610,117.08092491724145
4611,101.33281257220602
4612,3.3113490051237333
4613,-63.983242138856085
4614,81.2257207114409
4615,-42.722604266794455
4616,4.199164267903863
4617,4.856929464300743
4618,4.156331546769255
4619,6.100545716297924
4620,6.67259224252141
4621,85.07162404733398
4622,3.8856457505508373
4623,6.00370271655822
4624,1.502834556903168
4625,79.6834699920535
4626,49.706940142326005
4627,5.265468215062181
4628,5.892680232760021
4629,70.66324896043703
4630,5.467131427489583
4631,5.991546318523575
4632,6.630916707122432
4633,219.0821211113276
4634,5.836927766556693
4635,6.098072312245692
4636,76.36342410857021
4637,6.987335426858459
4638,412.22444737154404
4639,280.45992749339456
4640,2.0647427028028758
4641,206.45299458920297
4642,148.9029896543417
4643,62.97682729141318
4644,46.59170570026893
4645,5.593178161586431
4646,49.339609767071494
4647,20.924123981625723
4648,192.55301068546177
4649,124.8216287102415
4650,137.74354845436955
4651,41.50853531290931
4652,4.777383995089431
4653,252.09538562001927
4654,14.030909616160432
4655,5.543810617437149
4656,3.0815983292034814
4657,3.1378108631588657
4658,6.304456981369647
4659,87.5181278930975
4660,2.5800434346447085
4661,2.7989481125149376
4662,3.9960656586929617
4663,117.77494746752956
4664,5.872871315815973
4665,154.7580253923793
4666,242.6841344093337
4667,1.8607308035529053
4668,109.5707333502933
4669,246.74646878651106
4670,22.866852983575786
4671,1.939925179028346
4672,1.0273003749041294
4673,75.10032156330281
4674,274.2953500414005
4675,1.780993589794319
4676,136.93296737795902
4677,60.998903405237996
4678,5.503732402348335
4679,60.41312602564363
4680,4.8601675560558295
4681,2.206471837701838
4682,169.16376872215727
4683,149.54869216416273
4684,104.42015637341552
4685,244.92516237632907
4686,4.1601498771608485
4687,238.10695034687177
4688,343.62585857285507
4689,101.32367230076042
4690,5.839953621533194
4691,6.780381813536598
4692,4.364349976008526
4693,104.69929542606617
4694,4.359488642455235
4695,373.233630215328
4696,4.508529032312505
4697,2.3893568886328422
4698,4.552065455984862
4699,3.6271486092222474
4700,105.74485405979529
4701,5.459083924527274
4702,1.9642696448726602
4703,3.7920879720769265
4704,4.974001325973528
4705,275.4890375737683
4706,3.4227906834519626
4707,5.101504238498948
4708,3.1233480013633215
4709,76.94107796797512
4710,161.8431933986075
4711,6.282369721659325
4712,238.29068829821824
4713,3.6650925940032266
4714,5.7180333162548
4715,72.63127260345439
4716,61.74627447257324
4717,7.37036196230531
4718,5.664585410979503
4719,179.98457929612738
4720,152.81731635135458
4721,6.1186660699655935
4722,4.1604178320201
4723,6.481091138744277
4724,65.737100180506
4725,168.53975700317787
4726,3.322434671773543
4727,266.7846990634943
4728,244.09645931113454
4729,3.865824806135185
4730,175.0150327343827
4731,60.49610406167292
4732,-58.6033626312904
4733,5.468292781779133
4734,6.168329699241553
4735,5.660879260130818
4736,2.9999861346510217
4737,64.52333232977762
4738,-21.218211312807654
4739,137.94194285731518
4740,292.2469028140496
4741,4.285058766084099
4742,90.3634791789608
4743,5.430532028017224
4744,258.9911765241457
4745,62.792107460856144
4746,4.138160979522251
4747,2.831252855928838
4748,3.1326545263017875
4749,6.015003750424511
4750,5.764274096466016
4751,3.883640151083474
4752,91.26363599131672
4753,153.74958918556604
4754,148.58351494496702
4755,4.058458736149341
4756,2.0816871199523894
4757,3.5470927343176215
4758,74.96198174063608
4759,97.80964086988149
4760,4.952148868049258
4761,3.198336838295582
4762,183.46972244451092
4763,209.24679898864804
4764,2.312687546946163
4765,316.84076928161676
4766,42.85864804876705
4767,52.17500208922526
4768,23.51319028104765
4769,-27.87577013545678
4770,38.43103036261387
4771,28.829699620766746
4772,3.860822399880031
4773,4.186670067120509
4774,148.33457144969836
4775,2.439385384905936
4776,2.6961533541796685
4777,175.95100117933907
4778,5.083931013141217
4779,30.40787316385994
4780,2.118214994739251
4781,59.77452146360113
4782,4.642800566114058
4783,3.677674346905179
4784,2.728220945319048
4785,56.23770226165693
4786,77.18269689392363
4787,5.6425663228614855
4788,3.538573459901623
4789,3.1176431679845935
4790,137.21675546125257
4791,190.4555026460515
4792,4.532044538065213
4793,170.0849630266275
4794,55.17040116827785
4795,233.57003461239879
4796,3.2906003442080745
4797,150.2137819725326
4798,5.88090518027812
4799,4.215686049128951
4800,339.58076932177687
4801,3.821409898738093
4802,4.814157824011835
4803,282.1212605859405
4804,1.8680580510776386
4805,239.67616484475454
4806,3.9205134594453215
4807,3.0772325059902412
4808,60.696498383795856
4809,102.5067690214048
4810,1.6816226169975061
4811,2.1833185024082438
4812,4.860666086126903
4813,239.15364339903218
4814,235.20325005293586
4815,2.773351938101513
4816,2.433093992070596
4817,6.099942064546094
4818,1.6778110420046612
4819,102.34802804096284
4820,2.3941106074237783
4821,195.4446290819387
4822,120.83818638646768
4823,4.822071313835346
4824,3.1759241919277588
4825,258.3495969435414
4826,4.8644835228981025
4827,6.2662836748722475
4828,213.5336524733296
4829,127.94763947061226
4830,101.97770638590058
4831,198.16497359931844
4832,7.016509872241057
4833,3.765334266027333
4834,114.83514195910743
4835,3.9952843617614824
4836,6.5266245338019395
4837,193.68960290170955
4838,19.960135122971717
4839,303.5764503816731
4840,3.232199392940087
4841,143.18266683702302
4842,33.95747426888421
4843,2.178134336091429
4844,4.085731838717254
4845,4.482238647739339
4846,7.144369300949208
4847,3.868232055789556
4848,2.6613615371390433
4849,4.180387234610503
4850,6.6670134374895
4851,5.666393322829303
4852,103.1236556789072
4853,292.6254503947
4854,2.751037054487089
4855,3.001465482761284
4856,185.24542864493236
4857,246.36471296313323
4858,265.6654686768829
4859,135.16636155367672
4860,262.77270858541436
4861,-19.28099001738941
4862,113.73483149616521
4863,7.067249330161215
4864,5.858826370327424
4865,1.8931950909902018
4866,1.3066522788700983
4867,3.1145949698709927
4868,73.26317099926598
4869,1.0456469320684114
4870,134.58707027690508
4871,6.627037129339946
4872,2.2848582465351934
4873,288.2058510117824
4874,16.001018965181164
4875,3.3318014645603027
4876,209.44345205450813
4877,6.4173383879783445
4878,92.57163416340566
4879,61.729535018395566
4880,6.058379145493655
4881,6.152598498774013
4882,25.431069106141102
4883,1.8142622422435082
4884,95.15858537024802
4885,-51.65675024777209
4886,238.3012572935715
4887,4.8562251739758615
4888,281.1522957177491
4889,67.47262581859327
4890,224.9655835882912
4891,142.61994940286658
4892,1.784408331969863
4893,5.653348982529252
4894,99.0800447596194
4895,6.573878996850604
4896,5.820209698425607
4897,6.121088530613436
4898,-4.747556257023702
4899,190.99742416309098
4900,2.3747361612303997
4901,257.93796407550656
4902,4.096948232871465
4903,148.6304766091069
4904,377.0779261983921
4905,96.11093999505837
4906,156.81578903532582
4907,181.66327464841203
4908,4.33182346555186
4909,117.8252793730347
4910,155.96123329654284
4911,90.60749507234655
4912,5.269814987736334
4913,197.04676950018995
4914,155.82958069461552
4915,4.317559762096512
4916,4.6400128352232715
4917,6.344516774310401
4918,3.0171420172924
4919,4.829153119458622
4920,2.0759419568406097
4921,-4.8304501944973355
4922,171.2665442970257
4923,229.70705638420304
4924,5.8289155939687936
4925,2.2170766079197675
4926,1.652585899025004
4927,5.410331724593919
4928,3.18703129057468
4929,85.91205900735548
4930,95.5305613727577
4931,-5.257056860869715
4932,5.877932777291692
4933,230.75371088121008
4934,-62.11457636877013
4935,62.02984109253968
4936,256.6298067116512
4937,19.41377818868311
4938,89.37474756773494
4939,61.113945419717034
4940,3.846115954331277
