id,target
1,4.240464493816491
2,2.5593934921426564
3,307.1279344563243
4,-51.34560163051264
5,4.3483377857421495
6,6.610976318597715
7,4.873727131318958
8,60.65529069702404
9,69.61104829370586
10,61.92932502031215
11,32.50812525205365
12,4.303322060176873
13,266.3526326005718
14,195.54854221588784
15,3.612210550452
16,269.04956292434906
17,3.2965375726310633
18,98.86060665712465
19,3.526314316632212
20,6.738410912586551
21,-65.15186798185816
22,55.16654571636373
23,4.514773622693477
24,2.6510984063432557
25,38.42620513821034
26,81.240609429393
27,1.2408927059844062
28,170.74369851354936
29,49.18690258734405
30,3.3802004387563054
31,6.559445762698088
32,33.83645927547468
33,47.12964334062144
34,3.6109054938893324
35,2.3706655157501015
36,6.278550666639199
37,248.11516681295302
38,254.55848618272685
39,54.03279182721471
40,132.86655594765432
41,-47.54863555355763
42,3.1137136687884936
43,5.655428335677737
44,4.545527822244012
45,138.99357169093182
46,57.606200569870566
47,3.1772594791677427
48,-76.10315608739803
49,4.432531384072546
50,1.8703202665583964
51,252.09408348542422
52,3.0563410291492845
53,2.491439268581403
54,72.90268934070728
55,2.871276391414413
56,4.507015959629328
57,5.745833282970356
58,170.88179050013332
59,240.97727678544948
60,7.004967689159711
61,2.3940398969620302
62,219.64929166599677
63,6.630823893551494
64,2.5312031034913027
65,2.1417475932494305
66,4.47651681263356
67,4.934095969482704
68,198.9623751894908
69,129.00900121174533
70,2.422818254988222
71,2.6990498020955536
72,2.129182703568931
73,27.403591466204592
74,238.07412752609443
75,212.61468467451783
76,6.4720948160716825
77,5.824167981553929
78,136.44768010596425
79,280.1267416132828
80,3.9254434542614467
81,50.98488021055556
82,4.708674859697179
83,161.494882189085
84,52.831186496174794
85,-7.770635307968785
86,2.289601376974368
87,57.98281495641416
88,165.99178600532372
89,6.136272838469029
90,4.951340487007688
91,51.2050877860775
92,51.54959038468226
93,37.65245403892432
94,4.35299583160241
95,3.9712445727342036
96,3.221236023136313
97,7.134232110073439
98,218.67114021045532
99,77.58642657032041
100,278.23609109173265
101,5.143568480257308
102,258.83973419114807
103,4.154645293071116
104,6.59796532431893
105,191.38761083322646
106,12.238272628308739
107,293.1577648408825
108,2.6714754834511787
109,185.34403692092735
110,3.5064155328599242
111,62.49497394380785
112,2.024526141522814
113,231.60904170930507
114,6.138377404984908
115,4.873228984778499
116,380.7143258633705
117,188.38642490811918
118,221.30393769000284
119,248.04307419483789
120,329.06041962511796
121,177.7894993963308
122,3.2076720298638866
123,135.52479390207506
124,251.88017775428344
125,112.0015519582366
126,6.361790267553491
127,127.60052991159282
128,3.832556154402764
129,254.5174695550656
130,81.23587949767206
131,57.63623978166785
132,5.418543564439376
133,-61.335112482810935
134,326.7851035661899
135,6.228500512051809
136,2.3441086978432373
137,124.88960852578171
138,5.8166635779333875
139,207.84637065930883
140,302.7658686975772
141,44.621635010795906
142,8.405481464639976
143,42.81353278414042
144,19.527859336477952
145,6.63129148963754
146,192.47515965061618
147,220.50953279396177
148,2.1298071244621846
149,165.73369558334954
150,74.2565584121771
151,287.2715651486096
152,225.68314450545867
153,177.7170956654144
154,42.689230039410475
155,4.439625642347151
156,206.0299500666565
157,138.3647363043102
158,113.9606482662559
159,141.154916074363
160,6.63030727270322
161,41.358721826345665
162,4.665316259903876
163,272.1256011795502
164,3.057755926998404
165,98.01576841274927
166,211.48256178701652
167,339.9748841632648
168,7.159237404291451
169,1.7730589456389918
170,231.82029584146727
171,2.963032484681624
172,4.431807870293169
173,-53.64187672482447
174,3.7470876756092664
175,5.63330311330685
176,148.65320361360267
177,73.15985783740614
178,308.00069993432953
179,137.42253502688555
180,228.47443891265274
181,6.357741145795666
182,2.06897058495758
183,300.94306498209846
184,6.4302871213216175
185,1.6451938561165846
186,3.2452572155655086
187,2.919736537970877
188,3.8500396531809455
189,88.35720543277662
190,4.416692352796723
191,2.0909521830203848
192,32.976430466707285
193,3.5178737965708025
194,334.17120152893506
195,91.50115987426176
196,274.90553284473197
197,110.80708359093647
198,218.6424009843938
199,53.328537948280086
200,1.992306067268241
201,3.498719697676409
202,89.42796348065858
203,45.01879879151347
204,4.595831492310351
205,279.3220406696368
206,53.67832758587299
207,220.74583696817322
208,135.96387791799543
209,67.55647571054078
210,174.5168622494745
211,69.36178585460779
212,100.10992630906881
213,269.4007576281207
214,64.35579860606859
215,11.995243324724303
216,206.6076547733906
217,84.4724483425725
218,165.76029629609513
219,211.35603784660003
220,5.8077502507235605
221,229.62562576309074
222,183.46668844892483
223,2.9564011151381253
224,161.41897222009942
225,276.8213643965079
226,224.42721730961563
227,46.065580081769724
228,269.7537565499018
229,252.10292083982972
230,1.6132172095574846
231,214.58956466316977
232,51.113044930023136
233,58.178997773150805
234,238.6863191419995
235,121.10947487016003
236,2.307238647052222
237,5.877605457360358
238,42.001958609591135
239,6.480583340948852
240,185.51191487562323
241,305.3037985028882
242,224.44193558093164
243,4.073801359450552
244,3.397032994114589
245,49.46419633723576
246,134.8849419087588
247,125.20764809554302
248,6.268239039486932
249,6.030804355034586
250,63.06690442691321
251,53.15263533949603
252,188.23010797597493
253,7.71763251781574
254,193.9807384160538
255,-43.96126281651914
256,5.749138154561095
257,2.0997739364006915
258,67.87754041821981
259,253.0901982588673
260,2.585291959114204
261,5.536461594164551
262,6.319819228506107
263,-49.837152734745004
264,3.694590296883467
265,3.724117340801327
266,2.1020865353401468
267,3.4432104328544253
268,1.9658751403681158
269,195.20753979657482
270,3.178318718810658
271,122.01582243829169
272,87.23511913067662
273,4.549298726362027
274,4.587211574898009
275,326.17004645856105
276,181.35874568033915
277,233.08759357246169
278,-60.27881623935019
279,4.166993768537828
280,184.41241465967266
281,5.204754555041789
282,186.41978653331466
283,200.007960889812
284,144.7287122096786
285,243.3961446117051
286,139.98936797718187
287,236.72693082194863
288,6.28494696533128
289,136.44672182255863
290,4.7446609643416044
291,101.86682345491482
292,3.9828493976348733
293,71.64472573287142
294,125.28087312431802
295,5.957408939031066
296,111.622595250792
297,52.907308390778226
298,-41.1357335642093
299,206.26278628718453
300,5.931937076401185
301,4.404396828076232
302,5.1491023191978735
303,4.409531165284814
304,3.967603297892841
305,4.670716719143846
306,249.5027471102945
307,3.6123189422759956
308,3.1635205409443903
309,85.01829801498542
310,2.2590961013347535
311,2.452829740409456
312,3.8532000884157775
313,150.53083207288984
314,3.941402788575033
315,0.11526394093896018
316,1.2977833125130707
317,3.839097442006538
318,4.114611133117968
319,31.373005234046797
320,1.8314508473611772
321,6.328233093966277
322,3.407357427013157
323,1.8152540681279254
324,2.46977159595184
325,4.641064519166851
326,4.990078569044245
327,43.21527736278777
328,4.070168349658685
329,83.6635465118362
330,53.351405170564846
331,61.51794678237326
332,5.6135913032431715
333,2.6549135781544306
334,6.7602513502079296
335,148.4483235586352
336,3.865390001530665
337,2.3688718831390263
338,143.6982748208832
339,16.258741584017965
340,299.46808156804656
341,154.70362422948713
342,59.25732692731566
343,3.7311169421452695
344,2.5832463096797853
345,128.84837032223072
346,2.8724240093788245
347,4.854817707701082
348,54.49112772166806
349,-48.92011467492906
350,136.46427388440384
351,239.74296989217387
352,34.75951157046146
353,1.3640955605906997
354,6.0014613250990605
355,322.4393554336171
356,226.07678972426584
357,3.2315615852470687
358,41.21575386145149
359,4.3299819473535495
360,133.97494523931525
361,4.913197216379136
362,5.287922252733169
363,-5.310180948145745
364,4.224020285677037
365,5.56484830931263
366,68.39201707743166
367,4.815161545969254
368,239.43952170609037
369,5.789680782747519
370,-43.078270239385645
371,254.91687340987528
372,20.507526775798084
373,151.82820048511087
374,-7.270848130222236
375,85.43851741453022
376,2.831258228912014
377,2.6102037500275803
378,3.7577280456879354
379,2.7878772928937257
380,0.7372704465372055
381,6.13724591745601
382,6.175347108362702
383,141.4273637560182
384,1.7863961354753597
385,3.7439648835071457
386,273.5738510086534
387,2.231327775854716
388,3.7667323125820196
389,64.70804093797392
390,4.881184100777199
391,167.57647139256204
392,6.201922193342362
393,3.861574081852754
394,315.3145920019229
395,222.15135686366074
396,2.8998320645359437
397,1.7262869829094853
398,6.066865992988154
399,204.51244941022156
400,231.90516318337978
401,1.659597770480436
402,6.299783028657388
403,5.668692208443707
404,5.515110198695239
405,12.844800811348179
406,7.683350985600752
407,-60.56364173627288
408,4.4265123205335035
409,3.4975693821689897
410,3.9565011604044784
411,2.9312330369605686
412,-21.761193089977453
413,321.6870718605161
414,5.8704819803109665
415,32.50958258431905
416,3.28184006132362
417,6.718569325294255
418,5.594274533886667
419,5.547800150571019
420,4.567443121664528
421,145.06205182972076
422,152.32579468379726
423,122.23672917855924
424,162.44008279681256
425,5.6365707433332375
426,263.3047347577804
427,3.2837793359638026
428,223.29041135369417
429,2.3501232764382407
430,4.577059719589526
431,269.0737238759075
432,145.41084858502614
433,21.117715867568783
434,6.2710676079933645
435,49.81211688144977
436,233.51345683687606
437,203.008072203829
438,175.3196339135576
439,5.77788645338898
440,263.7603085265534
441,213.0385673035453
442,116.33775196668604
443,308.80260607588036
444,5.492962722745445
445,6.134987036767589
446,64.06606735440732
447,1.3134127388629238
448,6.272332799286175
449,314.9090383374878
450,280.5179968262388
451,153.57986451239577
452,237.38651163824125
453,1.8740320747483987
454,4.00245209320804
455,128.75644758528438
456,3.1306746616339485
457,4.9048456408661
458,269.10241794788135
459,67.61209302820885
460,27.884865341222625
461,123.46203438036059
462,6.317377079310843
463,192.4446029253373
464,5.0883136490570156
465,150.71347504298097
466,72.21290218444148
467,2.3087820993107675
468,5.4626547382093396
469,30.95471848589643
470,25.88282310594046
471,1.8201189455091025
472,1.888859186654883
473,57.87930343137854
474,5.862208690795129
475,115.98346931539713
476,6.546557650572073
477,1.7996783439751314
478,4.53595870308415
479,213.3661739428752
480,5.0162309133327225
481,5.830380339516468
482,235.18141788641748
483,1.725756535038436
484,202.5683227254164
485,108.13907454431546
486,4.6504343170056375
487,2.521124365971619
488,198.36032929151602
489,2.693850685942344
490,4.825457646936788
491,6.357741439716211
492,3.78366670704138
493,3.4699901280095795
494,244.02953148022087
495,5.8491099496316385
496,191.64862862183742
497,5.488313569683189
498,5.945811567448937
499,5.795255241840948
500,11.974276504042047
501,2.941659407044947
502,313.5347007018281
503,118.58168018410333
504,-11.762732257354859
505,2.1304821337113617
506,6.503412620376642
507,337.141038511554
508,73.85432780549034
509,285.21572411553143
510,4.235237575549201
511,105.64021684387899
512,203.4778130424561
513,211.99091794246453
514,343.2896675628531
515,229.75906142743594
516,235.32590769620907
517,293.6052049098869
518,7.173726233065664
519,35.81037534289588
520,311.82869433605845
521,1.7427767288556097
522,3.8748411140973023
523,231.95290779552235
524,4.724285419376198
525,168.03820763359982
526,5.698880673751107
527,4.9656500819573
528,4.504650888849176
529,6.335701535997076
530,249.39305465338302
531,66.24421991801653
532,3.7965820437580557
533,60.561165343473945
534,4.192835653739234
535,6.869484457978193
536,5.986333690681957
537,1.5636631223511896
538,5.2343480044961925
539,269.9886890858103
540,268.4497526362428
541,261.7719183381876
542,64.75154636253377
543,95.06354310971358
544,4.949814862623111
545,4.095889625006897
546,4.031394602039107
547,2.0613910536549764
548,325.4261243792449
549,5.8502275161885775
550,251.43682623121583
551,6.016374101339805
552,114.60464475549715
553,3.778460157373248
554,65.99782589801515
555,80.21089163142221
556,243.7565347225517
557,196.3326040286857
558,5.358014477813009
559,5.664126120517911
560,144.22874083215328
561,89.63196712783245
562,172.0646926431279
563,2.980603433834171
564,26.80723012236862
565,153.58443057727516
566,2.4063365505679872
567,43.78684163778598
568,111.72417193000791
569,305.80918671805205
570,3.9761916492229417
571,204.32970115700593
572,3.1826321198882668
573,79.88307243706024
574,122.65529265683759
575,7.397890537295118
576,1.8077708896405746
577,3.146587611556626
578,182.16639079913577
579,2.4028370285654526
580,287.6948295353434
581,61.279689525920986
582,69.74562849306692
583,5.554048126722646
584,3.029350546631945
585,159.6163439538651
586,5.035399731158804
587,217.47966117439393
588,3.0334928907978593
589,188.42993748014806
590,300.3924644775777
591,134.4144757350806
592,6.880079327903127
593,239.31455074321846
594,294.2826318444787
595,38.9811401797804
596,5.382261362361089
597,130.4948106795037
598,2.7378489577874836
599,68.69436407163643
600,147.07436366857036
601,151.92435720595378
602,39.953722052828994
603,2.1343984847458626
604,243.61274984742877
605,2.3401913719081917
606,2.8694137921130425
607,6.64065947395653
608,49.072317988882595
609,266.45187871190655
610,51.48678874520468
611,57.79258223424365
612,-4.835386335207703
613,33.683069107856774
614,54.24783053426951
615,1.8838219474635203
616,180.63774401037676
617,-52.370247135491525
618,229.6357651384177
619,4.71562743924886
620,5.982974310375869
621,180.29925983367087
622,105.52099222290175
623,151.11788559029003
624,190.5995018106778
625,2.3981931030498127
626,1.2727122440665406
627,61.87560610754353
628,4.336343602293223
629,226.3911332382911
630,4.363777171081532
631,2.23015634259834
632,204.66553472601584
633,160.3674619868062
634,220.43153455719454
635,2.352531090441052
636,110.72950945908241
637,109.18366043341678
638,6.667838430164248
639,53.43494608353034
640,116.56162781756422
641,6.932202483101439
642,3.168097230027463
643,283.92364270746754
644,3.9612386208400494
645,79.55401289271774
646,70.94876437435306
647,197.33410004338793
648,271.12076409967347
649,377.6537085897926
650,343.37057225654263
651,108.82286104440145
652,63.68144004437703
653,3.1691875237022353
654,195.6338039347812
655,-32.180971256124536
656,226.69134633268
657,185.822956348259
658,289.1091852694826
659,1.8756820779623606
660,116.34560016755528
661,4.1642865630734045
662,138.71121191329735
663,3.386872227179011
664,-45.078888760162755
665,100.54612436950126
666,151.65889916681326
667,236.34008691058244
668,346.2219732712554
669,197.28546000583424
670,198.54197882882352
671,122.12512726130973
672,76.35609338134468
673,3.982239170996184
674,5.339824212800514
675,5.7960616155875835
676,5.2513763181129285
677,0.6872603579615517
678,165.48391029087318
679,4.953148555563573
680,2.9853873466628325
681,1.9476197480529183
682,72.93398836603959
683,5.831105739252779
684,186.95189880699905
685,219.82810536027753
686,5.972501570531962
687,363.07718974883943
688,76.76020682291966
689,99.04173427623783
690,339.6724936988628
691,3.8189884398267986
692,77.43194206637516
693,5.012886981451874
694,6.468088780408475
695,-13.693246112181708
696,301.57310848189957
697,1.0276836013723474
698,232.1167753794111
699,1.732286387607135
700,244.79256108473498
701,3.500028254177673
702,4.921525769144924
703,61.061763693716046
704,76.21507999669072
705,166.4528904846727
706,221.60151119033753
707,187.84249386472152
708,54.07501702153495
709,89.58152412510177
710,216.36815908044625
711,245.85934159569476
712,6.672495411242826
713,14.152432054228047
714,6.574103179067414
715,244.1924158101436
716,3.129927092021846
717,82.3338311929562
718,355.67519966470815
719,196.9987783099428
720,4.7273280586752415
721,143.28381742025007
722,2.3957755409782733
723,6.330052863674016
724,3.0700995081807223
725,2.7659165698689296
726,112.67560332217886
727,259.3330221326515
728,52.47777979493896
729,55.650616672176675
730,51.505390978409054
731,280.60405493130355
732,4.543983225871758
733,6.478691261557752
734,31.246658156671863
735,253.75262241413895
736,52.511585108817286
737,47.64188370557014
738,128.8407699109403
739,332.2267137089441
740,131.02093666915243
741,33.15449398330104
742,269.41832655444364
743,146.27375486888758
744,1.66782518548936
745,284.6677733782949
746,183.36630553094767
747,3.345635678967097
748,63.20262093933732
749,48.3480890426401
750,209.96020772003794
751,61.321538654944625
752,231.8273485349813
753,1.9408563386514488
754,252.54441464321167
755,5.841580747224073
756,6.04227856354478
757,189.1897828582377
758,2.5615871033395714
759,70.72367197412504
760,3.5059700022393883
761,206.41253030243917
762,5.07532440636375
763,2.1033849845710564
764,102.24157663799335
765,4.5528402302281625
766,32.2513749268752
767,1.1463992504534
768,4.9796394634888905
769,5.8385487587437215
770,1.9407910115545852
771,255.120152164103
772,76.72342602653495
773,122.14472389187233
774,-17.961261163343323
775,57.47831316044392
776,4.356772378633078
777,238.39795374101857
778,-17.314052058860632
779,156.48015731500058
780,72.19963023392434
781,311.69080364624404
782,3.5960299093848525
783,48.52478328490713
784,2.6763556391535426
785,60.2571741190101
786,121.99115367662351
787,5.488547492272079
788,1.8711834647791683
789,179.89382049664476
790,65.71121339472637
791,-8.252859093911777
792,84.85218821572195
793,-67.158697095377
794,319.8596538409033
795,-57.70812312273327
796,125.00140643472459
797,3.445845406108728
798,61.81432515215215
799,3.3648370626245327
800,5.940304093498497
801,222.90385303556684
802,70.7263182967827
803,132.71315957640095
804,6.71834367070068
805,2.1887022868184474
806,164.04052485585515
807,2.6779068445184393
808,62.578724324825714
809,1.6251278310775985
810,54.64767627134082
811,256.9811802024469
812,102.17580414889704
813,281.4933137465978
814,5.852791555617604
815,4.657040831287718
816,7.026102418787705
817,3.4793534393112195
818,10.657018996967592
819,5.108970770109159
820,67.92724990094914
821,6.007665783663104
822,2.0048216509248173
823,49.06097014849263
824,62.79514860830856
825,7.024555082427218
826,67.91670301479986
827,3.9256140083558377
828,6.118107604480969
829,49.69861757147152
830,158.0310239554683
831,117.36660936658114
832,6.133629467428744
833,253.59628783655444
834,195.01333032965027
835,140.9399173630246
836,1.9149777186104697
837,82.6210708863654
838,144.96507202578715
839,5.795428579998505
840,202.82762746529392
841,137.61915189456823
842,60.273186471876045
843,2.4859628173752126
844,2.480413496264576
845,5.290206452275408
846,6.485776815852569
847,5.411091314174234
848,167.443066577661
849,6.352112644386173
850,86.60212160079311
851,21.324399324997124
852,35.02462874247473
853,97.37073670736919
854,55.710506372953596
855,7.387301134416525
856,225.79007870812865
857,73.67823769174635
858,70.525050614632
859,231.3061225715458
860,2.069524047939606
861,3.4530768535347294
862,3.074142961335465
863,109.76941387919734
864,246.35001547011473
865,268.3625106968279
866,218.03675995196534
867,5.288548710327243
868,110.79785843364786
869,155.36867452421308
870,124.97365450136473
871,150.30483903193993
872,130.02279404861383
873,3.1881763247087562
874,89.91223901468926
875,6.086649534048394
876,113.62227776087707
877,49.89131676068355
878,192.35446120490707
879,5.26934248560605
880,6.838809790686877
881,159.8741283906329
882,5.796552536948012
883,238.27300268001852
884,5.883526603268244
885,176.59118692651174
886,53.47019444643187
887,2.1819272658811837
888,2.120402319965329
889,277.0789566208723
890,4.360683773535658
891,2.910855936098233
892,56.585765552209594
893,5.057549276391555
894,-8.848787314529405
895,3.4205446327212305
896,211.10890189010254
897,2.6061165769430676
898,233.3139527943311
899,-58.28244681583129
900,242.0009969910778
901,3.9873747135031588
902,205.8609833816547
903,4.864176622983558
904,124.1433478288534
905,1.94022920042371
906,0.8723782959669782
907,202.6753251658297
908,9.500678035373502
909,77.48398562383632
910,2.2875428912887856
911,6.593236416675126
912,244.8571034060542
913,148.28746543912126
914,279.28270672464106
915,114.78553875910234
916,111.13522299337531
917,-19.888849968211346
918,2.2827132032722908
919,2.7179003703142177
920,390.8006741441759
921,103.07591540629105
922,193.86106538580663
923,2.423221615509833
924,114.15183113433093
925,188.99453962621374
926,54.11871585804341
927,59.299080516217735
928,5.028054475367027
929,26.015880805408315
930,35.437528006357894
931,216.8399539350914
932,179.2186310014194
933,5.483476333716346
934,2.093010987752184
935,193.13269750547738
936,34.52926517083387
937,3.4459078882374126
938,4.448937622490994
939,79.42313697937223
940,1.7042181006826036
941,5.839977089019278
942,4.880234989398253
943,121.35198362527363
944,4.527451882780985
945,2.0364648128229472
946,57.60207704382154
947,26.695220606696417
948,33.452860130230576
949,234.09596975635787
950,348.1799455541985
951,15.479219148794655
952,-24.155187583470013
953,6.329929095813208
954,260.58660671596226
955,201.2568932266787
956,144.24604458740816
957,2.5718880641899484
958,2.8937432863235726
959,207.85361580457248
960,50.35258717738591
961,166.4299405719655
962,3.3271903650557206
963,6.341292273927017
964,5.10264748651964
965,6.30388752864196
966,3.2099224216494764
967,41.4378733793891
968,170.12254694834456
969,189.73244031543172
970,6.301839864925631
971,367.30746795308363
972,5.448918055091757
973,98.48289426700563
974,5.576753047114461
975,4.047000855796807
976,5.328093841568387
977,198.5466892706291
978,292.5941352111884
979,2.030139196809253
980,1.8656205465380624
981,20.569385366217144
982,34.94218329010083
983,303.3257282196903
984,322.5734691584287
985,263.85717224650216
986,96.31018811810137
987,2.9269494451668407
988,244.52210192038783
989,350.54128310717726
990,64.5187494692899
991,4.153506117974392
992,315.75329119443995
993,173.08125118326407
994,3.4660163193925015
995,-11.023708907594083
996,1.2839458450689802
997,2.052607389477315
998,40.177376153921074
999,53.34561312115446
1000,-19.417131401922774
1001,286.1101097759418
1002,149.14967328498756
1003,5.358505165122153
1004,1.2628212285007727
1005,2.0565914514973445
1006,3.956693949699234
1007,156.94905305476576
1008,1.916991096218171
1009,6.20993075551663
1010,15.137926346949786
1011,263.6912835934492
1012,18.28542349162579
1013,200.30019219198664
1014,48.123007037682626
1015,239.8714533066493
1016,6.545213180835125
1017,5.026053555290765
1018,3.5107143551627633
1019,6.516257847026813
1020,4.559496508351671
1021,128.11043243118962
1022,96.45786449984612
1023,191.7242664087824
1024,185.86023413806208
1025,5.180332114503225
1026,4.157446001930635
1027,4.84649520366032
1028,86.97261859282163
1029,3.8426398930840726
1030,37.853913588941126
1031,285.065957127451
1032,3.004480624028775
1033,2.2063717472526605
1034,238.43818022835032
1035,0.7925396608281798
1036,251.3041411477489
1037,7.019639218915204
1038,52.97003948037705
1039,3.449765650168442
1040,-32.88557731284718
1041,3.2665320205034725
1042,3.3644878236323352
1043,3.4014181693619947
1044,346.5832056634392
1045,128.6232725456319
1046,31.016333218701824
1047,216.98190116032293
1048,1.8401964141757061
1049,2.8481676092177572
1050,6.099173208499501
1051,61.495754421435606
1052,167.99075861520652
1053,251.95797255760908
1054,6.421852397120413
1055,51.411886151832356
1056,33.43509396513051
1057,4.345049566060922
1058,2.949591996777878
1059,2.918181789373675
1060,93.03452086364283
1061,3.6809961263815527
1062,6.01258131530078
1063,296.71143478756636
1064,266.11236543514826
1065,77.95244684740074
1066,274.79981865605464
1067,264.30825772100474
1068,6.056146331121004
1069,4.371111451310677
1070,317.7713491230281
1071,164.7233272089963
1072,5.110720743263859
1073,3.977655732762603
1074,6.292957249833321
1075,4.623899822804998
1076,291.6223032147142
1077,6.295419365129424
1078,172.06274379494573
1079,3.0515932547597835
1080,2.721826993792882
1081,5.818095072496001
1082,4.253317606117744
1083,3.407176909031087
1084,6.411222201020075
1085,117.96039439557197
1086,163.31281269294527
1087,76.0703480224588
1088,262.1439462105704
1089,8.60362059934091
1090,155.49957982127546
1091,262.4908742760451
1092,5.681665902526037
1093,4.559458878578655
1094,6.544855901325862
1095,3.5564193338526566
1096,2.8878402947082766
1097,5.126021277818838
1098,68.24306258314806
1099,114.70814919919763
1100,5.5906914900437865
1101,4.778129541055971
1102,5.9663470616545835
1103,262.5374595081805
1104,4.732123878135642
1105,108.82089852893569
1106,5.728660063690479
1107,6.3150313860318885
1108,9.302476062372632
1109,101.13084501154525
1110,74.13213424268594
1111,3.1200411315377874
1112,216.08446278403107
1113,2.7733688176796587
1114,179.68022237973173
1115,0.16330644170093755
1116,5.424988489650759
1117,285.6506312291915
1118,279.66157695245226
1119,5.090757735956686
1120,58.50748451596186
1121,8.315098587324378
1122,242.33686094874594
1123,3.498871134813831
1124,179.5430221872549
1125,2.6520117916901738
1126,63.243143612872274
1127,5.761417988231675
1128,-49.60238338146388
1129,139.66869033410586
1130,6.610588256645224
1131,38.316083638942885
1132,4.786225061992358
1133,-66.2877839750216
1134,205.47777291152917
1135,206.72257231434645
1136,-55.12352660786707
1137,3.990968123408081
1138,51.06130346534523
1139,109.37340792005278
1140,118.41888264404699
1141,217.80674137777697
1142,138.51057923958166
1143,34.110450864658056
1144,-41.30619360498517
1145,117.99332934963763
1146,60.34888502098295
1147,4.348470907133183
1148,74.35818834152204
1149,29.05941965352377
1150,4.252777671308992
1151,1.191431713503656
1152,3.552356849727108
1153,4.359053797819519
1154,34.20802334713284
1155,169.48051563112043
1156,6.570963148024706
1157,76.15716079497585
1158,207.17455729299016
1159,112.85431264196812
1160,72.07264368609677
1161,1.7097106905708224
1162,5.721980977329919
1163,5.444235958545223
1164,4.925273322645285
1165,203.38416395388722
1166,38.60494177460742
1167,-29.426896881221126
1168,5.159593857642375
1169,173.01912029703806
1170,5.038832657164772
1171,4.263847786358868
1172,-37.13945353469173
1173,3.9237877661958467
1174,200.89466358619043
1175,-55.54465545629169
1176,246.1811685378355
1177,2.39894131294388
1178,145.36685356474808
1179,2.8491566821274867
1180,2.5830819980761364
1181,1.8070802368659797
1182,129.91144653440466
1183,7.20052378264064
1184,4.357519271387168
1185,278.27495771185636
1186,133.4227057399069
1187,4.009822537489045
1188,2.8846092251905833
1189,135.88928742294092
1190,3.3641682873465273
1191,2.886995205015439
1192,4.977846161868061
1193,190.27916918682055
1194,5.52595416102365
1195,2.115834939670458
1196,271.031060404101
1197,71.06657265791858
1198,2.942730103093699
1199,254.05588132996445
1200,52.406774169802986
1201,219.43995829269278
1202,80.67509902235071
1203,3.5670265923167905
1204,171.63244411254573
1205,1.824419768910405
1206,161.24092348923222
1207,125.83774329186045
1208,230.28535575523026
1209,246.17021392983014
1210,189.22618342149156
1211,217.75140181438934
1212,6.110240600985746
1213,3.724636757611299
1214,198.39286983017112
1215,112.9351907434484
1216,235.87107222275264
1217,196.72538716161125
1218,-36.7664840740032
1219,5.963465997134094
1220,5.791760239491997
1221,252.68724838813694
1222,6.263829688054639
1223,2.3332899867408243
1224,2.5627901032086307
1225,124.8789921162742
1226,1.4176156847933652
1227,4.649356520726452
1228,2.31991216721414
1229,36.0289292344982
1230,118.76393339766165
1231,227.75719558621932
1232,1.824324491286812
1233,-34.55917246623079
1234,2.999315148712253
1235,15.814561778759643
1236,257.56344531464777
1237,4.0469771839815625
1238,2.156601758005219
1239,1.2026545497477534
1240,32.39437888687853
1241,2.1033061701812645
1242,4.381653222699056
1243,5.477957132083878
1244,181.16483533114396
1245,3.6919098566978152
1246,262.30290567547326
1247,5.524664277810226
1248,124.98801180072134
1249,148.6836608804572
1250,7.369584236187701
1251,43.586245574060264
1252,5.586851339560424
1253,4.122823674694153
1254,4.445643393228933
1255,45.04910532798209
1256,72.37445604470592
1257,134.83479349402262
1258,275.3693238095057
1259,48.494895880997106
1260,261.6437874700863
1261,5.776056241443362
1262,5.566730781003718
1263,195.93603801960415
1264,1.9281300055847992
1265,6.650031612478431
1266,126.1140461471917
1267,2.5228600471492832
1268,6.49566812855435
1269,264.186780080375
1270,-55.24514236499949
1271,233.01434870628458
1272,54.11871585804341
1273,31.418611784214168
1274,232.52760865791976
1275,171.15606504650933
1276,38.7667786997918
1277,4.128396596384575
1278,1.5697845729120279
1279,3.9550665793271724
1280,-60.51079619887826
1281,3.5100142358922186
1282,63.77861514588217
1283,162.0600613460827
1284,2.9183666556301815
1285,-56.443108546756264
1286,2.432932439468601
1287,53.280567015680475
1288,152.36533901565872
1289,4.402508551643049
1290,223.25488768209848
1291,3.3442963538772954
1292,51.18667293823202
1293,96.48901115224251
1294,261.067461941961
1295,176.93155707012437
1296,5.941246105784713
1297,52.159140663247925
1298,-5.867836682464951
1299,5.1519843745167275
1300,161.97218700160738
1301,224.23063482497255
1302,209.025065873496
1303,6.438040530925665
1304,3.5122516607707537
1305,5.309229495142278
1306,59.54606697808805
1307,162.75082553614163
1308,1.8780470852689362
1309,5.032359987562313
1310,345.06435800733914
1311,2.614663433131203
1312,6.87984357140347
1313,29.567127998957524
1314,174.84612975094177
1315,163.86717331509118
1316,266.5609357669044
1317,66.30259817963801
1318,2.0767030691839317
1319,212.87256826541102
1320,240.26217699463416
1321,14.979022409500576
1322,54.18775336159898
1323,257.2324319816177
1324,247.27366972934317
1325,47.32982661343692
1326,64.00173145086787
1327,243.7273093452697
1328,3.1836599498169833
1329,6.127040929130515
1330,125.35065622271195
1331,-23.906560479653272
1332,305.91755537089546
1333,1.2980860436022377
1334,344.7361334703462
1335,1.8562495975075881
1336,88.99082961515609
1337,34.7845098900205
1338,244.7217328367891
1339,6.802948333550489
1340,207.12161175573198
1341,241.70696609275075
1342,179.89553193228608
1343,50.6539054369872
1344,117.1409078199589
1345,2.9384115990763933
1346,53.799354187862626
1347,87.10570239161063
1348,2.8301764568767847
1349,197.04804523547728
1350,32.73857648181682
1351,231.62451083453445
1352,2.6035416738940125
1353,17.519289536619766
1354,4.806030552709924
1355,5.883535564636727
1356,3.553044400024059
1357,5.279925648273354
1358,6.648979095000193
1359,1.669886624148854
1360,304.6137504466906
1361,4.355782660531476
1362,6.400607667847775
1363,67.71666603988336
1364,3.3069138347895874
1365,5.867044138601825
1366,6.5557336665072485
1367,5.866736168807449
1368,10.615486025662406
1369,180.83362718236907
1370,289.5825746645987
1371,216.96828753212026
1372,32.60112542129981
1373,3.4145713588357345
1374,209.78843432464834
1375,163.22235671394412
1376,5.103267889981124
1377,5.255010906235221
1378,105.23237976011356
1379,90.35705940944521
1380,111.74420219401733
1381,242.6799111366372
1382,87.27154373077417
1383,56.85051764210093
1384,-10.771411369286149
1385,156.70011800609774
1386,2.390684243859316
1387,77.50862307609708
1388,1.656508403831959
1389,221.60229343929763
1390,165.46889140392
1391,68.53917917684723
1392,49.204158811461625
1393,266.44986482335264
1394,-22.547206100864702
1395,38.10868962180224
1396,188.03853339219233
1397,5.547731667326635
1398,191.87813442873932
1399,1.4338969424926442
1400,73.16220948126372
1401,324.1102065495976
1402,51.11088436570384
1403,296.94649047001315
1404,91.83952334086618
1405,114.86549655534682
1406,1.9694980499822001
1407,119.14554666754297
1408,7.440160900027207
1409,3.7255012430375296
1410,252.12322061082563
1411,248.26524756124036
1412,-35.843816386320455
1413,134.35923213877604
1414,248.55770089706112
1415,1.894788652918137
1416,2.887835193965122
1417,4.419026368634256
1418,314.4750897127084
1419,145.78779839080278
1420,4.560235187349199
1421,37.43932403535299
1422,6.665541970153695
1423,3.1072217349290816
1424,5.6813246941416
1425,2.2013908649400022
1426,-15.383534651423936
1427,3.760435675109241
1428,4.655288641647085
1429,3.503762182005189
1430,3.961810745987097
1431,6.393524145818832
1432,189.98062447337009
1433,2.9267276450715434
1434,6.390804037261127
1435,4.54968695369549
1436,-53.684143135354574
1437,181.80829497192514
1438,133.83753567688242
1439,6.37663543638334
1440,2.6779357480417536
1441,127.30977577989083
1442,179.1797509774848
1443,44.01752878069726
1444,5.6480342228945535
1445,53.78778912097687
1446,278.8903726432245
1447,242.04556746341774
1448,7.120226552659588
1449,5.879919550931096
1450,284.99721838714214
1451,139.01199581339878
1452,5.427905903491927
1453,5.320849645436676
1454,175.64926263328687
1455,71.08835202388461
1456,-4.531207736153621
1457,7.639593087194654
1458,4.89211611292267
1459,299.711020287392
1460,338.6702229932161
1461,171.54504522353426
1462,-14.488926279718864
1463,76.56493445341573
1464,5.852791643454672
1465,3.0304706316379297
1466,227.36733607528
1467,5.562782723306151
1468,5.486938572599416
1469,33.19247447895688
1470,3.853620430160411
1471,27.412387833789076
1472,6.74745417710208
1473,2.062332050999656
1474,241.03987543412515
1475,92.87252383104101
1476,6.626739485816901
1477,2.5931562796428826
1478,117.61651416930656
1479,5.166005924833057
1480,112.36063805154222
1481,5.8327534849954255
1482,159.8941358454361
1483,5.922836904641319
1484,247.73615375789697
1485,177.4514622894244
1486,6.457499528142152
1487,3.6212867284294874
1488,103.42128001432687
1489,-23.65133616128933
1490,112.37863531214606
1491,3.725898315910806
1492,2.080958277463847
1493,7.465374578595166
1494,5.534963013472025
1495,34.947904537864176
1496,7.678478571794368
1497,71.91953819496501
1498,5.647333676773264
1499,77.25985426407743
1500,6.784125786834171
1501,5.86413405380867
1502,98.99825385192177
1503,5.785982987898615
1504,2.090465000063362
1505,4.788436979281967
1506,178.29055648754814
1507,39.91582235881222
1508,76.80066922495453
1509,60.95649014211642
1510,3.095569628475501
1511,-22.975307610336746
1512,65.48671878583238
1513,5.016584605440876
1514,244.18239181263726
1515,39.86215088967507
1516,2.8420918794755434
1517,343.2774824593192
1518,4.361033278627717
1519,251.08842034089318
1520,5.099420251864738
1521,40.35551100648078
1522,5.065613794853914
1523,2.988127326278675
1524,127.9218901684576
1525,-22.837091855156523
1526,2.6131351150025033
1527,5.585570002352349
1528,2.675890599084691
1529,218.3731188771157
1530,283.4044365459545
1531,3.614191729302536
1532,5.7394200466103955
1533,4.003879445459395
1534,20.606151380117574
1535,74.5626326093653
1536,5.918395959138063
1537,2.645372752583173
1538,289.06784258850575
1539,161.99186005585847
1540,2.131429886020731
1541,121.33437888927321
1542,3.405755364347507
1543,19.508365408313647
1544,7.751969053155963
1545,3.5849343927866237
1546,4.788453491756647
1547,-34.50055776820287
1548,205.27083864792303
1549,45.77216972231567
1550,3.5006847043001947
1551,2.356399224720209
1552,238.32283606826405
1553,5.797897152098759
1554,287.0590670215266
1555,128.1053233256704
1556,3.775156461509664
1557,10.969882024642963
1558,3.629815388716277
1559,239.04760564339162
1560,212.67101972734756
1561,196.66133100578026
1562,241.33949599484515
1563,100.701277502023
1564,3.2511027711277545
1565,107.31042916003186
1566,3.7049781823996417
1567,23.94034372118903
1568,106.25982488161695
1569,16.951924459208378
1570,285.40172815021526
1571,3.399859724184817
1572,81.50543051509844
1573,2.3052747355430956
1574,4.877430402400209
1575,5.726172263169198
1576,3.3464352777261475
1577,5.463892193928013
1578,76.87447044266247
1579,5.073652842237333
1580,174.31068065078927
1581,252.7835677935107
1582,6.750208718500862
1583,267.34108316694466
1584,308.7080027862295
1585,6.406788857158524
1586,4.928574264319808
1587,56.285176198148264
1588,292.7105325406849
1589,7.222389259756343
1590,5.952088746733857
1591,158.04994966288018
1592,7.093659719193414
1593,126.38428527433175
1594,143.5825187867121
1595,126.57261915922447
1596,5.6473867539472185
1597,60.283679700306394
1598,6.628652692409153
1599,4.053878035250617
1600,4.319940627000613
1601,2.7008838480848345
1602,5.892332512079998
1603,285.88731611547894
1604,49.096530891903804
1605,135.54263123925037
1606,268.99832297220456
1607,-18.214981046303016
1608,3.579860751514566
1609,6.95584149555886
1610,4.2023290524068475
1611,208.54874296654566
1612,79.04028595589048
1613,2.3521031848795775
1614,277.11279957961483
1615,5.714338210497905
1616,3.704766596315557
1617,184.1597703783401
1618,231.43896196291146
1619,21.982305997831915
1620,79.1457440937505
1621,2.814754981293122
1622,2.675738546490953
1623,2.809468751452722
1624,252.19295841502426
1625,49.74251945889412
1626,1.6339238397005404
1627,47.50012742949628
1628,3.5984130588063383
1629,212.93121034448484
1630,115.35088758884409
1631,3.180347405995043
1632,295.22465055947
1633,5.562582030579512
1634,8.116096903501042
1635,3.68150384430064
1636,4.957021057708483
1637,6.415117740616514
1638,212.69728535871525
1639,48.931220368048855
1640,4.559941981478027
1641,321.4171018686219
1642,139.7752014853707
1643,194.29167131203639
1644,126.3086189990129
1645,178.59168006038942
1646,6.258650930659354
1647,6.619018923400548
1648,29.78029534009905
1649,4.384277102827295
1650,82.80046481434033
1651,6.478704369935743
1652,6.842081086008509
1653,231.747597805885
1654,6.530026085543177
1655,303.60951930040915
1656,59.30497375580228
1657,1.3395605334221847
1658,292.20064395130794
1659,2.129393540262724
1660,-14.305081462572204
1661,6.578417910053304
1662,192.70372509103748
1663,5.875701965697475
1664,125.54263286510732
1665,1.0812812195837798
1666,97.46717224451109
1667,-64.31485701578583
1668,242.79789043854262
1669,51.76414141492666
1670,1.984602779150642
1671,2.0704119419892297
1672,5.566318473949057
1673,4.1886724934280934
1674,119.96950974818681
1675,2.1414190143971825
1676,-60.036382506791995
1677,31.162693980949754
1678,-16.37672621467215
1679,233.05359870285054
1680,102.20758663608044
1681,1.5125584805254133
1682,3.1265574430001064
1683,79.4228026858304
1684,17.315563243074457
1685,6.646215681224336
1686,142.21135416477824
1687,6.738750380733959
1688,185.82906156427853
1689,275.9429179833362
1690,3.1114037281247637
1691,3.594277033179997
1692,4.0118878101371145
1693,2.629515265004815
1694,63.674927105022945
1695,241.8452489762165
1696,146.91557107406317
1697,2.011964289610658
1698,215.58590657653383
1699,179.3865382305619
1700,130.64563376308735
1701,270.84520557614405
1702,-51.93791681192439
1703,5.629989456468325
1704,5.624290764360939
1705,2.94842927438238
1706,95.75997238524583
1707,5.1936734848201835
1708,71.77816047149993
1709,128.48947442801528
1710,6.352987538602964
1711,70.81549383455369
1712,1.8720294518955343
1713,5.9920604283379655
1714,-42.3675616998449
1715,5.143241358981422
1716,2.388966143029029
1717,44.23319697441755
1718,120.1883469666059
1719,25.803173797721474
1720,6.104343397681438
1721,239.6036789898154
1722,3.613283268569083
1723,146.3905490201647
1724,124.58555194508793
1725,4.035526513965856
1726,3.9266308805982173
1727,253.65447457275656
1728,4.559693455353587
1729,3.733825163794819
1730,31.905726780253456
1731,216.94668398573162
1732,4.65112288236804
1733,371.78748607441617
1734,284.82698496353464
1735,175.12965155084294
1736,3.3651961103941206
1737,304.1144384145827
1738,284.31980574103306
1739,245.553964621468
1740,89.31143401827123
1741,79.45030706005375
1742,234.8481308627344
1743,5.489487932332479
1744,116.76980726198579
1745,15.977748055413304
1746,3.5084183052577056
1747,7.499010221631904
1748,199.4126706317283
1749,3.552181316755852
1750,97.33286475905636
1751,32.24837141941674
1752,6.981409364086632
1753,6.106085270249434
1754,276.2402837842567
1755,227.23974193173723
1756,1.9026732932555197
1757,219.29576424670702
1758,330.93585807031985
1759,4.961270034061518
1760,302.30267890025993
1761,249.36902759455643
1762,30.401052876188384
1763,39.09644298583882
1764,4.077742625192039
1765,4.976977378054272
1766,224.11098051455355
1767,190.1014244506381
1768,5.699581575239044
1769,38.169352087698414
1770,81.31217340442026
1771,2.5300129334089885
1772,217.62234047087804
1773,278.0010315650972
1774,6.520726089165892
1775,288.6642167050343
1776,2.1322804229485133
1777,22.297723102947884
1778,51.70895117393311
1779,-37.6744216126918
1780,122.14478782354072
1781,5.706838086130674
1782,186.0114308130423
1783,236.43588790316326
1784,4.013277785204126
1785,44.93684643600993
1786,2.986119937631647
1787,66.53472558262658
1788,5.27979670450536
1789,2.306350001515608
1790,20.354998743192176
1791,3.7709736364079216
1792,2.883329207399597
1793,2.0867870827723918
1794,165.73186324064397
1795,189.87486918389976
1796,274.87220466464964
1797,143.13941636938762
1798,6.564392602036538
1799,220.2053378746455
1800,122.95633674870292
1801,4.864634750885826
1802,2.3272740446779547
1803,127.41972723826223
1804,3.94356310401867
1805,170.96674964564792
1806,5.560729532019629
1807,298.1357799850074
1808,156.6746999700184
1809,65.26762037767173
1810,4.539939497160858
1811,2.773973070307651
1812,28.82975219428893
1813,3.493573637425397
1814,156.54091666301673
1815,244.2237521646768
1816,5.6219280829117135
1817,109.60541929270919
1818,60.19116066544199
1819,237.18281927376134
1820,6.921226649914107
1821,3.1031162076601486
1822,262.2001923789795
1823,4.613082570795022
1824,69.9158021917406
1825,2.3608852966792453
1826,6.0345870230015555
1827,4.9126131472790515
1828,2.11322006701577
1829,198.6305990355188
1830,221.99866081665095
1831,6.742967434479931
1832,47.35475142102999
1833,3.2900211968522526
1834,3.7344200989900163
1835,108.7659825750784
1836,6.468035803574484
1837,6.097013032386494
1838,5.875701965697475
1839,118.94537276564355
1840,-4.66344969927559
1841,-77.1276291849759
1842,246.31382199293708
1843,174.89360022230167
1844,248.55770089706112
1845,146.50865897457348
1846,45.25368426735435
1847,273.38093735126927
1848,120.40016199416291
1849,3.72290950121238
1850,5.697123714906695
1851,-69.25371668114428
1852,6.411413086676589
1853,81.23642005844323
1854,75.44717101236151
1855,5.145017408601938
1856,187.57332566157936
1857,2.59133809626246
1858,5.023731037247003
1859,6.429831557310901
1860,5.823192594359382
1861,156.5729366212175
1862,6.344767428879816
1863,55.042082935152195
1864,65.0676365338024
1865,218.59530583906755
1866,120.37403509275984
1867,77.52910579434113
1868,269.57348823969716
1869,151.70960981509384
1870,3.5490078042691113
1871,252.08009537195755
1872,33.70497594793932
1873,2.9612562257365407
1874,24.746095850277865
1875,93.2931982016596
1876,3.1416791230785086
1877,2.2081860156968203
1878,66.16258042526796
1879,42.700326958112704
1880,248.8379867353064
1881,5.803708994619374
1882,97.94808467541364
1883,6.04452319518469
1884,73.58071138234916
1885,299.14279220761085
1886,272.1592303556945
1887,3.2897002463368903
1888,204.02067630265168
1889,235.94926154496684
1890,2.3150038079013706
1891,253.69330048984992
1892,212.77625960440432
1893,4.435014029026017
1894,2.033282949006486
1895,4.545404179706496
1896,5.913113475686696
1897,56.19360738999108
1898,-56.02092972632035
1899,3.0920732220465252
1900,5.858349538087577
1901,282.95608271603305
1902,228.64174730369103
1903,-57.346434996206746
1904,91.60066995952154
1905,71.30290588174424
1906,166.87878302469414
1907,6.776869139649536
1908,6.261969720999672
1909,119.23031812407102
1910,6.22428524605609
1911,4.855938286389251
1912,4.130687824977803
1913,77.34975528452983
1914,-12.704688755410336
1915,6.975590735874597
1916,1.200343228302689
1917,3.5303975135593175
1918,160.1540679224523
1919,4.728624125881297
1920,4.741732477726751
1921,73.94113693270837
1922,3.096225194589294
1923,6.421493707607437
1924,2.8834095950249923
1925,4.661707276925932
1926,106.99867986780515
1927,137.13310879553535
1928,3.8392935790609846
1929,48.52478328490713
1930,2.8589974639505074
1931,5.951638349565878
1932,4.703766468414704
1933,2.9125806867979156
1934,258.83183256026666
1935,6.308382730911397
1936,4.927992113572444
1937,36.98999018370122
1938,-32.07720146445918
1939,2.549501502602277
1940,258.7962640771737
1941,3.083592611393254
1942,247.81182033948306
1943,3.3104504847972858
1944,227.9766042877689
1945,291.0105529873994
1946,5.695580771145972
1947,83.10546056860348
1948,5.675034110230114
1949,18.745349174046424
1950,23.315097180676617
1951,2.5380235855018647
1952,46.46724357956079
1953,398.7626452974512
1954,2.708314917340213
1955,84.24266182701085
1956,1.9874819720225716
1957,126.82203208421217
1958,4.305913582813424
1959,181.49170829297032
1960,50.84836948532521
1961,1.05974086454727
1962,4.18733891755888
1963,2.9782895499395954
1964,4.854910154128641
1965,96.99125212533846
1966,3.1514322358597013
1967,5.076085435738053
1968,270.22360848551136
1969,58.551077756034516
1970,5.669236175555333
1971,1.8269842670632537
1972,105.36620299683224
1973,-32.58898528652253
1974,2.8890742810195524
1975,3.0613066281054135
1976,303.02553350987466
1977,1.669033863268834
1978,215.9931519820638
1979,89.58236499080115
1980,269.10441465759595
1981,180.44204260029318
1982,121.31601662188977
1983,69.2624581469819
1984,8.516606733429015
1985,4.989446458832719
1986,3.8870813604542636
1987,6.168556810822985
1988,1.310170974481633
1989,6.0726160237776705
1990,4.969218003730424
1991,22.541707215742722
1992,4.415172966586272
1993,26.989975664721165
1994,1.9804829654630238
1995,108.59496127204403
1996,3.7291853366778653
1997,2.5935629094634134
1998,5.829456435132983
1999,312.626027020664
2000,5.8670440507647585
2001,284.6445398001048
2002,-60.17525398268252
2003,6.718569325294255
2004,339.3359124366796
2005,54.147136367723306
2006,4.907992696703395
2007,47.14203236259759
2008,227.67058320879204
2009,145.2661195881794
2010,325.2372171500814
2011,6.057998766267618
2012,177.57092048060628
2013,-34.18006234810365
2014,276.99603526591375
2015,200.3787571187823
2016,34.213523347311856
2017,2.742399907877644
2018,69.39288919728304
2019,76.02113969643668
2020,6.750158710915098
2021,4.572989683874775
2022,179.58485422679615
2023,120.7277329262927
2024,2.8323936482636194
2025,4.135638664447253
2026,74.81257122596176
2027,5.874474415978275
2028,6.289680921915327
2029,52.42957823122723
2030,307.90912941428286
2031,80.54780514760566
2032,282.76820897164157
2033,226.93089283628868
2034,2.5055441433051473
2035,56.159094905061366
2036,185.43844751824605
2037,5.355888455866209
2038,3.149284976245326
2039,2.9002571169073983
2040,133.18851853708628
2041,229.18107068773693
2042,4.280477976924367
2043,194.9721039070663
2044,2.5289731599366134
2045,94.70498075869727
2046,285.67528366564954
2047,5.367389497020092
2048,-27.28032379777224
2049,2.3129293909971547
2050,349.6233054954429
2051,3.799651263110762
2052,3.5893142681594674
2053,241.28240903426843
2054,4.592372952106864
2055,3.8143023171448234
2056,-47.94667491146342
2057,185.77157398260567
2058,-15.38741286940478
2059,5.116009536248578
2060,28.13807617447813
2061,2.298033609853201
2062,190.44343482157691
2063,3.671928779353004
2064,3.892391751294729
2065,3.815813561842844
2066,1.962712723076158
2067,5.890522458080156
2068,3.0355294151002754
2069,1.583254179610532
2070,282.51531317630247
2071,292.7105325406849
2072,4.378602165734148
2073,203.73614784032114
2074,367.2471280838771
2075,253.28320842107462
2076,3.694837685148009
2077,2.665747432800274
2078,3.801246694069044
2079,4.520754982212836
2080,2.6093303471203226
2081,3.2467260501691135
2082,5.465262388065536
2083,37.755566100484984
2084,2.911678545483768
2085,5.105664413893641
2086,118.32615530346283
2087,82.7407558016419
2088,16.183023915126554
2089,72.64979754464142
2090,251.03967796814595
2091,190.11428265495937
2092,-95.84497781131968
2093,5.181862279933779
2094,3.865915325582157
2095,82.54564771127595
2096,45.941867223317985
2097,107.24618527239957
2098,5.432615141993443
2099,-37.796848621639185
2100,16.316329287979958
2101,5.4404843731457335
2102,6.90782246833731
2103,82.92739822863163
2104,64.68962707716545
2105,11.440195644223383
2106,314.7368870339898
2107,7.20495352335657
2108,6.770667451870237
2109,5.892405734071849
2110,240.14912988213845
2111,3.7281731633623827
2112,41.63943270050362
2113,88.12184074209826
2114,2.4669040961808792
2115,50.27640974826723
2116,3.8120433721900318
2117,3.539977399556035
2118,3.7045124175423005
2119,107.41124041698961
2120,4.025593505497101
2121,192.37328703027208
2122,222.0592258868914
2123,3.0616030103198804
2124,1.6388802248954755
2125,4.636749396600469
2126,6.131249236781578
2127,61.296791681868406
2128,196.23679701771476
2129,1.785620598878386
2130,2.142295611109639
2131,5.435802398592906
2132,5.931173585367608
2133,226.13833455422014
2134,30.482825844744067
2135,222.84487121761862
2136,32.75550005583192
2137,234.6334055440111
2138,3.139717756125906
2139,66.67402433080184
2140,35.2206080108995
2141,44.15215271606587
2142,5.466565850043347
2143,1.082470790930715
2144,151.72239675742173
2145,42.86409000305537
2146,4.373771214143599
2147,4.80507761504424
2148,72.93274831230414
2149,-62.29981514486521
2150,1.2067674736930172
2151,61.942597064382866
2152,4.805340010788236
2153,3.5106389685450283
2154,1.818323641055604
2155,2.392306604348067
2156,5.875701877860408
2157,106.9460030639298
2158,3.994903121096879
2159,328.4926515600645
2160,223.54898378592037
2161,315.2101675516344
2162,1.9040659864381433
2163,305.4684493638167
2164,6.414700146936612
2165,2.9945615216400667
2166,2.178274382269838
2167,25.450721540534712
2168,311.49361960523424
2169,2.180052978767344
2170,2.3529677263042608
2171,134.86883459893218
2172,5.440982766160884
2173,263.6460174790384
2174,267.6699081019262
2175,1.6656575861972491
2176,4.6162442403627155
2177,-41.68083460066628
2178,4.301322209175851
2179,71.98158148803958
2180,279.57713908744176
2181,2.2933377100397236
2182,176.57939730287063
2183,184.66790055069094
2184,5.879919463094029
2185,1.8614666406809817
2186,2.9372318474148886
2187,4.809373122577486
2188,246.86458826230947
2189,243.83053058529975
2190,68.74869652541993
2191,2.654375759060148
2192,3.1188731640150835
2193,159.43503892522477
2194,3.3694408645358025
2195,4.964361446377209
2196,6.5565416153057345
2197,2.0118813151578485
2198,4.145538622128475
2199,3.394385390510498
2200,1.744464272887125
2201,4.218144987349781
2202,71.17565057843464
2203,2.4871275256589493
2204,1.9369695893332084
2205,120.29430126533067
2206,5.369736660062292
2207,168.925043063863
2208,5.000441494983665
2209,20.06332501699888
2210,240.57397688022925
2211,1.7638274055387417
2212,4.548303419159468
2213,6.484808344564622
2214,101.29349964603523
2215,26.85530543969606
2216,72.88136941660885
2217,4.851269225491225
2218,43.78688744790432
2219,2.6296053365469327
2220,5.514272608600299
2221,3.7149111303846896
2222,-52.61111064216564
2223,212.9955485734714
2224,-28.070908875062557
2225,167.4189659272148
2226,-21.80637568227836
2227,64.65062255733618
2228,135.14050942573434
2229,198.62644330928327
2230,3.240476973924284
2231,5.322120363439327
2232,4.427168949010177
2233,264.7625645204537
2234,213.36755288868608
2235,229.1844825491962
2236,3.476987868012713
2237,3.2810780717769448
2238,261.8492821490291
2239,103.26192678500414
2240,242.52882520947992
2241,2.6031014536509063
2242,227.92192190851577
2243,6.31947515779199
2244,97.06913754997268
2245,237.03568892555467
2246,124.36662431998985
2247,244.94823146236848
2248,6.165556108277782
2249,286.70592109390293
2250,141.44892935514258
2251,5.172937603610861
2252,242.46979664406354
2253,6.053215933697558
2254,209.6161784615357
2255,-96.74071937648532
2256,39.43873155043171
2257,1.8924801841344254
2258,3.3432888586516647
2259,83.12427786957014
2260,6.652960383790722
2261,86.09747788761754
2262,2.2132057063420887
2263,65.43496546901402
2264,-25.66042821251954
2265,55.998334021014685
2266,2.375794758449014
2267,2.905317540156218
2268,5.765605164289571
2269,4.065835399853088
2270,8.549760451409144
2271,179.68065972214174
2272,48.4717998443546
2273,3.3938279705621404
2274,6.035072607443641
2275,6.823076139940186
2276,4.501806966586649
2277,2.920349513473568
2278,1.3166160789066088
2279,5.998221404143489
2280,2.7456683051083646
2281,190.84722293713753
2282,1.831904765958043
2283,3.944091449016116
2284,227.5482295647399
2285,3.4311365644746337
2286,-21.832346994264878
2287,5.39944938468779
2288,3.33037996164343
2289,6.452778753208288
2290,-34.227727903186704
2291,50.65970037001394
2292,4.985636911092151
2293,1.9699169482971572
2294,-2.887952413211468
2295,2.1098763678804517
2296,4.871661990772139
2297,137.53127101498916
2298,-36.837026475823706
2299,31.13769091655506
2300,3.8154131043412693
2301,5.739205113429226
2302,-96.33341296261685
2303,179.53081293276904
2304,5.411967816884406
2305,43.91060081125396
2306,286.68441592747513
2307,28.110192291392586
2308,56.16141678361467
2309,5.861123998158882
2310,175.3196339135576
2311,-49.28182449443186
2312,70.08114555162868
2313,4.2225914856781115
2314,4.646245690302063
2315,194.3942846497451
2316,7.299600781679035
2317,3.680286071224229
2318,235.20869280525213
2319,6.536374359132534
2320,108.83900009622295
2321,3.4812396247782638
2322,239.6411398595514
2323,172.49311060139968
2324,2.00694027136162
2325,28.60147475155954
2326,3.4429408495881426
2327,108.39563313922343
2328,3.7700213732117054
2329,338.40814686751145
2330,177.0329729749672
2331,0.9332014889233617
2332,283.8005873504353
2333,-3.498667411095786
2334,-1.9994351746390118
2335,5.5622435728424335
2336,31.60746293431155
2337,141.3323124787195
2338,186.75388611176294
2339,29.950826100590348
2340,43.59612530266638
2341,115.40803425883921
2342,2.5752253589018035
2343,6.168781732946234
2344,242.5827034349907
2345,5.918754900698113
2346,76.69226524365479
2347,130.12477110085314
2348,1.7994796937341726
2349,273.17424328841514
2350,50.785799970946876
2351,5.059481265242267
2352,4.944479883493193
2353,1.5789148143965912
2354,-25.836337605742962
2355,132.39795833206665
2356,3.699449942630098
2357,128.58898621302632
2358,5.947523110122513
2359,6.9129115254894415
2360,4.496064062880177
2361,5.900705535098114
2362,238.0319050267046
2363,3.9750523047506228
2364,227.11758546536657
2365,88.00451092216586
2366,40.316557933230385
2367,34.753273053803355
2368,-65.84620735327357
2369,4.296634026562984
2370,230.2654794651968
2371,35.60216152780846
2372,67.6631052767502
2373,1.9662672085892263
2374,-57.953764573723525
2375,2.0419202679377664
2376,142.04033494334027
2377,106.65458802093193
2378,5.72153130163305
2379,6.468081280391881
2380,22.06569925509829
2381,143.2432063603942
2382,175.62323188455133
2383,45.97974140851497
2384,3.405006850226781
2385,249.75116909952317
2386,5.852791643454672
2387,15.616125586325545
2388,265.8181385324226
2389,76.1130022276855
2390,2.0060747047735585
2391,122.41329648776794
2392,15.462824429197465
2393,71.71262233231515
2394,146.7812038474825
2395,5.975187317567622
2396,2.665503354991742
2397,295.3722962797753
2398,265.93402279920144
2399,4.671387116630792
2400,197.74970330748047
2401,65.61311863291884
2402,229.7082477328041
2403,6.441036783015084
2404,1.996943997404592
2405,5.114348607341604
2406,2.5084952010418764
2407,71.3238193249209
2408,248.6297969175017
2409,174.90448224405608
2410,4.298903636288997
2411,6.556056143085346
2412,308.12680577128185
2413,-2.8655621118765833
2414,4.070471812412617
2415,89.74137035401024
2416,254.39649501152172
2417,23.138474140755285
2418,3.513338193250907
2419,4.084574886451106
2420,1.7875685566209063
2421,7.829562521918173
2422,193.66711719135816
2423,2.4530761133677816
2424,190.22527659522578
2425,6.487245889147539
2426,-15.386220718395856
2427,162.76777732480346
2428,17.995140482706027
2429,3.0136767929858985
2430,6.191694236279361
2431,3.012966025041176
2432,311.51336692533187
2433,257.0013763276586
2434,4.713456250084144
2435,61.72627629494676
2436,236.92023566657315
2437,-66.81634644696612
2438,5.649677947349117
2439,7.274911767388163
2440,164.84058130572333
2441,6.401031589244872
2442,5.853213077877851
2443,4.53166773778054
2444,-72.78444795347345
2445,6.402677835908966
2446,5.558366948887491
2447,229.52271448785646
2448,6.91498785864276
2449,6.400537069729351
2450,-0.6902253659307482
2451,2.921372296097751
2452,4.488677452596713
2453,39.01734963830508
2454,293.0197489597785
2455,127.63647267919393
2456,3.1677134085953202
2457,244.58101607102293
2458,6.103039898001063
2459,1.8620511543828506
2460,5.6163335733305155
2461,69.59832979160498
2462,52.76061770417063
2463,6.297945151613775
2464,-63.602821359728
2465,18.5154701307707
2466,196.29150484667662
2467,151.55380907858392
2468,268.05644327795244
2469,266.8169451223328
2470,5.838669176126681
2471,125.86722479148419
2472,2.706442150761398
2473,26.449957062541074
2474,195.4101554328439
2475,6.380588497974947
2476,109.91774745527779
2477,153.76996124113097
2478,129.1417120783212
2479,5.217499851248345
2480,46.40612420044039
2481,74.00128174353046
2482,2.4380606316253814
2483,5.042201574471608
2484,128.31736633432115
2485,131.8613455990906
2486,6.769801088641192
2487,5.542836702874894
2488,-40.85143826629487
2489,168.4422545003927
2490,5.624992578848072
2491,141.95097333333138
2492,36.47431848994681
2493,63.15565738006483
2494,5.852532671335348
2495,5.4614172166772255
2496,112.70717186861633
2497,72.5916660165571
2498,2.244043393271661
2499,6.699781931375587
2500,1.8908346656272057
2501,86.69831066998339
2502,263.66663470527806
2503,126.48289277794335
2504,342.63645939216775
2505,3.3959677658466783
2506,5.011015543861514
2507,273.0169423495735
2508,201.96605497544294
2509,90.14066266293008
2510,6.702934679374312
2511,205.68197866043528
2512,85.34567943119015
2513,171.20382905595037
2514,234.86282560142945
2515,308.9914401828952
2516,1.8163689128389626
2517,2.236873033884116
2518,289.50966277722455
2519,4.204124703363942
2520,88.2514210401281
2521,109.50501065317287
2522,1.6713296919191651
2523,5.500660600874642
2524,5.039153632353017
2525,288.8713678812667
2526,3.157938356928945
2527,3.6549997426356957
2528,232.19689726724596
2529,83.58604644102837
2530,246.3647449680809
2531,288.6906274592492
2532,63.34131247144143
2533,1.8294642523338707
2534,5.999534284499041
2535,5.8670440507647585
2536,3.6616852274873373
2537,6.542134502126217
2538,6.014431440252586
2539,169.15370021532587
2540,2.586167702194383
2541,2.8968965837002485
2542,-0.6083279128567831
2543,5.63273444826787
2544,139.67049116590954
2545,2.4023156315836136
2546,293.4840548179683
2547,23.672320664967653
2548,-4.438041154832473
2549,147.11094045750298
2550,120.54056015244967
2551,-39.57004262949232
2552,1.770784300500278
2553,287.34320238503386
2554,2.451843181675722
2555,67.3340461636081
2556,111.30350625322987
2557,4.510276016270481
2558,-6.75767104088608
2559,6.249351846908004
2560,208.48122283662119
2561,2.4828969111326895
2562,219.5255578666486
2563,235.5003518948197
2564,271.7111629122918
2565,4.949501239183598
2566,4.39034739437133
2567,274.11260409755505
2568,52.440103437580305
2569,72.51037111778983
2570,3.3792929840294677
2571,84.49841529613019
2572,-57.82177095731822
2573,188.3777235061583
2574,3.0320856506679785
2575,4.050381189718122
2576,3.4172164095207243
2577,6.718324877894998
2578,33.08720689347105
2579,5.906532070014566
2580,5.264288929976761
2581,3.1385768896593946
2582,-42.55416018414263
2583,2.7954283572700356
2584,6.410509429644046
2585,52.63946510323492
2586,5.064005848073752
2587,227.30686036545882
2588,225.67313431771674
2589,4.726092277143724
2590,44.617884002631925
2591,1.813640453316751
2592,116.02925466671944
2593,59.04428452883776
2594,86.55080179110763
2595,52.6106328781779
2596,49.588535399729544
2597,5.777243429421727
2598,6.301252959328054
2599,-2.06281420487485
2600,4.0905031782167045
2601,221.77266589934183
2602,6.158767460755103
2603,357.9771928702937
2604,137.58827612417724
2605,43.098027213290436
2606,3.948842398939567
2607,29.371316999261406
2608,192.46140192448595
2609,26.36677209403205
2610,2.757095659150277
2611,-7.945483131847959
2612,3.940699309369441
2613,4.399214221881899
2614,3.0043659975101744
2615,112.46174369717724
2616,139.42265847189827
2617,273.44314125245864
2618,197.44788715331623
2619,4.626627952102419
2620,2.536708345235514
2621,4.439544435177124
2622,2.6899257885613603
2623,2.056494033527307
2624,6.740823834812456
2625,117.22015316393318
2626,281.1674709693863
2627,42.09620582004699
2628,140.88712345796145
2629,48.82375527913507
2630,114.3406616766875
2631,29.74977978659266
2632,6.164991254095011
2633,313.2697946592996
2634,58.34070018859641
2635,166.33129408011004
2636,-39.25537552109503
2637,3.4874350655504385
2638,-58.92334625259454
2639,-51.91188830835706
2640,196.55913924636826
2641,3.944224963494259
2642,5.847746867189322
2643,169.98697756830418
2644,159.0349070516164
2645,215.80383404793315
2646,2.5303019057356115
2647,3.6943779186546766
2648,4.620005502187498
2649,6.570003196225906
2650,273.15058997993356
2651,221.64029338219868
2652,50.1863048708833
2653,3.563750601609771
2654,34.880748886892434
2655,233.74512583229102
2656,239.3161775110906
2657,2.9417537238739895
2658,13.98801942680858
2659,291.35925609805696
2660,1.8239579156763694
2661,276.34313728564905
2662,114.55967283849415
2663,2.8980646135053325
2664,70.37937208214939
2665,275.4197780144269
2666,236.92422968825565
2667,-33.21866774296533
2668,41.31712094730965
2669,6.716004424890723
2670,91.31818631137952
2671,200.3614432416535
2672,124.71957348060971
2673,256.2022199715269
2674,237.62983315680458
2675,1.6802815518126482
2676,-50.184261153674605
2677,366.38405680808046
2678,7.034683836701845
2679,5.60167808950176
2680,67.4861288850852
2681,4.80394282909405
2682,2.4045665602859607
2683,2.4071750318201937
2684,2.761500848551727
2685,6.483391744639375
2686,10.388286510560434
2687,54.41723975007319
2688,31.676512087637114
2689,42.04011388550419
2690,167.09483055725485
2691,78.15936738089655
2692,54.69957552067031
2693,113.66350053048563
2694,103.75376573727554
2695,6.51352209386735
2696,156.5576763596295
2697,3.7574732535306503
2698,2.394539042212757
2699,4.3073647749035135
2700,194.38615531304316
2701,65.79401265658525
2702,44.05271893059172
2703,3.797502655006661
2704,164.1809182051539
2705,3.2388866189183148
2706,5.535918629631266
2707,191.34811663411347
2708,2.9992100762670093
2709,67.54273990936221
2710,5.969079593363643
2711,174.82141339289734
2712,1.830757518453393
2713,120.8814178523132
2714,-47.39935033761256
2715,4.8589187988763
2716,2.6194223510950567
2717,285.74900645178116
2718,3.566867367018656
2719,3.160679510277208
2720,6.629382770390827
2721,6.287762297262143
2722,4.095228703416032
2723,227.19891783290365
2724,6.427328669283509
2725,41.336700366527865
2726,9.749472046650189
2727,314.7605527812917
2728,28.229136348869645
2729,166.8647054456307
2730,164.16600627471553
2731,176.86299670262053
2732,6.128553992505026
2733,234.66065900125767
2734,122.51719826745801
2735,88.52610973427315
2736,84.10660947548789
2737,176.04589206890694
2738,144.1383512941905
2739,112.18904795266484
2740,5.497633123954442
2741,57.87141854155258
2742,1.5721266776924274
2743,13.161779597382083
2744,-32.562897725061106
2745,4.6590604063866445
2746,212.13491321026703
2747,173.263148243117
2748,2.677427391755859
2749,5.269177963359191
2750,215.44254570822284
2751,263.7444497020812
2752,2.7460229111974126
2753,113.9683753874894
2754,0.4661333367240791
2755,38.22588823825006
2756,284.36746918935484
2757,6.085694773842327
2758,275.74424344818596
2759,44.97526916008522
2760,187.95792990598386
2761,6.498021631149962
2762,4.0778572481602975
2763,116.0584922512588
2764,4.892254711439325
2765,126.16049005134808
2766,2.0200186011802046
2767,262.4852170325447
2768,4.468831283329622
2769,2.736179433249319
2770,212.23450156064737
2771,163.15589701728416
2772,6.9401758060453105
2773,3.340239458627073
2774,4.351682117697848
2775,5.758243704016099
2776,4.078253866775226
2777,264.16300771843396
2778,29.419157554760858
2779,2.100197504590723
2780,2.7546650638576136
2781,247.68824433053905
2782,219.29549307877647
2783,5.922095017976506
2784,4.829404393506802
2785,5.71749676690399
2786,3.6417969544327415
2787,46.95601998289233
2788,3.893758046442454
2789,175.95751505591377
2790,211.1580040486248
2791,74.08396645307774
2792,163.61409792627165
2793,162.73258776558697
2794,178.28588349863944
2795,45.09723573911615
2796,248.92615799355144
2797,89.05212423695833
2798,36.16090301028132
2799,35.979259439416154
2800,5.213206841700284
2801,4.182833970279367
2802,3.2242629524346222
2803,5.219972827062497
2804,3.702968077913464
2805,53.22585667533481
2806,7.146172135438094
2807,28.67604752768696
2808,86.9541906257202
2809,6.508378753209755
2810,5.471314117783866
2811,179.3658139850371
2812,6.00373755623266
2813,10.521481478581528
2814,6.01529355324014
2815,272.78867857381084
2816,64.45680497436267
2817,268.3522984085924
2818,111.38651813024242
2819,45.74411503642193
2820,142.6069234191624
2821,40.30428050699065
2822,6.185017282837739
2823,60.43064655632657
2824,246.4831346778106
2825,171.99105075376661
2826,-59.91172757408906
2827,6.437584405197784
2828,5.664237566971196
2829,4.785531418969606
2830,5.79320920441921
2831,6.039840880460716
2832,6.175828266046734
2833,133.21418149382163
2834,3.974397881454373
2835,3.2626348452447926
2836,3.388633609909939
2837,3.434553105021699
2838,5.785562163134181
2839,1.9554603136087443
2840,61.632802551573604
2841,49.993447340153516
2842,286.56104864095335
2843,6.026822011295882
2844,172.1325171029315
2845,291.3039220808723
2846,3.6181038766211193
2847,69.98847871948821
2848,-8.831353079623165
2849,-50.27608946144343
2850,6.506127625166743
2851,6.899464018880902
2852,-42.46472015698531
2853,136.7910179683153
2854,2.274649766269882
2855,61.854879067829266
2856,5.9317056580167975
2857,33.024414545784836
2858,222.0370693829301
2859,1.3765741661734134
2860,143.22786030465232
2861,287.2859461390776
2862,273.5073370980554
2863,2.961710086617197
2864,282.84172641658586
2865,236.42555209506662
2866,2.1243663239801402
2867,2.410723027733726
2868,77.0026331467795
2869,52.918182424848254
2870,196.71505315933808
2871,6.246386097407978
2872,256.2503771354141
2873,4.860979889224851
2874,20.431090293659064
2875,4.391071961648931
2876,-36.52248018666354
2877,277.21609660020994
2878,-68.0561844581323
2879,5.199052070834133
2880,227.15615471186481
2881,6.072658971880945
2882,6.232909325777869
2883,4.39963388584558
2884,6.663237962155555
2885,211.5511522265067
2886,244.1337683078736
2887,5.884204806983184
2888,2.097438563223325
2889,6.504602661862171
2890,2.4528981368901226
2891,-51.17449996109495
2892,147.87767580746745
2893,6.732295547907536
2894,48.347836662159345
2895,5.1654764184139985
2896,2.281618348648046
2897,4.7796265678545575
2898,114.19981689249082
2899,31.493698990207882
2900,3.2511123716154238
2901,25.589175753929286
2902,241.10225756270955
2903,276.0230294819108
2904,4.064920814699655
2905,4.350065514300011
2906,28.561490358031136
2907,3.818679181833631
2908,2.2624599947786077
2909,2.0471938020925577
2910,111.96551165816133
2911,3.9377702065070586
2912,2.057350787975277
2913,6.604859183764909
2914,13.457097434864068
2915,7.670932743480265
2916,268.1170427520127
2917,171.63244411254573
2918,3.7564783479677937
2919,354.6599967638511
2920,192.02680028160097
2921,5.489214187444411
2922,3.8392964348845653
2923,223.6308450697418
2924,5.298471439591819
2925,4.603343738905957
2926,5.90375137824536
2927,29.671010645636485
2928,6.414070249771738
2929,171.4986869389483
2930,271.35267385842263
2931,2.38639359268157
2932,5.586120318939651
2933,-6.812016559484845
2934,106.20535508676097
2935,-3.460854222748861
2936,-63.68532882745876
2937,5.936851492650748
2938,24.186544683415306
2939,2.961939829067397
2940,191.22904371572196
2941,67.49625732808528
2942,112.70368134359487
2943,6.3139006036656085
2944,6.508924061596735
2945,5.4662925547714485
2946,6.03869570655627
2947,-54.73320819597794
2948,2.44825962784074
2949,6.5868019645135325
2950,2.98950412469585
2951,152.20049752056315
2952,137.4322305684627
2953,6.688799531465646
2954,2.031117943933119
2955,21.792290708900218
2956,6.672126856901649
2957,125.90511653721552
2958,5.214124528622005
2959,210.09175239001945
2960,6.671617214903221
2961,178.49415035374238
2962,3.787336888972298
2963,4.104562722024513
2964,226.07351944082114
2965,186.79173385561688
2966,4.33128989639533
2967,3.7660882562805362
2968,159.34856472713852
2969,-81.32397359081865
2970,1.9540848158741286
2971,218.4789721975098
2972,6.536745900364523
2973,212.6852121613439
2974,251.5998950821699
2975,4.456860975162936
2976,39.689648212944554
2977,38.76445581613397
2978,3.8253506781825193
2979,4.436109670146927
2980,311.1782135286863
2981,305.327916208953
2982,143.09155789499545
2983,130.06814725148507
2984,285.5914894696814
2985,125.26857687874735
2986,308.0334940311244
2987,227.2270772149686
2988,164.3995567175387
2989,71.78201182500035
2990,36.37870274944561
2991,7.2985792002774605
2992,2.887514649124268
2993,5.422752942180409
2994,61.58124053531035
2995,1.3096878185232255
2996,3.7070924997518713
2997,3.1798124867760134
2998,143.68275409386422
2999,135.87465488494357
3000,75.19709369367129
3001,2.965521057822881
3002,296.0193166541885
3003,4.357368319784618
3004,280.48676617555645
3005,109.18248920342175
3006,95.53065687748727
3007,6.572339700771471
3008,3.158766140542388
3009,40.856340632268356
3010,4.292160492233611
3011,95.78884673016945
3012,5.163350969738738
3013,201.63123550440267
3014,6.376009566778269
3015,3.5410696943462874
3016,5.841942348838237
3017,6.487476108055409
3018,4.475561356800846
3019,231.3742933816102
3020,3.4914419763388143
3021,221.73920307241306
3022,261.4373181452928
3023,2.7509231878534384
3024,83.18943057349787
3025,240.54003998780402
3026,153.75943180085466
3027,6.051998720901858
3028,5.378430514072085
3029,-27.190344068994964
3030,-40.45108471406854
3031,6.220044858988776
3032,6.4101210267081825
3033,4.942892751495572
3034,119.69656820043105
3035,150.9878917236315
3036,219.91906733263963
3037,5.642611211855127
3038,2.1967626973616743
3039,-23.276375576219067
3040,202.12265869925977
3041,4.828408840814514
3042,1.351715223395773
3043,5.796189694032321
3044,228.35093896829636
3045,166.62822671286563
3046,4.239514941527069
3047,4.009884360989988
3048,48.36317453832206
3049,5.805489319323954
3050,260.5996454140329
3051,94.51275747845253
3052,6.5831095703119935
3053,4.152031332753108
3054,120.40618673835422
3055,188.99211822263226
3056,61.089260650499874
3057,3.3010957077344725
3058,103.14070688889342
3059,1.8589507582183713
3060,266.0722752255675
3061,5.195392611452194
3062,225.9168504264032
3063,124.69138654537797
3064,236.88247874627513
3065,252.86225256842982
3066,128.58104121943208
3067,23.890912517137707
3068,5.976686520610251
3069,6.066251294547521
3070,3.7707458096995503
3071,6.233017644125481
3072,193.33851561071629
3073,133.16533734185404
3074,6.289168782888874
3075,5.929701972527841
3076,152.37304614493036
3077,7.3684542174290435
3078,65.63229111060994
3079,5.3655918210411855
3080,3.064929582173556
3081,45.3636391994598
3082,88.13718511501722
3083,122.49409895416608
3084,1.2389011377421426
3085,5.433941577446223
3086,202.1589017210896
3087,3.072272450787697
3088,105.39155783236116
3089,3.3985028130955532
3090,295.9652230314494
3091,188.0010109547759
3092,95.9236008259544
3093,4.268225895267438
3094,189.65133923758344
3095,259.6609384897207
3096,129.12156573262425
3097,4.741390763893312
3098,6.145519746859503
3099,31.534812781157044
3100,84.44161903352449
3101,3.758914973363771
3102,2.334944254386363
3103,3.093415298259871
3104,64.75715017004352
3105,-2.6728532181342377
3106,38.4392830575887
3107,1.4232222725232173
3108,2.723007195371209
3109,5.284309392662109
3110,258.51600477417355
3111,2.3664840199247466
3112,220.97740118428624
3113,5.25871569272575
3114,-13.826110013992913
3115,267.4948357703177
3116,99.40833137591622
3117,-46.83928653783624
3118,230.12189626194117
3119,4.5934908761596205
3120,40.471658922409205
3121,22.66506253018719
3122,132.1714918977679
3123,3.730109418929572
3124,2.565090561196325
3125,3.5420483763619828
3126,228.8792219470933
3127,262.8256421955882
3128,39.87346599645208
3129,364.8736414707638
3130,2.121981143566129
3131,100.39565798222219
3132,186.34965282184703
3133,126.63483907443606
3134,241.87086120597047
3135,1.677738770325973
3136,308.62426628155094
3137,3.0358959728799784
3138,155.8439611908122
3139,5.874008599827809
3140,2.520457487971857
3141,34.41874875194314
3142,3.190056787859416
3143,109.76290128436776
3144,260.1498477128581
3145,5.040986828116863
3146,283.0196803713553
3147,96.40472711540073
3148,95.21635812638108
3149,-20.05054565104696
3150,1.66692796827005
3151,250.55578449874656
3152,7.079556043238503
3153,240.44899140538246
3154,191.4519895990843
3155,55.03231206354485
3156,40.51014572249707
3157,4.947586676041277
3158,281.67124454917064
3159,112.59841159212512
3160,265.6630293191701
3161,-34.84357965534386
3162,3.1007566910294106
3163,182.26232411801828
3164,2.876068061294706
3165,-5.847806410920815
3166,41.861460241939724
3167,6.705718849272712
3168,5.555786019711051
3169,3.6850652083534525
3170,204.84064305894066
3171,3.3861696090477205
3172,225.96321303505917
3173,281.15471680103485
3174,68.38057643021877
3175,-58.12193698686731
3176,3.655996900925639
3177,3.244710957886011
3178,201.31445355154557
3179,6.5545748863423405
3180,321.71277244282135
3181,186.28881987209093
3182,285.22803785385565
3183,5.992860028479137
3184,77.15966739555323
3185,6.783328895851733
3186,158.53275149823935
3187,284.14837169638804
3188,-64.79851031769812
3189,230.0547496168333
3190,4.2488638898679
3191,254.05626606314206
3192,64.03520948362953
3193,6.139469425374354
3194,4.537578246541038
3195,5.982625087767411
3196,136.52346176920713
3197,5.473515971226062
3198,171.63151431106638
3199,180.2574434765
3200,1.9378840592721223
3201,323.6853244580834
3202,4.631670511276184
3203,4.910405572614056
3204,-3.2949950198706768
3205,6.514527960431404
3206,285.3659130855678
3207,5.879919550931096
3208,189.23328139621793
3209,-24.617885849939068
3210,7.74394025873598
3211,202.77984194859278
3212,221.5622721712072
3213,3.045523322742065
3214,268.9625187722585
3215,3.0925041149482495
3216,6.016444499168409
3217,123.6438517470321
3218,307.1028106309409
3219,78.19076667721575
3220,68.47827670517052
3221,68.95228443511297
3222,240.06187860632696
3223,354.3977713547926
3224,-67.1652154740653
3225,149.67688685389228
3226,6.066004702343606
3227,5.948636295492163
3228,10.774781469848762
3229,293.1217507599456
3230,233.45674056776642
3231,6.249864724239095
3232,4.884396411111178
3233,5.689976693940203
3234,4.134725821247679
3235,107.74985828037043
3236,139.20814177295662
3237,9.234455975903597
3238,305.78289485278793
3239,6.539411588917907
3240,67.33565544249419
3241,25.277871087287057
3242,2.4667744368791187
3243,37.95000686015294
3244,210.25455925038432
3245,5.425398289686083
3246,255.44267324719243
3247,6.331411731406391
3248,53.16623443917258
3249,-19.37021191908054
3250,220.77306945294282
3251,226.94504141186476
3252,114.20415361483452
3253,53.60953670718553
3254,151.55932511295373
3255,6.546751337650994
3256,6.453211245804258
3257,31.527459966176735
3258,2.3959301322387834
3259,51.64339860011884
3260,5.858907843045
3261,93.70393218898849
3262,320.1914034293944
3263,2.2676874138915126
3264,3.4390976080307416
3265,154.57041576729495
3266,3.620547541502656
3267,6.655947438310072
3268,3.4747782694777305
3269,4.778110561213094
3270,38.76109948247489
3271,224.57153631374467
3272,2.266840081665225
3273,191.9325543482891
3274,219.01326073702404
3275,140.32390271700206
3276,68.01172588402564
3277,5.629032380035943
3278,6.289278675728096
3279,3.3421506753989547
3280,187.89167320087904
3281,277.1545634597452
3282,2.727917854068482
3283,383.53037167648523
3284,340.5156537265737
3285,93.10554309230554
3286,3.113124702269344
3287,49.3079801383501
3288,56.08200733334982
3289,1.855214026331919
3290,60.84778119253144
3291,254.5614651695114
3292,3.0371207411010115
3293,56.360768286070396
3294,210.83109843796984
3295,130.4063776291569
3296,31.3764803427842
3297,197.36572926603435
3298,2.3880127152036286
3299,247.18837563376607
3300,3.322122757151073
3301,211.46843473359752
3302,204.3643633360602
3303,-8.534447752582079
3304,250.89413690723717
3305,5.356355686171252
3306,4.648294871097984
3307,196.76698653325354
3308,3.0699175868538506
3309,6.432565659791968
3310,-44.057241447411776
3311,2.1070354145492187
3312,4.172365000504019
3313,2.4228110592830894
3314,6.024018706313488
3315,4.638170418721341
3316,310.41930010438324
3317,301.57562858005423
3318,41.19339987590336
3319,1.915081290422956
3320,2.1480788339016064
3321,5.358846294088655
3322,136.6356439257397
3323,4.339645670078176
3324,3.7315556315670606
3325,328.6060337960247
3326,79.53921528323723
3327,-50.316728723236494
3328,6.411434236280329
3329,1.854234259280903
3330,191.24933828777426
3331,115.67288714432775
3332,3.503142974807563
3333,236.2657334038147
3334,107.32424825912946
3335,3.4038759763382638
3336,4.515529749069327
3337,2.6255354880044095
3338,1.7312288590689755
3339,1.325381727067358
3340,30.16390708263547
3341,53.969329222207804
3342,211.47528266580795
3343,142.65469638460166
3344,3.6177181228935833
3345,251.20290070307573
3346,293.4168653512819
3347,178.89230094878707
3348,76.02876459824584
3349,5.502893770150346
3350,3.774310950373512
3351,2.351337006279417
3352,1.8604954476819064
3353,169.71079636294144
3354,69.79865503430759
3355,2.9427669602170234
3356,310.22710557115107
3357,3.6282697838113913
3358,236.96329858823418
3359,71.07019623842969
3360,155.51227109767265
3361,3.09511311520044
3362,2.7980502674402015
3363,2.634529609109497
3364,27.49225391434836
3365,108.16290955874007
3366,13.095936728097902
3367,4.09786690930811
3368,99.40399588141995
3369,5.422852205235415
3370,69.84898906879225
3371,-7.921512030854251
3372,213.1249025198918
3373,49.039347512821735
3374,330.28864212213443
3375,2.445260116129397
3376,2.7838658271483774
3377,86.64754058509217
3378,5.82576946942323
3379,15.499510657400881
3380,323.1560997222788
3381,6.537642042083529
3382,85.21580456258201
3383,6.2022657857942285
3384,69.83130877278955
3385,4.163704745761787
3386,56.728933284366434
3387,2.1747069026894046
3388,178.70818290356436
3389,214.8656927486584
3390,2.494155681719154
3391,5.741543857224557
3392,5.0980094779061265
3393,182.9365694134479
3394,133.3240940030997
3395,5.267508230561022
3396,5.535923618485888
3397,144.54180315854154
3398,2.016142536259612
3399,199.37037526010812
3400,162.8939776872889
3401,5.350006013234322
3402,1.2042555664990702
3403,78.49083771726546
3404,86.97918608053658
3405,170.7287936283421
3406,204.24335419519295
3407,4.3436058538745055
3408,63.21299064334133
3409,100.29537618680212
3410,5.421776980751369
3411,4.983228483524357
3412,53.93943693299226
3413,2.1827127093312018
3414,6.688906029345824
3415,119.29202071010876
3416,63.01299163450258
3417,198.09942821263334
3418,168.9360670994663
3419,-8.97608487219596
3420,12.412990900246495
3421,-69.06455123890942
3422,172.76043184934235
3423,1.9939961026717736
3424,3.3218220798782387
3425,8.889838605286249
3426,3.7179886355228606
3427,58.18451491875109
3428,2.349159127218747
3429,317.05824736019724
3430,306.11565223320605
3431,116.64178935216145
3432,5.883178514888353
3433,96.27375423626412
3434,1.8873075340915821
3435,305.5130858935282
3436,219.52898302981805
3437,3.274161889589627
3438,30.89554289349919
3439,267.11960497260645
3440,6.660609564768447
3441,5.07349189823696
3442,245.9040563398314
3443,5.094938622405814
3444,206.5175132615483
3445,3.744634210275556
3446,5.932550868082494
3447,261.2471604508107
3448,5.267144473012639
3449,5.5630144775362735
3450,104.32854380501635
3451,203.62398226965516
3452,2.1383671752022364
3453,2.8771443049438234
3454,19.33437678415369
3455,4.217500455378387
3456,5.417288129189965
3457,3.788632494307965
3458,6.1871690586494426
3459,168.88078219597048
3460,-45.41767919939383
3461,3.2904705660129405
3462,43.78745406696381
3463,221.93299298368595
3464,4.673516705519139
3465,2.5810801949619853
3466,6.047306147915414
3467,114.47393484280717
3468,33.94964748140227
3469,311.5828336511621
3470,147.7326408861456
3471,20.91143996667455
3472,280.67658336431884
3473,6.186895460305971
3474,3.3815705694590164
3475,4.710756390572749
3476,35.69545508940335
3477,3.388019491809818
3478,6.5410038516138584
3479,2.6841124698045356
3480,105.8973319410745
3481,125.76597121526346
3482,90.92832789533512
3483,63.01274773354065
3484,184.5930811343747
3485,2.4118784456107876
3486,225.311229064641
3487,5.811693895417642
3488,4.6800267962253015
3489,3.331109982606715
3490,6.2016827440683295
3491,3.208562124219216
3492,2.3720422756278654
3493,305.16883235981936
3494,177.32131439726746
3495,6.38708017438513
3496,43.05794133366186
3497,4.4575774439390665
3498,6.649336749489749
3499,-28.536166151657646
3500,75.40406058721403
3501,288.07719928014
3502,5.97503787030347
3503,3.020664756098382
3504,103.60372456982685
3505,125.65406016273198
3506,96.31163290847866
3507,6.272332799286175
3508,3.067984614330335
3509,3.3802421690391267
3510,279.2908774960051
3511,2.01832952266243
3512,67.34121091106942
3513,106.84352844162213
3514,3.2466874764456057
3515,62.65211497199434
3516,3.5550164521999776
3517,200.89409164092177
3518,4.421780449794399
3519,233.83111799685582
3520,296.21304486059387
3521,1.8927456866036603
3522,76.11731180949553
3523,4.628888393489377
3524,6.671080523435186
3525,5.238053477080819
3526,40.558274566088976
3527,1.684988751419909
3528,287.91987585919554
3529,211.16294840960376
3530,2.4518793521148385
3531,76.85089988235757
3532,271.7482532310868
3533,41.83099811603124
3534,7.656503821511287
3535,82.4168484594442
3536,3.5736336379508646
3537,67.17708118991635
3538,7.104094952699993
3539,-3.209737577027132
3540,162.37521139934296
3541,-61.87225262112937
3542,2.3883464004080093
3543,202.17760869791528
3544,26.670217327607034
3545,2.634553247428708
3546,5.234389773412918
3547,172.66926119191584
3548,5.392901198288395
3549,1.75621173261062
3550,4.50740201210397
3551,4.2372547062105115
3552,5.785982900061549
3553,6.097359938101177
3554,175.685579729309
3555,3.8164432288259458
3556,1.9764598481103828
3557,118.56865986163984
3558,5.147604786622442
3559,91.45262642821982
3560,65.65632457767727
3561,6.23864307556652
3562,25.714717639108187
3563,-49.79342750381743
3564,5.8511433184906
3565,5.009971427547103
3566,177.52352343826698
3567,1.967784838228919
3568,239.96210016258377
3569,164.65615862719653
3570,37.2635648949316
3571,196.32748852874357
3572,1.904641100878599
3573,6.144949140204688
3574,5.887115775940969
3575,2.1428306706823244
3576,5.19596617694683
3577,6.282252526415284
3578,76.8130636887658
3579,2.0859022869765163
3580,72.1315136280506
3581,246.88621210927352
3582,73.29773013837251
3583,54.143912863211696
3584,6.834970119726355
3585,33.402194447643666
3586,5.808684041541275
3587,33.88418333423173
3588,3.181126711739296
3589,231.2143643875962
3590,3.1053725498945575
3591,3.4984096998157628
3592,186.40014452761903
3593,4.215843516280213
3594,15.55835565573265
3595,6.662555247555349
3596,32.62021896716923
3597,319.46420771271096
3598,81.68343490304082
3599,85.08874241015013
3600,2.569950222225919
3601,294.969866523078
3602,28.483453297761628
3603,5.249977417355242
3604,3.065842963044113
3605,179.62064740411063
3606,2.0861964138357
3607,3.979421410263817
3608,277.1424188344415
3609,217.59309619687235
3610,50.92812351339602
3611,5.061286668904941
3612,258.7551251657536
3613,6.3941832241874605
3614,4.7941331983988755
3615,6.406121455974491
3616,60.67138431926817
3617,4.9854735998606365
3618,2.7307824241609815
3619,-56.907002081344444
3620,-19.220564954184933
3621,63.51456873689823
3622,5.449742659738394
3623,263.5249061016036
3624,-6.4452437562931495
3625,102.62961252561576
3626,37.44635051783304
3627,32.92660876631852
3628,6.236718924143105
3629,56.520973728495925
3630,242.86897323619607
3631,284.7827672219271
3632,247.7963896704165
3633,267.1976896893026
3634,115.38930236966016
3635,128.1912149473992
3636,4.112374031464507
3637,46.16834906739039
3638,67.33140748644139
3639,4.6260326426486085
3640,337.1380514442055
3641,228.1405646703056
3642,161.77733011023372
3643,187.07844743521989
3644,6.534098178653496
3645,115.30462903366714
3646,2.5051584313884807
3647,5.732953023620194
3648,243.77031994337554
3649,12.408324283112327
3650,3.2079589960884767
3651,187.53919203912633
3652,48.971405537039885
3653,-4.301250262851474
3654,71.18384806175999
3655,2.102528949998958
3656,145.9938638612459
3657,5.702002030346599
3658,7.63928150995303
3659,4.797753933490283
3660,5.83246129589577
3661,31.878771933321374
3662,2.0959882826185003
3663,5.656116557044032
3664,118.82055191514189
3665,4.7786785285805555
3666,276.9507110559656
3667,240.9224503652191
3668,251.74671484813734
3669,225.3037873777486
3670,6.2349207125309505
3671,6.069469479208999
3672,230.68559425508334
3673,4.901835051061865
3674,291.2384940347075
3675,153.19485453465066
3676,53.0076065398345
3677,34.848439291357344
3678,-12.425302540387905
3679,4.6844659906864425
3680,3.2216588527523555
3681,148.97274021271832
3682,80.675853337044
3683,154.58459804295572
3684,34.96630207123615
3685,147.84001630811954
3686,283.852848588007
3687,121.4532868884886
3688,274.3651452569504
3689,2.4535543657424075
3690,215.38290540106223
3691,207.74434730864408
3692,284.1895671240876
3693,276.83912915406324
3694,1.6460589441121003
3695,246.33426032612314
3696,204.5162251319482
3697,0.77975740795073
3698,-29.81911971309767
3699,4.377232725336935
3700,5.622235120007744
3701,357.417900778687
3702,3.9223412113326788
3703,4.071714209373257
3704,6.301703708523566
3705,1.38561833030007
3706,58.21389419526763
3707,1.1424878724652219
3708,116.88938539518821
3709,3.1476200819217484
3710,6.6310231304986225
3711,347.7179846270818
3712,103.08059289576718
3713,5.482577104146458
3714,328.6700736842249
3715,2.4516205270735005
3716,2.0087433561961845
3717,155.3383466747796
3718,69.1671493708622
3719,164.4713074461077
3720,155.21607899290598
3721,2.5268824124381952
3722,4.122237630492034
3723,3.4300372455815853
3724,1.8708348144462508
3725,67.33638197789415
3726,1.7603832815111544
3727,222.34869337254676
3728,55.586036165850864
3729,-35.992082909838814
3730,141.92524481376475
3731,77.53035540030803
3732,3.7227448424258744
3733,-26.9619337956427
3734,3.1376024127971873
3735,2.433563883993755
3736,-30.914004107493128
3737,6.260146675619886
3738,187.63409184076957
3739,-44.18525334764707
3740,225.33035052336527
3741,32.836696681225874
3742,266.75565054443865
3743,2.3852516109616975
3744,77.44568497556293
3745,-16.38472442956094
3746,5.0446692708377405
3747,5.1137059115624774
3748,213.26191591932468
3749,64.37474181666775
3750,1.57064188517815
3751,238.1406767510385
3752,72.362136854739
3753,4.88461226695478
3754,3.587177004104513
3755,6.438529837115241
3756,5.608241255213725
3757,20.711355917555817
3758,6.119845143986127
3759,48.40340405476374
3760,1.9481254983802
3761,6.421816254419129
3762,6.351458663917073
3763,125.14013493109833
3764,170.7513376596968
3765,359.07305638985855
3766,6.478480101065848
3767,284.5055053015999
3768,54.97085109324818
3769,1.6857104892788481
3770,155.8218863623585
3771,3.7502559768647465
3772,193.83688642249018
3773,241.89841891356218
3774,2.504450682790036
3775,3.9483322695603413
3776,247.40715556488544
3777,6.181305613327712
3778,228.3485848706489
3779,281.5980325917909
3780,6.134509409344897
3781,6.434450805894635
3782,1.9935058311031646
3783,2.0678430213158228
3784,5.558658665307947
3785,29.127244914472207
3786,95.2841759682687
3787,6.100355994069581
3788,6.644323266809792
3789,297.7356241831749
3790,7.002665480089949
3791,6.275413994026591
3792,3.7009287091152405
3793,-2.682269007981141
3794,-18.34141956380778
3795,193.68177747745202
3796,178.33463294121168
3797,4.878911185020189
3798,205.43252994237122
3799,-61.57991357518496
3800,242.15551149778955
3801,126.88138749669709
3802,140.8540724556349
3803,51.136314212973915
3804,60.137379820063856
3805,5.150036464362309
3806,3.008452289934579
3807,150.08064491512226
3808,3.6522456565363406
3809,-34.03692106078797
3810,2.763570483280972
3811,4.357426428949619
3812,264.6624346101123
3813,3.6169955001548324
3814,295.4418049937977
3815,7.351894148154386
3816,3.9041380873257223
3817,50.82056314790325
3818,6.275255929020433
3819,2.3527408753776538
3820,136.68555314091782
3821,7.36396996260117
3822,5.487213157744136
3823,257.4411911309276
3824,5.158933480818314
3825,260.4583198078916
3826,6.049896514287446
3827,303.83775747328923
3828,310.8067599042319
3829,6.560813173886469
3830,266.4853000226908
3831,65.42545500814788
3832,1.7780110879416002
3833,59.43584436294033
3834,22.021410027929516
3835,2.5889131558622944
3836,5.194436845710019
3837,6.728040044384732
3838,5.875518294218129
3839,245.53215300543297
3840,5.733542511248423
3841,123.02462478533894
3842,3.573044783911972
3843,240.78545935496697
3844,5.381137547011734
3845,5.515567005558169
3846,6.491249505711514
3847,67.8680078225605
3848,108.38649634094529
3849,197.6128876446216
3850,15.230685245260569
3851,117.05745706352131
3852,241.08924864604882
3853,5.485044967084088
3854,249.48102946826612
3855,1.9350541268307664
3856,57.68104655358616
3857,4.053197041644096
3858,3.193451790468325
3859,251.34930962585943
3860,5.993226910904254
3861,-61.02847403502514
3862,-9.885756261463506
3863,4.088550758083847
3864,2.6833918818067763
3865,295.8321612583943
3866,3.953927895569105
3867,202.91522123554103
3868,4.687379824482528
3869,3.0144161350819743
3870,187.2353858472007
3871,50.19164863390199
3872,3.687661216835628
3873,43.05135870238931
3874,346.74132836166905
3875,277.847537055338
3876,102.99315482658798
3877,-65.8642205326221
3878,213.30201692148273
3879,248.023459899318
3880,6.383024932124267
3881,4.266810665449444
3882,2.555630377213878
3883,209.29648644967236
3884,152.91957187830673
3885,6.380613049080665
3886,5.527366816737457
3887,6.124881524582428
3888,2.6898908349469997
3889,158.5641712524423
3890,1.4493079166996163
3891,3.0246246549618054
3892,162.63749146319833
3893,2.6148805432854085
3894,300.1366999512743
3895,-26.156945847720674
3896,29.847283865296717
3897,244.87653404051963
3898,189.51194526569105
3899,1.7470964843343924
3900,78.57418423916494
3901,115.63471244632885
3902,2.9121357300737345
3903,45.32761624389637
3904,53.64232021036788
3905,3.423448744357532
3906,7.946891686213271
3907,199.80760451634478
3908,139.7354976165944
3909,3.296927782620388
3910,3.878379800677262
3911,242.04380702855184
3912,4.624044116563805
3913,37.88893653911847
3914,283.54131676868593
3915,7.407300752761146
3916,5.886980223523432
3917,3.837946625346576
3918,-37.62027116222146
3919,4.636140994562599
3920,31.614578320769947
3921,51.46103730915312
3922,7.104107396034394
3923,3.7333823634489898
3924,350.6754248519468
3925,67.0722897866345
3926,1.9201189171409108
3927,252.18417484664624
3928,3.400563257908703
3929,5.308864810828649
3930,6.298135643111659
3931,213.3807959737543
3932,4.411831345490827
3933,2.661561072807545
3934,6.575834867645301
3935,222.5031335441492
3936,1.8285145826457856
3937,3.466768469884401
3938,2.2028690580434045
3939,319.9344380645813
3940,6.119564191982577
3941,6.317090719104602
3942,5.22137685473062
3943,3.068746960053912
3944,6.371263700090698
3945,327.5723117848652
3946,190.67409359908763
3947,30.69944655048611
3948,149.8705072072445
3949,5.237549947160775
3950,244.4384459726656
3951,1.7682509156911341
3952,115.73478126559365
3953,129.21332893009767
3954,2.302680921936531
3955,6.509599275295493
3956,194.85515206960355
3957,55.24729312371505
3958,65.7882741322162
3959,237.67958229059292
3960,6.186252751144924
3961,6.207949366581202
3962,129.23623618907556
3963,5.8752185824832335
3964,212.02291716781068
3965,6.004522184137398
3966,2.4305007403395535
3967,4.20041188516845
3968,199.0353721289565
3969,56.36686115725223
3970,2.3063009182398875
3971,3.2405683858203895
3972,2.612984351131517
3973,3.1701713169310377
3974,45.519352867087676
3975,41.93880502488633
3976,3.4921061814456396
3977,4.141662617338485
3978,3.5434093630977905
3979,120.33170633581625
3980,244.24184947197432
3981,258.45663960742644
3982,5.447759719885953
3983,3.602657022364294
3984,373.004888699068
3985,230.3988882077748
3986,175.17905984329485
3987,92.87857504446367
3988,3.347303084928118
3989,15.621512925438035
3990,92.79252896605315
3991,258.71343050876237
3992,6.270071977108507
3993,6.133347009748542
3994,38.74427857085266
3995,121.14760276342349
3996,3.9591568208101444
3997,91.31818631137952
3998,2.363331296717229
3999,282.0881858585542
4000,5.19996950165501
4001,4.269760617464284
4002,36.932642482122894
4003,171.6155965982419
4004,2.2461372861045326
4005,310.01850106816676
4006,66.51391756012625
4007,6.972596167602136
4008,3.249465588528374
4009,5.774210035882063
4010,192.85550704356922
4011,3.472704638349538
4012,6.384936684117682
4013,242.79319497229412
4014,5.883465107726585
4015,6.1509415276398185
4016,66.98752639171809
4017,153.88774750864866
4018,121.28952108515512
4019,1.548759360909671
4020,2.0006449187665893
4021,134.8755225070411
4022,31.610045643494182
4023,3.728773573599611
4024,116.524327321434
4025,52.240506113402944
4026,52.04411006316312
4027,263.7861221999365
4028,107.41616817692874
4029,6.707166696814778
4030,2.687183145046411
4031,120.61224476086596
4032,84.83105598801622
4033,2.4835195797107392
4034,260.46239458213626
4035,116.66000412459934
4036,4.379141883925153
4037,3.5675023294755706
4038,6.054925309405315
4039,5.852791643454672
4040,109.49866149519946
4041,315.992792423593
4042,63.36448206087512
4043,259.26739522176615
4044,4.343501416741869
4045,35.015813522666434
4046,5.850267038045745
4047,4.414283791861248
4048,276.5683975493733
4049,127.77534636333621
4050,275.786100358387
4051,48.79540077139552
4052,2.585199740070099
4053,3.9749658656696547
4054,5.284151012607861
4055,4.38865250469612
4056,265.61865234391973
4057,6.7351489107835985
4058,285.13587643327753
4059,13.752480603152783
4060,260.66675809739894
4061,107.81954829054293
4062,3.9005794236726845
4063,2.152055583378764
4064,212.06267131326825
4065,2.0072989590115378
4066,93.1241034731552
4067,210.01924966512328
4068,169.53780817070088
4069,348.60893654005747
4070,2.737978257568911
4071,2.8326394015526786
4072,1.5514665550575026
4073,3.3363786346337445
4074,4.449111230201327
4075,-25.228735196219
4076,51.22994890682299
4077,4.889087748739784
4078,6.335632165931632
4079,7.202566865454145
4080,288.980393017186
4081,4.852031655387224
4082,131.07345111865317
4083,3.597178256667673
4084,7.517289441959515
4085,34.18148551057585
4086,-2.502581548795085
4087,4.082823194347933
4088,4.961138935698892
4089,66.01968820618812
4090,138.68108018840053
4091,4.452577009924067
4092,71.34320980865859
4093,25.81961246814803
4094,4.961936862407466
4095,6.759187409828777
4096,2.4101962490278086
4097,2.582101575415731
4098,3.109844749614298
4099,-44.64056937734064
4100,45.34953014624705
4101,5.89940264340539
4102,4.360110229160946
4103,66.11902784026427
4104,200.37020966465607
4105,5.859486410106019
4106,118.50845056105815
4107,89.96520509019078
4108,68.05029099513297
4109,232.4376101239007
4110,5.968234500313731
4111,55.55285025361732
4112,82.88542073189991
4113,3.2975424043668426
4114,5.2330847386467845
4115,78.98430862524145
4116,101.43795806805963
4117,80.74811304293102
4118,288.41726054898277
4119,247.4047368325186
4120,228.85112227136264
4121,90.76625434967083
4122,-20.78229481701552
4123,2.150644427574072
4124,124.43512261711253
4125,2.328715897372579
4126,59.63309875637533
4127,5.922782107217776
4128,1.81344396068197
4129,6.264090925193964
4130,2.179770903661998
4131,59.984703633394666
4132,6.10010904249247
4133,5.217680734564384
4134,111.08845984525313
4135,12.633756932547795
4136,160.70635566415416
4137,330.6719340025797
4138,-2.756283830476639
4139,105.5858306513478
4140,59.910909581228836
4141,4.150012993115629
4142,114.3566155295748
4143,300.5539562298929
4144,67.97121026790437
4145,226.14779274530855
4146,74.6824759571145
4147,62.53112803872079
4148,290.2698529937296
4149,51.50418334839479
4150,24.40577649587214
4151,62.383001868262255
4152,116.51460876357444
4153,4.285885135752561
4154,349.66847609875924
4155,147.79461894189052
4156,3.4879884479602747
4157,38.020351081519706
4158,4.07010907670778
4159,4.684812807891452
4160,152.02198371037395
4161,184.4411821525713
4162,6.181591912936985
4163,59.79562376453619
4164,179.22477373895305
4165,-6.079497469939131
4166,47.171398922515564
4167,103.32195296748137
4168,15.344176022138576
4169,2.3934542841281607
4170,-10.916105103631471
4171,97.2830327571536
4172,4.375957711892197
4173,3.9472729700797102
4174,68.28032479523527
4175,121.16334026296458
4176,1.9746531400307554
4177,3.981452572652577
4178,15.966235735293278
4179,118.85552060760608
4180,169.31611849332683
4181,56.71454545249678
4182,58.39069553028047
4183,32.27617135705473
4184,184.30907028690726
4185,276.6108691758395
4186,2.312676389102222
4187,74.06101739281735
4188,4.223330074443004
4189,4.122562011059716
4190,112.59301271265862
4191,2.1588098385571053
4192,30.03220100955867
4193,52.08409649885627
4194,5.921277748235817
4195,4.181369365567151
4196,136.85941030049406
4197,6.235684138405308
4198,3.061860310568268
4199,5.104308870646064
4200,297.4966606639463
4201,243.22455391029504
4202,149.79881940145714
4203,5.804508081971407
4204,108.17272290373589
4205,4.909338736752519
4206,7.628592053367084
4207,135.1072235625503
4208,155.95461273829227
4209,233.78776035563698
4210,-45.875801182458545
4211,2.027355062317246
4212,5.774231425291742
4213,-9.497146901355666
4214,7.2641459806173305
4215,3.069182134623473
4216,1.5184245083437706
4217,3.3195975849989554
4218,5.865919676501191
4219,52.37691816066724
4220,80.27079966585498
4221,2.1408331829403666
4222,103.20367386067244
4223,3.008002156122032
4224,6.511260184199638
4225,5.052685413551581
4226,272.4349196207165
4227,1.875090761699259
4228,214.71638765578606
4229,116.10340751900785
4230,2.8433165825419895
4231,2.9337239643871422
4232,42.65098193132738
4233,3.140005635251468
4234,-1.8470459912498258
4235,61.17585342138555
4236,250.02013038024185
4237,184.7309366965525
4238,3.375245753714323
4239,83.75869125465434
4240,4.978202766937336
4241,40.33422138406616
4242,234.13563976931727
4243,-50.93999808860153
4244,318.3202031093267
4245,4.99604686641811
4246,1.9418913441945855
4247,3.760941970909564
4248,4.016958750076381
4249,-17.6488694981531
4250,3.3824508882808235
4251,288.2819887392291
4252,6.624509060212599
4253,5.898553695629096
4254,5.324347034477568
4255,-53.52967611869031
4256,2.9717346487170366
4257,114.58222296365604
4258,2.4080276510245944
4259,1.5763650788550851
4260,76.99181275328749
4261,2.41657284465136
4262,289.8868297046748
4263,73.98174619303751
4264,2.6382283968457214
4265,44.8384842060174
4266,4.280531465915869
4267,6.071495759819105
4268,5.5530007378325115
4269,201.0845094439481
4270,171.89461207089738
4271,151.4516707981597
4272,4.590520906216519
4273,8.065258505685176
4274,112.26578906605349
4275,6.726624697678835
4276,289.7404063346547
4277,240.254579523069
4278,378.9199746150723
4279,307.69809523222534
4280,120.81568722808294
4281,71.72303328597776
4282,11.788946793800893
4283,6.343788549966094
4284,4.488677967842529
4285,115.93659654218501
4286,304.75003928585875
4287,1.7749216132111527
4288,205.07113921326402
4289,214.09870548484557
4290,173.64316624969368
4291,3.1052455127614027
4292,5.032494860705505
4293,8.044759359925848
4294,-27.23516874121146
4295,1.1500519303892633
4296,5.284783718715156
4297,6.101751036641873
4298,5.657508238450905
4299,60.72700874934754
4300,45.739485561139546
4301,-8.660268766438158
4302,86.76001814101599
4303,1.5899246370966962
4304,-39.85769841129475
4305,3.69885981834947
4306,301.3146923096932
4307,2.718406803786231
4308,19.10233327916292
4309,4.6029288191800495
4310,3.001921632651329
4311,-7.266817864929205
4312,312.92157241132423
4313,3.0255427574706624
4314,3.445768931117616
4315,226.7245899086064
4316,1.3846188793124403
4317,192.37328703027208
4318,6.16468157640948
4319,48.84813527899864
4320,89.84076804600801
4321,4.791967567067109
4322,298.32575053311507
4323,76.81643549670312
4324,3.659753327049348
4325,6.672959487940882
4326,3.6834160930352313
4327,103.87058306409817
4328,137.2771265036422
4329,205.01827357706608
4330,-9.62598950454278
4331,2.4345298046532946
4332,2.2173159112968777
4333,240.94971747651016
4334,3.384257308493275
4335,3.979389385025434
4336,2.170179512593387
4337,5.852907909400126
4338,3.125992445688963
4339,5.637137364585447
4340,-36.642181508189374
4341,61.2983929952012
4342,182.54322434821634
4343,176.4588744225999
4344,115.92523241216324
4345,5.8835266911053115
4346,4.856204393589829
4347,171.83422575027996
4348,5.5630113279601705
4349,110.99468746766642
4350,-54.0024852921781
4351,131.17893251474646
4352,200.83399450773288
4353,4.84939173067973
4354,90.41779585255873
4355,122.09842735874555
4356,1.9257188320207586
4357,5.171119970662657
4358,312.26790312708357
4359,222.9096380554367
4360,3.538027377037908
4361,-1.9706797072443996
4362,1.42085544470735
4363,3.86889486397809
4364,4.379340802964969
4365,1.6599983826795766
4366,3.2620604643649687
4367,261.6514999095245
4368,-30.17712078768029
4369,68.81611058301098
4370,6.37873236519351
4371,196.93238931309156
4372,81.95762138176653
4373,320.1111618210489
4374,6.210751289617907
4375,235.12665184556084
4376,291.14256478223956
4377,5.4481368700128066
4378,5.856604302901972
4379,163.93097187051268
4380,3.0142149492677275
4381,2.4899764866788434
4382,6.603872236854851
4383,31.377082331536897
4384,4.953550443957838
4385,200.30335315162432
4386,35.04961178063828
4387,293.0628699445714
4388,70.94219872936408
4389,6.613661038743009
4390,4.4754636152363165
4391,3.963542602435399
4392,2.5157189205925503
4393,79.8526143270004
4394,76.06624253514568
4395,3.134215040256389
4396,27.37910503068025
4397,2.467828983300676
4398,6.34801438751424
4399,3.7073352816818383
4400,252.0674313249737
4401,6.8586091227356425
4402,237.0699992606364
4403,244.90292899436898
4404,239.37432942518282
4405,353.72937447148036
4406,38.889178968957836
4407,99.83713384344375
4408,6.485047430837664
4409,117.66183496280576
4410,-92.77344990868389
4411,2.701044821184912
4412,280.13636304708984
4413,214.2130817495693
4414,3.7643617375516523
4415,195.3527103396035
4416,62.28077422026268
4417,2.7853500737566943
4418,222.527795720711
4419,262.62922111818796
4420,368.1689927070378
4421,321.9763838732599
4422,20.64109287209906
4423,2.621196452255206
4424,51.15611294221587
4425,182.04420673161803
4426,5.533156291120601
4427,216.0235049829614
4428,6.419822269988023
4429,5.214155385467376
4430,5.166701707425048
4431,177.521105502161
4432,3.7682964054742416
4433,3.7659694852317624
4434,103.68852429803823
4435,5.5870556934209255
4436,6.585031114860815
4437,2.395399470167736
4438,86.8984343710145
4439,6.984289523852429
4440,278.8951292704246
4441,2.036351884207542
4442,266.4446627240714
4443,6.381458075091416
4444,280.4156626140527
4445,4.00667984873796
4446,3.7154318168076004
4447,139.79494171721035
4448,5.47990704858536
4449,-8.342626946796234
4450,38.34812284838745
4451,102.48685380410771
4452,293.48426380232
4453,243.2613801505866
4454,4.796544715265139
4455,4.815780865416343
4456,196.17420391690553
4457,4.158099735377947
4458,6.740105135070493
4459,72.68713569489074
4460,0.6636332022824618
4461,82.02829645475116
4462,150.89589956891106
4463,42.35008665269483
4464,4.281786921920931
4465,108.61004769243266
4466,4.593120672177798
4467,0.9254097326533852
4468,1.7876376120525268
4469,2.098455655987614
4470,4.815509516377427
4471,3.163748947993921
4472,244.32764426128045
4473,3.243275594426556
4474,248.20721597193753
4475,4.457691092813875
4476,92.54797277844906
4477,5.8660967111763975
4478,4.074286495443116
4479,139.24772817697476
4480,288.6355254197438
4481,3.6816392887166005
4482,202.0290883317595
4483,67.84194010397354
4484,313.84331018765585
4485,216.07360015338176
4486,2.317323314733918
4487,113.9709732562824
4488,56.396433121879696
4489,-45.653930277072234
4490,106.67902907594723
4491,5.26189175129136
4492,265.5448195434102
4493,316.72818246283606
4494,6.122544620362147
4495,2.5901933894738556
4496,99.49769581967438
4497,6.680534316550389
4498,190.3760387347466
4499,309.4612532956126
4500,161.89788930331963
4501,5.598884885645754
4502,5.910980201519408
4503,198.47290589324615
4504,14.774707243700838
4505,71.5795500695879
4506,3.009676831282988
4507,-10.493682330137855
4508,117.27343403141305
4509,44.80303744877267
4510,2.2468320064193863
4511,271.6258612195383
4512,58.30101684270881
4513,103.61635982898997
4514,3.134473101364489
4515,2.547644993917193
4516,3.426222053425751
4517,5.116610875241279
4518,10.18262100405142
4519,114.78648190070604
4520,56.36207317607064
4521,2.6505487834355845
4522,60.11918355396132
4523,6.641188938039791
4524,228.88327950513656
4525,18.722683965502156
4526,2.3089419581290547
4527,120.47430728184108
4528,144.31055685549296
4529,107.650530901297
4530,166.61176037847633
4531,3.8998220886506356
4532,3.9925956115420815
4533,4.6053474395916965
4534,62.546170445218
4535,5.879307483458197
4536,1.8963658719853784
4537,1.8826051120192966
4538,6.459440541809139
4539,295.53514428361643
4540,177.41993303871453
4541,3.282218093691026
4542,2.7330076014842986
4543,209.18650818678904
4544,35.24671524708524
4545,5.279150228695919
4546,26.662863642014237
4547,6.064703073856633
4548,179.48296626824626
4549,4.701949085226739
4550,240.91463603561158
4551,26.766288589893335
4552,128.61778694543023
4553,132.8588419796477
4554,4.4755344741817975
4555,194.5586176700541
4556,292.4185849412738
4557,5.2008027274875746
4558,4.4409377406715524
4559,72.8155286508864
4560,7.231382841160214
4561,5.3258471363988855
4562,189.7141023134435
4563,45.42982904445554
4564,212.81652042737937
4565,67.12630182041873
4566,219.70208204022737
4567,275.10395172062647
4568,139.02236285264004
4569,4.5361588436121245
4570,199.4185238904781
4571,266.90521439399186
4572,5.149513321459945
4573,3.012720215274546
4574,2.028776194359599
4575,5.266549638138327
4576,146.45985720783347
4577,265.4933770402278
4578,55.829048034900005
4579,9.829766061703502
4580,0.6657780060244485
4581,351.752739358408
4582,24.71522645229767
4583,1.7842113530172767
4584,271.1733437177601
4585,34.89374826985985
4586,6.663943204964715
4587,4.0313036625814815
4588,1.4441922205810656
4589,4.160035113263827
4590,2.576700712651646
4591,73.92834217204052
4592,5.3069404235662505
4593,80.37857078830436
4594,-23.81346303536254
4595,2.8220771565237586
4596,67.21166158195953
4597,145.81335032407674
4598,4.447616263954526
4599,-42.6219508356684
4600,82.75277668615243
4601,7.0192801430010165
4602,5.298226017895303
4603,5.280529366135627
4604,70.45795050530091
4605,1.6776565713394958
4606,154.81564922878806
4607,48.54878914511335
4608,4.5681718897834935
4609,217.6035748849963
4610,150.25488146950525
4611,104.3192373905407
4612,3.3959936639349797
4613,-67.0447830061062
4614,69.19143490819648
4615,-47.92302017382903
4616,4.88176438187196
4617,5.0973357332050275
4618,3.761018905257693
4619,5.979769252326471
4620,6.60239347870767
4621,65.27996495108847
4622,3.9363303273365515
4623,6.646956307024926
4624,1.5037619235360795
4625,92.85200687384719
4626,49.14326692314559
4627,5.565348791746099
4628,5.82487763967621
4629,62.83634629826723
4630,5.48921071451009
4631,1.6198820846897453
4632,6.635742700582413
4633,223.5518105071164
4634,5.986683018292663
4635,6.018721368208574
4636,41.95134367268247
4637,6.996141809693467
4638,399.84387147162636
4639,273.3228143249484
4640,2.083097203324826
4641,207.55437885469271
4642,127.43670926339006
4643,61.04795712000664
4644,44.270355017698996
4645,5.801008353582175
4646,46.76525629665596
4647,31.608337077556108
4648,202.71291242798824
4649,129.8563686420289
4650,122.2406791652964
4651,42.750046969811564
4652,4.695123377232132
4653,242.64310839502417
4654,-0.9251088406631394
4655,5.519250088283819
4656,2.309894583113987
4657,3.1500675276756662
4658,6.111336309297393
4659,66.08378861942171
4660,2.6725675802154245
4661,2.6406073537099672
4662,3.5274814404551194
4663,119.42904196725786
4664,5.879919638768163
4665,152.2556104417641
4666,244.7629065409207
4667,1.8435941464494165
4668,106.9911779724865
4669,245.59886397488037
4670,40.3409374873145
4671,1.915467712790139
4672,0.7676715849252551
4673,64.24733009103954
4674,281.2466959845466
4675,1.7631591607570143
4676,132.75268218185994
4677,60.48274326581059
4678,5.553957644809651
4679,61.55426512285985
4680,4.104953471313542
4681,1.5392957580526347
4682,198.38561964174158
4683,140.8339997802447
4684,96.71733207580087
4685,245.99132339592182
4686,4.276638885891743
4687,219.36370135631307
4688,345.2323782675697
4689,89.75456515827815
4690,5.979212706017831
4691,6.999324702684864
4692,4.2347537246117675
4693,103.3349147691855
4694,4.224512819598991
4695,372.2672593544419
4696,4.439133540776258
4697,2.4843899784497467
4698,4.868848185219697
4699,3.9877516453901327
4700,94.03854199878788
4701,5.022219396111732
4702,1.986884342321021
4703,3.7091474525832187
4704,5.258253489048524
4705,282.0072608020465
4706,3.406251280627472
4707,5.016078685621331
4708,3.2316974135178924
4709,73.54945424377846
4710,151.09131619187255
4711,6.261499391297925
4712,246.41123168643043
4713,3.515753822703591
4714,5.702574634285765
4715,69.29440209999238
4716,71.9344128018084
4717,7.138402501972892
4718,5.062189786100169
4719,190.47477392451827
4720,155.40942096302115
4721,6.173531096387951
4722,3.7652341595072816
4723,6.37897850096188
4724,62.850996731196666
4725,184.70718710733405
4726,3.5088391912758916
4727,261.5339628258731
4728,244.3764066890318
4729,3.786807373966104
4730,174.3322352095413
4731,65.19209252925319
4732,-52.65255376738135
4733,5.609289805992269
4734,6.189568696810767
4735,5.553782147722591
4736,3.3919092932931996
4737,59.4317313201508
4738,-24.027838332778977
4739,198.14136536315385
4740,314.4577663243515
4741,5.324812400818475
4742,78.82858921823308
4743,5.293987062396219
4744,263.8214487995755
4745,43.58059213641046
4746,3.6029176451518836
4747,3.0533973582462552
4748,3.0854295252151727
4749,5.660236194179984
4750,5.819275781386844
4751,3.656217499593594
4752,106.66143697043711
4753,158.42548976584175
4754,136.0192899201342
4755,3.9112353316950417
4756,2.009036439792264
4757,3.223899557601656
4758,78.64644167943771
4759,118.26625261298823
4760,4.975628792327469
4761,3.4502533833260864
4762,189.29517439143956
4763,213.98192235657376
4764,2.3933798539622497
4765,326.7308779520341
4766,28.524859419699435
4767,16.184486630027898
4768,21.302929424976384
4769,-23.190121030006544
4770,50.932096082761646
4771,28.191844465857287
4772,4.096988155216801
4773,4.314143388960918
4774,143.20577223996463
4775,2.493879050873505
4776,2.610389604929821
4777,188.79623663922203
4778,5.221127527774619
4779,39.263873685986255
4780,1.524742471853228
4781,58.706401027502935
4782,4.792150317846463
4783,3.7739024907414223
4784,2.6130994616815992
4785,57.976654524307115
4786,70.46882823003446
4787,5.514206633924647
4788,3.873471646361951
4789,2.940947275065125
4790,125.82051529242327
4791,183.58639471223597
4792,4.433990393060331
4793,161.40447851669705
4794,61.99417344259368
4795,223.75773296962552
4796,3.370213245615935
4797,140.70150673546397
4798,5.875701965697475
4799,4.066605110260101
4800,351.408233267178
4801,3.7764283758292603
4802,4.991540870409116
4803,273.10094663442726
4804,1.6587149222676438
4805,237.40803276288165
4806,4.161909233183877
4807,3.365199064099911
4808,57.39211789114948
4809,131.314718841689
4810,1.644030461473204
4811,2.105519593551839
4812,5.181777750296794
4813,226.43294998628662
4814,241.47419178975127
4815,2.8126546607956233
4816,2.7292824905604576
4817,6.30961989133842
4818,1.681607930581274
4819,97.71380466385989
4820,2.738876533482071
4821,183.562683941927
4822,125.60842631334046
4823,5.298097466209235
4824,2.9717558611101382
4825,264.7473542319993
4826,4.333322131797072
4827,5.9104899333975585
4828,215.27257101990557
4829,120.02943630065816
4830,92.67965797102343
4831,222.90189764203996
4832,6.941478424827969
4833,3.6964470699139707
4834,105.08482794233387
4835,3.8049004415773617
4836,6.385112479262623
4837,208.63907267390738
4838,35.18488531974478
4839,304.54754322215376
4840,2.4822990816634625
4841,92.96286223780108
4842,33.9905785147831
4843,2.4302728217534426
4844,3.7277575632119877
4845,4.633168439203899
4846,7.024415019750323
4847,3.9711394211434126
4848,2.290786291921225
4849,4.421972120643979
4850,6.680709841432348
4851,5.7578093035519
4852,99.8476909791905
4853,292.7899404905848
4854,2.756065166769531
4855,3.117834524170787
4856,201.33619679431962
4857,248.99040751279773
4858,240.55672382655365
4859,134.59912228305515
4860,255.89940172463238
4861,-14.17016087881376
4862,123.9902246395391
4863,6.9443678416470656
4864,5.648660868202944
4865,1.9038093773977935
4866,1.3975149732397756
4867,3.5386074748414447
4868,63.260346824369925
4869,0.9625732531192757
4870,150.34389409587007
4871,6.558332723528139
4872,2.334068570165557
4873,299.23067087914666
4874,-0.8832794078675694
4875,3.53935802018178
4876,227.6395172470664
4877,6.346379410954732
4878,85.2943874293923
4879,68.11237390587438
4880,5.91436909893632
4881,6.333110773868486
4882,25.11315682115658
4883,1.8056771128215723
4884,127.6218659170545
4885,-58.42655976252263
4886,238.0065084821734
4887,6.170003440342462
4888,292.86311848960946
4889,60.18045181340955
4890,217.73058191044743
4891,134.81183680965194
4892,1.9887846203602688
4893,5.792758875049319
4894,97.66403249015539
4895,6.6660487758160585
4896,5.836556299126492
4897,5.338013076026399
4898,13.206774223331601
4899,209.64217090492437
4900,1.9766087502380145
4901,276.36821602596103
4902,4.038649527339385
4903,149.66950277726295
4904,383.3276938673987
4905,89.84430540493565
4906,151.48337158526854
4907,179.6413459989335
4908,4.497882672811281
4909,145.62547371542246
4910,150.01240521886058
4911,80.70931709349878
4912,5.577654309239335
4913,173.2811255491938
4914,190.80772720598083
4915,4.291515840379503
4916,4.9921729532028385
4917,6.386573641070015
4918,2.6946566706648927
4919,-28.61963186748939
4920,2.1537392325868976
4921,-9.48292962014919
4922,173.56681565306832
4923,194.39084337987538
4924,5.825213893948565
4925,2.3656599467047412
4926,1.6752911548036309
4927,5.092808663126434
4928,3.271653539195635
4929,76.91507813969457
4930,97.40439422897805
4931,-28.41529609866246
4932,6.021537100797816
4933,264.43352534627803
4934,-49.63125546173791
4935,45.43290470669096
4936,256.54385756168176
4937,19.341002711032004
4938,78.31271272780643
4939,64.18006218636734
4940,3.877879903125223
