id,target
1,4.597468814291623
2,2.311783105033086
3,300.16900000000004
4,-35.90686666666667
5,4.146994587003016
6,6.725926869311242
7,5.463441254558793
8,58.97339999999999
9,87.41213333333333
10,134.33619999999996
11,32.022800000000004
12,-2.8699999999999988
13,268.82826666666665
14,186.28846666666664
15,3.8498244762754728
16,280.5422666666665
17,3.278275822572185
18,83.72559999999999
19,3.230230187053287
20,6.5736762597904175
21,-71.91586666666666
22,61.71393333333335
23,4.213656525003178
24,2.9411666633801996
25,39.528266666666674
26,87.08793333333334
27,1.4592691829646542
28,163.5955999999998
29,44.6582
30,3.2709940880850406
31,6.626329667386773
32,16.059599999999996
33,48.73413333333338
34,3.2555537019020506
35,2.2652597324232255
36,6.459528873768912
37,275.93699999999995
38,225.09186666666665
39,57.393733333333344
40,119.90933333333332
41,-53.35933333333334
42,3.3845891131668764
43,5.303428483162699
44,4.605541773899174
45,136.86960000000005
46,45.78899999999999
47,2.765502478187014
48,-76.98
49,3.7086071180621736
50,1.7934723402623685
51,281.3024666666667
52,3.4813608995487106
53,2.2587727005513067
54,63.623266666666666
55,2.8646299146842362
56,4.243192816902127
57,5.256069822596848
58,153.38986666666668
59,246.80793333333332
60,6.581516876783239
61,2.2996625857956587
62,228.65093333333334
63,6.722224364753447
64,2.399358109858882
65,3.5396008904814926
66,4.855364574512926
67,4.9790253051643525
68,169.06113333333334
69,129.23160000000001
70,2.0877699010635413
71,2.5840439439569125
72,2.2792185699048266
73,28.310966666666666
74,246.3566
75,166.32766666666657
76,6.580832351328821
77,5.6588957175587105
78,120.24946666666665
79,254.53453333333337
80,3.717759878913344
81,48.70426666666667
82,4.409607647020881
83,202.4314666666667
84,43.139599999999994
85,13.4936
86,2.4625472166734865
87,50.8572
88,221.13053333333337
89,5.989654787761927
90,4.912018425372226
91,45.0
92,26.75846666666667
93,34.247266666666654
94,4.723861818438296
95,4.3093618003791505
96,2.7797061321672167
97,7.253225179023096
98,217.05333333333334
99,90.88893333333333
100,294.5044666666667
101,6.266557891058069
102,252.68086666666665
103,3.0964318868619154
104,6.252642279225769
105,164.43380000000013
106,-44.03486666666656
107,312.33466666666664
108,2.3849263631453486
109,170.98719999999994
110,3.6894000006323315
111,72.17580000000001
112,2.023324555153434
113,214.2401333333333
114,5.479386182078398
115,5.726642464649987
116,380.74666666666667
117,201.9567333333334
118,162.4737333333333
119,223.11386666666667
120,307.8120666666666
121,77.37853333333332
122,3.615940785991485
123,107.81500000000001
124,277.7565333333333
125,203.18346666666662
126,6.036740170889824
127,135.91666666666666
128,3.6273379534401675
129,243.90819999999994
130,79.24346666666666
131,67.33613333333328
132,13.093466666666671
133,-79.90966666666667
134,285.009
135,6.052350841817104
136,1.868120936234142
137,129.69806666666665
138,5.810879940131455
139,199.19
140,303.42026666666646
141,40.906799999999976
142,-3.091066666666666
143,48.16546666666667
144,1.8295333333333315
145,6.530825652703113
146,160.74579999999997
147,211.60266666666666
148,1.4964986477082685
149,205.93713333333326
150,56.1186
151,286.2756666666667
152,300.60920000000004
153,178.06699999999972
154,2.089666666666666
155,4.321431832595906
156,212.97586666666666
157,143.9542
158,124.11146666666664
159,122.6111333333333
160,6.267124885457047
161,51.34246666666665
162,4.568021016379886
163,272.97060000000005
164,3.1561002120225683
165,79.79506666666663
166,206.61200000000002
167,263.70213333333345
168,7.557691999530408
169,1.6924074682360386
170,243.45746666666668
171,3.0633041121441265
172,4.3003534965353465
173,-62.60486666666659
174,4.099717338412644
175,5.3367266499245485
176,147.62666666666667
177,67.24886666666666
178,313.69733333333335
179,159.91546666666667
180,210.40859999999998
181,7.001697474932764
182,2.30432018377733
183,309.42713333333336
184,7.019514385178789
185,1.636619699659541
186,3.1879314885657353
187,2.907086546225181
188,3.9288706884457456
189,72.9418
190,4.13817344115398
191,2.0557735757993383
192,36.69726666666664
193,3.3915625672963516
194,343.06813333333326
195,107.82340000000002
196,282.8944
197,118.13080000000002
198,233.97293333333332
199,78.29846666666666
200,2.1635557115859507
201,3.6223901107798318
202,82.28419999999994
203,51.21326666666666
204,3.9853168828452334
205,273.52666666666664
206,55.015266666666676
207,203.65766666666667
208,154.5480666666667
209,69.43653333333333
210,171.04773333333333
211,50.43926666666667
212,105.46773333333348
213,251.81906666666663
214,70.30420000000001
215,57.0167333333334
216,116.13299999999995
217,101.82933333333332
218,194.22926666666663
219,205.95346666666666
220,6.0024252381846335
221,222.14846666666682
222,147.51193333333333
223,2.66439157041969
224,182.30319999999972
225,278.96666666666664
226,157.37840000000003
227,47.17946666666667
228,270.5966666666667
229,278.64846666666654
230,0.530659163986709
231,210.78126666666668
232,41.86066666666666
233,53.569666666666684
234,231.47306666666682
235,125.0688666666667
236,2.225012089352453
237,6.458641620325552
238,48.48246666666666
239,6.492842171451838
240,182.37293333333332
241,284.03406666666666
242,205.39073333333334
243,3.611738121180159
244,3.3486811401243513
245,61.29733333333337
246,127.47653333333331
247,127.39546666666665
248,6.9080965104857395
249,5.874891530548081
250,67.65253333333332
251,79.80493333333334
252,201.60073333333332
253,7.971764187842911
254,216.07533333333328
255,-54.86233333333333
256,6.103902513777304
257,2.2931541015915666
258,97.53646666666667
259,255.2896666666667
260,2.3730340487769004
261,5.93518789685673
262,6.2894190790854445
263,-22.274266666666662
264,3.70514195663404
265,3.634898452275457
266,2.2385696473539847
267,3.6897565408910404
268,1.6365353681395352
269,203.34
270,3.0265544029318088
271,183.53026666666668
272,111.27939999999994
273,4.573408303197076
274,5.314209234925217
275,327.73826666666645
276,183.91933333333336
277,232.78793333333334
278,-65.22653333333334
279,3.6177564458867453
280,173.74966666666668
281,4.798948076671032
282,194.53066666666666
283,211.32039999999998
284,122.13286666666667
285,254.87486666666672
286,118.33333333333333
287,218.4762
288,6.284294512782155
289,110.96846666666666
290,5.036443515692418
291,113.93106666666668
292,3.611657645477684
293,101.53226666666667
294,115.12286666666667
295,5.293695189566737
296,103.25886666666665
297,2.051000000000003
298,-25.7726
299,206.4521333333333
300,6.082131982196461
301,4.183750719241877
302,5.236313307299651
303,4.34717984337339
304,3.970000029158995
305,4.954907102626612
306,234.0384
307,3.686905225755307
308,2.803751847839915
309,93.92866666666666
310,2.4257934787476425
311,2.019213969568073
312,3.1992229844038906
313,132.53213333333338
314,4.145168337109895
315,0.14459190328184435
316,3.1207803279225135
317,4.308399030056292
318,3.8785520629616776
319,83.80566666666668
320,1.8235230506241273
321,6.513557497589187
322,2.981408866336641
323,1.7851909592488717
324,2.5054051516713796
325,4.228213228487193
326,4.983351329651743
327,29.539200000000005
328,4.4989325870382855
329,121.5836
330,62.3164
331,-9.026000000000003
332,5.612771770685988
333,2.8849789015584593
334,6.835213968455068
335,126.31566666666667
336,4.14196123848765
337,2.4352998453359893
338,114.50273333333334
339,61.35086666666666
340,321.1100666666668
341,100.29333333333332
342,75.85106666666667
343,3.275521511555049
344,2.7910399700699173
345,121.63333333333335
346,2.8312039906140307
347,4.567349717177577
348,51.27346666666669
349,-12.90866666666667
350,128.2704
351,243.60920000000004
352,35.495866666666664
353,0.9767894885052529
354,5.911765548204946
355,288.7374666666667
356,236.37093333333345
357,2.8681502627458872
358,27.320533333333334
359,4.477195294480991
360,131.4062
361,4.136029821606639
362,5.534759176892433
363,52.49560000000001
364,4.344685227911311
365,5.265721662962762
366,81.88959999999997
367,4.490794031005493
368,262.2817333333335
369,4.960322075687393
370,-17.872266666666665
371,262.6684
372,45.857
373,102.64219999999986
374,26.008699999999997
375,103.76546666666665
376,3.0367987048641525
377,2.7191143758555176
378,3.8033645449595337
379,4.189251632674784
380,1.2884003444259962
381,6.080716731108503
382,6.729182400960302
383,177.36666666666667
384,1.840750326809799
385,3.677415114193084
386,283.415
387,2.482437986124312
388,3.9985071797299314
389,70.07520000000001
390,5.435081011496837
391,172.8542
392,6.7379304299718825
393,3.788089193964121
394,313.4301999999999
395,192.24733333333333
396,2.5919815221521643
397,1.740584345740751
398,5.9156073825349305
399,177.6007333333335
400,231.92466666666664
401,1.6061501312181439
402,6.114667469564961
403,5.8642768534792715
404,5.644541961854878
405,19.912733333333335
406,7.987357019867707
407,-55.84906666666668
408,4.408588276352755
409,3.171876190325729
410,3.834738962798106
411,2.647691279845714
412,-20.8138
413,331.1625333333334
414,5.7435448550957515
415,35.47539999999998
416,3.3981207076163966
417,6.762275037233609
418,5.787569515958071
419,5.806724953846267
420,4.679418382534637
421,151.4882666666666
422,155.99479999999997
423,168.9397333333333
424,193.29973333333328
425,5.745322017237062
426,239.06433333333334
427,3.705104840589021
428,201.9096
429,2.7048764019619154
430,4.838416070492836
431,270.13880000000006
432,165.40573333333333
433,7.990066666666668
434,6.408597915169371
435,61.63333333333334
436,279.99426666666665
437,239.47266666666664
438,178.83200000000005
439,5.937797596770739
440,259.1544
441,180.73013333333333
442,126.00800000000001
443,317.6292666666667
444,5.569590184422199
445,6.324196160726927
446,63.62893333333333
447,1.1707135604310246
448,6.190089448049288
449,307.6898
450,267.14446666666663
451,165.23373333333333
452,232.10426666666666
453,1.9780203773665774
454,4.29438049930633
455,137.3858666666667
456,3.282485591584064
457,4.932414113873953
458,251.56913333333335
459,81.48813333333334
460,48.35660000000001
461,111.25280000000001
462,6.377699762048408
463,202.13153333333338
464,5.327757988566728
465,150.68353333333332
466,69.55793333333334
467,1.90829031957192
468,5.505543514050384
469,52.712533333333326
470,26.634666666666668
471,1.757507937498108
472,1.9122404392505505
473,52.72046666666664
474,6.063489954832408
475,93.38339999999997
476,6.766166165033125
477,2.273750202031071
478,4.4391039308775095
479,215.53199999999953
480,4.272583597871476
481,6.080802639574769
482,250.0
483,1.7119830583402464
484,200.0307333333333
485,108.82560000000001
486,4.601619956765065
487,2.216914055046017
488,223.39060000000003
489,2.674656170288286
490,4.522668550560703
491,6.982255218512531
492,3.2303319376031476
493,3.9742311592962607
494,239.17979999999997
495,5.941144845852363
496,97.65973333333335
497,6.312328285808453
498,6.180677413425993
499,5.886699461540556
500,10.674399999999997
501,2.869658686659706
502,302.64313333333337
503,96.54306666666665
504,25.8222
505,1.720394563179664
506,6.447136564025188
507,351.39459999999974
508,72.85866666666668
509,260.2582
510,4.040980950352494
511,154.0841333333333
512,250.29266666666666
513,204.31980000000001
514,311.11993333333334
515,301.2569333333334
516,214.0198666666667
517,302.64973333333336
518,7.4056078303795925
519,48.9781666666667
520,305.94966666666664
521,1.6828633493067788
522,4.105467555521309
523,250.11999999999998
524,4.424347791724526
525,150.77406666666667
526,5.438832277122338
527,4.963365827011421
528,3.938489966500972
529,6.250241388577651
530,257.36066666666665
531,105.93433333333334
532,3.1905158624041814
533,107.22880000000002
534,4.323806260313884
535,6.798865821663088
536,5.93261605240407
537,1.7897613258392546
538,5.056567310680331
539,266.4243333333333
540,269.29013333333336
541,241.3863333333333
542,81.56533333333331
543,114.68473333333331
544,5.207749005506573
545,3.892469808535176
546,3.705788920655374
547,2.0429279049083875
548,336.45859999999993
549,5.332311059674957
550,250.42533333333336
551,5.89727517296105
552,113.75793333333328
553,4.0480075331234815
554,90.7556
555,108.86513333333332
556,237.9024
557,192.94660000000002
558,5.299485002968071
559,6.24334269130017
560,171.69726666666665
561,84.37540000000001
562,157.31
563,3.320996407178037
564,18.797933333333333
565,175.06066666666666
566,2.744950582382903
567,59.530133333333325
568,113.46433333333331
569,314.7422000000001
570,3.738125717527987
571,224.6713333333333
572,2.970862630399193
573,90.3765333333333
574,109.0036
575,7.51509953142577
576,1.8734815865475984
577,3.2698658163453933
578,174.28226666666663
579,-2.980666666666667
580,296.4093333333333
581,55.8562
582,63.7068
583,5.604940717306152
584,3.325339504754157
585,146.5736666666667
586,5.083698579641047
587,193.68593333333334
588,3.2917248488749564
589,190.2272
590,262.8099333333334
591,157.28713333333334
592,7.378719180356737
593,257.5714000000001
594,281.78686666666664
595,35.04853333333335
596,5.393862377348356
597,101.9468
598,2.9406697299157676
599,60.5
600,204.30566666666667
601,158.73406666666665
602,34.651466666666686
603,2.1512395255607664
604,278.0896000000001
605,2.508032398048085
606,2.704680395657183
607,6.964425084232156
608,46.90146666666667
609,278.33706666666666
610,43.17193333333334
611,87.22833333333334
612,16.647
613,-2.710133333333333
614,62.23513333333335
615,1.9138470405964694
616,186.92766666666665
617,-52.19180000000002
618,238.0795333333334
619,4.846468236698217
620,5.105274285433532
621,170.05346666666668
622,114.85933333333335
623,180.636
624,206.62560000000013
625,2.4744759805933083
626,1.7780146138612714
627,79.88900000000005
628,4.498342658961296
629,203.27646666666703
630,4.594298974923612
631,2.1228028439518796
632,172.46699999999998
633,150.65306666666666
634,266.1025333333333
635,2.6844215353214667
636,111.19713333333331
637,100.1311333333334
638,6.7328999952439625
639,27.161533333333335
640,120.63719999999996
641,6.517538221414229
642,3.2659392735028825
643,298.3588666666667
644,4.179744297752327
645,106.14786666666666
646,76.9486
647,190.33806666666683
648,255.35046666666668
649,370.85166666666663
650,335.9144666666666
651,109.55986666666664
652,46.48266666666667
653,3.3339865248548177
654,180.07039999999995
655,29.499399999999998
656,232.6650666666667
657,149.68606666666676
658,283.4074666666666
659,1.7895538823321584
660,109.09653333333333
661,3.9405369324101853
662,139.61333333333334
663,3.7487648233939352
664,-52.74953333333333
665,77.5
666,134.64659999999998
667,219.3658000000001
668,355.29193333333336
669,140.00320000000002
670,208.98346666666666
671,109.53220000000002
672,98.9204
673,3.644296704878421
674,5.748338966370512
675,5.890798215846356
676,5.6117641596128225
677,7.431933333333335
678,163.44113333333337
679,4.544268235638389
680,3.288108405708787
681,2.078558930916054
682,80.02019999999999
683,5.807503364118712
684,146.53160000000003
685,220.0
686,6.192086022288854
687,364.8923333333332
688,108.35926666666664
689,105.09186666666668
690,308.8722666666667
691,2.965914203797364
692,58.965933333333325
693,5.2646716411263785
694,7.452347558127884
695,0.07626666666666435
696,294.59326666666664
697,1.6500150166844705
698,219.1308666666667
699,1.8457007127104972
700,270.71759999999983
701,3.5741108101520083
702,3.985306899100924
703,56.36199999999999
704,95.84783333333333
705,134.1452
706,178.35146666666662
707,174.7448666666665
708,25.61579999999999
709,80.98453333333333
710,179.16993333333338
711,234.78113333333332
712,7.026460145421681
713,65.83913333333334
714,7.33734692495455
715,235.37253333333328
716,2.4338739969845147
717,69.68026666666668
718,359.4786666666667
719,199.71133333333333
720,4.441468937035745
721,163.67999999999998
722,2.404133563918827
723,6.277091057576098
724,2.1022882114358934
725,2.5202669544251273
726,104.75719999999998
727,249.01086666666666
728,99.17553333333335
729,61.75106666666667
730,101.35453333333334
731,263.7644
732,4.756096317634687
733,6.487561040547201
734,-9.493333333333334
735,245.36713333333327
736,15.018599999999998
737,54.96813333333331
738,129.43319999999997
739,292.4226666666667
740,142.3544
741,-17.566266666666664
742,271.01746666666656
743,118.29393333333333
744,1.7370627266698393
745,281.0
746,174.42419999999998
747,3.715035706724719
748,65.76266666666665
749,98.142
750,195.213
751,53.88986666666665
752,242.2429333333333
753,2.2105821948531696
754,242.30453333333338
755,6.437386535124307
756,5.934750407245705
757,230.04593333333332
758,1.8679503048139137
759,78.20693333333334
760,6.936866666666667
761,248.61033333333336
762,4.997467982402173
763,2.042834937916205
764,84.09326666666666
765,4.779147429770427
766,44.99306666666668
767,1.355562438264047
768,5.060318863071066
769,5.7978823594148095
770,1.9804967352016294
771,261.8566666666667
772,49.387133333333324
773,123.57286666666664
774,-19.273333333333333
775,21.139533333333333
776,4.315618796985268
777,216.81220000000002
778,-14.845333333333295
779,217.2289333333334
780,48.11093333333333
781,295.30219999999997
782,3.7645899325305683
783,43.85556666666668
784,2.5784683247099087
785,35.18286666666668
786,145.10393333333332
787,5.483726652276306
788,1.833086887540997
789,176.30553333333336
790,81.09
791,3.9765333333333333
792,128.67626666666666
793,-48.41053333333335
794,300.2095333333333
795,-58.716600000000014
796,137.68666666666667
797,3.4941362667983924
798,58.673933333333345
799,3.3252041800435626
800,5.921259245633433
801,221.64073333333334
802,70.76646666666667
803,163.33339999999995
804,6.721210142826777
805,1.9937407145672954
806,176.08846666666668
807,2.7153734757084775
808,75.59713333333333
809,1.576317712022891
810,43.672000000000004
811,244.84339999999983
812,77.2910666666667
813,269.534
814,5.848760816335083
815,4.897305390907697
816,7.059386296740919
817,2.699191721237618
818,13.732666666666669
819,5.683197555248276
820,73.22973333333334
821,5.798442271837777
822,1.8755681366963288
823,38.14363333333334
824,79.80266666666677
825,6.924229787515268
826,74.12673333333333
827,4.4089695367740696
828,6.115049939090313
829,64.48666666666684
830,174.23153333333332
831,100.81686666666664
832,6.07131677483333
833,295.0711333333336
834,184.51399999999998
835,148.7598
836,2.4947237484032225
837,48.044000000000004
838,161.90980000000002
839,6.1030222018430305
840,174.0594
841,143.65813333333335
842,65.00533333333333
843,2.425259650507575
844,3.7178605748001594
845,5.308077245996653
846,7.013783475394713
847,5.598657649976526
848,135.23420000000002
849,6.566236718633501
850,77.06846666666668
851,9.484133333333332
852,39.0
853,87.97966666666666
854,-9.046266666666668
855,7.685329742247459
856,249.09593333333333
857,81.34299999999999
858,65.87613333333331
859,275.55
860,2.1008877725356774
861,3.6975491879786526
862,2.6741463752514765
863,108.3870666666666
864,244.38686666666666
865,278.80433333333326
866,210.21166666666667
867,5.920097467552671
868,112.19546666666675
869,164.7558666666667
870,130.21113333333332
871,132.5
872,152.94366666666667
873,2.9615740506664543
874,89.78853333333333
875,6.047408709744256
876,97.52286666666667
877,41.1396
878,56.17413333333334
879,4.372609437563407
880,6.734999113216477
881,161.9948666666666
882,5.690724049518259
883,239.42233333333334
884,5.835077535612888
885,180.3842
886,74.50173333333328
887,2.4787659356713063
888,1.9864716052803595
889,204.0539333333333
890,3.715295008278049
891,2.7470049640462166
892,55.33966666666665
893,4.919697599877295
894,-5.445733333333333
895,3.756791218492181
896,218.63946666666666
897,2.3510039502924207
898,210.67953333333335
899,-64.4007999999999
900,254.20113333333333
901,4.01213105556556
902,198.87653333333344
903,5.301153481627614
904,141.21733333333333
905,1.8952651914099579
906,0.798778972825388
907,205.64666666666668
908,57.07019999999998
909,86.8996
910,2.3616856520210616
911,6.755932035425687
912,269.25399999999996
913,131.4060666666667
914,286.0146666666667
915,44.455400000000026
916,113.41633333333331
917,-18.5424
918,2.4315250240444493
919,2.787797679135159
920,373.2816666666667
921,154.97746666666666
922,202.17806666666672
923,2.1997407907717244
924,82.65013333333334
925,175.8078666666668
926,52.67000000000006
927,70.72
928,4.963953906217164
929,-44.7816
930,-11.552266666666664
931,210.90753333333333
932,184.66906666666665
933,5.060712312114533
934,2.092009107948089
935,155.3418666666667
936,46.54213333333333
937,2.7545100621659064
938,4.673312576711858
939,117.68546666666653
940,1.450650808387184
941,5.676649078270825
942,4.92904813285679
943,107.37153333333326
944,3.5872041328723503
945,1.9142122376208914
946,82.3793333333333
947,55.601800000000004
948,95.64273333333334
949,238.21306666666663
950,352.773066666667
951,37.37533333333334
952,-26.698066666666666
953,6.553490937531062
954,263.7854666666666
955,185.29153333333332
956,150.17213333333333
957,2.3800422479219576
958,3.2287672008944868
959,209.79586666666665
960,54.95213333333339
961,177.77
962,3.2643607928183735
963,6.642224374806577
964,5.175469746996644
965,7.0652834640035636
966,4.55155852339906
967,38.986133333333306
968,175.823
969,157.50273333333334
970,6.02016353537798
971,354.29186666666664
972,5.304746658016738
973,110.46466666666667
974,5.085247125083091
975,4.275279142200066
976,5.256533764325398
977,190.87199999999999
978,300.09413333333333
979,2.37460162377885
980,1.9206595184746793
981,-4.536666666666667
982,50.33166666666666
983,312.30446666666666
984,313.81926666666664
985,241.6543333333333
986,107.24660000000003
987,2.857584363448686
988,247.96726666666663
989,332.72906666666665
990,99.40186666666668
991,4.39098583495515
992,331.69219999999996
993,192.08253333333334
994,3.21066286841328
995,-19.115333333333336
996,37.384133333333324
997,2.181707268529338
998,31.92166666666667
999,80.475
1000,27.934399999999993
1001,287.34786666666673
1002,177.35099999999994
1003,5.758748287050514
1004,1.2575709882557224
1005,1.8807020945232789
1006,3.977040933465056
1007,136.29500000000002
1008,2.088756427280366
1009,6.392164909595429
1010,50.90686666666666
1011,258.48113333333333
1012,1.5949999999999989
1013,216.5173333333333
1014,78.69026666666669
1015,238.2866666666667
1016,6.552341441614757
1017,5.073614350305754
1018,3.4983158341856786
1019,6.766099908323931
1020,4.415316570084428
1021,140.989
1022,68.1586
1023,167.5808666666667
1024,152.87646666666672
1025,4.657832717273819
1026,3.297254228731677
1027,4.969837442731895
1028,85.72126666666666
1029,3.408364388154614
1030,27.658133333333335
1031,253.7601333333333
1032,3.085621832639219
1033,2.746243059142192
1034,236.2742
1035,1.3016160296731192
1036,227.17019999999997
1037,6.609892565012522
1038,51.092
1039,3.770358549197229
1040,-20.481599999999993
1041,2.9740016864503778
1042,3.9817187883199594
1043,3.8083896988110597
1044,349.0788666666665
1045,145.63373333333354
1046,45.07379999999998
1047,221.0588666666667
1048,1.8620599026488374
1049,2.9816928954988713
1050,6.2661571145577595
1051,41.59286666666671
1052,185.43886666666668
1053,253.32293333333337
1054,6.264211980510492
1055,47.653266666666674
1056,36.2692
1057,4.493369793750186
1058,2.6188459747629675
1059,3.0487234134476564
1060,150.63153333333346
1061,3.3642803669461587
1062,5.521731728902119
1063,302.14666666666665
1064,202.68446666666668
1065,46.166666666666664
1066,254.35346666666663
1067,268.2072
1068,5.467876877054011
1069,4.592048391801425
1070,308.91426666666655
1071,191.2650666666667
1072,5.640847579872094
1073,3.6273382217460393
1074,6.320424210684839
1075,5.035214263995989
1076,280.2938666666667
1077,6.223037525479743
1078,182.56686666666664
1079,3.2688156655025216
1080,2.906393805815341
1081,5.871716472838344
1082,4.284345056720301
1083,3.556229945568743
1084,6.274843924769092
1085,123.49046666666668
1086,208.45766666666668
1087,65.32973333333335
1088,249.77446666666646
1089,8.56077097699709
1090,139.12466666666668
1091,254.24646666666666
1092,5.647248108227714
1093,4.302053057161398
1094,6.79877532384949
1095,2.3323134195899473
1096,2.667440816015565
1097,5.1969477096039
1098,108.29866666666666
1099,104.01993333333321
1100,5.149241006083463
1101,4.481958349553838
1102,6.005279439676323
1103,273.9717333333333
1104,4.886709654770237
1105,113.71759999999995
1106,4.24564944162727
1107,6.088604910089138
1108,16.389666666666667
1109,105.39826666666654
1110,76.16553333333331
1111,3.0598776326948953
1112,209.12619999999998
1113,2.877162246394568
1114,176.20453333333333
1115,-49.37093333333333
1116,5.21492070695564
1117,297.08400000000006
1118,259.5796666666667
1119,4.592094177179601
1120,43.10946666666667
1121,59.838133333333346
1122,226.22446666666664
1123,3.5016282329956283
1124,171.68593333333337
1125,2.4433700950573414
1126,86.56453333333333
1127,5.75684635893308
1128,-35.17386666666667
1129,173.44726666666668
1130,6.514167809197815
1131,51.861000000000004
1132,3.5078625985132987
1133,-101.23126666666651
1134,175.29413333333332
1135,203.2936666666667
1136,-61.184799999999996
1137,4.250898941140452
1138,42.403666666666666
1139,58.07866666666666
1140,117.29873333333333
1141,201.8992
1142,147.63233333333332
1143,21.472333333333328
1144,-28.056466666666672
1145,110.61853333333333
1146,34.293800000000005
1147,4.614674839806748
1148,98.43326666666661
1149,39.95679999999999
1150,4.075626480073331
1151,1.113773996143935
1152,3.8332606171800387
1153,4.171246698139512
1154,22.592799999999997
1155,176.10333333333332
1156,6.732055879606898
1157,72.38839999999999
1158,197.55879999999996
1159,107.99193333333332
1160,103.2218
1161,1.714521923839822
1162,5.656877363749175
1163,5.304781829475275
1164,4.849180404332174
1165,205.03153333333336
1166,51.90926666666667
1167,-44.38373333333334
1168,4.617496418915764
1169,157.22226666666666
1170,4.987513498363043
1171,4.383874645024222
1172,-13.8904
1173,4.1215222169933305
1174,193.3814
1175,-52.06666666666668
1176,263.5388666666667
1177,2.1463348800033994
1178,173.2247333333333
1179,3.094055287815781
1180,2.441974398538452
1181,1.875262251151043
1182,157.53513333333336
1183,6.980205245581267
1184,3.9022186541287205
1185,282.98333333333335
1186,129.92346666666666
1187,3.7320533142660928
1188,2.76019484740732
1189,143.0488
1190,4.011180671349734
1191,2.933344425620275
1192,4.912795559032091
1193,126.22000000000003
1194,5.554458368567762
1195,2.2775636127115604
1196,271.72933333333333
1197,104.50166666666662
1198,2.795435106099841
1199,256.7086
1200,48.32040000000008
1201,272.33726666666666
1202,57.87399999999999
1203,3.194738420298801
1204,147.13153333333332
1205,1.8339430022824466
1206,151.74866666666668
1207,117.91073333333331
1208,189.35833333333332
1209,252.72313333333335
1210,183.63200000000026
1211,223.38373333333328
1212,6.095016285939774
1213,3.77461911792671
1214,198.715
1215,112.38886666666664
1216,243.84753333333342
1217,178.7792666666667
1218,-47.006933333333336
1219,6.413690285640401
1220,5.683346777941423
1221,274.9361999999999
1222,6.033219432385006
1223,2.4815751789346088
1224,3.062078324486271
1225,123.76213333333335
1226,1.3518558187587397
1227,4.700580631928688
1228,2.2133218038199476
1229,41.31993333333333
1230,109.7952
1231,232.16546666666665
1232,1.8323272350942674
1233,-34.75606666666667
1234,2.61413086890277
1235,19.184866666666668
1236,272.5466666666667
1237,3.30751744482153
1238,2.513768877917656
1239,0.4057243258200945
1240,51.461266666666674
1241,2.1232622979365443
1242,4.7131779870418296
1243,4.913317186661276
1244,195.3909333333333
1245,4.626444674332028
1246,249.94413333333333
1247,5.644774183492782
1248,114.18466666666666
1249,154.48933333333335
1250,7.808109823028847
1251,43.59893333333336
1252,5.815779126463384
1253,4.4935573875652075
1254,3.8307698850400684
1255,14.937733333333332
1256,75.8242
1257,129.26546666666664
1258,264.26233333333334
1259,50.446333333333335
1260,267.82506666666666
1261,5.934265724848584
1262,5.23583952364298
1263,160.98966666666672
1264,2.7470459360351445
1265,-1.9410666666666674
1266,132.26273333333333
1267,2.509517264526658
1268,6.35723638658664
1269,254.9414
1270,-53.46133333333334
1271,251.51833333333335
1272,52.67000000000006
1273,2.4582
1274,213.7794666666668
1275,185.487
1276,47.760266666666666
1277,3.8782526964460002
1278,1.0167714182187533
1279,4.136377188748109
1280,-54.368799999999986
1281,3.5914315872117806
1282,119.34073333333333
1283,188.85886666666667
1284,2.6212601119466297
1285,-56.971266666666665
1286,3.0691101536686234
1287,51.114266666666666
1288,110.21806666666666
1289,3.990530954872365
1290,243.4403333333333
1291,3.206006538479177
1292,47.67960000000006
1293,97.59226666666666
1294,254.17373333333336
1295,161.5907333333334
1296,5.568387590639289
1297,58.76899999999999
1298,27.01776666666667
1299,5.56517641055306
1300,181.50500000000005
1301,251.10446666666667
1302,212.37019999999998
1303,6.0930719949934256
1304,3.5692211492452572
1305,5.14328665676757
1306,62.944399999999995
1307,129.98666666666668
1308,1.8109078086127777
1309,4.864254836584331
1310,362.1022666666659
1311,2.6230818050737916
1312,7.208765068771213
1313,52.294066666666666
1314,128.34546666666665
1315,190.26073333333335
1316,263.0753333333334
1317,66.33180000000002
1318,2.109554321994416
1319,219.18833333333333
1320,248.08893333333353
1321,26.68893333333333
1322,48.68280000000002
1323,262.70533333333333
1324,209.87186666666668
1325,49.62500000000001
1326,69.6553
1327,232.21993333333336
1328,2.706265056980384
1329,6.467786563279627
1330,124.91159999999999
1331,-17.434600000000003
1332,265.55080000000004
1333,1.3004395431265945
1334,333.415
1335,1.8459969205354647
1336,103.86533333333338
1337,29.471333333333327
1338,247.87213333333335
1339,5.996296905965739
1340,209.41713333333328
1341,225.6405333333333
1342,169.556
1343,51.155199999999994
1344,130.0552
1345,2.886734269023213
1346,55.700199999999995
1347,97.79606666666666
1348,2.9998952452639474
1349,229.29113333333333
1350,41.45073333333334
1351,219.16726666666665
1352,2.5160803304617936
1353,12.18
1354,5.278473115324424
1355,6.485617850595432
1356,3.698352748329614
1357,7.568570454483039
1358,6.717186167410754
1359,1.7215017995708266
1360,313.4678
1361,4.319351505092182
1362,5.7418421974991105
1363,52.69333333333334
1364,3.682212549692995
1365,5.934750407245705
1366,6.592818598671872
1367,5.955342161669712
1368,0.4030666666666681
1369,184.90926666666655
1370,274.31253333333336
1371,229.37813333333324
1372,22.9906
1373,3.3045670365241877
1374,87.56786666666675
1375,162.2576
1376,5.994128196872772
1377,4.45191600818529
1378,109.64633333333339
1379,75.25139999999999
1380,115.14566666666667
1381,234.11666666666656
1382,98.85619999999999
1383,47.2252
1384,-16.184
1385,159.114
1386,2.0824508988818766
1387,53.58313333333333
1388,1.631434278407632
1389,210.52273333333355
1390,177.1261333333333
1391,82.25619999999998
1392,64.2666
1393,281.70860000000005
1394,-12.6758
1395,47.611133333333335
1396,191.13793333333334
1397,5.265624237645115
1398,198.6388
1399,1.455856941875469
1400,93.19059999999999
1401,355.1199333333331
1402,84.73033333333332
1403,312.77666666666664
1404,86.11400000000002
1405,121.05206666666668
1406,1.8155294489230624
1407,124.999
1408,7.639501968584253
1409,3.579546283948029
1410,274.8251333333333
1411,211.37966666666665
1412,-44.56360000000006
1413,118.68486666666668
1414,252.58593333333334
1415,2.6990622813661598
1416,2.6152625322683054
1417,3.4521695367013323
1418,323.48313333333334
1419,167.90040000000002
1420,4.461481918789929
1421,41.886133333333326
1422,6.564431510943022
1423,2.9872796093951184
1424,4.940761980361606
1425,1.9737156885314542
1426,-29.378800000000002
1427,3.884147564868929
1428,4.2974001159528505
1429,3.250803273329448
1430,3.4733070865891222
1431,6.142114229025309
1432,173.8152666666668
1433,3.034737186021178
1434,6.6644404883122235
1435,4.746612446317128
1436,-58.72420000000001
1437,178.82780000000002
1438,96.90526666666668
1439,6.292838016491899
1440,2.627180106587846
1441,138.5220666666667
1442,196.4778
1443,60.15466666666667
1444,5.991781739429604
1445,49.245933333333326
1446,274.8422
1447,233.66693333333336
1448,-56.182599999999994
1449,5.835191523437573
1450,275.7448
1451,121.15059999999998
1452,4.995828503658075
1453,5.554092723715378
1454,166.89446666666666
1455,79.16
1456,-8.316400000000005
1457,8.058248390256116
1458,5.215433663833553
1459,315.1890666666667
1460,347.87733333333347
1461,156.9510666666667
1462,6.659200000000001
1463,84.11813333333335
1464,5.848760816335083
1465,3.163780950663384
1466,230.11819999999997
1467,6.184426224708679
1468,5.407418571796809
1469,20.726399999999998
1470,3.959051853432014
1471,14.597933333333339
1472,6.777269262425992
1473,2.943346715826999
1474,254.7887333333334
1475,110.80113333333334
1476,6.630371261393361
1477,2.515592277607198
1478,113.97366666666672
1479,4.944231824696306
1480,103.49393333333333
1481,5.917177095294456
1482,166.45793333333333
1483,5.899474394008336
1484,251.5638
1485,195.0
1486,7.1456482607038145
1487,3.6944589978088396
1488,77.87073333333332
1489,-23.012333333333334
1490,95.24913333333333
1491,3.259891884592514
1492,1.9592696819885191
1493,7.564239839154719
1494,5.253392066790725
1495,35.66566666666666
1496,7.726711873986833
1497,55.015266666666676
1498,6.00989248837345
1499,79.99706666666667
1500,7.110986333948829
1501,5.984091747049842
1502,63.80753333333339
1503,5.708785255008207
1504,2.1103002542881293
1505,4.6014185530687435
1506,197.57813333333334
1507,63.918066666666675
1508,114.85866666666666
1509,64.3442
1510,2.885875324995901
1511,31.838600000000007
1512,64.01320000000001
1513,5.99293334255541
1514,274.66113333333334
1515,76.02566666666672
1516,2.519711996428642
1517,328.6822666666667
1518,4.617863090347542
1519,276.24280000000016
1520,4.928871830394944
1521,65.03359999999999
1522,5.1857626182292105
1523,2.846576937307419
1524,152.30566666666667
1525,-23.948733333333372
1526,2.083162619483468
1527,6.045557224905044
1528,3.8052658685040996
1529,232.28466666666662
1530,279.3944
1531,3.3852574013889445
1532,5.436954365786542
1533,3.126254159484388
1534,6.12246666666667
1535,74.07073333333334
1536,5.479546804337987
1537,2.562832213068361
1538,283.1661333333334
1539,170.46353333333334
1540,2.1816297332843573
1541,200.511
1542,2.6434492750019545
1543,1.4706000000000001
1544,7.430956860789024
1545,3.604807136524253
1546,4.869923499576829
1547,-28.63013333333334
1548,197.0804
1549,46.0
1550,3.921913079616915
1551,2.3872412422378044
1552,232.1199999999999
1553,6.102159539349365
1554,276.8953333333333
1555,132.12666666666667
1556,4.425145025449685
1557,0.03480000000000002
1558,3.7601455421219487
1559,250.2849333333333
1560,206.6712
1561,198.64693333333324
1562,247.60233333333332
1563,94.12453333333333
1564,3.552475070945639
1565,74.55353333333333
1566,3.3837778145037722
1567,-10.012733333333333
1568,104.1247333333334
1569,17.683833333333332
1570,290.4606666666666
1571,3.3921080701473905
1572,90.47366666666666
1573,2.5719109472240427
1574,4.435694105732034
1575,6.145299557790004
1576,4.141276160492142
1577,5.98923780946244
1578,88.0562
1579,4.997865717881777
1580,190.59760000000003
1581,193.84566666666666
1582,6.868925790877135
1583,295.61173333333335
1584,305.8994666666667
1585,6.30621592158147
1586,4.694300371575295
1587,71.41959999999999
1588,289.6688666666667
1589,7.453368671613691
1590,6.036475889239304
1591,142.25626666666668
1592,7.435300929668377
1593,129.0898
1594,136.30333333333334
1595,111.51646666666667
1596,5.707333462488872
1597,55.431533333333334
1598,7.051226665479524
1599,3.76302411630803
1600,4.95630291029451
1601,1.9647122879690735
1602,6.266723946942296
1603,188.4204
1604,67.5096
1605,91.5432
1606,259.81333333333333
1607,7.941600000000001
1608,3.3539469278746012
1609,6.758416699098017
1610,2.9781536887658118
1611,211.10273333333333
1612,96.39833333333333
1613,2.6731986550901348
1614,269.51573333333334
1615,5.82609038804309
1616,3.7005321039202075
1617,171.76466666666667
1618,212.5213333333333
1619,11.289799999999998
1620,37.28753333333334
1621,2.5859521197730673
1622,2.5838771025995713
1623,2.582766540918942
1624,251.02059999999997
1625,70.17833333333328
1626,1.6656201592116673
1627,25.631933333333354
1628,4.103725313573523
1629,223.34633333333332
1630,86.82886666666667
1631,2.8222709246299216
1632,289.5713333333333
1633,4.864030260850302
1634,-29.491666666666667
1635,4.095618060228181
1636,4.473268091192552
1637,6.558124153372019
1638,244.3956666666667
1639,34.059133333333335
1640,4.543169191820487
1641,315.0434666666667
1642,148.68106666666668
1643,204.30380000000025
1644,115.28946666666666
1645,183.21339999999998
1646,5.309614803714317
1647,6.471864115643098
1648,69.7528
1649,4.355127586112284
1650,83.076
1651,6.405069501011826
1652,7.021996140387531
1653,224.27613333333335
1654,6.771947844097625
1655,307.0967333333333
1656,76.52013333333332
1657,1.285612393686936
1658,286.9246666666667
1659,2.1861670165632727
1660,0.099866666666667
1661,6.348364202888927
1662,207.34686666666667
1663,5.892985242062375
1664,128.50866666666667
1665,0.8802569712624461
1666,162.7868
1667,-64.52926666666666
1668,250.2218666666666
1669,56.07586666666667
1670,1.9663750864537342
1671,3.012396634170147
1672,5.329869381541799
1673,4.52415833674508
1674,114.90459999999999
1675,2.3688476236738736
1676,-74.54946666666666
1677,28.0
1678,-0.3738666666666665
1679,238.74926666666664
1680,94.31046666666667
1681,1.762061163392326
1682,3.1483603181833857
1683,63.558066666666676
1684,24.887800000000002
1685,6.916724353591715
1686,140.6293333333333
1687,7.658019662236698
1688,205.58333333333334
1689,270.4713333333333
1690,2.795484258279687
1691,3.731907876722681
1692,4.038851280240857
1693,2.5015302349903163
1694,47.32653333333333
1695,249.6546666666667
1696,109.81486666666665
1697,2.2910692868693396
1698,218.18559999999997
1699,181.68333333333334
1700,108.44073333333333
1701,281.2694666666667
1702,-25.008666666666667
1703,6.125542950111619
1704,5.287707283871087
1705,2.5459199848088065
1706,122.28353333333321
1707,5.03793651585299
1708,84.7608
1709,131.00686666666667
1710,5.754782154201803
1711,82.59126666666667
1712,1.9743478268057626
1713,5.777507704534834
1714,-58.592133333333365
1715,4.943958457298766
1716,3.032006150122537
1717,22.951200000000004
1718,117.36786666666667
1719,22.715533333333333
1720,6.323221421783012
1721,253.60459999999966
1722,3.58150640520282
1723,163.826
1724,146.35126666666665
1725,3.046312600452254
1726,4.186553040121685
1727,253.88513333333336
1728,3.9569204191417597
1729,3.3758170678029122
1730,72.38046666666665
1731,215.22940000000008
1732,4.991431466580371
1733,366.69253333333324
1734,266.5202
1735,190.9096666666667
1736,3.1846151173664325
1737,301.50333333333333
1738,298.99
1739,160.34133333333332
1740,62.77699999999997
1741,146.09353333333334
1742,264.2710666666667
1743,5.014965307439456
1744,113.69800000000001
1745,51.31013333333334
1746,3.7415790867800727
1747,7.413595553832354
1748,195.7304666666667
1749,3.80503035911077
1750,90.7602
1751,18.438533333333325
1752,7.661952244454133
1753,5.922408580981179
1754,274.7216666666667
1755,241.04760000000002
1756,1.9743103036453502
1757,199.2358666666668
1758,313.3011333333334
1759,3.964154954725037
1760,245.51446666666666
1761,246.5146666666667
1762,35.766000000000005
1763,47.86893333333334
1764,6.0298666666666545
1765,5.1624324269780795
1766,237.90966666666685
1767,170.21126666666666
1768,5.29528999306114
1769,83.1072
1770,63.028600000000004
1771,3.0395922034413294
1772,257.9382666666666
1773,230.34846666666672
1774,6.817487971691276
1775,271.9513333333334
1776,2.730396367826522
1777,21.61326666666666
1778,34.17286666666667
1779,14.017666666666667
1780,111.00946666666661
1781,5.81083680971509
1782,210.56220000000002
1783,240.06513333333336
1784,3.897953821525394
1785,87.58526666666667
1786,2.401725175652634
1787,70.98106666666666
1788,4.848276879283146
1789,2.730949320185257
1790,71.4634666666667
1791,4.443299954444436
1792,2.557669319068475
1793,2.26445474904483
1794,168.32953333333333
1795,185.61666666666667
1796,237.74139999999994
1797,128.61986666666667
1798,6.525892534795847
1799,226.83440000000002
1800,195.7120666666667
1801,5.064062239483531
1802,2.0585723264396965
1803,150.1755999999999
1804,3.984499484847272
1805,217.89993333333337
1806,5.96779106686576
1807,305.4858666666668
1808,155.8730666666668
1809,79.53526666666667
1810,4.376984481492067
1811,2.829626212464669
1812,28.269666666666666
1813,3.534675184418488
1814,170.1347333333334
1815,269.0178666666667
1816,5.162788004999118
1817,104.34066666666668
1818,50.8897333333333
1819,234.89753333333323
1820,7.921515496732705
1821,3.0969464398288022
1822,252.71133333333336
1823,2.9594666666666662
1824,75.93833333333333
1825,2.3773130948841668
1826,6.099071404515372
1827,4.586935466426525
1828,2.054189037070997
1829,208.34940000000006
1830,247.37726666666669
1831,6.806142231330097
1832,40.05753333333335
1833,4.017425829250343
1834,4.400122680318573
1835,110.5368
1836,6.787760879179081
1837,6.048498396274777
1838,5.892985242062375
1839,134.69459999999998
1840,22.952733333333335
1841,-76.69333333333333
1842,240.50819999999993
1843,168.69926666666666
1844,252.58593333333334
1845,166.1037333333333
1846,42.698466666666675
1847,262.4059333333334
1848,89.1967333333333
1849,3.6920233697244393
1850,6.109251648672969
1851,-68.05466666666658
1852,6.332170360279527
1853,76.13206666666673
1854,89.75060000000008
1855,5.539922098126583
1856,170.6424666666668
1857,2.7341846400331615
1858,5.146063423773947
1859,6.104360755531306
1860,5.449492895444639
1861,141.31333333333333
1862,6.15165706902607
1863,26.202066666666685
1864,65.20413333333333
1865,210.83
1866,105.35313333333333
1867,121.9708666666667
1868,262.6157333333333
1869,154.15333333333334
1870,3.1491795557553863
1871,188.09926666666667
1872,49.92313333333333
1873,3.074813669918442
1874,21.91473333333333
1875,103.64326666666668
1876,2.9069859451603937
1877,2.179901660026162
1878,60.62253333333333
1879,81.40206666666663
1880,247.92953333333335
1881,6.015507045498422
1882,98.7942666666666
1883,6.472762474132767
1884,91.05506666666666
1885,361.73333333333335
1886,271.28000000000003
1887,3.1828836146537065
1888,189.02013333333335
1889,239.52120000000005
1890,2.1599171238814967
1891,255.11133333333333
1892,214.32813333333334
1893,4.483199169318413
1894,2.060715479611431
1895,8.667133333333336
1896,5.847036438643396
1897,62.709199999999996
1898,-55.814866666666674
1899,2.967628483531457
1900,5.783192446581395
1901,262.4977333333334
1902,215.09106666666668
1903,-62.27040000000003
1904,59.30240000000001
1905,46.36613333333334
1906,160.9506666666666
1907,6.708647000579804
1908,6.25639140309602
1909,113.48786666666665
1910,5.552683363130428
1911,4.758393612546809
1912,3.9004869664671853
1913,76.86366666666667
1914,-23.519466666666666
1915,7.401173174760415
1916,1.1663154424583124
1917,3.118016742859949
1918,180.37226666666663
1919,4.665676933352889
1920,4.642328151414909
1921,90.5318
1922,2.99696092139158
1923,6.593012998066217
1924,2.2954859788429833
1925,4.327078162548677
1926,82.16933333333333
1927,153.67713333333336
1928,3.5630302906694142
1929,43.85556666666668
1930,2.7080265719224985
1931,5.952123135670675
1932,4.615521859860777
1933,2.795908581613042
1934,241.22593333333324
1935,6.297817916234873
1936,4.918044250194255
1937,6.323266666666667
1938,-24.85333333333333
1939,2.5574798332940993
1940,273.75053333333335
1941,3.620433841575889
1942,236.86206666666666
1943,3.2243680852707675
1944,228.09193333333332
1945,286.7475333333334
1946,6.0906698850965935
1947,107.38626666666671
1948,5.76656959738705
1949,-3.4616666666666682
1950,56.4018
1951,2.693239998594236
1952,34.75333333333333
1953,378.8723333333333
1954,3.1472879035716548
1955,116.88460000000002
1956,2.075527293608643
1957,103.42093333333335
1958,3.350909542400789
1959,168.69153333333333
1960,59.14540000000001
1961,0.7886935074171553
1962,4.135271210114908
1963,3.5704817018314516
1964,5.110996057604917
1965,87.78266666666667
1966,4.146979349227963
1967,4.960214644000815
1968,302.2206666666667
1969,33.991266666666675
1970,5.593313272655071
1971,1.8993424070373215
1972,98.03686666666667
1973,-13.960533333333334
1974,2.617963029854427
1975,2.9448517757320447
1976,320.4973333333336
1977,1.6854743752162515
1978,197.69893333333331
1979,154.469
1980,268.34226666666666
1981,135.24940000000004
1982,132.0160666666667
1983,97.61206666666668
1984,8.4585592286219
1985,4.100331641280634
1986,3.6254826577682104
1987,6.325996181951065
1988,1.6640181075958593
1989,5.66522080098979
1990,4.4076895547429045
1991,5.382733333333334
1992,4.046051255836226
1993,13.396999999999991
1994,1.517617728341064
1995,126.34393333333328
1996,4.286352578131286
1997,2.598728341630414
1998,5.650360971937395
1999,316.5762
2000,5.934750407245705
2001,262.65479999999997
2002,-54.4942
2003,6.762275037233609
2004,330.3480666666666
2005,60.6506666666667
2006,4.616726948982039
2007,40.0
2008,243.97859999999997
2009,117.95033333333336
2010,299.33633333333324
2011,6.355114670293632
2012,167.9756666666667
2013,-13.770199999999999
2014,288.3856666666665
2015,187.14873333333327
2016,32.022733333333335
2017,2.862409325742491
2018,29.963666666666654
2019,101.79866666666666
2020,6.78583238291778
2021,4.427951770152715
2022,178.42820000000003
2023,77.45253333333335
2024,3.2497797701025917
2025,4.182196465713619
2026,68.7288
2027,5.834017249202091
2028,6.334498332039013
2029,62.38753333333334
2030,321.8954666666667
2031,69.48580000000001
2032,297.0065333333334
2033,258.5176
2034,2.4334108399228476
2035,74.4678
2036,185.7308
2037,5.051743357396474
2038,2.6785172540150968
2039,3.2893051632837724
2040,134.3160666666667
2041,250.18860000000004
2042,4.187813419169393
2043,190.51393333333337
2044,1.9355500957708411
2045,107.74533333333304
2046,269.68126666666666
2047,5.271604134227466
2048,-23.802
2049,1.2003660950102495
2050,349.68873333333335
2051,3.273421613458473
2052,3.16283979781388
2053,245.41400000000004
2054,4.744390944935991
2055,3.6694367580545446
2056,-43.70620000000004
2057,173.65866666666668
2058,-21.1034
2059,4.804205058683716
2060,25.454666666666654
2061,2.4332415345640257
2062,177.92133333333334
2063,2.958198270733487
2064,4.046359136872675
2065,3.3608024075117577
2066,1.8971429044292774
2067,6.045491685954788
2068,2.9949043549454233
2069,1.9210724952893565
2070,265.2203333333334
2071,289.6688666666667
2072,4.0486887873034805
2073,204.79953333333333
2074,367.4373333333333
2075,271.35479999999995
2076,3.4769894090033993
2077,2.739987930587689
2078,3.4124846051159623
2079,4.206613739055008
2080,2.71505468129853
2081,3.2315593906580085
2082,4.359357487028287
2083,35.340800000000016
2084,2.7336223540040976
2085,5.390229220002235
2086,102.3648
2087,89.36166666666666
2088,11.7392
2089,95.17659999999994
2090,250.38440000000008
2091,195.97753333333318
2092,-97.50193333333334
2093,5.0315489544031955
2094,3.6328338850339548
2095,94.9902
2096,39.138466666666666
2097,116.98140000000001
2098,5.740732982836781
2099,-36.38919999999997
2100,20.266666666666666
2101,6.175556022377026
2102,6.595567331987682
2103,55.47753333333335
2104,64.95866666666666
2105,40.561866666666674
2106,293.73319999999995
2107,6.8476538847120345
2108,7.02653662243732
2109,5.812623646312298
2110,274.2232666666666
2111,3.69704071472306
2112,66.65999999999998
2113,103.60873333333343
2114,2.526611272344424
2115,48.858999999999995
2116,3.351905323027841
2117,3.6021900326380925
2118,3.2609119923342282
2119,117.92960000000002
2120,3.820453487821277
2121,178.76119999999997
2122,206.02939999999998
2123,2.9879876192709265
2124,1.5998431948958323
2125,4.666680054171925
2126,5.926017777800789
2127,71.25066666666666
2128,209.94186666666664
2129,1.7439882023107312
2130,2.4775319547751784
2131,6.066333007344358
2132,5.969908319389018
2133,245.21620000000001
2134,60.20673333333333
2135,215.01219999999967
2136,10.3172
2137,227.6027333333333
2138,3.4056850677363117
2139,73.18293333333334
2140,63.010066666666674
2141,76.64580000000002
2142,5.909327343667182
2143,41.1381333333333
2144,169.58346666666665
2145,60.24183333333335
2146,4.002256140046377
2147,3.710704707267482
2148,55.422266666666665
2149,-59.543000000000006
2150,14.379333333333339
2151,51.08813333333334
2152,5.043922445752478
2153,3.1261385236943675
2154,2.400487282952036
2155,2.4351684396626188
2156,5.892985242062375
2157,130.11253333333332
2158,3.741887846681633
2159,317.81493333333333
2160,211.9092666666667
2161,296.9008666666667
2162,1.8621796975607716
2163,303.2189333333333
2164,6.394117814865846
2165,3.331940724053028
2166,2.8244669963813736
2167,41.63813333333334
2168,290.6526
2169,2.2304984310447864
2170,2.4839572456144343
2171,161.0706
2172,5.416684187332941
2173,265.7252666666667
2174,231.32819999999998
2175,0.8625306313260406
2176,4.777740980614366
2177,-51.73613333333334
2178,4.825520569963603
2179,68.10119999999999
2180,269.23306666666673
2181,2.5295736122393135
2182,179.39419999999998
2183,174.70586666666665
2184,5.835191523437573
2185,2.4923532521964393
2186,3.349740360219468
2187,4.955973821817032
2188,262.9714
2189,240.62946666666667
2190,68.95333333333333
2191,2.8664007692121363
2192,3.046080583663981
2193,94.35613333333333
2194,2.720891901311364
2195,4.742960631122668
2196,6.483243548900072
2197,1.9474726668633697
2198,3.5325500049312137
2199,3.243290418366674
2200,1.7567739398811937
2201,4.353644716907771
2202,80.00466666666667
2203,2.464499788335582
2204,2.140465513143989
2205,120.5911333333333
2206,5.229529363374911
2207,160.13213333333334
2208,4.820915747303281
2209,53.36720000000001
2210,250.12773333333334
2211,1.7612663738494063
2212,4.278264549629858
2213,6.775097325292529
2214,36.5716
2215,15.251266666666663
2216,86.98033333333335
2217,4.342754705161831
2218,26.73186666666666
2219,2.226544769653917
2220,5.475518305562931
2221,3.5946243389736687
2222,-32.60506666666667
2223,195.64266666666668
2224,-47.114200000000025
2225,149.7657333333333
2226,-20.34906666666667
2227,60.95666666666666
2228,143.54840000000004
2229,94.29813333333331
2230,3.006623257539445
2231,5.624210161268829
2232,4.311523690869576
2233,248.23046666666664
2234,238.20266666666666
2235,211.88546666666667
2236,3.5025663393127573
2237,3.9465355909939093
2238,246.8253333333333
2239,111.50626666666668
2240,241.08146666666667
2241,2.217746244573905
2242,227.20226666666645
2243,5.818111615611091
2244,92.73999999999982
2245,219.96993333333336
2246,113.44293333333334
2247,245.6431333333333
2248,5.769214471792711
2249,287.51240000000007
2250,138.77766666666668
2251,4.657187045441351
2252,257.6108666666667
2253,6.230953113471634
2254,197.43459999999993
2255,-79.94
2256,49.8842
2257,2.0080509275589358
2258,3.007583952798282
2259,67.26846666666667
2260,6.26242715590539
2261,82.75213333333335
2262,2.517344590448878
2263,95.2694
2264,-15.359800000000002
2265,61.91673333333333
2266,2.4133781043626374
2267,2.3049084437920935
2268,5.280367426593269
2269,4.000206776874373
2270,8.423922484022635
2271,154.45946666666657
2272,52.0
2273,3.918178751022862
2274,6.0526765927547865
2275,7.51534628939787
2276,4.338641844684048
2277,1.9759173872709106
2278,1.6738564045066293
2279,6.187021961696208
2280,2.6833072696982554
2281,209.9889333333333
2282,2.089469133221488
2283,3.9149098992619917
2284,231.28219999999988
2285,3.1614160242981937
2286,-0.6751999999999997
2287,5.542887039949287
2288,2.363012808402108
2289,6.123419820955134
2290,-51.24213333333334
2291,55.15613333333333
2292,4.724498926805463
2293,1.9480240950777277
2294,5.694400000000004
2295,2.8185396246543775
2296,4.811503773071418
2297,136.2367333333334
2298,-54.84333333333334
2299,88.87513333333331
2300,3.3404535083132814
2301,5.294117813984056
2302,-100.24
2303,150.19366666666664
2304,6.049126415060866
2305,20.212666666666667
2306,298.9654
2307,20.91626666666667
2308,56.00853333333332
2309,6.122399246166253
2310,178.83200000000005
2311,-49.903933333333356
2312,80.93433333333333
2313,4.263883493056388
2314,5.088967844961086
2315,225.91473333333334
2316,7.6552679693046075
2317,3.81037255280615
2318,254.48846666666668
2319,6.112919014513041
2320,93.53446666666666
2321,3.7857051379526125
2322,171.39533333333333
2323,163.64046666666667
2324,1.9696067287357089
2325,27.096799999999995
2326,3.545076094527653
2327,119.50546666666665
2328,3.646577039141195
2329,330.72973333333334
2330,176.17586666666668
2331,2.347437314818312
2332,266.4414666666671
2333,-7.4774
2334,-3.843866666666662
2335,5.463539021424094
2336,35.23919999999997
2337,132.96406666666667
2338,177.658
2339,21.32999999999996
2340,47.664
2341,173.53733333333338
2342,2.0415477722145208
2343,6.593231471773672
2344,304.95306666666664
2345,5.721065674763318
2346,107.7204666666667
2347,124.18766666666674
2348,1.920890506979776
2349,250.75793333333337
2350,23.53746666666667
2351,4.726085599060352
2352,4.992692596822074
2353,1.7392594385915374
2354,-16.001333333333328
2355,138.97433333333333
2356,3.700913633167363
2357,112.6147333333333
2358,6.546095923777012
2359,6.4594289594868854
2360,4.440761032534337
2361,5.940390104770047
2362,245.35586666666669
2363,4.820231649246383
2364,240.80339999999995
2365,90.70100000000012
2366,67.98966666666666
2367,49.840333333333334
2368,-51.34360000000002
2369,4.60639870590582
2370,230.97939999999994
2371,57.902933333333365
2372,68.76366666666668
2373,1.9905424076778484
2374,-65.16953333333336
2375,1.5883063529427344
2376,108.13339999999998
2377,123.68886666666666
2378,5.434010389352461
2379,6.2565168986091
2380,25.594133333333318
2381,157.0
2382,181.6892666666667
2383,54.024666666666675
2384,3.4169277285648527
2385,252.54599999999996
2386,5.848760816335083
2387,57.827866666666715
2388,259.3358666666667
2389,92.25233333333333
2390,2.111217579747474
2391,93.05633333333333
2392,18.923466666666663
2393,47.75573333333333
2394,125.62646666666667
2395,6.500690159205477
2396,2.3051237629494077
2397,323.7064
2398,282.8052666666665
2399,4.327881826417526
2400,184.81853333333342
2401,50.61546666666666
2402,250.26486666666665
2403,6.551697679144938
2404,1.9619405052239642
2405,5.165250600620076
2406,2.699655023456678
2407,99.15039999999999
2408,273.2178
2409,163.42286666666664
2410,4.008355746553552
2411,6.468330391143722
2412,312.3979999999999
2413,-10.145266666666663
2414,4.365714689704066
2415,72.9076
2416,262.0
2417,16.441666666666666
2418,3.622711192963698
2419,3.901999428780667
2420,1.802299157507088
2421,0.34079999999999977
2422,242.63066666666674
2423,2.2410996354185686
2424,181.9276666666667
2425,6.235190834598204
2426,-2.388466666666667
2427,153.02333333333334
2428,39.33966666666672
2429,4.2490220932987555
2430,6.517268130165418
2431,3.9314520389258574
2432,309.7560666666667
2433,248.29399999999995
2434,4.768627350227574
2435,60.670400000000015
2436,239.98279999999986
2437,-56.11999999999999
2438,5.971697854710424
2439,6.911648926808632
2440,172.33893333333342
2441,6.398932797717481
2442,5.81839771890062
2443,4.334244448364526
2444,-86.7968
2445,7.887193713123318
2446,5.750478472273582
2447,234.8673333333333
2448,6.783675338883503
2449,6.103157550053616
2450,32.76173333333333
2451,3.1581389568163454
2452,4.020681828667942
2453,36.39666666666667
2454,298.45206666666706
2455,160.4241333333333
2456,3.393576364460331
2457,256.6333333333333
2458,6.982000560843434
2459,2.1968326959674993
2460,5.998070757725286
2461,46.41313333333335
2462,56.81940000000001
2463,6.392674299250005
2464,-66.31159999999986
2465,39.39366666666666
2466,223.67453333333327
2467,148.74313333333333
2468,257.75939999999986
2469,250.03446666666665
2470,5.631791059889128
2471,128.99333333333334
2472,2.102942146672638
2473,72.34420000000001
2474,168.9606666666665
2475,6.327116865661115
2476,101.35459999999996
2477,137.57973333333337
2478,166.00859999999994
2479,5.898685868011957
2480,41.91813333333333
2481,69.2409333333333
2482,2.1348840604290147
2483,4.57192356017583
2484,110.86420000000001
2485,117.59733333333334
2486,6.874772825107056
2487,4.929941096441119
2488,-29.632666666666665
2489,183.09726666666666
2490,5.5299571720477445
2491,124.93846666666668
2492,47.43873333333332
2493,59.26393333333333
2494,5.895598059687719
2495,5.030613980609511
2496,115.6794666666668
2497,86.22913333333332
2498,1.5604085962427539
2499,6.7685732922848745
2500,1.941710979567948
2501,106.6745333333333
2502,235.1956666666668
2503,108.95719999999997
2504,350.65866666666665
2505,3.5377843687828494
2506,4.425713112043783
2507,287.3032666666667
2508,201.49700000000036
2509,118.96439999999998
2510,6.5677596323687215
2511,182.2110666666667
2512,62.367
2513,134.65866666666668
2514,230.17513333333332
2515,284.7066
2516,1.5771018694285956
2517,2.2092080108419636
2518,283.0610666666667
2519,4.577890013477205
2520,47.551733333333345
2521,131.79859999999996
2522,1.8159395596246486
2523,5.291530497397821
2524,4.852519996403988
2525,282.9952666666667
2526,4.032861501243483
2527,3.0636891047279544
2528,238.17346666666668
2529,92.37586666666661
2530,260.5552
2531,279.4996666666667
2532,33.43786666666667
2533,2.03939331934669
2534,6.018298371966832
2535,5.934750407245705
2536,3.880387524765588
2537,6.484718323005486
2538,5.912678318501056
2539,156.7415333333333
2540,1.8463058657298694
2541,-2.9737999999999998
2542,-14.89873333333333
2543,5.932617584956475
2544,102.8991333333333
2545,2.4510114033160653
2546,285.01086666666674
2547,26.049333333333333
2548,16.5773
2549,172.76586666666665
2550,131.97473333333335
2551,-50.86393333333333
2552,2.5316148237229785
2553,293.49513333333346
2554,2.8074988056565666
2555,47.75093333333334
2556,89.60019999999999
2557,4.261766745363549
2558,-1.2251333333333334
2559,5.927142923782896
2560,249.1858666666667
2561,2.339377287085184
2562,212.83293333333336
2563,242.1315333333333
2564,275.7796
2565,4.480945295420409
2566,4.462531917440646
2567,249.72200000000004
2568,107.18679999999999
2569,67.81720000000001
2570,3.3884634233336444
2571,96.95886666666668
2572,-59.58460000000004
2573,192.81546666666688
2574,2.6726451392497537
2575,4.68384650133429
2576,3.5777122355118083
2577,6.694209863432811
2578,117.987
2579,5.837259297353888
2580,5.216606794990022
2581,3.6416206703833494
2582,-43.3508
2583,1.985356416937843
2584,6.6949771902138835
2585,70.99133333333334
2586,4.163600481194677
2587,229.68173333333328
2588,180.3102
2589,4.37139696790401
2590,-19.1796
2591,1.5240897942683336
2592,134.38413333333335
2593,55.28533333333333
2594,66.7048
2595,57.61
2596,48.76786666666667
2597,5.259888686060692
2598,6.50264168589204
2599,-15.178666666666668
2600,3.786745116711436
2601,212.93933333333334
2602,6.249282321848566
2603,351.66319999999996
2604,165.17379999999997
2605,46.06213333333332
2606,4.321391141604108
2607,52.3988666666667
2608,186.59393333333327
2609,28.985600000000026
2610,2.308961730774738
2611,26.817499999999995
2612,3.6532246499182746
2613,4.754165613639912
2614,3.051863742379302
2615,103.89426666666665
2616,142.74973333333355
2617,269.1004000000001
2618,202.42533333333333
2619,4.868130548461694
2620,2.492108830921718
2621,4.154776714273868
2622,2.6986854438508927
2623,1.1913729741692993
2624,6.842881819848546
2625,114.67993333333331
2626,275.06073333333336
2627,48.915
2628,112.2448666666667
2629,50.3807333333334
2630,106.59679999999999
2631,46.476833333333346
2632,6.024371340719599
2633,280.34960000000007
2634,54.95126666666668
2635,157.32273333333336
2636,-47.952400000000004
2637,2.7203067742407883
2638,-65.01666666666667
2639,-51.33520000000001
2640,191.40086666666664
2641,3.3640710198008215
2642,5.650143596414545
2643,140.334
2644,116.69559999999997
2645,216.71800000000002
2646,2.59502573804611
2647,3.6032383699751414
2648,4.759914312180783
2649,6.255079838677543
2650,268.9070666666667
2651,224.42300000000006
2652,63.081666666666685
2653,3.4257559031588882
2654,61.139666666666656
2655,217.50539999999995
2656,242.76326666666665
2657,2.879783349842059
2658,11.045466666666666
2659,277.0026666666667
2660,1.8077687665893136
2661,283.5319999999999
2662,104.79266666666668
2663,-4.6731333333333325
2664,77.04333333333332
2665,289.52793333333335
2666,235.045
2667,-38.09393333333333
2668,58.57886666666671
2669,6.817158970882376
2670,97.7243333333333
2671,192.4748
2672,125.04086666666664
2673,168.964
2674,239.74093333333332
2675,1.6979666262413038
2676,-44.768266666666676
2677,325.0985333333333
2678,15.23153333333332
2679,5.830182097898775
2680,73.10313333333335
2681,5.002615949337488
2682,2.790378293858942
2683,2.548358877319296
2684,3.121336937181935
2685,6.596125539769767
2686,33.460800000000006
2687,48.80140000000003
2688,100.46726666666667
2689,47.64666666666667
2690,139.7224
2691,88.72206666666665
2692,54.4753333333334
2693,136.45593333333332
2694,128.52613333333335
2695,7.156462368752719
2696,120.90266666666665
2697,3.623288151104211
2698,2.603470283121246
2699,4.255663367784701
2700,189.85573333333338
2701,67.94993333333333
2702,140.36360000000002
2703,4.367088986440863
2704,207.22566666666665
2705,3.5035265907770556
2706,5.07590030611317
2707,177.37473333333338
2708,3.2020180002579375
2709,26.9774
2710,5.28753359606066
2711,172.70066666666665
2712,1.893801103350602
2713,188.435
2714,-65.72073333333334
2715,4.851814740361537
2716,2.863575177869953
2717,272.8111333333333
2718,4.473576678974164
2719,3.3238620076325605
2720,6.882892052746863
2721,6.546185864307522
2722,4.338416581663248
2723,239.06493333333339
2724,6.8478608415303075
2725,45.19243333333334
2726,15.096866666666665
2727,311.9474
2728,62.920266666666656
2729,192.27860000000007
2730,193.83193333333335
2731,121.83286666666667
2732,6.209350025027572
2733,256.26506666666666
2734,109.33646666666668
2735,98.54
2736,56.0748
2737,176.78753333333333
2738,120.96379999999999
2739,108.68406666666667
2740,6.299680666788284
2741,60.09473333333333
2742,1.0775933961185498
2743,30.84820000000001
2744,-30.057733333333328
2745,5.103855938784907
2746,188.84573333333333
2747,170.70953333333333
2748,2.946448562439902
2749,5.531601722690162
2750,217.67013333333335
2751,261.065
2752,2.7211684035813195
2753,111.4366
2754,0.9095533970344885
2755,27.658133333333335
2756,247.1667333333333
2757,6.035735266748144
2758,307.1071333333333
2759,110.60520000000001
2760,176.07553333333317
2761,6.647530806970299
2762,4.2719804509777815
2763,124.04540000000001
2764,4.493813619505127
2765,116.69706666666666
2766,2.1385144881148106
2767,265.10553333333337
2768,5.406348017132208
2769,3.2397737430457183
2770,185.6003333333333
2771,148.16493333333335
2772,6.998801127307596
2773,3.2050926552728667
2774,4.590093953267246
2775,6.638823990514224
2776,3.7363839781928103
2777,264.16473333333334
2778,23.0
2779,2.0455559795172658
2780,3.0282444247733635
2781,246.81066666666666
2782,220.55333333333334
2783,6.095792889356955
2784,62.577999999999996
2785,5.776308015733733
2786,3.977496102591874
2787,77.28739999999999
2788,5.121200000000001
2789,159.71953333333335
2790,206.96713333333327
2791,72.88526666666665
2792,156.03546666666668
2793,175.18179999999995
2794,163.4938
2795,88.36166666666671
2796,254.89093333333335
2797,103.85679999999986
2798,47.09413333333333
2799,41.10086666666666
2800,5.2096354070286495
2801,4.008812282504037
2802,3.017291501700425
2803,98.69913333333331
2804,3.8136477461797
2805,57.85933333333334
2806,6.8935886181525134
2807,27.213466666666665
2808,94.0632
2809,6.083765305478282
2810,5.717668763769932
2811,209.64780000000002
2812,5.558165358548694
2813,12.162733333333334
2814,5.89651231471403
2815,277.4906666666666
2816,54.67333333333333
2817,252.17333333333335
2818,99.75666666666667
2819,48.693533333333335
2820,211.19760000000014
2821,69.42053333333334
2822,6.161339488915155
2823,64.45
2824,282.1276
2825,130.90146666666666
2826,-45.49666666666667
2827,6.488466872722837
2828,5.297180982261241
2829,5.151220808061399
2830,4.38826431068598
2831,5.92942548868367
2832,6.524367539214337
2833,122.1172
2834,3.503099600542904
2835,3.1984184360321897
2836,3.5340996682532904
2837,3.372303381751904
2838,5.950963411904798
2839,2.0187275206056428
2840,70.49833333333333
2841,61.71760000000002
2842,286.08293333333313
2843,5.8705356590420035
2844,176.84206666666665
2845,293.22833333333335
2846,3.263007970247999
2847,115.17266666666664
2848,-3.8939999999999992
2849,-49.868666666666655
2850,6.619690402061282
2851,6.8069592297415245
2852,-42.718666666666586
2853,81.69739999999996
2854,1.6595629348685632
2855,62.367000000000004
2856,5.759675338179401
2857,19.804066666666667
2858,200.2636
2859,2.0381207932255303
2860,145.7579333333333
2861,290.92900000000003
2862,267.8456666666666
2863,2.809363859439917
2864,265.47119999999995
2865,219.67533333333336
2866,2.295368770989909
2867,2.4574281507661166
2868,150.52920000000003
2869,48.720133333333315
2870,190.62166666666656
2871,6.400788119064936
2872,242.48973333333333
2873,4.957683536019931
2874,7.536199999999999
2875,4.088807555997858
2876,-40.209933333333325
2877,257.34206666666665
2878,-67.89999999999989
2879,4.782337672791871
2880,215.07213333333334
2881,6.301945616008271
2882,6.409833695469969
2883,3.593951871600182
2884,6.533310142686562
2885,209.53306666666668
2886,233.2097333333333
2887,5.921932641613171
2888,2.4609829766456888
2889,6.475768026375503
2890,3.1907120849732205
2891,-52.09006666666669
2892,155.31066666666666
2893,32.533800000000014
2894,25.701733333333333
2895,4.462872687667236
2896,1.6956317327268706
2897,5.657444482436921
2898,121.17533333333333
2899,28.30733333333334
2900,3.1522332658667676
2901,22.325533333333336
2902,243.20519999999996
2903,271.9816
2904,4.12850989158228
2905,4.006334864655012
2906,33.9416
2907,4.009109472873247
2908,23.362066666666664
2909,2.009949615272856
2910,108.65026666666668
2911,2.9864210622854537
2912,2.641865316419954
2913,6.530606179133788
2914,68.32513333333334
2915,8.443128510250027
2916,261.95313333333337
2917,147.13153333333332
2918,3.724190271591856
2919,362.33239999999995
2920,201.56660000000002
2921,5.326974559442614
2922,3.6967200284685773
2923,202.81073333333333
2924,5.467262082633176
2925,4.966130559567649
2926,5.730840567909023
2927,18.3818
2928,6.254279194143269
2929,160.05566666666667
2930,260.1608666666666
2931,2.1463661249298567
2932,5.706400964054171
2933,12.990066666666667
2934,107.42693333333334
2935,0.2408666666666673
2936,-66.1478
2937,6.509298649581604
2938,40.102533333333334
2939,3.097259012739024
2940,149.05546666666666
2941,89.3846
2942,83.41359999999999
2943,5.944673758206449
2944,6.514133171660417
2945,5.53432263169006
2946,6.265192760067642
2947,-39.63273333333332
2948,2.3202107301850954
2949,6.755483626641839
2950,2.8922414055085026
2951,156.54399999999998
2952,138.2324
2953,6.9373801662479355
2954,1.6179678079862498
2955,9.253066666666667
2956,6.275550447282905
2957,119.97433333333333
2958,6.5833929227807575
2959,208.68153333333333
2960,6.5356341194564225
2961,137.89686666666665
2962,3.2998696868420736
2963,3.874525405197853
2964,229.132
2965,198.0965333333331
2966,4.495330586587506
2967,3.381476166274859
2968,157.29306666666665
2969,-60.46
2970,2.2631668075178295
2971,227.6892666666666
2972,6.866403357003543
2973,218.65446666666668
2974,233.93606666666665
2975,4.591131424014782
2976,44.837133333333334
2977,43.207666666666725
2978,4.8341077312524625
2979,4.470827128324875
2980,304.286133333333
2981,308.0539333333333
2982,149.35239999999996
2983,142.73459999999997
2984,290.2948
2985,125.09266666666667
2986,309.9794666666667
2987,241.04760000000002
2988,110.58946666666661
2989,168.3382
2990,14.902999999999997
2991,7.611655506766136
2992,3.2427690840855283
2993,5.253824588860461
2994,-14.552800000000001
2995,-1.9026000000000045
2996,4.428871256355015
2997,3.4876768686365183
2998,111.64939999999999
2999,171.18180000000004
3000,67.10926666666666
3001,3.5599492443615985
3002,298.9395333333333
3003,4.412238818121879
3004,258.9574666666667
3005,92.46266666666666
3006,53.98053333333335
3007,6.436259123155059
3008,2.9381720322844345
3009,37.507799999999996
3010,4.441499743639405
3011,61.506733333333315
3012,4.817445680080903
3013,206.56419999999997
3014,5.606533152402111
3015,3.152989179322026
3016,5.927756009728701
3017,6.047608411622233
3018,4.429496766422397
3019,198.99273333333335
3020,3.141528784429369
3021,232.49646666666672
3022,274.1775333333335
3023,3.4077203489381938
3024,135.40033333333335
3025,240.29586666666674
3026,159.81693333333328
3027,6.232923645286017
3028,5.3203929503389285
3029,-16.37373333333336
3030,-28.5296
3031,5.834265580913531
3032,7.628550525627887
3033,4.9897303917282
3034,132.28
3035,162.87040000000002
3036,242.47486666666663
3037,6.094577205936968
3038,2.1097773710408827
3039,-33.243066666666664
3040,156.13946666666664
3041,4.8784438245915664
3042,56.35260000000007
3043,5.865182111254713
3044,236.07813333333334
3045,194.19199999999995
3046,4.1760616733192135
3047,4.332641184114893
3048,70.75873333333332
3049,6.120727083485661
3050,217.04653333333334
3051,98.8652
3052,6.551129239594947
3053,3.797070933850872
3054,121.37259999999999
3055,201.5713333333334
3056,61.57639999999999
3057,3.0474952841593166
3058,111.5073333333333
3059,1.934184332018137
3060,269.5316666666667
3061,5.23554326890169
3062,223.3182
3063,130.43266666666668
3064,247.1399999999998
3065,250.62393333333344
3066,120.06373333333332
3067,68.0078
3068,6.22472345087083
3069,6.133747143130237
3070,3.68732011376173
3071,6.071724689606358
3072,207.11680000000007
3073,131.61333333333334
3074,6.305044426384324
3075,6.00752193846142
3076,139.1208
3077,2.9971333333333314
3078,61.41553333333333
3079,5.751009616776685
3080,3.2435695858643294
3081,-24.55420000000001
3082,109.62893333333332
3083,180.38666666666666
3084,0.7768865097819797
3085,5.351232119300458
3086,201.38393333333335
3087,3.1364235254915185
3088,90.3602
3089,3.5194422342688143
3090,296.26666666666625
3091,148.86413333333334
3092,115.71326666666667
3093,3.9627715400997463
3094,172.0625333333333
3095,262.0702666666667
3096,135.42586666666668
3097,4.686875049612459
3098,5.931135841130263
3099,9.0692
3100,86.18666666666667
3101,3.830354088346747
3102,2.7934082276847945
3103,2.946756858793469
3104,68.64393333333335
3105,60.9252
3106,36.46313333333333
3107,1.3547635998244394
3108,2.6092810783631912
3109,6.577004250669201
3110,241.92633333333328
3111,2.183100016551703
3112,213.18373333333338
3113,5.379586935939725
3114,69.70153333333334
3115,265.2885333333333
3116,94.79713333333325
3117,3.7955333333333323
3118,303.7560666666667
3119,5.16576984514296
3120,55.7436
3121,46.71453333333333
3122,138.53233333333336
3123,3.935285563610674
3124,2.465330521693196
3125,4.314645706412184
3126,225.0660000000004
3127,253.4427333333334
3128,49.78253333333333
3129,367.3363333333333
3130,2.056273290232539
3131,108.82053333333333
3132,196.1634
3133,130.99273333333326
3134,254.656
3135,1.618238834297096
3136,314.7684666666667
3137,2.95643148250641
3138,111.02613333333333
3139,5.634220283655363
3140,2.079783047577609
3141,-8.494266666666668
3142,3.400890974588639
3143,106.07480000000001
3144,267.41333333333336
3145,5.535900772847954
3146,281.06126666666665
3147,115.13613333333333
3148,117.86146666666664
3149,-8.62886666666667
3150,1.712563146182403
3151,236.68986666666643
3152,7.027277275826051
3153,234.85380000000004
3154,155.92733333333334
3155,50.623466666666666
3156,48.096866666666656
3157,4.86491137125498
3158,292.2980666666668
3159,102.0102
3160,262.8526000000001
3161,-46.51133333333334
3162,2.1479730144149936
3163,183.90633333333332
3164,3.601360123290104
3165,-10.514066666666668
3166,59.07806666666664
3167,6.5562406114269525
3168,5.307780984772251
3169,3.5877268977056955
3170,208.90206666666668
3171,2.8851474402722346
3172,212.24499999999998
3173,257.4066666666667
3174,47.541533333333334
3175,-66.82153333333335
3176,3.833384831104046
3177,2.98308856168582
3178,190.11106666666666
3179,5.347061565450409
3180,323.7900000000007
3181,210.12993333333316
3182,275.0842666666667
3183,6.684404730776532
3184,160.01746666666665
3185,6.950494764193271
3186,200.9153333333334
3187,269.14833333333337
3188,-55.715199999999996
3189,257.13853333333327
3190,4.189239159967848
3191,274.25680000000006
3192,41.6774
3193,6.1843238878937905
3194,3.714968631627935
3195,6.048039292038524
3196,143.7502
3197,5.339445410266243
3198,177.24840000000006
3199,170.92399999999998
3200,1.9601800956626985
3201,333.77706666666654
3202,4.479763241867522
3203,4.557484471855181
3204,18.557066666666667
3205,6.445633638269149
3206,273.03260000000006
3207,5.835191523437573
3208,236.76540000000006
3209,-44.62426666666667
3210,7.195186740007041
3211,211.26013333333313
3212,228.60513333333333
3213,2.689614215320986
3214,248.28039999999993
3215,3.5721992266121854
3216,6.083187442898098
3217,127.57466666666667
3218,338.85993333333334
3219,113.00206666666665
3220,74.58293333333333
3221,109.71446666666665
3222,264.79526666666663
3223,359.9973333333333
3224,-82.96033333333344
3225,127.7666
3226,6.002110673581213
3227,5.910046788231165
3228,9.343266666666661
3229,299.4766666666667
3230,225.84213333333332
3231,6.774130444609826
3232,5.481602164637584
3233,5.545717179758581
3234,4.254810917115119
3235,72.54366666666667
3236,161.91133333333335
3237,7.869066666666667
3238,310.7952666666667
3239,6.5335794325306455
3240,65.34939999999997
3241,7.816599999999999
3242,2.605547636969767
3243,-11.13133333333335
3244,190.03660000000002
3245,5.067630283939868
3246,245.89866666666657
3247,6.091473869641662
3248,74.74719999999996
3249,-10.377399999999998
3250,239.13060000000013
3251,202.63253333333316
3252,113.7851333333333
3253,83.63946666666665
3254,145.905
3255,6.236527067559007
3256,6.082745608505864
3257,-3.341400000000003
3258,2.4541251767635783
3259,37.16499999999999
3260,5.839672349376742
3261,98.16973333333344
3262,334.65906666666666
3263,2.1648847709269465
3264,3.473602146345428
3265,136.8188
3266,3.8104150968179
3267,6.448762226865287
3268,3.1253559593496174
3269,5.196302184401688
3270,76.79526666666668
3271,198.5326
3272,2.3648853906080483
3273,197.2612000000001
3274,223.96953333333335
3275,127.75846666666666
3276,122.19406666666664
3277,6.295475115207044
3278,6.111717550004217
3279,3.897213759034801
3280,130.57093333333333
3281,285.8234666666667
3282,2.9002407907420906
3283,366.534
3284,329.12126666666666
3285,77.87366666666667
3286,3.127870356021854
3287,67.05059999999999
3288,50.93853333333334
3289,1.7728178380736803
3290,88.17306666666664
3291,241.10266666666666
3292,2.904773285211778
3293,51.15233333333334
3294,206.1078
3295,149.612
3296,35.425866666666664
3297,196.5164000000003
3298,2.3556352504859737
3299,247.84133333333335
3300,1.8269010333414746
3301,211.625
3302,230.53319999999985
3303,17.952999999999996
3304,240.71753333333336
3305,4.787421877667741
3306,4.63365686577598
3307,190.80053333333336
3308,2.6448746563382795
3309,5.947246273083792
3310,-43.0196
3311,2.2327749789369444
3312,3.55089520092809
3313,2.3335303165269545
3314,5.859310799582693
3315,4.235103594992985
3316,290.4525999999999
3317,306.0511333333333
3318,47.90600000000001
3319,1.914439138648476
3320,2.371996480065108
3321,5.088315451270732
3322,159.3259333333333
3323,4.589829271152674
3324,3.1344036898509287
3325,339.7834666666667
3326,95.52599999999998
3327,-58.68106666666667
3328,6.261267607515882
3329,1.8156352855629572
3330,157.23333333333332
3331,94.51066666666665
3332,3.7983061695485807
3333,221.4593333333333
3334,111.73133333333331
3335,3.651725595861387
3336,4.311969969354598
3337,2.7544254082323625
3338,1.8288795789760512
3339,38.53746666666668
3340,16.0
3341,69.62180000000002
3342,238.04413333333338
3343,102.80946666666667
3344,4.058214540274556
3345,263.4434666666668
3346,288.43513333333334
3347,174.21980000000002
3348,67.75086666666667
3349,5.801430384132552
3350,3.592886631414859
3351,3.034578971469705
3352,1.9443392027059077
3353,213.85446666666667
3354,19.253733333333336
3355,3.105016116111301
3356,318.41553333333337
3357,3.018599667529512
3358,233.58613333333332
3359,69.78286666666668
3360,169.81813333333335
3361,3.3343270666279823
3362,3.0711930421068954
3363,3.318112379082875
3364,14.420933333333341
3365,86.79013333333333
3366,57.43273333333333
3367,3.376386119835266
3368,95.15246666666665
3369,4.664920796290574
3370,46.32653333333333
3371,55.40986666666673
3372,241.8288
3373,81.6754
3374,322.11353333333324
3375,2.184411975219581
3376,2.9016936175062393
3377,88.55186666666667
3378,6.052334249505812
3379,74.1366666666667
3380,338.12633333333326
3381,6.768369827092181
3382,112.3942
3383,7.725589707713925
3384,93.10620000000002
3385,4.167059334034118
3386,13.267
3387,2.093556095103864
3388,167.42380000000003
3389,210.7893333333334
3390,2.07320176801869
3391,5.648771438599251
3392,4.937926440061442
3393,168.5612
3394,112.97926666666667
3395,5.2113337954944
3396,5.673578635235607
3397,123.77066666666664
3398,2.183416264911062
3399,202.16666666666666
3400,175.18333333333334
3401,4.999173271787353
3402,0.8073591553450601
3403,53.96300000000001
3404,100.03040000000001
3405,171.978
3406,176.22853333333327
3407,3.989977577243269
3408,99.28646666666667
3409,114.92080000000001
3410,5.91945378177104
3411,4.461325052807363
3412,53.06026666666669
3413,2.117689953085583
3414,7.167706730868842
3415,116.02919999999999
3416,61.71400000000001
3417,199.61173333333335
3418,155.04160000000007
3419,52.717299999999966
3420,31.525666666666673
3421,-81.82
3422,168.01733333333343
3423,2.052647403411247
3424,4.074833594509495
3425,25.0884
3426,3.691243938919796
3427,57.4462
3428,2.474446862261332
3429,316.97286666666673
3430,305.94586666666663
3431,122.04400000000001
3432,5.801338324511477
3433,80.39933333333333
3434,1.9589609499450287
3435,319.2223333333331
3436,218.54933333333332
3437,3.3634225777292346
3438,40.1512
3439,274.8577333333333
3440,6.429978983959115
3441,4.718065004031162
3442,240.4501333333334
3443,5.05779772788914
3444,215.69460000000018
3445,3.581029226624592
3446,5.465555701871837
3447,298.94153333333344
3448,5.346057931015498
3449,5.721641482671773
3450,109.20093333333332
3451,235.41473333333337
3452,2.0986806282086943
3453,2.9224436837503682
3454,21.93873333333333
3455,3.8816623189828827
3456,5.858194494905897
3457,3.9693845752031423
3458,5.993219395848719
3459,171.53313333333335
3460,-31.271799999999995
3461,3.1625870897485586
3462,40.95213333333333
3463,222.04233333333337
3464,4.4790886922118
3465,2.8476006709195727
3466,7.180484690111546
3467,48.543933333333335
3468,32.21206666666667
3469,319.0024666666667
3470,158.06826666666663
3471,-4.043333333333333
3472,280.7602666666666
3473,6.22660113102991
3474,3.317413333815246
3475,4.670598545586165
3476,54.46306666666667
3477,3.6045439941114124
3478,6.563560227452108
3479,2.8574954748149883
3480,131.0951333333333
3481,119.43446666666664
3482,66.99520000000001
3483,76.89459999999998
3484,176.0974
3485,2.4596165949594324
3486,223.59139999999996
3487,5.969529142779898
3488,4.5436207642766915
3489,3.241291152217998
3490,6.523904451818342
3491,3.0562628882033214
3492,2.504940165319649
3493,290.7770666666667
3494,135.4982666666667
3495,6.287475106429914
3496,-12.116200000000013
3497,4.552941514895741
3498,6.607455542404567
3499,-11.388133333333332
3500,111.32453333333333
3501,274.8319999999999
3502,6.292661094428052
3503,3.7001054192564573
3504,141.58986666666667
3505,170.1786666666667
3506,109.17333333333336
3507,6.190089448049288
3508,2.7300578448335457
3509,3.0313822897258906
3510,270.5100666666667
3511,2.076203110538427
3512,57.617066666666666
3513,98.36086666666667
3514,3.160759192984687
3515,85.19133333333333
3516,3.154920236833388
3517,203.15233333333333
3518,4.4558573826604775
3519,209.60600000000005
3520,318.9441999999999
3521,1.9138803787330931
3522,156.83386666666667
3523,4.744320998480591
3524,6.469637142715696
3525,5.275848493944578
3526,44.76893333333334
3527,1.6519999666780603
3528,276.673933333333
3529,187.95066666666662
3530,2.737047809066464
3531,108.51759999999999
3532,259.93399999999997
3533,48.737300000000005
3534,8.301678007881959
3535,87.50293333333336
3536,3.30688548721117
3537,70.3574
3538,6.805458964918232
3539,41.66219999999999
3540,136.79559999999998
3541,-65.446
3542,2.7091962802420273
3543,168.78359999999995
3544,32.88833333333335
3545,2.497236601538118
3546,6.056053423711757
3547,175.0988
3548,4.910067634815234
3549,1.7162030078641404
3550,4.705507853178019
3551,4.9082808766157795
3552,5.708785255008207
3553,7.249858030635079
3554,196.41300000000007
3555,3.8075052002316547
3556,1.770795071422791
3557,109.32446666666665
3558,5.461697026872221
3559,82.55986666666678
3560,69.43146666666667
3561,6.4715234957679515
3562,37.61493333333333
3563,-47.62900000000003
3564,5.834733691454739
3565,5.050350283831656
3566,158.77693333333335
3567,2.110337835722082
3568,266.44186666666667
3569,170.88026666666667
3570,38.41006666666665
3571,202.44719999999998
3572,1.5880423192782223
3573,6.071694139053073
3574,5.60551424051811
3575,1.2433515998092182
3576,5.249913242354527
3577,5.894384796774267
3578,57.96419999999995
3579,2.0811051512261
3580,77.48719999999999
3581,262.73853333333335
3582,41.84526666666666
3583,88.69466666666666
3584,6.26086733562246
3585,41.869600000000005
3586,5.807916957169249
3587,39.533533333333324
3588,3.3682444290882207
3589,224.99766666666673
3590,3.3428308692481528
3591,3.4468237327420908
3592,195.10926666666666
3593,5.438998408846122
3594,22.018300000000007
3595,6.554673706831688
3596,35.80886666666667
3597,276.88733333333334
3598,74.41593333333333
3599,82.74286666666667
3600,2.7209153291080987
3601,285.06259999999986
3602,53.51186666666668
3603,5.219059337294557
3604,2.3830855024772415
3605,163.81846666666667
3606,2.3183084190967724
3607,3.161554818201608
3608,268.46713333333327
3609,187.24259999999995
3610,67.47726666666668
3611,5.7452358198992775
3612,301.77079999999995
3613,6.509376609708767
3614,5.024404888867752
3615,6.618174046327029
3616,78.22559999999999
3617,4.875186103568089
3618,2.9228815500095333
3619,-40.184133333333335
3620,5.056999999999999
3621,56.80933333333335
3622,5.240069052993184
3623,256.5149333333333
3624,-0.49293333333333395
3625,104.23333333333332
3626,27.48526666666666
3627,32.80293333333333
3628,6.276890949355323
3629,46.094133333333346
3630,258.94193333333334
3631,309.148
3632,255.32899999999995
3633,244.94706666666667
3634,116.34559999999996
3635,124.90179999999995
3636,4.7303705473117486
3637,43.583333333333336
3638,53.62566666666667
3639,4.945306632956182
3640,318.9051999999999
3641,230.06980000000004
3642,157.94
3643,182.1120000000002
3644,6.656758057328303
3645,103.03033333333333
3646,2.278817848441187
3647,5.778399717977443
3648,243.99020000000002
3649,5.71
3650,2.6610931817285186
3651,190.86
3652,50.002199999999995
3653,10.21
3654,70.0742
3655,2.072521386351734
3656,145.66019999999997
3657,5.492995109235761
3658,8.433089545731503
3659,4.227072051542739
3660,5.739158470228129
3661,58.18866666666666
3662,2.134917692914218
3663,5.945960445217812
3664,119.88566666666665
3665,4.869855089253996
3666,289.0733333333333
3667,241.91946666666666
3668,257.33639999999997
3669,221.46660000000003
3670,8.148904458143374
3671,6.756682528149561
3672,237.13760000000008
3673,5.199549338107283
3674,295.4842
3675,152.28220000000002
3676,41.18166666666666
3677,61.72846666666668
3678,-9.074666666666666
3679,4.496215543620683
3680,4.1926496577452745
3681,142.46533333333332
3682,99.19713333333334
3683,169.3008
3684,39.74260000000002
3685,148.43800000000002
3686,286.6978666666666
3687,97.48459999999996
3688,253.63426666666686
3689,2.5100889197983767
3690,186.128
3691,216.9134
3692,293.32273333333336
3693,268.7006
3694,1.756919444440678
3695,249.25779999999995
3696,199.35380000000004
3697,0.7641269857347014
3698,-15.143533333333334
3699,4.197075072327068
3700,5.658777329734358
3701,384.0157999999994
3702,3.9397398670198003
3703,4.149274587543136
3704,6.3558388017753495
3705,1.3805962041276398
3706,50.8922
3707,-25.4562
3708,126.53093333333337
3709,3.4076039946526158
3710,5.324226251372419
3711,333.3343333333333
3712,97.76353333333331
3713,5.81261374730911
3714,311.4019333333334
3715,2.7178052878944277
3716,2.045113506861858
3717,152.95533333333333
3718,78.59826666666666
3719,155.19646666666668
3720,153.70240000000013
3721,3.0399924163001373
3722,3.855598896783495
3723,2.9391467613608326
3724,1.9028355699375041
3725,72.37666666666667
3726,1.7352082686536279
3727,230.26179999999994
3728,86.69433333333333
3729,-52.66073333333334
3730,136.42686666666665
3731,83.25993333333334
3732,3.4529162253133685
3733,-29.262466666666672
3734,3.183391678457046
3735,2.1329719404520633
3736,-20.002133333333333
3737,6.924386805881796
3738,200.538
3739,-56.78873333333333
3740,237.3554666666666
3741,40.86793333333334
3742,260.9755333333333
3743,2.516924503364657
3744,93.8572
3745,26.437266666666677
3746,5.410440310669065
3747,4.7818338624001075
3748,186.43899999999994
3749,144.98739999999998
3750,1.5851061203055328
3751,230.02446666666665
3752,83.15233333333333
3753,4.829170055125365
3754,3.8387438890160275
3755,69.72100000000002
3756,5.154847457091543
3757,41.47530000000002
3758,5.886845203107428
3759,44.9067
3760,1.9925036182977869
3761,6.535972127988275
3762,6.225401403034208
3763,125.41333333333333
3764,160.5088
3765,358.98119999999983
3766,6.682903982747446
3767,289.5358
3768,75.17000000000002
3769,1.6156446290007331
3770,123.24466666666667
3771,2.593657597172606
3772,199.59840000000003
3773,251.34333333333333
3774,2.4762331691650967
3775,3.8750465286825806
3776,194.75379999999984
3777,6.0754322139414505
3778,212.02960000000002
3779,263.57966666666675
3780,6.11494241494975
3781,6.463350788009874
3782,2.3245394783218476
3783,1.6034178576512925
3784,5.307579456687713
3785,22.53199999999999
3786,80.93220000000001
3787,5.9002482480821525
3788,6.733121186088104
3789,314.10566666666665
3790,6.982209979204166
3791,6.32377463805751
3792,3.5111118305854783
3793,-19.70606666666665
3794,-18.058000000000003
3795,234.85986666666673
3796,184.79253333333335
3797,4.655090096186942
3798,122.9982
3799,-65.2124
3800,230.1212666666666
3801,123.27993333333329
3802,149.12086666666664
3803,78.06206666666665
3804,44.60393333333334
3805,4.217925278406948
3806,3.002646289645158
3807,96.39219999999999
3808,3.615273734405985
3809,-45.16446666666667
3810,2.6829224701651317
3811,4.427670375945782
3812,265.24333333333334
3813,3.6979080455522775
3814,290.35613333333316
3815,7.277830532295864
3816,3.625291643258614
3817,48.51386666666664
3818,6.217611859789738
3819,2.4624991580581432
3820,109.55299999999997
3821,7.741872911201736
3822,5.144009794015728
3823,271.2111333333333
3824,4.995889189662098
3825,260.09113333333335
3826,6.029922899917187
3827,281.62126666666666
3828,289.8043333333333
3829,6.4557955505916045
3830,225.1810666666664
3831,64.08786666666667
3832,1.7947651626583856
3833,49.79126666666665
3834,39.71246666666666
3835,2.590721994781264
3836,5.13770498566196
3837,6.763506559992583
3838,6.059078408702119
3839,248.04733333333334
3840,5.792133601615859
3841,128.92333333333335
3842,3.064706069551757
3843,233.0215333333333
3844,5.874799931554637
3845,6.1738223624070825
3846,6.157789299829068
3847,74.83766666666668
3848,117.30246666666667
3849,192.16013333333333
3850,14.207066666666666
3851,131.92340000000002
3852,244.1763333333334
3853,5.573091927095154
3854,236.54586666666674
3855,1.9308960962139774
3856,59.87573333333349
3857,4.189990553444479
3858,2.8328032653756967
3859,264.0
3860,6.439913418814972
3861,-70.72186666666667
3862,-18.497133333333334
3863,3.0210874703681894
3864,2.867170209705853
3865,263.2065333333333
3866,4.397164636688927
3867,201.2579333333333
3868,4.302512414717587
3869,3.0752235281373803
3870,101.65113333333332
3871,49.93253333333333
3872,3.9777151428404123
3873,34.835333333333324
3874,360.44599999999986
3875,273.8259333333333
3876,103.59333333333333
3877,-72.88033333333334
3878,174.14286666666666
3879,268.866
3880,6.518937097155141
3881,3.5036121964855793
3882,2.6550742850983697
3883,187.24633333333333
3884,149.23666666666668
3885,6.39817155575051
3886,5.411260792222367
3887,6.176122818831253
3888,2.8304145382377137
3889,204.08739999999997
3890,1.2692253314495747
3891,3.252277805827537
3892,139.78899999999996
3893,3.6553955495518187
3894,308.23106666666666
3895,-26.233466666666686
3896,23.485666666666663
3897,235.3317333333333
3898,198.9114666666666
3899,1.7524301624817908
3900,85.68893333333327
3901,118.74620000000002
3902,2.9473253431497697
3903,68.78046666666667
3904,71.0694
3905,3.596346933997988
3906,7.483181519149499
3907,218.89766666666668
3908,141.46519999999998
3909,3.6049565484348194
3910,3.9770016738871328
3911,233.63600000000002
3912,4.346607156474523
3913,32.57546666666669
3914,274.57886666666667
3915,7.93258692584463
3916,5.692935839030515
3917,3.9733321677411175
3918,-47.478866666666654
3919,5.196516336323123
3920,37.40399999999998
3921,70.22979999999998
3922,7.336730188973507
3923,3.76160794678556
3924,388.9246000000008
3925,53.868599999999994
3926,2.581467814671646
3927,242.07779999999988
3928,3.3198411543913577
3929,5.761846473238064
3930,6.386903453295665
3931,191.8787333333333
3932,3.701195521766256
3933,2.628018857351261
3934,6.502251972785655
3935,201.12813333333332
3936,1.9991483750236678
3937,3.195343179442363
3938,2.4752445111774386
3939,288.97113333333346
3940,5.865593379390836
3941,5.9041511727787075
3942,6.096767886467219
3943,3.301605371644963
3944,7.37828324959081
3945,347.2664666666667
3946,214.2472666666667
3947,62.0838
3948,149.40766666666661
3949,5.562404287305563
3950,265.61226666666664
3951,1.7057707250642924
3952,86.95706666666666
3953,137.5306666666667
3954,2.4251690586496624
3955,5.30699435168367
3956,134.59786666666665
3957,52.72826666666667
3958,125.47973333333327
3959,237.315
3960,6.121179017373105
3961,6.954865799342894
3962,115.76106666666658
3963,5.934037342045637
3964,115.9938
3965,6.09896163874225
3966,3.3972383528237784
3967,4.412226584869286
3968,162.70933333333335
3969,94.48853333333334
3970,2.686920478901633
3971,3.5524428062047315
3972,2.9191358249942243
3973,3.165838510777594
3974,35.947733333333346
3975,19.159533333333343
3976,3.3981683025218374
3977,4.199239174987937
3978,3.5754664973711745
3979,124.74159999999999
3980,242.20086666666663
3981,255.4132666666666
3982,5.901469816494558
3983,3.122886196473469
3984,400.711133333333
3985,234.2494666666667
3986,121.43146666666667
3987,120.49133333333334
3988,3.8123358254243684
3989,10.833333333333336
3990,80.21333333333334
3991,262.50726666666674
3992,6.0921896775309055
3993,6.285183858347386
3994,83.73246666666667
3995,123.31766666666667
3996,3.5702753499757556
3997,97.7243333333333
3998,2.0695886100065777
3999,246.24973333333327
4000,5.458700182613417
4001,4.2500447487032185
4002,36.39913333333333
4003,172.13566666666668
4004,2.500650657029446
4005,315.6292000000003
4006,121.57993333333332
4007,7.84806456424756
4008,3.4946754144939467
4009,5.589067078964417
4010,221.62266666666673
4011,4.072188550408235
4012,6.419211555748541
4013,246.81446666666665
4014,6.009723052632647
4015,5.806237405326462
4016,62.85186666666666
4017,155.27819999999997
4018,137.7588
4019,0.9183672001764304
4020,1.8925905980056865
4021,146.2578666666667
4022,71.33326666666666
4023,3.982407424040791
4024,111.57333333333342
4025,63.82086666666667
4026,138.78706666666668
4027,193.78486666666663
4028,111.37546666666651
4029,7.361295165102124
4030,2.325708974582403
4031,90.03373333333333
4032,87.34313333333331
4033,2.941329734179217
4034,253.90906666666666
4035,117.39646666666665
4036,3.172763486933635
4037,3.951441483201896
4038,5.9332891467513855
4039,5.848760816335083
4040,119.21666666666667
4041,321.06320000000005
4042,65.00573333333332
4043,244.17166666666668
4044,4.715162379790208
4045,41.03253333333332
4046,6.026797242304143
4047,3.564915934379589
4048,264.3248
4049,159.68413333333334
4050,282.36760000000004
4051,65.61419999999994
4052,2.905928573977768
4053,3.980143223771458
4054,5.392593286364175
4055,3.558798557673132
4056,253.09733333333338
4057,7.057747860632871
4058,255.53066666666672
4059,70.72413333333336
4060,247.34066666666666
4061,57.81073333333336
4062,3.7700421592670077
4063,2.13135535048089
4064,173.17413333333332
4065,2.2051960226998872
4066,92.84600000000005
4067,186.8085999999999
4068,186.0445333333334
4069,319.5915333333334
4070,3.0241998519194073
4071,3.07724209560237
4072,2.332684688161044
4073,3.7605498446876853
4074,3.694129887422391
4075,-38.40786666666667
4076,58.3077333333333
4077,4.831547900231523
4078,6.199357993008459
4079,7.642109592476343
4080,269.1556
4081,4.457153908700937
4082,122.55726666666666
4083,3.188542458161111
4084,0.23973333333333305
4085,33.3904
4086,4.578266666666673
4087,4.2383282183720254
4088,4.952335442570427
4089,84.80633333333333
4090,159.49246666666667
4091,4.18945773232265
4092,80.7602
4093,-2.0869999999999997
4094,5.258757078191147
4095,6.7701068561604405
4096,2.510076624293407
4097,2.9360830919922702
4098,2.466465104109729
4099,-17.098866666666666
4100,81.76579999999998
4101,5.938691121835328
4102,4.187600828574418
4103,71.53039999999996
4104,202.8862
4105,6.150036247553794
4106,114.1238
4107,103.72933333333324
4108,74.98406666666664
4109,233.14133333333356
4110,5.660672340038142
4111,69.28773333333329
4112,110.80220000000001
4113,3.072647233496123
4114,4.8567508111887525
4115,74.7484
4116,153.97626666666667
4117,89.24499999999993
4118,277.1812
4119,256.0386666666667
4120,189.12626666666662
4121,80.76333333333334
4122,-25.6536
4123,2.1696353180993424
4124,109.91673333333327
4125,2.7074095266159204
4126,58.984733333333324
4127,5.645373364971415
4128,1.6784946862851082
4129,6.249918419602389
4130,1.8099260800258237
4131,59.46046666666676
4132,5.90579552194338
4133,5.024057314524083
4134,116.99759999999992
4135,-10.514666666666663
4136,191.12146666666666
4137,362.83399999999995
4138,-1.2739333333333325
4139,88.62859999999999
4140,70.70186666666666
4141,4.532343138492289
4142,124.97153333333333
4143,278.7676666666666
4144,75.91233333333334
4145,164.95033333333353
4146,69.4244
4147,71.4214
4148,273.63080000000014
4149,65.79593333333334
4150,56.54993333333336
4151,52.73786666666665
4152,120.24840000000002
4153,4.220104969268778
4154,360.375
4155,149.33353333333332
4156,3.4482098534260053
4157,-25.1858
4158,4.186841658041003
4159,4.14114443324729
4160,165.42393333333334
4161,174.2665333333333
4162,6.319921836397668
4163,87.23546666666667
4164,156.51113333333333
4165,29.604266666666668
4166,50.672066666666666
4167,118.27726666666665
4168,-5.347999999999999
4169,2.3325125977155907
4170,1.0797333333333345
4171,94.2586
4172,4.759168754874526
4173,4.210835258249473
4174,90.27706666666671
4175,126.81580000000004
4176,1.9884955103367354
4177,4.318409309831924
4178,7.558600000000003
4179,128.08586666666667
4180,165.4408666666666
4181,80.35959999999997
4182,63.6634
4183,36.37893333333332
4184,188.4444666666667
4185,300.08226666666667
4186,2.7405054961425392
4187,83.83406666666667
4188,3.8184591435680106
4189,4.433924976565022
4190,121.26700000000001
4191,1.9344913335298197
4192,29.532666666666664
4193,52.62706666666668
4194,5.940511491594257
4195,4.349262882603255
4196,124.15353333333333
4197,6.366120038346492
4198,2.9183347766128453
4199,5.080852791362537
4200,291.2364666666666
4201,260.36006666666657
4202,154.76513333333332
4203,4.92976892573189
4204,87.69186666666666
4205,4.966349771913695
4206,7.550614846624517
4207,124.55913333333334
4208,149.2842
4209,245.12613333333329
4210,-56.102266666666665
4211,1.9989213749463604
4212,5.858538328824138
4213,-26.514266666666693
4214,6.675282678394235
4215,3.046429030087178
4216,1.9599249161964987
4217,3.1562154866108556
4218,5.603439479239093
4219,42.110400000000006
4220,74.88346666666668
4221,2.1726723551665446
4222,117.6524666666667
4223,2.977043173605995
4224,6.139040878530883
4225,4.4116226301519665
4226,292.95400000000006
4227,2.8991785682888698
4228,223.65226666666658
4229,122.89139999999998
4230,3.040693317069914
4231,2.14241463523737
4232,58.15886666666667
4233,3.214582830612396
4234,-10.572799999999994
4235,67.92506666666665
4236,241.40226666666666
4237,160.429
4238,2.9481615981313474
4239,34.9982
4240,9.843333333333327
4241,63.391133333333336
4242,241.94293333333331
4243,-36.19160000000004
4244,327.0014
4245,5.2604841610309405
4246,2.0629405243619017
4247,3.3287582140374843
4248,4.044491175279879
4249,-47.98513333333334
4250,5.0206
4251,301.85920000000004
4252,6.430457824269472
4253,5.930168415924164
4254,5.034761930295667
4255,-54.903466666666645
4256,3.803933333333334
4257,94.68186666666666
4258,2.489272574657894
4259,1.5892732801648086
4260,81.88373333333332
4261,2.3957597491757605
4262,301.5832
4263,92.15013333333332
4264,2.4074163025728934
4265,41.72233333333333
4266,4.270906087354518
4267,6.338555135015111
4268,5.972974744850369
4269,175.91173333333336
4270,214.6018
4271,171.26946666666672
4272,4.59192778918279
4273,7.560202897407389
4274,95.25406666666667
4275,6.948110464885525
4276,312.9141333333333
4277,225.80666666666667
4278,378.56353333333334
4279,317.34206666666665
4280,114.31446666666668
4281,55.01246666666666
4282,11.598333333333331
4283,6.962711953080757
4284,4.345581094549481
4285,117.38213333333336
4286,274.57073333333324
4287,1.786349536986791
4288,171.37686666666667
4289,213.48579999999998
4290,164.1257333333333
4291,2.922162221519944
4292,5.02928831116674
4293,-1.891933333333333
4294,-44.837799999999994
4295,0.9718025959982588
4296,5.64883023269832
4297,6.887298497780873
4298,6.056907995205934
4299,79.22026666666667
4300,47.0
4301,-33.55979999999995
4302,172.14333333333335
4303,1.8202788147798743
4304,-52.9808666666667
4305,3.8052862236051963
4306,293.8713333333334
4307,2.7543477449515774
4308,37.38460000000001
4309,4.528200775775424
4310,2.931817226185925
4311,-0.30873333333333325
4312,234.75906666666668
4313,3.043793026857011
4314,3.063506130235097
4315,236.5884
4316,1.7316550222509874
4317,178.76119999999997
4318,5.997438713572622
4319,37.63766666666667
4320,145.43406666666664
4321,4.766638810162527
4322,293.5651333333333
4323,66.182
4324,3.8656613329850082
4325,7.036446543772344
4326,3.9900497622981552
4327,99.12473333333332
4328,158.57813333333314
4329,210.66453333333328
4330,16.924199999999992
4331,2.5588686105782217
4332,2.381750728610048
4333,243.0621333333334
4334,3.7440651493690664
4335,3.2218603292367236
4336,2.301697240908978
4337,5.8941360102472355
4338,-14.576799999999997
4339,5.50380718219777
4340,-43.38806666666667
4341,62.955
4342,196.6376666666667
4343,186.2652000000001
4344,111.7188666666666
4345,5.835077535612888
4346,4.94952609435064
4347,224.07873333333336
4348,5.894952606081338
4349,124.85979999999999
4350,-46.10279999999999
4351,143.4203333333333
4352,191.92300000000006
4353,4.9890393259125
4354,138.07166666666666
4355,118.83813333333322
4356,2.0014009720321986
4357,4.979029950490747
4358,302.6001333333333
4359,230.27653333333328
4360,3.395056642955391
4361,56.42060000000007
4362,0.6610175434784337
4363,3.396730410741001
4364,4.801186617338914
4365,1.6239656051904305
4366,3.134544116535977
4367,250.07299999999995
4368,-28.964933333333295
4369,78.80680000000001
4370,6.399290016473378
4371,208.84813333333332
4372,75.56099999999995
4373,321.1174666666667
4374,6.850101030801705
4375,227.54406666666654
4376,295.5993333333333
4377,5.171705084311014
4378,5.582971705653599
4379,176.32066666666668
4380,3.1176672611896072
4381,2.3599735096712684
4382,6.749334478894288
4383,44.34226666666672
4384,5.084064954899717
4385,208.48746666666656
4386,11.693133333333327
4387,309.9574000000001
4388,78.64753333333331
4389,6.724109717421557
4390,4.115617883466889
4391,3.413608666757655
4392,2.7330622023786817
4393,111.22080000000001
4394,110.46786666666654
4395,3.1779141484961904
4396,0.8455999999999998
4397,2.5897587747789816
4398,6.278926295645366
4399,3.6998539340928156
4400,257.57666666666665
4401,6.731711983225838
4402,222.22366666666667
4403,264.0141333333333
4404,254.71719999999996
4405,359.78240000000005
4406,47.27386666666666
4407,56.343866666666656
4408,6.415830947053922
4409,105.11686666666667
4410,-93.56666666666666
4411,2.4035745516657143
4412,281.953
4413,207.9563333333329
4414,4.17887369469405
4415,196.4484666666663
4416,63.277466666666655
4417,2.9593820678913896
4418,223.12486666666638
4419,277.3882
4420,322.4818
4421,343.7872666666664
4422,15.36006666666666
4423,2.5459162124547867
4424,48.693799999999996
4425,182.98833333333334
4426,5.496788806389276
4427,222.2543333333333
4428,6.0460392159204375
4429,4.634589948512455
4430,5.25891416253393
4431,183.30593333333334
4432,3.782306475383268
4433,4.052784336293897
4434,113.34253333333331
4435,5.787662552997157
4436,6.509175216694649
4437,-19.97806666666666
4438,107.87533333333336
4439,7.00036086124959
4440,266.2037333333334
4441,1.7050303008848424
4442,301.95693333333355
4443,6.698715510791507
4444,256.90113333333386
4445,3.909957268898927
4446,3.6080548775337484
4447,112.57213333333331
4448,4.911094364116214
4449,-34.37913333333333
4450,182.84406666666663
4451,115.32473333333333
4452,292.78479999999996
4453,226.89180000000002
4454,4.991777440284663
4455,5.718651878216209
4456,199.87599999999998
4457,3.977164813843845
4458,7.182953619747873
4459,76.32599999999998
4460,0.3936
4461,117.59226666666669
4462,152.7224
4463,39.651066666666665
4464,4.549882012730785
4465,115.03806666666665
4466,4.58263326921906
4467,32.81340000000001
4468,1.822046136284293
4469,1.9946790207360476
4470,4.808294237935655
4471,2.7147121363582625
4472,218.48713333333362
4473,4.200236975070845
4474,262.58686666666677
4475,4.492626255289319
4476,86.9629333333333
4477,5.868203148946276
4478,4.316874235082194
4479,109.56773333333334
4480,286.3016
4481,3.9446761316759225
4482,236.32780000000002
4483,81.3644
4484,297.95859999999993
4485,221.39933333333346
4486,2.301394714999346
4487,88.21333333333334
4488,59.384
4489,-50.429999999999986
4490,112.57486666666667
4491,6.100812991331971
4492,268.98633333333333
4493,310.942
4494,37.62746666666665
4495,2.896493522917331
4496,45.241066666666676
4497,6.8104256500130065
4498,205.4608
4499,307.2342666666666
4500,159.27740000000006
4501,4.966788976143104
4502,6.083405696963525
4503,198.10926666666654
4504,32.78933333333333
4505,70.81113333333333
4506,2.4954999342390742
4507,-11.216066666666666
4508,138.00186666666667
4509,36.37086666666667
4510,2.2076285464171046
4511,250.6436666666667
4512,57.38666666666667
4513,114.41293333333333
4514,2.5598375019096213
4515,3.0579476053666466
4516,3.5072072353323875
4517,5.17565661167938
4518,19.2192
4519,109.99199999999992
4520,52.035199999999996
4521,2.5061229264667824
4522,80.1332
4523,6.718746608236205
4524,247.03706666666668
4525,13.0842
4526,2.2651384773941814
4527,101.20853333333332
4528,71.25966666666669
4529,101.0272
4530,155.83979999999994
4531,4.15056931829506
4532,4.443789352401005
4533,4.377033855519546
4534,59.81139999999999
4535,6.399240727116326
4536,1.8267464436060379
4537,1.863213714203581
4538,6.255888070234183
4539,310.49086666666653
4540,146.32
4541,3.3696123244570835
4542,2.5262065978740162
4543,206.09
4544,32.33433333333333
4545,5.318447633728298
4546,43.59643333333333
4547,5.741514822875609
4548,167.08066666666664
4549,4.619752546865064
4550,214.20446666666672
4551,30.416666666666668
4552,95.58686666666667
4553,117.77493333333332
4554,5.171966886538766
4555,192.06453333333337
4556,297.1207333333334
4557,4.991506843047264
4558,4.299859814475561
4559,64.33106666666667
4560,7.330386343188604
4561,5.013266884852973
4562,177.72746666666674
4563,47.0
4564,226.2784
4565,51.86246666666669
4566,227.43026666666668
4567,264.42780000000005
4568,145.33933333333312
4569,4.741436733040534
4570,210.4123333333333
4571,299.5604000000001
4572,5.1852383557004345
4573,3.357578305913118
4574,1.3237375913418226
4575,5.95425594483922
4576,147.36426666666665
4577,227.46320000000006
4578,63.90999999999999
4579,41.00946666666666
4580,0.5836702952315368
4581,355.3818
4582,58.60526666666667
4583,1.7161369409365048
4584,279.4627999999999
4585,44.774999999999984
4586,6.374182614789861
4587,3.8515762677709175
4588,1.9592438773464973
4589,4.1221906809371465
4590,2.4661119219811534
4591,66.33166666666666
4592,5.371241819517923
4593,127.2046
4594,-28.12580000000002
4595,3.1122871746971175
4596,65.2397
4597,141.12026666666668
4598,4.532467644039201
4599,-43.78166666666668
4600,83.9602
4601,7.839141722638022
4602,5.069824812019264
4603,5.3773140659300065
4604,85.53253333333335
4605,1.254301471591552
4606,140.43640000000002
4607,53.454133333333324
4608,4.1484973473141356
4609,223.4813333333333
4610,133.95833333333337
4611,87.48593333333335
4612,2.528410618032918
4613,-41.75660000000002
4614,62.998000000000005
4615,-28.806066666666663
4616,4.760085688888996
4617,5.023217513774504
4618,3.820538139160386
4619,6.615675388591865
4620,6.785490445809484
4621,105.64640000000004
4622,4.046578664231748
4623,5.377160406110684
4624,1.796341092236652
4625,75.37266666666665
4626,44.242000000000004
4627,5.012838701830994
4628,6.086616258059578
4629,63.72579999999999
4630,5.2839184768108405
4631,-12.767266666666666
4632,6.586253268490682
4633,225.10200000000003
4634,5.779895232215061
4635,5.983527596450833
4636,79.0458000000001
4637,6.977722963819528
4638,383.56586666666664
4639,292.33186666666666
4640,2.0203864523616057
4641,203.83973333333344
4642,155.43313333333336
4643,54.4836
4644,44.016333333333336
4645,5.798604766611504
4646,34.74333333333333
4647,22.369466666666664
4648,184.86793333333333
4649,119.25873333333331
4650,135.80233333333334
4651,71.034
4652,4.888924578220413
4653,254.40266666666662
4654,11.455399999999988
4655,5.395098766127879
4656,2.9892168599201896
4657,3.0654161536929436
4658,6.205188015952779
4659,84.96579999999997
4660,2.336772789642947
4661,2.4860243929639068
4662,3.7007920690516345
4663,120.28333333333333
4664,5.835191523437573
4665,149.78446666666665
4666,265.66479999999996
4667,1.9242244715309753
4668,96.79253333333332
4669,258.3692
4670,34.974666666666664
4671,1.8948007509203222
4672,0.7448599693588387
4673,85.51273333333332
4674,289.2384
4675,1.7954116502457143
4676,126.49346666666665
4677,50.6054
4678,5.615137505916715
4679,99.50533333333333
4680,4.532243930455112
4681,1.8955611989260972
4682,193.13133333333332
4683,144.89206666666678
4684,113.14066666666665
4685,257.3061333333334
4686,3.9565752299399874
4687,238.7686666666667
4688,323.4967333333333
4689,105.73053333333328
4690,6.065859076704491
4691,6.616858200431767
4692,4.444663605896222
4693,78.40726666666667
4694,4.386679342885486
4695,380.34799999999996
4696,4.5788209597115905
4697,2.642618686003354
4698,4.615821218444137
4699,3.3930771516888827
4700,99.72799999999998
4701,5.990873790705357
4702,1.9038423252963788
4703,3.7449922838823904
4704,4.513294644922101
4705,285.25826666666666
4706,3.149572356095154
4707,5.033975675090517
4708,3.0413495107562896
4709,79.5668
4710,165.95066666666665
4711,6.392004222203985
4712,241.32399999999998
4713,3.869997080615928
4714,5.392976568742185
4715,60.40846666666666
4716,137.78813333333335
4717,7.199860518406404
4718,5.656226795005248
4719,194.06220000000002
4720,135.42639999999997
4721,6.388322835628921
4722,3.908901515188569
4723,6.4451433866715835
4724,59.30613333333336
4725,195.0766
4726,2.8786275088930955
4727,279.69259999999997
4728,242.39013333333338
4729,4.165010662468934
4730,156.78666666666666
4731,130.83666666666664
4732,22.937800000000003
4733,5.048474455216899
4734,6.246490918273591
4735,5.808173261861658
4736,3.5815411759477365
4737,35.519666666666666
4738,-22.67266666666667
4739,182.06833333333333
4740,314.94513333333333
4741,4.895373586676157
4742,111.64419999999998
4743,6.015018617464278
4744,274.2763333333333
4745,94.13373333333332
4746,4.288355265924199
4747,3.25722920129555
4748,3.0698126132643218
4749,6.138348172218127
4750,5.803484186810276
4751,3.92126915515409
4752,101.4156
4753,149.72333333333333
4754,148.9514
4755,4.159742248691596
4756,2.0235463652263586
4757,3.8555694254191395
4758,73.38973333333334
4759,90.37773333333334
4760,4.842858081119629
4761,2.848017417112827
4762,177.38819999999998
4763,220.0
4764,2.445854972206333
4765,304.36266666666666
4766,55.73333333333335
4767,42.7338
4768,28.5594
4769,-9.698333333333334
4770,30.023333333333323
4771,33.50246666666665
4772,3.623508507006201
4773,4.0678805144739885
4774,150.79733333333346
4775,2.366784510995562
4776,2.7199747901741578
4777,152.50799999999992
4778,4.911508154000096
4779,28.49273333333333
4780,2.218117620518339
4781,50.922000000000054
4782,3.862668770289079
4783,3.729840354806806
4784,2.78229780512085
4785,81.18839999999997
4786,64.39626666666668
4787,5.93379792040984
4788,3.5880340143634095
4789,3.388836228035627
4790,128.3756
4791,189.07466666666664
4792,4.51640110116918
4793,161.49206666666657
4794,68.44253333333334
4795,223.4896000000001
4796,3.385586921222276
4797,200.08053333333334
4798,5.892985242062375
4799,4.2138352168342506
4800,339.7250666666669
4801,3.6400823709332086
4802,4.777660545891082
4803,258.3224
4804,2.3260792947935935
4805,243.44079999999994
4806,4.467638933417341
4807,2.738732609351462
4808,74.16086666666666
4809,104.21520000000001
4810,1.6342705359234706
4811,2.1379655811895146
4812,5.03231260323382
4813,290.66066666666677
4814,234.24553333333333
4815,2.877287374202983
4816,2.644579856405001
4817,6.594755707267764
4818,1.6871738728700134
4819,111.47586666666669
4820,2.6616499908630655
4821,195.64526666666669
4822,126.41100000000002
4823,4.94404883814127
4824,3.1015857983050905
4825,235.0966
4826,4.52468835796882
4827,5.6575140341706005
4828,212.57346666666663
4829,130.96366666666668
4830,113.51160000000002
4831,173.6743333333333
4832,6.890239801119508
4833,3.660899249871819
4834,110.51599999999996
4835,4.137147665115732
4836,6.27015106565302
4837,199.58573333333334
4838,23.09013333333333
4839,287.4857333333334
4840,3.0354438385081797
4841,145.40093333333334
4842,25.31446666666667
4843,2.3641621679960942
4844,4.064740631530336
4845,4.75508425247954
4846,7.104786987264424
4847,3.3732412775414398
4848,2.284029472092408
4849,3.8861730721518883
4850,7.138715901998253
4851,6.555877710954293
4852,86.32379999999999
4853,335.15866666666676
4854,2.6660352102986438
4855,3.519514542585088
4856,188.34293333333335
4857,244.77833333333334
4858,257.84613333333334
4859,136.5622666666667
4860,278.18453333333343
4861,18.898733333333332
4862,113.8135333333333
4863,6.759686157751077
4864,5.996704395572395
4865,1.858772550882747
4866,0.900666121389792
4867,2.7816166249938634
4868,57.24746666666666
4869,1.0282683491844737
4870,113.7132
4871,7.864341228690318
4872,2.331469269239998
4873,288.7129333333333
4874,-4.089866666666667
4875,2.8872289684755494
4876,233.64793333333336
4877,6.507081025718369
4878,88.87426666666666
4879,76.70366666666666
4880,6.102240230193999
4881,6.071324678894774
4882,57.907866666666656
4883,1.8622726748034122
4884,148.38
4885,-47.065799999999996
4886,243.86206666666666
4887,4.854486371326863
4888,283.425
4889,26.951733333333333
4890,229.7058666666666
4891,159.6414
4892,1.9717605844084445
4893,5.951208137913758
4894,111.97759999999997
4895,6.651925109642065
4896,5.657086563553988
4897,6.300966428450474
4898,42.97726666666666
4899,232.22513333333336
4900,2.6193982814566525
4901,252.91573333333335
4902,4.35032681576388
4903,115.4944
4904,383.0614
4905,105.16173333333332
4906,160.65686666666664
4907,194.51686666666666
4908,5.10931929036974
4909,177.53733333333332
4910,144.30013333333338
4911,88.85900000000001
4912,5.178978724410905
4913,188.82119999999998
4914,132.23573333333331
4915,3.635541437490744
4916,4.836563229170249
4917,6.6681632060849525
4918,2.530612701015795
4919,107.89213333333335
4920,1.9992556858469253
4921,-12.056666666666667
4922,188.26660000000004
4923,204.09353333333317
4924,5.297697663344313
4925,2.4319488147081554
4926,1.346795262259252
4927,5.9406114029277015
4928,2.8560751127987514
4929,87.78026666666666
4930,85.6408
4931,-39.147733333333335
4932,5.813419893397782
4933,274.1436
4934,-59.0088666666667
4935,28.32306666666666
4936,253.41639999999998
4937,38.0102
4938,99.95933333333333
4939,43.699200000000005
4940,4.158716331709702
