id,target
1,4.168149148202379
2,2.5830648339865596
3,316.021905738565
4,-27.863879906429148
5,4.241282049614962
6,6.637333212751179
7,5.448598117210341
8,72.06910545261087
9,80.87861843084853
10,80.49372870252621
11,47.687706724706636
12,6.28695172888186
13,266.1056457766512
14,178.45524713857205
15,3.5202522699587044
16,278.6806111986562
17,3.107964928165448
18,88.092868620145
19,3.4201141348138324
20,6.704737658584334
21,-62.927339674808
22,58.45853696146675
23,4.22914975403107
24,2.8447103002878302
25,48.72945733179518
26,88.62262286828049
27,1.4799418345985185
28,157.19877094183153
29,45.850852048412946
30,3.1486637002926696
31,6.3596998743695385
32,25.334010367722353
33,43.26894551995218
34,3.786331960758736
35,2.340719440556934
36,6.645836057986389
37,246.86267742606708
38,236.77557102847024
39,65.00843314807257
40,139.22638268647836
41,-43.585280007301286
42,3.461694411354628
43,5.787911622234965
44,4.477489701823799
45,141.46205266095495
46,56.687543383595894
47,2.9612447104293405
48,-91.18232902476674
49,4.204506491154501
50,1.8238629237917037
51,263.83269550371307
52,3.089763819498144
53,2.7920774326465896
54,91.1041673558322
55,2.901960446062033
56,3.7489415574980236
57,5.726340869127391
58,172.77705104271658
59,243.93175862711482
60,6.78506698553637
61,2.3603650586151037
62,228.5430439311887
63,6.686499634821297
64,2.6266236417077073
65,2.4504667274025658
66,4.076576788521978
67,5.181312642637782
68,189.33620854850395
69,111.27498006799279
70,2.7751400452322406
71,2.516760891002678
72,2.325656429697077
73,27.37285418334489
74,245.3915943644235
75,206.79831737685478
76,6.140554598705029
77,5.792591133916613
78,143.18567126667668
79,269.6703139361788
80,3.4920437231744796
81,52.564176574538365
82,4.4114375801798165
83,173.2910746457809
84,51.83727471892434
85,1.6204395431088552
86,2.2508082573514243
87,69.37775293703837
88,167.17065202580199
89,6.056444392418474
90,5.2061742679531955
91,47.45672153682124
92,43.011244427822135
93,36.954558404250285
94,4.8898857249881535
95,3.9038983654758805
96,3.1285967729061177
97,6.889042784963941
98,221.29223119331962
99,84.19383146783113
100,278.2622131503704
101,5.197763475188657
102,257.5551870288524
103,3.625624799288989
104,6.271384449506938
105,147.58664037556468
106,17.99268906876968
107,290.3829362050356
108,2.5195665298176935
109,188.39475150451887
110,3.4410888288360795
111,58.770614796417675
112,2.0572906081414377
113,220.844844894647
114,6.4067196625434555
115,5.274865907959192
116,387.22120171458636
117,206.04372388349572
118,192.13502974645033
119,236.20581951019417
120,313.7588328381469
121,128.78891050184689
122,3.654745465130699
123,124.03674960905629
124,282.2333115354189
125,126.70544956768572
126,6.303452542231765
127,136.05157195489733
128,3.316396453934589
129,245.96504486943707
130,95.29658275885473
131,88.8918510432014
132,4.5047733910998105
133,-46.37496916427136
134,333.6164791236664
135,6.184380568793863
136,2.13951345202042
137,141.8835850704038
138,5.84009614655864
139,212.68306054318919
140,291.531342131394
141,53.978692647460825
142,4.854227099603898
143,56.962028272218106
144,12.407315936639034
145,6.710485003835242
146,159.73168884055104
147,222.41291730430174
148,2.418815090401045
149,192.82218417756545
150,82.63035386195749
151,278.0442417061476
152,240.35429648459368
153,169.37203613100448
154,6.637080194387324
155,4.4991265114843495
156,216.0637452051639
157,140.77230580362908
158,113.8763053484403
159,148.9536986840149
160,6.250626685240755
161,64.12758895521459
162,4.568463267317069
163,259.83400055919856
164,3.05201668889889
165,19.876563408666637
166,210.2188850286394
167,326.0643223638534
168,6.950966139834429
169,2.2308399720453505
170,245.60964851627227
171,3.0792240911755284
172,4.271455435581449
173,-36.04919157286611
174,3.6727669536696665
175,5.671305448047168
176,143.5057483451766
177,78.17658918669363
178,311.25172467595826
179,149.49704959380293
180,238.0284674115337
181,6.318505583265815
182,2.3592943913103825
183,293.1185894993979
184,6.583434016705544
185,1.6476029783932298
186,3.410828462345738
187,2.9947961465373254
188,4.082931345321274
189,91.36234678901485
190,4.108818118639538
191,2.0923751142651787
192,42.31613453350729
193,3.5365211236936025
194,320.26770212998235
195,98.91766973556192
196,261.56620331127
197,125.72227367663963
198,221.8392762517754
199,79.70881036158073
200,2.0934439409254906
201,3.315802208097839
202,94.75106925917491
203,40.90187683058907
204,4.400277137216976
205,267.9777563995738
206,85.48837903222693
207,221.48639206403163
208,127.4870338179674
209,74.08347505855232
210,177.92694381390066
211,57.9890447147477
212,100.6116180605486
213,259.0143833867385
214,64.25598382227554
215,14.008784476600276
216,161.25553679190426
217,91.73285209277415
218,167.83221906536974
219,208.8186906550657
220,5.596107435651504
221,224.10861988945848
222,165.56065844288227
223,2.884338515437925
224,181.91097088489494
225,265.9605360881866
226,212.31636527240352
227,49.756578034581864
228,266.9994308476123
229,261.0753621042285
230,1.5324736771878982
231,212.49348266870393
232,54.59303109692606
233,53.040574031660476
234,229.94804759007678
235,117.67544771442503
236,2.19407255169236
237,6.211051903846626
238,48.67012170028032
239,6.283384009993829
240,175.59285994578045
241,295.23685586027585
242,222.48037575975638
243,3.8190346311283037
244,3.1368874626547187
245,55.412132516481044
246,113.4827682683391
247,126.76273850439611
248,6.562102108857361
249,5.878093448061973
250,68.99393073868164
251,62.07559364404661
252,199.92612879810773
253,7.697060690410941
254,192.78353992368824
255,-56.03576050728623
256,5.471467575044503
257,2.143651231102308
258,88.08119152024891
259,258.1588526527613
260,2.4332498070587922
261,5.708334393225936
262,6.2809377143616025
263,-39.28145682357154
264,3.8471852585618547
265,3.6782205337804483
266,2.126535672128492
267,3.1539295355237176
268,1.7871601460587483
269,201.70285730249827
270,2.8670198277398393
271,156.97945872418714
272,97.84191661392131
273,4.66634990355845
274,5.232302772800415
275,318.38591206763545
276,172.41433646552383
277,201.32737061976982
278,-64.08790498473984
279,4.233154208176728
280,191.9845733055832
281,5.3683096892231985
282,173.63701576701357
283,212.70795559953373
284,137.3494296359002
285,246.73231429195704
286,141.94092178074192
287,226.3360310537346
288,6.176837608186095
289,111.53603186658535
290,4.72558228043381
291,120.67672684698752
292,3.8990307314984074
293,64.86210769913143
294,120.30993060904885
295,5.022942965004314
296,130.81074143947185
297,43.0906488098793
298,-21.86642270554855
299,215.97425965763233
300,5.823822573170522
301,4.080777645736323
302,5.121757783805403
303,4.304095083109679
304,3.938069076050267
305,4.7766248432899525
306,243.13455380745742
307,3.2968514702201004
308,3.272175178323875
309,97.69348540814514
310,2.2362339527727215
311,2.34379200443159
312,3.665687914344077
313,139.03450558048343
314,3.977935371396764
315,1.3079862620293834
316,2.947797803958116
317,4.187862113074239
318,4.014641254784955
319,64.4698502546598
320,1.876576509766389
321,6.483150960075387
322,3.0316389088115616
323,1.8494312464332023
324,2.478370824384368
325,4.45208016119085
326,4.890024217742195
327,43.26929379336939
328,4.240185774728352
329,83.73933176367217
330,51.561377489998506
331,19.12817474391064
332,5.614457941843247
333,3.0211018180665055
334,6.724038056218587
335,133.68733526717534
336,3.5409855196729794
337,2.2974625867045604
338,138.4591581047383
339,57.91926127142092
340,293.94962577327965
341,114.05897437687008
342,69.10636397065961
343,3.7098226542292245
344,2.85744142920626
345,124.09980428703808
346,2.7124321446918187
347,4.8805528834979945
348,50.69383009264311
349,-37.755583238683684
350,118.53910222087882
351,244.6874873219108
352,25.078836087465678
353,1.324152291110509
354,5.932622336192773
355,316.4271872092859
356,217.40981098344997
357,3.0166753892187694
358,51.95320629531547
359,4.267395746963623
360,138.78492893586386
361,4.681132025740105
362,5.852434480222294
363,7.677242229900918
364,4.1502369782040684
365,5.359030930029011
366,70.8244874960219
367,4.5938136787540325
368,250.7467378350895
369,4.933237069656106
370,-27.960888996033137
371,255.20158885098854
372,47.6580571517125
373,130.11746862610138
374,-19.49882206888852
375,109.01847859502513
376,2.9295465876092748
377,3.03961849975336
378,3.5481107847188476
379,3.1094569152397007
380,0.9324829493898227
381,6.072538271638354
382,6.076645013027063
383,129.329723027902
384,1.7379511053962062
385,4.071928241242202
386,261.7621578808476
387,2.779866592196094
388,4.075111199561799
389,64.42865004876415
390,4.898123276390607
391,164.84467397943274
392,6.43370917788379
393,3.968580778389448
394,298.1637188255544
395,209.04296926876552
396,3.219605264132089
397,1.7694363921986056
398,6.478495659530383
399,167.3147490410068
400,234.77678341763556
401,1.6719830498718302
402,6.303051279457023
403,5.101252694745718
404,5.735831992775603
405,20.405635005203443
406,6.953366565708421
407,-63.806136247253875
408,3.9125151747140263
409,3.3494814945175033
410,3.8766464353345294
411,2.5596284755832417
412,-18.501965059384457
413,333.62949605416003
414,5.878786177994453
415,42.181642602439595
416,3.1564965606505972
417,6.718187770789244
418,5.690813292106288
419,5.487379021791645
420,4.512675391577597
421,146.79285599429568
422,161.4383412925097
423,150.0328094259387
424,157.1176148152718
425,5.7211632404368515
426,239.6036461524808
427,3.043058957645135
428,229.12645216801837
429,3.0118441686224595
430,4.231995617905115
431,266.2521190742212
432,158.92590975758512
433,12.831203108097762
434,6.055289964714208
435,55.18518518666687
436,248.9359518713893
437,205.3118980633455
438,170.0489779719472
439,5.815950379997681
440,256.46856317238365
441,194.0516070959318
442,133.53664639587544
443,313.55107152665954
444,5.523554717941835
445,6.195086727165547
446,64.02778673095489
447,1.4375885736093896
448,6.248664132935356
449,304.15605918282165
450,273.18843278699507
451,157.42826228617932
452,222.6374462621132
453,1.8700068229369742
454,3.815584870862226
455,131.77698971475357
456,3.28324833975812
457,4.862470071429278
458,255.95301342195447
459,76.921160787716
460,18.465588277610397
461,108.38038225793306
462,5.874522605344894
463,188.77492162975852
464,5.360817063539873
465,132.74123646490975
466,71.5022515242307
467,2.4286154468943177
468,5.25927072796552
469,19.630194414196943
470,30.872806691124453
471,1.7965862460804052
472,1.928864530320346
473,50.43154148225697
474,6.097537999183288
475,98.96949398507356
476,6.255811446867296
477,1.9615334707415468
478,4.471835832672844
479,217.51445646234464
480,4.3708492036171265
481,6.368727840829619
482,210.00080774138186
483,1.7507600818361533
484,206.11940189837662
485,112.92994901880361
486,4.662324168773473
487,2.5921196715669352
488,201.23802807416277
489,2.57705358889902
490,4.808727631822638
491,6.39395562554208
492,3.910257196965656
493,3.9626185405584757
494,238.6195035463408
495,5.884581340134028
496,187.07211374337592
497,6.165686960034448
498,6.283511278114195
499,5.991856844434714
500,2.4394154391088865
501,3.2930699373531516
502,318.84293861837966
503,111.05087335300135
504,23.42556508146669
505,1.8415871066357736
506,6.466961833685393
507,329.00582698863445
508,71.30243392377784
509,280.93925132473595
510,4.169921925081906
511,124.47350041442999
512,194.6045874089447
513,211.7591952452113
514,328.9167620697079
515,244.95669397810357
516,220.88895066821405
517,274.7290968632351
518,7.11795497146422
519,35.469676883156694
520,308.1810318491748
521,1.576669928400637
522,3.9694031729734567
523,202.26074725539976
524,4.43868477703116
525,168.159775646544
526,5.69559290818149
527,5.030668066128631
528,4.482729622758188
529,6.298110597523116
530,254.31794941820553
531,101.29262069306323
532,3.8381921417488707
533,111.8749155777027
534,4.302091437452864
535,6.978288464440579
536,5.949726419709287
537,1.7975505570669175
538,4.998851424108537
539,267.9403912507324
540,276.27159965264315
541,237.97753925653873
542,60.09139804159789
543,90.18892102527819
544,5.1000928527552984
545,4.064476793863541
546,3.9587088235859644
547,2.082204295309245
548,318.87278571133857
549,5.721018020072705
550,252.35005568729466
551,5.899749973712882
552,136.70408221319767
553,3.7978100941872994
554,76.85008916249724
555,104.60132093555328
556,230.05986568146875
557,199.67088587064532
558,5.1445909617522565
559,5.369362631123938
560,146.21858014418981
561,132.42595723819068
562,163.43879738602263
563,3.1261103521055005
564,40.401092618653664
565,169.3014394571228
566,2.5768732420415126
567,48.73622462613954
568,109.27125532076221
569,289.2817051426065
570,4.098523165972048
571,201.62750165734087
572,3.0286062456116833
573,68.99219536944055
574,96.97143305280446
575,7.147601965831316
576,1.8998558097665454
577,3.292550896344718
578,169.52136865075073
579,6.9988811400049284
580,281.34319093900774
581,62.41243298332364
582,75.78099071684318
583,5.416199139437846
584,3.173058315821106
585,146.31890119613922
586,4.885310108457428
587,203.98141757296656
588,3.0822906632621434
589,191.6389526763552
590,282.4294706780451
591,136.7588322819871
592,6.60046760307534
593,256.32965683854786
594,289.1767806799909
595,31.131662868682305
596,5.329501472180624
597,160.12735399173116
598,2.5273768380365955
599,82.84915561987347
600,157.07497115943167
601,150.3586207064241
602,30.7836319111842
603,2.161665791797084
604,241.250897585146
605,2.580134246270369
606,2.8904600341502475
607,6.840926130777106
608,44.297732270061196
609,277.80277512440784
610,38.34310972522999
611,60.73214162141531
612,1.587490823930703
613,-7.277291409612451
614,64.25562040753339
615,1.9150990952237859
616,163.77339323001848
617,-55.86078256999113
618,236.92860523557778
619,4.789729726443297
620,5.753253967061685
621,181.77308560564313
622,111.23876767101062
623,155.93301810607616
624,204.05883365017274
625,2.3453328813082703
626,2.1914283127426546
627,73.24482870942441
628,4.140609480651241
629,222.3192497573259
630,4.469029480591884
631,2.4125211173719903
632,205.12970858573797
633,146.8652038815206
634,220.44034236015946
635,2.517150371026064
636,106.45205801120488
637,106.96295324900417
638,6.824051675077467
639,25.349603123034324
640,114.2435645606781
641,6.762159111285481
642,2.9843977032286806
643,285.7781074614833
644,3.334540464999538
645,88.69031017951542
646,65.35215015590127
647,186.61538784883322
648,246.5905865702819
649,370.1512182873667
650,313.80800441050155
651,124.8052294129042
652,56.96465815907402
653,3.2351146205599273
654,192.68752446015634
655,21.453120211621336
656,201.71115958313732
657,165.95596761572563
658,270.36263813923676
659,1.9040617796651382
660,136.7424495014822
661,4.0821818781928245
662,130.39579435101462
663,3.5094647710881333
664,-36.03028629641523
665,89.33381361577335
666,143.0494995122989
667,229.55566760566285
668,338.6913533912261
669,129.56880030396664
670,212.28176381960455
671,119.89486266147665
672,87.26793955656694
673,3.9535440878174883
674,5.141683703614994
675,5.709788055526916
676,5.377191881378634
677,35.84432829577243
678,176.1767485670725
679,4.691223694033413
680,3.0676507110843616
681,1.9938826629134607
682,93.9316153209693
683,5.3559927219353245
684,160.96747969225413
685,210.9751743670987
686,5.928499539743854
687,352.0049137395316
688,85.44874050780943
689,114.78220971320688
690,332.03918755077194
691,3.7253814696249465
692,84.78072498604439
693,5.066021802420142
694,6.5918560524139
695,-9.022304967456098
696,299.0671019912236
697,1.1792179242568457
698,226.7604787749513
699,1.935639598851933
700,249.6840152899955
701,3.6230719510093046
702,4.95892767866894
703,58.220004755412596
704,83.87970989222275
705,160.06088880883084
706,238.57180506412266
707,166.28678353024
708,50.60751266490909
709,85.43077071834094
710,178.42764292053445
711,249.34856361412255
712,6.579707998170032
713,45.59881910704823
714,6.828523208983442
715,245.93418721520806
716,2.960459709776181
717,75.08066262805603
718,346.396747910294
719,193.30847407092662
720,4.482486671903099
721,143.82662411759762
722,2.4756580188546025
723,6.116670802269488
724,2.3962740213281437
725,2.682278989228468
726,109.44976751424129
727,248.52557608109788
728,54.26199444131859
729,61.03352518172053
730,65.50837518324997
731,282.3109750860743
732,4.584447181913287
733,6.55820803377686
734,23.798118657960707
735,246.70153647273625
736,44.963435268768976
737,45.75544026095834
738,129.440910831054
739,308.40702232785645
740,154.65094135328093
741,39.027301830345664
742,259.3218757632096
743,143.65893296868842
744,1.794511868889046
745,280.5379791142402
746,187.22600571837654
747,3.6536155320398604
748,68.2803497209662
749,71.01375059272428
750,205.85453701454668
751,71.04115004658074
752,231.0746805902472
753,2.0863250440391194
754,240.23842733669161
755,6.130037942863776
756,5.969101814369166
757,196.35092555202206
758,2.118167033806149
759,57.2621682857303
760,3.169051126896646
761,224.6585741101964
762,5.255094295858001
763,1.999897317221134
764,66.19648456272627
765,4.673481628473605
766,27.799726783037773
767,1.2237401580331382
768,4.9417597489735625
769,5.798706286643434
770,1.9879373877491464
771,255.09928517864643
772,65.33564122878782
773,124.6807023138905
774,-10.903331933870843
775,61.718996665720624
776,4.379566578179452
777,218.09586245732615
778,-14.149895673343888
779,157.12302858306413
780,65.68093930974177
781,313.1515539019382
782,3.569762355292455
783,46.672982077832
784,2.8162657604065515
785,36.36110965613987
786,131.62039680805327
787,5.472599447200657
788,1.902432056849191
789,168.66691273585155
790,74.50908666502689
791,-2.9423023355089684
792,110.76473420513514
793,-60.064993454990336
794,320.19137761885554
795,-48.958855778638416
796,128.13057651009524
797,3.785425240840526
798,58.57078223582185
799,3.467224262638006
800,5.882377801964217
801,219.1607255978808
802,83.54257147679118
803,151.83378385798548
804,6.787214963159856
805,2.2263314607642193
806,172.3629773407776
807,2.746989055667962
808,76.28003172052894
809,1.5632124395550027
810,47.970437574470324
811,248.9746226870003
812,90.05732804136218
813,286.42816177981956
814,5.818609986536224
815,4.698558177668551
816,6.897391679171529
817,3.048674166616644
818,10.257973244573224
819,5.42021539035003
820,75.87945369827281
821,5.6787262056573065
822,2.0381640352974144
823,38.436749480825995
824,78.9163726491865
825,7.194845901803097
826,73.98095325393133
827,4.228143328318333
828,5.996547511129375
829,49.086741042066265
830,176.99041735486367
831,110.17413895482434
832,6.068693583192166
833,270.29485922982076
834,197.65129746402067
835,134.37254933836763
836,2.1307094415686274
837,67.84215678890016
838,155.2366843890631
839,5.8362714709348875
840,184.7945207570413
841,136.97529487176837
842,70.8398302552768
843,2.195112602157888
844,3.5364738262115485
845,5.335995271753767
846,6.241016888276872
847,5.501264189233999
848,154.17055410430504
849,5.998735942619849
850,78.68627436175811
851,22.69921944518752
852,30.865416102590835
853,86.16615973370114
854,15.78461977076218
855,6.750784051945256
856,238.78100650420825
857,103.84106022244539
858,77.34681646549637
859,199.72958346409095
860,2.1215137159433968
861,3.5780734687188485
862,2.8688378833171098
863,102.12036162683124
864,240.84228333116215
865,268.1465973303496
866,190.19188148874488
867,5.671059058774119
868,121.62081904399412
869,122.426834527671
870,130.02783844640402
871,162.40787681577925
872,136.31129471211403
873,3.026375628057102
874,68.49653644838118
875,6.379458507077025
876,106.16473262023746
877,39.139917744173204
878,95.82626690597554
879,5.363616538370433
880,6.822642877035685
881,160.13072343439734
882,5.640268379045034
883,245.71017670226496
884,5.866928288192399
885,170.98380364778734
886,55.10263589961326
887,2.6097245283928334
888,2.0861645635876833
889,250.17319980665812
890,4.092389593363936
891,2.8746547492903654
892,58.27410658734598
893,5.046976550214911
894,-18.78075256030578
895,3.6460724537030567
896,219.55526212839348
897,2.5733631468494753
898,222.00493704479865
899,-55.664340569838906
900,240.26213101518215
901,3.7586776829583726
902,182.34817638080304
903,5.022038378011882
904,125.37635107175328
905,1.9816133793873951
906,1.3600336919759843
907,202.79467327560155
908,30.984530117720645
909,78.20576872236148
910,2.2144946514492796
911,6.642809690643053
912,260.1145211012501
913,152.48046327147955
914,293.5936332074575
915,91.2697596648953
916,123.9400105058135
917,-10.044643713197816
918,2.566907462580283
919,2.957909294506775
920,389.7209786410368
921,119.82879378848088
922,243.93563843403297
923,2.4843622535363745
924,92.1433587976762
925,180.16423162753168
926,49.09273891950802
927,59.82122581024049
928,5.123575642638377
929,61.21421706317163
930,16.468791063947723
931,225.96200658315044
932,185.73653150451617
933,5.333083151076599
934,2.1773916557873725
935,171.70380867537384
936,61.96187966647607
937,3.597933730292028
938,4.642241588331634
939,106.50573632135192
940,1.7956009016868648
941,5.833348422776745
942,4.989995437047992
943,103.46674616997964
944,3.8565433187876392
945,2.005425049776141
946,62.795730728410945
947,41.36450318470499
948,53.60971754179204
949,241.4008458639962
950,344.65152508350195
951,13.34162139360625
952,-18.28116323534146
953,5.870981673153935
954,256.16616672618727
955,194.02142631177867
956,143.02070376775697
957,2.6784123513020406
958,2.9681319161161794
959,249.12897166105108
960,51.260495217772025
961,169.02950944013833
962,3.642569031598553
963,6.415061885900778
964,5.0224794269750666
965,6.4615907686738945
966,4.003876655496752
967,41.48290695280835
968,174.87238997779758
969,182.8852438149753
970,6.288254238987958
971,359.820829120376
972,5.277990059210507
973,107.58089456807915
974,5.294152525628874
975,3.867939934930032
976,5.32115276643169
977,188.34137615812088
978,293.7040693362379
979,1.9519519699179089
980,1.8937529480072948
981,-4.041571582401995
982,76.0870787286734
983,298.8676577477376
984,313.39328893354667
985,259.9573698678695
986,97.35959808464523
987,2.901514090037957
988,236.25842928983113
989,344.0941311194827
990,79.72508757562605
991,4.344038353273819
992,298.4045881373582
993,188.7387278016257
994,3.2027209711270297
995,-7.1291377309340405
996,43.54801286376341
997,2.1023270859082865
998,36.32065904400649
999,73.82882707564086
1000,1.6509368754532168
1001,281.3618513484963
1002,171.26315735913562
1003,5.604070915962394
1004,1.4109910654004973
1005,1.8442001917794522
1006,3.8769997862823997
1007,144.4685644850337
1008,1.9071035839515398
1009,6.4637301105608005
1010,3.1613242488610043
1011,260.69214837644444
1012,18.41297778306977
1013,199.19490422883138
1014,62.738222479339285
1015,234.1745946188529
1016,6.519254056142992
1017,5.301431909474372
1018,3.796791336560608
1019,6.519165141196245
1020,4.3654400134793665
1021,137.68170537383315
1022,81.40499143619778
1023,179.23887951097436
1024,176.80059323472244
1025,5.2830689069513745
1026,3.8433874649708475
1027,4.461536480993074
1028,89.0056928542795
1029,3.7298593602831662
1030,30.045251492450774
1031,253.98261667095366
1032,3.1172559153132187
1033,2.4257266585872066
1034,225.4822780330502
1035,1.4115070014091433
1036,236.78972982917549
1037,6.777132684598844
1038,59.04980903558792
1039,3.4524671905992665
1040,-23.86116260084942
1041,3.241522813955757
1042,4.502265716221006
1043,4.040730081595727
1044,341.6968219534506
1045,134.7757806574997
1046,33.56962935118223
1047,231.03530174141486
1048,1.8217922315737785
1049,3.068167295069946
1050,5.84295354208356
1051,68.6191644136251
1052,165.07963531876092
1053,257.72489734414955
1054,6.330608953428815
1055,33.72244128035007
1056,23.012327284037287
1057,4.4069836747896245
1058,2.771210688249837
1059,3.0503870159245143
1060,84.21456159124583
1061,3.4184864869232907
1062,5.581467621821505
1063,296.7816622124178
1064,226.09436719583266
1065,67.51295995056431
1066,254.08869186246193
1067,260.2736026634125
1068,5.6115798566561885
1069,4.260996341421147
1070,326.44759546238066
1071,170.15197892528562
1072,5.41941321430443
1073,3.9755763762947014
1074,6.347936905485092
1075,4.771791266188038
1076,293.293453032338
1077,6.237027274553526
1078,153.62095988408703
1079,2.8516812852849895
1080,2.2979925826104557
1081,5.820578503322179
1082,4.0772944686309085
1083,3.259455349423713
1084,6.158947093499247
1085,130.45454660664362
1086,218.3628136513122
1087,43.70790222775165
1088,269.97241576336023
1089,8.628070670356708
1090,142.42034320308684
1091,252.44581812011666
1092,5.819439658801595
1093,4.107224287842417
1094,6.641110382823601
1095,3.5911727070332007
1096,3.6519483507714403
1097,5.3035359554238335
1098,92.46114692072891
1099,107.83487740903118
1100,5.844626955111602
1101,4.681612198255722
1102,6.154364984980321
1103,263.460666994776
1104,4.677992797838748
1105,109.75694091143089
1106,4.916222291229149
1107,6.172391543203204
1108,15.983377346732373
1109,121.02361138411737
1110,102.50965272030155
1111,3.132328946482853
1112,211.96188208328118
1113,2.683836986590632
1114,167.84662554359085
1115,54.85803888952297
1116,5.340764395538546
1117,283.53609268380364
1118,284.3951676753519
1119,4.3925950665467735
1120,51.08023661543084
1121,7.571962595129093
1122,225.6848999084049
1123,3.2447437170259117
1124,184.15963472842816
1125,2.6015181752915364
1126,70.17921554150557
1127,6.00131573162804
1128,-40.01934023689768
1129,138.92660575939848
1130,6.177046847286554
1131,42.98976702193484
1132,4.921795213550209
1133,-45.028505880448556
1134,170.82896186685807
1135,202.78697321845593
1136,-52.90343153533637
1137,4.063682428079396
1138,57.79764859805765
1139,113.00754515004164
1140,114.71469630586883
1141,212.15081365499282
1142,142.80762841040814
1143,19.323775837620925
1144,-52.32836028324184
1145,119.97485432162291
1146,40.388540274563105
1147,4.236157620592066
1148,102.09965297682781
1149,34.701665635239316
1150,3.9777522609147242
1151,1.321391517756659
1152,3.576211443030973
1153,4.326140137455724
1154,26.35837619373215
1155,169.97985530909185
1156,6.616333740409672
1157,68.78187811204975
1158,205.20988701899722
1159,97.0943665410355
1160,93.86703699741219
1161,1.7295560997515904
1162,5.507669090732116
1163,5.552992398369883
1164,4.86827026730873
1165,214.69330009963755
1166,56.183926444333984
1167,-6.013089604427501
1168,4.8262128155273585
1169,154.18351019863667
1170,4.785388414665565
1171,4.511661367739769
1172,-26.716636185901518
1173,3.8471090470151674
1174,186.47831770602036
1175,-55.600404145384594
1176,237.60899103406624
1177,2.30664550172871
1178,143.59862129613518
1179,2.7176124924623855
1180,2.9415354719605764
1181,2.4755641997759295
1182,156.02880485968305
1183,7.453164578873855
1184,3.82123277355976
1185,280.8428762194093
1186,132.62883889908562
1187,4.121441998137928
1188,3.1505860061097057
1189,127.57751798418523
1190,3.4986814907674524
1191,3.2413929423512586
1192,4.920120259061578
1193,163.42674037502547
1194,5.49452690273459
1195,2.1454691029412616
1196,263.694973226854
1197,77.96900249118595
1198,3.177725482876691
1199,266.66752693027695
1200,70.76650549583769
1201,207.8501219685187
1202,74.6588367496808
1203,3.0627884514364174
1204,168.8094587211947
1205,1.8485107838814296
1206,163.41029107875633
1207,133.90516591506952
1208,233.51422543216424
1209,241.69720134052795
1210,210.38982117869259
1211,210.55449350128768
1212,6.088330190296038
1213,4.039454204430647
1214,211.6753487254192
1215,114.15223165306233
1216,239.27031946542374
1217,166.92854243459684
1218,-39.719490431791016
1219,6.127239941857956
1220,5.758813234489032
1221,254.61502420073577
1222,5.810870864832639
1223,2.775007231547457
1224,2.7789714664839593
1225,122.08228571821513
1226,1.3848656408825373
1227,4.61751945268881
1228,2.6130166898608964
1229,41.270499386252645
1230,109.31624210942645
1231,234.35238540282495
1232,1.845990340795919
1233,-26.536277998224826
1234,3.3582318934160864
1235,15.397096898143753
1236,264.4583119165561
1237,4.039311871025494
1238,2.470715264013636
1239,1.2706102769090872
1240,45.26035807755277
1241,2.097560250093592
1242,4.279513561375556
1243,5.0210660581729725
1244,172.00028995551168
1245,3.9808333478406404
1246,246.59519782301825
1247,5.5635877726996235
1248,128.0041692835683
1249,141.49552088833485
1250,7.374190792729517
1251,50.33271440063209
1252,5.766968743495849
1253,4.180013829019675
1254,4.101619544913053
1255,40.56824302954784
1256,83.4674122363181
1257,129.6157216509716
1258,269.7228467638574
1259,47.657649026912054
1260,268.2452006381921
1261,5.8423098624774825
1262,5.463741718774576
1263,209.27660258971258
1264,2.308943564109259
1265,49.91377351841676
1266,132.70389372181208
1267,2.341900628418367
1268,6.282130364873249
1269,270.5404371464004
1270,-61.61341721635459
1271,235.16815404266077
1272,49.0927375261009
1273,18.333652971150165
1274,197.78605038746565
1275,183.61298162994566
1276,40.5572269239684
1277,3.883021527180997
1278,1.807621463293805
1279,3.804719914464688
1280,-61.665637101429546
1281,3.563052365108927
1282,82.87105638932535
1283,175.95236959047975
1284,2.8570912063837666
1285,-50.095477463635504
1286,2.8293993281146466
1287,45.98459250010188
1288,135.1987653046728
1289,4.1845447627161745
1290,208.61588204927412
1291,3.32442163437269
1292,46.09393405769166
1293,106.38864268009127
1294,258.1580406664172
1295,167.42278017995014
1296,6.336371651020859
1297,63.63034392161045
1298,-16.963888564580326
1299,5.7908338952239315
1300,173.5143875005582
1301,238.8519402725448
1302,218.72882868085958
1303,6.0780469236095644
1304,3.6230886749148365
1305,5.127672416588135
1306,61.67967865945771
1307,141.3246103248203
1308,1.9039920885121755
1309,4.927858746131693
1310,333.0559304409283
1311,2.6899847696339196
1312,6.380911052606969
1313,29.227113710560808
1314,160.29873620805307
1315,163.34276769370044
1316,262.18335734070644
1317,63.880494307729414
1318,2.0451725724434757
1319,207.80738872930073
1320,242.11049750222958
1321,25.579197248714593
1322,49.48923651510952
1323,247.9988292759112
1324,220.98435285893376
1325,44.23336347912025
1326,67.15169676455002
1327,255.57225615355645
1328,3.3799453505987205
1329,5.971457794640972
1330,128.40407983948108
1331,-9.934807880549108
1332,311.6955650228929
1333,1.7425746811229064
1334,334.4471259695258
1335,1.864846294306871
1336,97.87717412842645
1337,26.29926302474081
1338,243.46846022744938
1339,6.489752560680767
1340,193.77426211092737
1341,237.9445175037108
1342,188.05162096164503
1343,27.83028846286758
1344,137.35013737711424
1345,2.8916711274501283
1346,59.22978708177665
1347,95.9303916806333
1348,2.902273592924493
1349,228.5279396476615
1350,44.3651627891615
1351,225.62233694694382
1352,2.578171545826481
1353,13.728069160282738
1354,4.808717439474111
1355,5.883895119259445
1356,3.8817629016842137
1357,7.305883005303775
1358,6.686031245690031
1359,1.6616880539740775
1360,304.14034233010864
1361,4.402461991591794
1362,6.370501276163702
1363,69.96598826358789
1364,3.3606823308908207
1365,5.859198951430493
1366,6.427843841180489
1367,5.852171394083506
1368,3.6331892983255516
1369,187.40686706010047
1370,270.7057584093983
1371,223.77061983438318
1372,27.721941194153295
1373,3.8087114880377886
1374,166.71212160863797
1375,160.70660855727536
1376,5.448649609346461
1377,4.9275687572398805
1378,115.46810733983939
1379,90.7305927177337
1380,97.49910791292209
1381,236.99568791695714
1382,84.69505276387167
1383,60.85086670012637
1384,-8.00967125905855
1385,170.12498193296352
1386,2.508734094598335
1387,61.38800504415889
1388,1.645231439509985
1389,216.5281876987092
1390,171.52369179418548
1391,86.3758543794103
1392,44.201827885356536
1393,267.1161896958935
1394,-8.94974718778021
1395,30.193666172404477
1396,178.52146588297333
1397,5.487248326848595
1398,201.31996176202117
1399,1.6439082509222958
1400,88.7729083445061
1401,317.61362261433294
1402,42.097509040098856
1403,279.9199107513166
1404,93.30000260778417
1405,123.90032818258544
1406,1.9840493219308817
1407,131.51318303727203
1408,7.606064941866791
1409,3.338178803325892
1410,259.9905915933691
1411,245.55420139232305
1412,-34.24398275645247
1413,132.1816438253171
1414,255.58667098898383
1415,2.025698324215674
1416,2.5058057619860747
1417,4.347012185125466
1418,303.40640541971464
1419,159.4919475239997
1420,4.716160470403634
1421,45.09255973011591
1422,6.648122610206954
1423,3.2947307012601996
1424,5.635198774324145
1425,2.589489249115921
1426,-15.878178450736542
1427,3.567894031411445
1428,4.551773152377672
1429,4.211773801341278
1430,3.8189401306212156
1431,6.394757630577983
1432,171.32738336096293
1433,2.8521966998697437
1434,5.3915496998500645
1435,4.621240088586556
1436,-44.563493403671856
1437,178.5594108669388
1438,117.777725385318
1439,6.363777240938309
1440,2.6689734827968707
1441,107.45649537778348
1442,190.80749101396594
1443,54.30349616932437
1444,6.037541375630969
1445,61.363607924493856
1446,270.4668933365991
1447,242.5293550949277
1448,-46.083791834134196
1449,5.864283241019908
1450,266.9423090455492
1451,147.40513099771016
1452,5.162586512956429
1453,5.591656244857764
1454,182.25225725296923
1455,70.09674614592602
1456,-5.642410157997883
1457,7.989545717313327
1458,4.859743917134847
1459,297.0388445781745
1460,334.4847879264251
1461,178.60122867214022
1462,-12.513119798177055
1463,71.93597807267918
1464,5.818609986536224
1465,3.1886472850811307
1466,232.11283609656897
1467,5.698575657223304
1468,5.474925107623402
1469,27.726798632615033
1470,3.643413853776977
1471,43.37320442393811
1472,6.7197344101370575
1473,2.3949893791252177
1474,238.67415328262734
1475,89.22744724803873
1476,6.687878674352799
1477,2.7063089786760237
1478,99.48622693720841
1479,5.21566880645244
1480,125.19005592611549
1481,5.799333355431014
1482,166.64630684911975
1483,6.298992682780828
1484,245.1170362570167
1485,170.35008476974525
1486,7.258968283729874
1487,3.5033610123196968
1488,54.69084693134016
1489,-19.962862614105596
1490,103.76786176970654
1491,3.5515664879356423
1492,2.0376420578051624
1493,7.066217678976063
1494,5.387375587732412
1495,28.932954276702247
1496,7.289129255523056
1497,79.53783424858163
1498,6.147608021113524
1499,85.01042966826242
1500,7.168824726724621
1501,5.833285289679832
1502,87.99577127898873
1503,5.718730773361504
1504,2.126983444404748
1505,4.579693010815813
1506,190.25379395169247
1507,53.016903350353864
1508,99.27536884466372
1509,61.49938149869163
1510,3.2065707108919064
1511,2.5579693439845643
1512,69.97228403474271
1513,5.576644220003333
1514,264.3285490205463
1515,51.4000202453314
1516,2.78300552279595
1517,346.79808677730006
1518,4.412567647496487
1519,265.00241289370433
1520,5.128231924655043
1521,48.540262715980305
1522,4.994130085400045
1523,2.931997737455424
1524,125.66410340568984
1525,-38.74724920718363
1526,2.729510927965329
1527,5.88442704687219
1528,3.689568206876097
1529,213.7133359760707
1530,269.6727322607334
1531,3.3240769364675353
1532,5.560695535666781
1533,3.4607425146796262
1534,-11.80650245956524
1535,74.31029488643227
1536,6.040059202859119
1537,2.591264369485132
1538,295.6118850880532
1539,170.1012545355295
1540,2.1656736162399897
1541,134.39635453718253
1542,2.9158417942924784
1543,18.564510089903823
1544,7.778161579673188
1545,3.5661107577840045
1546,5.977005342550614
1547,-30.72306186235064
1548,211.3643034294043
1549,44.66374140715988
1550,3.7663633384863857
1551,2.335052451502195
1552,239.37796894156392
1553,6.3145081239344965
1554,268.65442742908607
1555,136.412789455357
1556,4.177899807436357
1557,15.204565489439354
1558,3.6357763311970817
1559,243.02840761451222
1560,173.53582943268106
1561,198.3483324257615
1562,242.36509253453988
1563,102.22728658434559
1564,3.2999074633548684
1565,101.72427487150809
1566,3.647765563848664
1567,18.128989781739254
1568,100.97549625474491
1569,15.79086235069282
1570,293.3519444552747
1571,3.415960713976018
1572,85.68221458756594
1573,2.040624345627169
1574,4.080366699221347
1575,5.937087269904914
1576,4.164982627268458
1577,5.693695248404562
1578,84.54014648839279
1579,5.334466245154339
1580,186.44436013550285
1581,226.40787498574431
1582,6.766014093893859
1583,293.5253527947277
1584,303.96698688729026
1585,6.136278686857467
1586,4.915039237857272
1587,55.609571748631105
1588,284.8592929555787
1589,7.02083855357848
1590,5.960518065694617
1591,158.73546399026122
1592,7.0994391784902655
1593,114.80382712694256
1594,147.587198841206
1595,119.96886706205925
1596,5.965947962371272
1597,66.33442677565341
1598,6.302862693793516
1599,4.161829157582488
1600,4.403374490736971
1601,2.6098317173205787
1602,5.988396628285494
1603,262.20053088007074
1604,39.87233122279693
1605,114.79652066049849
1606,262.42004588379945
1607,37.281434502813525
1608,3.553603875624583
1609,6.470852749037395
1610,4.015622897782645
1611,196.09270251032265
1612,95.15657263247012
1613,2.8220087621513055
1614,277.8350319352901
1615,6.011505898659295
1616,4.092561316183092
1617,184.13511812127413
1618,228.0072000356108
1619,-0.2953365479217034
1620,96.81462199078365
1621,2.6355873832391654
1622,2.807463866339604
1623,2.7727186662027727
1624,244.98338216828046
1625,74.29194638906675
1626,1.684726656481752
1627,47.733181437293084
1628,3.425767520395169
1629,204.1149234430726
1630,87.22878092643927
1631,3.2853504716584396
1632,288.0580972362469
1633,5.003256815114954
1634,-11.712432980762225
1635,3.5755322665164386
1636,5.026947041013547
1637,6.3433791279483716
1638,199.76687915650731
1639,43.089836676530865
1640,4.464810892543793
1641,316.96614886297664
1642,147.09311949577983
1643,200.2420552465544
1644,121.95597091611515
1645,180.17779116981586
1646,6.217197474906057
1647,6.487620369688329
1648,31.602830805591307
1649,4.407679657407091
1650,91.97916637377561
1651,6.689807980205858
1652,6.711918670749556
1653,225.8097966083701
1654,6.601768682348475
1655,302.9932217608146
1656,49.7463580311309
1657,1.3609367828627292
1658,281.3082707615386
1659,2.207490461996065
1660,8.171959420314053
1661,6.955466935643821
1662,192.5603951847494
1663,5.86067942060771
1664,150.4560426431452
1665,1.2298342785014258
1666,52.21764006237572
1667,-55.23874158594945
1668,245.75765227651328
1669,50.863075517194076
1670,2.010320780234469
1671,2.4123153314590673
1672,5.425095578286605
1673,4.410434167612789
1674,135.05186627383125
1675,2.1703947360070304
1676,-56.13787558829335
1677,33.45493447238823
1678,7.319341913018674
1679,243.86507253052423
1680,90.2128999971181
1681,1.8296381324886886
1682,3.188319502534746
1683,73.49466929618913
1684,21.01764793063333
1685,6.67389668861223
1686,143.4433309250035
1687,7.459300122547605
1688,197.37496385837878
1689,281.16456748377914
1690,3.150041878402795
1691,3.6804603715683712
1692,4.20496890880454
1693,2.3597730071872114
1694,71.95961759752072
1695,206.2890306893645
1696,132.54023131559512
1697,2.5059058800264866
1698,222.00917480866838
1699,184.69844297562776
1700,114.12925428564762
1701,264.48249053364236
1702,-80.52710662144781
1703,5.805544515479284
1704,5.550507133144645
1705,3.033211018999041
1706,96.30918936279525
1707,5.536840163401918
1708,74.05193380429928
1709,148.9100221154826
1710,6.265967626359303
1711,74.14622443256636
1712,1.8859086276454908
1713,5.837133894409783
1714,-56.93341777984462
1715,5.066230203102907
1716,2.5706168380003604
1717,31.55734613978612
1718,125.49546697586024
1719,30.347172812250044
1720,6.248758864254755
1721,247.8943253127918
1722,3.5792644773151587
1723,162.7821846536337
1724,138.9763078108378
1725,3.951610434052053
1726,4.077451504962756
1727,252.55888389997443
1728,4.105247946078172
1729,3.6484870339156714
1730,46.070764096151464
1731,213.29646756394072
1732,4.718522540222132
1733,365.25149411491435
1734,276.7416729052351
1735,200.61429012713106
1736,3.35628887860458
1737,300.4662334284418
1738,289.92305314441575
1739,210.0155031672554
1740,86.03747379450172
1741,128.93848844245028
1742,242.70933178882973
1743,5.318654373946985
1744,121.54809147637863
1745,41.300699525201594
1746,3.597073746715278
1747,7.6545922648331155
1748,188.87381200093986
1749,3.5794037498478573
1750,121.29461578046883
1751,20.827427575479934
1752,7.035930167216876
1753,6.027711908723074
1754,276.4560219029087
1755,214.93827565567773
1756,1.9072333878159509
1757,216.49707455149496
1758,316.18890061478453
1759,4.524738061569593
1760,306.1365370376793
1761,250.63989809060516
1762,33.004828130508116
1763,46.51908133958
1764,17.704185837759
1765,4.86386423855086
1766,230.2437538804527
1767,188.7898553503672
1768,5.806880690604717
1769,96.14235736731652
1770,67.27923254137623
1771,2.726689455680398
1772,224.2154203071869
1773,256.33331427447666
1774,6.514579245968945
1775,282.6109750410138
1776,2.803891984888831
1777,12.369117832711506
1778,0.5742917043567617
1779,-24.158056315636504
1780,104.48448614191953
1781,5.719100088876538
1782,199.84421932016846
1783,233.84820926444402
1784,4.276374837985775
1785,53.26620687404515
1786,2.780496058217964
1787,73.79279549549494
1788,5.168881346038484
1789,2.5916652890296277
1790,39.7525004667739
1791,4.039306620175367
1792,2.7525056404469965
1793,2.0987216374057436
1794,170.08011581429992
1795,186.8119547676938
1796,278.70113199194685
1797,135.57214906161056
1798,6.395715170846483
1799,212.73750577502236
1800,127.51834940956333
1801,5.101843226562805
1802,2.318793327535813
1803,134.37752507844183
1804,4.100437293856616
1805,162.77993498334334
1806,5.599284138623036
1807,298.4040291202294
1808,156.73797438172494
1809,63.548609363919795
1810,4.2370597769927585
1811,2.7758592979149594
1812,19.20514786553187
1813,3.549618379812464
1814,179.22002664210584
1815,268.6540304381937
1816,5.614458170483631
1817,114.10991852977207
1818,60.910759718399795
1819,229.5997834056796
1820,6.41256068900346
1821,3.2012004164240553
1822,254.6792374593378
1823,2.305382132238555
1824,64.19269408919814
1825,2.2763975033224995
1826,6.041903368194399
1827,4.693290591907273
1828,2.0975608691511023
1829,209.26256142971607
1830,228.84255170616052
1831,6.773986044968799
1832,36.581190045042334
1833,3.502557765119935
1834,4.167643560222521
1835,108.92770721016316
1836,6.3681007640679095
1837,6.093913093560522
1838,5.8606794556291195
1839,129.24293437310735
1840,-21.14475592644979
1841,-91.1379197722151
1842,246.86403225058274
1843,178.45819620349494
1844,255.58667098898383
1845,164.87217880042675
1846,37.31968645213445
1847,260.1622567194279
1848,117.39622547648312
1849,3.5524552449599414
1850,5.3165273244760005
1851,-77.0694892080075
1852,6.25184562833309
1853,71.30809887671077
1854,59.10969569875217
1855,5.442857923452794
1856,195.67830964195886
1857,2.736432149222988
1858,5.058543874542249
1859,6.364457351999761
1860,5.715031507124811
1861,154.78546893522974
1862,6.249058030671657
1863,84.82400055528942
1864,61.88502054056287
1865,214.3929750255499
1866,106.56142004472466
1867,100.79729883806066
1868,274.4180832344907
1869,153.10656085063667
1870,3.5486660948366024
1871,213.1822476554966
1872,45.346876574415475
1873,2.943719968910855
1874,25.58989263212073
1875,79.69922919212459
1876,3.065358227222964
1877,2.5216420356555234
1878,55.948073871789056
1879,67.61089731522245
1880,253.37904792683935
1881,5.62364977779634
1882,97.60400127437197
1883,6.08998198412826
1884,74.35841809854703
1885,295.07735650331114
1886,267.59233314068126
1887,3.412213312583106
1888,200.46341161049097
1889,227.06166844193217
1890,2.5343337253880622
1891,242.85876882196837
1892,220.57084892694982
1893,4.317374484365294
1894,2.0585912311386774
1895,11.132405354723359
1896,5.827575577990298
1897,64.54882705046197
1898,-36.9023636430298
1899,3.0657877082853244
1900,5.845048602101523
1901,267.37741496637955
1902,225.79975932348285
1903,-65.05780277672929
1904,86.82822098095227
1905,56.63194310026256
1906,176.65780994265214
1907,6.730195214850746
1908,6.007503031902242
1909,125.10863686892608
1910,5.665825623997499
1911,5.533921915609672
1912,3.6760469868952113
1913,74.83939190699164
1914,-20.944241490475317
1915,7.196656850722787
1916,1.45650798496227
1917,3.090860858865995
1918,157.64142275092735
1919,4.7641265159514985
1920,4.7624707449216706
1921,65.66781987234032
1922,3.291771580456998
1923,6.673781952669229
1924,2.731616369415169
1925,4.159951085871589
1926,82.89879281671799
1927,162.6529349450936
1928,4.206951951932716
1929,46.672983749920554
1930,2.881070889757184
1931,6.023109566626053
1932,4.751756293544354
1933,2.891370126159475
1934,251.2424169575907
1935,6.208257379977715
1936,4.928426199765318
1937,37.2770522852841
1938,-18.797043868256473
1939,2.6620050773323056
1940,271.806532400213
1941,3.5420305373295022
1942,251.81944695095336
1943,3.727701525805861
1944,226.1297806903131
1945,303.15765618367334
1946,5.834746059718167
1947,108.83914027173037
1948,5.572724299634222
1949,4.683103633492172
1950,37.33125210695421
1951,2.5272912041290567
1952,49.69475882345208
1953,380.76844400893435
1954,2.6020146189225075
1955,107.92700095275693
1956,2.0264899741022333
1957,118.02347444332503
1958,3.976866523603578
1959,172.12539728494545
1960,67.26711954605705
1961,1.1020133112033519
1962,4.283549496995972
1963,3.4965816359339525
1964,4.934868112423807
1965,103.50705038756163
1966,3.2937364061972296
1967,4.8409280706544235
1968,270.6631212696906
1969,80.18969356310522
1970,5.742556735299429
1971,2.0879411510461323
1972,108.76916282821715
1973,-20.536082706067635
1974,2.6702748146151083
1975,2.7484703060623983
1976,312.3681698653319
1977,1.6822915490104042
1978,201.52028370028535
1979,98.55387613081982
1980,271.5477567572426
1981,162.68615278227907
1982,134.54149594718928
1983,75.54483963486015
1984,8.203623438939688
1985,4.493793077607825
1986,3.9060331871958045
1987,6.208500908932105
1988,1.4306281582848819
1989,5.620599231963853
1990,4.555209265969534
1991,35.181170427504455
1992,3.966566217583162
1993,12.659923677668914
1994,2.078818670225558
1995,98.42001994096478
1996,3.9974595469420793
1997,2.72384211577734
1998,5.316136330500139
1999,300.731740963896
2000,5.8591989864519025
2001,268.00207726885054
2002,-43.94036986752195
2003,6.718187735767835
2004,326.13624938850046
2005,55.937541878588206
2006,4.7526778104652205
2007,45.7168219519035
2008,228.9654280583124
2009,134.13694856826535
2010,279.4143387575054
2011,6.164247791291581
2012,172.08680211973046
2013,-22.601112101545915
2014,279.06734035259666
2015,201.5992530539587
2016,41.70824254004795
2017,2.96348200409987
2018,38.66198301819004
2019,78.53052738900072
2020,6.73718094840074
2021,4.43902964192119
2022,188.45136426660574
2023,84.97827669418373
2024,2.7943202419766915
2025,4.220233609308951
2026,85.72956986630356
2027,5.85017150948035
2028,6.275976988762101
2029,35.707490564165674
2030,300.07142769178904
2031,82.59448156764977
2032,283.5601168009601
2033,225.34654769017146
2034,2.6484287236401474
2035,60.31537671237628
2036,193.09608176289535
2037,4.804911668595824
2038,3.0298251155016858
2039,3.0207590231619315
2040,127.81578890617826
2041,228.9350307790643
2042,4.2248067821029105
2043,180.36177760889404
2044,2.6655940663206295
2045,93.19601564383115
2046,278.6053437982257
2047,5.371745762111987
2048,-45.71912761811733
2049,1.7526880393178277
2050,349.6176481180837
2051,3.7555106799702798
2052,3.486601566280529
2053,231.82070059480841
2054,4.491934709377326
2055,3.8470279103413803
2056,-42.54358380979883
2057,189.18492287755157
2058,-4.928009256862674
2059,5.476056745802469
2060,31.79957494859749
2061,2.2475787642645257
2062,187.87211960407097
2063,3.4857963757358745
2064,3.7275003151214277
2065,3.7198672963976143
2066,1.9548623044326683
2067,6.24989446731582
2068,3.3840460491103075
2069,1.7154815547355486
2070,270.5616553111854
2071,284.8592929555787
2072,4.627168559126109
2073,200.89086767184108
2074,357.1345409370849
2075,254.48034194525175
2076,3.368473585124333
2077,2.870319325644696
2078,4.145720420197096
2079,4.011520962437547
2080,2.6681151631505062
2081,3.20655860755791
2082,5.516105884789266
2083,30.276500167832374
2084,2.7782302905484593
2085,4.946316905135326
2086,118.64219642540807
2087,95.88373959404838
2088,20.821342867387227
2089,77.22003226290744
2090,253.15099412440074
2091,181.959960135882
2092,-88.85727376477834
2093,4.93871967258187
2094,3.3924734012936737
2095,97.63833322801187
2096,42.00781853489429
2097,96.6347964733444
2098,5.766020161358285
2099,-24.052633489670097
2100,15.76615286264931
2101,5.780679319576642
2102,6.403102715172933
2103,95.38372299102457
2104,58.51952767490585
2105,45.03396628503807
2106,306.9301466462579
2107,7.096414671036481
2108,6.894200657839609
2109,5.848992252264184
2110,234.42041497608733
2111,3.462402721614829
2112,48.96680580577639
2113,89.22222460103322
2114,2.413536605119314
2115,46.1685024804211
2116,3.632143971445829
2117,3.585060571226415
2118,3.383176301411508
2119,115.50332028935279
2120,4.600527077077315
2121,189.30527519864006
2122,212.32824678970331
2123,2.833448428145087
2124,1.6450531191907924
2125,4.410477294959469
2126,6.090077263277772
2127,53.6201141473666
2128,204.40562427331741
2129,1.8112739269159353
2130,2.4759776106002933
2131,5.402156427824003
2132,6.059877796473539
2133,230.0863584696902
2134,51.91850770524514
2135,224.47904285303315
2136,33.436155565854044
2137,217.58728535887755
2138,3.371067318544395
2139,66.21661443212412
2140,61.007215583313865
2141,41.72369830554778
2142,5.63349625041272
2143,20.026396847045707
2144,159.35062916847886
2145,44.58823665738495
2146,4.207919218197648
2147,3.842151587613443
2148,71.00861992209823
2149,-63.279808698875144
2150,13.370685556161114
2151,67.4804845267658
2152,4.904390866379467
2153,3.315918400563799
2154,1.8893206440515655
2155,2.3272705421579465
2156,5.86067942060771
2157,118.04972774037776
2158,3.8868811331932633
2159,321.8261460110167
2160,215.3927349006726
2161,270.9766772071926
2162,1.8701404089292377
2163,292.48702804242043
2164,6.403612329986255
2165,3.124613371572811
2166,2.428574112847512
2167,30.793995797168826
2168,307.6217791159226
2169,2.339414207738432
2170,2.480902671134909
2171,143.63949228471563
2172,5.565602669090772
2173,258.80007760271417
2174,245.43751334933955
2175,1.5243139402124406
2176,4.797796110956773
2177,-29.822869636595687
2178,4.235279371975405
2179,67.87974940693239
2180,283.1016854536195
2181,2.5463962949017653
2182,173.77452734939317
2183,176.26525953404177
2184,5.864283205998499
2185,2.534108774437674
2186,2.71362921321332
2187,4.416943705169224
2188,248.7530724208347
2189,237.84768908695625
2190,70.88003761511935
2191,2.56003303755748
2192,2.896848415162437
2193,167.03846949321385
2194,3.151395930795134
2195,4.876549203509923
2196,6.426590415921838
2197,1.9706441101462453
2198,4.601676885019006
2199,3.042339801915923
2200,1.7433341472645294
2201,4.172327859435722
2202,83.66104180744833
2203,2.710330592799647
2204,2.014893476540324
2205,102.85827841217306
2206,5.230253449068174
2207,168.17971777274118
2208,4.690542039254417
2209,-2.402345538888838
2210,240.32845905568746
2211,1.7191556699492376
2212,4.530859526515632
2213,6.486091367961231
2214,69.40180470427907
2215,67.13139541921046
2216,86.10249228379955
2217,4.659390844775378
2218,43.14476039751446
2219,2.714668119465097
2220,5.63322822028704
2221,3.350212615916605
2222,-20.31633125129964
2223,210.0437415137543
2224,-61.16306954849682
2225,167.43996644235176
2226,-17.9242858619834
2227,74.28502957102883
2228,129.22307379505278
2229,174.91690020797407
2230,3.10112823284507
2231,5.536806392774001
2232,4.252148595608744
2233,258.61015446729573
2234,219.5424970274198
2235,237.16430556211347
2236,3.0993923404148798
2237,4.433519922860908
2238,250.01619835637953
2239,97.66766795411992
2240,230.91318100757977
2241,2.266181733766669
2242,226.8863189301664
2243,6.009969434293002
2244,95.91221978345473
2245,251.58658758668508
2246,116.02491713323874
2247,245.88208814793
2248,5.8937393883986715
2249,298.97443570376083
2250,139.33343352421366
2251,5.022244097481986
2252,258.6530577813387
2253,6.118473377808499
2254,153.9012643089518
2255,-91.76644838233747
2256,45.56409312359627
2257,1.7875554093577135
2258,2.9872689555205176
2259,88.30626219131003
2260,6.254562404408764
2261,86.96754550210196
2262,1.9674872214561072
2263,82.65661608005124
2264,-10.241869391007183
2265,56.13537750704661
2266,2.333804077256332
2267,2.9280310197400343
2268,5.393319300016507
2269,3.809259266151664
2270,8.466400142476777
2271,182.47825921454552
2272,46.12838019002696
2273,3.3752541998559216
2274,6.102037415310526
2275,6.565642126255395
2276,4.510063860572211
2277,2.968484379845665
2278,1.6045865154088985
2279,6.001409023505312
2280,2.8818234343665474
2281,206.20152132575
2282,2.42034714964488
2283,3.911845778642954
2284,231.46823587445925
2285,3.237939236403844
2286,-4.775171126501319
2287,5.729466095623864
2288,2.878435927350828
2289,6.1787917111160064
2290,-7.444527493909406
2291,55.69572633781726
2292,4.543271602827532
2293,1.994847553861521
2294,17.498447876024272
2295,3.008681848262987
2296,5.075574118037197
2297,140.47229234810192
2298,-33.71084807433964
2299,75.48116133387319
2300,3.7349210636197876
2301,5.355958328943905
2302,-91.81436575346252
2303,168.46343908918018
2304,5.5831636589309275
2305,61.72427951692468
2306,274.50416222485103
2307,36.0687511756016
2308,55.66860967602123
2309,5.879469453233547
2310,170.04897908667292
2311,-51.95880656865134
2312,80.8649761055196
2313,3.917306980607505
2314,4.759152199020997
2315,228.0443657773542
2316,6.768816709733112
2317,3.6892492811907074
2318,241.3368009501869
2319,6.4494115511850705
2320,94.33843068414346
2321,3.3761212977539254
2322,225.47050227661526
2323,167.03396856577953
2324,2.0157348793786984
2325,31.841435039253565
2326,3.095475583746082
2327,116.32988079347547
2328,3.574083498825921
2329,336.7084996773731
2330,171.1694643144091
2331,1.7474067196930063
2332,275.2005223817823
2333,-8.087310897097632
2334,13.489202466742814
2335,5.366250945616858
2336,61.96986289987979
2337,144.7853405185317
2338,183.4423717017363
2339,26.658585537052925
2340,50.14470473556027
2341,138.82879949815324
2342,2.4459586819240235
2343,6.134861349943873
2344,260.68304472204477
2345,5.961808814629566
2346,86.89391997803128
2347,134.2190815582127
2348,1.859026126601002
2349,267.89267749909004
2350,50.836499038063245
2351,4.978838410801012
2352,4.965945686629895
2353,1.8303165213638732
2354,-19.365184025938802
2355,139.4820514779259
2356,3.8657273349646673
2357,102.54363122473738
2358,6.286160827251111
2359,6.777252405005502
2360,4.426903815429713
2361,5.454118666535857
2362,250.26267007114296
2363,4.365137718731248
2364,224.52719500473506
2365,92.6140016219232
2366,50.093454876130565
2367,45.19084495133954
2368,-50.88056791691283
2369,4.578776182023584
2370,223.2324297852399
2371,30.89081689044015
2372,67.39148921626256
2373,1.9671735716022183
2374,-58.953565764650556
2375,2.0126837115470297
2376,135.82510866503577
2377,104.20527638191113
2378,5.357463086825972
2379,6.238942971481373
2380,32.187404770442456
2381,145.97233391970275
2382,167.78605833924377
2383,48.068186800052516
2384,3.1902370288537956
2385,240.34064975621362
2386,5.818609951514814
2387,29.187429958627035
2388,254.0434135882815
2389,81.24963716072324
2390,2.0080494546195338
2391,102.7604684345522
2392,25.86457878046344
2393,66.70449640643952
2394,146.73562806390504
2395,5.866078447342632
2396,2.591240002479512
2397,296.11950924166456
2398,276.76226793648175
2399,4.490244420098519
2400,182.1700052560877
2401,66.10107803198792
2402,223.78006365090312
2403,6.370854222723404
2404,2.0251484318335486
2405,5.173701949045389
2406,2.734494536045271
2407,88.58059111518699
2408,264.1479240761155
2409,195.30435594055885
2410,4.238862501960144
2411,6.570316772369092
2412,302.8101773010246
2413,-9.191435660179902
2414,4.137876791241569
2415,65.28879052260999
2416,256.33932785932825
2417,27.02523048578569
2418,3.1066076665602123
2419,4.040357707426308
2420,1.8628371590191313
2421,5.2732971635303985
2422,236.04824457718905
2423,2.4817002755507
2424,178.46767891889203
2425,6.212897418232987
2426,-19.04836108368592
2427,168.37076231015828
2428,33.18764395075118
2429,4.485903159366718
2430,5.964023601318882
2431,3.3985830596609756
2432,321.6256493035497
2433,252.5493318110543
2434,4.098268656365332
2435,55.0409222521642
2436,224.09366938435315
2437,-79.18928959980562
2438,6.040079707034382
2439,7.234839378598872
2440,176.03283788217658
2441,6.343770024747152
2442,5.9524633833242
2443,4.902148850080524
2444,-76.70220368130697
2445,6.254858191358409
2446,5.395228246967145
2447,239.03160815310795
2448,6.62418523662529
2449,5.950639015690751
2450,27.956016765229318
2451,2.6561115488388936
2452,3.9664577109237245
2453,39.75760409934129
2454,289.39710833531035
2455,129.66104915459167
2456,3.5752459378158723
2457,252.2157118565541
2458,6.00215280966756
2459,2.621415516627511
2460,5.97453814250245
2461,65.27368716900722
2462,54.51553632078135
2463,6.260691584082722
2464,-77.74850112970243
2465,27.732866554732652
2466,215.18195377227812
2467,155.72648622437586
2468,260.7508835709404
2469,259.1087052141521
2470,5.842528361584843
2471,126.51143191925526
2472,2.755522482893948
2473,46.4115399288398
2474,192.27722390403676
2475,6.55056683693904
2476,98.66212841425626
2477,138.92758418838616
2478,159.7081013262052
2479,5.284162118855909
2480,47.421501156478485
2481,56.957579244128766
2482,2.1261301895546976
2483,5.0114314147813115
2484,121.06751039933533
2485,132.02722225730145
2486,6.728031058598076
2487,5.2648157459299165
2488,-27.620311810754213
2489,180.82821586679194
2490,5.6088342752446865
2491,142.87834546582053
2492,47.013916092150666
2493,60.07511515072323
2494,5.796650880077305
2495,5.5829331272517155
2496,113.41334578446056
2497,67.92166552674541
2498,1.770327525921855
2499,6.71239689528789
2500,1.911072908783102
2501,95.0854795010281
2502,251.30731203361478
2503,96.47513108749283
2504,329.2659970094146
2505,3.3729001976221333
2506,4.895971744004927
2507,266.64431670003137
2508,202.31723442835033
2509,94.53100120009765
2510,6.605789906471825
2511,213.57093230163687
2512,67.6591761081201
2513,131.9021311652786
2514,224.025007995554
2515,289.56250570382275
2516,2.128831098330484
2517,2.3038000305717774
2518,274.06061757386414
2519,4.352015929186815
2520,77.33588111053544
2521,126.35597758143632
2522,1.8706350064176496
2523,5.774947582077013
2524,4.658017544918115
2525,295.4713469441479
2526,3.9947264405758833
2527,3.772906788968416
2528,238.8356523048287
2529,134.24826408973883
2530,231.07648936571522
2531,263.38663323148313
2532,64.68206962253326
2533,2.0285939594083118
2534,5.988813942613923
2535,5.8591989864519025
2536,3.7571537757661395
2537,6.395275522676679
2538,5.928875524256311
2539,160.66786447218297
2540,2.6857463359240916
2541,5.609782072305683
2542,1.086823388967212
2543,5.326322430523399
2544,136.1597849828707
2545,2.4053768649837406
2546,285.3629229841532
2547,27.58897067445782
2548,39.122551971178744
2549,159.22352684171398
2550,122.55080444172344
2551,-35.49877735090709
2552,2.066650340705261
2553,282.30614846326296
2554,2.2494079780120013
2555,59.932673262256195
2556,143.99637094664817
2557,4.3870559853412345
2558,1.9832732172597538
2559,6.4702511113742895
2560,218.70629393058192
2561,2.4487373563041968
2562,221.6681449826661
2563,239.29495655597546
2564,275.52981559875354
2565,4.566803765194146
2566,4.653323724409403
2567,258.27200377579743
2568,5.305442026306606
2569,65.20348634349871
2570,3.6585851131396985
2571,86.61664890743826
2572,-48.38808007023402
2573,198.36668983651916
2574,3.0162756130995168
2575,4.695765570076892
2576,3.625850143549898
2577,6.507397881589037
2578,37.871789410115205
2579,6.082197128140108
2580,5.29654466065415
2581,3.1326644059978626
2582,-27.67732558182429
2583,2.12760596354786
2584,6.509456214413401
2585,16.58917670007706
2586,4.822398555859748
2587,216.66588091633648
2588,197.69979726538247
2589,4.692262471920302
2590,33.95943759545814
2591,1.9080637378479997
2592,122.22220734252917
2593,56.6228995421872
2594,62.12906408159959
2595,58.3111246735023
2596,48.55137701592035
2597,5.70050240257669
2598,6.355162047068168
2599,22.759536441271614
2600,4.569153645077638
2601,209.62539863756567
2602,6.168344868852848
2603,349.6725724149136
2604,158.56401471747392
2605,50.522997480115436
2606,3.987919223309612
2607,38.95530009605282
2608,183.81101035807683
2609,34.30053738090905
2610,2.7890381636664237
2611,-20.958095476433634
2612,3.434743282549191
2613,4.424177000201184
2614,3.0596694886683413
2615,123.66474274632331
2616,144.40208624441738
2617,271.33180556294843
2618,206.58618205956628
2619,4.58813981446681
2620,2.4259469975475367
2621,4.068911475819045
2622,2.728357158772167
2623,1.4139705433709417
2624,6.686041384753945
2625,122.63769453918715
2626,286.07958188955854
2627,33.03146673922988
2628,139.90667250472967
2629,52.01006905797949
2630,119.22850309117405
2631,35.78457265418053
2632,6.147673786773498
2633,292.7679237310724
2634,63.22038723833313
2635,149.164658135534
2636,-41.24887971533067
2637,3.6627834356337807
2638,-68.47510988660508
2639,-56.15541543161411
2640,195.76325660919716
2641,3.9631365905917755
2642,5.744208083924182
2643,144.04170073405038
2644,167.35187079825567
2645,215.70182905082652
2646,2.3172129241915793
2647,3.5231735939702196
2648,4.840117316058507
2649,6.242024715541547
2650,252.16291281066452
2651,211.11628876081366
2652,56.283596056094154
2653,3.3574760613024157
2654,40.87651858555171
2655,231.57301272791017
2656,241.65510729565727
2657,2.914940880888485
2658,0.024535803668045197
2659,283.51743265079136
2660,1.8403115077647765
2661,262.00923323767864
2662,91.02053946535324
2663,-2.6790524548234886
2664,87.60507572624996
2665,271.9645834344525
2666,231.31080766179542
2667,-37.368973769840416
2668,31.505099137151205
2669,6.759708554997182
2670,120.70048006488616
2671,196.35051193333155
2672,108.09660614424062
2673,246.01778109803504
2674,239.30098282396742
2675,1.8634053623593148
2676,-28.51851363070439
2677,332.6243923854571
2678,13.498114877224333
2679,5.704379608177278
2680,78.57070583110567
2681,4.705173769496242
2682,2.875448888617878
2683,2.3575710530075287
2684,2.7778436585517214
2685,6.47985722505888
2686,17.720198256690306
2687,57.17556578696845
2688,61.17517210160433
2689,42.07165570875913
2690,147.2293154250982
2691,78.60268877718605
2692,48.36909155647977
2693,130.7639255339324
2694,100.62863006515785
2695,6.580581414024079
2696,134.58651406091786
2697,3.8569576166149635
2698,2.515701153281843
2699,4.175083004605423
2700,203.5932955714613
2701,65.21633967185738
2702,-13.871053814101007
2703,4.037821432459833
2704,150.20703698653975
2705,3.16182252840162
2706,5.457620834695485
2707,184.24820660687394
2708,3.316636927125483
2709,52.520596419786514
2710,5.910058505389428
2711,172.89744702809475
2712,1.868832759960788
2713,114.93742768407665
2714,-42.800259516429556
2715,4.614362945004101
2716,2.833843584571766
2717,284.63873394006947
2718,3.1203539315685607
2719,3.103178225620618
2720,6.844817053822999
2721,6.2895801552557336
2722,3.980161260927222
2723,220.8846338699385
2724,6.392422438989912
2725,34.468643529861566
2726,10.615307657536434
2727,320.8225608389067
2728,52.38535385177047
2729,181.34346099624204
2730,178.16808446283355
2731,158.4634068520055
2732,6.192858904963806
2733,234.9253475650539
2734,112.61197361248095
2735,89.18851033150551
2736,73.7503577404704
2737,173.40686114536925
2738,131.37849530734525
2739,127.39347827163206
2740,5.896973522658943
2741,57.82914413584021
2742,1.5710588247372779
2743,-8.926101597842708
2744,-22.18363985123754
2745,4.324662668594867
2746,196.32950707330565
2747,173.9763306417831
2748,2.802022876198895
2749,5.4558390081704
2750,221.84927033363365
2751,268.4061792536331
2752,2.8278577221339636
2753,104.76305393402231
2754,0.48781720948327123
2755,30.045251353110064
2756,256.14667282243283
2757,5.817785711846963
2758,283.1361980488815
2759,62.05435691231573
2760,184.66021851459564
2761,6.494579722793878
2762,4.120253059742269
2763,136.69032148970936
2764,4.342422941182911
2765,124.49300880431267
2766,2.136735150921478
2767,267.3047288231047
2768,4.407431810394516
2769,3.4566115756945983
2770,186.6306750460857
2771,141.94119640980503
2772,6.998879383827591
2773,3.154452518510702
2774,5.235812568072997
2775,6.148670543569636
2776,4.003165962300624
2777,257.3865591376259
2778,31.005930848599117
2779,2.030087371486316
2780,2.681726139830977
2781,238.70646685024911
2782,215.69394265899408
2783,5.740051319689519
2784,-2.7415848116746973
2785,5.814905792473436
2786,3.695440146982569
2787,57.3134918175226
2788,16.95286541461726
2789,155.93714371432247
2790,216.86301182222888
2791,91.79857501400036
2792,178.0525360149323
2793,170.91264909374667
2794,175.9261979440513
2795,51.03255911375365
2796,248.25896655918547
2797,102.61507003987404
2798,37.46700896355157
2799,34.05430893894972
2800,5.305214642652863
2801,4.147219467578414
2802,3.2636684464729693
2803,51.22997651613875
2804,3.6545116259207333
2805,49.31941356666857
2806,6.923471585445739
2807,28.47217091581794
2808,93.41938334445449
2809,6.128689536364794
2810,5.517502211363206
2811,179.49259391451264
2812,5.959161369480833
2813,10.214434865223687
2814,6.027631728801935
2815,257.44747748629806
2816,70.30952586844973
2817,261.98760938664753
2818,120.42500020416654
2819,49.34622912849325
2820,149.56127661256312
2821,57.56998387063275
2822,6.151699838627502
2823,43.15968170233198
2824,246.02445258919136
2825,125.40963014683426
2826,-52.47876676956239
2827,6.434093850685603
2828,5.441081451953858
2829,5.128533907158924
2830,6.262813103715463
2831,5.890120506657473
2832,5.8524819624472055
2833,135.37154827582495
2834,3.804803275854863
2835,3.5070974571540994
2836,3.563871666223891
2837,3.4305265515232466
2838,5.789649902309206
2839,1.9988391677638921
2840,60.10579868725529
2841,55.594885514272335
2842,282.10170689422824
2843,5.99516175040353
2844,172.59429659350064
2845,286.75967878864003
2846,3.5087792865729774
2847,85.89190455484844
2848,13.089841024162848
2849,-57.1642725544047
2850,6.604203078590146
2851,6.793200940268926
2852,-35.97681539021479
2853,122.10544548965727
2854,2.371466719887833
2855,68.5383040803858
2856,5.941764243065584
2857,57.1221784024185
2858,213.7319144209851
2859,1.6822308216498696
2860,143.45196294409016
2861,281.7485089095087
2862,271.9222025361213
2863,2.9488927036125743
2864,264.11108614785724
2865,226.04601821752334
2866,2.161007820291263
2867,2.411283982012856
2868,91.78709086134346
2869,54.12693717131348
2870,181.918113888354
2871,6.110759573255956
2872,255.8554120025535
2873,4.998611947183355
2874,13.679857461059614
2875,4.798165414863318
2876,-30.47881432197518
2877,266.3761384865268
2878,-75.99323997851562
2879,5.040510809221628
2880,216.190591413549
2881,5.776386955138613
2882,6.0941774376051345
2883,4.052844072976294
2884,6.677912361797111
2885,206.6844687575508
2886,243.6307214964228
2887,5.8696741804136
2888,2.0498174423905455
2889,6.1239681540856665
2890,2.4149154185884334
2891,-55.9101971626955
2892,142.73570664632942
2893,49.38896615466422
2894,63.6786606658908
2895,4.880571953904057
2896,2.4014838078352643
2897,5.342683472677138
2898,125.26254623211861
2899,31.815696332049598
2900,3.2040657579153193
2901,40.6133929449843
2902,237.7603725122137
2903,273.2115058210517
2904,3.6232829640730806
2905,3.9927635259665486
2906,29.58597864386203
2907,4.17961303320871
2908,8.76053334422232
2909,2.0667604724868647
2910,123.05225957518338
2911,3.6567189704833822
2912,2.196958515160457
2913,6.494179473423102
2914,-11.40678557893121
2915,8.214115418845694
2916,255.61010229081282
2917,168.8094598359204
2918,3.8912606600834896
2919,352.0073521247848
2920,209.74479100829745
2921,5.433664772161786
2922,3.683712273502842
2923,206.58524497516993
2924,5.506606986177138
2925,4.968303206575763
2926,5.875138521198285
2927,38.06189113036281
2928,6.3818220394572895
2929,167.93380748404002
2930,266.40418975131604
2931,2.3930470282280356
2932,5.650112318879895
2933,45.235575050199316
2934,106.48334137120527
2935,1.2338825285827153
2936,-56.6309687072889
2937,5.8407295425048185
2938,-3.1698760182274652
2939,3.0426252350375362
2940,170.19263757076024
2941,80.73676692014205
2942,101.91612525112401
2943,6.202348831769886
2944,6.5417523760350615
2945,5.705167765052226
2946,6.390101195634385
2947,-48.19774741513324
2948,2.4533262278580135
2949,6.63060028978239
2950,2.809973027360927
2951,138.54951288862603
2952,137.4597093089355
2953,6.44238657109688
2954,1.6948526728213744
2955,13.757547055520616
2956,6.469305405381265
2957,98.8089374064171
2958,5.196578823524751
2959,187.45225907073763
2960,6.261281085800723
2961,161.97682372757376
2962,3.682182696367729
2963,4.177723031383894
2964,237.75617921674512
2965,184.87607181536595
2966,4.4714118586632505
2967,3.5561332630688356
2968,167.82742246850526
2969,-83.37246832492056
2970,1.9040279541804743
2971,218.74808419582158
2972,6.559794446537656
2973,209.6038308140582
2974,250.68731663349615
2975,4.359182930663221
2976,45.900395876980525
2977,36.1148271890289
2978,4.577401217612139
2979,4.657096773250822
2980,314.5564543134651
2981,316.7256480556001
2982,144.4414140849467
2983,128.25664229919454
2984,276.0922078400814
2985,127.38241154170679
2986,285.8933045320165
2987,213.65194789969502
2988,136.94734678591607
2989,88.4104260519552
2990,37.8131493112456
2991,7.275017462187412
2992,3.0562593708863948
2993,5.3219162149280885
2994,35.464551591247265
2995,10.298413354399067
2996,4.347945731731501
2997,3.541292267266105
2998,100.48432594607982
2999,148.9047483299971
3000,68.621513764687
3001,3.162559835917606
3002,282.44526092701875
3003,4.150893042736778
3004,280.2211620634966
3005,103.68502372735433
3006,98.96339792370114
3007,6.38378545129985
3008,2.893599665792574
3009,38.89667303586821
3010,4.437196720214399
3011,69.9031795014265
3012,5.240209355989677
3013,183.7102766920238
3014,6.464350234764469
3015,3.2998038498127347
3016,5.955561803969661
3017,5.99510452951684
3018,4.401341247907118
3019,238.39111388991364
3020,3.2972478395732203
3021,235.7038108259355
3022,270.61315018180846
3023,3.022700716833069
3024,117.08927773762073
3025,241.51156342203632
3026,167.28933174836666
3027,6.003899993059091
3028,5.473091372528048
3029,-27.583117597144692
3030,-43.855262884302945
3031,6.027839612749302
3032,6.470199473371754
3033,5.0251735760732466
3034,122.3433141495089
3035,141.6547167721003
3036,220.1619272985515
3037,5.499082887367806
3038,2.0819796476223185
3039,-30.262335380194603
3040,167.5700877973067
3041,4.817209198474929
3042,8.674921836173658
3043,5.840276767337975
3044,223.28635418429633
3045,155.64245817580021
3046,4.310970684464178
3047,4.127444371806275
3048,41.540337063145685
3049,5.787235825804554
3050,247.8784936392838
3051,103.43096617195503
3052,6.53181194429627
3053,4.091379894420747
3054,133.67339802102157
3055,189.02663806794337
3056,58.22527563180206
3057,3.13468019253521
3058,101.61190889791808
3059,1.87700468935717
3060,246.84952681564891
3061,5.211220124086899
3062,225.3487592724794
3063,139.95471079004938
3064,242.61813578407217
3065,252.06047469081005
3066,138.07788186138575
3067,44.45851252479819
3068,6.174923792952083
3069,6.02626975057027
3070,3.723238767822964
3071,6.197843005520496
3072,201.23972119892898
3073,135.80400748375857
3074,6.273108811788734
3075,5.869098829704926
3076,159.17579689861003
3077,18.019735591983654
3078,64.6930011498247
3079,5.613293092128803
3080,3.3032591758380194
3081,3.704864645291501
3082,96.97103677465894
3083,160.13481926492997
3084,1.3408164467918213
3085,5.461077263520995
3086,193.58014109193732
3087,3.112560169992567
3088,91.09987461209329
3089,3.541901293060565
3090,307.7119188837961
3091,158.93942877993288
3092,100.55174279660736
3093,4.062792572357865
3094,199.44211673686647
3095,256.7422276312583
3096,136.23979161158186
3097,4.8351017688878395
3098,6.251249783922459
3099,17.183764585950144
3100,87.65815734617715
3101,3.5888326116605653
3102,2.3110104626827446
3103,3.2038139321490995
3104,38.99569696170431
3105,-10.045406142806183
3106,43.315056336317525
3107,1.5703993051857157
3108,2.5638287447388315
3109,6.034463880768069
3110,253.56456869327508
3111,2.102731411514161
3112,220.87402239482043
3113,5.475598946157729
3114,34.762249482370514
3115,271.15958137753057
3116,109.66234976606961
3117,17.335851425112303
3118,248.22151684605578
3119,4.507692316106095
3120,47.071027672725954
3121,24.94518612690355
3122,134.2265459670447
3123,3.8495964696005016
3124,2.6688855753157164
3125,3.9394461350729246
3126,205.478286437773
3127,255.91488196431186
3128,38.14686208227473
3129,360.32406337122035
3130,2.1231399240125595
3131,96.63544732655748
3132,201.01987091982346
3133,118.6186898846658
3134,240.90673023236565
3135,1.7113322506326956
3136,314.06473790035886
3137,2.8170959025120013
3138,150.46350370001207
3139,6.016611980679909
3140,2.816631036293262
3141,15.389985847727125
3142,3.115507160723637
3143,111.7268340291287
3144,259.2098929126472
3145,5.4219957648120385
3146,289.3501059245462
3147,97.32026027867755
3148,109.1452203261554
3149,-1.916446691684289
3150,1.711709813419363
3151,248.7066062187086
3152,7.264325141691958
3153,238.6642224258884
3154,166.0308019733692
3155,58.09224591437244
3156,51.611191069517574
3157,4.931984424877145
3158,281.8071177868495
3159,100.82070905330198
3160,271.8166145411376
3161,-37.36093010989569
3162,3.49368271025806
3163,198.9612943843579
3164,3.176993290034312
3165,-5.500781521044343
3166,58.53251381444295
3167,6.665565738271158
3168,5.363364433665414
3169,3.5838349892982873
3170,219.4242081785284
3171,2.865620056073734
3172,229.46824623361104
3173,297.7182372991951
3174,65.45467926939179
3175,-63.41879915584778
3176,3.6604983213711093
3177,3.3169727971957346
3178,183.38545427399637
3179,6.151550576544425
3180,314.1908786931152
3181,189.71333506810538
3182,284.67385722184576
3183,6.105183949238569
3184,53.72689314502698
3185,6.717884944917529
3186,128.61352325529472
3187,284.8582778404932
3188,-41.57088203423117
3189,237.48048271163785
3190,4.26845508292157
3191,263.7907661199033
3192,57.20294128656961
3193,6.472735750909689
3194,4.135504372786119
3195,5.887827794641
3196,136.24397817999133
3197,5.49213482486196
3198,167.072134494467
3199,178.91749032198302
3200,1.9683858697052323
3201,287.3996975043871
3202,4.472568379573847
3203,4.807224834100477
3204,21.081084723967688
3205,6.517342615084276
3206,268.5670786116978
3207,5.864283311062726
3208,190.78015063831816
3209,-27.774620197129565
3210,7.518126255611514
3211,186.22045310715785
3212,212.17501966252362
3213,2.6820479869209057
3214,253.62284519484854
3215,3.6294785803657907
3216,6.047286073839528
3217,124.47331125289594
3218,276.9914295015625
3219,91.42289215015379
3220,79.82541031632755
3221,86.88839611303271
3222,257.60977036152855
3223,343.56556121252447
3224,-69.08660456625296
3225,152.09277408555826
3226,6.000291965839617
3227,5.8774047086809915
3228,17.294628019569487
3229,291.59420023982597
3230,225.36988490977495
3231,6.47417425903566
3232,5.101503400324145
3233,5.6850972198826515
3234,4.150876660427986
3235,117.82726887818019
3236,150.07860698805956
3237,13.305627461856416
3238,311.0879570941526
3239,6.498889325750455
3240,73.35070212377629
3241,13.97044493829492
3242,2.66762854258464
3243,31.526349519357154
3244,196.4608107796994
3245,5.405391994953988
3246,256.8460621280994
3247,6.1503790691976405
3248,49.49458322003511
3249,-24.630310438323853
3250,229.57410890147418
3251,233.28445963607038
3252,114.275705254498
3253,42.56373651927432
3254,150.16137217647355
3255,6.358037771111336
3256,6.238029087134901
3257,20.691896489352025
3258,2.5745249214912693
3259,59.280696852745685
3260,5.864698169367549
3261,116.35248640273173
3262,307.3880843053996
3263,2.630109555786159
3264,3.4226579858460555
3265,142.86270727736002
3266,3.5840143544584477
3267,6.700372462316757
3268,3.5288973951068145
3269,3.995928693926216
3270,44.50099038081872
3271,219.55823720492904
3272,2.190835905204204
3273,184.05296175956312
3274,216.33621791797492
3275,135.45413870268897
3276,111.20341455442913
3277,6.006111069169262
3278,6.4830717271335025
3279,3.368079063757166
3280,158.93517029310306
3281,272.7244848051913
3282,2.8059780359077573
3283,386.676501269651
3284,352.80402082730956
3285,83.72942031110266
3286,3.1271933213816796
3287,-8.88360626712757
3288,82.51296306574018
3289,1.8521112380534903
3290,80.59944364635865
3291,244.78031519339004
3292,2.933828568937344
3293,57.68867597538842
3294,216.75538130847767
3295,134.53219265062145
3296,45.081917317393405
3297,209.89095946705933
3298,2.425611014082367
3299,246.90939992705114
3300,3.432738497982796
3301,209.32404121108954
3302,221.06694354779498
3303,5.074192739763861
3304,243.9175088555159
3305,4.928939102231493
3306,4.697503361376482
3307,203.62797336782714
3308,3.0849053655411054
3309,6.225080682380115
3310,-50.92930448900732
3311,2.5403131807874373
3312,3.885046966266928
3313,2.4861413937036554
3314,6.0496917227529945
3315,4.287266830354755
3316,325.39327578709117
3317,303.7797731366866
3318,42.66592182483316
3319,1.9691702352123104
3320,2.1182104029862314
3321,5.0791900493452085
3322,143.7854361988877
3323,4.815256078634504
3324,3.758930979355762
3325,318.6140290188088
3326,69.82715170469078
3327,-46.16199300859793
3328,6.4191270381102
3329,1.8650189154753833
3330,184.83984964061224
3331,93.536611410348
3332,3.587859023893201
3333,263.44017518064527
3334,116.14773806566413
3335,3.3327869310173317
3336,5.435277238824495
3337,2.751663166970737
3338,1.7711329957268835
3339,2.986894379359113
3340,29.42909850128136
3341,58.493311080191205
3342,214.72791008160237
3343,129.9531604369031
3344,3.173328857635843
3345,252.5144464621755
3346,297.7251594899654
3347,188.85662114106992
3348,60.069525523751466
3349,5.640261472456353
3350,3.8368539334371548
3351,2.850389126548756
3352,1.8522212295718987
3353,136.42673897765764
3354,88.07781411242887
3355,3.046532625062308
3356,305.4819262930989
3357,3.5351415317563464
3358,236.5175585572699
3359,78.27532356186984
3360,148.93953864830576
3361,3.290261984579549
3362,3.423723236097247
3363,3.518763558554963
3364,13.018701765586648
3365,116.99246475429112
3366,-5.833501265407174
3367,4.223038492371908
3368,75.98038518969777
3369,3.730236874403694
3370,61.40361876316072
3371,3.66667332073305
3372,196.9648745907986
3373,57.042533906886355
3374,305.53877810355965
3375,2.5963586863257557
3376,2.7988639581462387
3377,103.2960529653538
3378,5.102717097982895
3379,35.54515912658911
3380,317.69633548549075
3381,6.6223017346089765
3382,96.21738739512799
3383,6.5427304719218995
3384,32.207302994398745
3385,4.3621513230387805
3386,51.4635382849827
3387,2.139300582095878
3388,180.49164645141008
3389,215.52916988994767
3390,2.2644306697395016
3391,5.757348840066232
3392,5.045392771029981
3393,169.83832936415268
3394,122.5878781151234
3395,5.2619004607584055
3396,5.702141773736836
3397,138.52886624381193
3398,2.1232388964175306
3399,209.9105156570467
3400,168.46047805991603
3401,5.189823332841688
3402,1.361762200839414
3403,70.85297245230035
3404,104.89527418401795
3405,178.53579793878157
3406,161.51909502598014
3407,4.151463033100062
3408,88.65487384018327
3409,121.46393514631384
3410,5.930599096882745
3411,5.7154253581954935
3412,29.70979835391474
3413,2.209938999034677
3414,6.667680826985298
3415,94.24481690884265
3416,91.61517858540401
3417,192.883147373598
3418,165.72405288132381
3419,-17.82357840200343
3420,43.36120691889955
3421,-51.63966453143924
3422,180.32255549285043
3423,2.0409069606560033
3424,3.4479354599677685
3425,8.876641727460548
3426,3.545740343983899
3427,54.54706442048134
3428,2.573039317864172
3429,330.94357540608553
3430,314.7838202923246
3431,99.19077040971612
3432,5.919074082711757
3433,78.19787044500364
3434,1.9648266183107312
3435,309.0871842337613
3436,223.91044442184912
3437,3.3164047060869155
3438,27.44328346188633
3439,261.7436060831149
3440,6.521914718874842
3441,4.93547591526837
3442,232.87258199293137
3443,4.9453579493848325
3444,210.09948919261268
3445,3.8290567153784543
3446,5.994600045289811
3447,269.34448749454407
3448,5.522795010962109
3449,5.686817103004213
3450,99.35019976546683
3451,194.62534246942283
3452,2.132152206880017
3453,3.184322180855829
3454,17.172646851393047
3455,4.10842808877072
3456,5.702184071940632
3457,3.850777618826186
3458,6.154081119129936
3459,165.69238248663066
3460,-40.97612529722396
3461,3.9078651728066607
3462,38.71148144248682
3463,220.1345519257978
3464,4.428853589490069
3465,2.7563785776837375
3466,6.079778480559109
3467,112.59511438635748
3468,35.038597389215234
3469,308.2937574575735
3470,154.70545868864153
3471,25.606244295325236
3472,274.3453260904146
3473,6.288346007211779
3474,3.8172600144523394
3475,4.498499197169226
3476,23.12614061248048
3477,3.5030198499994527
3478,6.648195494567207
3479,2.6920319860601025
3480,130.64128129460704
3481,143.3528494982852
3482,86.60608393756715
3483,64.87512311275165
3484,164.81806439362097
3485,2.32174147395508
3486,228.39932373380594
3487,5.826820551342214
3488,4.74139890322478
3489,3.1744133421688767
3490,6.183816780751338
3491,3.225154199884891
3492,2.3637804671960843
3493,299.09064814346317
3494,144.25568335852265
3495,6.377778151316887
3496,10.26297306899456
3497,4.478492279690542
3498,6.631007251596127
3499,-19.93179335789689
3500,93.52210960236367
3501,289.94529363479666
3502,5.874519034008829
3503,3.723048026926688
3504,28.702295976066583
3505,135.87663693558414
3506,93.68867588894257
3507,6.248664167956766
3508,3.201557784244777
3509,3.082400477167178
3510,283.7065059406173
3511,2.0246910099566193
3512,73.6325685558472
3513,89.08597053701374
3514,3.3569003389136363
3515,54.331965894184
3516,3.525522559260112
3517,191.43742517868236
3518,4.350364883559371
3519,225.52916458458012
3520,276.9756530862607
3521,1.9204843933005713
3522,13.269404623225222
3523,3.906740132957138
3524,6.650748738105396
3525,5.279113264202537
3526,41.20668862824208
3527,1.688375267091284
3528,286.6437364148192
3529,201.52860884927935
3530,2.396009384466783
3531,83.00238510666092
3532,267.9360230155793
3533,36.95266556206419
3534,7.772835379715906
3535,92.95187045395636
3536,3.471381260820248
3537,73.63088410940165
3538,6.648345058050472
3539,-13.942192129708417
3540,157.5855273387426
3541,-57.46584264021108
3542,2.7505015139066638
3543,190.7379096417425
3544,34.087816740095505
3545,2.546726328377705
3546,5.638177758580721
3547,174.43262336578863
3548,5.282527856023002
3549,1.7492593219089272
3550,4.539156998053115
3551,4.475017787253749
3552,5.718730808382913
3553,5.966877063862258
3554,184.45249126216527
3555,4.210073398328014
3556,2.131593934285063
3557,121.28468073542037
3558,5.362782257724762
3559,94.92948471552367
3560,60.397411840214055
3561,6.224075462513507
3562,33.9246290027463
3563,-53.10505277374904
3564,5.902575130648067
3565,4.910969515566707
3566,166.04100356190673
3567,1.9873772705519173
3568,241.73753980361937
3569,172.24401054285727
3570,34.537257606475286
3571,205.46515210337057
3572,1.8334443268939136
3573,5.98369245073523
3574,5.679918280581431
3575,1.9744783843633988
3576,5.407913224406231
3577,6.26268550945975
3578,74.8825371027955
3579,2.0799881108419176
3580,67.46465278343777
3581,253.4675474290095
3582,75.61730652753901
3583,79.75011169284502
3584,6.633067753150775
3585,32.46458834612812
3586,5.817916115821683
3587,39.78469808449832
3588,3.691673944480287
3589,235.38432133870472
3590,3.140384178581455
3591,3.5450940071515173
3592,185.603950399364
3593,4.120623317197926
3594,22.17837182000953
3595,6.642392758825904
3596,35.74977075192829
3597,304.90672779248246
3598,65.02654477389757
3599,79.30866041411981
3600,2.759870547332176
3601,278.95313889563687
3602,33.05948722118748
3603,5.475178806115415
3604,2.7798246539750457
3605,154.60029224423494
3606,2.142532804457095
3607,3.4913394438213508
3608,277.17968345969865
3609,202.08459907356135
3610,29.967590920004366
3611,5.413897067085273
3612,266.2454508169903
3613,6.364402745918978
3614,5.227285644465877
3615,6.411277395756604
3616,78.28583488040455
3617,5.032841181325389
3618,2.6772894319895078
3619,-40.14916638478434
3620,-6.717724027865236
3621,67.05463075158002
3622,5.1929474497612285
3623,257.3340490052735
3624,-0.7471852729068044
3625,107.83929620461224
3626,29.8109770445038
3627,29.53675867152989
3628,6.411788690969657
3629,40.01502943947433
3630,249.14764626484197
3631,297.0821228809548
3632,251.8648276034529
3633,246.45027812038145
3634,101.42523672046764
3635,138.0452140688987
3636,4.5680587467363365
3637,44.0502446627526
3638,66.9401591551634
3639,4.891697204602694
3640,337.1438115454773
3641,229.66098703868772
3642,153.98526202833207
3643,189.30200719138577
3644,6.596295504248567
3645,135.64019825794736
3646,2.4860789072125034
3647,5.93284200359861
3648,241.59777459787816
3649,11.031417032270314
3650,3.2644284245493846
3651,207.481243546734
3652,45.856734299495116
3653,-2.892400459258044
3654,66.0293489742378
3655,2.1501292595611328
3656,155.33479108043747
3657,5.842815614884913
3658,7.920169464237872
3659,4.640094773901408
3660,5.783193130298272
3661,52.05394798423116
3662,2.1645664374756737
3663,5.640098265758916
3664,122.59156317054749
3665,4.7993596879183755
3666,279.0916270939566
3667,249.8026769144035
3668,251.19920800262122
3669,244.5926150679312
3670,7.146101320428803
3671,6.687665873665391
3672,232.16542020168092
3673,5.123541236001163
3674,281.8282658835233
3675,146.3744920898524
3676,56.67998876077313
3677,36.43957423753907
3678,-1.9341305158815154
3679,4.725997516888897
3680,3.9118891754083767
3681,156.66172581131696
3682,79.90951378070045
3683,173.8886033515772
3684,41.36231533209698
3685,151.79265058059843
3686,258.87162581788624
3687,117.96330405875496
3688,257.8809943564156
3689,2.5307351752435703
3690,197.32595686590878
3691,207.45277769540687
3692,293.02885589503603
3693,270.07503688858304
3694,1.7686256182689748
3695,249.58317449774012
3696,212.6161999717864
3697,0.8299169716403462
3698,-18.318954678405582
3699,4.449839475874912
3700,5.633876764158142
3701,358.72921926708614
3702,3.796747541547936
3703,4.01504749915207
3704,5.911645764437744
3705,1.5198274209895968
3706,47.82915214583691
3707,15.136005009021858
3708,135.04484850005784
3709,3.1487794885766363
3710,6.5054264275654035
3711,339.5571601845981
3712,94.75973895413574
3713,5.79133159203859
3714,321.6169468071537
3715,2.532997746660564
3716,2.074659524166913
3717,134.91822759530302
3718,79.75622472539936
3719,169.77924581536388
3720,151.46226682752965
3721,2.9298619071980623
3722,4.04681934028446
3723,3.286300434524256
3724,1.8928848133403036
3725,69.52988353665548
3726,1.7063218787078505
3727,222.64519527997433
3728,60.37724703034719
3729,-51.365146543493196
3730,150.20928935158057
3731,79.7318755312095
3732,3.4922329281643028
3733,-35.94705874467223
3734,3.1420914362078505
3735,2.511929088502321
3736,14.931100142900307
3737,6.052978598992785
3738,194.8727232881326
3739,-40.83868379417248
3740,248.6638514184848
3741,30.62032052897959
3742,257.2762569722561
3743,2.345904245634696
3744,71.55412312958104
3745,-29.414412548680147
3746,4.881952648348339
3747,4.891194205966954
3748,178.03617647147618
3749,84.95466462782316
3750,1.551488746663502
3751,215.1569291831359
3752,86.21567345168617
3753,5.106535107973983
3754,3.825083536579618
3755,-1.0296818401420693
3756,5.6673831717382335
3757,19.011157934101508
3758,6.127226382641477
3759,48.46217086210564
3760,1.9478227645736896
3761,6.081717063237247
3762,6.210933010475568
3763,134.87982796811679
3764,171.88591352702224
3765,357.40155142213575
3766,6.546837584282185
3767,294.36351357556055
3768,52.29699295384196
3769,1.6672791871443955
3770,162.33565311285736
3771,3.544644793359109
3772,200.68675609505092
3773,237.44952212505495
3774,2.5592727236736437
3775,3.7313080388413367
3776,230.3969248685527
3777,6.108383794123194
3778,232.31482207220512
3779,280.7129451426956
3780,5.898054586773554
3781,6.477448853719817
3782,2.1520130854423476
3783,2.0654434253143057
3784,5.633607682466884
3785,30.58782088392587
3786,94.45236239007659
3787,6.076874777155953
3788,6.65995938977982
3789,293.84426318666453
3790,6.848185398230377
3791,6.363180496232285
3792,3.6182319397812006
3793,13.53188006149556
3794,-16.45042792629117
3795,204.6540628227808
3796,194.65676521926756
3797,4.771968854454702
3798,163.25029620489346
3799,-51.574795354935375
3800,246.64717180873382
3801,139.63581347158345
3802,159.2560559796803
3803,50.905455217171884
3804,61.87635047652182
3805,4.959604044197583
3806,2.876667864521509
3807,100.77633235974776
3808,3.6208496073389176
3809,-38.86346376329358
3810,2.773524198568093
3811,4.73241091153155
3812,264.50561845422146
3813,3.3226936953652886
3814,280.63120767862546
3815,7.405150161879904
3816,3.900261876109204
3817,53.72829353027755
3818,6.263223874364794
3819,2.3664094516073058
3820,113.3625748082513
3821,7.454466216846569
3822,5.543796351959132
3823,267.12224272650803
3824,5.331710792114335
3825,254.45151522896765
3826,6.006783585173514
3827,304.91218090864766
3828,297.9729242352087
3829,6.5247143576938
3830,235.46762008798015
3831,63.72197299908827
3832,1.8022828635492603
3833,56.4034931307689
3834,25.193927633272924
3835,2.7196319055512608
3836,5.200594737746911
3837,6.753200274066884
3838,5.867855305718406
3839,230.44739414667006
3840,5.7057101652091955
3841,133.7318595184332
3842,3.54766351468669
3843,252.70186835434558
3844,5.61144666765871
3845,6.045938018002295
3846,6.4268223634151465
3847,76.15974840964948
3848,94.03084199534747
3849,196.35108204863525
3850,31.058273476061913
3851,127.10504472312053
3852,257.7619890879745
3853,5.544102905127543
3854,255.76701708202927
3855,2.0118767626883716
3856,65.88886920877427
3857,3.8648903443306617
3858,2.9653899912083173
3859,246.28573041514466
3860,6.219923954891148
3861,-58.15668760129088
3862,-4.950879878852363
3863,3.7060553255400612
3864,2.944763827723058
3865,283.9301751338175
3866,4.498663669031518
3867,192.4337489162828
3868,4.463086381055587
3869,3.040927370321392
3870,133.51785777397114
3871,42.75100516271515
3872,3.6531152928080632
3873,45.9265098764112
3874,324.3669519927831
3875,273.4725015188439
3876,106.64328394284425
3877,-76.50673053378796
3878,177.33175072946807
3879,250.18366659066365
3880,6.606704623991581
3881,3.8109095653257894
3882,2.7135107356650883
3883,191.67178164636357
3884,149.17231048751572
3885,6.369566993789119
3886,5.594632747543626
3887,6.272911873529895
3888,2.6648908066759103
3889,172.2953420829505
3890,1.7775892603119803
3891,3.119809776965352
3892,153.52456841968421
3893,3.7298710413079847
3894,292.2856259609629
3895,-24.837750972367285
3896,14.398246316626334
3897,245.02226342125277
3898,175.15477020722682
3899,1.7206492114648506
3900,104.68689972202716
3901,100.69395575064019
3902,2.800846459187649
3903,11.533535292814934
3904,51.86064309726598
3905,3.7511002763667416
3906,7.6374464029629126
3907,215.6027446998491
3908,139.72030105381484
3909,3.5840152748060676
3910,4.037475094374848
3911,247.50832801773672
3912,3.989833092898136
3913,27.363015611588686
3914,276.7372782570305
3915,7.322914867801137
3916,5.89079982301845
3917,3.734025357900452
3918,-46.68723356141523
3919,4.969057022219693
3920,31.837638223258732
3921,64.6284533900757
3922,6.801955296543813
3923,3.211006040593386
3924,344.1772965843554
3925,71.66634624859152
3926,2.2042181253839392
3927,234.99331336082963
3928,3.4128005962981045
3929,5.4323183984745524
3930,6.2322091114263936
3931,213.22192662908571
3932,4.374481203864994
3933,2.548438764202137
3934,6.403550786677179
3935,219.92790162638588
3936,2.0613288734942437
3937,3.4569770110886693
3938,2.979117237022992
3939,313.5940428893966
3940,6.080350909340719
3941,6.240314324385727
3942,5.149326775633682
3943,3.2050295852834103
3944,6.876724325651635
3945,325.3890678978302
3946,233.29776916917814
3947,29.09599861137894
3948,157.2339579113703
3949,5.6219149020284025
3950,248.03378783749022
3951,1.7695830601834293
3952,104.84813705222928
3953,126.78571285013932
3954,2.6249243950481445
3955,5.928519105719741
3956,155.84488030084736
3957,64.98727765758841
3958,76.58332511303007
3959,226.30000550057264
3960,5.9634085824749326
3961,6.281438819012751
3962,100.38875506241764
3963,5.856410735493334
3964,187.2229899149262
3965,5.979247018255388
3966,3.391124978911807
3967,4.126829375511066
3968,179.25490700406982
3969,29.531348696164656
3970,2.4766954693241297
3971,3.455882731813185
3972,2.8675881348569456
3973,3.36875459150276
3974,30.007132944628236
3975,31.10443310355319
3976,3.702234119096355
3977,4.18249758255122
3978,3.5846192803789303
3979,127.28926511543207
3980,241.55780021895737
3981,258.9076351959992
3982,5.548052583217707
3983,3.3632745796168564
3984,357.6138350921292
3985,207.1094753112371
3986,154.13697873220622
3987,99.31391489730134
3988,3.4345855104462513
3989,11.108821974759012
3990,95.24236630030467
3991,242.8793806907688
3992,5.892014662699748
3993,5.757107130485414
3994,46.30904882231912
3995,129.74546363218946
3996,3.755001213513192
3997,120.7004817369747
3998,2.512995193764067
3999,280.8715855170295
4000,5.414931234886577
4001,4.224069610030223
4002,49.572206163729575
4003,170.4496001927006
4004,2.251978820115959
4005,311.7791615294498
4006,89.54624767765449
4007,6.927887979771873
4008,3.409302219096648
4009,5.848439306293205
4010,212.06407635550644
4011,3.6585956796212886
4012,6.371246889739562
4013,240.61293951420777
4014,5.8520392582321605
4015,6.158759971783413
4016,71.81165995627092
4017,186.4723319026394
4018,119.77960113899927
4019,1.7863743800482434
4020,2.0296191275932998
4021,98.90339309875206
4022,53.98366089736831
4023,3.5166830724791383
4024,120.84877039813874
4025,65.71065186810307
4026,3.421286022741318
4027,260.46161492776184
4028,113.97190068571423
4029,7.147425868723563
4030,2.544314152144495
4031,101.14675189009873
4032,78.45850811706917
4033,3.0543001457248984
4034,254.18758092161423
4035,129.04028441074246
4036,5.008390346650504
4037,3.5467936651610246
4038,5.923249128757053
4039,5.818609951514814
4040,111.42438310088087
4041,310.0016450555319
4042,55.67486462383155
4043,263.6456383065197
4044,3.893143971278088
4045,33.17181093455836
4046,5.889196626865421
4047,4.131148460942948
4048,270.3984238873449
4049,125.65924371577805
4050,270.792176337947
4051,47.14814550902864
4052,2.713996617581939
4053,4.102653895917201
4054,5.380670857166911
4055,4.057074786254833
4056,264.7300485452869
4057,6.805927816642409
4058,258.6380623277696
4059,39.13189567995606
4060,245.56713117727338
4061,98.00554461485339
4062,3.812510948177233
4063,2.2180387104357306
4064,184.5346588751196
4065,2.061588599389838
4066,89.25802501465168
4067,195.6773770650165
4068,192.36193346167573
4069,338.1111730727903
4070,2.6818770991708485
4071,2.964973966703157
4072,2.022436311942301
4073,3.3362634652975194
4074,4.158016280146987
4075,-32.10724463358774
4076,35.115303898317755
4077,4.988544804474451
4078,6.294714634785101
4079,6.627094539287738
4080,282.69462540043935
4081,4.649379450116571
4082,122.31714936722051
4083,3.906232074339575
4084,15.673966393406229
4085,14.64664651903608
4086,13.341531808977289
4087,4.0183146808597705
4088,4.511695268345054
4089,79.29342464233268
4090,148.21598959239503
4091,3.947241788473846
4092,63.993886369584104
4093,26.35071031331746
4094,5.013455142667015
4095,6.697334044542945
4096,2.31590693206071
4097,2.567452462068806
4098,2.8473252239717004
4099,-35.368543301437725
4100,64.66173753668187
4101,6.0002178843868545
4102,4.155069042320157
4103,75.63557837874936
4104,203.20373423695597
4105,5.794250278720163
4106,112.7045625715325
4107,90.91117823027176
4108,68.47104058815083
4109,250.46348307852344
4110,6.228392040817469
4111,72.78549637207773
4112,73.8235890858061
4113,3.096153638447972
4114,5.156765728214902
4115,80.96259299438023
4116,134.92641547458308
4117,85.70769186962775
4118,287.8747940872829
4119,253.45575887594907
4120,232.82185717590036
4121,93.7692029390187
4122,-18.576492060455756
4123,2.3414887379669396
4124,129.31590961157735
4125,2.2616321885169492
4126,58.28909837538206
4127,6.007865487717544
4128,1.8730749326135205
4129,6.2517639470432
4130,2.1594900578760927
4131,59.22614592718334
4132,6.009817638376436
4133,5.010061470552253
4134,108.96559583127261
4135,3.701265264868192
4136,160.47756868841725
4137,313.53980460749835
4138,-14.82850242173027
4139,101.44063784975114
4140,54.19551138535232
4141,3.8306929946416086
4142,114.49810534465016
4143,297.603924283189
4144,76.63833440923878
4145,199.43117423960928
4146,80.86014108491855
4147,60.793210852098944
4148,282.35664876819783
4149,50.8029814359473
4150,54.638591275193576
4151,66.90632525580892
4152,119.11313170360903
4153,4.107474863830125
4154,347.24542185494397
4155,155.04205873451644
4156,3.2591945414774353
4157,18.041299495371636
4158,4.091483595396465
4159,5.0857844745159575
4160,156.5796225263278
4161,181.47803223606616
4162,6.152155161841442
4163,69.14892476923288
4164,180.49749200348313
4165,16.74582790456764
4166,47.9664644848278
4167,109.60930362742135
4168,40.46073454559071
4169,2.5269086343271874
4170,11.895725529000394
4171,74.06433024187112
4172,4.678304334238628
4173,3.7398211387649476
4174,78.85191658726242
4175,136.78408708570308
4176,1.9969011656508715
4177,3.792520126011719
4178,33.07572318597047
4179,116.16689414491658
4180,170.61054901408767
4181,68.86539839328182
4182,46.30347871293325
4183,51.761545616009
4184,181.02558649348776
4185,279.68435656312425
4186,2.623125704771253
4187,48.573552011644956
4188,4.226562279487355
4189,4.24150387989214
4190,124.20607574284324
4191,2.15969229064998
4192,42.31541065365354
4193,49.85441379422926
4194,5.927328956183408
4195,4.1585484231179555
4196,136.00705759532883
4197,6.392419507732722
4198,3.112372871023974
4199,4.993481595513915
4200,289.5666124695602
4201,253.78067579379928
4202,189.046382656224
4203,5.454469120112406
4204,93.25475452973767
4205,4.8494101976500446
4206,7.427771006706404
4207,140.09911509795046
4208,148.3183001299646
4209,240.2894710699113
4210,-53.00261016913594
4211,1.7866562496797211
4212,5.857714708199373
4213,2.3186590951325616
4214,7.170756769540445
4215,3.0862430622775876
4216,1.7400334632825851
4217,3.1206640141669877
4218,5.902419503061949
4219,64.33491099590134
4220,57.97096223128865
4221,2.213770196736933
4222,108.1499381248958
4223,2.9044892393807222
4224,6.232804379340777
4225,5.037145010194897
4226,275.52026560598694
4227,2.288006088213907
4228,218.29182967781492
4229,115.14315876700613
4230,3.0175003422426747
4231,2.5417927683018036
4232,53.90124771647278
4233,3.1283121296823695
4234,-9.408134175529097
4235,77.95483702978288
4236,247.90171188351854
4237,157.04698288692757
4238,3.128627136969658
4239,37.65441543326924
4240,13.51002627882922
4241,39.155449565033706
4242,229.9476478866775
4243,-52.468558659307064
4244,319.0234321374901
4245,5.092200853025634
4246,1.9710842702214126
4247,3.7474785110279614
4248,4.209979305057968
4249,10.70154451105555
4250,11.477099710970945
4251,285.7282621464364
4252,6.528395067547533
4253,5.988522333738992
4254,5.373549735030544
4255,-56.69112711895578
4256,11.263610743702525
4257,104.23536886190166
4258,2.491186791921226
4259,1.5736409950927328
4260,81.86796956969735
4261,2.4366501610126097
4262,268.48807300492876
4263,79.84226053491959
4264,2.623962436069255
4265,42.57325178566735
4266,4.2469459929736075
4267,6.367752290261247
4268,5.736739808688933
4269,184.822690351212
4270,177.40288659114083
4271,174.1803924790423
4272,4.577192088382063
4273,8.102162959878378
4274,100.8197425378308
4275,6.276687005490974
4276,295.7616504758175
4277,231.30857206317143
4278,366.69249025665675
4279,315.7457116864088
4280,123.5673868988957
4281,63.534790441100725
4282,20.711169820140373
4283,6.35161633761966
4284,4.469150715048027
4285,107.428659446283
4286,302.2141877327004
4287,1.821985231707752
4288,191.41974685087598
4289,223.5622866658771
4290,190.7652093031424
4291,3.276323442302995
4292,4.946133635529513
4293,0.5786127612399303
4294,-35.55221810589309
4295,0.9548708719600931
4296,5.439163847360824
4297,6.356619913583173
4298,5.98532776770176
4299,70.9942416708227
4300,44.513466369216644
4301,-15.449458271100504
4302,102.62624977198463
4303,1.6344932448883447
4304,-29.309494607660838
4305,3.9685374290374766
4306,291.6201702563162
4307,2.6752440426612716
4308,56.084308997617
4309,4.492569837776694
4310,2.759941667465573
4311,12.179752398415825
4312,303.55265059859096
4313,3.3992872225169637
4314,3.0364398251331823
4315,226.01723219472058
4316,1.4984366713365664
4317,189.30527519864006
4318,6.092051626043972
4319,54.39758206279325
4320,104.04342187911315
4321,4.34564350279004
4322,296.5558636117393
4323,101.8806517568417
4324,3.5740807441235325
4325,6.668409766954999
4326,3.8461972127477377
4327,103.85749986611386
4328,151.8982320917801
4329,202.41540334906685
4330,24.088577796255553
4331,2.824493749764085
4332,2.4485449090558293
4333,271.21433830412474
4334,3.6863240924320047
4335,3.6182139266788123
4336,2.1090477531005374
4337,5.926569158857279
4338,4.3683219079464894
4339,5.427413820463834
4340,-34.632452030723634
4341,59.87077148729644
4342,223.13354212825536
4343,168.0534002462687
4344,121.7407999614139
4345,5.866928288192399
4346,4.670613728758232
4347,228.66239682168833
4348,5.673166725745466
4349,129.3196035210121
4350,-43.61332006506496
4351,107.94305803464877
4352,194.90686713470723
4353,5.082790752466133
4354,136.56398117230668
4355,125.00124391597419
4356,1.8750667844800046
4357,5.157215759489348
4358,314.546166795742
4359,225.00389869719916
4360,3.3040513690006046
4361,8.185901804279816
4362,1.2067136675636887
4363,3.6117772297313318
4364,4.9337456685698795
4365,1.6405808554432777
4366,3.296031636283783
4367,254.41605032427614
4368,-27.541557842941835
4369,92.20393783578503
4370,6.356799985232561
4371,209.29423211007702
4372,90.46069652748078
4373,320.840062619139
4374,6.1500307810222665
4375,233.3499641577473
4376,288.02313470826886
4377,5.470157348193273
4378,5.761458530788357
4379,173.1790905841412
4380,3.0774998186363
4381,2.205422521151264
4382,6.642332767069691
4383,30.154087522381474
4384,5.465390536831475
4385,197.8553832406045
4386,31.333693731511094
4387,299.91110776907874
4388,87.64657520376375
4389,6.628435215768337
4390,3.743360458855006
4391,3.878458691823038
4392,2.624470574448076
4393,109.63459659476764
4394,79.37705210183954
4395,3.143607517811143
4396,11.823811614895074
4397,2.53128609110015
4398,6.2507145282325585
4399,3.4396932537764693
4400,235.89176594227962
4401,6.802110136233871
4402,237.90042179321102
4403,272.7663536053501
4404,244.43272097511235
4405,350.0854492247322
4406,46.42340965696312
4407,92.928585032562
4408,6.250835956477685
4409,117.34055667646348
4410,-88.45430165944435
4411,2.8399335177771405
4412,278.2101162806607
4413,212.70702892838216
4414,3.994065703652762
4415,181.10607316105595
4416,66.29509591343198
4417,2.7314677474625353
4418,227.95798999263369
4419,245.65382826639308
4420,353.34021670212064
4421,323.3478353339414
4422,12.693523469501173
4423,2.61816381167748
4424,54.47092244352741
4425,186.8094829268707
4426,5.367218427132867
4427,222.00056283982
4428,6.290880354491384
4429,4.847239930961664
4430,5.232971333534234
4431,184.4403982698836
4432,3.726431202282058
4433,3.6203259255287428
4434,101.94333390320546
4435,5.709191305948889
4436,6.33723344706031
4437,1.2677316591545065
4438,102.84375623902919
4439,7.176552557087556
4440,273.18633112058694
4441,2.318010136489108
4442,275.3433509541542
4443,5.978238037805787
4444,268.50198670182397
4445,3.879670699374238
4446,3.7307830467372454
4447,129.11199276063573
4448,4.949570248841499
4449,-3.9423018978672126
4450,115.07748704264282
4451,108.6421614557542
4452,260.11637822244495
4453,251.32517678138134
4454,4.956152836842538
4455,5.4378456282374
4456,200.65034940353485
4457,4.15325064612232
4458,6.970383629426166
4459,74.81984300484355
4460,0.6701947911826306
4461,76.3868194904445
4462,165.72279971617147
4463,50.01301825739715
4464,4.323603377562707
4465,105.14206018798941
4466,4.451278236936197
4467,2.265224608197819
4468,1.7974257267132334
4469,2.4604884239178793
4470,4.855898258820297
4471,2.8271921587063416
4472,246.39686892761551
4473,3.5895406710200417
4474,250.61532485102663
4475,4.314258780170853
4476,83.65002260255939
4477,5.845159014817154
4478,4.476963630571968
4479,124.7823089876758
4480,283.9044079001098
4481,3.6704466005629466
4482,198.5888619335958
4483,59.39481043329765
4484,299.03579862769413
4485,222.4918089064907
4486,2.429981602739582
4487,118.3904841259737
4488,57.37818631044449
4489,-37.83980840875677
4490,108.91235593626628
4491,5.431537576133499
4492,250.88683777190136
4493,307.99150003426234
4494,13.590284246308205
4495,2.7715942031490135
4496,87.55634016347109
4497,6.706477723601429
4498,211.01725611358276
4499,306.88769781926527
4500,162.02026891055618
4501,6.060213122372835
4502,5.891128715985831
4503,191.33013234229185
4504,-3.8267183599978596
4505,67.47170575359655
4506,2.88283084337963
4507,5.292873637374774
4508,131.02765648667835
4509,45.42998724843687
4510,2.1537240136520817
4511,267.18054826991846
4512,58.65214846054012
4513,97.00328387418904
4514,3.2153863273976215
4515,2.751763895753859
4516,3.33045697454953
4517,5.21738993480809
4518,35.09195656383134
4519,103.42309094987766
4520,59.01283155166405
4521,2.741000450970855
4522,76.58051561219759
4523,6.687498810744028
4524,213.43279609984367
4525,15.154827119611257
4526,2.231618139506324
4527,115.68751955396294
4528,132.0854722928632
4529,103.42446849118178
4530,165.63630095348236
4531,3.8979939511315385
4532,4.4953553752085575
4533,4.51356995464373
4534,63.797792024950084
4535,6.174810741394246
4536,2.173133700278037
4537,1.8191448934919014
4538,6.388564860720605
4539,298.171115374898
4540,178.92872982631803
4541,3.3501690599302405
4542,2.6826480846007748
4543,218.62481286376536
4544,33.55209486455743
4545,5.25989269791832
4546,32.87013403056009
4547,5.861699099816185
4548,179.66901797789154
4549,4.701994021280921
4550,222.41150605817305
4551,26.199957245127177
4552,110.22709027044377
4553,114.62753712588939
4554,4.619519292687212
4555,194.34170513504904
4556,288.97104119784166
4557,5.108648670847497
4558,4.561049343481038
4559,78.66984257996214
4560,7.39775666898161
4561,5.3312396544949205
4562,192.60776408611383
4563,44.26075014931073
4564,233.28814938535598
4565,57.16892007411978
4566,222.29501442336226
4567,280.92212676192764
4568,146.5877694837901
4569,4.887447049453847
4570,204.42702527277925
4571,269.2117977543355
4572,4.95971892127062
4573,3.103481021711477
4574,1.9025492637572603
4575,5.455365729727358
4576,156.8585563860461
4577,241.7700476538226
4578,68.10830707250123
4579,7.493817439643465
4580,0.8333912354705393
4581,356.2198071900258
4582,48.55306372429222
4583,1.6628216131599387
4584,282.01439008611794
4585,38.659703752334146
4586,6.072346483885052
4587,3.8207022572044465
4588,1.8096109838277847
4589,3.8158511162996733
4590,3.124994353563922
4591,71.2919312650278
4592,5.384501057242678
4593,110.915705476636
4594,-11.180813828456522
4595,3.024107589063296
4596,56.68867381885628
4597,137.51641086028565
4598,4.319854332826715
4599,-31.980034739488595
4600,88.18893792404648
4601,6.895384200474486
4602,5.203628927809892
4603,5.538106398121581
4604,80.96805501880003
4605,1.9960514200432675
4606,140.8906391910218
4607,55.30217121638468
4608,4.473883906816098
4609,218.13021704562334
4610,109.88092471298528
4611,99.67186696250414
4612,3.1878939768842733
4613,-61.18093366398735
4614,80.07115311105917
4615,-37.713058220708874
4616,4.292881275948546
4617,4.900892288589203
4618,4.167660274485552
4619,6.131774084316427
4620,6.636785020886734
4621,87.65167648542948
4622,3.8660646701603407
4623,6.005112080502758
4624,1.4834667143980254
4625,84.2558520591592
4626,55.35250756139715
4627,5.35149598865257
4628,5.837002832783901
4629,70.30933049671377
4630,5.652861347552169
4631,13.521028013677055
4632,6.656486946333005
4633,217.24296535735533
4634,5.82843322389771
4635,6.008400346930372
4636,90.74363986183187
4637,6.965660051355302
4638,406.30456122821255
4639,286.2751051081078
4640,2.1081260835781435
4641,206.54526120012733
4642,153.97930304693966
4643,57.843159503399
4644,65.77343820900992
4645,5.630544354141195
4646,50.74833543572532
4647,11.788692595090316
4648,183.13998646560773
4649,129.03090207294827
4650,134.85378863577372
4651,48.692565973799795
4652,4.781164462433108
4653,244.0080479273225
4654,15.564009466556994
4655,5.572935956430878
4656,3.0775657533753575
4657,3.1545741199776374
4658,6.449497062115279
4659,85.39081588110069
4660,2.406033491502113
4661,2.6771406136921563
4662,3.8979467698863086
4663,120.81246928471981
4664,5.864283241019908
4665,153.9171865738411
4666,230.02260347404328
4667,1.8332644323605944
4668,119.71423471366582
4669,271.5482355755555
4670,31.414091845801924
4671,1.9484787429549009
4672,1.0297134714827183
4673,74.94970912474174
4674,273.6434961511134
4675,1.7907934758221078
4676,147.62372541021202
4677,57.847345811589285
4678,5.465859948483631
4679,73.64938466655053
4680,4.937443266903115
4681,2.070177160105231
4682,164.27452909369225
4683,150.76091160257945
4684,102.0464556277808
4685,247.91100705918197
4686,4.097716385194423
4687,223.37908514113707
4688,351.831945522275
4689,99.4824877700765
4690,5.811773988229556
4691,6.781649061616232
4692,4.329548692518037
4693,105.462438620035
4694,4.498477768873855
4695,374.7955111191312
4696,4.513185176580556
4697,2.3920564366413033
4698,4.564289240366221
4699,3.6837848812639136
4700,98.2945224156674
4701,5.557616329903009
4702,1.9580387488841478
4703,3.7446758889988803
4704,4.841274392319863
4705,280.5934942083801
4706,3.462911248228575
4707,5.111991401468569
4708,3.067587741980593
4709,76.41663972454617
4710,162.13813525889404
4711,6.283373218708493
4712,239.4538868087638
4713,3.7284218037078407
4714,5.7375765395524585
4715,69.31359874560545
4716,48.405070936607736
4717,7.337629669045267
4718,5.905475962166664
4719,177.27844385781367
4720,156.7970471782032
4721,6.128969172516076
4722,4.170415125278828
4723,6.492499133429849
4724,54.81479922651455
4725,181.00342171475253
4726,3.3244591774409766
4727,269.097451701595
4728,238.20612490258483
4729,3.8511294262797753
4730,174.7407419960061
4731,70.33087041004268
4732,-25.17194655334824
4733,5.495928573011176
4734,6.1435306244893395
4735,5.561511129449905
4736,2.979520325896981
4737,58.98732716332991
4738,-24.189671106045463
4739,133.42333478080144
4740,293.20011077758636
4741,4.512324922452005
4742,90.25127736063637
4743,5.4958951079073035
4744,263.93845874100793
4745,58.13232118050756
4746,4.043595374743405
4747,2.721962119037684
4748,3.133486734760506
4749,6.029684331612912
4750,5.802722668962461
4751,3.8747544169149015
4752,92.81901535748372
4753,155.52310805938166
4754,151.3744176131759
4755,4.070333051031148
4756,2.082059168601829
4757,3.653398190977082
4758,70.22297234476952
4759,89.70991542933578
4760,4.955680040339144
4761,3.3201387847993757
4762,179.61839089175035
4763,210.9751754818244
4764,2.280924750276728
4765,313.9365368187266
4766,33.733510769842454
4767,47.74672935121875
4768,26.477887313056286
4769,-36.877267024282624
4770,25.356713965806478
4771,24.960484971479012
4772,3.8755024228409574
4773,4.225940910160576
4774,155.586562024643
4775,2.4889975854129776
4776,2.929598021760284
4777,192.31492851641713
4778,5.14871363817035
4779,27.234726452947797
4780,2.1700831717648246
4781,65.5841567877738
4782,4.794138561615546
4783,3.7262295220999158
4784,2.660229296137781
4785,46.08568366893623
4786,74.4827552412018
4787,5.689365494505319
4788,3.6575569287828618
4789,3.2289604331598185
4790,136.6490701409256
4791,198.5740895698944
4792,4.503699978892508
4793,164.16805919589692
4794,56.10445833769576
4795,230.1844521934504
4796,3.2983057543744136
4797,143.40904819504698
4798,5.86067942060771
4799,4.288284114941223
4800,347.3213070614434
4801,3.7675423514163926
4802,4.853317579399496
4803,276.9031001037322
4804,2.0928152134190583
4805,246.6469274711767
4806,3.9106400623851254
4807,3.043245619393342
4808,56.65938945919163
4809,115.0619743028224
4810,1.6647934744911888
4811,2.1810741235918805
4812,4.820793123847489
4813,241.60846057815672
4814,226.92372235396536
4815,2.741486391080835
4816,2.450910960646749
4817,6.0326013257965325
4818,1.7000715501381596
4819,88.24565049264544
4820,2.4541515047556226
4821,194.90054619223278
4822,119.53254795586547
4823,4.823242074716669
4824,3.2009194502102813
4825,248.42180398088928
4826,4.863382412574862
4827,6.202194357887699
4828,212.87617202615758
4829,118.41887376640211
4830,107.43569802023819
4831,185.53066448617017
4832,7.096284859049218
4833,3.7266159290519645
4834,107.55942211363173
4835,4.001191637765933
4836,6.542955578059646
4837,199.4271205652086
4838,24.996680981349584
4839,310.71739978016245
4840,3.1814169573145312
4841,120.4673396341347
4842,34.72819007320592
4843,2.2075924994092144
4844,3.9109223263076673
4845,4.533278917805341
4846,7.087733807811013
4847,3.8904203857221145
4848,2.4470874167234236
4849,4.405227900680839
4850,6.689136178526503
4851,5.753418287237521
4852,103.62656745416062
4853,292.3956349187316
4854,2.837430358998162
4855,3.0389526680496295
4856,163.61684564812094
4857,247.78681094922155
4858,262.23067167159365
4859,137.18508744980645
4860,270.16495948726754
4861,-26.760523173723623
4862,109.22567777074099
4863,6.8867651963443794
4864,5.895793868922437
4865,1.890030337328089
4866,1.2216279188001733
4867,3.1527963828658403
4868,67.62835006890757
4869,1.1307409583558898
4870,130.7994311668718
4871,6.517923716194292
4872,2.2730398917548165
4873,297.5352324403443
4874,0.3313554760909918
4875,3.4286563239525947
4876,215.23687027474082
4877,6.457684237400755
4878,84.43193176728823
4879,70.76694851384434
4880,5.989393254925097
4881,6.052283758005916
4882,36.89643334335888
4883,1.829245219244336
4884,91.68226885384297
4885,-52.89880843748427
4886,255.66536340329688
4887,4.702986565055949
4888,284.73489486983823
4889,49.91488702066549
4890,223.80158788224452
4891,151.2969152236339
4892,1.9336711774197455
4893,5.703121777375743
4894,108.12040428202123
4895,6.55509291837993
4896,5.791824949703146
4897,5.980861637913855
4898,-7.793806440933092
4899,193.64062023650735
4900,2.474577781143563
4901,255.70541708203285
4902,4.19553534075154
4903,134.1957230099248
4904,388.0598038867849
4905,96.58351443354385
4906,157.17001547608677
4907,181.8232225203464
4908,4.335691304613015
4909,143.085796760069
4910,154.93089993141035
4911,85.9682270224794
4912,5.255227545701238
4913,194.8226483051415
4914,150.59894359626117
4915,4.321864217613232
4916,4.640098766692459
4917,6.346805233580388
4918,3.030194312035936
4919,9.202319616314238
4920,2.0798131987051094
4921,-7.99463503985422
4922,170.07661462356947
4923,227.55339097843296
4924,5.756550115976056
4925,2.2180843842495315
4926,1.7245126291257613
4927,5.471602378615508
4928,3.2440052821172256
4929,80.34012716512942
4930,88.69717517786516
4931,-4.59767160606599
4932,5.818482094963501
4933,266.4531160717784
4934,-62.34479839611226
4935,57.346416584771525
4936,254.64794917114483
4937,26.5267113600575
4938,91.99024077825482
4939,56.76467230004141
4940,3.9287006725354843
