id,target
1,4.218549799998714
2,2.567529045973394
3,306.30174013323176
4,-45.538123690049396
5,4.310763885007265
6,6.684175223023262
7,4.929299538195632
8,70.03552349637891
9,70.15666144272501
10,64.25764570140281
11,31.27999145210651
12,5.560533096501516
13,270.2126062038838
14,194.0179926184465
15,3.6637587571214114
16,268.91367704178003
17,3.353885962932627
18,102.64216142859144
19,3.4606688574264983
20,6.709643979725051
21,-57.75665193756733
22,54.49224811880344
23,4.5782228788602595
24,2.604051092692086
25,34.2698714734703
26,88.21970200631621
27,1.218339956751121
28,163.69306093427315
29,48.94576381347382
30,3.3517544043725245
31,6.345226507615827
32,28.943841112582106
33,46.64730302258295
34,3.6876381400648413
35,2.3630192548828726
36,6.429005460673248
37,243.7000695851421
38,246.09494484350466
39,54.50791664922954
40,129.15748329435343
41,-44.9457107769942
42,3.0415291227447656
43,5.71098905343276
44,4.460630833613015
45,145.44894121545914
46,52.86168247739194
47,3.3170842485079706
48,-71.49821747328761
49,4.464966985962133
50,1.8777205772657473
51,247.1643835190792
52,3.0882704898473134
53,2.3316815912397804
54,71.22013743604097
55,2.9134832336516747
56,4.334025971578228
57,5.63843722363207
58,173.55102501461397
59,242.18560178479316
60,6.87894122375482
61,2.410489468366236
62,213.75956146370305
63,6.671131281316221
64,2.5703532283886776
65,2.0710730502260675
66,3.989196327169889
67,4.949102910913593
68,190.9843478818185
69,124.67807582945905
70,2.3182449729869927
71,2.5424599011649214
72,2.1830278346303036
73,27.278388080117868
74,251.18659316870483
75,210.84779390249912
76,6.324713763068507
77,5.836606990385402
78,127.85554776592753
79,277.0368680038585
80,3.74938187078128
81,52.87930862551227
82,4.490208835457853
83,170.9608659369796
84,53.668984500890396
85,-2.155120185622686
86,2.2854669116753765
87,57.0716755724483
88,169.55336951088566
89,6.063395922613363
90,5.160020664542666
91,50.511713439867
92,51.815414353169224
93,38.66584141444776
94,4.6311418113138965
95,3.9360890052078625
96,3.1780196065388995
97,7.273940985357656
98,211.27837368088782
99,73.1390429064145
100,278.43939725640956
101,5.273444793705571
102,252.48800135004595
103,4.165987439657671
104,6.714921202932028
105,169.4114131753979
106,26.246230391512857
107,294.2209906273781
108,2.524497122874623
109,191.31740174813996
110,3.4749359841197407
111,61.55066296011432
112,2.0050634170806583
113,225.812647575371
114,6.12862171961902
115,5.257969353979716
116,377.4455537573398
117,192.5667579418503
118,201.1996880513762
119,242.1854868393837
120,327.4282540623158
121,163.25698319057463
122,3.2644785122296223
123,140.55945970245983
124,268.0407533079134
125,105.29446703390698
126,6.384912801104684
127,128.59739368142908
128,3.809080703094941
129,260.5633633066986
130,85.9160441841436
131,60.25816409588834
132,3.1162377799965753
133,-50.90900591980309
134,320.0326398152242
135,6.20321968900501
136,2.2247838803482245
137,121.35513415532432
138,5.78800726961066
139,209.2751908669842
140,303.8339486713078
141,48.35550841837286
142,9.151821729400753
143,32.05339086291859
144,17.885918527492663
145,6.656222573916638
146,197.28656719391248
147,223.41206814004278
148,2.0719677897625814
149,164.45259155301775
150,74.72253885547599
151,285.3986395148586
152,231.54096928193388
153,180.63635033490795
154,47.33903575025841
155,4.447921998820897
156,206.99160338893753
157,146.0922869377892
158,100.94583566860342
159,143.55595172653958
160,6.421260398605551
161,42.75127962497457
162,4.653983712798949
163,269.31668245445076
164,3.096223400215254
165,98.07339665132682
166,208.9311563719184
167,335.4618773557189
168,7.176035704205572
169,1.7689924355975837
170,227.08648367571664
171,2.9366255408655
172,4.418204417462638
173,-54.68196625920831
174,3.806859743089716
175,5.542772931098899
176,147.05444530061362
177,75.93366504354312
178,314.6313396323552
179,138.2259070424918
180,220.28019392943048
181,6.37408025638632
182,2.1528063062906835
183,289.54350690544186
184,6.361549777655238
185,1.6490130978257203
186,3.455500972154214
187,2.8472275866093764
188,3.9165987802641515
189,88.64286381768153
190,4.2182288364974125
191,2.04114480319586
192,33.39938092082802
193,3.462194076183943
194,327.3041763407816
195,89.50306924628813
196,266.33463358590177
197,113.5007285190887
198,215.7939882999235
199,49.22419101710571
200,1.9652486710590191
201,3.2598278551425115
202,91.08064470566951
203,45.99123187225048
204,4.28074297631337
205,276.85806491368726
206,56.31110743656887
207,209.66089987227213
208,139.71642890513456
209,65.58372799059113
210,174.94715094445266
211,63.4390274851381
212,105.06951469493703
213,276.1277830723447
214,61.23617247122388
215,7.171083217408007
216,206.7487658113773
217,71.01428948317276
218,164.4871623155562
219,202.34190742708546
220,6.118799901225712
221,231.34146476785975
222,177.97675360051736
223,2.8857468000467197
224,162.57470042325593
225,272.03485285693864
226,225.27515407477776
227,44.72686506267883
228,273.6126445181783
229,252.2065050442801
230,1.3218828848788613
231,215.45445615580167
232,54.17320491981483
233,57.09040056096242
234,244.5426251443289
235,119.59547916355756
236,2.2565963176409425
237,6.0261643661437825
238,38.977572534707434
239,6.389282298778575
240,182.84808710029293
241,310.0339995160747
242,231.68185103700552
243,4.271613836533173
244,3.2359682137590933
245,51.74501885861446
246,125.0206194657614
247,122.73101358325795
248,6.259333333273531
249,5.962781495327828
250,68.53759432778001
251,48.05052951074002
252,185.74480219835243
253,7.7876432504745345
254,185.56922665535438
255,-43.68959636684196
256,5.7382442940359075
257,2.132250919138287
258,65.34574601488303
259,257.5775079574608
260,2.5205576773394585
261,5.678557631606835
262,6.334248311219878
263,-42.240868335588196
264,3.6595900257699814
265,3.808316420155026
266,2.113866802549703
267,3.2225349914044195
268,1.9607725247743262
269,192.9448982910091
270,3.068940135671173
271,129.19168216573365
272,78.50178490851181
273,4.595059470231101
274,4.724108526087713
275,325.72007559186886
276,182.77249176631062
277,208.13309369662034
278,-55.61886214161408
279,4.235294267984694
280,191.33495115493025
281,5.26011225636516
282,187.96464496773595
283,200.26880798395817
284,144.48484934026598
285,244.4218990284583
286,137.51711830548925
287,236.45182976486126
288,6.211624791901249
289,127.76162187758449
290,4.595788774632587
291,100.53263426815636
292,4.017860402133252
293,78.99216071015474
294,121.76592764147227
295,5.800209434033899
296,108.31108980837345
297,50.86544111717508
298,-36.43289627887954
299,200.95164048280708
300,5.903125354637286
301,4.4629787947330035
302,5.098865431241947
303,4.309425820157361
304,3.991817559524412
305,4.787072405506427
306,251.8176063074728
307,3.687028348846369
308,3.187544951310623
309,77.69904321540915
310,2.2565617920406074
311,2.3375990227663053
312,3.7918246424999555
313,157.22091524815306
314,3.9870343364195344
315,0.4995470880946139
316,1.4791207742193473
317,3.7094364120793837
318,4.067434611704102
319,35.76021812675395
320,1.849017922745946
321,6.267568357375257
322,3.225371238154402
323,1.8186341190726534
324,2.4598480914671157
325,4.43607066776712
326,4.971019937744049
327,50.532396823681296
328,3.5719297554875262
329,80.7312010161719
330,51.886493090855836
331,48.89490031163409
332,5.555945478036503
333,2.534118043376177
334,6.751457923634977
335,153.84559360357397
336,3.7203028362550135
337,2.4048011394875166
338,144.4343660433745
339,30.69513030132079
340,295.3627221838634
341,136.6981564753071
342,54.9829749476699
343,3.681502300663532
344,2.399406843409192
345,123.55579386912211
346,2.717835120872648
347,4.679898986718778
348,62.236276509696054
349,-49.24499099597544
350,91.51771095999365
351,245.4456670458893
352,33.78080855582348
353,1.322351707943438
354,5.934305923565329
355,317.06000519913346
356,224.01145103019738
357,3.36235330273977
358,24.8445565436753
359,4.316200839493285
360,135.06234350943294
361,5.012783900929504
362,5.302276852987861
363,-6.593843585039433
364,4.292730622525038
365,5.514496337350261
366,68.15034014043093
367,4.832492675622911
368,236.92790279371957
369,5.750125119921297
370,-32.01403685678633
371,255.2344167073951
372,38.84258074144927
373,147.43503796767297
374,-7.596819183810176
375,98.28760804283698
376,2.8820670911663977
377,2.6820785668931775
378,3.675257850631797
379,2.8275935772928795
380,0.6557865697240807
381,6.070965210837627
382,6.250182442547871
383,130.50575294226957
384,1.7964727605105175
385,3.648686569666334
386,271.0331745167807
387,2.3792260961479235
388,3.784951903306421
389,66.63215535354382
390,4.627238157478464
391,164.03478821459714
392,6.379070810829683
393,3.798672472189734
394,309.39477491555084
395,198.66309462491103
396,2.7265834712058643
397,1.7694731000726034
398,6.165448133781658
399,213.12977442564073
400,231.90145597836968
401,1.6520335254393885
402,6.368673632646253
403,5.947072228673699
404,5.599108732535642
405,12.722992762920816
406,7.659407289686095
407,-57.11862111337
408,4.26113131795786
409,3.3919003679512585
410,3.9075496874537334
411,2.864867302462872
412,-26.354452174890362
413,329.0705880523144
414,5.832732747976257
415,30.32037834463699
416,3.2852967029150784
417,6.737965403711686
418,5.768713028344811
419,5.628687952613133
420,4.685060468034269
421,152.69275472457565
422,160.18814491011034
423,123.88596941826862
424,165.90364161282963
425,5.649079043444547
426,261.13850272608147
427,3.257459257169234
428,225.50971300624158
429,2.378741194173892
430,4.456976553402173
431,268.9289864095525
432,143.29291419379211
433,7.357892883038792
434,6.2702039256868085
435,50.27196776971434
436,236.94339256395835
437,208.05501909222994
438,176.49285850030637
439,5.791636220036477
440,264.68005557831714
441,202.95344046285342
442,120.26960891898487
443,320.0791058079642
444,5.416990656417017
445,6.196756901798367
446,63.49567394802623
447,1.241999574740792
448,6.286728187219011
449,312.56527339672186
450,278.18020481828637
451,155.17923955742668
452,234.36504736764473
453,1.879552999010896
454,4.072231123794959
455,127.16134505109574
456,3.1128326291419794
457,4.927613165330763
458,265.67928559944494
459,66.72832363252041
460,27.86259174845106
461,119.29155221663477
462,6.143619870920178
463,195.40767634468034
464,5.117919696312235
465,147.27850322930885
466,72.70887019240206
467,2.3383828212697804
468,5.41714273580644
469,32.01473806974352
470,23.83961729273989
471,1.8175277470711952
472,1.905546254867919
473,61.881171927449124
474,5.968085143703499
475,128.44370778753517
476,6.5432456377246915
477,1.8584672045622035
478,4.400090016560605
479,212.34644226934097
480,4.9953388336449684
481,5.659216572640213
482,234.4821976472407
483,1.717205449891259
484,202.29327768412242
485,105.86214447048339
486,4.6276760780884905
487,2.5623891659641
488,203.81234547104145
489,2.765517094519854
490,4.8023622206624275
491,6.3609413990249415
492,3.8378549785468743
493,3.3455393342515034
494,235.62748855178603
495,5.8310759235281395
496,199.99089696310625
497,5.617851223706888
498,6.022790032119039
499,5.744707695610865
500,7.94144258605617
501,3.2362369773512256
502,321.83071970763683
503,111.61588306529964
504,-11.091750357784719
505,2.052132130315103
506,6.494013648370938
507,326.8069093812893
508,81.08641130442953
509,277.8610490531481
510,4.328651989256729
511,102.41205379195478
512,206.95719369367976
513,210.26225427422816
514,334.97877592984685
515,237.00772500885097
516,234.22277076631383
517,291.80577436447913
518,7.0858430328627
519,34.40777308204131
520,313.97124784168506
521,1.7681717866310285
522,3.8868614963148276
523,229.87494297061494
524,4.362723251359055
525,170.3929890014549
526,5.749503380326193
527,4.960993625402188
528,4.321297278516065
529,6.417319713982403
530,250.54857497336678
531,97.00540593444751
532,3.9476473287155613
533,60.23443461093609
534,4.188027873672539
535,6.843976772060155
536,5.950779970110359
537,1.5774678747634254
538,5.2124060422110245
539,269.4995458000295
540,277.64495907928676
541,256.1847566678523
542,65.84566542050194
543,102.25721895936834
544,4.938913119572579
545,4.19114629601975
546,4.108076183313041
547,2.0370672103616374
548,323.5999550790526
549,5.820936146799753
550,245.31191541843782
551,5.961210719295285
552,114.4327208896068
553,3.697007431384078
554,68.62496007859318
555,96.63680456800904
556,246.49192284984102
557,197.1693199117231
558,5.368481632566823
559,5.656464597178102
560,142.49620332794728
561,98.79555119400055
562,176.61725904997928
563,2.943693319149301
564,16.417051169309953
565,151.86510027217088
566,2.3847909477238556
567,45.99624480992932
568,112.42494178262913
569,314.60288186646267
570,4.216017776499081
571,209.29762431667973
572,3.2376122948654706
573,80.08910816042544
574,116.45185567417076
575,7.488269812277564
576,1.817567140921966
577,2.844097008684103
578,173.64302903308942
579,-1.420590650755067
580,285.42769953328434
581,62.575316699094856
582,78.65695821967472
583,5.354700277962992
584,2.929751522244081
585,151.90615044371242
586,5.063764426938196
587,218.0966333360726
588,3.129172701543618
589,188.2297031951663
590,304.18079927187756
591,145.5531151538941
592,6.903417731338193
593,236.51248071124957
594,295.02183955401017
595,38.0359340381638
596,5.332422091561506
597,117.896828215967
598,2.588223397486023
599,73.75664233452392
600,145.88120421949316
601,145.61844375072283
602,39.05354742591297
603,2.0805595838671938
604,245.72696254565673
605,2.3577949956384923
606,2.8205564227489313
607,6.613200788307193
608,51.30347560658687
609,267.3298335842111
610,47.505429177034955
611,58.53028719743774
612,-7.986778763085393
613,39.33569680720922
614,49.75735219372963
615,1.8881752131655203
616,178.18162963975567
617,-50.14728232639783
618,231.49654464507842
619,4.801023526228966
620,5.924915965498171
621,174.02956343346574
622,105.26557560935198
623,190.64483170477948
624,196.94871803752926
625,2.4573874479489897
626,1.5431960815498262
627,62.024271706813174
628,4.478463329592708
629,227.62075386035406
630,4.375423119654732
631,2.1439463431678654
632,203.56759462047262
633,157.66562621585234
634,216.32409532361459
635,2.3676706545234394
636,115.20529401494812
637,112.56255008659797
638,6.687863833730003
639,50.30627816115351
640,116.06724306775956
641,6.8259111340394405
642,3.1327361104205753
643,285.11533525259574
644,3.6615301568337646
645,84.968593348886
646,71.9375331945613
647,191.75027646407085
648,274.0899008896346
649,366.2271713374218
650,329.1800590868255
651,109.68873297660465
652,63.84556451348641
653,3.2165474681584367
654,196.62138623338421
655,-19.765260759372396
656,220.67665030430635
657,186.2188221891216
658,280.2813263979579
659,1.8835467863587105
660,116.43923688371149
661,4.099145442694454
662,127.06389268704966
663,3.4627936182647714
664,-42.877979040243545
665,96.00510676576178
666,159.68616786223504
667,235.112476738388
668,348.5486723938268
669,176.65192312087004
670,196.66962810284883
671,118.4629183613584
672,81.02025519144378
673,3.8511995626847217
674,5.337761239229941
675,5.749791709046102
676,5.238015567165449
677,0.3932671616205101
678,188.03803618277348
679,4.829785017768884
680,2.9488015426642242
681,1.9303908152928673
682,75.28217841688569
683,5.847872100632215
684,177.2402242516893
685,219.98947432513583
686,5.959081853806896
687,356.34893733771486
688,75.77806015947925
689,86.87976500789316
690,328.4861043416237
691,3.7299859490020277
692,79.44742793345836
693,5.019712437275912
694,6.662807798874011
695,-11.049727465251992
696,309.9725758369095
697,1.0214684855979947
698,232.68070324992658
699,1.7717334479087103
700,254.20775944839193
701,3.626475610094353
702,4.779610095618008
703,61.065783074936455
704,78.67820679626047
705,157.2311771107115
706,227.41107439064643
707,184.2191335431832
708,66.2552537798557
709,88.51676218418748
710,217.50583576639846
711,245.94406888765306
712,6.709709345937333
713,31.40505690616667
714,6.542267321911241
715,241.3228105209585
716,2.788669140750476
717,86.18134171698009
718,345.50662773088385
719,200.04874182677932
720,4.682124441645855
721,145.0914859633391
722,2.379766542042966
723,6.374175148608417
724,2.986633663969756
725,2.6856770537805903
726,111.02014392975991
727,247.80018618585797
728,43.967642982442115
729,54.522409117736885
730,49.77243068610625
731,283.57661765479827
732,4.417278622788438
733,6.498068607278666
734,26.756538358868163
735,252.4009626827912
736,52.52518684910827
737,53.24372519307249
738,123.37752843626511
739,327.15284027292364
740,132.78398685936403
741,32.27303286970347
742,275.79797451528975
743,138.49525123971958
744,1.6164848910423377
745,283.21016611349853
746,181.14429282013322
747,3.4944626353840333
748,64.02279778913456
749,68.3349069252432
750,203.22993721933616
751,59.23859444835658
752,234.28391752313547
753,1.976865659244968
754,255.22924697993204
755,5.810930098059534
756,6.0014585259763695
757,187.72701074306894
758,2.5055952321745303
759,71.02098117137086
760,-0.0647107728932444
761,209.18003844474043
762,5.122623832533961
763,2.0923626779702555
764,92.28189513322641
765,4.62403154100106
766,27.162140069052803
767,1.1587423834025259
768,5.080767150234475
769,5.832418808890818
770,1.9656066647895758
771,259.3985132362103
772,76.43862954369675
773,123.07470593936618
774,-8.91769247178491
775,53.26282092165468
776,4.166711824998293
777,263.2005692958476
778,-16.17066588857429
779,149.4676349629844
780,78.08586974725281
781,315.6373684387921
782,3.633224239333537
783,48.33917282045812
784,2.7651280512218355
785,53.6777062636352
786,126.07308198639689
787,5.45005472897515
788,1.9059695458854877
789,186.0565885294813
790,60.655524662065716
791,-7.0016647161640995
792,85.30982047136956
793,-65.29389467599006
794,319.5135318190495
795,-50.78845250309935
796,128.53855427438165
797,3.571897080647703
798,64.67198954789562
799,3.370984848627531
800,5.904470143600799
801,214.65475691936933
802,73.25339539850486
803,144.27939218175663
804,6.775944223571985
805,2.137867593762662
806,161.73743313068792
807,2.6699637580948723
808,62.61693631452556
809,1.629400864378882
810,50.80916515471634
811,257.9324091177342
812,115.65288057245289
813,289.22036093453517
814,5.860657254383142
815,4.633973026764587
816,7.032447050296334
817,3.1012244381004956
818,5.6181253987640805
819,5.14689022134837
820,69.74047362738503
821,5.87147069287161
822,2.0221818426257654
823,44.913348765078965
824,67.51807233622176
825,7.048971296563612
826,70.29755691187516
827,3.9941323290505824
828,6.094410131575784
829,49.11575970192859
830,158.97160410991484
831,114.43653349088231
832,6.094897304381236
833,248.8874879541475
834,192.98591723805532
835,156.26508237084863
836,2.191323072308529
837,83.25025851328613
838,140.17502736462444
839,6.0353049450752145
840,203.89602099937028
841,141.51217246874018
842,52.12842984078674
843,2.5657619469207873
844,2.9869867807638184
845,5.347279134660289
846,6.454309800329979
847,5.488889368344333
848,172.92208108871887
849,6.162289852532885
850,83.0146032254113
851,17.12042255313716
852,34.30452094538613
853,95.74590292601286
854,62.319559798220496
855,7.349731912217556
856,226.3501487264537
857,79.64092826405641
858,81.55993722825401
859,222.4793641782692
860,2.1069763614053962
861,3.533003306534217
862,2.860160929683407
863,101.33694178517747
864,249.8309929281657
865,264.2907987221812
866,199.9835871858515
867,5.072939987653488
868,114.42720612225781
869,166.88932591207185
870,127.9010244870994
871,151.2675353162051
872,142.41983080577847
873,2.892583936912497
874,92.21844642354709
875,6.229275571029389
876,111.48079042276635
877,45.62939352591296
878,180.2361806385909
879,5.449016438762731
880,6.780303381665444
881,155.60136900794004
882,5.791626597081273
883,238.8168754498233
884,5.883133119265748
885,181.9739008344394
886,54.31077141115539
887,2.4875221756154726
888,2.1021883604714198
889,277.41110368575187
890,4.207930789759546
891,2.6027591009388398
892,57.97381748943833
893,4.932699898691155
894,-10.472311991345945
895,3.4987230852002904
896,212.31251253573535
897,2.5554722524329643
898,228.19027731623416
899,-54.47979374344999
900,243.77761783076008
901,3.940770528650119
902,202.9601654831159
903,5.016234434323545
904,122.93287272973271
905,1.9304309661104444
906,1.0467832868306366
907,202.468612592713
908,17.757023957169924
909,75.17623757510567
910,2.3133545288138695
911,6.668193815235751
912,278.01734983938593
913,156.2414627112499
914,277.2803005657323
915,130.52490979566994
916,119.52980513866584
917,3.0691970887071456
918,2.34435276770538
919,2.738072820747735
920,378.935099990956
921,117.00960612501135
922,196.57245037776846
923,2.372506610029414
924,119.58161808412524
925,191.0276560780492
926,54.50716974182262
927,55.788070014311515
928,5.256367092212298
929,35.56504450737641
930,25.778131161885312
931,207.2289472291599
932,179.5251905512178
933,5.424353210372605
934,2.0741816873211767
935,189.757174262735
936,40.45628507279838
937,3.686644966535401
938,4.501226567351483
939,73.50390622247835
940,1.5258909636041793
941,5.848842619173377
942,4.875894260565838
943,120.67918101762125
944,4.660368073211865
945,2.0079751608602465
946,58.05301950356511
947,27.167848301435185
948,55.30920099703849
949,234.1519864949713
950,351.16107559927605
951,11.46946458821944
952,-16.97561318717411
953,6.2661598722164396
954,257.0750842054815
955,197.88855580070748
956,143.85996933099625
957,2.5593111201740593
958,2.8938167544584266
959,204.41796066796329
960,52.66643635489955
961,163.62021770737104
962,3.24851887164243
963,6.2594449107057
964,5.076204997784034
965,6.259186454340131
966,3.271073803770753
967,42.808234780847
968,171.53910003789468
969,194.85519288183113
970,6.358583058352009
971,369.4030039319215
972,5.288655497292298
973,108.61161635629053
974,5.655336593193527
975,3.8986788146950646
976,5.1147704446914215
977,196.4678526818509
978,297.471130635244
979,1.8846785677962237
980,1.8331234422538922
981,22.33035049356659
982,43.58661469356629
983,306.7533833803741
984,321.7321736910455
985,268.3165834683059
986,106.334342866313
987,3.0639386697420745
988,245.3035032833727
989,349.00231096299524
990,58.500861699113536
991,4.143447596033743
992,309.84667719607177
993,176.58702957281264
994,3.559031619777291
995,-9.497986105361399
996,-3.4537344746060987
997,2.0653599620968737
998,41.49586050300964
999,62.524608669307455
1000,-19.89297982146278
1001,286.2284048875938
1002,148.37726143544415
1003,5.419353029267285
1004,1.1922040110558794
1005,1.9544229796136592
1006,3.8044149423570053
1007,154.74531931959666
1008,1.96678283427849
1009,6.334733972488797
1010,-2.2154208800704884
1011,261.5770874836303
1012,13.527673135419944
1013,204.2378515195869
1014,46.15868828019763
1015,238.40394035346213
1016,6.5516041564915195
1017,5.061937135732823
1018,3.5247825504922217
1019,6.517162756158564
1020,4.470753767700362
1021,122.72791787561428
1022,82.61465409843875
1023,190.37253585709652
1024,186.35105018174966
1025,5.306629080794133
1026,4.244072451019013
1027,5.004188679742628
1028,89.88769065288837
1029,3.8405044923451714
1030,38.7994666354722
1031,283.16567209155767
1032,3.0856205973045547
1033,2.270864389473437
1034,247.6679607088537
1035,1.3983778100418789
1036,248.97855887534286
1037,6.898922610482291
1038,48.240763877266915
1039,3.621286455925273
1040,-30.830223068036847
1041,3.2891598514573905
1042,3.3387350374671962
1043,3.6531761776037
1044,336.9101451652774
1045,136.6816428284052
1046,32.86114289528477
1047,225.4941494587149
1048,1.83836218997181
1049,2.6765262039609192
1050,6.242176208896889
1051,55.9187240885101
1052,176.62085211298563
1053,254.43175925710972
1054,6.370245164914772
1055,43.26649877982185
1056,33.49825554305843
1057,4.349957022179275
1058,2.910725057589785
1059,2.9142546318842637
1060,87.83578231141499
1061,3.76175797185543
1062,6.008319050410025
1063,293.9642099845869
1064,267.82167506370115
1065,83.27353430289708
1066,269.5080777193741
1067,264.38193883822737
1068,6.294379253102168
1069,4.432982525210157
1070,317.0089590100222
1071,184.6795726544783
1072,5.2328792482548625
1073,4.142981266542293
1074,6.329284674522304
1075,4.579076003116906
1076,294.51097309598475
1077,6.289585741646465
1078,159.44834865953146
1079,2.9124304190522388
1080,2.6143826525621305
1081,5.827880656968905
1082,4.312668788842515
1083,3.3189982110395064
1084,6.069958142563408
1085,121.37484161263659
1086,164.09585575689698
1087,49.18319970795961
1088,257.73605650293246
1089,8.291078579683589
1090,150.81754065590547
1091,252.46078637990604
1092,5.812655163061225
1093,4.506955173574858
1094,6.583938271431309
1095,3.7686794535988777
1096,2.983988118462009
1097,4.924810331741651
1098,79.41594046989856
1099,115.87020879002011
1100,5.411794251888244
1101,4.696792825768727
1102,6.34389512709029
1103,261.20357690721926
1104,4.660059486070035
1105,105.87615586081125
1106,5.701040168908834
1107,6.216778583510548
1108,8.891270379747034
1109,97.19588209724529
1110,79.33686612544417
1111,3.2043472231827193
1112,212.9204426760615
1113,2.7721246461919318
1114,180.16000871426394
1115,-4.745738888509419
1116,5.440939018628189
1117,287.03230253102674
1118,283.85612365829525
1119,4.791140743108455
1120,54.86471812598145
1121,8.001103453528414
1122,241.75633211367972
1123,3.4866554630327955
1124,187.4506167117974
1125,2.652009489601939
1126,70.03865379191014
1127,5.960418940666236
1128,-43.767939203986444
1129,145.6901952379173
1130,6.562914786960772
1131,35.25245773168679
1132,4.697837578539214
1133,-62.11682688495738
1134,199.0705977922462
1135,203.0037881154433
1136,-52.7908979301717
1137,3.9886367423687394
1138,52.90089188900609
1139,110.350596192801
1140,116.78101418156928
1141,219.07782271442835
1142,139.81525850120198
1143,24.650921883039324
1144,-44.2312223265392
1145,120.80566571560666
1146,70.00757993828448
1147,4.450942341274905
1148,68.36493116271646
1149,35.00718533590336
1150,4.315953894261703
1151,1.3251996859763178
1152,3.5451260758522096
1153,4.3180173102646595
1154,32.669846076139635
1155,170.39390746274302
1156,6.64846791799561
1157,79.19950790712497
1158,209.39705057348908
1159,109.78774719571874
1160,76.81442501032447
1161,1.724680627270013
1162,5.668350484752958
1163,5.454862452174213
1164,4.897898090021773
1165,202.69629524004282
1166,38.24811749560076
1167,-32.148080452564244
1168,5.138358032250833
1169,177.18597942288477
1170,4.974012417576359
1171,4.29796402272426
1172,-26.24464211564527
1173,3.912847413246635
1174,192.79529693253573
1175,-53.0188181164944
1176,247.92513530570704
1177,2.3110227805593446
1178,145.8145763060553
1179,2.767406880712666
1180,2.687029445255954
1181,2.187568751235809
1182,130.15265809104244
1183,7.28818860766977
1184,4.125897381063294
1185,279.4392815008079
1186,134.0225234214228
1187,4.169862071125241
1188,2.8636831069833235
1189,119.95357779009265
1190,3.410524737078849
1191,2.940337473613895
1192,4.959900200919545
1193,193.06356293975392
1194,5.48519132179328
1195,2.11229138509693
1196,267.00750666558565
1197,74.15898859080173
1198,3.066670882686652
1199,253.01247275175484
1200,42.56969586559056
1201,227.85271842206063
1202,85.67513975052313
1203,3.5004118409891456
1204,176.12336479324648
1205,1.8575218072208026
1206,159.48522483342674
1207,128.06414879075177
1208,237.46743836101035
1209,248.1164901335447
1210,200.09734344970605
1211,214.49600198977686
1212,6.120486463290835
1213,3.6851240028392485
1214,200.39162709686667
1215,118.73348668718478
1216,233.62015650224708
1217,183.6670733779049
1218,-38.219784297437116
1219,6.162500828189653
1220,5.7292285822195534
1221,253.65010792324426
1222,6.155087964549587
1223,2.532882627662127
1224,2.8323661893597185
1225,124.12512167738186
1226,1.364759810080385
1227,4.692116357146345
1228,2.4303309480189834
1229,36.8663471353795
1230,111.82727437785621
1231,230.03819763627118
1232,1.8193044697478902
1233,-36.64073429317625
1234,3.2035299906737613
1235,15.562494479220693
1236,259.7978551953107
1237,4.264132197493047
1238,2.18296456052004
1239,1.4532009542785218
1240,40.304418922772996
1241,2.0743403855987457
1242,4.402739310549686
1243,5.386345349890172
1244,187.61580638981047
1245,4.017818461247329
1246,253.98291741744993
1247,5.45018120977811
1248,120.05878588007548
1249,148.09195609207342
1250,7.496084768270773
1251,35.26387461080648
1252,5.663177089867094
1253,4.090221381626616
1254,4.0426244539441285
1255,32.359391945102736
1256,71.07498739320755
1257,135.13713801244643
1258,273.82639042243625
1259,50.92061897617974
1260,260.06660097656277
1261,5.656041360790407
1262,5.501793060108189
1263,190.91267901798665
1264,1.9562673855958783
1265,14.349829852598159
1266,128.83676896578214
1267,2.408444883005278
1268,6.48183969928403
1269,256.89064697240286
1270,-51.6621716594958
1271,226.33516400424224
1272,54.50716974182262
1273,25.343216898757742
1274,220.8916983068172
1275,156.05781164850407
1276,37.30960808398919
1277,4.029168473123283
1278,1.6980651211806155
1279,3.889202971291639
1280,-58.71441374511245
1281,3.430997737268398
1282,73.55104209866076
1283,158.33725567050035
1284,3.023160102094587
1285,-51.632019837168954
1286,2.552653423893707
1287,49.340962981219086
1288,144.05375666744004
1289,4.51579340538835
1290,225.61080613730718
1291,3.2526457064428036
1292,48.68551001595357
1293,102.7201042344808
1294,259.9539177099718
1295,175.48773932564978
1296,6.237748404924435
1297,46.062082959402346
1298,-7.660526124701423
1299,4.96454716916091
1300,164.85008858932278
1301,223.0640103284028
1302,201.93265833611713
1303,6.308951976815271
1304,3.6351501113667255
1305,5.245229406459471
1306,56.73007243265428
1307,156.34241642762532
1308,1.88460064674532
1309,4.837701070441235
1310,337.3806622899406
1311,2.7264612466450933
1312,6.891243579950186
1313,35.881867738870454
1314,204.78326642377374
1315,162.7289158989617
1316,269.7259599320838
1317,64.82386993325315
1318,2.0793690595915346
1319,202.64931341393006
1320,238.53535783063984
1321,10.471680893744516
1322,53.02393939396356
1323,272.1300205718205
1324,239.15368529085237
1325,47.812718673031924
1326,61.64873315442972
1327,241.9703770228936
1328,3.174252582869796
1329,6.145241811768427
1330,126.60293320869286
1331,-12.97432827894068
1332,309.3817969680794
1333,1.282964165484886
1334,342.4803422674487
1335,1.8648898921613557
1336,92.33847829368676
1337,32.57002862897777
1338,244.51374765795993
1339,6.728710860517996
1340,200.92215244801554
1341,245.3404905427145
1342,185.6965606077929
1343,48.66072962563037
1344,115.68072669723935
1345,2.9912530919902593
1346,56.05485240661885
1347,88.99243864642914
1348,2.8636432344799645
1349,196.7646951368892
1350,44.31360646246835
1351,227.64322983953883
1352,2.690253409900755
1353,18.466138291402746
1354,4.646714076517698
1355,5.9733014690105275
1356,3.5610343355837393
1357,5.666548208825239
1358,6.667042626306371
1359,1.6612210378774606
1360,305.23398680400066
1361,4.448191158366938
1362,6.443806649844762
1363,67.91640860632916
1364,3.269985779323311
1365,5.869617449636905
1366,6.545924882675845
1367,5.875879262823444
1368,9.934899078066882
1369,184.6782550582909
1370,288.72828127388556
1371,218.40885582107308
1372,28.611934971894602
1373,3.2913213453545795
1374,201.66410284700086
1375,162.20806871476353
1376,5.2420660789562845
1377,4.9372565733538085
1378,107.34080966343848
1379,92.00312389208881
1380,108.86250132180633
1381,242.51755834531681
1382,91.358728053026
1383,58.172745970530656
1384,-9.296656690483424
1385,152.9024048801372
1386,2.469789928852725
1387,75.85270574874858
1388,1.6634899148358562
1389,223.58328199368515
1390,169.98014653114146
1391,89.48740322210793
1392,49.37926144668426
1393,277.32974909834945
1394,-20.726189432161483
1395,41.38143678390668
1396,179.563008197639
1397,5.494643431656009
1398,197.07144352338332
1399,1.488896003651078
1400,75.93555341911187
1401,318.04601024183864
1402,50.66630475715169
1403,296.0764608538156
1404,98.25753908052748
1405,116.12365884229222
1406,1.960605954767335
1407,116.08867000680368
1408,7.675315306914108
1409,3.6050425827998733
1410,242.99830383858944
1411,253.64869970421694
1412,-38.31726107497439
1413,124.44719566113747
1414,254.81028580691816
1415,2.121221078218927
1416,2.7312262286389246
1417,4.274408272673485
1418,313.5049225897608
1419,144.47735127167104
1420,4.490756753371187
1421,38.57519585269989
1422,6.642400579408489
1423,3.1786227841764436
1424,5.602441872988769
1425,2.2255988273156104
1426,-17.822381037476077
1427,3.7324271630438166
1428,4.734460995742323
1429,3.185162203326172
1430,3.838758210973288
1431,6.393466424774923
1432,195.82280650058416
1433,2.9084987366040598
1434,6.382287231490624
1435,4.610573958595913
1436,-51.510964724272355
1437,185.24501471081646
1438,137.1179406804359
1439,6.474841238945403
1440,2.685505061469893
1441,123.07286224891402
1442,180.52511067699265
1443,43.10331865361519
1444,5.700225804513768
1445,53.60877098951756
1446,275.38048979535495
1447,246.57407751956563
1448,-16.799049592340268
1449,5.878306956346597
1450,280.64549434391813
1451,139.50534086741436
1452,5.257377129344029
1453,5.627967142337034
1454,174.3762191289785
1455,69.893457162149
1456,-2.6371255641519875
1457,7.791434464935468
1458,4.87024622664454
1459,298.8332075332828
1460,333.71521076538045
1461,168.0135509241721
1462,-10.618870372084075
1463,78.07484916160172
1464,5.860657201850055
1465,2.9721012438517973
1466,237.62038553791098
1467,5.778342835308789
1468,5.367092302444643
1469,32.202102978337955
1470,3.7584713044884976
1471,38.66312280947194
1472,6.749467048520138
1473,1.9411031624524457
1474,239.599344123273
1475,91.97999365730374
1476,6.652690117992073
1477,2.399536289179505
1478,135.05508579446598
1479,5.189905398454048
1480,114.25126132674399
1481,5.920529049912192
1482,164.05651638451914
1483,6.15901297613533
1484,249.4360737609068
1485,181.2019169330931
1486,6.680294977065366
1487,3.5951047704983266
1488,85.78069264062462
1489,-26.221398359186114
1490,93.81560338938584
1491,3.7099885164631585
1492,2.035550948194158
1493,7.490997648648889
1494,5.509076479100845
1495,26.320725071734547
1496,7.578877511453072
1497,68.03355575288134
1498,5.832554557499785
1499,81.82734034036261
1500,7.123707323672407
1501,5.844043997360103
1502,109.6474310446881
1503,5.710358870554826
1504,2.0804496508208414
1505,4.726963679138413
1506,181.2505035271859
1507,35.41161162345648
1508,85.38701812138947
1509,59.9740056242287
1510,3.2207601004283104
1511,-20.03772370724022
1512,59.444765495346985
1513,5.127899265240975
1514,250.56455781701203
1515,30.868815217719103
1516,2.83228039058317
1517,337.2847671836986
1518,4.297131412467259
1519,238.29277193809833
1520,5.17251483557407
1521,33.77452180956715
1522,4.969571039760428
1523,2.9634810655896446
1524,129.77414423035287
1525,-33.77963636121573
1526,2.4929410825947285
1527,5.355046686429063
1528,2.595093588737378
1529,217.41541318961134
1530,279.72378684775714
1531,3.6985968108226124
1532,5.870814084535559
1533,3.839144063438166
1534,12.013286472111975
1535,76.5428290058338
1536,6.019085853772761
1537,2.6293137800471493
1538,291.5843155698301
1539,156.07654563062437
1540,2.1439559159389634
1541,119.72478300215536
1542,3.379356064314454
1543,20.437192280939
1544,7.968087782773201
1545,3.596327105066976
1546,4.601939917016915
1547,-36.000632641949856
1548,201.20114625989095
1549,46.303124549074155
1550,3.8474511766264836
1551,2.3143422661506134
1552,236.99375631965387
1553,6.103008678987338
1554,280.14737625165174
1555,135.42663212270722
1556,3.970367178621815
1557,14.536508503376409
1558,3.6810174023505935
1559,242.83227719875532
1560,206.03476852904322
1561,193.01556910805874
1562,246.1992184833018
1563,98.78102863784886
1564,3.2625137240350393
1565,93.53868362316142
1566,3.765383765001264
1567,17.939296928170613
1568,106.02696779224183
1569,17.671339098797702
1570,296.81283659053975
1571,2.7678770196806584
1572,80.07800591623979
1573,2.3197156836470136
1574,4.988634894972408
1575,5.733917396576256
1576,4.026094374384108
1577,5.584948297922965
1578,88.45247755715738
1579,5.100766279691486
1580,181.95991214223943
1581,272.47881971821175
1582,6.772846212830699
1583,299.53616528078567
1584,310.7105687979868
1585,6.261105690625602
1586,4.895345036471486
1587,58.11061889113168
1588,298.40462833944173
1589,7.114188381637866
1590,6.001889047229881
1591,163.72507289481
1592,7.13373230637013
1593,122.68651271027358
1594,140.65742911422808
1595,130.665552632139
1596,5.669600248450648
1597,57.97558875845513
1598,6.605375178407947
1599,3.719229530835989
1600,4.389550286862953
1601,2.7769267333473895
1602,5.943356789732707
1603,285.5018771814798
1604,38.09167694569662
1605,122.73618689782828
1606,265.7859875665251
1607,-18.1317691581594
1608,3.407675939840999
1609,6.93047568658011
1610,4.218578245039625
1611,204.35466428592085
1612,82.12945700044546
1613,2.3083679688219263
1614,279.84205895423264
1615,5.776772549355621
1616,3.927310422935369
1617,185.10957556101857
1618,226.43397438494833
1619,26.7354473985617
1620,78.21077508758793
1621,2.571730727551694
1622,2.6038927040115496
1623,2.7286439920280783
1624,248.82202277682126
1625,59.17992199788498
1626,1.6410926933689607
1627,41.974994239700735
1628,3.578565607919657
1629,209.95919945267212
1630,140.0153395023958
1631,3.156939902250867
1632,301.3532052486072
1633,5.162611094876989
1634,15.865357352870687
1635,3.4728227047356404
1636,4.903348933997904
1637,6.652318291477883
1638,211.43823888039194
1639,52.31955933468656
1640,4.588683306774534
1641,316.92574247346914
1642,133.28168576770236
1643,193.82657622714876
1644,123.9629433617971
1645,178.33469745338755
1646,6.211541371192715
1647,6.636605500537142
1648,27.782815173017482
1649,4.396669784374228
1650,87.39587163575663
1651,6.5490377067624985
1652,6.953695480368909
1653,233.03271511049564
1654,6.506182777746535
1655,296.2797351313358
1656,56.013962567643006
1657,1.291583887102986
1658,293.5623360185991
1659,2.127390815240873
1660,-19.142263888196695
1661,6.700220233941865
1662,184.72138470725207
1663,5.880944235428981
1664,121.18636562016795
1665,1.2685792008274446
1666,99.32492986800162
1667,-60.609051102132625
1668,246.13244935687032
1669,54.71825888520303
1670,2.015246062007661
1671,2.2849545174066583
1672,5.484445673518975
1673,4.426533730540729
1674,149.62895930399236
1675,2.13685559428445
1676,-55.51474971362261
1677,34.40781557102565
1678,-9.10190439400122
1679,237.81872330478765
1680,100.62313499953585
1681,1.4281608856675096
1682,3.1199745612294514
1683,82.67758599553926
1684,15.89180625491456
1685,6.636872637013999
1686,139.74708010578894
1687,7.1141065937553964
1688,178.80073609373923
1689,279.4714234297852
1690,3.0175774281516103
1691,3.7260450634498765
1692,4.163040673747573
1693,2.7825426731280283
1694,67.86242618746027
1695,238.88541137031132
1696,143.28123170799842
1697,2.025662387272797
1698,218.1215079139314
1699,182.90396691084283
1700,125.44892140074194
1701,269.1988967774471
1702,-54.35480336466149
1703,5.528529400304176
1704,5.539522819876405
1705,2.9456265074976002
1706,99.88144065760038
1707,5.215860346105173
1708,76.84761184097123
1709,132.16077736901028
1710,6.404331343670666
1711,70.93869673756328
1712,1.8761509698662642
1713,5.913965599077269
1714,-34.3159429922939
1715,5.130703143391312
1716,2.273197736293239
1717,42.38023696505913
1718,120.4362661353132
1719,26.13820745717325
1720,6.195910606498167
1721,236.05001809316457
1722,3.6904151305915334
1723,142.5858901678299
1724,126.17210641966692
1725,3.922006110494947
1726,3.9425347071113
1727,258.42418557459143
1728,4.518814865725297
1729,3.665736092722831
1730,40.49166201579975
1731,219.9428654832169
1732,4.671772239961674
1733,372.11706589826593
1734,269.6726169994995
1735,178.5958111871806
1736,3.252246579207724
1737,308.4547860912573
1738,285.2705279607881
1739,239.23651014592843
1740,94.51746343046649
1741,83.99090766888318
1742,236.08635065093142
1743,5.291369436749762
1744,116.56171975780892
1745,25.217860466969267
1746,3.552174976405409
1747,7.362664706584074
1748,202.43242619970016
1749,3.5577752029419076
1750,97.2701989480942
1751,38.923095542948374
1752,6.958117748923155
1753,5.99232135121392
1754,277.8574846445739
1755,225.51375785865068
1756,1.9101191987383508
1757,219.68769751687947
1758,326.4066960262935
1759,5.113939349141543
1760,301.0022108425061
1761,245.65870909141566
1762,25.854658608767792
1763,35.291419833719864
1764,4.734254487077886
1765,4.648680117629425
1766,220.06559561577836
1767,184.65459204054878
1768,5.737008195136592
1769,59.962021906042885
1770,72.53972933535567
1771,2.683899144059409
1772,226.96662568063488
1773,276.54249911098606
1774,6.46210969581959
1775,288.4104940617075
1776,2.2417524655074508
1777,-4.627528647766907
1778,11.864496720371314
1779,-38.87002324394577
1780,117.72253351525607
1781,5.672055246294485
1782,186.14347472670963
1783,234.39305969407533
1784,4.002128721693451
1785,33.503920987995315
1786,2.963613630836469
1787,68.40415888028488
1788,5.238599370648643
1789,2.332836969360014
1790,25.983554572717424
1791,3.838005151809274
1792,2.8319524119983086
1793,2.0517716914740496
1794,167.7482646553817
1795,188.66083449683643
1796,262.7214112159302
1797,151.42670783433437
1798,6.562364956151863
1799,213.3032827109792
1800,120.70155652270027
1801,4.895309716891051
1802,2.234190356586922
1803,136.52783559752842
1804,4.081159981786481
1805,171.74071617106682
1806,5.701911285993505
1807,289.1673460667449
1808,164.44958960409178
1809,65.29476560817811
1810,4.637751358959642
1811,2.6972211583987917
1812,32.43530656326266
1813,3.605171703433952
1814,147.1102133199771
1815,234.8979972901035
1816,5.577042179764819
1817,106.24137479855646
1818,59.87264787300585
1819,235.31966111508038
1820,6.745951894179798
1821,3.15232242888795
1822,280.497263407181
1823,4.379180075603693
1824,71.98491616269926
1825,2.3983040783061575
1826,5.971757804122003
1827,4.688812755099421
1828,2.1310173843757454
1829,192.89985784017614
1830,223.8785755658501
1831,6.774185932457065
1832,60.67155099200683
1833,3.1765639638101764
1834,3.7015636473690776
1835,105.94211428235741
1836,6.487738194776961
1837,6.047935133216829
1838,5.880944235428981
1839,120.68060662849634
1840,-9.580549173106494
1841,-72.9099479565553
1842,246.1769354041903
1843,174.98382501400692
1844,254.81028580691816
1845,150.98051089296732
1846,45.90143050975318
1847,278.55356284686445
1848,118.54901376979063
1849,3.746727897346677
1850,5.748520359667602
1851,-65.97617064152416
1852,6.625702905988229
1853,86.83111384486644
1854,57.72563175334585
1855,5.339824172386704
1856,191.02037798318173
1857,2.5203496210308995
1858,4.999843039484806
1859,6.384999993367747
1860,5.827328765492794
1861,149.94744627415196
1862,6.3492031448384445
1863,69.98899702412697
1864,68.1555824239803
1865,218.15034900664057
1866,110.60189232769758
1867,77.79134879181387
1868,275.3396911777965
1869,148.0249176054108
1870,3.4592818723537055
1871,253.20108826092132
1872,42.26208891168774
1873,2.7970029607776663
1874,24.176531592882313
1875,100.06432436014282
1876,3.3161953202576875
1877,2.272369309780289
1878,63.734280984788896
1879,60.3251563929656
1880,250.45037507185253
1881,5.798573277938157
1882,99.50945513756267
1883,6.33174080135201
1884,74.78176412732776
1885,298.14620528492685
1886,269.86842220878736
1887,3.1826043837148665
1888,193.5900749522737
1889,241.79697801857148
1890,2.3316543682049637
1891,254.9217053446692
1892,212.95762042851354
1893,4.47178216987692
1894,2.007413115686801
1895,3.371100325177791
1896,5.934181097066098
1897,58.94624437445582
1898,-54.01088572928641
1899,3.0353893427490872
1900,5.864369862963599
1901,279.9541223008136
1902,233.00863367117825
1903,-53.229960676576994
1904,77.69617477797736
1905,71.81773326405121
1906,169.42335710381866
1907,6.7616946455837645
1908,6.058597965332085
1909,120.02749570172091
1910,6.286889783247842
1911,4.940660834935089
1912,4.0453351592752895
1913,73.49162574319922
1914,-16.455115613577036
1915,7.21929746556514
1916,1.2238414112714036
1917,3.3517121775509793
1918,155.68456200974325
1919,4.82036552751616
1920,4.636419934482026
1921,73.96822452472631
1922,3.1280029037411836
1923,6.52568096228619
1924,2.7821581824707655
1925,4.395513091670626
1926,96.86869043961802
1927,136.58891805469528
1928,3.7565797060000543
1929,48.33917282045812
1930,2.777111945549012
1931,6.003477574140975
1932,4.708815558237722
1933,2.8462147591550986
1934,253.78848464054863
1935,6.305587278947785
1936,4.79907625190285
1937,37.57929440966751
1938,-22.027897832719972
1939,2.697041587549335
1940,251.93235720795826
1941,3.1659844615226693
1942,240.18846146671643
1943,3.7793072322965555
1944,228.48949391206912
1945,293.6181240784143
1946,5.679985475589848
1947,88.55193027115601
1948,5.800306572273529
1949,18.49893113621004
1950,23.315044108024967
1951,2.5380477711963056
1952,43.03176126962822
1953,380.0677729784132
1954,2.6825326698099907
1955,91.80918449006151
1956,1.9916214640422716
1957,126.57736963534752
1958,4.257316671835152
1959,173.94883174972844
1960,50.33143402605076
1961,1.0814635608338472
1962,4.136922500609876
1963,2.8914033093497746
1964,4.894768254877383
1965,98.44062171655024
1966,3.075753558046972
1967,4.980693542464192
1968,273.6567120749393
1969,59.185340138350256
1970,5.658933429168755
1971,1.9082469769340529
1972,105.64543414220587
1973,-35.97597951457216
1974,2.8269312232250225
1975,3.0253839173314963
1976,308.0686949629398
1977,1.6603195715963384
1978,215.53134469759266
1979,85.92841269680565
1980,268.77081242786204
1981,190.94910249179696
1982,117.03729616083226
1983,70.24441333128917
1984,8.555918270718898
1985,4.814916598322892
1986,3.8310932994699893
1987,6.206455891379118
1988,1.1875812043891207
1989,5.854773407038268
1990,4.980576021840545
1991,18.039810655527127
1992,4.32828534318387
1993,30.199838460893496
1994,1.9938785828219743
1995,105.48368621642898
1996,3.8084814495883306
1997,2.639267088763438
1998,5.611005924130936
1999,316.8315341278851
2000,5.869617449636905
2001,284.5121399546809
2002,-60.37977854939449
2003,6.737965403711686
2004,333.81903666642546
2005,62.76091574113772
2006,4.967392154235759
2007,46.04491961474966
2008,224.57050524898713
2009,145.22143346844825
2010,314.3024272454795
2011,6.238081351759749
2012,174.82896049054392
2013,-37.919714105998956
2014,281.0341597339835
2015,205.22319489490908
2016,36.24422804137032
2017,2.7172001148776355
2018,89.9973858920456
2019,76.24551767440528
2020,6.751152121057026
2021,4.428480035685574
2022,183.58923513721106
2023,110.88517963418037
2024,2.7453468831570014
2025,4.157440388258255
2026,77.0795234857004
2027,5.9121717448928806
2028,6.29395629125972
2029,48.746367666538035
2030,306.8762245607233
2031,91.09953268996784
2032,284.66353391586006
2033,231.42079307037864
2034,2.514846542983115
2035,56.409437509815135
2036,186.58330571318186
2037,5.292121072760054
2038,3.2285099694641746
2039,2.8947334714930353
2040,134.1917814945552
2041,230.539199767156
2042,4.249761103579278
2043,189.61634260335035
2044,2.7337833238269544
2045,93.67046863222475
2046,286.3016740241361
2047,5.3381357974098576
2048,-27.71535255169913
2049,1.9900559417121226
2050,341.9961425836394
2051,3.7073509553231943
2052,3.66380439493431
2053,250.15584297770255
2054,4.699649214433303
2055,3.673986443223445
2056,-45.731412249228214
2057,187.02094208365713
2058,-18.210103418592183
2059,5.067784898980923
2060,25.978383231802482
2061,2.32912298722482
2062,190.17794127747123
2063,3.5769026833462942
2064,3.5343518292160665
2065,3.7083597585472274
2066,1.9648844318532388
2067,6.053479360728343
2068,3.1554665248892455
2069,1.722917573076724
2070,285.4657651507157
2071,298.40462833944173
2072,4.471829158181567
2073,205.2893432152294
2074,366.24474465850386
2075,246.5550945027015
2076,3.6860284648901924
2077,2.665643596849452
2078,4.026098450620759
2079,4.341114325450496
2080,2.3473862376943804
2081,3.1781740032450942
2082,5.608277920993573
2083,37.18311502235903
2084,2.8494114085513678
2085,5.110979884782463
2086,109.75287858675048
2087,92.38274842552937
2088,15.292346811970386
2089,83.15315842747484
2090,247.54635682726843
2091,193.39494994834882
2092,-90.37209482718889
2093,5.3770405642627495
2094,3.7745978690259046
2095,106.06255991830818
2096,49.97521476451303
2097,113.64299112038412
2098,5.556984485127888
2099,-28.76004652400832
2100,18.01458655536667
2101,5.792758872161109
2102,6.964105902759963
2103,77.91735120349173
2104,62.66653708234495
2105,18.36371222782711
2106,313.2616302590948
2107,7.144046622014843
2108,6.945116936670814
2109,5.88040096796881
2110,240.83243221955777
2111,3.792265676041781
2112,44.64959842997487
2113,90.12060129531912
2114,2.494880770953213
2115,46.3168618633477
2116,3.821051973877192
2117,3.548896760903231
2118,3.586972085932875
2119,113.1322862729342
2120,3.9942964193621537
2121,194.39279884024268
2122,237.3502788232123
2123,2.8327907778950596
2124,1.6376275776096982
2125,4.842392377770261
2126,6.02508114941104
2127,53.2736271762727
2128,192.9313542608396
2129,1.78485322559513
2130,2.196635495838284
2131,5.453208454889923
2132,6.005587673039598
2133,224.5354619974139
2134,51.07783264574849
2135,226.0394592575738
2136,30.604840808208973
2137,240.50056567945572
2138,3.2997012669817325
2139,64.24075823773437
2140,48.27297894210328
2141,52.81016076466176
2142,5.476465866227478
2143,-4.187086781493194
2144,162.84126620879306
2145,44.19625347448411
2146,4.310440724025565
2147,4.52423820132524
2148,90.78463071692371
2149,-54.85314059646276
2150,-2.1952043583568286
2151,58.961990063244
2152,4.8884365773356535
2153,3.2726542229648805
2154,1.9753326333745531
2155,2.3813524816282237
2156,5.880944287962068
2157,107.89082436747275
2158,3.9030600531175064
2159,325.3941238660136
2160,227.7924408605373
2161,318.2573672674082
2162,1.8872930274086663
2163,308.0032999260907
2164,6.521723944080548
2165,2.951521762445929
2166,2.142759718803597
2167,24.916871424929177
2168,307.7538368894976
2169,2.2682447665750303
2170,2.548992379897159
2171,139.10480549515776
2172,5.462396165335436
2173,260.16274956373553
2174,261.7655830884788
2175,1.6219490776258645
2176,4.689099814937561
2177,-36.136270890728575
2178,4.177625528857391
2179,74.76955977726539
2180,276.44418148896636
2181,2.5296273865078374
2182,176.84189936790062
2183,190.79478070118068
2184,5.878306956346597
2185,1.8460844066406623
2186,2.900522703206644
2187,4.734753374001282
2188,249.470368867986
2189,244.97724324125824
2190,69.22141072910662
2191,2.634498822040237
2192,2.9365499376716597
2193,151.99062884597242
2194,3.3911719239008837
2195,4.914289216965248
2196,6.584175823003838
2197,1.9723427119472068
2198,4.101575024479746
2199,3.3765223233841635
2200,1.7403583006766086
2201,4.016996001917126
2202,72.68652679684251
2203,2.525433269432144
2204,1.9074735494270407
2205,83.39862311650883
2206,5.345734208776198
2207,176.00001197288373
2208,4.893277414228618
2209,33.0570567316491
2210,239.37292125407936
2211,1.7882436658700365
2212,4.412802419755929
2213,6.5353470878174935
2214,93.09270475768476
2215,31.204957855129017
2216,76.08291389935063
2217,4.881588639144743
2218,37.412750364281024
2219,2.6489047339451073
2220,5.525755317129396
2221,3.357643441923938
2222,-53.33797026927348
2223,213.65376998851863
2224,-27.819785232034405
2225,172.9152707698185
2226,-24.013115029059307
2227,61.35947924549005
2228,134.31063904080435
2229,184.63922662172496
2230,3.179686893949386
2231,5.520397289737799
2232,4.469542952710497
2233,262.55569764864447
2234,212.73502649510633
2235,215.6562027610405
2236,3.4843632184988595
2237,3.368093496798197
2238,258.10315234468067
2239,95.99180596335245
2240,244.89419829802594
2241,2.758925329060443
2242,248.05100692595784
2243,6.265768228725552
2244,94.65067302973483
2245,228.1541002104672
2246,128.77256241319077
2247,245.95309512313912
2248,6.242933412276052
2249,292.7379059047278
2250,141.94728780613272
2251,5.188621664683641
2252,240.80438224609924
2253,6.104686666550977
2254,194.18936238467316
2255,-88.32065099895327
2256,37.386324092151156
2257,1.8378707109187202
2258,3.294958181363266
2259,83.85595918910285
2260,6.435416316827254
2261,87.09159089868513
2262,2.1617853884149696
2263,69.31435674112356
2264,-23.36671469737761
2265,54.08834428369679
2266,2.402618146795821
2267,3.0141126263160416
2268,5.664514859763996
2269,4.2964041226860346
2270,8.514380797954159
2271,185.31049472370083
2272,46.968446827559006
2273,3.3800660328746086
2274,6.060942139077866
2275,6.660395810524805
2276,4.664938944727363
2277,2.7925326517372966
2278,1.3397438312373129
2279,5.905116774446322
2280,2.7924647719397893
2281,190.05063519349557
2282,2.0331946152443385
2283,4.054931839659713
2284,231.61412269346357
2285,3.3031235773153598
2286,-25.614441529952806
2287,5.366885740855599
2288,3.3018718269108183
2289,6.3497853907370025
2290,-31.23343181106386
2291,50.01672920234083
2292,5.1227919839305285
2293,1.9481757673700713
2294,1.5632895098251898
2295,2.767270011446347
2296,4.877101939198299
2297,144.20622937761675
2298,-38.234864773285764
2299,43.16282196579969
2300,3.713609101119047
2301,5.637872371857495
2302,-88.94281314172684
2303,172.15937228232107
2304,5.345268623400728
2305,48.0550638875694
2306,287.9578921320491
2307,28.3426838455593
2308,53.10806778607046
2309,5.875876958959568
2310,176.49285850030637
2311,-48.304561794864895
2312,70.70533719629287
2313,4.205781454756734
2314,4.68037866180965
2315,196.36319563204708
2316,7.430009855393204
2317,3.65779647814079
2318,235.31132803296762
2319,6.552202789688934
2320,106.76390821629056
2321,3.4238194680892864
2322,233.26254058987564
2323,174.00886686276408
2324,2.0012262234458795
2325,31.721256292396998
2326,3.3843390047732225
2327,113.3789823915169
2328,3.879577396004176
2329,341.4857154252629
2330,181.19851250316862
2331,1.1799926072903288
2332,281.30725849796664
2333,-17.162477109007966
2334,3.3864842146093403
2335,5.533779997184409
2336,41.874815030723106
2337,146.3613092653864
2338,186.86633983998087
2339,33.459441304643335
2340,47.84122718404812
2341,117.38890516173564
2342,2.6425039976031566
2343,6.24098725110389
2344,241.62772026174548
2345,5.923357514980384
2346,71.02535792460654
2347,134.83607142380976
2348,1.8162778140415532
2349,273.580221465274
2350,50.824940981473944
2351,5.086063788721734
2352,4.9298002635479214
2353,1.5789516266226327
2354,-21.303103279648806
2355,138.95678907100927
2356,3.799463297130476
2357,122.49884350639229
2358,6.330989603375638
2359,6.823915421707515
2360,4.683939425269789
2361,5.868293504449898
2362,249.58464402699894
2363,4.364552701838706
2364,216.91131058850107
2365,95.93148750378538
2366,39.702781435032286
2367,29.57675315380044
2368,-58.86842418705565
2369,4.299643496480118
2370,229.46327744206195
2371,34.80185620136285
2372,75.74901517722508
2373,1.9837109854152841
2374,-53.37153546168594
2375,2.0675995886033034
2376,135.73692222903844
2377,109.4559811228422
2378,5.588974803236189
2379,6.506827158796799
2380,29.256576279377555
2381,140.62675309468463
2382,176.98443839295686
2383,46.70842708494408
2384,3.3310941116656725
2385,245.346172274252
2386,5.8606573594493145
2387,19.060186296611967
2388,257.7548822312032
2389,78.00290616169038
2390,1.9891946389433093
2391,119.85566912126134
2392,21.28127619549163
2393,78.8324320669627
2394,142.6990980493315
2395,5.9635892595719975
2396,2.651185006110552
2397,298.61514574712504
2398,283.04148411920517
2399,4.496146716018881
2400,196.84520684686123
2401,63.12140860136961
2402,234.17283802447002
2403,6.372251284704046
2404,1.9942187715930724
2405,5.164240448892261
2406,2.418737920955164
2407,70.37976807160216
2408,249.66668105173386
2409,171.95644304119332
2410,4.233736758813417
2411,6.550047500300714
2412,312.34943083095095
2413,-6.575407889545705
2414,4.036401364891486
2415,80.09336737647143
2416,257.515230287173
2417,25.482908718393308
2418,3.1991602257342984
2419,4.125871594494086
2420,1.805989005456945
2421,6.848681118015345
2422,196.09754713878357
2423,2.5488662132467192
2424,187.79476713996408
2425,6.212269438494488
2426,-9.76065853146886
2427,165.0011431711988
2428,21.709640786518626
2429,2.708090901098409
2430,6.193282150714462
2431,3.271145328234584
2432,315.475331708908
2433,260.131315691195
2434,4.600404415070115
2435,60.53713138534889
2436,232.04922777426373
2437,-63.7779902275373
2438,5.672304645115889
2439,7.251983714069482
2440,166.7195220154911
2441,6.384517825344366
2442,5.842519551368476
2443,4.740209650958313
2444,-67.03640671447498
2445,6.513724065647276
2446,5.589819860361068
2447,230.86466648115373
2448,6.84967617439961
2449,6.336538683116718
2450,14.134247028155855
2451,2.7914287226522383
2452,4.445293517202909
2453,36.11670365048573
2454,288.577967981649
2455,119.01666170504598
2456,3.1124654271000187
2457,248.5156887678259
2458,6.064124448372819
2459,1.9661869420815123
2460,5.758291794051677
2461,67.24902661946776
2462,52.82363385303795
2463,6.232271576192999
2464,-58.3291171812567
2465,21.271712303800342
2466,192.71209917122462
2467,147.44119403251173
2468,271.1525664094297
2469,265.03405033830245
2470,5.808212826899942
2471,125.87097060390077
2472,2.7379363802308165
2473,24.355927023474095
2474,195.42054631837857
2475,6.410998486930639
2476,103.13875172521432
2477,150.2963914132796
2478,154.33141674092096
2479,5.379947442846795
2480,49.78018061907774
2481,76.44228831518603
2482,2.4486575395940298
2483,5.042654603954695
2484,125.00942726318675
2485,125.27626984454692
2486,6.713763083278406
2487,5.4099724312375415
2488,-38.61403871166007
2489,169.57168103059047
2490,5.634233250194529
2491,138.48097822017957
2492,44.702342311590485
2493,62.59181935027358
2494,5.92800650943292
2495,5.444167690839022
2496,98.09496090624769
2497,68.81046026912705
2498,2.4536354088804972
2499,6.7281356928641625
2500,1.9038981698287443
2501,82.6235517720346
2502,271.3816483310911
2503,130.65007886100798
2504,344.11508523122984
2505,3.5057722275161636
2506,4.955276178649419
2507,274.4296907087181
2508,198.68035169302712
2509,84.236397192981
2510,6.627993084296725
2511,211.08397664508732
2512,82.77940637034415
2513,169.0989030116748
2514,224.53127981105487
2515,306.98531657843125
2516,2.0159591807507757
2517,2.318116451662487
2518,290.04636022585134
2519,4.402076969926037
2520,107.51099786462646
2521,118.0281963162738
2522,1.6838610047237739
2523,5.603140539340906
2524,5.033380600646863
2525,291.74858887943856
2526,3.172582647428544
2527,3.677544989027414
2528,232.43641635241005
2529,79.51265265032322
2530,236.39983064997435
2531,289.3369290867539
2532,63.93257692628694
2533,1.7789219426342915
2534,6.045023768150538
2535,5.869617449636905
2536,3.758403361504386
2537,6.367402623723439
2538,5.954488059500829
2539,169.7843014613913
2540,2.450726114139832
2541,-0.34103542157288746
2542,3.6446776419156803
2543,5.611080548415914
2544,153.8763378668935
2545,2.369060722797905
2546,293.4454069717515
2547,23.29179247669731
2548,15.70473877803056
2549,155.17911901905137
2550,117.47348217266958
2551,-34.68976298969223
2552,1.9641852011067369
2553,284.8723521056273
2554,2.3775137071281334
2555,68.43401242864502
2556,127.26037165949141
2557,4.5301329136725315
2558,-11.483714410749474
2559,6.343314831434245
2560,208.30520686456447
2561,2.3916735772830364
2562,214.12818572782717
2563,241.4469628148846
2564,274.81935590550677
2565,4.721143594859486
2566,4.400369720381237
2567,269.3414285103634
2568,65.01997234072894
2569,75.78214605669521
2570,3.4530240177527745
2571,91.49362713461166
2572,-56.80686038929895
2573,191.31922320867898
2574,3.0039656949860642
2575,4.415300824592513
2576,3.2906755037369164
2577,6.621829794750207
2578,34.914234965411815
2579,5.904253875839964
2580,5.206576258008489
2581,3.0205861359955706
2582,-40.42350751902922
2583,2.590305759704108
2584,6.64175326933611
2585,48.29278983422383
2586,5.02622762408571
2587,196.88270097860948
2588,222.39685645956203
2589,4.607688440512228
2590,40.5596885970627
2591,1.7255334752152427
2592,116.8152477416026
2593,57.510603623931985
2594,90.02984493175227
2595,50.696275660806094
2596,47.84417279031614
2597,5.471876466051848
2598,6.299679507090465
2599,-3.0087289953837293
2600,4.024241593241229
2601,221.0491398179042
2602,6.065586261109347
2603,353.7649729967829
2604,140.962406885564
2605,38.0062500988368
2606,3.916787279560541
2607,34.79807340435842
2608,194.36403897094456
2609,33.84322116743167
2610,2.6314868515310614
2611,-7.4818047724787125
2612,3.372140581338974
2613,4.404690168660213
2614,3.140701933882757
2615,112.56588778290094
2616,135.35815504242947
2617,276.38176096285025
2618,197.63641797957206
2619,4.63208234901708
2620,2.539771378516986
2621,4.548095085892964
2622,2.4885235715841825
2623,1.7840588201099816
2624,6.733004617400054
2625,115.09730426691999
2626,284.3713410003037
2627,48.97329047518794
2628,140.87405691491338
2629,53.119095264373755
2630,114.9200248937698
2631,28.888868570306244
2632,6.037561719911713
2633,313.9093612101494
2634,56.72069391325427
2635,164.34145358951656
2636,-40.868594791193374
2637,3.3464701407394832
2638,-60.252740193711475
2639,-47.62040898526066
2640,187.28813703056875
2641,4.012676473754074
2642,5.8951386378231305
2643,163.62628485109076
2644,157.5716817312899
2645,207.62562695253456
2646,2.758764478432019
2647,3.588989914276427
2648,4.515938572030062
2649,6.613507461752455
2650,272.762087505679
2651,223.5345894825944
2652,49.62483721240009
2653,3.5663514331367585
2654,36.61889383674246
2655,225.04254253552514
2656,243.16433021981152
2657,2.907408207167677
2658,16.714146573945968
2659,291.5989849268676
2660,1.83814525664678
2661,274.2926286299357
2662,125.1488083860794
2663,8.969841189639043
2664,73.34001669545708
2665,276.4309313877526
2666,234.22678578682982
2667,-28.882358239784672
2668,35.43797957940816
2669,6.759582502878232
2670,101.05567858493498
2671,194.74548820063802
2672,124.59557449216975
2673,254.90925797149362
2674,234.24819309020654
2675,1.7136903528825993
2676,-40.136158882909285
2677,347.61492521905797
2678,3.760182792727332
2679,5.593201142247812
2680,64.89832863753674
2681,5.224486498320658
2682,2.548261624805223
2683,2.449287546870038
2684,2.5115327701460366
2685,6.4936824849573656
2686,15.301396167946884
2687,65.11394122014272
2688,47.27845445198108
2689,42.01872529998765
2690,157.70987145859482
2691,75.62501154378782
2692,54.353857097687026
2693,119.89600737889556
2694,112.09172853477591
2695,6.5482303766672025
2696,155.33188917888322
2697,3.7183037975207216
2698,2.501484628216491
2699,4.139792976653868
2700,192.46145096302382
2701,67.38303422726665
2702,36.00261225964489
2703,3.918872563868835
2704,178.88608907583884
2705,3.2516186493176957
2706,5.351385784021699
2707,189.31743213823307
2708,3.0376949541314513
2709,67.46989475113315
2710,5.88705925588436
2711,183.89865025407883
2712,1.8666858406763192
2713,109.54551521598536
2714,-46.510679892572426
2715,4.682837936418531
2716,2.6675015063464107
2717,292.2637059547638
2718,3.5265448034217797
2719,3.174776283507671
2720,6.762460505652229
2721,6.197682337533353
2722,4.145893445907339
2723,217.22358012204774
2724,6.56453115019549
2725,30.944582793689005
2726,9.127863738932366
2727,317.44149718886877
2728,36.27162436690189
2729,186.0956579153106
2730,162.7525005167626
2731,175.75230844342508
2732,6.146212719625323
2733,215.29202230220974
2734,119.7793586071752
2735,89.00811934791292
2736,84.92960874087223
2737,167.17509264016172
2738,140.9827965461689
2739,115.27380495632224
2740,5.478994201974685
2741,55.39527623757148
2742,1.5084562913526587
2743,28.352086150454728
2744,-8.43280586874877
2745,4.484312856018455
2746,208.52070838129117
2747,175.8766374436847
2748,2.6342929499410435
2749,5.366872458969412
2750,217.3929747315383
2751,259.3609802002328
2752,2.721524554083077
2753,119.93471267788337
2754,0.45088023490483303
2755,38.966792285444
2756,283.35319583359274
2757,5.912238933803584
2758,266.81197191502247
2759,42.16773150298293
2760,192.37135207207473
2761,6.515402115294069
2762,3.917997348645785
2763,112.78190364331527
2764,4.742607079316723
2765,125.57003495986785
2766,2.0020995702231255
2767,269.2370907389698
2768,4.644209096406339
2769,2.5395526071043153
2770,226.03883231309618
2771,167.4029726358888
2772,6.990083276609878
2773,3.242122269536658
2774,4.4144142796851815
2775,5.687487479662083
2776,4.1125178618028135
2777,262.1957145448267
2778,31.7759448476681
2779,2.1052691986073584
2780,2.7043323209858228
2781,247.99979834456514
2782,219.10059348400557
2783,6.135355260407651
2784,9.026546838153893
2785,5.73330296580354
2786,3.6357589239404686
2787,44.288419440306825
2788,5.9911771986196465
2789,173.35170396916226
2790,207.71875889643422
2791,76.94309520180684
2792,165.79396708649358
2793,169.91923449039112
2794,185.75947158417907
2795,47.472791665898214
2796,241.30970736038574
2797,100.5180803088457
2798,34.83931410970075
2799,25.832103378454846
2800,5.261071818135675
2801,4.216776479024154
2802,3.2973148283249882
2803,11.996504532270675
2804,3.8287408180875375
2805,49.875387456850106
2806,7.197379888438959
2807,29.094667798821213
2808,90.90953687998842
2809,6.379464615258442
2810,5.431445669415943
2811,160.30979493443022
2812,6.019169216722094
2813,7.962256152912316
2814,5.941341826940439
2815,278.21705152212337
2816,65.72167153658691
2817,267.3926388871031
2818,109.27397971818958
2819,43.85919346544632
2820,144.077833057884
2821,44.410938764651306
2822,6.105065033846601
2823,48.821663421545374
2824,249.4638423578631
2825,152.8273764515178
2826,-60.26240376270332
2827,6.281140430432819
2828,5.576394935902296
2829,4.69092387786322
2830,6.134417826402558
2831,6.139616939703011
2832,6.176279861520748
2833,136.2168111675992
2834,3.9397844805294158
2835,3.3406818707569714
2836,3.421461816827927
2837,3.4296965889484756
2838,5.805694242635326
2839,1.9664432928826772
2840,58.69989644615288
2841,45.58395748690667
2842,283.4881368202495
2843,6.056658558201774
2844,174.55341243824233
2845,289.8663260346963
2846,3.420012812315886
2847,82.54988114912194
2848,-16.43592620234336
2849,-45.31690211793513
2850,6.604755732381961
2851,6.929348488347879
2852,-41.31139605370819
2853,147.05819967702286
2854,2.2902867635818267
2855,66.20852584990459
2856,5.918694411238995
2857,47.53212253603328
2858,233.6106985041463
2859,1.4276177957350247
2860,144.74985136498822
2861,288.0788478376803
2862,272.16837687381627
2863,2.973675028241998
2864,281.39244928349257
2865,237.39950876755418
2866,2.1311272511139485
2867,2.3445188758176374
2868,72.83462471492973
2869,54.0166205660113
2870,194.2284541222467
2871,6.192680634063414
2872,255.7058863869666
2873,4.800395608318775
2874,15.579519066022431
2875,4.364694700756846
2876,-31.75009747098568
2877,279.21566358909234
2878,-64.39042757797776
2879,5.066399456741084
2880,229.04185463501318
2881,5.98673220971653
2882,6.188690852937798
2883,4.182091229844376
2884,6.70221603318114
2885,201.30998490422888
2886,247.7370383779903
2887,5.884586322539625
2888,2.065562797227505
2889,6.380691934024721
2890,2.6669660508144197
2891,-48.22890867992144
2892,147.48099134431192
2893,-5.834700586501807
2894,53.768257696455905
2895,4.973799881779512
2896,2.4647908641219574
2897,5.285809777258699
2898,107.32293856218323
2899,31.698527985978558
2900,3.128209593508136
2901,27.957589445589072
2902,236.7507548744832
2903,275.8112978621965
2904,4.157370653876031
2905,4.205180057497124
2906,28.62601949378631
2907,3.930732571914235
2908,3.6802398443604485
2909,2.04167093955009
2910,110.9815440210547
2911,3.81569411221494
2912,2.039744285173877
2913,6.3695964236008535
2914,-3.9136889910769206
2915,7.8999457250117135
2916,245.55932637687727
2917,176.12336479324648
2918,3.679434913988408
2919,351.333009249523
2920,191.27338022242674
2921,5.531426502675545
2922,4.034630951795366
2923,229.7390716551886
2924,5.353693280141902
2925,4.870505209156299
2926,5.989037588173678
2927,13.365846173265137
2928,6.448093575674355
2929,171.73827583579845
2930,271.6376358008016
2931,2.44997964619938
2932,5.438293471245451
2933,-17.40157498710844
2934,102.30010600412406
2935,-6.601643299507822
2936,-58.261295027449165
2937,5.91571155137437
2938,18.972655978216288
2939,2.9931878388347974
2940,187.5154770184923
2941,64.26950127240276
2942,97.29948686515829
2943,6.276470798366303
2944,6.527372401093066
2945,5.661485582412457
2946,6.254043561693992
2947,-51.55920525032934
2948,2.431928741580648
2949,6.670629383288475
2950,2.9179422241424597
2951,152.05939956564998
2952,142.7827285557894
2953,6.817792627964832
2954,1.8531309991858016
2955,15.817890782821447
2956,6.5888722613188175
2957,119.9892153329681
2958,5.243941358052021
2959,184.90976706780708
2960,6.640699681728583
2961,157.50006560182828
2962,3.7784043974610495
2963,4.083151904237064
2964,230.99780048682857
2965,186.91351743594004
2966,4.4418029287000795
2967,3.517341887500391
2968,158.9319775756444
2969,-75.84271973079504
2970,1.9754729513815064
2971,220.36333241844665
2972,6.449873444921333
2973,216.42453988643246
2974,258.9226203734495
2975,4.463702826902586
2976,42.482263191990526
2977,37.93265965220384
2978,4.230435793380423
2979,4.520614480501786
2980,310.59928559591623
2981,301.5983427727059
2982,145.14025913852933
2983,125.69723683635891
2984,284.41820627626555
2985,121.27171639627977
2986,306.58487578095713
2987,225.7143324901892
2988,146.31070488060453
2989,74.56992873875001
2990,34.40548966472558
2991,7.256424242327082
2992,2.87622298501621
2993,5.548762446415751
2994,66.00942231968017
2995,0.9252238944755782
2996,3.8414597204277303
2997,3.1875849309694058
2998,128.27715224168327
2999,130.61050291746088
3000,75.93402595029403
3001,3.0182609190568774
3002,292.9081737805162
3003,4.402864741065432
3004,282.6887329993957
3005,109.25492112639927
3006,96.28993237990392
3007,6.3654178307728095
3008,2.9318780607101997
3009,40.40684165722122
3010,4.198244077367786
3011,83.73319279159259
3012,5.308648044226212
3013,196.2510471931531
3014,6.4386354682858205
3015,3.4599365938208786
3016,5.857452310060852
3017,6.534805009666109
3018,4.470599296488899
3019,228.54759069368552
3020,3.46097644218426
3021,218.93849443557122
3022,266.0430206044638
3023,2.8702199528977297
3024,85.52968405277767
3025,239.0604919472934
3026,160.50719590464058
3027,6.132038417676881
3028,5.371140002162437
3029,-27.831431320990845
3030,-44.0424051779231
3031,6.197415398360388
3032,6.406336255439701
3033,4.880322175044766
3034,120.91794738270355
3035,148.67098886906345
3036,221.9003899384445
3037,5.9227582251364765
3038,2.226033873785111
3039,-23.7620593134342
3040,207.6311250982517
3041,4.886034159745648
3042,-2.40064653188601
3043,5.786173371621793
3044,230.35320310661848
3045,165.65512871568595
3046,4.48021958735339
3047,3.9721608136998534
3048,50.41588254240666
3049,5.966410317831213
3050,269.3463950345456
3051,95.50148653701177
3052,6.532407452660774
3053,3.981330451048568
3054,115.40612094756955
3055,187.03243977492713
3056,59.64258270562937
3057,3.181203739152017
3058,103.84805833901333
3059,1.835883885336663
3060,255.33305943023814
3061,5.092860927045487
3062,227.49871416253671
3063,120.77821435967067
3064,234.2492309882834
3065,256.09371611286815
3066,139.0520421430668
3067,22.137548098484693
3068,5.692637084670011
3069,6.026592044406319
3070,3.7417269758778406
3071,6.263202993106539
3072,198.7988052249015
3073,125.68049071801212
3074,6.290032425957341
3075,5.920518268149442
3076,156.31665312157918
3077,-3.551813662106901
3078,63.58604582979305
3079,5.694117573075106
3080,3.184467561942764
3081,35.70147673910768
3082,96.14025277424358
3083,141.39100155550804
3084,1.3868783524298736
3085,5.546641055287308
3086,205.80621561316036
3087,3.0358526616637316
3088,111.70885052162166
3089,3.362489953397403
3090,296.93608774403845
3091,191.5797468388693
3092,98.83918545676254
3093,4.309264201100831
3094,192.7947570039174
3095,257.93188365871697
3096,148.15990791229382
3097,4.743421124887289
3098,6.1601216369111835
3099,20.41813345170889
3100,84.43781455745406
3101,3.858147476928858
3102,2.4361169860775487
3103,3.182338046174731
3104,36.620382020615246
3105,-6.806071427740242
3106,40.36894925468923
3107,1.4052140496932588
3108,2.715781574690042
3109,5.462857047767659
3110,256.7868773659935
3111,2.447966473871492
3112,224.43837372676722
3113,5.442946569680386
3114,-7.861508764541779
3115,269.0014392932427
3116,108.29902241104597
3117,-53.01354409503375
3118,255.63230322629659
3119,4.597209628120378
3120,42.810096558923846
3121,32.576526992428235
3122,130.66331735031002
3123,3.9302179154929275
3124,2.5882391210229074
3125,3.643682684957531
3126,226.34819894665156
3127,277.40621705643844
3128,39.701100436609586
3129,357.79807164156114
3130,2.090348439611486
3131,105.40446501414235
3132,191.64022712264023
3133,136.10164550986588
3134,237.30804854518442
3135,1.6836205416934822
3136,313.22591624370364
3137,2.9584296277742634
3138,156.66449633172599
3139,5.982426278102006
3140,2.3019461280215547
3141,44.83653414562643
3142,3.1753976940291095
3143,110.55768738236137
3144,259.3487004862062
3145,5.110614068052083
3146,285.71013742343996
3147,109.66491695880339
3148,95.29369766067865
3149,-18.203286037675745
3150,1.6626967603846345
3151,247.92789623454354
3152,7.1532172394733164
3153,238.65753214042803
3154,196.5889846145613
3155,56.01817967275733
3156,53.84991962631317
3157,4.934818964820934
3158,282.66360808346815
3159,124.08534298982488
3160,271.4456591128663
3161,-34.62081188219665
3162,3.359632964880604
3163,184.01522456631824
3164,2.9267881260562523
3165,-4.209952442241001
3166,32.937681219159245
3167,6.551300461886539
3168,5.5162120526936445
3169,3.592564004148278
3170,220.00848401820184
3171,3.2858649923886287
3172,228.45891115181
3173,285.5202996982387
3174,63.199194713640246
3175,-53.6540068876541
3176,3.590131570907312
3177,3.3257747371482838
3178,201.2387570639372
3179,6.3707038516581385
3180,317.55716666152165
3181,192.00064307461423
3182,283.2852090614672
3183,5.938747726832675
3184,83.10732681750275
3185,6.660769518540251
3186,162.72732981126313
3187,286.6610085006223
3188,-62.6562876148057
3189,236.0590352063204
3190,4.318619697600731
3191,249.25893390632118
3192,63.36787639570788
3193,6.331807952514028
3194,4.720272725975208
3195,5.924895467695592
3196,138.32657728021306
3197,5.428754823662256
3198,177.2475486757492
3199,182.57874885152887
3200,2.0739170633705206
3201,321.6428558415437
3202,4.602518928470998
3203,4.868020445608961
3204,-2.062835269092952
3205,6.542359778124361
3206,280.43896068590504
3207,5.878306956346597
3208,192.91064982007356
3209,-30.151333457736747
3210,7.584471768210271
3211,198.6973737723241
3212,215.73859126635017
3213,2.922104616554683
3214,264.65143071116626
3215,3.264443817462695
3216,5.9536754387616995
3217,117.86101227541542
3218,297.9124555881079
3219,74.30526256738138
3220,66.10232376379513
3221,74.68596916575484
3222,239.4318271484676
3223,343.2850334178054
3224,-64.18953868878512
3225,151.38356965989436
3226,6.020912495825341
3227,5.909393404785452
3228,9.60970971499138
3229,297.02703870679426
3230,230.10646424804625
3231,6.443574874422852
3232,4.841471641583117
3233,5.790856642284902
3234,4.184234495838219
3235,102.70880846984966
3236,143.2150303991799
3237,8.291557268334834
3238,309.0750791731021
3239,6.525949533154541
3240,64.01016511829876
3241,19.416136447661316
3242,2.481896850702034
3243,35.114845703425615
3244,217.79886285155376
3245,5.405340735293575
3246,256.0044852831631
3247,6.260108869596678
3248,48.71971184352364
3249,-10.223698425656867
3250,221.2790784806961
3251,225.45516041354048
3252,118.7165143309827
3253,53.06039221037541
3254,158.39077196051656
3255,6.4968456534656145
3256,6.3581183907519385
3257,37.237462078880945
3258,2.3587621752752685
3259,53.13243693903358
3260,5.8225035207639975
3261,103.5336199459563
3262,319.6164624026033
3263,1.9646765039318175
3264,3.5448144823775367
3265,155.75154311272314
3266,3.7566983141723007
3267,6.673621043628652
3268,3.27593226327231
3269,4.561446814600455
3270,46.616626459982115
3271,224.4037256718491
3272,2.2861848011327766
3273,187.43682566039078
3274,209.90268352785912
3275,142.44241136928417
3276,66.39631631929917
3277,5.617725984251763
3278,6.423159585886648
3279,3.2350899127851465
3280,181.9699853331437
3281,278.4932083469589
3282,2.7061887714390895
3283,378.2239915110777
3284,331.8363221663431
3285,94.15620518536633
3286,3.0585934093680924
3287,39.08594681335785
3288,55.58506416618401
3289,1.853490148446181
3290,64.53253339536901
3291,260.60796011963225
3292,3.028710083908846
3293,53.36300079103725
3294,213.0684063406677
3295,130.69915149873236
3296,30.281656349184686
3297,199.396772106787
3298,2.383224866474661
3299,250.8868595070551
3300,3.3080143715719514
3301,207.25098936808502
3302,208.2450440993136
3303,-7.42188442592758
3304,249.08585157228265
3305,5.3259639369028315
3306,4.611179893359094
3307,189.47826588135473
3308,3.024331889103116
3309,6.447733425647286
3310,-37.49369544074419
3311,2.2366804337824293
3312,3.927523152656401
3313,2.439097286762086
3314,6.035371097554551
3315,4.809407589045257
3316,313.28470117896927
3317,302.6494546171043
3318,44.06717845279077
3319,1.9258049047253496
3320,2.2857217149513875
3321,5.254845498656614
3322,134.0521421478962
3323,4.361094791007753
3324,3.6475683695528556
3325,335.31642532944556
3326,82.57746311444333
3327,-52.19866662789709
3328,6.453665114134887
3329,1.8420404524979315
3330,187.88767049824446
3331,113.54663560969692
3332,3.252538355206588
3333,235.0455419850025
3334,106.48894082195406
3335,3.31051670586902
3336,4.436414940061107
3337,2.593026922379061
3338,1.7448570786210296
3339,-6.099329548072209
3340,31.22972083177332
3341,51.37850480400418
3342,201.8178010701169
3343,140.91565400741223
3344,3.562863540368951
3345,251.3787215508355
3346,294.9782508932283
3347,180.2944179354713
3348,78.10969525459035
3349,5.53997582245116
3350,3.785849734124586
3351,2.5247641355267456
3352,1.8672077706374326
3353,177.3643435792817
3354,73.7796379661229
3355,3.0065893906261367
3356,314.51525880525367
3357,3.668644186585237
3358,242.7355271759529
3359,69.6556142644811
3360,153.04230940128448
3361,3.0306892060422115
3362,2.8202267426281313
3363,2.776707472746476
3364,25.69541509700277
3365,109.19683282071203
3366,-4.816996882861221
3367,4.087492523630534
3368,68.77369746792834
3369,4.579845374995116
3370,69.52746486463103
3371,-5.073980175762045
3372,206.95501004645018
3373,46.79042806433118
3374,319.1491453354454
3375,2.481924252415239
3376,2.552899888273559
3377,104.5666745378036
3378,5.587025351545202
3379,9.881240774661697
3380,316.7365614990006
3381,6.6322137194599975
3382,83.74257244408145
3383,6.40478803630954
3384,22.460708108788147
3385,4.061810307478929
3386,51.92359181229099
3387,2.1362123774311486
3388,182.6574874959394
3389,215.93427696769442
3390,2.440815608611613
3391,5.7586453091577905
3392,5.063783277282303
3393,184.7782607112504
3394,130.6689406715185
3395,5.23434501807834
3396,5.506212525407523
3397,147.26778755665936
3398,2.0955732118837247
3399,197.5004499092657
3400,161.32794279832123
3401,5.256692566096255
3402,1.330241543344782
3403,84.87184217966653
3404,93.08740450609463
3405,172.7279058094337
3406,175.2104832484192
3407,4.3394413145008
3408,63.156248798570324
3409,107.28943420585222
3410,5.739286968308034
3411,4.961310297122306
3412,51.25227381303908
3413,2.145755718109807
3414,6.6185861376893005
3415,118.54331441210032
3416,60.63134277704435
3417,202.30655167860687
3418,169.56244387708296
3419,-14.208596499500903
3420,23.559999774708118
3421,-67.06617932512958
3422,170.67245809324174
3423,2.003219950280748
3424,3.245111332179017
3425,3.3029596295063843
3426,3.5717148641047727
3427,57.34497576043073
3428,2.456584214708041
3429,323.08483612224165
3430,315.34912038778805
3431,107.10545924868114
3432,5.9678402019541625
3433,88.16031096353359
3434,1.8793253112530977
3435,309.3162570633295
3436,212.28666622499566
3437,3.3215734947568736
3438,31.642482361657684
3439,279.9131929835663
3440,6.611871717378305
3441,4.873331434842174
3442,225.7104934061489
3443,5.090065982688418
3444,206.66331756467793
3445,3.813727323901053
3446,5.769487313215967
3447,260.99692813288436
3448,5.357127502494624
3449,5.551652156560186
3450,94.71038982008636
3451,201.11146507251186
3452,2.1531130622171064
3453,2.6920541607789827
3454,20.999569942154093
3455,4.109859560285473
3456,5.196842940566407
3457,3.8457994504459516
3458,6.22771260415292
3459,165.17753303729558
3460,-48.8454467461914
3461,2.5690002837276387
3462,44.52389370053079
3463,224.20634055762403
3464,4.694705324442376
3465,2.656263211565052
3466,5.742796714631659
3467,113.84953135922356
3468,36.252257736950966
3469,312.1143274168609
3470,146.14135919902327
3471,19.51981122744137
3472,279.51011044561517
3473,6.212326237344428
3474,3.5654582914325728
3475,4.73108546336806
3476,34.71616358085524
3477,3.601985193303964
3478,6.654426835180413
3479,2.7148686692976542
3480,112.24143917417041
3481,116.43041723505948
3482,93.09936171649449
3483,63.84802625263249
3484,182.002938592622
3485,2.451753163199496
3486,226.2158898415856
3487,5.833670071314042
3488,4.575069238948675
3489,3.5015658590540184
3490,6.187407703731316
3491,3.3050137989654917
3492,2.283669263149859
3493,308.2833351047447
3494,165.89643657725938
3495,6.341193450767973
3496,46.84917665279087
3497,4.533233356469344
3498,6.633518683246809
3499,-20.20150254025058
3500,70.6612030403955
3501,284.59598777349174
3502,6.069960412248175
3503,3.0296382960841015
3504,120.7488972017453
3505,136.29032951547393
3506,97.88611187610655
3507,6.286728187219011
3508,3.0162142636081803
3509,3.2734708214016974
3510,276.2636721016996
3511,2.0032639031183024
3512,70.08650746280566
3513,100.95883196823677
3514,3.4646179280360867
3515,75.74548040987784
3516,3.5553426209466275
3517,191.0956148212504
3518,4.456136625372449
3519,234.76590275744311
3520,298.05431561771394
3521,1.881911192671469
3522,60.2629399781474
3523,4.6478765318771895
3524,6.680404099957489
3525,5.269698697800056
3526,42.31218984125623
3527,1.6677258199519442
3528,283.82922555200037
3529,204.16621068997253
3530,2.4645256394813813
3531,76.55865023866717
3532,273.96475798313526
3533,41.659664013567436
3534,7.876094556305574
3535,83.49789101750792
3536,3.4814303242942444
3537,64.9544012847339
3538,6.994295209893336
3539,-2.6210326391915046
3540,168.32805106588404
3541,-60.36228344646108
3542,2.4876987445259324
3543,199.95887948766745
3544,42.00618124801555
3545,2.477660402172667
3546,5.314567938935529
3547,169.08656323055737
3548,5.459429315524139
3549,1.7489173312911772
3550,4.432392527887091
3551,4.099138224454733
3552,5.710358923087911
3553,5.849660789096893
3554,164.3053676105687
3555,3.8479276658805515
3556,1.9150840468324495
3557,121.29668803023235
3558,5.137837640192832
3559,95.50442085536062
3560,67.54259705464561
3561,6.263051264449276
3562,28.237403589021575
3563,-48.62106375816886
3564,5.830795751273687
3565,4.9322364758157144
3566,180.31998201491
3567,1.9771631348401317
3568,226.39465580527974
3569,163.66480376366002
3570,44.22732277315009
3571,198.9019314401981
3572,1.9851247311347409
3573,6.084796037171445
3574,5.752099780745281
3575,2.162563637247789
3576,5.287710076702022
3577,6.229929410920801
3578,90.49513912616061
3579,2.0826620142649936
3580,69.59184116164289
3581,243.0186901290876
3582,75.7604340433355
3583,46.45538374388116
3584,6.8085940666693165
3585,30.61956829503602
3586,5.779099672506226
3587,34.842786496824885
3588,3.0670861340110536
3589,229.44233687138262
3590,3.1434248495548758
3591,3.2726824021141634
3592,178.69307861439933
3593,3.688733408524755
3594,18.319011384315978
3595,6.671717284177075
3596,32.98789843165876
3597,311.4176819391091
3598,85.15710706273009
3599,92.07996129166163
3600,2.608287217363588
3601,299.6955244434457
3602,25.239578449835488
3603,5.160093220268564
3604,3.0045703557498955
3605,183.02779347934774
3606,2.118615042413949
3607,3.7567368196175464
3608,280.13951489891224
3609,211.8359044957745
3610,65.3807884280122
3611,5.22620536012035
3612,256.72889811547043
3613,6.434302317712408
3614,4.7571453769899605
3615,6.475805777130387
3616,53.8628528369468
3617,5.0223911015589024
3618,2.7928754704983594
3619,-54.45664720004784
3620,-18.55782107678066
3621,66.3863415664876
3622,5.397101358277704
3623,265.88989636293957
3624,-13.096281381884689
3625,103.49010909281458
3626,27.957350297896816
3627,34.66907632295481
3628,6.389202764202327
3629,52.3301284671104
3630,251.81401269979665
3631,285.56909093665104
3632,251.34561235989662
3633,264.17287432143235
3634,116.87927462471959
3635,119.17341053160482
3636,4.346354073095438
3637,46.57500201684135
3638,75.2199219103691
3639,5.02528547124245
3640,333.64653382968214
3641,222.11137705075964
3642,158.418090449705
3643,185.54197290368876
3644,6.5284071741434495
3645,118.60337377166752
3646,2.507336062118082
3647,5.819700000223732
3648,242.1759702366229
3649,21.51655646166518
3650,3.2431981776982193
3651,194.43343395538153
3652,48.65157691181912
3653,-5.327318826279242
3654,74.47153998633304
3655,2.0857298257654957
3656,139.33154383787075
3657,5.858888039885809
3658,7.769850107007112
3659,4.643588408750623
3660,5.823673517855267
3661,40.523410665938755
3662,2.1169939865145597
3663,5.6628708436637165
3664,115.35210992135114
3665,4.7353285133868805
3666,279.05676915285005
3667,245.4415574521853
3668,260.22787219004164
3669,223.271308556929
3670,6.5365617157669815
3671,6.3578977377139445
3672,219.503493268138
3673,5.075047494372191
3674,284.1287797012709
3675,151.53036631301057
3676,50.987434652743445
3677,31.310897666051865
3678,-4.925883312376701
3679,4.527376661330911
3680,3.4679403242607827
3681,150.29518532536204
3682,76.68347502602927
3683,150.18592257848346
3684,28.584197479862954
3685,146.44925156422977
3686,277.13902034954293
3687,105.91216395326606
3688,277.5162803118975
3689,2.4033315157741124
3690,203.60792405300236
3691,212.14212447428963
3692,285.60889943161885
3693,275.72957590040284
3694,1.5697862277584682
3695,247.43030117926793
3696,210.94153683677678
3697,0.9006379441030572
3698,-31.695874157636318
3699,4.3044625586149206
3700,5.5725396744867375
3701,352.9600903637146
3702,3.8389599031522907
3703,3.9736628010579924
3704,6.139614790754698
3705,1.3653279579950703
3706,57.661077666214354
3707,4.148768214028254
3708,107.63306751152817
3709,3.215556975677563
3710,6.694938948596761
3711,340.9029552923687
3712,99.32500256053083
3713,5.484079299776145
3714,329.4182220728352
3715,2.359850056893753
3716,1.98514786948225
3717,152.99925284262696
3718,70.03190479421343
3719,165.36826160576555
3720,155.5736094682141
3721,2.7336046584706697
3722,3.942048139932873
3723,3.3761673707648487
3724,1.8905397678404339
3725,67.65981883861784
3726,1.7790173982219197
3727,224.28920004715994
3728,57.29244901931095
3729,-30.68468727058675
3730,145.3875897137481
3731,79.2938531212022
3732,3.5962631483329277
3733,-25.665579870369015
3734,3.008044381566477
3735,2.351601853861605
3736,-8.026901642260764
3737,6.254539013845231
3738,192.66923024389564
3739,-40.22608856903483
3740,236.6917966585259
3741,35.253534105468255
3742,263.46477303057816
3743,2.3428039150144957
3744,78.30276886587775
3745,-10.62654926773325
3746,5.016739987960781
3747,4.961665838746654
3748,191.60916866683328
3749,66.18002610857106
3750,1.5949998544932726
3751,224.71290583089984
3752,77.03107547084059
3753,4.814620434459531
3754,3.6158346673124386
3755,0.3086649511009356
3756,5.544274336376553
3757,37.23221931635838
3758,6.063384906073418
3759,47.31693533969009
3760,1.9412868137108683
3761,6.558994101644437
3762,6.341135512240015
3763,117.8955263215507
3764,172.82864233576802
3765,356.29989458346074
3766,6.633398801960332
3767,283.5854119801172
3768,70.42275099407051
3769,1.672639186393255
3770,139.44632501507772
3771,3.8109562661245997
3772,188.833288449473
3773,245.2222777553885
3774,2.4781129876602304
3775,4.093883586458002
3776,248.6340103262048
3777,6.100146625472592
3778,230.413258318696
3779,293.6856792735332
3780,6.133102455738765
3781,6.466386446868624
3782,2.069061917854021
3783,2.068901580184644
3784,5.524488704599634
3785,31.400608392163775
3786,95.6457781368903
3787,6.041102087149278
3788,6.631658281273506
3789,285.15412148187914
3790,6.963397745943372
3791,6.238029428371621
3792,3.816944912083151
3793,32.19860574380324
3794,-19.755990378294438
3795,194.42641349389942
3796,182.52304920750305
3797,4.797813145019683
3798,194.44468811330432
3799,-56.75838343144581
3800,241.73163545623817
3801,136.17776062159948
3802,138.49914862047356
3803,50.78927693421946
3804,55.056786335168994
3805,5.1147556705679555
3806,3.0256754804153845
3807,123.21873637062376
3808,3.8678054730209546
3809,-33.50034261295417
3810,2.8285470155687022
3811,4.393514862898163
3812,269.0639024391935
3813,3.5908604791958667
3814,288.93673848408116
3815,7.174716669833868
3816,3.4873019186826895
3817,49.78045179810574
3818,6.1839055324173335
3819,2.3657161464170273
3820,141.625495571416
3821,7.351784498939006
3822,5.523143818711577
3823,255.67246017876613
3824,5.197277165964483
3825,253.19148384238613
3826,6.042674738788648
3827,310.87304253181003
3828,308.306460187204
3829,6.644642449537633
3830,241.92302982124397
3831,68.25581131615209
3832,1.7841479586453728
3833,61.08081562535459
3834,22.716148808120536
3835,2.7691683967184666
3836,5.166300921631832
3837,6.766432684595811
3838,5.905602114141796
3839,245.4052869171656
3840,5.700224267258836
3841,123.06088019373337
3842,3.4491293367909694
3843,271.003153926065
3844,5.373575620723366
3845,5.562095780255351
3846,6.433420225990126
3847,72.08799540576265
3848,111.41577175248767
3849,190.1296295777079
3850,18.16735494435629
3851,110.82409396759958
3852,237.33975017348996
3853,5.523377582901636
3854,248.4406200340432
3855,1.9369886319715686
3856,58.18112261610778
3857,4.0182370342323495
3858,3.1732659976448905
3859,249.91490143186496
3860,6.278641248058874
3861,-59.7161884398889
3862,-8.477268009871977
3863,4.109921696659093
3864,2.911978637850761
3865,290.41208662357894
3866,4.086552184097479
3867,201.12229573243212
3868,4.808260285073134
3869,3.0308267947892853
3870,185.70057360314468
3871,44.44663831465428
3872,3.482218476959467
3873,25.049163987603812
3874,346.5930372473573
3875,276.3112725302994
3876,103.0456694710185
3877,-59.962378083494286
3878,210.4319062923778
3879,248.22594064774006
3880,6.6502972811587515
3881,4.156605524558206
3882,2.708211019150772
3883,205.30392430943334
3884,150.35782801979042
3885,6.431729160894456
3886,5.512717216947953
3887,6.198507662928423
3888,2.6764368516677606
3889,176.57179191116757
3890,1.6437141326983724
3891,2.752348769227753
3892,180.7852329387872
3893,2.626687592243141
3894,297.9429603027243
3895,-33.02808659387302
3896,31.808858141061613
3897,246.4917819940465
3898,191.53856874251144
3899,1.7516415426741692
3900,88.75389288267681
3901,108.36177075674999
3902,2.8874965493632776
3903,37.923147529520364
3904,52.09595412840519
3905,3.3872414145417147
3906,7.955158592596422
3907,199.999863193338
3908,146.83661086456019
3909,3.196236688068212
3910,3.822661718125417
3911,237.72172258749288
3912,4.821989975429746
3913,36.364389654595925
3914,285.6040914623019
3915,7.311160983890034
3916,5.84570720487322
3917,3.8452824334652123
3918,-42.392435830413035
3919,4.580105570021388
3920,30.64672568134523
3921,52.77214417717831
3922,7.221696573545136
3923,3.578001400654945
3924,356.6619048222397
3925,65.4268694469715
3926,1.9983995854885448
3927,249.34184566820235
3928,3.43462255451879
3929,5.131011914234337
3930,6.341953457415421
3931,218.96195085004803
3932,4.613474984096532
3933,2.666524243331799
3934,6.63329475980248
3935,221.46514774038948
3936,1.8150685628838574
3937,3.3609392674265437
3938,2.3415039396407993
3939,323.1255306173565
3940,6.080003343780813
3941,6.206235071381842
3942,5.442021918047042
3943,3.159337188368814
3944,6.888232834199217
3945,328.0283907176397
3946,190.56740351699534
3947,27.94433161309025
3948,150.15385012095533
3949,5.264753200887714
3950,249.04652879151934
3951,1.752768488893859
3952,111.10220076380563
3953,124.52705532820066
3954,2.3786933396270618
3955,6.17079276424186
3956,189.68072927742554
3957,55.46194099432164
3958,69.53550177619982
3959,231.16184933239805
3960,6.175569360376066
3961,6.035191914123633
3962,135.52909795353628
3963,5.870514213494467
3964,208.91713630872277
3965,6.152698976273371
3966,2.6458984563174237
3967,4.165410206999654
3968,194.69543103650665
3969,57.91319002306553
3970,2.3348933361142032
3971,3.418233947236712
3972,2.5997879605430194
3973,3.043458659116094
3974,44.38325086921549
3975,49.410489620504556
3976,3.36858783323851
3977,4.188321677524999
3978,3.6317464703580993
3979,120.74066487584238
3980,247.02420484907537
3981,254.44752181025672
3982,5.430048066310277
3983,3.4744114198049365
3984,364.484274529828
3985,229.69186459828927
3986,178.73632069315425
3987,90.50621930796852
3988,3.204727194616414
3989,13.52451837713797
3990,93.52142654748891
3991,255.22707150023973
3992,5.869667372501851
3993,6.167225223597485
3994,36.76206790717841
3995,121.90432942216066
3996,3.7801393945208606
3997,101.05567858493498
3998,2.4293707197361343
3999,277.33216825682774
4000,5.277110542972862
4001,4.247478113347188
4002,24.411478943403317
4003,171.66140745298543
4004,2.2519214915550685
4005,311.58998341791244
4006,69.36744198366874
4007,6.780437059707625
4008,3.3730086009924625
4009,5.818543442502001
4010,192.00193932146374
4011,3.3485827674537862
4012,6.349168040063123
4013,241.8864022495877
4014,5.867270512228705
4015,6.232628560163558
4016,68.06666537001556
4017,154.10705543259485
4018,120.20289205115108
4019,1.467775473077711
4020,1.9930230518430374
4021,132.3575724600321
4022,51.66655423355024
4023,3.6891560356465494
4024,112.74246895794045
4025,48.7952460681743
4026,47.86201296704435
4027,264.0973055281166
4028,101.68280895972481
4029,6.691140538092165
4030,2.575207101389045
4031,114.7406779568532
4032,85.75642447494607
4033,2.5313850277887937
4034,258.4240572982894
4035,107.14012702897121
4036,4.210071822170775
4037,3.605717158345514
4038,6.00881060366881
4039,5.8606573594493145
4040,108.46623186920917
4041,323.1885173525494
4042,62.498299063412986
4043,265.2414043047544
4044,4.42868128155396
4045,34.99780658262377
4046,5.851316423091623
4047,4.417450526427146
4048,280.142941171496
4049,125.87583162547271
4050,277.52280824139075
4051,61.05348702915467
4052,2.656590729925974
4053,3.942364841954256
4054,5.248106073040816
4055,4.352446123375012
4056,268.56860174555436
4057,6.875783453977663
4058,292.57218893570507
4059,19.984623008164114
4060,269.1587023378794
4061,102.02468162015037
4062,3.875732482847245
4063,2.1135989913538604
4064,221.26412845935124
4065,2.039225584814596
4066,99.43218651055729
4067,199.78917247909382
4068,166.38277131110718
4069,346.87994059370646
4070,2.777594372357535
4071,2.874478588525531
4072,1.8323190573373294
4073,3.3022071810464344
4074,4.28105262036901
4075,-31.046355916030592
4076,44.949409459303396
4077,4.800128868141391
4078,6.295810229131007
4079,7.200914839378617
4080,280.8560322463287
4081,4.848930579416061
4082,124.56385017899376
4083,4.173640472816687
4084,15.41574393405827
4085,24.079424638603435
4086,-6.228629928980165
4087,4.295304845727751
4088,4.929912989841876
4089,69.38920200410172
4090,141.33849472391412
4091,4.573031981187018
4092,73.84044883426954
4093,23.61976091679476
4094,5.014316807351971
4095,6.7685110962588855
4096,2.4103714578438384
4097,2.6128922089097597
4098,2.9719589395332817
4099,-39.76614382905237
4100,66.25445418726665
4101,5.731013277983546
4102,4.489303021017514
4103,67.05127552249749
4104,200.30528474878207
4105,5.693075832714381
4106,116.26117885800446
4107,87.34028561793293
4108,71.16417660100275
4109,234.64717705360317
4110,6.1577959376737805
4111,46.47089915314663
4112,78.9591176023593
4113,3.295515040353113
4114,5.121786562522987
4115,82.26969351599783
4116,89.96920420754691
4117,91.98757243541195
4118,290.5445748255671
4119,244.34526978663834
4120,231.93153210380424
4121,90.44701901655586
4122,-24.449420136129298
4123,2.2475342540005023
4124,139.75545220632517
4125,2.3118578314007254
4126,55.735780967414
4127,5.911744796703669
4128,1.7893768128491616
4129,6.210592082791007
4130,2.1311591551486124
4131,56.838358773419216
4132,6.084495766431114
4133,5.1942572128141515
4134,111.35757272677364
4135,30.558712909412577
4136,159.46430436690548
4137,324.3565597515993
4138,-8.843765272199288
4139,103.76135689848715
4140,59.9661878945699
4141,4.105802052731673
4142,106.36139573230287
4143,307.27718411698066
4144,71.56713713244295
4145,199.15103746914534
4146,75.83953732644983
4147,66.92403152363667
4148,289.89807504386005
4149,57.878937187656526
4150,35.04030531441146
4151,50.59275501522562
4152,117.81495383250943
4153,4.23760720139832
4154,345.0845841400705
4155,145.55922361774182
4156,3.4823095543152096
4157,20.80348204327445
4158,4.0484658379767025
4159,5.01737433617815
4160,145.41501374784104
4161,183.44526512720725
4162,6.271502501710151
4163,58.88632421313834
4164,182.2236341812506
4165,-10.339496524821797
4166,45.26570679681388
4167,100.59468429045674
4168,4.472739144650543
4169,2.446019067940942
4170,-4.65056954391979
4171,92.3228178866655
4172,4.374828598909142
4173,4.02354213521917
4174,63.6741888855632
4175,116.45258622078191
4176,2.020043103709178
4177,4.18793601717631
4178,11.534081025375398
4179,123.86911192225367
4180,161.74655819996553
4181,62.06759520695249
4182,62.61329982176886
4183,23.304144796572313
4184,193.09378000533968
4185,271.2723660394756
4186,2.536012363741042
4187,69.96865480351062
4188,4.268702288739618
4189,4.311539294087181
4190,113.99852214145177
4191,2.132103988434041
4192,47.84844660291935
4193,51.66801891401808
4194,5.908961430196606
4195,4.1982028962285245
4196,131.0614491934656
4197,6.415502039909846
4198,3.1740224760509306
4199,5.083207246905575
4200,299.34870952727897
4201,248.76916183741042
4202,173.9056751918954
4203,5.803282147179479
4204,107.70064401258267
4205,4.909962178901286
4206,7.703480036262383
4207,123.09775564002952
4208,156.38962636085478
4209,229.34695014012433
4210,-46.421574836201216
4211,2.088121575304567
4212,5.843870975089993
4213,-12.213358471330992
4214,7.319081464463433
4215,3.140813103152992
4216,1.5371734893807072
4217,3.2383996347837236
4218,5.866742465964503
4219,53.33368640808777
4220,68.66702551958298
4221,2.1752373064535324
4222,109.30256687917657
4223,2.9914459842866377
4224,6.314896589377744
4225,5.195062209931985
4226,285.84812266125573
4227,1.9454213668506886
4228,209.82365024469772
4229,115.95550035019745
4230,2.793713726481726
4231,2.816129563632045
4232,54.53956326827835
4233,3.205440549062965
4234,-7.7398286219944294
4235,69.97510121894285
4236,246.30534602671926
4237,174.20877258632243
4238,3.258638574065893
4239,77.93376243191432
4240,3.4255313265779814
4241,34.770058962136034
4242,231.45588337967678
4243,-45.60974384464276
4244,326.9606815148073
4245,5.075800098116785
4246,1.935556378244194
4247,3.893785365702989
4248,4.118146463097363
4249,-21.402097953913287
4250,0.3586254148632251
4251,292.32068507139707
4252,6.611199987935774
4253,6.107791950799561
4254,5.123877861189484
4255,-48.961733092994486
4256,-0.13230810216663125
4257,109.61002714932468
4258,2.3699706820551985
4259,1.5996534759678198
4260,85.12633603051944
4261,2.4183646713633395
4262,284.828921836926
4263,94.28815921736509
4264,2.6402747422344284
4265,45.146521193666274
4266,4.261408383805158
4267,6.299113066519814
4268,5.62655077638232
4269,209.140936512795
4270,169.76412725926372
4271,152.8949393300424
4272,4.5609530214334875
4273,8.065052130663316
4274,104.23470598598891
4275,6.68835402318167
4276,288.9093556995598
4277,235.7701276979599
4278,368.96868913159096
4279,311.48962951655096
4280,121.09111823752774
4281,88.29138915958725
4282,12.08929299167348
4283,6.339505771922961
4284,4.525821530058874
4285,108.67040092456077
4286,312.84035068211347
4287,1.7800675491379965
4288,207.98542016049288
4289,207.9281438320417
4290,176.34979841206797
4291,2.9222596344262612
4292,5.040343456972563
4293,7.559979623277432
4294,-29.49621327688012
4295,1.1301931502461993
4296,5.374530963114071
4297,6.537205532865584
4298,5.746711597695434
4299,59.670253751530154
4300,46.01177972492831
4301,0.8122257311147889
4302,97.61460871084685
4303,1.45640132591232
4304,-38.65569930109588
4305,3.683363979123448
4306,297.21321382292854
4307,2.7263691297443184
4308,16.391755501590282
4309,4.568780325917018
4310,2.931810031659111
4311,9.608722617875149
4312,300.5350421560713
4313,3.0112820236726163
4314,3.1718115010625896
4315,228.8556352398833
4316,1.389308804974816
4317,194.39279884024268
4318,6.11258171225737
4319,52.73128774212346
4320,99.87059384038267
4321,4.826572391561074
4322,295.6786926787605
4323,77.0691309933762
4324,3.3896740719031633
4325,6.7290986032795495
4326,3.3172682390095334
4327,103.37859725304553
4328,131.4727832985028
4329,196.1088192549645
4330,-9.948216832496367
4331,2.6495971270802077
4332,2.2309376324000523
4333,248.37379019372182
4334,3.2517614800976826
4335,3.53179532912801
4336,2.162354163131029
4337,5.8096569950924835
4338,-0.6430044262310075
4339,5.815362899613689
4340,-33.74000163355678
4341,63.03208042377506
4342,189.74982983051638
4343,170.57644603832716
4344,106.23802945777614
4345,5.883133171798834
4346,4.641911270297956
4347,179.82032964864703
4348,5.5730242123901785
4349,101.75336064610417
4350,-48.30688340378309
4351,115.89375449640679
4352,194.20434914673228
4353,5.174480122263508
4354,115.9809746740731
4355,122.86288684376743
4356,1.8991416701343369
4357,5.291870330702432
4358,322.6187231573755
4359,223.63625820906407
4360,3.542921967209953
4361,-2.9654429288758317
4362,1.1695080369673514
4363,3.844571800613295
4364,4.44020374612802
4365,1.6508800814042957
4366,3.467982247310263
4367,258.5621122040519
4368,-29.00143545671468
4369,81.36249940534631
4370,6.352874917796454
4371,198.90481244252393
4372,81.95958181141708
4373,326.9845695109283
4374,6.271869559837396
4375,226.31309070638082
4376,276.9651515834536
4377,5.471701321819245
4378,5.719797625204794
4379,168.35062606902454
4380,3.0185447024224312
4381,2.4160793906354012
4382,6.678875340623779
4383,28.482931439518147
4384,4.944237125439303
4385,198.21206129981675
4386,37.562993844860856
4387,288.3037636654518
4388,65.62298821850123
4389,6.686760176278966
4390,4.45187074626978
4391,3.8970006478393313
4392,2.4573163242362797
4393,86.706780477058
4394,76.44437176035088
4395,3.183259887045961
4396,18.212984191050285
4397,2.4570324275513817
4398,6.413396290529402
4399,3.7526325451993774
4400,255.2289676113066
4401,6.83110820161953
4402,241.0684064041381
4403,246.50163401495593
4404,239.74675942843547
4405,351.5720943589481
4406,47.16291896447867
4407,95.77116479874115
4408,6.357425626875639
4409,110.82861758249902
4410,-88.67532572849223
4411,2.7739654221863836
4412,273.7225449992546
4413,221.1568773735927
4414,3.751397110597235
4415,189.73255021386888
4416,66.63255279023655
4417,2.612898617075858
4418,231.92168064037207
4419,261.4248239892386
4420,360.1260816313418
4421,324.2089455833821
4422,9.82319142815921
4423,2.464090516409626
4424,50.29924590898634
4425,187.4563574832594
4426,5.456878090722238
4427,215.22400732651948
4428,6.496902519803175
4429,5.045613949435948
4430,5.209907163049126
4431,177.97490225461198
4432,3.8867946220827623
4433,3.8202701477598633
4434,100.86098116774582
4435,5.686027005961404
4436,6.487320101105439
4437,9.040745359619937
4438,80.40130533316022
4439,7.074863971858755
4440,272.82705107782226
4441,2.133818543020217
4442,280.9180447433084
4443,6.185345381250885
4444,279.9447694743693
4445,3.9206807314039054
4446,3.6899303378801704
4447,147.1564128178265
4448,5.184947510824015
4449,-16.287582072360436
4450,69.31937016344943
4451,103.47628585516432
4452,284.43099746986763
4453,248.65783529248142
4454,4.6095816004323735
4455,5.073671075974078
4456,204.2755000570674
4457,4.0576731750234
4458,6.796967003995279
4459,83.34048628400987
4460,0.7242320190257509
4461,84.56173434331109
4462,155.14601225810344
4463,45.56076667387473
4464,4.2998640726801
4465,98.7103362934551
4466,4.567954937367615
4467,-4.98189322575274
4468,1.7857977160284635
4469,2.1469406987749258
4470,4.836489689093071
4471,3.033043291892504
4472,257.483034318505
4473,3.1144074048919093
4474,253.00683112510325
4475,4.529819583698462
4476,94.96991477851233
4477,5.846650506843389
4478,3.9654728052840325
4479,143.47640665845194
4480,291.2183539313795
4481,3.718829127004428
4482,194.14090861941008
4483,68.13047506882856
4484,310.60434318466514
4485,204.25781820066845
4486,2.4613570855629368
4487,114.24695677831602
4488,53.77265667183706
4489,-44.46972575231232
4490,105.80808221789565
4491,5.3068317408645616
4492,262.20598019630734
4493,318.0224657993925
4494,-1.366148811602123
4495,2.640613292479498
4496,100.937232168783
4497,6.718065759509544
4498,194.43211837964114
4499,308.36939760446137
4500,163.4690046587826
4501,5.558105510818432
4502,5.927157602681501
4503,192.0618293020113
4504,10.111580555575959
4505,67.7882424269642
4506,2.977327741606998
4507,-5.614726956050642
4508,124.76358329931844
4509,40.618933525620676
4510,2.2461404424825866
4511,272.02049014949034
4512,57.62453544288318
4513,107.66595194123559
4514,2.916632347428693
4515,2.7261963919535557
4516,3.263840001870552
4517,4.891287050347849
4518,3.2454626402860765
4519,112.12267199235058
4520,53.37194071366234
4521,2.6411089280814455
4522,56.23690881044291
4523,6.695429127682938
4524,230.0288219446054
4525,19.644384131088714
4526,2.252362214121133
4527,118.42140308477892
4528,136.14348493638585
4529,99.89887091740769
4530,144.79028912950446
4531,3.9472927387700807
4532,4.068800947388256
4533,4.7070424919432154
4534,62.4208108992928
4535,5.8047468510938325
4536,1.8945733774972457
4537,1.8437779776666394
4538,6.3417449290248555
4539,284.48933154336316
4540,172.8913893643125
4541,3.323211807458044
4542,2.8128462030703205
4543,206.23543374064175
4544,34.65155872991851
4545,5.19233710356996
4546,30.356128953768074
4547,6.0383658669560845
4548,177.76573271543612
4549,4.717209931626834
4550,244.89818890217242
4551,27.233886497531664
4552,129.83240008776914
4553,123.66126119701586
4554,4.479263126841493
4555,192.02965354375976
4556,290.0670374499555
4557,5.145976655596688
4558,4.46321598222635
4559,72.14449018653183
4560,7.308831937809025
4561,5.26991846031765
4562,186.3234790952471
4563,45.54005002772606
4564,214.0179969128057
4565,72.22378894073154
4566,221.05406567609714
4567,274.7156184558486
4568,138.49545684324352
4569,4.635532815649539
4570,200.27504170458616
4571,264.25077378873283
4572,5.123072853073342
4573,2.9857031914591166
4574,1.854556286526609
4575,5.175372604636681
4576,146.95188095965412
4577,257.06144664354275
4578,55.87629140072687
4579,6.964502145538903
4580,0.7401571608201538
4581,346.4311871295559
4582,33.871614571995124
4583,1.4369449115155235
4584,271.11769757678013
4585,39.92318431011736
4586,6.641831243380922
4587,4.073263249794261
4588,1.4242234519373664
4589,4.282432711980504
4590,2.9726700079249753
4591,78.0069865022511
4592,5.411683040064876
4593,89.29516413294797
4594,-14.488873957365419
4595,2.832215088708022
4596,73.0855609552917
4597,146.40108148604753
4598,4.377414751002715
4599,-41.68773793220915
4600,84.50732610652773
4601,6.904475602896044
4602,5.328515143753339
4603,5.221032923876228
4604,68.86723083600378
4605,1.7963600305879923
4606,157.19322513132232
4607,49.10368152236661
4608,4.513632674681471
4609,216.3827240155032
4610,144.43911586409035
4611,101.07172533304251
4612,3.4723697841262564
4613,-61.499295676308584
4614,76.76966092440094
4615,-43.71012659201796
4616,4.800846513070487
4617,4.969878238870217
4618,3.9586342018945113
4619,6.212900595776473
4620,6.681846172391374
4621,69.89302200798359
4622,4.007380715899961
4623,6.288388623740499
4624,1.199494915304897
4625,89.39222746904126
4626,49.08190720773582
4627,5.6008909395272735
4628,5.838062129917102
4629,64.59373992675056
4630,5.471854921067568
4631,-9.209116809109107
4632,6.624221603231277
4633,221.43409095561105
4634,5.856525233397617
4635,6.01613131414862
4636,36.32974193407755
4637,6.912328351027197
4638,391.75865419564855
4639,274.10701377174854
4640,2.0702189269075912
4641,208.3548033440074
4642,121.87484923286169
4643,61.06397825208151
4644,67.9245924767362
4645,5.711174264547019
4646,46.83970225368232
4647,19.69575336125333
4648,200.0560060066084
4649,127.62723974679089
4650,122.66542739025537
4651,43.40686224834613
4652,4.594787920984609
4653,251.032820987626
4654,-4.747351404784287
4655,5.55548057030229
4656,2.481062927549437
4657,3.119815131252871
4658,6.252792516022207
4659,82.51872902279081
4660,2.8417598520729896
4661,2.632871609713486
4662,3.4251050773834377
4663,115.14401016065085
4664,5.878307008879683
4665,140.7799566986101
4666,241.12471072277228
4667,1.8331432943083388
4668,94.70375887917433
4669,255.88323185093614
4670,45.02268209480337
4671,1.9164989720636219
4672,0.7632652447978173
4673,69.61847709336689
4674,299.14562606759125
4675,1.7608435123021249
4676,134.9014746836177
4677,60.82115797201527
4678,5.51536105598292
4679,71.07891984044834
4680,4.099113564086135
4681,1.4975499434884942
4682,191.9765171851669
4683,138.06471084938548
4684,100.36700414886388
4685,242.8304793079156
4686,4.277556259793267
4687,209.97345250733008
4688,336.3683423989454
4689,78.28623813782801
4690,5.9673777772087035
4691,6.866516565019445
4692,4.2318810449777935
4693,104.15648632682917
4694,4.248287033270638
4695,371.7887735678153
4696,4.5431534088227545
4697,2.4624431851239574
4698,4.698610732568287
4699,4.082739399396815
4700,95.08872432366056
4701,5.204012838782136
4702,1.9970373226259037
4703,3.684322107150728
4704,5.100087733373925
4705,283.4516151841119
4706,3.389826294804177
4707,4.963599930358525
4708,3.2432424143560956
4709,76.64564674907643
4710,149.17448561431985
4711,6.275331341669288
4712,242.65807715593337
4713,3.616570725098825
4714,5.662834823219018
4715,76.25741184718034
4716,82.74694236586274
4717,7.341393304160832
4718,5.370730658057953
4719,191.99845109088736
4720,154.47810347838112
4721,6.192407127167386
4722,3.8227100444010573
4723,6.404604805155781
4724,70.15020964400537
4725,178.86057249605764
4726,3.519281944811535
4727,264.65479073562915
4728,243.1637611269157
4729,3.795928647390205
4730,175.9036813121483
4731,61.5060932957125
4732,-52.31337156731337
4733,5.50003570978066
4734,6.280007506570648
4735,5.280630603015759
4736,3.3453650935474326
4737,65.31885320364489
4738,-25.333075972336744
4739,187.97203697005722
4740,309.1937925162546
4741,5.099374733929271
4742,80.68734643030504
4743,5.351920014806623
4744,266.25870799997494
4745,39.51226198163202
4746,4.005109115065935
4747,2.9016412195768795
4748,3.1552823989943417
4749,5.618808426262822
4750,5.761791050097214
4751,3.699849778852066
4752,98.13372313345167
4753,155.17839990542342
4754,134.4533925597341
4755,3.972830600410625
4756,2.0182815943023398
4757,3.210856880913147
4758,80.2536955582708
4759,114.5052982904819
4760,5.084911106724606
4761,3.3872072056926377
4762,186.7648149166567
4763,213.88296605882937
4764,2.379827245035314
4765,335.905879766539
4766,25.404920806018403
4767,16.097424384233566
4768,26.085888528671262
4769,-30.447694857974824
4770,50.40679767867232
4771,31.852218932783074
4772,3.7316984904316395
4773,4.1942678372861
4774,138.668322594418
4775,2.4047308848563542
4776,2.500933595585398
4777,189.46068766626138
4778,5.080016428027207
4779,40.15080302759098
4780,1.434418030364756
4781,56.624734238001324
4782,4.875499006920952
4783,3.8817948189005165
4784,2.4616750472400026
4785,67.99381231744488
4786,69.05426140279062
4787,5.52885907987962
4788,3.696767089021908
4789,2.886715309154834
4790,127.28613051073098
4791,168.52041853346148
4792,4.439908554801196
4793,167.03711500899888
4794,59.299607055971116
4795,227.73154373381402
4796,3.3813962248662977
4797,140.61273548106382
4798,5.880944235428981
4799,4.0067198201840455
4800,353.08528400526086
4801,3.6698255510577056
4802,5.051697073715569
4803,275.37800421088946
4804,1.670669053382322
4805,227.68655820035934
4806,4.157431405523376
4807,3.262223394654824
4808,60.41759871296684
4809,116.26997612909967
4810,1.6495794966435362
4811,2.0761255320521075
4812,5.317901927459568
4813,261.3962810856482
4814,239.0656842212811
4815,2.8419918428663653
4816,2.722420356510334
4817,6.2140801834833255
4818,1.6997863750532574
4819,85.86406151376035
4820,2.7140285966226605
4821,189.522711128842
4822,123.80265950615876
4823,5.084529866776625
4824,3.0030317499939114
4825,267.1977641909572
4826,4.532806859031917
4827,6.096685122922123
4828,215.00911403719144
4829,119.6281570279844
4830,95.5434020095675
4831,215.54079987858515
4832,6.880767762808873
4833,3.666716711731472
4834,113.36737659388362
4835,3.7925803594358607
4836,6.522984507695771
4837,204.41128120280598
4838,34.139875823769
4839,305.386271072182
4840,2.447933833251399
4841,111.26399746988076
4842,30.457111582640596
4843,2.33379837136597
4844,3.698378571265631
4845,4.530312138676422
4846,7.102700683268791
4847,4.02054756351403
4848,2.396328205312164
4849,4.324343123117095
4850,6.689584032240945
4851,5.820809524384029
4852,105.61059756901193
4853,294.7871379298944
4854,2.7818389961487586
4855,3.234727435798656
4856,198.8642429438954
4857,247.52634656410032
4858,238.819406599647
4859,135.5223436546593
4860,247.22245683098726
4861,-15.262173687294329
4862,123.3436169012508
4863,6.957989301898962
4864,5.996949563109256
4865,1.910922826507402
4866,1.3418907878199933
4867,3.4355851741602352
4868,67.88595351788823
4869,0.9717536359947425
4870,141.1078482692216
4871,6.698066175960417
4872,2.3342714759600014
4873,288.20356996429666
4874,12.219995695462636
4875,3.353578315787728
4876,220.33589690349146
4877,6.319430756795072
4878,85.6425229495461
4879,69.50000256715748
4880,5.836287036092331
4881,6.239333767384208
4882,25.504915193917903
4883,1.8245236432457819
4884,134.36410183738906
4885,-53.578447066173325
4886,243.9991916381681
4887,5.1135275438494885
4888,296.4226441348113
4889,51.702409973878815
4890,217.45816403199075
4891,127.8477917842723
4892,2.034594793763474
4893,5.876505089253785
4894,103.19744534479372
4895,6.688694590506517
4896,5.843190944640394
4897,5.477298366248348
4898,-0.8493719446038526
4899,206.9801521456456
4900,2.204725374362543
4901,277.39593881681066
4902,4.068642190940935
4903,153.41490330715447
4904,375.69078592191437
4905,87.5073749935247
4906,154.49787563813584
4907,186.67240385535968
4908,4.427699137521603
4909,142.6568017883526
4910,151.25564428564064
4911,87.69160837524186
4912,5.583584093237091
4913,177.47181794627448
4914,186.1963272908843
4915,4.515434547725411
4916,4.63519682656621
4917,6.404440157001606
4918,2.5354378716338415
4919,-1.6901219107702872
4920,2.166534883565988
4921,-8.269388155059316
4922,169.9487557049797
4923,208.88218309213028
4924,5.927572411268303
4925,2.372670566169704
4926,1.4032328450478975
4927,5.2097984855046695
4928,3.099490822363052
4929,72.73529171625047
4930,100.44875020502572
4931,-27.635474932729934
4932,5.953073245466681
4933,241.40522360224415
4934,-51.35136144070037
4935,48.464355859456916
4936,254.46102117484696
4937,24.780606817025593
4938,76.5556528096869
4939,60.79005103581678
4940,3.880471476595315
