id,target
1,4.291859996341074
2,2.6653823079697787
3,314.71095780017595
4,-43.212969996719785
5,4.654167882190877
6,6.742183176579822
7,5.063193953553262
8,76.26218670667848
9,79.29087588518318
10,97.9256572887323
11,34.66635291437893
12,6.326012509918739
13,258.7147624636606
14,191.47623377833426
15,3.648756641536812
16,272.27639862023966
17,3.224894681410907
18,90.31282610502647
19,3.3644037619707188
20,6.569492652763621
21,-60.07232987219092
22,62.287876325075686
23,4.8130042659214505
24,2.498934297416272
25,40.453545191248246
26,91.24013868919647
27,1.383890291708104
28,163.12699796535472
29,43.822640915571114
30,3.2124475866218174
31,6.1914679914106525
32,29.44327503198238
33,44.17052170360889
34,3.8393210057669216
35,2.417106837989019
36,7.098543804077385
37,232.61207936538082
38,244.53695502592788
39,64.28369368030218
40,139.67815835690044
41,-43.446692580035084
42,3.407425746008318
43,5.733825622021848
44,4.5717862004259615
45,138.51464143864948
46,63.58243586852616
47,3.1769863271660412
48,-92.80933051712323
49,4.375870598378901
50,1.8231185126546319
51,268.79602235297295
52,3.219653384537591
53,2.3057766716934824
54,100.64360484117158
55,2.7779798173169103
56,4.328985022040647
57,5.724287493640925
58,170.74044263721237
59,239.92354235871292
60,6.805748075327733
61,2.3996806987912738
62,222.1560783783504
63,6.713442376890746
64,2.601179878054829
65,1.086359338001246
66,3.3995478165446107
67,5.169827560771255
68,197.5348636081189
69,111.11276096585894
70,2.545109553689028
71,2.586117918620794
72,2.0335646037726076
73,26.269684974841688
74,255.4143489865455
75,191.33256862676666
76,6.088735586761848
77,5.801494588167966
78,137.50901214368454
79,267.5931934380525
80,3.7782615145251337
81,54.5261209538241
82,4.705839591066734
83,184.7999160963791
84,53.78381222692507
85,-6.326413375677885
86,2.2589996856412022
87,67.71520006152682
88,187.7629804981698
89,6.065587151898876
90,5.172069044851141
91,49.57662255244466
92,20.36633431972033
93,33.26486443778853
94,4.617234328352924
95,4.013952161528131
96,3.2378365111343523
97,7.029008329400107
98,221.3780477868242
99,83.72987480212174
100,276.4525609970484
101,5.547024512529088
102,251.24941471653392
103,4.0655076111233175
104,6.595076844063382
105,149.4862471727037
106,-0.08745753500280173
107,286.7820309190881
108,2.4436800458888026
109,189.0401810803461
110,3.4216552011295867
111,63.92242658367461
112,2.070524238365203
113,206.79293583798398
114,6.595282622760061
115,5.153552662601163
116,384.81599567643354
117,197.6459785678463
118,176.17924406743293
119,233.11478302346637
120,315.3769176079628
121,138.13790438212018
122,3.4683960947894033
123,113.04514056409882
124,249.22477716465184
125,124.69561617436057
126,6.305530661668117
127,134.74725370395421
128,3.735202625004085
129,241.76426202554188
130,102.49304502313163
131,93.47660797569537
132,24.95172622115224
133,-43.42559426941056
134,334.1752941627752
135,6.221931780693707
136,2.030100073703934
137,127.80533177768595
138,5.836530406557488
139,209.1448905981547
140,298.1048368787115
141,76.51939238715853
142,10.629040868341319
143,52.97962834597031
144,13.523429462613024
145,6.689735393221145
146,177.872356615857
147,219.23443367930201
148,1.7318064458001818
149,170.50818864895928
150,72.898494210551
151,284.27546583140344
152,257.3430908921571
153,171.60053802826883
154,25.349438860295145
155,4.400711045147982
156,214.73481488899495
157,142.55707919384676
158,120.09108864370035
159,149.32906830288084
160,6.238179829745112
161,55.48013796270343
162,4.822623371932782
163,257.24397541436866
164,3.2215414473578208
165,37.58749141433292
166,214.23875467480778
167,309.4247286098012
168,7.233957948981558
169,1.8514069550616183
170,234.98142360545637
171,2.83611743026891
172,4.56396326656783
173,-42.1057375457934
174,3.704993895788686
175,5.655913055875454
176,142.4993950224593
177,78.4147235407174
178,311.1463931251999
179,143.85216317417104
180,223.28916051977166
181,6.630234811478778
182,2.0221387740100605
183,293.6856117082883
184,6.74106517537224
185,1.6164410272165333
186,3.5033068668550316
187,2.991286342921866
188,3.9456829006025833
189,83.60711094817562
190,4.450124879483997
191,2.0365989339019217
192,43.66114208816316
193,3.673708678119279
194,329.21567901587787
195,99.64509793219618
196,267.3287160812754
197,128.70494437335634
198,223.8578772290869
199,71.52724995974943
200,1.935471643679826
201,3.275515560051247
202,105.35395900650357
203,58.584063610845874
204,4.554104332933438
205,267.8609325315145
206,81.2906552542584
207,238.41636667649044
208,148.2143164181278
209,69.75804440649915
210,178.16503212080605
211,64.38133244808739
212,93.99644210725279
213,257.3086572333762
214,68.39556885127281
215,7.678368643244622
216,188.60777049572792
217,79.92512216728441
218,172.4005858520938
219,194.75681866752944
220,6.30689765822399
221,221.69116318960545
222,168.78714316461574
223,2.6904787122378266
224,182.2367485708988
225,264.9919167101989
226,222.28889973251117
227,67.76111166671524
228,266.4494727544874
229,255.23728395129888
230,0.925159157908769
231,218.07970903142444
232,57.824160055621455
233,55.601888853156744
234,237.5276364142187
235,120.85807858397045
236,2.156392545775641
237,6.169044111439198
238,52.83512010151788
239,6.289248968193547
240,189.6631245915951
241,306.0963285514946
242,228.22892985323318
243,4.498112194224333
244,3.224339658065703
245,48.30639649335507
246,129.31955622483335
247,129.01907863391304
248,6.670011168775348
249,5.84960189843087
250,67.72695861030606
251,74.41961575794608
252,199.56204772197694
253,7.848178177943995
254,179.27049626305356
255,-57.660019713187346
256,5.710650520914168
257,2.1051396972856056
258,82.05036484495646
259,263.22625069103054
260,2.431848218700869
261,5.344281022491657
262,6.352208155648249
263,-41.798547747269716
264,3.8018357159923895
265,3.635572349722555
266,2.024084837580249
267,3.918691870911845
268,1.6494173785573412
269,197.91357783973103
270,3.0419534326569613
271,148.58331593952343
272,99.31316523285751
273,4.700793604484372
274,4.600440982201278
275,319.9789059542912
276,179.91669917850228
277,225.99288988071638
278,-61.90273414557853
279,4.6298514184131685
280,191.56266091012844
281,5.274477967321042
282,173.21598522048993
283,213.87118632865733
284,132.12765986455727
285,246.61279943442457
286,141.02224628729624
287,231.48740072814016
288,6.377954584148281
289,112.43669900716654
290,4.841135500284157
291,99.0518632530198
292,4.27613852058927
293,69.76344336668564
294,116.1047557912183
295,5.6006832512365445
296,126.22267886095995
297,47.12140613183987
298,-34.13937781392575
299,218.28963958307827
300,5.929987247162053
301,4.5510490393660135
302,5.149019322851636
303,4.413572346280922
304,4.022888352891804
305,4.717999135726501
306,231.93236021923798
307,3.752172730860566
308,3.184061751245311
309,121.69226034547609
310,2.2347762780263976
311,2.194866963548356
312,3.8405465724886123
313,142.06912996966753
314,3.8776603786699013
315,0.5198938469183613
316,1.7009407907149365
317,4.318414853978206
318,3.9298571184570554
319,58.76744626251796
320,1.8392030575078708
321,6.512984969212662
322,3.5236131577735996
323,1.8336483104875034
324,2.657565865352762
325,4.295957005688974
326,5.011381345357963
327,47.53550405311543
328,4.5625845737663395
329,78.27234524042629
330,60.300560487889825
331,21.22844412026648
332,5.412309722369042
333,2.7714364680358274
334,6.735684626640959
335,152.48605660712144
336,3.7168121706761097
337,2.3845408339198237
338,137.28481795266498
339,55.298583428758256
340,291.1305600832204
341,123.66400570766712
342,76.99833205311407
343,3.7660085988773115
344,2.285537487341686
345,131.62258208991852
346,2.598646126226037
347,4.832471506317228
348,54.345114373780255
349,-45.34606327280122
350,101.24054767248504
351,243.75838973875358
352,28.076579139257625
353,1.346155212915237
354,5.938884910440477
355,315.3660042854036
356,220.10510105611863
357,3.1598400975238095
358,96.16646212715494
359,3.9358041016115486
360,139.15548964547443
361,4.916685653824578
362,5.379816692922229
363,10.08709410346925
364,4.441393162769642
365,5.441684249710074
366,73.3033669385825
367,4.673692079198075
368,249.94399166071676
369,5.127662002000404
370,-42.060003687910054
371,258.9760364163795
372,34.375572862561455
373,132.38685315992652
374,-9.033319421949567
375,119.86997510510072
376,2.605041401731497
377,3.175045774996342
378,3.810858933476278
379,3.349906395599997
380,0.8325737589039555
381,6.1834643917775605
382,6.288798206015183
383,131.5371344940067
384,1.7325556561772784
385,3.735378717066446
386,269.74513694959774
387,2.9139941480031846
388,3.638931239118927
389,47.72931878269789
390,4.97189886597962
391,166.73379186689874
392,6.4156842694167935
393,3.8931416336310654
394,304.73717172789094
395,206.13424769587854
396,3.1490266295162446
397,1.7552734038373956
398,6.7656045140650924
399,187.074393122539
400,244.28224434958753
401,1.6485787446875613
402,6.304300314225793
403,5.312722827409303
404,5.8073093558220314
405,10.800523571861579
406,7.318199364207432
407,-60.98731400193842
408,3.8923960531848616
409,3.666282622341675
410,3.713367592525916
411,2.386647811071594
412,-20.022794249744187
413,330.691633775727
414,5.824261334971169
415,40.27520698687346
416,3.2178728476018943
417,6.754241365039098
418,5.467941960719605
419,5.336999670330377
420,4.5517964187292925
421,158.63972267906308
422,177.343000668191
423,150.21702173861632
424,158.02863421262262
425,5.77857197134175
426,249.65833410135448
427,3.1835124716204444
428,202.50732475420966
429,2.9538359372274368
430,4.44285885651
431,267.9099065083079
432,150.49999090067092
433,10.94118387133119
434,6.035744837541176
435,52.010664813154634
436,263.1286544942156
437,204.92827064288366
438,170.5730812122451
439,5.820065233972311
440,258.1679770448011
441,212.287917164494
442,110.04574759551619
443,322.4509889893811
444,5.506281858910383
445,6.295890604118631
446,67.15043673993762
447,1.3150263850547603
448,6.289984391351172
449,312.34028614213304
450,271.9227222407044
451,152.7936212796552
452,226.32562124206555
453,1.8426459079466107
454,4.407883980960364
455,128.84219645101803
456,3.3085018999933733
457,4.971784500965841
458,262.1090455536503
459,75.7930292055594
460,26.422833654021957
461,112.68453684988582
462,5.994347435973831
463,202.90025721960683
464,5.060195422319865
465,145.6875419000732
466,81.34371003584445
467,2.10966863272869
468,5.603894924610945
469,22.35583022891433
470,34.43730176221126
471,1.8048415759664898
472,1.9210149094774636
473,54.83118281502752
474,6.412452056126549
475,96.62406074027955
476,6.1414975605335576
477,1.665773846571871
478,4.636972651203827
479,211.99578617908648
480,4.880359157857516
481,5.789612728076682
482,215.52846862066104
483,1.7509824421656874
484,207.77877602415847
485,114.69041455280328
486,4.491740191226581
487,2.5922261699527804
488,193.86766496376583
489,2.644066660036972
490,5.033501834946376
491,6.366200102768991
492,3.57472172724602
493,3.459400736815068
494,235.31249837382828
495,5.8099906955380805
496,165.34195425997126
497,6.077043420901912
498,5.768155919383219
499,5.69937920307151
500,3.7988363087414108
501,3.2870991751283385
502,315.8423014772447
503,119.52932321473935
504,20.539805100724124
505,1.762420328852182
506,6.511366499963722
507,331.839827805713
508,72.466934238894
509,275.3553127002301
510,4.3656274683488006
511,120.69552913866023
512,204.9105455548295
513,193.59410994962522
514,328.09171086861727
515,268.236604073663
516,222.96600042567746
517,284.61621056146294
518,7.104612601368867
519,33.98951855564677
520,311.31627676568223
521,1.546045981371238
522,3.9519023781049807
523,207.0020197920541
524,4.587978640931723
525,166.02238042012618
526,5.56488425421683
527,5.06842773738012
528,4.971000552646708
529,6.284333162169508
530,249.94868683011268
531,107.07261829055008
532,3.883943529486252
533,99.95377107676484
534,4.365154709889902
535,6.94511049520437
536,5.999799354682164
537,1.6173294069941129
538,5.225466338250486
539,266.684075826925
540,294.29398818044245
541,227.37390209377213
542,62.40817513348585
543,91.69594623899908
544,5.11280538166159
545,4.481620574090682
546,3.7577825296678844
547,2.043541415123671
548,322.42273979989045
549,5.780791662895063
550,247.665477067282
551,5.883282125002955
552,123.54953612287038
553,3.3917085601164123
554,76.19051089935051
555,109.51993202307735
556,231.09042505760607
557,199.84715992666244
558,4.907572508335058
559,5.789450879212037
560,145.68185176198682
561,138.23785868148002
562,156.9533884530353
563,3.2384870375607435
564,36.31540647702725
565,164.70657302336951
566,2.879889907834501
567,54.033772658835154
568,116.31260608980155
569,284.06530923898663
570,4.533011122172428
571,200.02376318595776
572,3.0353825095416207
573,69.0630504829849
574,94.97881639881912
575,7.585580186475731
576,1.8664591301214277
577,3.4278878144794867
578,174.13725287701703
579,8.266427350088932
580,283.2762575566275
581,60.7732161457201
582,80.74783769491687
583,5.172454739684683
584,3.1963192517496335
585,156.45312549435855
586,4.711645553635158
587,223.3795145708872
588,3.046807490211645
589,192.85283427016338
590,271.6941312904682
591,148.29069646875064
592,6.521354363841098
593,244.63709090908552
594,285.3424797870255
595,28.96005130944001
596,5.268372432825776
597,128.34062999250187
598,2.521847850716131
599,81.15097477601006
600,150.931982910362
601,141.65040661963624
602,28.909597616890924
603,2.24245632845611
604,235.0064996133379
605,2.4485298810397724
606,2.89256432843069
607,6.6720879877564006
608,52.62841193637734
609,277.08649983324165
610,38.44240587496828
611,71.44023411621426
612,4.626713759882787
613,11.382242408543743
614,61.43950022039531
615,1.865144582036276
616,164.43249582923679
617,-55.02918190229074
618,224.59448377987053
619,4.854733007045175
620,6.294370230517192
621,185.2562091954339
622,107.27469767002258
623,161.82530424321567
624,199.75998175386562
625,2.4401821473097907
626,2.1157588140691286
627,64.83764571502414
628,4.419384918810222
629,220.1852489616926
630,4.433871724882163
631,2.349815588478546
632,190.1357503465597
633,145.46060511159072
634,226.52550576813047
635,2.489205604786111
636,107.02217973696199
637,111.84994893816534
638,6.823584408113098
639,28.369692088815675
640,113.16064822036893
641,7.013614982706254
642,3.1578839268949466
643,282.5135882918602
644,4.188084580218094
645,89.70133796306419
646,69.76599324943041
647,200.45255936566585
648,246.62306609085437
649,364.3653964229999
650,315.80941863019183
651,98.62949507926089
652,59.46837921696401
653,3.4030859428538562
654,196.8899146604769
655,29.337121028552687
656,214.26906213960447
657,164.172201115492
658,283.85468905854253
659,1.9018203573862553
660,128.48064843140673
661,4.09370786862553
662,126.02513987431968
663,3.5721362376217964
664,-31.656888072846854
665,91.45299908650736
666,144.16805750259576
667,234.83026339010038
668,338.35979486902164
669,144.81307581566483
670,221.49647267532168
671,120.66021495951428
672,89.5890241307822
673,4.385412958184798
674,5.109653722246746
675,5.72917527894179
676,5.327075923817185
677,36.98596409892959
678,201.3477881156099
679,4.917929952429462
680,2.7405388309892675
681,1.944748044507337
682,85.51057986128379
683,5.890280725510971
684,161.02175193347628
685,215.3012683988741
686,6.074548384405869
687,356.3596329045548
688,82.48893814200876
689,111.90463059527835
690,333.2574794201152
691,3.7068346644964394
692,75.10977282113453
693,4.945135314337129
694,6.386499399927547
695,3.781311077852882
696,304.86353480712035
697,1.0963084455604535
698,235.54388332018488
699,1.6971837054467391
700,226.58666025164382
701,3.774783623101089
702,4.743415210929445
703,55.483407859231484
704,84.19987434841902
705,153.76051918350353
706,212.08726435032116
707,172.4578052266214
708,60.781591464295445
709,80.16637845928086
710,200.35101431837376
711,253.81212730817558
712,6.599960382402596
713,42.92519356581691
714,6.637799739121556
715,246.9958801771242
716,3.2188148427029684
717,81.16921879631828
718,348.95994543460404
719,189.81103077196062
720,5.045995113874348
721,149.3471004845589
722,2.511700614770218
723,6.217404227142535
724,2.7900785647614574
725,2.6703555227240523
726,114.46754390768528
727,249.46149620737685
728,59.92834817846885
729,58.381263503266176
730,49.13298810400925
731,286.10160768919104
732,4.725416456936578
733,6.516046057353645
734,25.32038623275461
735,244.74918784403468
736,50.49120798938213
737,46.19108779908308
738,128.6660670715346
739,310.2588567322065
740,137.24915996247825
741,45.68448643529206
742,268.1233999978369
743,145.450992404399
744,1.7203167408311808
745,283.94355039418065
746,182.75959942991454
747,3.0998712391250756
748,61.22345012964219
749,67.74768207481102
750,204.32637094477374
751,74.18184995647111
752,230.5153202525975
753,2.0410650262017755
754,244.11770008631171
755,6.054037142908216
756,6.0191353707462305
757,198.50066542973127
758,2.1255550665495755
759,62.64779257222879
760,0.9473850460615685
761,215.33621317241128
762,5.025076054863666
763,2.0476220591268968
764,65.29760743577731
765,4.6604494559546055
766,29.089862765572
767,1.1693615028415267
768,4.950226000537921
769,5.832049121857775
770,2.1073970386485206
771,255.96334810106924
772,69.38183728374375
773,115.8787050537967
774,-8.59440778465556
775,54.52891535809461
776,4.272810843481041
777,236.32249266248294
778,-10.269949919749312
779,149.1807776268921
780,80.17357607632545
781,299.2339004994077
782,3.7361871992584264
783,47.326978411694974
784,2.7840858792466916
785,39.33781419707397
786,123.54101707968587
787,5.459146165340032
788,1.8723630891108853
789,176.05990445193305
790,69.29727750517684
791,4.204769317939935
792,114.97963059145448
793,-60.160368046549806
794,320.68200004625885
795,-43.3481883118458
796,129.64505129854678
797,3.7563925069779263
798,61.1620233950343
799,3.502234074449069
800,5.92395624560189
801,216.59570489378285
802,83.73014874235635
803,153.6137922919568
804,6.90006830658184
805,2.036790453621894
806,169.34053365283552
807,2.7412116938177995
808,78.47580408312511
809,1.5839408760395983
810,50.714170374170834
811,244.6533767825311
812,90.62920897545524
813,294.2446575677079
814,5.826074153611907
815,4.69153204788322
816,6.815257276018073
817,3.4319902996106495
818,10.553835060579827
819,5.153849997059922
820,79.05290077439611
821,5.801125864615891
822,2.004379270919947
823,45.29245723852556
824,74.96077019506816
825,6.958611350344098
826,79.67752622281303
827,4.225544047601689
828,6.151736075846118
829,39.189401615958296
830,186.0042484343317
831,109.25201935046867
832,6.101814479120191
833,257.77466194087714
834,191.1402520117271
835,132.9262158143811
836,1.6648413578344061
837,72.77482154696486
838,154.33160342594942
839,5.636867431537521
840,168.02569192135385
841,141.71492626873976
842,68.63227269169316
843,2.2646602207927726
844,2.603827707446972
845,5.289035070338166
846,6.304992356910019
847,5.47533025701204
848,163.53873678348197
849,6.125766183192109
850,78.21371621202707
851,12.21072635738409
852,28.27259264609295
853,97.15850579434418
854,15.229669752491358
855,7.4815640105554895
856,236.10833402743208
857,113.22856244425513
858,65.87830756666271
859,192.86296146632674
860,2.0881602132891643
861,3.422304620765034
862,2.7537686432087147
863,108.90391940000907
864,238.9064172276069
865,264.12784100910267
866,205.34918606685525
867,5.408730621483787
868,115.82931384475356
869,125.25127237343636
870,124.80896358963702
871,157.46046826199995
872,137.069796093621
873,3.216001233720311
874,82.25978379182607
875,6.748161584726562
876,95.139566024799
877,47.06633038222163
878,104.28556163772961
879,5.454274087863599
880,6.975817012261583
881,162.8806929121728
882,5.61126548495556
883,250.29790611118892
884,5.877028530969362
885,175.55491687517548
886,41.27320705049203
887,2.33507193137753
888,2.0655652328586274
889,221.33735359233177
890,4.668048689648643
891,3.260420474109468
892,52.42231923288597
893,4.9339074318328695
894,-18.869844955202122
895,3.638538550763289
896,218.64868564257978
897,2.462040359570792
898,217.65348214972144
899,-55.31557187100198
900,234.95208835237196
901,3.819922998015758
902,190.0493787321438
903,4.910944669797403
904,122.97051876236705
905,2.0150825937168153
906,1.20492020577669
907,206.12665776417904
908,55.258543608776876
909,76.06034606163858
910,2.2593548488693043
911,6.699962452938639
912,259.4378943846042
913,161.83403805704592
914,300.25794288816155
915,93.81637139774254
916,150.9240766627681
917,-18.10764940272855
918,2.425902783943699
919,2.4092000256717014
920,389.5179358343562
921,143.43534933028104
922,225.3840897839005
923,2.2278241529594967
924,93.65457610057372
925,180.42458001515934
926,51.27626153292142
927,52.7026761368253
928,5.127641449029824
929,61.66989741608472
930,34.24359658377121
931,209.55663811309594
932,181.63603823428897
933,5.314675573153414
934,2.169078076139571
935,179.71364180789294
936,71.61207996140247
937,3.367495204453536
938,4.657040519719602
939,99.28610618140542
940,1.6630787109552259
941,5.82885936627598
942,4.945464968212354
943,105.85083313723695
944,4.938311349616956
945,2.0420136552960324
946,63.217017938845146
947,25.39546052717913
948,54.051215161329324
949,241.32342109091562
950,341.38864488784475
951,19.931121257026664
952,-13.781873738408725
953,5.91074441767209
954,257.5232850496995
955,198.21091629743364
956,150.9471926779315
957,2.781462561481077
958,2.8525438970970445
959,239.81182468286087
960,53.55449280995729
961,168.9649950752493
962,3.363940866740912
963,6.5264154936369465
964,4.971784793525433
965,6.303841706891745
966,3.257824859209613
967,40.03261974966659
968,174.24875547875308
969,171.02665122899566
970,6.28845774709081
971,350.7365778664249
972,5.116135095422312
973,110.52906097916832
974,5.147140259877945
975,4.205299277647227
976,5.223974038524368
977,179.3702309881873
978,297.78156204230777
979,1.6058700496171878
980,1.8355863652288162
981,0.34380884969500736
982,73.01891039069055
983,300.9490793448429
984,309.8108829817105
985,263.0066173299053
986,113.8407042603873
987,2.818423375958424
988,245.15441129297847
989,337.270708254085
990,91.84916485427556
991,4.32192075854005
992,301.2388544710818
993,188.1535561787737
994,3.3635541659855708
995,-7.4435680898524765
996,38.619865554990035
997,2.0435487481794063
998,42.30811080511795
999,77.25864682246998
1000,-1.3156410059387875
1001,287.29442316009494
1002,171.24402480836747
1003,5.548888497079833
1004,1.3477686293566222
1005,1.7993209361400002
1006,3.9098833613772412
1007,141.23762857215044
1008,1.822572064002947
1009,6.780520152449901
1010,-4.540041832752471
1011,262.7099170389784
1012,16.685338958304385
1013,198.85657451534541
1014,59.03299036967127
1015,232.04280370012447
1016,6.606735751302031
1017,5.0427262166942475
1018,3.3336556756101525
1019,6.5918967954193075
1020,4.634310084218477
1021,136.7528973789204
1022,76.88034270846991
1023,182.87124084352843
1024,178.311373962817
1025,5.296894719591385
1026,4.394962480655737
1027,5.057287770381436
1028,92.58915373943867
1029,3.766472464666335
1030,35.7266252396023
1031,250.85102838977633
1032,3.0830860229760084
1033,1.9289712356737998
1034,233.74781777091593
1035,1.7243057400021158
1036,238.80914329051956
1037,6.756946213170953
1038,59.21543039631885
1039,3.600973519022526
1040,-16.28589462854679
1041,3.7076256866680417
1042,4.344563116568549
1043,3.728614572519519
1044,336.73314760718205
1045,125.94637630714595
1046,41.67789759763993
1047,232.24812432454897
1048,1.8186206349012288
1049,2.518451054185159
1050,6.047414813480379
1051,76.99632287182705
1052,171.71949712178926
1053,252.90628617726378
1054,6.409597088378696
1055,41.14023065285859
1056,24.67878396640146
1057,4.442123875867644
1058,2.7839776212547234
1059,2.7487837547331515
1060,87.81056407595122
1061,3.961228178002814
1062,5.777342823634413
1063,294.71211378931065
1064,219.31491070090433
1065,73.21421617988561
1066,268.0920132409835
1067,266.0109719911775
1068,6.052562505584442
1069,4.24398276114615
1070,318.9929589963449
1071,169.59861398531388
1072,5.7473452602242165
1073,4.464907419882209
1074,6.2932644891101805
1075,4.92493173279694
1076,286.1414871056545
1077,6.264100653262675
1078,121.5554505662216
1079,2.940997645525486
1080,2.483236462323947
1081,5.83765005329148
1082,4.458842351362598
1083,3.379184246470759
1084,6.356739373396188
1085,132.12965425294647
1086,203.70100413495314
1087,46.69715916507378
1088,267.2408556085689
1089,8.492830947880638
1090,142.86294132700698
1091,251.5628460204475
1092,5.920747304216682
1093,4.493304994205735
1094,6.672939236297536
1095,3.4621222733851917
1096,2.1120293816108937
1097,4.95002146452976
1098,84.70917956625462
1099,114.71114460122278
1100,5.863209182598792
1101,4.699169706795816
1102,6.590282201768702
1103,261.22666286405195
1104,4.639814330470109
1105,115.156814986018
1106,5.66703883357825
1107,6.192631667618565
1108,14.815887507747009
1109,118.69560682457566
1110,98.51527368603057
1111,3.6780205737409792
1112,204.91441379041837
1113,2.6733660684348974
1114,162.2034517318025
1115,57.23931505953331
1116,5.3246948531880465
1117,283.90100387742837
1118,291.50520764522594
1119,4.409859829176261
1120,51.56878687872509
1121,-8.841169751712428
1122,238.67263974512662
1123,3.4255688817879264
1124,207.32045195973348
1125,2.6822371944567096
1126,73.820141484697
1127,5.968637007222843
1128,-38.86459646066878
1129,162.93556259458532
1130,5.92607337771927
1131,43.25650126369677
1132,4.9614523199468055
1133,-44.41484284780245
1134,165.36007487766534
1135,204.94654945899
1136,-52.283099942286455
1137,4.103546549883903
1138,57.09638738151352
1139,106.08557554690074
1140,111.35145998477955
1141,208.88807767609467
1142,139.58114758883846
1143,9.214896272276869
1144,-53.374285106998244
1145,113.92642018770034
1146,41.9931328187169
1147,4.493933109646977
1148,92.46804455584717
1149,41.20643650956541
1150,4.406687622192299
1151,1.3151066009730148
1152,3.6725156056271224
1153,4.491056968439855
1154,21.198893713244843
1155,175.2014990302123
1156,6.690112076347853
1157,78.44688613116254
1158,196.52662331308272
1159,103.01414846771496
1160,95.58220986818549
1161,1.7400508018366878
1162,5.026161933395546
1163,5.573972933654122
1164,4.9847494830649675
1165,210.72141754219123
1166,49.26652873824944
1167,-2.8237246126678466
1168,5.00350950151266
1169,155.9726447509574
1170,4.787470059972055
1171,4.401681267317367
1172,-42.00659309963116
1173,3.869506716023498
1174,184.12803696568386
1175,-52.8293306119299
1176,250.83862439367402
1177,2.308348672983645
1178,143.85992152498366
1179,2.6049309822976365
1180,2.5708690061714075
1181,1.936497529119143
1182,140.30089992649027
1183,7.380009207045013
1184,4.087711034739817
1185,278.03975383500244
1186,125.4047166124895
1187,4.901834859821785
1188,2.6172878112106215
1189,134.8843541426699
1190,3.27193634999359
1191,2.9474355805312555
1192,4.880894401082065
1193,167.91563680570943
1194,5.49194115161081
1195,2.146355155529792
1196,263.18694279815367
1197,79.52455323316107
1198,3.266652600548583
1199,268.27439417578614
1200,62.916201779356115
1201,214.10542682531786
1202,70.87345128562957
1203,3.5375194167683723
1204,161.4076274736654
1205,1.8466631969529916
1206,162.85261355364764
1207,120.06676457177747
1208,188.14134508656713
1209,244.02513171849705
1210,211.81737383553116
1211,206.481816258151
1212,6.057660225268037
1213,3.7427682874635613
1214,206.34891650740943
1215,108.74774616454125
1216,238.81508016362255
1217,167.82039073125253
1218,-36.336284357499814
1219,6.161096718756504
1220,5.770301773303986
1221,248.83323861513202
1222,6.3524083386405525
1223,2.3474438639413
1224,2.672320894026246
1225,121.61083343279293
1226,1.4863669492395115
1227,4.508392511058171
1228,2.561260390123109
1229,40.23441499397005
1230,111.79323403022579
1231,233.33996190068237
1232,1.8411255350077482
1233,-25.949389996267346
1234,2.713934425636232
1235,12.994740321416689
1236,259.00766546349587
1237,4.116846826070272
1238,2.2587190603533003
1239,0.7872173952443886
1240,45.535400736464474
1241,2.1135860163227096
1242,4.531033715208437
1243,5.408882720605337
1244,164.5487587234351
1245,3.7449020293196664
1246,268.4896582120904
1247,5.166246945507292
1248,130.37905291442016
1249,139.31326015796435
1250,7.321863817152831
1251,59.965458178761885
1252,5.727693001385756
1253,3.9980430742308006
1254,4.711469510937498
1255,48.41010917602382
1256,84.8134922226677
1257,127.6169150661457
1258,264.04262250933317
1259,63.49299948345172
1260,266.0283015498705
1261,5.708835991827135
1262,5.452616479015928
1263,173.05545385060609
1264,1.5534594270374602
1265,59.95194479101349
1266,122.30743125671978
1267,2.420155761736054
1268,6.432893523417333
1269,272.54103933608053
1270,-62.089860520567996
1271,236.17974667252912
1272,51.27626153292141
1273,19.01628228750984
1274,194.42178203832324
1275,177.08643492182452
1276,40.97631416220312
1277,4.411349265966116
1278,1.4487434288637244
1279,4.171615009222772
1280,-64.44809175985002
1281,3.3084769456807095
1282,97.22114772836014
1283,174.88195072272555
1284,2.946753066492779
1285,-50.32280528921082
1286,2.0451326069346756
1287,50.6478694676801
1288,131.96902786558036
1289,4.591655994594545
1290,205.16421488978014
1291,3.235625510104687
1292,46.350469632220374
1293,102.60746384380938
1294,258.4930481429856
1295,159.7049096287929
1296,6.7619345290165
1297,62.51898857665578
1298,-6.0468870610376575
1299,5.6539342877199985
1300,168.9030069186677
1301,236.42152767172274
1302,224.1885330175266
1303,6.207780188867362
1304,3.5515059274536127
1305,5.195736348739867
1306,62.34185041228487
1307,132.32206749343783
1308,1.8589198393135349
1309,5.144207308818693
1310,336.1116478129767
1311,2.6439610930717583
1312,6.936181075826889
1313,32.739991181378244
1314,167.9799019100819
1315,165.95856990167303
1316,258.8586569276673
1317,62.96515153405799
1318,2.0252442472853414
1319,200.0275989948973
1320,243.97413543766166
1321,24.372107688780794
1322,51.5077396969664
1323,253.15349154017522
1324,223.7565937630956
1325,45.810223970125975
1326,60.24498912072338
1327,249.01482011593694
1328,2.94927573057285
1329,5.91610725161164
1330,124.34266560865598
1331,-13.770134656242316
1332,274.5801857525555
1333,1.22997318082794
1334,335.8916765780246
1335,1.8212185524256927
1336,122.08934274624184
1337,25.313419150944725
1338,242.6115406299556
1339,6.818388579659842
1340,188.74260621408015
1341,239.96139993752558
1342,177.18179112635198
1343,46.449688458386966
1344,122.93911232994112
1345,3.2550642413204116
1346,46.32695344080935
1347,89.97921735605144
1348,2.63795881089129
1349,219.9646049593519
1350,48.60790508915362
1351,226.67201157667108
1352,2.662955250497629
1353,14.498071162329401
1354,4.992251173158598
1355,6.002826582262875
1356,3.53393364316717
1357,6.431819258951322
1358,6.72351670332873
1359,1.6583157360167844
1360,298.7072993159705
1361,5.082580934723603
1362,6.444492782246436
1363,70.76292814789178
1364,3.3959061947566997
1365,5.868377980441883
1366,6.5138933276843325
1367,5.872270469439528
1368,5.826009640362702
1369,184.76646475639285
1370,275.1442376868142
1371,221.04806111016114
1372,29.68881218857172
1373,3.696179244479094
1374,187.48152152244253
1375,169.44226379934898
1376,5.308020278837365
1377,5.067808868156684
1378,108.6950027432018
1379,84.63899650237977
1380,86.51249447434077
1381,236.0543181664042
1382,84.53559246586336
1383,62.72453906129012
1384,-7.796893764419556
1385,173.629210113215
1386,2.664730498892067
1387,72.97397635569517
1388,1.6407871060783448
1389,213.51983843852727
1390,165.85881287007422
1391,92.2541521469223
1392,53.754793745807916
1393,275.94717803618346
1394,-11.364842061903648
1395,37.960560372762274
1396,175.41535462890482
1397,5.443334688542775
1398,204.0438510393742
1399,1.6829258129628077
1400,87.49571642615236
1401,323.5467978956773
1402,58.58546257741773
1403,276.0571627084994
1404,96.37507017167931
1405,123.57495962065651
1406,1.973072171234593
1407,127.12574357273385
1408,7.494356731716197
1409,3.598067167011842
1410,251.74117547008913
1411,248.010359609882
1412,-30.789657729431312
1413,124.65309480448994
1414,256.2209412817436
1415,1.7603621973359167
1416,2.5063880369687848
1417,4.4852119282327525
1418,314.5789812763651
1419,156.695983778012
1420,4.892111778532504
1421,57.49782999844675
1422,6.732477089197497
1423,3.1718979662222706
1424,5.2817093552490295
1425,2.361273098498992
1426,-18.870297501045627
1427,3.712589494505713
1428,4.65838133611304
1429,4.438291589564491
1430,4.063547944151983
1431,6.487257359961312
1432,188.60773413916797
1433,2.7392802821802644
1434,5.597293103984139
1435,4.681616474807351
1436,-43.587437463625776
1437,174.731660989363
1438,114.49793637279421
1439,6.334542363338592
1440,2.6678671536577285
1441,112.42390134858766
1442,187.5359922849936
1443,52.467677863828776
1444,5.901764271146202
1445,66.52594928381828
1446,269.7736081943682
1447,240.85935754586097
1448,-17.925698485494863
1449,5.868486412298857
1450,272.9551163786501
1451,152.88373383560167
1452,5.161833431326371
1453,5.782144073673065
1454,185.56332493558557
1455,72.95091706883169
1456,-6.870846717505176
1457,7.691549116452502
1458,4.862483642007727
1459,293.4308721002588
1460,328.6260673800556
1461,180.56950217465058
1462,2.0020291269991755
1463,65.16523436404825
1464,5.826074153611907
1465,3.129852442459544
1466,240.78929393443903
1467,5.884338076937048
1468,5.434234687309699
1469,24.574434076577763
1470,3.8135132096641993
1471,55.7713340875574
1472,6.752398267654833
1473,1.6609423257415865
1474,245.90464347018218
1475,93.97697537841248
1476,6.669918733876777
1477,2.618094604944048
1478,110.97200688216336
1479,4.942361851275447
1480,117.37545451926212
1481,5.806869955676279
1482,169.55769233408512
1483,6.244472319703561
1484,242.6351863664437
1485,173.8631849457335
1486,7.357642860823918
1487,3.600578794952253
1488,59.48919061333198
1489,-13.438894329589418
1490,103.15463700613319
1491,3.5973574796721213
1492,2.0149906740959582
1493,7.583430946092008
1494,5.431062071808384
1495,30.454291990168496
1496,7.4651081923965155
1497,68.61460221782347
1498,5.998457367930348
1499,86.65934626114984
1500,7.098789421724884
1501,5.74773440165786
1502,105.37318028527577
1503,5.6546066695111765
1504,2.044785014239465
1505,4.847758282728756
1506,192.2376990928625
1507,49.540411361890136
1508,95.14884080407928
1509,64.94034634362522
1510,3.1566988264835216
1511,8.092728034446996
1512,61.19671000146597
1513,5.226401012274865
1514,259.9318386253042
1515,54.16841000378517
1516,2.847059001870492
1517,345.9005065886813
1518,4.5075942012416945
1519,251.72994244222878
1520,5.152033982748689
1521,50.235191813830724
1522,5.082246550412643
1523,3.021915577379109
1524,144.78224784452044
1525,-39.720906028648294
1526,2.4352886431333727
1527,5.775028958346496
1528,3.129717378456043
1529,210.37421665895909
1530,275.29477675395947
1531,3.4361173150115336
1532,5.696772048628912
1533,3.314772288377586
1534,-4.368244894700609
1535,76.69012549265408
1536,5.867598510633723
1537,2.5914754181211985
1538,299.49727419946146
1539,173.5362084033374
1540,2.1318532923666247
1541,135.6245838518275
1542,3.4000937818534966
1543,18.589897803262726
1544,7.791350585618195
1545,3.5465789759628676
1546,3.4813287299253375
1547,-23.47535615076478
1548,202.47710096311096
1549,44.688341935829776
1550,3.4331912824781234
1551,2.3269908957785637
1552,234.37229556390338
1553,6.243480182564638
1554,281.2523565610874
1555,117.59395170819488
1556,3.8834383629838634
1557,13.925678978769774
1558,3.670266931208394
1559,239.8926289274815
1560,162.6332857561266
1561,193.10886319288917
1562,239.05857544951095
1563,124.3880623045512
1564,3.227894273746101
1565,100.89259740857824
1566,4.137878246091449
1567,18.358081096617624
1568,103.71364024264747
1569,13.632152469105767
1570,288.2069615330995
1571,2.8842455210910813
1572,82.48393940259582
1573,2.029833569082193
1574,4.466464766435491
1575,5.757936233507744
1576,3.74217404876435
1577,5.614611887096828
1578,81.06453565104172
1579,5.13227121613445
1580,193.73787956135047
1581,243.82014278855854
1582,6.797857703833049
1583,290.3859483323126
1584,306.1805779928707
1585,6.179146003415804
1586,5.057448921658798
1587,66.14775284558698
1588,283.91312114697416
1589,7.1935447288039995
1590,5.7174931983844735
1591,150.571772263743
1592,7.055126256220744
1593,131.03005599972136
1594,148.87299105898748
1595,107.47802350637838
1596,5.9499081960655715
1597,65.39814162961551
1598,6.5372524347467245
1599,4.574762876042872
1600,4.483880391527008
1601,2.3114922872929857
1602,5.966088989489551
1603,266.5734286493598
1604,52.81027136016984
1605,120.24909075386532
1606,261.88238327679517
1607,34.64462485741044
1608,3.330714115612866
1609,7.072606962418973
1610,4.852727986642338
1611,195.0302114520303
1612,88.94309235943709
1613,1.802898935276527
1614,273.3583137847336
1615,5.723373817111202
1616,4.263578886221994
1617,194.20565496109208
1618,225.4689851939741
1619,6.355795656627917
1620,83.62249576703107
1621,2.5652811253705208
1622,2.841066063212979
1623,2.7435670479588747
1624,240.1543688559624
1625,74.05703009480933
1626,1.669574962678753
1627,50.93053576972557
1628,3.735746243967546
1629,202.3795135098682
1630,95.67055066438726
1631,3.8277314155204794
1632,289.40097179033296
1633,5.402328724285315
1634,1.001376873546699
1635,3.432415154548743
1636,4.777999200292202
1637,6.377104790150613
1638,197.11111869493214
1639,68.60603329381259
1640,4.5911983534347005
1641,317.2359214096123
1642,145.92080142046476
1643,202.20319790770984
1644,123.1739895712401
1645,179.02707598877788
1646,6.069392658806404
1647,6.549245707719662
1648,26.926263336009065
1649,4.425525205324327
1650,98.8142461056814
1651,6.5940364242331775
1652,6.727234976731437
1653,223.86740210592683
1654,6.667076575406487
1655,312.4018999313157
1656,62.2589399491682
1657,1.3171709610292943
1658,286.68861591078434
1659,2.233058830249162
1660,-1.0513105871064088
1661,6.9068768085383
1662,204.82210880853168
1663,5.873781630716854
1664,140.6857873717497
1665,1.1483615663001663
1666,56.90026337651633
1667,-58.581974564113985
1668,250.24362738420476
1669,55.287744596220406
1670,2.0316615842116033
1671,2.508671616603256
1672,5.327198803725775
1673,4.255420515012139
1674,136.504278293683
1675,2.2235543847170285
1676,-51.26198804283427
1677,34.51097018262901
1678,5.285213984942811
1679,225.68786810640574
1680,92.29931827286244
1681,1.4290769670122316
1682,3.2368455339254285
1683,77.71379619008228
1684,18.82635012115689
1685,6.761813483324557
1686,138.41032520308255
1687,7.244213499801679
1688,181.67738672292535
1689,281.2413746644519
1690,3.220764641043979
1691,3.673656968666961
1692,4.229984266007824
1693,2.545154096772424
1694,87.74733535770456
1695,217.45796452832698
1696,123.39591021439533
1697,1.2939728436494011
1698,219.82743591540589
1699,193.0796363150787
1700,125.5702232223703
1701,267.1694436726936
1702,-57.36435950900449
1703,5.6361611669503375
1704,5.611013902624036
1705,2.8183387062856573
1706,124.08351272780558
1707,5.000689021914931
1708,77.13044521091858
1709,153.81743371687907
1710,6.276288006960684
1711,73.31706574708652
1712,1.8581035387805993
1713,5.816076458202712
1714,-58.27377477524971
1715,5.110423363459814
1716,1.624822223605838
1717,24.250432285875174
1718,117.87749642034949
1719,28.057332490830284
1720,6.195642926386011
1721,241.509772126991
1722,3.223276148563884
1723,152.6279143865346
1724,141.71173773799347
1725,4.062962804193001
1726,3.7973516541793546
1727,259.3292057470444
1728,4.275887598049042
1729,3.6445521755457
1730,49.03086155824915
1731,214.6826255207325
1732,4.796301173814138
1733,360.73313070612915
1734,267.1157137686754
1735,186.50161002106861
1736,3.1959269795123477
1737,303.4104133771466
1738,292.1675127951744
1739,191.41003729293408
1740,81.30658522089662
1741,143.26326321596363
1742,242.4901449395539
1743,5.239342932960126
1744,122.95106828972459
1745,65.7407783617478
1746,3.527413162793902
1747,7.508624043612256
1748,200.62465230614822
1749,3.6421902854382946
1750,93.68844354562634
1751,45.27184666699552
1752,7.092647448440018
1753,6.031552734481074
1754,275.4700891523913
1755,220.9305567365852
1756,1.8650003934416268
1757,214.26015978966865
1758,330.0374845089206
1759,5.303731241421923
1760,284.9272981244542
1761,248.0300749640645
1762,16.64908300883784
1763,47.478930650899855
1764,26.623848115940188
1765,4.993935378304133
1766,233.77611080574104
1767,186.63298883539773
1768,5.847063711522413
1769,80.44995839779043
1770,77.8827227036251
1771,2.437789942704839
1772,225.0854784262713
1773,267.4694985096523
1774,6.5953124503273175
1775,280.645504887239
1776,2.7705864294359044
1777,10.553285052608485
1778,1.96494429250896
1779,-22.46492849457786
1780,107.82136204137814
1781,5.703566334270613
1782,190.58670187846622
1783,240.61670783663476
1784,4.054307448319709
1785,47.85891943108174
1786,2.75846798954939
1787,76.3793766934696
1788,5.551851983950776
1789,2.309403192948218
1790,43.43787104505604
1791,3.598782419301607
1792,2.823801102335521
1793,2.0428012668152085
1794,175.21086287259953
1795,193.5102941433805
1796,264.96114313580193
1797,131.56946057613268
1798,6.522339080051223
1799,211.58085675975045
1800,126.55398798062656
1801,4.744275137313069
1802,2.146207515511221
1803,136.57733022935093
1804,4.17139017216185
1805,176.9471771308815
1806,5.755532318391424
1807,291.4273387461207
1808,185.33724897820656
1809,59.314342987363766
1810,4.53278753481989
1811,2.7022431314467363
1812,30.993008602973863
1813,3.530445545319819
1814,167.2450032681403
1815,261.79565110214554
1816,5.40499373030169
1817,107.79161873231311
1818,68.63938685083264
1819,230.49474083320354
1820,7.422461426117422
1821,3.122337877897783
1822,272.3589985460774
1823,7.942608857754087
1824,74.5326132278358
1825,2.2953265460230097
1826,6.111741234746942
1827,4.696855106192984
1828,2.079531038801034
1829,206.75406670243783
1830,233.96971476120268
1831,6.814091846141987
1832,47.77304919870244
1833,3.1967991742593247
1834,4.056831153479923
1835,110.86896742901308
1836,6.40423209073826
1837,6.097914937895409
1838,5.873781630716854
1839,114.55066897336684
1840,-24.945320465201412
1841,-93.59177790988511
1842,248.58839533879285
1843,179.06873773798333
1844,256.22094145058537
1845,170.67043488714373
1846,46.26383715398255
1847,252.87495468950328
1848,116.68347183851239
1849,3.873362386993878
1850,5.836160559504435
1851,-77.65645805770335
1852,6.269232041732723
1853,79.17880926528034
1854,70.60789916170513
1855,5.048997717375757
1856,191.7357918578814
1857,1.748277716012119
1858,5.034966939858192
1859,6.223839533500426
1860,5.696862042032605
1861,146.73218135512107
1862,6.247028889267378
1863,78.45549894700734
1864,76.64284149089913
1865,216.1038673840809
1866,137.3713751628203
1867,91.80874773697222
1868,273.50945752472904
1869,150.49791950463992
1870,3.518771865939507
1871,210.29069701894335
1872,41.128902389580105
1873,2.7508102913006844
1874,22.541912445063115
1875,82.2558147960807
1876,3.2413330777707783
1877,2.6758404479214475
1878,61.03348858770302
1879,73.74908915669656
1880,252.92021342019183
1881,5.592915212490179
1882,110.09835543052677
1883,6.257743854517683
1884,87.60635783424874
1885,305.32289062018947
1886,280.6360176024561
1887,3.1392548960349203
1888,196.96141119623147
1889,230.7739417101487
1890,2.4969426341135987
1891,242.07925120225678
1892,216.3598790194151
1893,4.3875178715474386
1894,1.9967788993147892
1895,18.583163025136145
1896,5.778923921389477
1897,72.48536255198601
1898,-38.7443209842745
1899,3.0376733989589635
1900,5.850843369763367
1901,270.7757824347969
1902,223.7229063252616
1903,-66.03763149765324
1904,77.47528259445158
1905,68.36598729253805
1906,178.07198560856529
1907,6.724462678504734
1908,5.915893692094969
1909,117.10583705450921
1910,6.4051036813321325
1911,4.761287940963953
1912,3.88513447441355
1913,79.23456458238815
1914,-22.118296398837085
1915,7.225147984345556
1916,1.3322000860028638
1917,3.1464668847999606
1918,161.4341087998451
1919,4.781777428056355
1920,4.665123088316781
1921,72.51527202723513
1922,2.855756891160913
1923,6.772549150869002
1924,2.589500285323968
1925,3.7525790441723785
1926,85.50383186747621
1927,145.54601840948982
1928,4.327359188220267
1929,47.326978411694974
1930,2.9387557244642135
1931,5.881953777869359
1932,4.882680137587247
1933,3.2266684598389945
1934,250.18256732377742
1935,6.3033904131991045
1936,5.141817315120033
1937,32.04984476550704
1938,-16.456691943143646
1939,3.2244882108053385
1940,257.6378347741102
1941,3.1916286541552807
1942,206.37616131076214
1943,3.6781110432374975
1944,228.33202065451505
1945,307.4861389529798
1946,5.800155251096109
1947,104.10242865839504
1948,5.498479508330721
1949,-0.6054749245324609
1950,36.60585398859275
1951,2.5617827164190556
1952,47.32422517316881
1953,384.17979191692746
1954,2.641309317101902
1955,114.1164372040554
1956,2.0052099823273415
1957,117.40457794823052
1958,4.395040878369393
1959,175.14111284610695
1960,67.60830046637636
1961,1.0342483448633721
1962,4.135169772282982
1963,3.2940455320691004
1964,4.9582582328804365
1965,98.19246986692313
1966,3.351509787374274
1967,5.0255830851120935
1968,265.2938788923857
1969,68.41283802127997
1970,5.7694100741632255
1971,1.44192149376202
1972,106.04039377980008
1973,-14.453632112682936
1974,2.8018795189945784
1975,2.9883611649215327
1976,323.220459278549
1977,1.674254396665106
1978,216.17678731683839
1979,95.60576623064304
1980,270.3514376537149
1981,163.20071880200956
1982,114.57172508829264
1983,98.43313304435786
1984,8.7329715236112
1985,4.627296341206257
1986,3.9388838238696033
1987,6.487428484946362
1988,1.2207974641252533
1989,5.546757669099666
1990,4.981849335580207
1991,32.77466477301083
1992,4.733993800265873
1993,20.778801331387424
1994,2.177595057481499
1995,112.05897331437792
1996,3.7000105608103513
1997,2.6610006630735947
1998,5.10598742349147
1999,308.9680568068485
2000,5.868377980441883
2001,275.62543937961743
2002,-37.118442025007404
2003,6.754241365039098
2004,327.9908354745395
2005,67.99879041389582
2006,4.7528599588445175
2007,46.23507609344671
2008,231.6556212793383
2009,132.5118963642277
2010,280.2229337149869
2011,6.005464827283328
2012,179.6306657151406
2013,-16.11653600366403
2014,277.6282094230069
2015,205.67460064539338
2016,47.938385565771284
2017,2.7004467684605045
2018,34.57261669399351
2019,76.89903759315182
2020,6.751427565901292
2021,4.801026663444479
2022,188.35587145187196
2023,83.27635502089343
2024,3.093027676033169
2025,4.083298752965593
2026,88.2183620540144
2027,5.8374322849804265
2028,6.289616964361773
2029,41.651737361035664
2030,302.35809061477215
2031,83.69218932250516
2032,289.47068969306224
2033,256.16589727878784
2034,2.6405054187341768
2035,59.38235010224266
2036,190.67879759732102
2037,5.295563988384757
2038,3.3627605192539707
2039,2.7117237023888743
2040,124.03243324043763
2041,231.22596723985373
2042,4.12739864433486
2043,179.23321749930287
2044,2.5857998103108333
2045,89.81469601160511
2046,289.9997519543113
2047,5.351555507967756
2048,-46.96327450575303
2049,1.751689347763892
2050,344.7082821141371
2051,3.805917729048514
2052,3.8073909664994305
2053,238.61644254592196
2054,4.488611537955496
2055,3.6749627474942193
2056,-40.53023966351485
2057,197.44764970566789
2058,-0.6629479020622129
2059,5.1060069153163905
2060,29.512743163075516
2061,2.2580151808382447
2062,193.58516144981286
2063,3.5087208802356615
2064,3.23329637436952
2065,3.695062845374908
2066,1.9021210086304619
2067,6.114248002103377
2068,3.470214698269004
2069,1.6381201057367285
2070,266.6702887869428
2071,283.9131210976533
2072,4.483739865512375
2073,201.96045903583462
2074,367.6368083776227
2075,250.55352881046122
2076,3.68073087172645
2077,2.7243517593079156
2078,4.174920765010889
2079,4.391778382713772
2080,2.627971231575173
2081,3.217761065868772
2082,5.510733510033603
2083,28.889173089190916
2084,2.662475940664053
2085,4.9526611802184615
2086,120.51723792021973
2087,93.08382322685355
2088,9.700234495877872
2089,78.43006102138406
2090,249.50021661696837
2091,170.0367243559037
2092,-87.18786538087514
2093,5.413757304961738
2094,3.5624907548872535
2095,109.6221152728861
2096,51.142171242784386
2097,116.36950946319138
2098,6.024018434467286
2099,-20.27316346428844
2100,14.621233919039671
2101,5.962326265229461
2102,6.8819705012560615
2103,86.80222790779528
2104,65.65512429429005
2105,43.79987023669348
2106,306.94778555103505
2107,7.10700878189367
2108,6.919916441108234
2109,5.90951555788206
2110,246.72734473569264
2111,3.659627306979722
2112,33.87290358136862
2113,84.72650951884991
2114,2.5172328756123044
2115,49.31440048833269
2116,3.653390474490106
2117,3.5598648920113964
2118,3.7427870670655
2119,121.77425741301798
2120,4.067443100108159
2121,187.9296615018467
2122,226.9103127961587
2123,3.083002595465172
2124,1.6102479193776764
2125,4.829607554564806
2126,5.802925941464215
2127,56.23512569283355
2128,204.42206553871705
2129,1.7932625545335132
2130,2.0869189576290545
2131,5.444177277279442
2132,5.964758830773205
2133,221.4494230030649
2134,66.28957436087377
2135,220.4454781515951
2136,27.94709132452877
2137,235.62171130705323
2138,3.1752937852097376
2139,58.67769304441956
2140,69.47570886277555
2141,53.11155840887965
2142,5.650995290653421
2143,21.00568242269972
2144,151.7775483185781
2145,45.62471562639615
2146,4.260174809606657
2147,4.593465492037879
2148,77.81760755233779
2149,-57.0170935766989
2150,37.058312073546205
2151,63.827282498287474
2152,4.9345707220157236
2153,3.2968151481841304
2154,1.5995166775171774
2155,2.3911559932769744
2156,5.873781630716854
2157,111.60892619094668
2158,3.9808176302965865
2159,322.45534793709317
2160,227.1995271554435
2161,290.14737851746
2162,1.8485910440887698
2163,305.07742696238864
2164,6.344595887245185
2165,2.8589902523498534
2166,1.9704558912617482
2167,30.982679930545835
2168,296.74604425363964
2169,2.402010749309313
2170,2.2281367333557602
2171,138.5269218755582
2172,5.424212290719474
2173,265.0868948578059
2174,256.52746678206813
2175,1.4447281053677714
2176,4.8294989337197185
2177,-30.472102581352893
2178,4.194369717086344
2179,71.77968756330213
2180,270.8174995731556
2181,1.787609472317699
2182,176.54670170900977
2183,168.3496356297792
2184,5.868486412298857
2185,1.8592433836314917
2186,2.7183788547841115
2187,4.544420736978397
2188,249.45270723977004
2189,245.8902865122805
2190,75.65451714028167
2191,2.6636229516819636
2192,3.2114152724571214
2193,124.26037562629574
2194,3.2566322456974257
2195,5.055674247367554
2196,6.593023501349963
2197,1.918533161763445
2198,4.151192172011148
2199,3.4752971743804073
2200,1.7420614628062405
2201,4.306366852105834
2202,90.98415315819818
2203,2.644492694528455
2204,2.0071118829594763
2205,106.43653966670838
2206,5.3319438699814405
2207,179.93011227225668
2208,4.636828375934112
2209,7.1134054064225625
2210,240.7914740594264
2211,1.7162747613380898
2212,4.901026752888181
2213,6.515367249367566
2214,83.9423003477095
2215,51.96921378285567
2216,100.14653114200152
2217,4.860738060677438
2218,39.081454479636285
2219,2.6859964568016323
2220,5.689336270997571
2221,3.7522931496158702
2222,-19.99497709846331
2223,205.32427092856867
2224,-51.57368332685914
2225,175.04447263231748
2226,-19.102205609631916
2227,57.929340213782154
2228,129.54701453184094
2229,168.4177527743067
2230,3.1892184385581954
2231,5.276620107567361
2232,4.659616803075017
2233,254.82529269991227
2234,209.09534357742834
2235,216.54140838860488
2236,3.5658199435746027
2237,3.2790582709511447
2238,247.7663419172683
2239,96.52409238722444
2240,238.59608097530884
2241,2.4926657921725877
2242,217.8307407334178
2243,6.464288044294019
2244,97.6541459200134
2245,232.7393331864333
2246,115.3487621992768
2247,242.08973089464376
2248,6.082762280315008
2249,302.695900153294
2250,138.6267245855728
2251,5.302152263859149
2252,262.13674458167543
2253,6.170246845796838
2254,172.31493051347718
2255,-89.93281362588331
2256,47.22436588724369
2257,1.8110207969845136
2258,2.700704791556448
2259,78.12425978752597
2260,6.366342375227839
2261,86.92428179523094
2262,1.9753162124952266
2263,71.78758812192167
2264,27.38932045622306
2265,55.4141178194795
2266,2.433046279179996
2267,3.0505464974200516
2268,5.701944457041044
2269,4.3668256941264305
2270,8.40583472931731
2271,176.00430124021474
2272,46.85380126351321
2273,3.6595913330760528
2274,6.100927957926768
2275,6.883341409540472
2276,4.8983971696484465
2277,2.9742570077418886
2278,1.3716432980464308
2279,6.043636850084441
2280,2.6846972414060293
2281,199.1550186086951
2282,2.0996745721104446
2283,3.831042286806904
2284,231.49580982219894
2285,3.3020228345554052
2286,-13.083553959002636
2287,5.766294380631069
2288,3.130924679682818
2289,6.484964837160084
2290,-13.071989215338133
2291,52.754311484659425
2292,5.069658947221922
2293,2.0068363625921757
2294,13.209947390463183
2295,2.3634045348748822
2296,4.975433362097584
2297,138.1923871624999
2298,-34.366748019427014
2299,82.36221719887358
2300,3.541679533139199
2301,5.7015470171654945
2302,-90.65913595651243
2303,164.24428767002584
2304,5.56452358241914
2305,64.46325015405166
2306,266.060627096473
2307,27.050436013876432
2308,58.28627421698259
2309,5.698527697800538
2310,170.5730812122451
2311,-51.224691754258146
2312,80.20892133885786
2313,4.560790061802927
2314,4.7212319623574714
2315,225.9436027867668
2316,7.395201296142806
2317,3.666544432552546
2318,242.79859160363773
2319,6.5707571478837785
2320,94.29251663799218
2321,3.5096661730746583
2322,240.25847066150834
2323,173.81441758247016
2324,2.0252734483301627
2325,34.05481520367863
2326,3.330156617483602
2327,108.42498829842411
2328,3.9296355792895348
2329,340.3395017548769
2330,179.06170754849825
2331,1.6142674160192367
2332,276.58256864868264
2333,-2.2743097012697504
2334,8.96085570664546
2335,5.599534958330925
2336,52.79677005696502
2337,146.57088355546605
2338,188.32703637614645
2339,30.863248093779866
2340,42.369053034571586
2341,140.07006849468988
2342,2.1961491009487095
2343,6.013502377637154
2344,251.1230407843746
2345,5.954521528041188
2346,101.25420163110887
2347,122.79844169382113
2348,1.8277131835367937
2349,274.1677652911886
2350,48.14446974916365
2351,5.138278515317388
2352,4.947207670937944
2353,1.8166403212346935
2354,-12.055301158858978
2355,140.3047681920214
2356,3.6329446791824553
2357,102.16762385801947
2358,6.033893943736512
2359,6.763125210264082
2360,4.63023543210687
2361,5.888438176736338
2362,244.51597784208204
2363,4.424219271656995
2364,233.6180964337259
2365,83.15335208424052
2366,44.482654583810614
2367,46.717420087968115
2368,-53.614608837870605
2369,4.124211539458464
2370,233.57954954419566
2371,27.458379067410455
2372,68.51334636511687
2373,1.9387954417984141
2374,-57.831974810846184
2375,1.811089017498776
2376,132.8950067577037
2377,101.68014731618983
2378,5.654068295660004
2379,6.533817239604456
2380,36.50443551820073
2381,149.2536921736338
2382,162.73142781278221
2383,52.12320007220516
2384,3.467431799497568
2385,257.0484714150477
2386,5.826074153611907
2387,18.828565412993797
2388,257.9626541509063
2389,85.88814907138534
2390,2.0125053244953905
2391,113.16621285625027
2392,24.160647913687928
2393,54.49074667068765
2394,133.16239511910226
2395,5.886698560320188
2396,2.635358872309704
2397,293.1256579123753
2398,288.44703257149985
2399,4.7180665674784805
2400,181.738053027455
2401,70.28680958408808
2402,224.2031483108747
2403,6.174595714980379
2404,1.9552063772249262
2405,5.151645059468138
2406,2.5774477136686604
2407,82.8360275475481
2408,265.16492782264106
2409,197.65779950058504
2410,4.390013186011451
2411,6.517346168495507
2412,299.7024491907634
2413,-15.306241269207675
2414,3.97366760379062
2415,61.5561900357348
2416,257.47570793861337
2417,27.816202266161532
2418,3.007645173238793
2419,4.153431046837072
2420,1.7968507931287547
2421,8.020729786498054
2422,236.52588388066505
2423,2.397103842012464
2424,176.2391700214598
2425,6.566496414960569
2426,-4.238157765917222
2427,166.22813958951718
2428,23.68775662638568
2429,3.252825402060491
2430,5.9785032655006685
2431,2.534487986202605
2432,315.57546498353486
2433,258.89070811488864
2434,4.596070496475047
2435,57.52317406881387
2436,227.39444802173318
2437,-73.81093471539995
2438,5.7844169987368
2439,7.134148706978619
2440,229.01398201145207
2441,6.401055504922347
2442,5.889673125791068
2443,5.00926610387796
2444,-66.741940753572
2445,6.350047400287108
2446,5.650948084601424
2447,234.11180712143477
2448,6.617571086333033
2449,6.2600998752213775
2450,41.84724609027189
2451,2.8698199073667694
2452,4.36761168237819
2453,40.779397967502426
2454,290.61633149063357
2455,135.82508575802424
2456,3.353179015222027
2457,254.09566741513342
2458,5.698209392153025
2459,1.5828505783827909
2460,5.874810772108814
2461,61.51372848540893
2462,57.63949296804714
2463,6.335674813656665
2464,-84.22642626160308
2465,28.102324561613166
2466,209.11631958358421
2467,153.62352819151542
2468,265.5435724575687
2469,256.5883328093933
2470,5.864049824578641
2471,131.47765594730046
2472,2.893909940570565
2473,42.98976155985975
2474,193.98322704895062
2475,6.532324046608528
2476,110.5384748275178
2477,132.24053374428297
2478,167.56495428554214
2479,5.242041403059787
2480,51.882595797220034
2481,55.75385005749436
2482,2.0936900885386347
2483,5.0401310760111615
2484,116.8696806862934
2485,125.83269714116038
2486,6.936300241220458
2487,5.496572900297362
2488,-47.387582300271085
2489,190.64926977582164
2490,5.6146323720332
2491,151.86867826670345
2492,55.3489049681716
2493,68.24588927205025
2494,5.81950741144974
2495,5.477507424551266
2496,108.10936897909068
2497,65.99942872649639
2498,1.8832072640958775
2499,6.749017760713031
2500,1.8815537899988086
2501,90.15755342941858
2502,246.056680849298
2503,98.41659691744654
2504,338.9426611854538
2505,3.0709436253756266
2506,4.6143718139484475
2507,269.57640765862044
2508,205.11835180535516
2509,104.87865326468393
2510,6.630091511268656
2511,213.8509866289579
2512,73.4530030595123
2513,135.50162174724136
2514,216.27557316299698
2515,304.698842322646
2516,1.7482011897612906
2517,2.058228648256642
2518,294.75860482168997
2519,4.311641731925658
2520,80.50645013918864
2521,144.49240442619484
2522,1.4057821468683491
2523,5.345818558788217
2524,5.064004281470691
2525,292.6293893045196
2526,2.8934701610788833
2527,3.731370656918545
2528,234.37875888197416
2529,121.24243667529943
2530,243.03817482746408
2531,274.89549878462947
2532,57.86703600540743
2533,2.0330892700410508
2534,6.055590767830891
2535,5.868377980441883
2536,3.878332162967253
2537,6.489555676769708
2538,5.967390268422397
2539,161.07512488699135
2540,2.0897414244086985
2541,5.868179199779173
2542,6.917159244007288
2543,5.826888667563885
2544,147.71651492699203
2545,2.538613476854242
2546,286.0130574013745
2547,21.14407336292993
2548,7.063816245627599
2549,157.88756692078468
2550,112.87191701322415
2551,-28.11211233659337
2552,1.9814253099796104
2553,281.8186842495067
2554,2.38567379424343
2555,65.68939612590006
2556,136.39849889572073
2557,4.5498012976407605
2558,21.39096676712551
2559,6.510473957372522
2560,207.37701960939364
2561,2.5211641203680837
2562,207.09112672974513
2563,234.47873761667566
2564,265.9352170326938
2565,4.807533598177577
2566,4.669858620779575
2567,257.21282536672976
2568,10.445849297154373
2569,71.89995331130818
2570,3.6977663892356842
2571,104.22734588607368
2572,-46.00037041970238
2573,191.73626357891243
2574,3.1501962050061354
2575,4.74318921049169
2576,3.6674562118386653
2577,6.455616560201111
2578,40.37958905782481
2579,5.764260717290956
2580,5.383728242329154
2581,2.880265097141773
2582,12.68811397793443
2583,2.300652729814816
2584,6.858309535002364
2585,31.16364013915427
2586,4.8836720445975335
2587,228.06987491125133
2588,200.41595850438873
2589,4.778086909878573
2590,34.073139031723905
2591,1.8521396606520193
2592,114.13646119891796
2593,57.05836631242145
2594,74.01525791388111
2595,56.20674310682421
2596,51.77343789077595
2597,5.633445583121145
2598,6.3555513583698096
2599,22.479385786274968
2600,4.219403214986695
2601,219.3675860839456
2602,6.004829422033075
2603,345.5442149837626
2604,156.26394171226735
2605,48.30942988417051
2606,3.5466927893912366
2607,38.33866183468712
2608,184.01624575369115
2609,43.988035631896764
2610,2.6015596505327023
2611,-10.15858394521018
2612,3.7243373850328765
2613,4.462729615140857
2614,2.933319513634162
2615,122.98162330999068
2616,139.8567423737236
2617,262.42896606066995
2618,208.2329191835277
2619,4.995403769451901
2620,2.4971840401743126
2621,4.517277729240001
2622,2.660689129122602
2623,1.9331968288997214
2624,6.969874570322694
2625,127.83832778209111
2626,283.60510979305525
2627,42.43445060681307
2628,127.3998991883592
2629,45.29172331160156
2630,134.24138047123608
2631,36.98844695723465
2632,6.0753129858082975
2633,283.3819867852173
2634,54.7934864618045
2635,139.53424246256992
2636,-38.84726224880576
2637,3.586277184166046
2638,-69.78331589529327
2639,-58.86171850785344
2640,186.5571163525903
2641,4.4402395788319335
2642,5.694036786344997
2643,150.12288275658227
2644,151.66459059380057
2645,216.0209008875016
2646,2.0852223403486874
2647,3.497881350914237
2648,4.512052768531827
2649,5.85888036761607
2650,259.9593404670085
2651,215.5474482499836
2652,56.33715203840679
2653,3.5333347400133777
2654,37.091810217290835
2655,233.85257799355145
2656,246.85011915915914
2657,2.8189509018328227
2658,-5.827421029136053
2659,276.5021676144859
2660,1.8198682487099818
2661,277.4039902914756
2662,88.37840685383061
2663,-10.81637010268632
2664,76.1103964982398
2665,264.5388269743529
2666,210.2475268501611
2667,-31.312288833520793
2668,25.242180195864112
2669,6.792134344984724
2670,120.74362348403443
2671,195.41665676565563
2672,110.34148654361599
2673,236.42858403831855
2674,238.5816334836155
2675,2.0062309508775362
2676,-42.05841921657977
2677,342.62878894818925
2678,8.598856682726728
2679,5.729316903592973
2680,79.97920243302987
2681,4.923025817615597
2682,2.489807519492164
2683,2.4178229653492416
2684,2.1870575719762098
2685,6.501016790753965
2686,14.751295724858341
2687,62.76995736259623
2688,55.438349559421354
2689,38.66418828341952
2690,146.0101791695061
2691,84.02395129638774
2692,50.68995633192653
2693,137.80200465264232
2694,100.58062226801499
2695,6.582932224922841
2696,132.7338619151418
2697,3.847849080882754
2698,2.4289514874371854
2699,3.995208611779497
2700,200.57792489705398
2701,62.34776492573367
2702,-9.708368515922476
2703,3.820574162879039
2704,151.22425892542753
2705,2.7691682641246427
2706,5.230323391058233
2707,196.8068047246133
2708,2.7063752287579517
2709,55.961705166556996
2710,5.8940453050081505
2711,173.48376746704915
2712,1.8350115235174833
2713,111.96489885723355
2714,-40.63965282236765
2715,4.6830622703952525
2716,2.7024610590593876
2717,286.4048223077539
2718,2.9267202032764494
2719,3.237835691993327
2720,6.768910154981759
2721,6.2473281615879
2722,4.217229530524118
2723,223.1934285997727
2724,6.607521150385581
2725,32.2719754198026
2726,8.951366447075914
2727,316.9212222361138
2728,46.995575760577154
2729,173.20773561690564
2730,180.449588594356
2731,162.88187186574078
2732,6.1021823442968515
2733,222.4271337463911
2734,120.35462009051483
2735,93.41208013695572
2736,77.0687453901753
2737,180.91568699709768
2738,119.35746506398827
2739,114.42114407971688
2740,5.6494446585686315
2741,52.39505292231744
2742,1.5162633789112803
2743,17.57933836811022
2744,-21.543835368814182
2745,4.862616049047649
2746,192.78854792968872
2747,181.06631183716905
2748,2.6146298948037914
2749,5.42509155153328
2750,222.55260709301592
2751,261.47211162299203
2752,3.0039695889279763
2753,110.66173344573333
2754,0.646892580489267
2755,35.824671965776005
2756,248.0297886061466
2757,5.7693529003106025
2758,282.7879347587055
2759,62.3457372962293
2760,171.33726324004215
2761,6.536645179912348
2762,3.8181874657359756
2763,124.12728783103526
2764,4.789911562103167
2765,128.2930465269948
2766,1.899489455951196
2767,274.26577796525095
2768,4.827593554577284
2769,3.092208724099972
2770,180.56917225290653
2771,137.3767820581114
2772,7.168034286635521
2773,3.1380895547430514
2774,4.723257429115024
2775,5.915350401222755
2776,3.999864506392775
2777,253.6550623374281
2778,30.93257077721563
2779,2.067614382078599
2780,2.6032828167366144
2781,240.47383662732585
2782,219.64794531791057
2783,6.122755163450856
2784,-3.903609716836678
2785,5.707632669600206
2786,3.6100316645347252
2787,55.479810437108426
2788,19.050808006841773
2789,162.48830402685883
2790,204.81807850476386
2791,84.09490767377434
2792,160.1847081045296
2793,172.34240048417308
2794,172.17517415468984
2795,53.69189055882654
2796,224.95565335649
2797,132.29989425123097
2798,36.92941941412586
2799,30.482996159950723
2800,4.92333619989483
2801,4.475415781388231
2802,3.2090071145772945
2803,53.139092044686485
2804,3.6486929819238347
2805,46.69393646908115
2806,7.351125904417154
2807,32.26882073300955
2808,94.45487487300606
2809,6.362412356768456
2810,5.492606562676505
2811,166.3007522351346
2812,5.97265431156132
2813,9.131012653692812
2814,6.153652205483137
2815,267.6371758684587
2816,70.55949946045186
2817,259.45127918188433
2818,123.46004861581358
2819,48.77220249389366
2820,158.1143463148657
2821,50.42103852739311
2822,6.123201965027626
2823,37.61501429764161
2824,256.5817905906856
2825,132.25128588702628
2826,-56.191155566511675
2827,6.54046830850997
2828,5.611255755359377
2829,4.855725748722218
2830,6.779992337734358
2831,6.007280018900628
2832,5.878347486869249
2833,133.5963745013715
2834,3.6671429385272702
2835,2.987703491024057
2836,3.5605898324196206
2837,3.578303111105983
2838,5.702666466057433
2839,1.9425506778448134
2840,56.1680531739636
2841,54.37892771830095
2842,281.58089824937497
2843,5.988492690122052
2844,177.17803443760167
2845,286.865454214367
2846,3.4698644670632808
2847,100.95225148201894
2848,9.51706638813446
2849,-61.40377572549077
2850,6.643145736640735
2851,7.036199975988885
2852,-35.38343822792099
2853,116.21532613915889
2854,2.3851296369357504
2855,63.14496553429448
2856,5.938878262772723
2857,55.12466664977899
2858,211.02430264834047
2859,1.4757080353795873
2860,142.24434663271933
2861,285.2092229541859
2862,274.55799754012963
2863,3.009674076739273
2864,276.4465199302133
2865,215.21686660148185
2866,1.9335407700892802
2867,2.542960087105579
2868,77.1822716236339
2869,54.49254818459768
2870,182.74555351795996
2871,6.099129979419876
2872,242.85341587998448
2873,4.955762503050337
2874,6.505992482344751
2875,4.2724227947882465
2876,-24.953304807778075
2877,278.7878499937962
2878,-79.53715146221573
2879,5.221907442204527
2880,231.05776984848268
2881,5.502063372511323
2882,6.10445621287835
2883,4.3984035192884425
2884,6.691796760746546
2885,198.29314841329844
2886,237.54674798126854
2887,5.871812263446385
2888,1.9139746060946523
2889,5.976274047196157
2890,2.3948366739677267
2891,-55.915252802356505
2892,150.91823845592114
2893,58.97187178522448
2894,53.27399853693746
2895,5.0437874796384845
2896,2.4090178028221385
2897,5.298821214028128
2898,112.99886932265409
2899,26.77329680782035
2900,3.2835965745463427
2901,54.63461022405885
2902,241.8466465310077
2903,271.18599790871724
2904,4.123957923550178
2905,4.536061182027646
2906,28.579052074366867
2907,4.128229745922758
2908,8.223800169368456
2909,2.0300156149144746
2910,118.56600017703076
2911,3.711483498843272
2912,2.1468644612285965
2913,6.5823985684601025
2914,-3.821046085315335
2915,8.163325029302403
2916,247.20840101420467
2917,161.40762737502357
2918,3.7591589308905986
2919,352.36127380389746
2920,202.28452299185403
2921,5.405394129461535
2922,3.7525998913970167
2923,220.69279472040697
2924,5.42715771027788
2925,4.885147316147407
2926,5.769113222965535
2927,42.88481873397352
2928,6.292841069751196
2929,166.5039201699089
2930,273.3452957492675
2931,2.3473271798169444
2932,5.633736519988431
2933,53.57373089587036
2934,109.32891728012433
2935,6.637387808254459
2936,-60.49853981351822
2937,6.050035473740537
2938,-0.5097983210415391
2939,3.021855347011541
2940,161.2149265185461
2941,85.5367762254723
2942,104.71368319538165
2943,6.185213759893768
2944,6.594768009894866
2945,5.703118408633001
2946,6.143240061456516
2947,-45.674314446424724
2948,2.558674297026988
2949,6.7104419617418785
2950,2.759030313957222
2951,140.17676167405133
2952,138.5196212080056
2953,6.873465121198546
2954,1.642073667999827
2955,8.35499948051418
2956,6.7419897704740865
2957,113.83187577717078
2958,5.205774159672162
2959,216.86053705573283
2960,6.174249275532589
2961,163.73749225913775
2962,3.804868122269897
2963,4.162190927040902
2964,238.93545975567216
2965,183.03610042049212
2966,4.39927546499824
2967,3.6029663066291393
2968,176.6601985038917
2969,-80.74303545682884
2970,1.8940430021764976
2971,221.4892268621325
2972,6.864435909145816
2973,203.07928834205205
2974,258.8729605756382
2975,3.8197913887592017
2976,45.57528316537049
2977,33.6704309844244
2978,3.9559137431452474
2979,4.601774144702954
2980,305.9835898264085
2981,322.9310451638944
2982,146.46486372135774
2983,129.62234294954584
2984,273.61497336310157
2985,130.8923143374559
2986,299.21808633456266
2987,219.84546139361143
2988,123.28885775433582
2989,77.55877502663805
2990,46.8635633941374
2991,6.786758085058317
2992,2.8452706136647867
2993,5.322360435363019
2994,39.64142693139128
2995,14.454020323921675
2996,3.8196040267134266
2997,3.279662771774513
2998,103.41207441798856
2999,141.90897513729863
3000,76.81821873114686
3001,2.6561823411716308
3002,293.2064903856567
3003,4.6593833304157934
3004,282.0421841175806
3005,106.90786627870708
3006,104.18900391878272
3007,6.50605974197121
3008,3.1763089189387372
3009,35.909179345020064
3010,4.225276112513709
3011,76.98918735450479
3012,5.253493737578864
3013,188.95838884383343
3014,6.71930408828347
3015,3.1500122531118078
3016,5.939724587995578
3017,6.227666701224143
3018,4.400429760222336
3019,227.16890776149754
3020,3.6762662764352316
3021,228.81321033337906
3022,271.9662930956791
3023,2.697752382541724
3024,110.35023436112851
3025,241.9643297922247
3026,168.59558284097056
3027,6.070814531431383
3028,5.447789882065484
3029,-23.889937435751598
3030,-44.395658914826576
3031,6.037638112597254
3032,6.414457064918979
3033,4.999255524932435
3034,128.06626211651607
3035,146.60657786871448
3036,222.31440179238285
3037,5.5157863663871085
3038,2.134215862802269
3039,-31.527524992071648
3040,176.36659092331303
3041,4.8074740508475236
3042,-0.18369248808431182
3043,5.853467255419623
3044,236.74034569966304
3045,164.50952321668248
3046,4.435174942974854
3047,3.8837468986888335
3048,37.41209466705892
3049,5.779990902380581
3050,230.7007365936843
3051,94.79135399133193
3052,6.4664627797006204
3053,4.018074073958291
3054,132.41558680515675
3055,190.01866184822325
3056,53.3695466758956
3057,3.2300039747244145
3058,96.37707183455467
3059,1.8535955771518626
3060,240.6198959979646
3061,5.170668733470643
3062,226.5972861807714
3063,135.90492802372492
3064,241.61062155423548
3065,239.79659142574118
3066,140.62847656512315
3067,41.374712925077056
3068,6.039505733422261
3069,6.001561753335518
3070,4.064531845501066
3071,6.280014520484183
3072,191.26601041553772
3073,135.23684263170918
3074,6.285239005895998
3075,5.858346410533475
3076,154.29842540438537
3077,35.9619409841198
3078,78.50670159703724
3079,5.201688766631632
3080,3.1858202561916236
3081,4.944308687719492
3082,96.58927193013868
3083,153.37703926104075
3084,1.2632660910197109
3085,5.522963222836415
3086,202.4857367415473
3087,3.102243839330401
3088,91.97651143601107
3089,3.5352419354423983
3090,301.83994627610576
3091,162.03488113092598
3092,96.0328095398243
3093,4.12763371375623
3094,179.87020503341233
3095,264.08349170694584
3096,140.55286624584042
3097,4.816374905114488
3098,6.31117312289863
3099,20.07781530806302
3100,84.82505954517242
3101,3.675109669587651
3102,2.2298997242245515
3103,3.2054243846451795
3104,39.008644857900975
3105,4.4882161958986195
3106,38.06215993043767
3107,1.5308427408242142
3108,2.572916423184677
3109,5.615660830741008
3110,253.90790320864028
3111,1.945415010741424
3112,215.23517804015384
3113,5.515245987204366
3114,45.78242867123679
3115,274.73956165313103
3116,111.28596423061751
3117,16.22673538583996
3118,267.1332826795675
3119,4.746523959936272
3120,45.460160088889786
3121,23.361788165952827
3122,132.6391471627118
3123,3.9978305610371234
3124,2.613533005695451
3125,3.569976256830695
3126,207.73497297954893
3127,254.32272909144038
3128,44.11668250339676
3129,360.5243878089803
3130,2.091907149530476
3131,106.12980824491126
3132,197.16924681314217
3133,124.72364625068441
3134,232.89791038565033
3135,1.701063290884326
3136,311.5159226124516
3137,2.944655367622463
3138,166.63120097004054
3139,5.818872249801421
3140,2.4423999328949346
3141,33.15767924053154
3142,2.9520353641425787
3143,114.98979662181918
3144,254.20389169611306
3145,5.265779683689109
3146,284.3534272030353
3147,94.18521976868108
3148,92.04933382456578
3149,-1.6043526041181342
3150,1.6866239898248911
3151,244.35832710033327
3152,7.13837053818961
3153,236.3218698604297
3154,178.5751878129284
3155,51.931180570322304
3156,53.51823460939592
3157,4.851186145449727
3158,274.4632358290703
3159,102.31996799874753
3160,266.1289170639776
3161,-34.89999292490817
3162,3.1090631723014948
3163,205.01779321351717
3164,3.0761556355889317
3165,-6.8664626025089674
3166,57.58245217556028
3167,6.585386678888787
3168,5.4389583706816005
3169,3.747797962493284
3170,216.65555239947358
3171,2.9029302098738694
3172,221.9791759454705
3173,285.7343394557204
3174,69.29556120897418
3175,-64.40642403651484
3176,3.590803546872701
3177,3.1592226489803252
3178,188.1557724922555
3179,6.450860019258686
3180,314.51588634727
3181,181.42976084439792
3182,283.49507662251136
3183,6.086445817621195
3184,52.55907673144188
3185,7.350351322897004
3186,128.2118113489024
3187,270.60421593202096
3188,-43.222931163378476
3189,238.39464142840006
3190,4.692849528947085
3191,245.9895460102059
3192,61.268146493448796
3193,6.567500264140234
3194,4.20335052520144
3195,5.926105732972326
3196,141.52189850523226
3197,5.431742926750601
3198,152.53687387405705
3199,184.0269958376164
3200,1.8901102427776661
3201,301.81696809679846
3202,4.7602195383465356
3203,4.9601188723486604
3204,20.238741988710245
3205,6.644566447015924
3206,271.4801262502583
3207,5.868486412298857
3208,193.665397929564
3209,-23.86787450675763
3210,7.562491228329488
3211,181.6767552415952
3212,216.67947894849272
3213,2.6673991034383064
3214,256.582681428356
3215,3.2028302285602974
3216,6.108230442873119
3217,127.83731119407076
3218,283.8431744228211
3219,87.05593764621582
3220,87.48995614398507
3221,77.64874639797304
3222,257.86403077069684
3223,342.6103450578968
3224,-68.80225534208864
3225,145.13997137971018
3226,6.022828611849139
3227,5.931940936149857
3228,15.334732868269509
3229,292.31266458739213
3230,221.86159181683473
3231,6.257078286170662
3232,4.897249917307001
3233,5.690396982262803
3234,4.144931035504161
3235,107.17851717895829
3236,140.18329357505502
3237,3.0711088298956604
3238,305.1223713348876
3239,6.6049012139183265
3240,74.75297138960835
3241,20.51525882393369
3242,2.7567880263043962
3243,33.04055876467759
3244,198.26895278857512
3245,5.455221017721469
3246,248.3465246472522
3247,6.3320207356727956
3248,42.161676382691525
3249,-3.962853778834851
3250,228.74937111649308
3251,227.5736956031557
3252,109.6243234621698
3253,60.76971732051562
3254,149.57606926764578
3255,6.34638748178931
3256,6.370076695094584
3257,22.9916998133752
3258,2.6302256250037255
3259,67.33174022859617
3260,5.890835749663065
3261,125.75629889818273
3262,310.9900775416518
3263,1.9951301817017562
3264,3.328613404133824
3265,156.34089886652677
3266,3.7003403568683506
3267,6.710362926374849
3268,3.258665768160034
3269,4.179173526958701
3270,51.72045807874771
3271,218.5247311953225
3272,2.2458112487984394
3273,193.58179066968356
3274,192.46184259855391
3275,128.46104370214624
3276,97.23951392669576
3277,5.643875437980494
3278,6.562613448821811
3279,3.4388369341901677
3280,157.333266019897
3281,269.3858152375007
3282,2.7382265539730364
3283,386.3421740646071
3284,346.60659455240716
3285,86.26302633103265
3286,3.216516321494228
3287,11.43331040289867
3288,96.01728591693072
3289,1.8016978556785779
3290,66.27095112202998
3291,248.76696231646454
3292,2.869419563146703
3293,57.775969810066215
3294,212.22020312823034
3295,124.0990660621082
3296,37.119984737244984
3297,202.65596822098482
3298,2.2186796459433764
3299,246.9998450764246
3300,4.729112549413093
3301,210.8264311884918
3302,220.15264342999401
3303,0.8291446080378733
3304,227.067074002919
3305,5.60371519123067
3306,4.52394963622584
3307,185.0493527161094
3308,3.23217271489664
3309,6.48151981420812
3310,-47.54257889515199
3311,2.422816056208579
3312,3.4941565397760734
3313,2.5618021433763865
3314,6.098249583672219
3315,4.757138893193847
3316,315.2566985318945
3317,301.67633512390313
3318,52.10619626712259
3319,1.9612279947826408
3320,1.8589926187903876
3321,5.293979255094138
3322,148.59084693271987
3323,4.781660932177525
3324,3.5965323017957926
3325,319.73084706246493
3326,71.10715611919873
3327,-54.133903657446325
3328,6.3334451773955065
3329,1.8501328973454205
3330,186.2527418735389
3331,100.7094305819688
3332,3.5708758158351896
3333,231.5315944221581
3334,113.31744461521897
3335,3.4533878417395907
3336,4.434637743512447
3337,2.613390923618808
3338,1.741793086042438
3339,6.33887351923041
3340,32.155851690885655
3341,59.624783644719344
3342,220.05165047271151
3343,140.5956125590119
3344,3.1839748162162933
3345,253.94562742695544
3346,299.4979960769207
3347,177.42703233969476
3348,66.89318420875341
3349,5.609250263749177
3350,3.611680283940565
3351,2.633238860754258
3352,1.8427375535984305
3353,150.427743684026
3354,82.0485200986176
3355,2.862859212299424
3356,310.7630396194713
3357,3.600095186807169
3358,254.89229531338555
3359,85.16389832088237
3360,136.1635600684892
3361,2.7416393346847787
3362,2.7136327736956023
3363,2.77243928658634
3364,30.11146117330783
3365,115.43816054809068
3366,0.9361952318088553
3367,3.9546764418021407
3368,82.80459428115975
3369,4.533323431627288
3370,65.42871393617335
3371,-6.983392808312416
3372,197.44069831198357
3373,54.875034754333385
3374,310.4595738845507
3375,2.3873223727988955
3376,2.6278659212902404
3377,113.22779187648372
3378,5.429909625089831
3379,30.63960942765253
3380,314.980351590092
3381,6.680732859216607
3382,94.32292009503536
3383,5.788773886858351
3384,38.01657695085835
3385,3.4095210827282774
3386,48.606070636586566
3387,2.192688714257619
3388,177.98314403440833
3389,216.65973774052267
3390,2.0266077891569183
3391,5.764782236693263
3392,5.07297191853792
3393,169.3387782656412
3394,134.7753025692342
3395,5.1504563784865915
3396,5.572156009289685
3397,138.56531868166394
3398,1.9551957599304084
3399,211.03695001239612
3400,169.00504184796176
3401,5.298102237899053
3402,1.3422131014956025
3403,78.97229824872151
3404,129.3834003550782
3405,183.08631080150522
3406,157.72742218508913
3407,4.7129653984737345
3408,85.51437495977336
3409,115.44427194998491
3410,5.8770512281166525
3411,5.313541624082809
3412,36.40015912650937
3413,2.2254120687694616
3414,6.903091708136104
3415,103.12078490126137
3416,83.1799345191248
3417,185.45731273920663
3418,167.52159375114758
3419,-7.590419322338462
3420,43.031651582263564
3421,-51.001228181266626
3422,170.0518294372972
3423,1.9828070117398364
3424,3.6656602324562804
3425,27.01363758181191
3426,3.618215319566079
3427,63.435838448746146
3428,3.250546969602233
3429,327.47126219761776
3430,306.74501531806027
3431,99.27176099397823
3432,5.891035690357007
3433,78.04220357056957
3434,1.9418728811964425
3435,307.69380470214736
3436,211.5174555064511
3437,3.3315547676604735
3438,30.06997892121378
3439,260.06084423240463
3440,6.713390750988337
3441,4.950578959475745
3442,240.61124078470436
3443,5.08071386753331
3444,208.89983987865938
3445,3.8243609243995875
3446,5.793898658972148
3447,262.62709752233064
3448,5.35170825849633
3449,5.7468045420528036
3450,111.69699296303722
3451,198.37401632068443
3452,2.0685461424480764
3453,3.435673612694409
3454,17.08882318543148
3455,4.038534886648843
3456,5.282132052485224
3457,3.963549164893762
3458,6.245081611585569
3459,167.95018386572394
3460,-36.21904674693721
3461,5.217016755828471
3462,38.0898105593471
3463,214.13830101051158
3464,4.380590884574746
3465,2.570612635801841
3466,5.579485400834156
3467,105.5799781726011
3468,34.98238622732833
3469,308.68522735486295
3470,159.6658857798073
3471,31.10718165008946
3472,274.8114476610783
3473,6.1434657447367425
3474,3.335804619990201
3475,4.8605546924745715
3476,30.930938725382987
3477,3.7622628131312297
3478,6.862422583121994
3479,2.712229741052351
3480,100.93769483466536
3481,143.42440305341296
3482,94.93693876362515
3483,70.08501491593562
3484,172.55072816922615
3485,2.363073815183431
3486,221.18625953808169
3487,5.837985032860634
3488,4.645323096319494
3489,3.4270144913646297
3490,6.494849916977239
3491,2.98505261817174
3492,2.165321656993699
3493,302.2081419056881
3494,139.1355359611646
3495,6.336862424635552
3496,14.602787868419327
3497,4.566275477634607
3498,6.6544658987672225
3499,-21.733943430235986
3500,99.23672388460568
3501,282.93845795817595
3502,5.970857661046896
3503,3.4507001406991957
3504,46.132851658410424
3505,135.21052375964976
3506,86.42040720180907
3507,6.289984391351172
3508,3.3319728044797006
3509,3.379094382920899
3510,275.9381079228915
3511,2.042004728522053
3512,76.37793977666655
3513,94.33172325015661
3514,3.496633202800656
3515,54.16840846526336
3516,3.475210808253286
3517,205.518270318105
3518,4.4051265970834965
3519,220.6647125198101
3520,289.94620405084913
3521,1.9042964475728419
3522,9.030299457275593
3523,4.472630895879471
3524,6.676269583671196
3525,5.290799308278922
3526,37.693299568689774
3527,1.6785333335158252
3528,287.9926658902799
3529,197.92582380507127
3530,2.4957001512642174
3531,83.14913276620689
3532,267.480928385007
3533,26.652066824393764
3534,8.16714195137572
3535,93.22225176246084
3536,3.459720517802503
3537,82.2933935199526
3538,7.041507613171129
3539,-9.856750208398102
3540,152.63892217938528
3541,-53.28499735377335
3542,2.482165534232522
3543,186.58364454268906
3544,42.620123807535336
3545,2.5518311032078147
3546,5.33187215372743
3547,177.25712930661828
3548,5.827227330571894
3549,1.757935473126738
3550,4.423032930680096
3551,4.0794767484390615
3552,5.6546066695111765
3553,5.811151711448371
3554,176.1221582775791
3555,3.6899670292592033
3556,2.0776069660294065
3557,117.40423776411964
3558,5.283152943160646
3559,101.83268765145345
3560,63.66270577864435
3561,6.183860984172865
3562,31.936941265801295
3563,-51.44384388389225
3564,5.888368711047444
3565,4.948714090378598
3566,165.3967981085106
3567,1.9792675425714596
3568,239.7068417788574
3569,164.59392181625276
3570,32.89774876003195
3571,197.01937924000006
3572,1.8439186528266949
3573,6.389835584878332
3574,5.6204896505756725
3575,1.7429859526985276
3576,5.1366771580477
3577,6.539485713564233
3578,74.24644439840156
3579,2.077196836227633
3580,69.17992937699276
3581,241.39976547159222
3582,72.85766496100102
3583,75.01647839322995
3584,6.7751286587306545
3585,37.38456758181836
3586,5.858985288965858
3587,43.767211005175426
3588,3.3747904568209672
3589,222.4712286987366
3590,3.0668041375114092
3591,3.549294716085918
3592,179.97786371145713
3593,4.371606813338647
3594,23.984005788836768
3595,6.6851956557105146
3596,29.444178146147426
3597,316.2364576123967
3598,77.41700327052685
3599,88.622714832089
3600,2.6244207526832177
3601,285.0456482946154
3602,30.100590541926714
3603,5.464406778067481
3604,2.6325308733927044
3605,153.2632661362726
3606,2.103062758829524
3607,4.306574281449569
3608,288.1058534024373
3609,186.72988696031723
3610,38.375174263638456
3611,5.304469386046501
3612,264.588685518001
3613,6.366008389165213
3614,4.763372828379751
3615,6.495491457408919
3616,52.62668424890129
3617,5.021451442227878
3618,2.528397751313867
3619,-44.338122514432385
3620,-6.752180849373746
3621,71.94195751756575
3622,5.465035710171785
3623,260.53114642272374
3624,-2.6375380075876276
3625,116.13309792630392
3626,20.1924537623292
3627,28.673991501997925
3628,6.620103674462255
3629,48.51115527915223
3630,251.03020260299124
3631,305.2594845234852
3632,254.1813728244945
3633,256.5730388409879
3634,110.3356548655707
3635,134.28765484327218
3636,4.62004409866309
3637,41.08275314784804
3638,58.299264492776054
3639,5.11273906477884
3640,330.8197121683767
3641,216.8219243394842
3642,151.5405525191493
3643,191.8948031654514
3644,6.617493186478004
3645,126.64008163667359
3646,2.5546145441999526
3647,5.9517727447133755
3648,239.21018741411524
3649,14.26870690017429
3650,3.140896980156072
3651,198.99209075706963
3652,41.139344722708536
3653,-3.245499561314724
3654,72.0236037874
3655,2.223025030650856
3656,156.26360562182697
3657,5.795206711380305
3658,8.114638889867674
3659,4.737418183778902
3660,5.776885168442387
3661,58.22836978980532
3662,2.184337905795818
3663,5.679708809847523
3664,125.30722398136504
3665,4.975219984953317
3666,274.8671419498851
3667,248.96309651222518
3668,271.00341218063653
3669,235.2551454746173
3670,6.593728255179432
3671,6.709644376555978
3672,203.56329256909746
3673,5.167464611051489
3674,292.1946083774793
3675,144.92129024989993
3676,58.38040896953917
3677,37.26876751035904
3678,-1.5075426397573835
3679,4.596824801420259
3680,2.644835543551082
3681,159.80238781779207
3682,79.22150993443434
3683,168.2550531260906
3684,34.88529107315766
3685,150.44896954616956
3686,273.2537427197037
3687,117.68214926744106
3688,267.31964925950103
3689,2.338354644459396
3690,186.51996857468342
3691,201.69538873369305
3692,286.7568314297435
3693,272.70026644172407
3694,1.5811538411560169
3695,252.3300932210265
3696,203.56303390483419
3697,0.8234437796397356
3698,-12.263653220920384
3699,4.391612478507674
3700,5.540048263092029
3701,364.0486297230108
3702,3.947273714936705
3703,3.8477658432947743
3704,6.088955098584519
3705,1.4524878504550522
3706,53.275888909996176
3707,14.017422968287228
3708,132.66602735480902
3709,3.1649641679595693
3710,6.387264160801855
3711,339.63021464551855
3712,86.86612384188409
3713,5.616157867495262
3714,313.7954895858446
3715,2.364852244819493
3716,2.028919909520431
3717,147.52838298912584
3718,77.83758948272275
3719,171.03547941173426
3720,164.32677226483213
3721,1.6975037137284774
3722,3.923296548495646
3723,3.18328517548538
3724,1.8622005894450282
3725,66.04867466043356
3726,1.7149334425813376
3727,230.16973971221879
3728,65.85768118952595
3729,-38.847792652496196
3730,134.98405273834192
3731,81.3118100622056
3732,3.392574213326928
3733,-35.069489126806076
3734,3.1578622411987967
3735,2.1919969693878922
3736,20.800490535610454
3737,6.285429511319385
3738,198.09853332962723
3739,-41.08600316679898
3740,238.1089014141797
3741,26.042757685316268
3742,258.9056116049222
3743,2.445583694180443
3744,67.71042100674248
3745,-15.133988209485054
3746,5.083651097277917
3747,5.121954825384169
3748,177.57468070928127
3749,77.8243717447078
3750,1.593098128158749
3751,217.9477621875277
3752,95.70324403552041
3753,4.72116786033658
3754,3.9467679882900866
3755,3.0836336669252065
3756,5.621318700138506
3757,36.87257787718012
3758,6.090878837513294
3759,47.43484143589626
3760,1.9328217845243367
3761,5.7513771105110845
3762,6.821545540832121
3763,130.64339915811163
3764,175.10162081004452
3765,351.2333490389406
3766,6.590114171038566
3767,290.2630608837898
3768,62.67600728639296
3769,1.6388188199652929
3770,137.4599892721548
3771,3.4494241597274256
3772,204.38402428326233
3773,242.24570693922067
3774,2.616186353713044
3775,3.893198640753032
3776,243.8725228060467
3777,5.907486262751908
3778,223.8456360317793
3779,279.84720496911257
3780,5.943455677042147
3781,6.554744201378938
3782,2.3150323764093175
3783,1.839266102039894
3784,5.580719891378619
3785,30.363305648119297
3786,106.09761660062318
3787,6.299428477343305
3788,6.732543351668159
3789,293.3654543761256
3790,6.755518560563631
3791,6.390103232383696
3792,3.7138232024477804
3793,13.336819560177714
3794,-17.599156931142957
3795,198.353382256146
3796,188.61799578046143
3797,4.822127676414365
3798,163.49058151522004
3799,-53.55374351100292
3800,246.62991323682013
3801,137.08163929056997
3802,139.75955884521545
3803,51.93074283170711
3804,58.407639801236684
3805,5.120607743028712
3806,2.8866185099701784
3807,100.98049832806304
3808,3.7624116659916576
3809,-38.12337777562651
3810,2.678084435973788
3811,4.627975847404455
3812,264.3393905713025
3813,3.5059503475388922
3814,285.3749964469909
3815,7.358810149994707
3816,3.79661921509446
3817,55.228066193264226
3818,6.43129059081126
3819,2.5411104448510025
3820,120.86573504347153
3821,7.506809693904945
3822,5.562821846646571
3823,263.46443287572293
3824,5.189355087587219
3825,244.66124374153156
3826,6.043003794598118
3827,300.6437125826311
3828,296.90959320380864
3829,6.547680477948473
3830,238.63228748354425
3831,67.43303851053354
3832,1.7882962455739873
3833,60.3846481773446
3834,26.58582070541621
3835,2.732863503655148
3836,5.211097756478573
3837,6.775633263490932
3838,5.849325964880459
3839,244.43299770622554
3840,5.717615131242095
3841,129.38002345202625
3842,3.370018422852667
3843,254.50212733255364
3844,5.561493019566173
3845,5.663603009420451
3846,6.535186493816072
3847,87.27182755601804
3848,100.52212741746477
3849,196.39149635148422
3850,37.42975326384997
3851,130.24118235107576
3852,266.2683968074932
3853,5.504143387443218
3854,253.79085412485068
3855,2.0024614483134244
3856,70.10191939551511
3857,3.9358251835884763
3858,3.2006214428604656
3859,244.35593050131655
3860,6.285682493014267
3861,-55.46088820919619
3862,-5.733417996025416
3863,4.024606632754171
3864,2.6868544812419755
3865,276.07554593884805
3866,4.391797617523315
3867,191.44363605872041
3868,4.905611196480857
3869,3.0693560655497465
3870,136.2645915873752
3871,45.72425953471172
3872,3.541126359243611
3873,50.86080074218277
3874,330.0759340101997
3875,273.76844538034584
3876,100.77915530730041
3877,-86.90061886148563
3878,184.33742487506566
3879,247.2210140921857
3880,6.2353882417294955
3881,3.962026510885418
3882,2.9620086462842
3883,198.80453724680325
3884,148.54786723039933
3885,6.424600036991876
3886,5.487598097002878
3887,6.415793851125139
3888,2.6674885753707933
3889,169.41646446749147
3890,1.903683958610037
3891,3.2506646764352434
3892,178.3361420777895
3893,3.410358778565291
3894,292.8861302046579
3895,-20.591787091150348
3896,13.174400432208976
3897,247.76307179234493
3898,172.32971724754515
3899,1.7165218498909223
3900,104.42038365546233
3901,96.8715825936136
3902,2.775768240524506
3903,24.659865432249337
3904,63.67300679087868
3905,3.588422787312252
3906,7.645951771947119
3907,219.03128911363888
3908,141.29172623116418
3909,3.4193544963888973
3910,3.9819428016064116
3911,244.35891841035667
3912,4.26492496133005
3913,27.090890703352002
3914,278.2555125102242
3915,6.757433085459839
3916,5.826561253218479
3917,3.784731500400219
3918,-50.017902701638995
3919,4.715786727285984
3920,31.17653736142945
3921,55.85899300120986
3922,6.874089105443911
3923,3.63105882564612
3924,347.59424139219493
3925,79.93275470536926
3926,1.7591358104245267
3927,237.47318418870748
3928,3.31936049235659
3929,5.358809106294926
3930,6.198579379149644
3931,210.73302974000316
3932,5.044784603025552
3933,2.6676705013843556
3934,6.66221910830262
3935,219.4369909816075
3936,1.7909928059089808
3937,2.980839728121965
3938,2.770875552158397
3939,281.0787060537338
3940,6.075866227878144
3941,6.176131534743097
3942,5.388296548431455
3943,3.2808772468412757
3944,6.807976125500044
3945,322.33921229036457
3946,213.22041943724946
3947,32.561764319810294
3948,147.25670918480074
3949,5.656023739623233
3950,253.49775656184337
3951,1.6914025402824469
3952,109.82665706803172
3953,128.7361967284269
3954,3.346444414097253
3955,5.938200958982556
3956,174.62160126517458
3957,63.71158561427095
3958,100.74752100481997
3959,229.07307929057066
3960,6.004338297418906
3961,6.0247384600372875
3962,102.3210286975718
3963,5.858526251743175
3964,179.8554238951259
3965,6.151595372727744
3966,2.814324798723184
3967,4.576193284393414
3968,181.4297526981949
3969,33.80663028804864
3970,2.3175830529666546
3971,3.4484835572162327
3972,2.834422518555726
3973,3.3173936806307394
3974,29.47497956509128
3975,43.68489427930409
3976,3.7889396562094984
3977,4.217935529553693
3978,3.5903428014136667
3979,135.51059631229245
3980,240.37778226468123
3981,256.52056713818814
3982,5.494749140965541
3983,3.895358917253918
3984,362.94688788468306
3985,224.1933728856667
3986,155.80207024816292
3987,91.95568203858502
3988,3.1141643610812095
3989,17.598198979990265
3990,89.03281968380068
3991,241.78249120608663
3992,5.841677023956553
3993,6.058736544390229
3994,50.30063174368214
3995,129.53105782141805
3996,3.716581220645752
3997,120.74362368131806
3998,2.0758794812764902
3999,274.18508582780964
4000,5.3108003551950755
4001,4.2116208170182485
4002,44.87915500909607
4003,170.40670021148765
4004,2.360904375338996
4005,315.5080232690387
4006,99.42698271049144
4007,7.207905975249254
4008,3.443420226289267
4009,5.839622287188499
4010,213.37015241985821
4011,3.3855001939372693
4012,6.3609112868469495
4013,237.69509873142883
4014,5.854995238099024
4015,6.249063677863697
4016,77.35723835987208
4017,170.7214557028604
4018,129.2610457038063
4019,1.467349312670493
4020,2.022811524794455
4021,115.98206388422618
4022,50.248371122003384
4023,3.672367911046588
4024,114.93860844592278
4025,65.37020579487469
4026,-5.190736379801938
4027,206.88148192240004
4028,116.65291822763882
4029,6.966492705878666
4030,2.3124456770545865
4031,109.16858821990363
4032,81.86404152610021
4033,3.2044165775896603
4034,245.04657719359608
4035,104.28983112245231
4036,4.183735603631535
4037,3.610392562277873
4038,6.193187716715949
4039,5.826074153611907
4040,104.34574421886627
4041,311.65796956491073
4042,57.3941624141693
4043,259.21484331507475
4044,3.757936001597473
4045,37.66930327048213
4046,5.805662608684232
4047,4.820930754163683
4048,274.49533465683476
4049,126.83628623302437
4050,273.3589642454574
4051,55.25513692787667
4052,2.5407876456696354
4053,4.237367434885776
4054,5.409220604019728
4055,4.434204413202212
4056,260.0344001586905
4057,6.934635924489806
4058,271.18583507606695
4059,40.07167031988855
4060,245.258316757861
4061,94.60040693691
4062,3.7157641071856045
4063,2.068351179176081
4064,186.85208888061678
4065,1.9965557032726087
4066,93.52463568267238
4067,190.0370587068951
4068,183.88538772049012
4069,339.2529402496207
4070,2.6627628087461246
4071,2.9073689751345144
4072,1.9150065906625695
4073,3.3490914226665853
4074,4.343917770926835
4075,-33.552907923488036
4076,41.14338789457061
4077,4.8488499365964834
4078,6.327684506969898
4079,6.822702759090844
4080,278.4386292571454
4081,5.140321901443
4082,111.64404709808903
4083,4.114235359181668
4084,12.06262586074051
4085,12.88764448941283
4086,8.320968617073738
4087,3.887608011724529
4088,5.0375989614117405
4089,86.38746945479352
4090,157.68932857815457
4091,4.634044565824618
4092,55.61303299918272
4093,34.8596925287624
4094,4.706953537756043
4095,6.721307194923598
4096,2.460815574661672
4097,2.38619558963471
4098,2.71613662487607
4099,-40.365141589528356
4100,66.05398134580754
4101,5.429000023346076
4102,4.684666681700508
4103,78.43093693502193
4104,203.01746420905522
4105,5.751177425518561
4106,126.56260956751125
4107,87.55355122278348
4108,71.04947909733602
4109,245.82098740469073
4110,6.631168111529172
4111,77.14008925391923
4112,77.70660988160058
4113,3.150955154963725
4114,5.187426080277378
4115,90.64976942217685
4116,122.63807856524909
4117,89.8220984381741
4118,286.9008091394599
4119,252.0574999479406
4120,232.93823273489727
4121,90.46598250531783
4122,-19.48887691837766
4123,2.0977485610324695
4124,129.49382977082564
4125,2.2683745508703135
4126,59.888939182466885
4127,5.965185638543057
4128,1.7295652021219232
4129,6.164806148424074
4130,2.099483757986106
4131,55.053400735443994
4132,6.054891665018992
4133,5.171461278218989
4134,108.26199046565507
4135,5.896580571650955
4136,167.3156686098199
4137,322.9674320842934
4138,-13.331849541399368
4139,102.4091251844243
4140,50.32852883364028
4141,4.4665675462479655
4142,117.30985294902896
4143,295.3159074350347
4144,77.97137079842317
4145,187.02622565481713
4146,83.30754923670271
4147,66.05847569276517
4148,291.1598656430623
4149,42.06642652167555
4150,48.126958239237304
4151,67.71763383374252
4152,121.67268458208528
4153,4.020044212938679
4154,344.9307585043309
4155,155.4534657861606
4156,3.465477175375232
4157,25.121651502611908
4158,4.106620229133343
4159,4.851895495076754
4160,154.98326615798175
4161,191.11224807868078
4162,6.42715571376983
4163,76.02600199784514
4164,188.21198815432535
4165,4.8531801643789
4166,54.86748040171971
4167,134.5623810059672
4168,35.37723440134154
4169,2.368715259014982
4170,15.366875781527016
4171,80.73462237212743
4172,4.594909715015298
4173,4.19762346818872
4174,71.24695615890319
4175,124.16850644075701
4176,1.9872366009338345
4177,4.136825629586459
4178,31.949952459415364
4179,119.42650407492314
4180,178.8718026895574
4181,76.58931448955815
4182,48.581617827131666
4183,43.4059463141685
4184,179.6930893061014
4185,272.4256061839872
4186,2.5134230930785293
4187,61.58681681642349
4188,4.314594257584451
4189,4.002521371169394
4190,122.81009623768992
4191,2.2441811974569874
4192,45.15830420868047
4193,50.23748945672374
4194,5.961520012956209
4195,4.173268498343443
4196,130.4156337615706
4197,6.2698675581377366
4198,3.252622403437549
4199,5.0241378469203966
4200,289.057649661069
4201,261.35939789836124
4202,184.94487590016095
4203,5.286765923188115
4204,112.38369075468705
4205,4.790786650005942
4206,7.526996258810583
4207,128.06798250993222
4208,164.12972140715283
4209,235.57267606479533
4210,-55.89455341064371
4211,1.3589893398606097
4212,5.925710167645814
4213,1.92620698504125
4214,7.1818259412943455
4215,2.7211322885841547
4216,1.5663040004472586
4217,3.433298241822791
4218,5.851239251767318
4219,67.53624745026912
4220,74.69065050006833
4221,2.196010779161748
4222,107.51615734456591
4223,2.890399525913668
4224,6.270070059414719
4225,5.04583199600224
4226,273.8030778623153
4227,1.373009767202026
4228,215.07429259219336
4229,118.84403363956967
4230,3.1417351825211024
4231,2.6572380597724274
4232,56.644951038992104
4233,3.02346498624882
4234,-14.915445216485368
4235,79.69502807887291
4236,256.0678243250408
4237,166.55805281503004
4238,3.5475678450795707
4239,48.5597109070694
4240,8.004094367072204
4241,29.59390596537945
4242,227.464330034719
4243,-35.93282570777299
4244,323.3553006764551
4245,4.923557255329165
4246,1.9346354987056793
4247,3.551180594302936
4248,4.20989907735667
4249,1.7438966205129824
4250,11.380604574417019
4251,287.176261287491
4252,6.636109366438965
4253,5.672786500388186
4254,5.586749517455275
4255,-54.494787978822224
4256,9.757316490265797
4257,109.92673650430083
4258,2.2387694678857826
4259,1.58509889317516
4260,84.05228334316116
4261,2.6194906126342334
4262,275.2517126054121
4263,79.74522787436527
4264,2.67826428632719
4265,46.09711233653783
4266,3.824355983789412
4267,6.156528343870877
4268,5.376987568364871
4269,178.56293637123946
4270,177.65008133618795
4271,185.6486653218862
4272,4.6271910484680365
4273,7.5365796635795865
4274,115.98573952008918
4275,6.647501229690251
4276,300.3568610711238
4277,227.3465227716472
4278,359.068187137007
4279,310.16762834905103
4280,116.70940882463523
4281,66.90103747639307
4282,21.029491841709593
4283,6.308774401382545
4284,4.444653745778354
4285,110.75692390431564
4286,305.49631785069215
4287,1.8170980409066673
4288,195.03846206057403
4289,219.3630283178668
4290,198.57938430586591
4291,2.813344098951651
4292,5.04287363306427
4293,6.993976699564267
4294,-34.26971451204499
4295,0.9814208913131721
4296,5.2531072191655905
4297,6.250393795458178
4298,6.056477399495005
4299,82.08069892521387
4300,43.761948217111346
4301,-4.675108808382924
4302,100.02856227746047
4303,1.6911381370133363
4304,-16.75265576591712
4305,3.5644424553504663
4306,307.2803189363234
4307,2.7555348400308235
4308,43.51810726044279
4309,4.530819165183208
4310,2.7817281263939897
4311,10.355441373083135
4312,294.22785892976685
4313,3.3264872177209703
4314,3.2536526060488105
4315,224.34357153136713
4316,1.3875567891340241
4317,187.9296614032049
4318,6.060368168912401
4319,54.01429673673607
4320,121.37925333929864
4321,4.889959429507728
4322,296.1839094495129
4323,92.52702868860564
4324,3.6217005738659562
4325,6.720900774077732
4326,3.531354251743843
4327,105.1124280990632
4328,154.4231878992708
4329,202.01737172599644
4330,29.67504404615142
4331,2.448353427922765
4332,2.2731587232854293
4333,278.166055575975
4334,2.763772590088671
4335,4.162333554925709
4336,2.1214486109184145
4337,5.854725954194521
4338,2.153726915600618
4339,5.133559064234914
4340,-32.79371730571736
4341,61.98630616160433
4342,205.62276327339748
4343,164.69263840936753
4344,115.31073082183804
4345,5.877028530969362
4346,4.587648122543097
4347,217.11665310620745
4348,5.686164939960181
4349,128.9552506724111
4350,-23.91351168477991
4351,104.91601006150066
4352,189.62648734133987
4353,5.13647734741168
4354,138.82046397355035
4355,121.5305308147827
4356,1.826959436354248
4357,5.234026273466666
4358,317.53257810150507
4359,221.27008533548351
4360,3.292320631135792
4361,-1.8540896460738985
4362,0.8198161991119566
4363,3.849489119275585
4364,4.731291800652066
4365,1.640974602386649
4366,3.3889252779826418
4367,254.2304629642914
4368,-28.091581643634207
4369,93.78834348068773
4370,6.347336591865478
4371,204.5880762312646
4372,79.07137103876708
4373,323.023272252049
4374,5.885739361947463
4375,235.0247119936667
4376,286.86283544028436
4377,5.482871903524492
4378,5.754968554081663
4379,170.15573254498548
4380,3.068159182315039
4381,2.416594908471521
4382,6.7114677720804625
4383,26.68474349961939
4384,5.084791922884717
4385,190.51144631792314
4386,36.556145490490266
4387,298.08197955542266
4388,76.81877344359326
4389,6.7435729663138595
4390,4.386466483705195
4391,4.355103385421968
4392,2.2660444745589814
4393,137.14358367629367
4394,85.74628706342736
4395,3.2486995143624737
4396,24.23914170490172
4397,2.5591101204534823
4398,6.048990564284632
4399,3.5665350960113935
4400,230.38399224076045
4401,6.817011917162556
4402,234.7525308594372
4403,260.84238044035084
4404,245.1387467002084
4405,354.4116132787809
4406,49.42660879538833
4407,91.19665206046294
4408,6.34924006622797
4409,116.95505174756526
4410,-86.85447147624156
4411,2.734710507887727
4412,282.64216562890994
4413,209.3829895451083
4414,3.922837187727577
4415,186.93186384554105
4416,72.76739838913697
4417,2.7087609653036617
4418,227.45559593107373
4419,266.1329796549721
4420,347.5958062040345
4421,325.6561004649407
4422,23.044433294295104
4423,2.399374506867799
4424,52.37564815041637
4425,173.2642712379862
4426,5.3311517181474555
4427,223.94936818916088
4428,6.456124405183364
4429,5.4531567799001746
4430,5.153257538180037
4431,191.7010614536883
4432,3.6505054176855944
4433,3.524814197706654
4434,108.36032355695389
4435,5.622637981233352
4436,6.6617803785490874
4437,1.705461747370812
4438,97.42005223216633
4439,7.470841564924503
4440,279.81959533362084
4441,2.0663998355284923
4442,273.7910504951323
4443,6.123844082456452
4444,270.6841583656076
4445,3.9142608507909786
4446,3.692798690928821
4447,147.78751051027845
4448,5.394839126074544
4449,-8.903107892284279
4450,125.58866367726982
4451,112.31236663094454
4452,257.5331424645352
4453,248.82498631129658
4454,4.949275720180654
4455,5.205615713770732
4456,197.80625257862573
4457,4.162927379144742
4458,6.7177735217151975
4459,77.4359531418964
4460,0.6132077360209607
4461,77.98527027067036
4462,169.20729992764595
4463,55.121896403588124
4464,4.422022553993517
4465,97.62948901742396
4466,4.501213653204729
4467,8.828135258700813
4468,1.816215478851205
4469,2.345023265553552
4470,4.895594562777444
4471,3.309449286867438
4472,241.6124493451408
4473,3.2303903177077062
4474,249.4958621364065
4475,4.906997105256668
4476,88.67622290614622
4477,5.85340981470111
4478,4.443070650774525
4479,118.90701662484646
4480,283.70241890229033
4481,3.695634786171367
4482,203.96875974529797
4483,66.0598201495753
4484,307.1974651517135
4485,205.61202981178502
4486,2.2778370411034463
4487,107.91159824071877
4488,53.2971508736085
4489,-33.078835105547
4490,109.30260292414867
4491,5.26989436326333
4492,268.0478851786705
4493,308.1559968807869
4494,23.89434687455628
4495,2.7266420411916457
4496,95.49434890139267
4497,6.740608069689591
4498,208.8457111135993
4499,308.35754618849904
4500,157.44228693247805
4501,5.497606272723322
4502,6.013816384341531
4503,177.03092668028674
4504,-1.5729289763597425
4505,71.53763000385966
4506,2.84856663287524
4507,4.065595339900002
4508,141.26465974055645
4509,54.010197275738406
4510,2.222190257942146
4511,260.4828797290059
4512,57.72113120067233
4513,76.33232774692821
4514,3.2685531251201674
4515,2.482521192094487
4516,3.465158332589665
4517,5.060540427596171
4518,25.399494239176363
4519,113.30099184132882
4520,55.44398830933968
4521,2.6619235858874704
4522,67.99004585754527
4523,6.725542343354145
4524,209.03062656522138
4525,16.182041839731287
4526,2.2390963238920536
4527,116.627466433954
4528,126.035891939034
4529,106.83605938870554
4530,159.3125992803735
4531,3.8133805168034733
4532,4.160517336964469
4533,4.461497581632452
4534,62.45365051863721
4535,6.224409617449432
4536,1.633268985863438
4537,1.8061065989197305
4538,6.418073298839963
4539,290.0910709414423
4540,187.6758397005667
4541,3.169861796242788
4542,2.7595911844445484
4543,212.89406713841095
4544,35.299867935198215
4545,5.24291029668548
4546,30.937188634218998
4547,5.885293267724363
4548,184.377053944402
4549,4.828063877352665
4550,234.37151121422443
4551,25.398843317825495
4552,116.73465397849114
4553,120.86206219876392
4554,4.790061924847163
4555,194.144664701298
4556,285.2894074543209
4557,5.4449169280338126
4558,4.616213262096439
4559,78.44897935073989
4560,7.195680546576294
4561,5.3014839220872885
4562,189.89857777348993
4563,43.31383836761564
4564,236.27566549516555
4565,44.604915983388764
4566,228.16421793100966
4567,280.1421480357391
4568,138.01758496604342
4569,4.63991002048653
4570,189.40775960491865
4571,259.5050464059563
4572,5.371940649110552
4573,3.0182278412208405
4574,1.811699536153113
4575,5.283616610061642
4576,159.5205228379465
4577,249.74774515606956
4578,67.43126517444306
4579,5.509719469210449
4580,0.8203959836432834
4581,350.6703175824571
4582,72.08266095564677
4583,2.2410475359963566
4584,283.613665866746
4585,42.95121886786205
4586,6.117015576403427
4587,3.7343726802454302
4588,1.4441307359203066
4589,4.512548177784965
4590,2.688775991695467
4591,71.52031109745327
4592,5.350674633266821
4593,114.55036622468656
4594,-6.093099672177917
4595,2.6524385904127064
4596,76.10206259548322
4597,143.66319861333022
4598,4.436498074782799
4599,-31.52128212116298
4600,79.55559034296542
4601,7.181764738220414
4602,5.20943615915705
4603,5.226109986981308
4604,82.88629882769087
4605,1.877979955923314
4606,143.49615111666492
4607,52.64008181383774
4608,4.726566085110662
4609,218.80041308777444
4610,106.37562993276484
4611,104.84172808597215
4612,3.55834562595373
4613,-61.6870155260802
4614,82.1334474649334
4615,-37.83265406704338
4616,4.552678867344547
4617,4.83926627960718
4618,4.2498068076448385
4619,6.180976053861055
4620,6.637670648336885
4621,77.91602855559906
4622,3.9027130975131135
4623,6.167569631406371
4624,1.135149585432742
4625,80.7263085730594
4626,56.94753573075489
4627,5.330449065241307
4628,5.839662672634104
4629,69.42501289494555
4630,5.424885660193688
4631,13.011004786857447
4632,6.70804260278174
4633,220.7436701675917
4634,5.80212691386504
4635,6.032310025585625
4636,68.56897242734601
4637,7.012635270839466
4638,409.7299466853066
4639,278.9383807593195
4640,2.0126452078316808
4641,210.18587770156995
4642,153.85348713600837
4643,63.22869035962532
4644,44.33379559419959
4645,5.512739460623784
4646,46.552170945430916
4647,15.093744805602434
4648,196.6041905070793
4649,123.31880689275651
4650,131.9370119354005
4651,45.49249889003709
4652,4.645551080299494
4653,255.51287277529755
4654,9.21607300271847
4655,5.656906480872699
4656,2.563553544883557
4657,3.222043853415993
4658,6.735558636803685
4659,87.59297869591452
4660,3.0393522471535506
4661,2.775093792916449
4662,3.6306480543885096
4663,118.61102542360695
4664,5.868486412298857
4665,145.12233894365963
4666,244.9766786292513
4667,1.8343092616814807
4668,110.02075840449949
4669,242.0348745688066
4670,17.679146806056032
4671,1.9073186891396912
4672,1.0130150605235302
4673,78.77375859851026
4674,273.44732436967854
4675,1.759819687096846
4676,136.86708558751397
4677,54.45891230250776
4678,5.463825216638259
4679,71.16488867179343
4680,4.57934910907116
4681,1.9131345468134295
4682,170.3495512983783
4683,151.7914442552602
4684,109.2595193720257
4685,246.0988477124709
4686,4.622697915887074
4687,232.0030225217589
4688,346.18384358068477
4689,103.98237132747349
4690,6.103920128671962
4691,6.766516208753007
4692,4.346086557994114
4693,106.88010505931545
4694,4.236336335429213
4695,367.91321819600677
4696,4.509225017691694
4697,2.4116990239965745
4698,4.85823900972514
4699,4.425650992910839
4700,101.49448305905645
4701,5.3684449716627825
4702,1.9648709852756772
4703,3.749308135974487
4704,5.430921619897827
4705,280.2557150444771
4706,3.439916147429226
4707,5.113174673066805
4708,3.210821999365214
4709,79.8984450949754
4710,163.71449452159396
4711,6.293214818129952
4712,244.97420071402667
4713,3.5329812987501117
4714,5.7407000527339855
4715,81.74780451281295
4716,59.552849150434405
4717,7.188551119711887
4718,5.684622921037887
4719,180.3452835100252
4720,143.4665810683123
4721,6.086306945078093
4722,4.082420341828915
4723,6.312557100754278
4724,63.30130297315958
4725,167.10335142593314
4726,3.8281109886185454
4727,263.2273758343003
4728,249.62096539258795
4729,3.9126516858661304
4730,178.43847415151353
4731,52.68273064207374
4732,-52.49263393654246
4733,5.538454921702435
4734,6.187576928469447
4735,5.4008467054441525
4736,3.1610100944623003
4737,68.36745273140004
4738,-19.598934856227174
4739,137.7314925747311
4740,299.13828404466483
4741,4.913122944026929
4742,87.12959326508751
4743,5.321020830114181
4744,257.2593633679442
4745,64.6143214072772
4746,4.296670167882255
4747,2.866177133676264
4748,3.1661610655644115
4749,5.772877606072731
4750,5.821415479361573
4751,3.57007896178691
4752,95.01566041727864
4753,149.37109251717374
4754,144.04127168733422
4755,4.045166562478803
4756,2.0648920413700598
4757,3.121044651609612
4758,74.11573467332495
4759,101.53084652834832
4760,5.16612873719178
4761,3.426292846906817
4762,187.8044875336302
4763,208.47483214736306
4764,2.201703767160793
4765,320.1101351279983
4766,30.98843838607869
4767,48.028508311065366
4768,20.65582260564953
4769,-31.02794787297342
4770,28.632214247106692
4771,26.558589488054
4772,3.662974105623702
4773,4.315343608802923
4774,153.7940625873979
4775,2.270645730648112
4776,2.5081985567903833
4777,172.7914294201591
4778,5.229612261463723
4779,27.14397563534948
4780,1.1965966744223868
4781,56.72434735007839
4782,4.950423473416306
4783,3.7527095842851437
4784,2.6073910942770033
4785,48.110630747741645
4786,73.18236355589404
4787,5.546229000334273
4788,3.6278208815124433
4789,3.196163408084736
4790,139.95356630923035
4791,182.63413578229904
4792,4.454481463363422
4793,165.41158142357125
4794,51.540961309283716
4795,233.80579022023778
4796,3.391005902881555
4797,140.00702921857885
4798,5.873781630716854
4799,4.028055340890059
4800,342.4969184517138
4801,3.9379033026469177
4802,5.046689212662186
4803,282.48470596131915
4804,1.5978497795407314
4805,244.74453186709934
4806,4.1865319546680455
4807,3.4986936208460477
4808,58.329486931243366
4809,96.07138512120848
4810,1.6410313158635135
4811,2.2074166019148294
4812,5.303352498637597
4813,254.1967104515743
4814,233.70989993050557
4815,2.7204160517727183
4816,2.672031211499097
4817,5.733120907838115
4818,1.683653335524922
4819,96.39964398673008
4820,2.482857444314366
4821,190.93117067937226
4822,121.8984999061881
4823,5.172294049887682
4824,3.1741990011420724
4825,260.02568646878586
4826,4.908666765556614
4827,5.972224874441182
4828,214.60972282432377
4829,124.81870954565039
4830,101.9271725777211
4831,193.0846468595617
4832,7.045461091042532
4833,3.7780030392551627
4834,112.26377818167768
4835,3.979749798518776
4836,6.752184527190823
4837,199.96341348861367
4838,19.75722029135762
4839,309.9148233290168
4840,2.600396658197757
4841,152.5102603526865
4842,23.706721094363516
4843,2.089026379447608
4844,3.831831817717615
4845,4.572099687056795
4846,7.062964409316285
4847,4.047325418919716
4848,2.6121713122945005
4849,4.366564997224101
4850,6.773306540461407
4851,5.658446757888875
4852,98.23305027383066
4853,288.13855104985794
4854,2.7982029344632418
4855,2.6820500610283258
4856,177.36250561591405
4857,249.924426313618
4858,288.44270134957804
4859,135.79355294574677
4860,258.37525463918774
4861,-15.48002456290876
4862,109.75473276621533
4863,6.6696643180300486
4864,5.872689365995983
4865,1.8563077390592995
4866,1.1808286623367805
4867,3.28257783037499
4868,79.27492843982361
4869,1.146894670192827
4870,135.24519239779335
4871,6.848415246569754
4872,2.3737514320216095
4873,298.1866267352972
4874,10.632133935498484
4875,3.4972235232663857
4876,213.03772852512742
4877,6.501288834764565
4878,92.04756047945932
4879,56.98505023384784
4880,5.726405896419447
4881,6.091890741919866
4882,50.61724129261064
4883,1.8111882137391733
4884,113.27057062022756
4885,-54.63664310238241
4886,240.76807188285832
4887,6.119619527908213
4888,291.85248821108064
4889,65.16690559212192
4890,223.27507542857012
4891,159.4301946840779
4892,1.934589808561343
4893,5.6801059210821805
4894,111.38671917538471
4895,6.6619376273931845
4896,5.79204465830785
4897,5.617492849899646
4898,-3.1167070300203887
4899,193.77956044304423
4900,2.58295688307103
4901,259.95451038326473
4902,4.017110141396785
4903,134.05558076678096
4904,387.6582403868133
4905,96.55713320541429
4906,154.25128507037596
4907,181.3917966069268
4908,4.3674886455103
4909,110.64099197806371
4910,153.285499338663
4911,92.97227160359718
4912,5.71001702008931
4913,197.58316071800544
4914,138.87294137727955
4915,4.652761253144608
4916,4.829730359245998
4917,6.4886922887026035
4918,3.145883724768381
4919,9.40682705586773
4920,2.052354149467302
4921,-7.4697626230528265
4922,171.99006992829226
4923,222.88917712939957
4924,6.464943893117191
4925,2.2505009632304915
4926,1.6447348578309187
4927,5.296210170844832
4928,3.240689523737063
4929,91.12190350848579
4930,90.36546008976055
4931,-1.363785624210153
4932,5.918712888056312
4933,250.4321560756076
4934,-63.33740572717654
4935,65.6504293147246
4936,262.0859605875039
4937,28.015729661646976
4938,88.59968341093408
4939,56.849515504160976
4940,3.6291778557104895
