id,target
1,4.203712685570342
2,2.578036742593772
3,307.4303002222998
4,-46.68502072056851
5,4.247111855492468
6,6.698205636581399
7,5.3907158558441175
8,74.22510617590356
9,71.54340674216125
10,72.13220126606609
11,36.280079407555846
12,-1.7441845127536095
13,268.5514155553626
14,191.77614029577495
15,3.677481253807812
16,274.3375152572047
17,3.166836923177859
18,90.98571481846696
19,3.3970570889004286
20,6.777636928419702
21,-66.90074572975682
22,58.07235806262889
23,4.593399647873605
24,2.670435810742733
25,46.38268038437343
26,84.77817577526659
27,1.3481341851457258
28,177.7657335626473
29,48.87924151711151
30,3.339657850731449
31,6.417288215013796
32,35.52837081593853
33,54.78854344416518
34,3.7098653757153484
35,2.358073964814715
36,6.574821972786268
37,256.94525136838433
38,249.52825566474306
39,60.10186712836773
40,127.21257924680992
41,-48.12011992293969
42,3.0518844243259022
43,5.771721732964139
44,4.365913419210974
45,142.84964262755813
46,65.48653780380079
47,3.239525266540258
48,-75.98975152566099
49,4.60547958952896
50,1.8685796940734367
51,263.8045150189347
52,3.0186590529164636
53,2.5838395006958645
54,104.21274614807453
55,2.921290340848059
56,4.418699326749475
57,5.649262154992665
58,177.09712057719594
59,242.47770674242548
60,6.739482900202349
61,2.3894275371012355
62,201.9361391227617
63,6.718920470489255
64,2.498051492266126
65,2.034024755130446
66,3.6927760356577526
67,4.976315840281605
68,194.85727290528988
69,113.26821766075062
70,2.6069577203035097
71,2.480695096384849
72,2.2672079593069046
73,25.683685193326514
74,253.2804305826132
75,211.3841453405183
76,6.21770888615303
77,5.825059529287381
78,140.8323669246526
79,270.30469535318167
80,3.5501364744861483
81,57.26115783098366
82,4.330547921955716
83,175.0923463957422
84,53.41985450887239
85,-4.232137864823605
86,2.3407773954549254
87,58.943891850489635
88,178.97809906170562
89,5.9981377108949046
90,5.308513413823241
91,50.53059181418806
92,93.23622338850083
93,35.880571158167655
94,4.792626724347093
95,3.952583110622445
96,3.09985164484295
97,7.002173970817463
98,220.61914112111955
99,79.18707435959948
100,274.58208281509314
101,5.122164300322212
102,256.5405998829499
103,4.5136021158198
104,6.551457889925285
105,139.67437639426095
106,4.761530874731538
107,292.3477908705394
108,2.5112974742092304
109,187.3867088775961
110,3.5075370376745054
111,62.17640154193011
112,2.0390344439792085
113,226.17862581117862
114,6.559386731022473
115,5.3003793262868495
116,378.6100298075587
117,190.92744089702398
118,183.6642879070584
119,248.32674177975335
120,336.84603018237
121,140.8979281334589
122,3.704326154212713
123,133.8248985406475
124,270.8245487375979
125,120.72712804163076
126,6.412083492301757
127,130.60262638334964
128,3.5760845906422225
129,259.2351958033087
130,98.91446980267449
131,72.9875300911916
132,6.797898598921923
133,-64.63354425592132
134,330.8994199287383
135,6.205924951021326
136,2.204876052453868
137,120.47523939862405
138,5.844332261927972
139,217.31097333338164
140,298.7757182258995
141,52.12044172499843
142,8.829699782196823
143,18.95048059277546
144,15.148146785871846
145,6.719743795175377
146,184.7236815818419
147,223.95322285467105
148,1.9134048925975369
149,179.590146663642
150,70.27405823877496
151,287.74225028063074
152,237.12709687652838
153,184.75531067434036
154,21.019377824650586
155,4.417146632860981
156,210.16112880949828
157,160.6966305598301
158,103.47211754033374
159,152.13300172283948
160,6.278531436374843
161,50.18708292539188
162,4.645927081208479
163,259.0815344382779
164,3.081190114414411
165,20.695239762839684
166,210.7979516478697
167,334.6551487337081
168,7.051024848426073
169,1.8974242023422863
170,234.10383492259837
171,3.130010259312556
172,4.478234026144097
173,-50.3787682092997
174,3.7730074287700575
175,5.631712252198309
176,143.11149349959055
177,71.01652916138929
178,326.4268636117747
179,140.8379409322704
180,219.6713771268738
181,6.427250879794828
182,2.3663034921278103
183,288.93243798519813
184,6.59369137006405
185,1.6361147063614627
186,3.374220221290555
187,3.1076566494328364
188,3.9594430052718645
189,85.85925024415664
190,4.127882880762423
191,2.0985415208000395
192,36.58348130518203
193,3.4876733552146395
194,330.5915472736524
195,94.627067001569
196,269.0262454083859
197,128.75705224761992
198,217.1990806810438
199,54.7377867826129
200,1.9745285168270803
201,3.302947572050712
202,95.66351983097398
203,52.45401325595887
204,4.608011154936848
205,270.13149795032353
206,43.60476815213031
207,221.85442331291742
208,142.95947211626702
209,61.774868760812836
210,178.93446162849227
211,82.21312376074577
212,101.64841623649879
213,262.91629185150197
214,64.68517949191119
215,12.968025393363158
216,211.0587914505223
217,81.28721937471985
218,172.49874298247886
219,202.4051373219564
220,6.303712470116573
221,230.78080665928312
222,180.80609170147454
223,2.886759877359469
224,165.16254317321233
225,267.374779153374
226,219.967258350662
227,48.68713553596311
228,267.7677727668623
229,260.23300021603444
230,1.3869523205413317
231,218.52082154410846
232,53.64820459994918
233,55.05444134331397
234,240.09956581683394
235,117.31748184143524
236,2.213325336928952
237,6.142748818946026
238,42.4548903519566
239,6.381654752539959
240,185.88120473638753
241,308.9408629082202
242,233.71405182854812
243,4.228989868927918
244,2.788303232980743
245,52.00429597385926
246,121.6383218048815
247,146.6301400554345
248,6.460951034086999
249,5.885148610393975
250,59.69703722575589
251,57.12517843876731
252,189.48162397712497
253,7.902243174825548
254,187.03125241886616
255,-49.23988728411625
256,5.4497494161471085
257,2.0791691055894157
258,69.20953794842075
259,254.91733635562204
260,2.47168296038597
261,5.765076295283661
262,6.244397049148246
263,-34.18427137137995
264,3.7946875264900295
265,3.5953524730557853
266,2.2153929540751176
267,3.368578180895986
268,1.8203171435536705
269,196.5469541186307
270,3.0610375566888255
271,149.9508044308389
272,89.31565258073661
273,4.652258531329881
274,5.248353443391441
275,322.1213443448889
276,183.9338228310055
277,221.45364524051806
278,-61.225643899553184
279,4.122550172089923
280,192.36787912180773
281,5.166189401083178
282,172.87726046970755
283,194.3788022768213
284,148.46088887166925
285,243.39254246391445
286,138.28111468116487
287,235.02508073257565
288,6.1943140827688765
289,95.41393276311325
290,4.701487530666815
291,98.24560281891912
292,3.9870443546005436
293,53.55108451408498
294,123.51119890798662
295,5.235329505313305
296,114.55189658647826
297,51.70494377447023
298,-40.79045776475263
299,212.26477781510954
300,5.857836903068078
301,4.33543563400471
302,5.024698424130461
303,4.122076789745122
304,4.002877049093928
305,4.765870264192657
306,253.31097698339607
307,3.6736404728259195
308,3.2550847137900454
309,90.55454958841023
310,2.2063140429581214
311,2.1822291267896277
312,3.7181011462979647
313,140.73809300735326
314,3.915485208353691
315,0.6243357221637252
316,2.333255919504635
317,4.378392501984788
318,3.8513699945928677
319,35.04566898195482
320,1.841425518302578
321,6.310504544556592
322,3.264376881589591
323,1.8324123804932886
324,2.5379877253778544
325,4.082644266295242
326,4.947972071902152
327,52.449154135632554
328,4.296778806860714
329,79.21159372222114
330,53.42021654717451
331,51.524932540541755
332,5.5546714362178875
333,2.760420777775992
334,6.743367860148654
335,152.34064325570594
336,3.7527086670077034
337,2.354008768294642
338,141.4080724024405
339,50.961634510761186
340,297.21819601201685
341,114.74541199590765
342,64.72485807187877
343,3.710130034191805
344,2.6568661701841867
345,121.3095068469628
346,2.68587183095529
347,4.733076070014443
348,62.10825287269801
349,-50.22380306587931
350,103.80029500833295
351,245.80107922982268
352,31.00375893166438
353,1.2910028596232557
354,5.9188276073733785
355,316.5431668442226
356,207.01575232404485
357,3.1359813347745327
358,110.34096312355881
359,4.362201123469974
360,128.34859302127686
361,4.835396768794675
362,5.437569967882954
363,-13.206891819219928
364,4.308531156062703
365,5.416513601247521
366,74.69760659893434
367,4.678869344768988
368,241.32169153424496
369,5.299421728728688
370,-31.66076915202826
371,256.29400535864045
372,32.47750609411608
373,142.07396549765042
374,-15.580661591842738
375,100.0552276901183
376,2.8057323105054
377,2.8515525308979703
378,3.8404868776115912
379,2.938515604522602
380,0.7177597464839836
381,6.036433425229667
382,6.3338944759096805
383,147.18844097653258
384,1.76951078200249
385,3.7796756232427144
386,272.8457288316089
387,2.688033007229004
388,3.8502362351599935
389,56.41524893483336
390,4.86241237446532
391,165.2274631794271
392,6.450476686144293
393,3.9031992707214087
394,310.13465886677966
395,206.55944819098087
396,2.8741640299405313
397,1.7719885109244067
398,6.637695404137486
399,191.75214625491955
400,239.92985740400223
401,1.669388690510868
402,6.4243086663845475
403,5.039256357439165
404,5.765549823437046
405,13.714812612536017
406,7.342539777289444
407,-61.763782938757636
408,3.8470004367811717
409,3.425367246671407
410,3.695223449793122
411,2.533754545401488
412,-30.98528054863953
413,331.77017140935595
414,5.822433793675554
415,37.83451644070872
416,3.2577607582768624
417,6.7330681036091855
418,5.2027603760496
419,5.676714792865383
420,4.696407654910974
421,170.48053777393528
422,165.8187086143677
423,121.10769711449109
424,164.46290468618378
425,5.781951226932135
426,253.3269908321676
427,3.1572268553202596
428,229.71779998688157
429,3.0320783445587582
430,4.51850826192522
431,266.65867010063255
432,148.63536262910918
433,15.713045448400669
434,6.313459079642174
435,46.00950280522324
436,241.74475634623866
437,193.4849281123147
438,174.23965460623333
439,5.830593622253717
440,262.296271854367
441,211.0816999994158
442,127.17840078003823
443,315.80626801084236
444,5.390270929531555
445,6.288978365869379
446,56.55459059632243
447,1.4071311078312645
448,6.262755340868434
449,312.2464945878825
450,270.0213673957734
451,157.9943555115402
452,230.85167671363845
453,1.8621011606655222
454,4.168764967694669
455,124.9621219149716
456,2.9200946706125106
457,4.8860316773212
458,267.6938627781948
459,69.44663884249175
460,27.72525560485081
461,109.1733447021523
462,5.8400025864669285
463,212.09300305920226
464,5.156601704790763
465,153.24176948336392
466,69.66495647885141
467,2.2425167676507303
468,5.355575871336779
469,27.484060113996566
470,22.752879379826886
471,1.8090703055027535
472,1.9134476727536511
473,53.484318457779544
474,5.992179689735861
475,110.69714097217593
476,6.495373654077648
477,1.9740138898553876
478,4.452697387553454
479,219.21713813404466
480,4.754191666922804
481,6.391497040355848
482,235.13264409166953
483,1.7421605363064616
484,205.60874036384774
485,108.37424812798986
486,4.611433675743724
487,2.5826805049315107
488,189.67535189912377
489,2.5664340904472933
490,4.786782668282363
491,6.357187680881994
492,3.8425234705113747
493,3.8342347915390302
494,236.72953523568356
495,5.856653401516155
496,197.53008167408544
497,6.13609574980903
498,6.00766922380755
499,5.8271843209496925
500,9.468783947738311
501,3.436660464413056
502,316.485913169598
503,112.16578100402427
504,-0.7439466617003425
505,1.8614044567173909
506,6.463006499593943
507,332.80389272033426
508,75.95770824057853
509,269.5940041736177
510,4.177177749745811
511,99.90718617985155
512,211.47737482891273
513,216.79939117941638
514,336.4655405153456
515,247.60988375931205
516,233.36555190419543
517,282.5451879923749
518,7.1767356920665435
519,33.68276899957102
520,310.6409609313371
521,1.49977821111717
522,3.969972257134265
523,234.73402343076526
524,4.608447199750763
525,165.94172243347782
526,5.566330320342384
527,4.993659771399843
528,4.476918809752065
529,6.3092181694372815
530,247.63160611007754
531,112.05637325408718
532,3.974165308079525
533,77.00594173497359
534,4.19375305170552
535,7.017870488922117
536,5.9294527656575635
537,1.6378277489361417
538,5.146739949453272
539,265.73546891894534
540,274.4991945471351
541,244.2595339649447
542,56.429632328892396
543,109.8223642125155
544,4.899460386146317
545,4.300167675559674
546,4.180504874111072
547,2.0372339449476673
548,332.95747432661733
549,5.710136808360763
550,254.06738555529722
551,5.880734016168264
552,116.67341912049783
553,3.772318265278617
554,69.49810370358243
555,101.0795327065648
556,236.72938147080328
557,198.31091738602947
558,5.256960908034652
559,5.555686413844441
560,153.4801943513105
561,90.0173146352945
562,166.65017023592856
563,3.1249980586838055
564,31.109188678451563
565,157.11483811009722
566,2.7348533747375505
567,52.18681720933603
568,114.99598033020354
569,297.8378552853229
570,4.097473858778958
571,209.07070133017248
572,3.1571664289242958
573,71.82691970380256
574,115.7244840282504
575,7.151936555207271
576,1.8548101923337867
577,3.0931845908512097
578,170.52478391949086
579,2.558124270957459
580,287.3046786174782
581,61.35352739520986
582,91.21097460179844
583,5.327179122814845
584,3.196362792174143
585,153.61355993420148
586,5.0204221022659645
587,218.1495851882622
588,3.0536780615310626
589,190.02057619970617
590,300.520931187368
591,146.5208776636369
592,6.828161148232818
593,236.68365963133465
594,285.0368310928426
595,40.440390115865505
596,5.325266095107267
597,120.30894812885695
598,2.6019900436270422
599,72.00786871077534
600,163.66455611025648
601,135.1431853213858
602,41.270421023299335
603,2.126090187438168
604,248.4981417111158
605,2.5640737131568123
606,2.693888689794009
607,6.7595804517679605
608,54.03872431438925
609,273.0724105519421
610,29.535412674587143
611,59.63612933061898
612,1.7779602580992382
613,-6.340261680447217
614,61.932176084118865
615,1.8914840285108983
616,174.27691749099537
617,-50.95045635600982
618,235.93635933789318
619,4.861303235818845
620,5.9972162473469535
621,181.63532562998245
622,107.56227245100575
623,190.78771884933116
624,185.26720204760622
625,2.403886491464241
626,2.0972054319745794
627,63.60920127606047
628,4.377357537849466
629,226.20147170803045
630,4.464687120661156
631,2.2856888376650595
632,204.48469971666032
633,150.65640187242585
634,217.02457348198902
635,2.486969960843227
636,113.83148168898464
637,116.50167166265909
638,6.783903115335953
639,34.62425628041069
640,111.2268337905397
641,6.808237962415296
642,3.0391798129454948
643,283.5636127167655
644,3.6605611757554746
645,84.45029977597062
646,72.17848129378127
647,194.21590337320393
648,262.3139519431269
649,383.9839673164793
650,323.6730163304699
651,112.5980226233233
652,62.55054412890993
653,3.193629282387385
654,196.04292502089476
655,21.186057377446847
656,221.10622492457975
657,176.37468836396494
658,288.48633764476915
659,1.911781387783
660,114.1796308455854
661,4.0795657040531506
662,133.57804608059246
663,3.6411593431160667
664,-37.5284427951494
665,96.11145860284348
666,135.93824021601185
667,234.8285530077431
668,351.95027338149305
669,156.92642838161487
670,212.04751662326203
671,125.47524691741387
672,78.9923697238178
673,4.307478484304913
674,5.208908560308825
675,5.820814932592269
676,5.079422293361931
677,32.1492960998972
678,216.3769349091641
679,4.801790163946014
680,2.775890504524738
681,1.9354510752531504
682,100.95138707133462
683,5.713270474556527
684,163.5773649602384
685,215.89909291385266
686,5.837127324616764
687,362.4216932859881
688,75.65488622820146
689,111.8592611292234
690,331.1941127732481
691,3.7377468988709115
692,73.72909307317204
693,4.970421972725068
694,6.537130994710828
695,-27.86115182285875
696,301.48644965095275
697,1.0785015759695624
698,226.043760832793
699,1.8683463700333363
700,259.851677084689
701,3.616937692057971
702,4.414209122712568
703,55.26783200059761
704,76.57535160781515
705,189.28424661102304
706,243.57318014850358
707,163.72186401202185
708,72.66846943189636
709,80.16781273285497
710,216.01255619509118
711,263.7802826925552
712,6.611181911010593
713,33.73802949636877
714,6.74498973837583
715,239.73845861153703
716,2.9827773740275436
717,80.79397965454451
718,354.47803818694206
719,201.7425620602011
720,4.837526824518753
721,141.2393988012039
722,2.3875054541900225
723,6.211559887713433
724,2.7616112278194374
725,2.450674703654073
726,107.09443709259088
727,258.03123926441685
728,56.392288135872946
729,57.931315717390135
730,46.212232536255044
731,282.3728870212003
732,4.660938908186279
733,6.593185133039389
734,22.83086750043659
735,255.2004640341884
736,48.84168880746665
737,48.557693347023836
738,121.99540312886789
739,327.39602097887916
740,152.53483907817144
741,43.76323738853645
742,267.2273384567362
743,146.17616296783484
744,1.7243835740012632
745,286.22240211574706
746,180.16293814387217
747,3.125294587035735
748,60.701658190946915
749,63.062286340489564
750,206.1874471709587
751,90.04957475153095
752,228.0668109858769
753,1.984019157148627
754,253.4283720491177
755,6.150498355004549
756,5.970332136976105
757,199.54994078698712
758,2.0597540588995153
759,62.04321290354585
760,17.009540872496157
761,211.02593043696237
762,5.025409512646519
763,2.0960164994336337
764,72.17538330200878
765,4.684322250196953
766,24.684685868064967
767,1.095524017858242
768,4.943309663824499
769,5.8308398529439485
770,2.015719674012858
771,260.46038904278646
772,70.16160207534405
773,120.35184316613496
774,-10.896854485029037
775,54.61029014432658
776,4.235008717455713
777,241.21057797872388
778,-23.07065852300036
779,155.33716433173427
780,68.55746285567568
781,305.8944205270323
782,3.7651091646598376
783,48.77410418330126
784,2.9203366411689267
785,44.288074648836464
786,116.76406952096718
787,5.499381205210024
788,1.8849993170928439
789,183.91266983284316
790,64.26411478690568
791,-3.548491134354216
792,96.66218659456851
793,-62.67138071907983
794,325.8467492108914
795,-49.63157255099523
796,126.12371898763266
797,3.8123244425074727
798,64.08320000537502
799,3.4749686476346975
800,5.882273480803685
801,212.80700894617806
802,71.93123189157586
803,153.28759218969537
804,6.861262541983329
805,2.108531314098873
806,166.36619403301802
807,2.785877345797255
808,66.12825573408774
809,1.5878618318332294
810,51.511253761151885
811,256.71173524574624
812,114.8227706232123
813,288.14961733893676
814,5.849908176766122
815,4.681395424343087
816,6.900944547190944
817,3.1143887057742767
818,19.393831520527538
819,5.456468019958827
820,76.01570474292669
821,5.711984565266351
822,2.0506501932818684
823,38.863754686324526
824,69.14265160288167
825,7.018795862600353
826,76.22777856906393
827,4.0825259151441315
828,5.975349250835379
829,48.26470692601163
830,175.5412643428815
831,114.8648048817511
832,6.057006101901886
833,248.65972028082274
834,198.44004679322217
835,160.72373596713018
836,2.363349149260437
837,76.18173940980694
838,151.0046790177359
839,5.64475064758556
840,188.2932634133962
841,134.7770235113952
842,56.74927327521201
843,2.3687324204857614
844,3.511599003732911
845,5.345615931395902
846,6.445218382627889
847,5.481132072165302
848,170.86767017034492
849,6.044451296240099
850,77.72757888136434
851,15.705481851602283
852,36.8803613718559
853,101.46523559930009
854,48.4987875854546
855,7.027761193667983
856,229.2604279674007
857,97.46132374048466
858,78.60557269445877
859,212.78309441625152
860,2.1212015449037773
861,3.568671961935939
862,3.004933500353645
863,111.2749667552032
864,246.19058193414395
865,271.76433723578475
866,207.63082943820478
867,5.512289108636029
868,117.7715455290911
869,159.81547620802138
870,120.02698096991848
871,154.18105583163856
872,134.41022631053306
873,3.2127313864646476
874,82.91609887740837
875,6.539758968795389
876,106.99442722779723
877,40.25386670483553
878,150.07165915976805
879,5.384195780259072
880,6.754358251095087
881,162.20271148085834
882,5.671000953648699
883,244.13333270624264
884,5.880838815493629
885,162.82139877287588
886,47.5646142240974
887,2.5030599582058093
888,2.110942426674847
889,259.0081089435439
890,4.1398518807211495
891,2.8013836284773235
892,58.90694940149142
893,4.975750035654878
894,-21.54861786501701
895,3.697085197367979
896,221.177329350518
897,2.5014773845290894
898,225.8814678370351
899,-55.829623441435594
900,237.24751838778394
901,3.879191221136139
902,197.45986045949786
903,4.913286085016571
904,123.78453544877493
905,1.942235635508632
906,1.2089129513614092
907,201.95277351716163
908,31.519836599727185
909,75.44759859756755
910,2.2613975684856613
911,6.698656303405155
912,265.643558524697
913,154.66052299037744
914,275.9065825925136
915,117.41486490415024
916,141.53899040412665
917,-32.50778829054784
918,2.459159532529892
919,2.7439136241646853
920,384.56591475863024
921,110.65877150278551
922,222.38559329163095
923,2.493006928631207
924,106.99907447005944
925,193.94227187563465
926,52.82854723463266
927,52.381749210875924
928,5.358349956777353
929,24.754471852159014
930,24.30868919548118
931,213.16574236049317
932,181.23858869411464
933,5.239569229784198
934,2.1545864348088
935,167.34596278124468
936,53.01496560719631
937,3.561249217374367
938,4.775864148223874
939,90.21637999733665
940,1.4240110573253462
941,5.781270514073325
942,4.934976962429181
943,108.16768505319905
944,4.628769260404235
945,2.02328090166827
946,65.10767230351333
947,26.853705347052014
948,38.19983641216892
949,242.38372925198843
950,350.3298031522711
951,9.118310954286535
952,-12.943185919127686
953,5.726340572905291
954,260.7259039227482
955,208.3000819980027
956,148.46976737166986
957,2.4645428704381667
958,2.9983926482065373
959,228.0915601146666
960,52.04588361819198
961,161.8430017363084
962,3.2624856044673844
963,6.559578359011805
964,5.0502127747007375
965,6.418473670864775
966,3.3815719834273166
967,31.057483388495044
968,167.52539668067453
969,192.91953697240754
970,6.2519855616107005
971,363.2586041891078
972,5.298929628326636
973,103.59771688327288
974,5.303391305719335
975,4.0782490753781815
976,5.226490605898723
977,207.17157584267528
978,295.0893682224888
979,2.182093197934334
980,1.8800808956987591
981,0.6787068953489315
982,55.28003743261914
983,301.7455008084555
984,319.31774015337896
985,266.8786601763944
986,104.1699506810312
987,3.155176377938207
988,239.7436460249878
989,359.092743875412
990,67.82142345274306
991,4.134108060024516
992,314.0893467048753
993,178.45653798657486
994,3.3176757649691044
995,-10.414827575490389
996,26.27185146749006
997,2.0527226513280215
998,38.249849315175794
999,63.391928109888916
1000,-11.539079848877885
1001,291.6229039394409
1002,157.0208484561517
1003,5.482425217980392
1004,1.2631777863388853
1005,1.7858387349623297
1006,3.8309066942681342
1007,154.29783888311619
1008,1.833122871035899
1009,6.656925777242262
1010,5.087459616802051
1011,260.7939311266081
1012,19.81862952192798
1013,201.8388345038746
1014,52.01414015100889
1015,233.05393570247148
1016,6.544480402138974
1017,5.111606372245004
1018,3.559793828621951
1019,6.488752615064662
1020,4.504352844846407
1021,126.47822110185012
1022,72.17837580427712
1023,190.99207915876644
1024,184.93524528236088
1025,5.359116110598025
1026,4.3239216695275315
1027,4.749293956408247
1028,87.80977570278851
1029,3.7313066137094
1030,34.648513519525395
1031,263.40602450527814
1032,3.1415440774328944
1033,2.4155887734462036
1034,248.01825518693974
1035,1.3360632978486504
1036,244.05148079858108
1037,6.745212174387312
1038,53.54178018938995
1039,3.7119731240517835
1040,-41.998189073441864
1041,3.4360311589525105
1042,4.549870118977923
1043,4.235904229673239
1044,341.7296519669276
1045,133.65377922721456
1046,34.36687953166323
1047,230.12629505903845
1048,1.82247536831448
1049,2.57792217146783
1050,6.439325052748113
1051,62.30732958735172
1052,172.5436056806117
1053,253.10878173941938
1054,6.350952950471781
1055,38.44220283428369
1056,29.375629209090445
1057,4.435236798226237
1058,2.8008457138389953
1059,3.064040981274595
1060,82.12266668153549
1061,3.6179871221755193
1062,5.782787130077773
1063,294.2686274173965
1064,242.51498541155186
1065,73.10282740097018
1066,273.61864096736014
1067,263.86190171855134
1068,6.3264225863482215
1069,4.169801451479403
1070,321.06555000975516
1071,195.1603412528467
1072,5.367066575480637
1073,3.9089332086278095
1074,6.380120344759297
1075,4.895311984209553
1076,295.0883548699764
1077,6.236140000814478
1078,144.03881820061363
1079,2.7404299624491655
1080,2.497160013617026
1081,5.845286427254411
1082,4.373834836662882
1083,3.344629664638643
1084,6.133870493100098
1085,127.00915736003066
1086,190.5063357387907
1087,49.206926170664254
1088,250.41049236435617
1089,8.478252508112929
1090,160.95889990564336
1091,258.3370371229031
1092,5.8305987404157404
1093,4.4572237170831155
1094,6.646701986504326
1095,3.5199745933284747
1096,2.843173609237585
1097,4.9211979202481775
1098,84.6303734024396
1099,113.16312593362946
1100,5.883050603372398
1101,4.695596203116169
1102,6.277441758718171
1103,264.69155162488994
1104,4.655024411173491
1105,108.30722486378465
1106,5.381554143932055
1107,6.209458149307034
1108,12.650925296145486
1109,112.57409600495583
1110,73.8424039208135
1111,3.4182129741456078
1112,204.93338999219174
1113,2.671449304874595
1114,171.66156816398944
1115,70.60076394581203
1116,5.180411550372254
1117,279.8896732048207
1118,287.357078102815
1119,4.17533355654033
1120,53.995341116444976
1121,-17.546113810172734
1122,256.2171089091339
1123,3.386085920008242
1124,191.91609776059676
1125,2.692749142701203
1126,67.43618887304515
1127,5.830869679181681
1128,-45.031404008013766
1129,133.934931134362
1130,6.058088954621208
1131,42.779159311377725
1132,4.409718347066282
1133,-68.91109061878983
1134,181.58048645150217
1135,198.37218943747445
1136,-51.81694412459184
1137,4.012714332961867
1138,57.089072854008954
1139,108.95584982997738
1140,114.41280706187936
1141,226.59171746795957
1142,133.59624067528344
1143,17.960602979244133
1144,-44.54380002468663
1145,108.89029150779737
1146,52.51078479666144
1147,4.401140451670193
1148,83.15352157669159
1149,34.5942825596718
1150,4.076098242415843
1151,1.3049589725640633
1152,3.6309757928737283
1153,4.369214502435465
1154,30.251267796251923
1155,177.23389862627167
1156,6.674924063362377
1157,75.65558936951587
1158,200.92233924320902
1159,94.196618243257
1160,81.45960910461389
1161,1.7156826388718458
1162,5.409303426561127
1163,5.495366827093566
1164,4.907818785900565
1165,210.87118305921743
1166,43.63251099756409
1167,-18.730179047057042
1168,4.943407007279088
1169,159.63511999849425
1170,4.8185012942324015
1171,4.315262068955792
1172,-28.753428256848572
1173,3.8614329139337
1174,191.88514038840134
1175,-56.159275717319616
1176,249.07970928771434
1177,2.230492965589045
1178,144.3138860878464
1179,2.669480898725507
1180,2.7512772040487032
1181,2.2937398866175043
1182,130.0007083435374
1183,7.5213447104311575
1184,3.915687127701064
1185,281.4660960057681
1186,131.92730017442773
1187,4.478255884340423
1188,2.830389286838942
1189,117.88420337282956
1190,3.5304405515801824
1191,3.134044689484263
1192,5.006380751725624
1193,181.50610831751106
1194,5.533314685898919
1195,2.1489588074916446
1196,264.10452483131843
1197,84.04416568042619
1198,3.239639173902835
1199,264.04773029118456
1200,51.26875735820204
1201,211.01752114351336
1202,83.49168859080726
1203,3.3036801920662695
1204,177.81832718330946
1205,1.8077103759713615
1206,162.0032965625157
1207,122.67390470733699
1208,213.9192705846271
1209,246.94821673873835
1210,205.59598771467182
1211,212.89124253754517
1212,6.1390601277659265
1213,3.761191871699315
1214,208.33298345252632
1215,116.37515607689417
1216,236.35785796354708
1217,185.9216441635396
1218,-39.28430267318515
1219,6.128738806293057
1220,5.789240478678749
1221,257.06776734436625
1222,6.024895933622117
1223,2.5526150684300783
1224,2.8044413158025527
1225,125.57599693329911
1226,1.3684085977497142
1227,4.68740300148122
1228,2.4488767786216163
1229,35.725820781720564
1230,120.49216435677893
1231,231.38882955720092
1232,1.8393522312910109
1233,-34.92452377263968
1234,3.4156073805967937
1235,17.110857288416135
1236,260.33184010582227
1237,4.193167775607505
1238,2.548670220091908
1239,1.623757999356203
1240,37.81375753540962
1241,2.1165553401446977
1242,4.44019422435369
1243,5.464640774977019
1244,154.68141030522654
1245,3.7676393249845326
1246,257.03876758447143
1247,5.465962418189282
1248,123.79732544751391
1249,144.6357682407477
1250,7.430148340448112
1251,47.935775408096
1252,5.793978021679746
1253,4.092860687493857
1254,4.337573414745416
1255,50.02859693580194
1256,81.95938763795968
1257,132.61071764150978
1258,276.06549949215764
1259,46.258328149369035
1260,264.047500721559
1261,5.744877772171275
1262,5.364423103355103
1263,196.79237111045938
1264,2.1611051688411096
1265,55.99714680170351
1266,125.23302398947524
1267,2.4317952818698854
1268,6.4415415641750835
1269,267.3394531010397
1270,-53.445988822014854
1271,227.28296697240165
1272,52.82854723463266
1273,25.009489806441316
1274,220.8067298588119
1275,182.32214148044943
1276,43.62153940263774
1277,4.298303843910604
1278,1.7985356936673151
1279,3.876193576519432
1280,-64.26275938310482
1281,3.5622536723924467
1282,57.08493426764126
1283,159.62510160589107
1284,2.852972472605104
1285,-51.8135467344286
1286,2.513386198507663
1287,49.92942423882761
1288,150.00381519248594
1289,4.520791364368904
1290,214.08968434398778
1291,3.341114218008488
1292,52.19529157083155
1293,104.46279298448795
1294,259.79334210149665
1295,171.3880493425275
1296,6.541144885355487
1297,54.408301481810916
1298,-11.250616890664114
1299,5.5610009545220835
1300,177.72134282612728
1301,236.99053973388806
1302,208.9374343203213
1303,6.128234460137236
1304,3.661083267828959
1305,5.143938490291758
1306,62.10522137365464
1307,131.48835670309774
1308,1.8865894945084634
1309,4.971336317308404
1310,341.4930627838006
1311,2.70565041908649
1312,6.609379687754679
1313,36.14156200112778
1314,215.83370783675426
1315,161.01113026404994
1316,260.6325641522147
1317,62.98091644323539
1318,2.0956794312216833
1319,213.1474163517405
1320,238.5940854783701
1321,19.501108612689322
1322,52.63483713179291
1323,260.24918037038384
1324,236.5846397374235
1325,47.95681893741522
1326,56.36349236658768
1327,252.115608095978
1328,3.2435946337039727
1329,6.1095572980684745
1330,124.03661758404942
1331,-11.263193573232074
1332,319.3670431483323
1333,1.305883168154237
1334,344.8847097139318
1335,1.8499598145120388
1336,98.87318941348266
1337,34.191684001890025
1338,235.29911314235287
1339,6.550424765132647
1340,193.28079930003852
1341,240.6192560784203
1342,183.10171816450764
1343,48.96190436110335
1344,125.587466626513
1345,3.140365331761074
1346,51.0310124832438
1347,93.70541279708314
1348,2.8041748771024744
1349,205.36629414699968
1350,54.542972651040245
1351,230.022896838699
1352,2.5797105476043125
1353,17.097231136168993
1354,4.919237845857916
1355,5.9466499476256764
1356,3.5092789100758623
1357,7.04062137879778
1358,6.699208084124255
1359,1.65153362665708
1360,305.7060387278037
1361,5.008875904502606
1362,6.397092515224302
1363,63.58508805051708
1364,3.3468774852227865
1365,5.870951406685588
1366,6.672752783019759
1367,5.878549706276073
1368,8.588799259555678
1369,186.16973810298953
1370,288.17075524556304
1371,224.15539574676995
1372,27.389884992043882
1373,3.522961816006294
1374,190.04989012641204
1375,165.85965369348946
1376,5.4033211239388095
1377,5.104182075215706
1378,109.30376847417591
1379,98.43704325660686
1380,80.20665923358757
1381,239.49032392518924
1382,80.73551028472022
1383,60.806977737829904
1384,-10.564348325352672
1385,160.45394909575037
1386,2.4938740293927095
1387,66.48382846868932
1388,1.6461416274107834
1389,217.12613498226267
1390,170.08562233250257
1391,109.72745205531338
1392,51.426513125926945
1393,267.2986359936154
1394,-12.158856000146342
1395,40.64134041536364
1396,187.1754932434813
1397,5.426757811746635
1398,190.27281838170012
1399,1.512178172434829
1400,68.5840308470067
1401,318.3801612327926
1402,51.65047512943149
1403,292.66294068677894
1404,93.9877624275468
1405,118.39046518710825
1406,1.9818528074048407
1407,134.2732009529352
1408,7.818380367239693
1409,3.5955050174600514
1410,233.04581118203959
1411,250.41184571694495
1412,-34.13236970776769
1413,119.22577457633803
1414,250.5351015554757
1415,2.01881714496585
1416,2.534161945782385
1417,4.2502650019281
1418,311.5390490535286
1419,157.08814891333967
1420,4.726598262699951
1421,38.21680091527777
1422,6.652124031652097
1423,3.186630854027587
1424,5.591247621033189
1425,2.2899114563787712
1426,-18.519518657644653
1427,3.6298901637998973
1428,4.794642877775175
1429,4.161480982297208
1430,4.09097657558431
1431,6.537251486346705
1432,188.17231158482008
1433,2.8548114788364667
1434,5.343236965517638
1435,4.636234552656805
1436,-54.18392988220835
1437,187.01409889156798
1438,118.94230311709651
1439,6.345012320771431
1440,2.585714173556303
1441,110.78684209017287
1442,183.00555852408027
1443,46.730069335922515
1444,6.01270488328021
1445,50.326314530829336
1446,273.1314652701778
1447,246.86072067927591
1448,-53.47999511563489
1449,5.87508201382769
1450,283.0616554316919
1451,145.33625579877275
1452,5.050536512111016
1453,5.751382299334226
1454,183.64329087398247
1455,70.5857867523869
1456,-6.836280379725377
1457,7.7828863125469905
1458,4.89647338530445
1459,300.731714992089
1460,341.38141740596825
1461,192.98401202144797
1462,-11.13866498870015
1463,73.37558258308314
1464,5.849908186504244
1465,3.2432017213120714
1466,234.26279462884156
1467,5.759876461564511
1468,5.298170297558894
1469,29.393739827221445
1470,3.7788293306324583
1471,47.04809492439464
1472,6.729526065372782
1473,2.330516305619433
1474,236.38453949665438
1475,92.7941274314611
1476,6.711707720359884
1477,2.616104236077931
1478,116.87550244283597
1479,5.19865399275504
1480,110.92436509899194
1481,5.863582278954413
1482,178.05731612627622
1483,6.3368191542535905
1484,247.80613100052477
1485,175.775284950588
1486,7.431028513551146
1487,3.4684775900915055
1488,61.20923834528347
1489,-1.9371891801982875
1490,95.52745988484284
1491,3.5046899222831445
1492,2.0060895441398827
1493,6.989227735894136
1494,5.435696803240843
1495,38.46585074401429
1496,7.387003156899762
1497,65.93864178081563
1498,6.2001030665138375
1499,83.88583236985929
1500,7.35391395705776
1501,5.757523749283773
1502,104.13801930391
1503,5.688711972274975
1504,2.08269752065067
1505,4.739674542730185
1506,184.95988765120245
1507,38.91373630478472
1508,98.3812591923351
1509,61.631892558493476
1510,3.2281619886477255
1511,-19.89455755617488
1512,61.18472411191006
1513,5.191602415643326
1514,262.6230731107628
1515,43.41934502694482
1516,2.9388883695879415
1517,346.21114531930357
1518,4.3785303177831985
1519,248.33038003580452
1520,5.234616087091483
1521,45.35236700356514
1522,4.962284807208123
1523,2.978053149591099
1524,144.18580563317923
1525,-34.16502478645829
1526,2.5612597750272372
1527,5.838099134828851
1528,3.7882588246976967
1529,210.80992248227992
1530,280.798381312583
1531,3.484825605182568
1532,5.886038537314254
1533,3.451706347294994
1534,-1.6444149769706586
1535,78.71118196094329
1536,5.876688695809687
1537,2.6624421183165086
1538,287.8605927965152
1539,159.99774962115944
1540,2.1981431210978792
1541,118.61149652280474
1542,3.1813268930578724
1543,26.92116056621267
1544,7.718497498410043
1545,3.558952559180701
1546,5.592780829960571
1547,-31.72069946270508
1548,209.41792547222437
1549,47.0903276454163
1550,4.163548234972292
1551,2.3479077392929537
1552,243.7813957101975
1553,6.543144520682352
1554,274.9063576659513
1555,114.68681845100143
1556,4.355475708612056
1557,22.206859683208584
1558,3.7460892630580003
1559,244.72653353962534
1560,181.89467994497303
1561,195.53230244070852
1562,246.03748011210334
1563,97.96125243299576
1564,3.372276300427324
1565,104.72172916201768
1566,3.9221306068182185
1567,4.770313994423244
1568,107.90674458320669
1569,18.52578701305312
1570,280.7787215235815
1571,3.1788410693662494
1572,77.15409164368896
1573,2.139621951648021
1574,4.3243447064719165
1575,5.809604777308938
1576,4.300641915933236
1577,5.630949607328705
1578,90.12829255546583
1579,5.137898786215242
1580,166.33753014904087
1581,271.28605897792704
1582,6.745273957159564
1583,296.9324620902353
1584,307.9752501610933
1585,6.0229256069925095
1586,5.222081659684535
1587,61.759264406897394
1588,290.5035142266113
1589,6.971447634291703
1590,5.917305904450357
1591,175.82666932233414
1592,7.153305649584322
1593,126.60004158173331
1594,143.5095263538245
1595,124.81672142793788
1596,5.719394925536353
1597,61.82425143552936
1598,6.3836795580562615
1599,4.364410498545855
1600,4.397487462520836
1601,2.552832301782692
1602,5.915159967393905
1603,265.99820119734034
1604,48.88405939134864
1605,137.96048866801297
1606,263.8314804991844
1607,1.9229103764223054
1608,3.3333593274393682
1609,6.843102150359354
1610,3.3363697596641115
1611,196.81912990941208
1612,83.51785121883944
1613,2.369268348378471
1614,282.35641811464563
1615,5.783205785773122
1616,4.394015878324652
1617,182.72936741065746
1618,234.70796973723694
1619,18.162365186739336
1620,78.97840210607458
1621,2.675272273324089
1622,2.884039948090423
1623,2.787598663071085
1624,249.08047169601522
1625,66.86744520233158
1626,1.6602225776775092
1627,45.04521375880996
1628,3.5273276272643512
1629,205.94678184170073
1630,116.57501093344797
1631,3.4167860151456013
1632,290.20010665040763
1633,5.07102795341909
1634,3.7624498270381963
1635,3.4206407424338776
1636,4.994382760372464
1637,6.613432909381049
1638,212.73993203088938
1639,56.614406222725826
1640,4.563509806269243
1641,315.4629102346826
1642,139.37165559556905
1643,197.23176869363223
1644,127.08487610834243
1645,180.59015798298526
1646,6.103079131092288
1647,6.496508447404969
1648,26.144663002783272
1649,4.3056142644344275
1650,89.42353003111481
1651,6.711894745890277
1652,6.4645536202411265
1653,223.31624121174477
1654,6.595750847523611
1655,294.5135125733708
1656,54.310973780121
1657,1.3386830817969197
1658,296.8128889445071
1659,2.2088948742953023
1660,-26.439963657291237
1661,7.1614227266230515
1662,186.67491495559892
1663,5.883583789003218
1664,132.40563493949372
1665,1.0726488123413516
1666,66.4155073885594
1667,-61.029496876851475
1668,240.91495437310306
1669,57.620523349964266
1670,2.0261539555126844
1671,2.3610893962229245
1672,5.325986356853604
1673,4.4495595481418375
1674,151.11136131603226
1675,2.1747510848331757
1676,-56.1027308373273
1677,32.45258999851524
1678,-12.030456696144004
1679,236.44100190917544
1680,95.92942032511763
1681,1.5061024301418309
1682,3.239672500402852
1683,84.9902117409492
1684,20.573891509331744
1685,6.718382428825651
1686,135.89485564662488
1687,7.365813900082216
1688,184.07397546371584
1689,278.374953976036
1690,3.1840985781696243
1691,3.7163015085761852
1692,4.127408759503053
1693,2.483498925594783
1694,59.36403525446477
1695,223.188339450862
1696,147.64924084333103
1697,2.3105102702875757
1698,224.65367415515357
1699,191.04929000522785
1700,117.20716153333687
1701,275.31044614184634
1702,-51.77468347514373
1703,5.74949462774532
1704,5.5002732626949005
1705,2.881318525001511
1706,92.90425010970858
1707,4.921449210194981
1708,66.96651927729977
1709,141.86437842553158
1710,6.386562218181922
1711,69.68570307940578
1712,1.8762025852903963
1713,5.844430554799008
1714,-56.62011534622378
1715,5.08964271988039
1716,2.2689803324800932
1717,28.030457975093142
1718,119.25731282148925
1719,27.26105329246118
1720,6.259435798692026
1721,240.61571692037262
1722,3.4216400713023614
1723,128.26940033746445
1724,125.87657187890778
1725,3.820972752322401
1726,4.030391445417024
1727,261.516020005429
1728,4.1610059194746185
1729,3.630920125124309
1730,38.541370981794735
1731,222.71011642377073
1732,4.700805153268327
1733,369.70774562162103
1734,274.74893386300715
1735,177.2644464582804
1736,3.3622900086944867
1737,306.55680241908846
1738,288.00816260766254
1739,217.0929810110016
1740,86.41498540506257
1741,100.30848253013521
1742,240.85784286444346
1743,5.368178488419906
1744,119.0083832973445
1745,44.965408516649745
1746,3.53554424589885
1747,7.598170364847528
1748,214.9630272468936
1749,3.6049507789488056
1750,98.36826175100254
1751,41.94947400287603
1752,7.104657499843656
1753,5.965422784789361
1754,277.5506565973891
1755,227.59842194826132
1756,1.884000640978383
1757,209.91000862926637
1758,332.4691989347456
1759,4.873501576520987
1760,312.26712556980556
1761,256.3143139018515
1762,24.02000204665805
1763,47.82534112150584
1764,6.840536758825886
1765,4.857805272368589
1766,229.56280923809754
1767,185.4169015370454
1768,5.929004648968304
1769,59.06288302913924
1770,70.78477689529936
1771,2.593625240942143
1772,232.09756128522884
1773,275.0874371773291
1774,6.468744218132414
1775,279.8443790212814
1776,2.7146288977403694
1777,-15.121366300027777
1778,-6.605164409362927
1779,-43.629835101307506
1780,113.53289778181005
1781,5.73800524256893
1782,194.1932787499967
1783,239.31293711817207
1784,3.998589619751182
1785,52.35323110742329
1786,2.7405279773895614
1787,73.33202201576735
1788,5.182878571912333
1789,2.505506325059229
1790,26.74408137647594
1791,3.7620549050877936
1792,2.822452303592467
1793,2.080447793984516
1794,177.085780366316
1795,187.7323799568744
1796,269.19301688172317
1797,144.46627856840627
1798,6.663245758976314
1799,232.62832356447325
1800,118.47218548501569
1801,5.083917178885826
1802,2.3590928295641937
1803,124.59923268710584
1804,4.033459161843085
1805,173.9336283208842
1806,5.767117548937446
1807,290.62187963405324
1808,165.92963952151797
1809,57.854787947590424
1810,4.382415675481844
1811,2.7179665751792883
1812,31.015448443683738
1813,3.630508479495837
1814,156.01778810070155
1815,246.99046185784064
1816,5.641484798510723
1817,110.76162690557112
1818,67.39980749247124
1819,232.70974518251552
1820,6.32243007861814
1821,3.1936925001489715
1822,269.2339982487996
1823,9.910802474678597
1824,86.35810913391384
1825,2.340307517298874
1826,6.052950907590588
1827,4.245274327239317
1828,2.0837480660058776
1829,195.3835344562751
1830,229.14655215214322
1831,6.770581404765696
1832,36.75069560589243
1833,3.266653694637407
1834,4.019940549415022
1835,108.39023626275093
1836,6.3032324667822355
1837,5.973802656232654
1838,5.883583759788852
1839,117.45775508761169
1840,-14.088018512481739
1841,-75.88698347483717
1842,248.60283553178408
1843,177.63984482277107
1844,250.5351015554757
1845,153.3245689082097
1846,54.082146471118065
1847,263.1505492338137
1848,114.83024396280429
1849,3.923231841409481
1850,5.426495444518615
1851,-69.36704701717228
1852,6.349703023309692
1853,88.30962096781427
1854,67.33701883338698
1855,5.1422935262209535
1856,194.08026434503978
1857,2.2412698572772185
1858,5.043136226449796
1859,6.403196239363055
1860,5.745764160605316
1861,153.89370294100218
1862,6.232926749691157
1863,105.83679801984049
1864,69.73863127782386
1865,216.38600545163095
1866,110.93924464336493
1867,90.59027387271453
1868,265.1288445133072
1869,146.43512069674875
1870,3.499973505699061
1871,254.24298898879016
1872,37.207752277771355
1873,2.8050630700335697
1874,25.339290651327723
1875,71.91417058556247
1876,3.3185248866496257
1877,2.6859089422023095
1878,58.863052665734564
1879,54.93642126489607
1880,263.44843962659615
1881,6.009540806797258
1882,104.21349538384959
1883,6.476364708741493
1884,84.04186073112079
1885,292.14851302312206
1886,263.760689759324
1887,3.274864065065185
1888,193.09355238759503
1889,231.82866840455733
1890,2.5540482267948876
1891,251.10482233974676
1892,212.67880907693893
1893,4.3501348640646444
1894,2.014770629632039
1895,10.240810414142803
1896,5.873065417953235
1897,62.99896374608632
1898,-51.51066697488823
1899,3.0384189328312923
1900,5.853225425105804
1901,277.8864505693972
1902,232.3197137800965
1903,-56.09191506190425
1904,88.70612379600641
1905,64.27906594924286
1906,173.25032034254332
1907,6.744075326626317
1908,5.927412167186174
1909,118.09847760751482
1910,5.789270974091811
1911,4.896287899609533
1912,3.9489451333772685
1913,78.24316837424078
1914,-20.804937436383977
1915,7.2849431325407075
1916,1.2651137619510364
1917,3.3003888936426042
1918,155.79284031267878
1919,4.796305878596522
1920,4.636035129421328
1921,70.40990137584608
1922,3.0527671320294605
1923,6.528251886459915
1924,2.682574832639531
1925,3.774114640842676
1926,82.91791451108193
1927,139.7218055686118
1928,3.950216950956226
1929,48.77410418330126
1930,3.011993451268849
1931,5.982892403790746
1932,4.836772180584566
1933,2.8606219584930157
1934,259.56672332596486
1935,6.3546874315941855
1936,4.8333881776891285
1937,41.8278602994074
1938,-24.017885465940736
1939,2.9941050980625246
1940,258.7390252330298
1941,3.3565954226151185
1942,233.59133144394252
1943,3.836551059043667
1944,227.83226283646624
1945,289.0052531524477
1946,5.84780517159159
1947,105.1458790901415
1948,5.8248603907816765
1949,20.308815537829254
1950,22.037217533138225
1951,2.5249413218622876
1952,48.081154975836675
1953,402.13214280791397
1954,2.715077166057574
1955,96.4329867731193
1956,1.993229351440136
1957,126.62290464788083
1958,4.000555962989098
1959,165.88869276168433
1960,64.3618926100441
1961,1.0533683933185345
1962,4.117186509055186
1963,3.3929112490254876
1964,4.94006955293308
1965,97.81664280339834
1966,3.0659402785807663
1967,4.891743243408671
1968,271.7209357675211
1969,59.23339126941116
1970,5.694294011553453
1971,2.109333455248489
1972,100.83708678554896
1973,-25.93301309114869
1974,2.7123091609854018
1975,3.011232102576512
1976,317.74243058581783
1977,1.6701369528648424
1978,220.24795734742372
1979,95.44806775537128
1980,267.3006617971953
1981,194.63029150933448
1982,118.26072604794038
1983,65.84111475667768
1984,8.404496096826634
1985,4.595887759162833
1986,3.831831624855038
1987,6.242891771612436
1988,1.2727277194426954
1989,5.81118652655568
1990,4.893980536358374
1991,44.09010367824018
1992,4.356335119820606
1993,29.088124972623525
1994,2.037091211963544
1995,102.7743466266532
1996,3.735112080744153
1997,2.5945059692123857
1998,5.194534004428101
1999,306.4280988142237
2000,5.8709513872093435
2001,279.20298914814487
2002,-48.802942730766034
2003,6.7330681036091855
2004,338.63458913624913
2005,49.496544683329425
2006,4.923544905255025
2007,48.18373391282584
2008,227.89062791667823
2009,144.95784371422494
2010,296.4312402698275
2011,6.30291987338005
2012,189.33312773549073
2013,-29.796792925871685
2014,277.6588154529724
2015,206.47640606586006
2016,37.702801545724846
2017,2.7891068414509235
2018,55.876316016077524
2019,77.11280013103521
2020,6.750563971032184
2021,4.4183419483088935
2022,180.4546851277833
2023,109.40492662715819
2024,2.770004017227527
2025,4.044690163164017
2026,82.06377712348164
2027,5.859139682582271
2028,6.288750420573672
2029,38.69055352257267
2030,302.1712202546946
2031,81.99323675061774
2032,285.8099042335326
2033,236.6950898547209
2034,2.632253828827049
2035,54.87023109540966
2036,195.34462774940334
2037,5.149601696295619
2038,3.316169584058245
2039,3.0154828073506783
2040,127.58619084684942
2041,237.23690007554939
2042,4.307290373225211
2043,186.02852625222977
2044,2.6180009679693423
2045,84.10679870148525
2046,282.1985600531895
2047,5.111071937243718
2048,-42.8135370128376
2049,1.5901942205784496
2050,351.0567371879466
2051,3.7625603144205124
2052,2.5968274768789437
2053,235.6316679138542
2054,4.469387865393843
2055,3.68739800190931
2056,-43.439344137570785
2057,182.25894809214864
2058,-12.811027153649368
2059,5.0501549561652554
2060,29.923934091745352
2061,2.303765993828146
2062,200.02897752457247
2063,3.6264879872869695
2064,3.2199001654540336
2065,3.6195381449338693
2066,1.9205676147452526
2067,6.215143227516236
2068,3.3690577805994533
2069,1.6467370420481793
2070,285.8174113219237
2071,290.5035142266113
2072,4.522764792480188
2073,200.27122000084182
2074,375.6063494696891
2075,246.04317647867126
2076,3.4576125621686966
2077,2.7612940878055507
2078,4.563636534643724
2079,4.1771659836285036
2080,2.565848506707752
2081,3.2151163548315336
2082,5.582000253608269
2083,39.526832345256224
2084,2.7820770085342565
2085,5.048702284407673
2086,111.32597873881949
2087,92.30926693323642
2088,15.78002991157911
2089,61.090675168837144
2090,251.3916260072165
2091,176.26627993708934
2092,-94.16289685422596
2093,5.207321995249939
2094,3.5353988776979612
2095,83.5415572851885
2096,46.58399867119883
2097,108.26559995533665
2098,5.7830028681856085
2099,-41.87914987015658
2100,16.882862904863067
2101,5.798528004228301
2102,6.580848591551098
2103,77.95886720473972
2104,62.116476934109286
2105,45.89515339254033
2106,311.3202778430557
2107,7.4473319742465645
2108,7.032943731477107
2109,5.8557871691159304
2110,230.26321584781743
2111,3.5748255340121027
2112,34.48857865184445
2113,78.40826681257957
2114,2.479178565682987
2115,40.79347971302852
2116,3.6706274909161722
2117,3.5298814262990437
2118,3.665695248635142
2119,113.19175683651024
2120,4.162436769923304
2121,191.6818900379713
2122,221.43206175696827
2123,2.8066948544816492
2124,1.6450705886709307
2125,4.621051803780423
2126,6.068490752508746
2127,51.6901619481904
2128,201.15759816506596
2129,1.7981397109731956
2130,2.4490572350186657
2131,5.354041526806583
2132,6.05174585725614
2133,217.78341009685715
2134,49.185195450433426
2135,226.05987347182423
2136,25.779172059727493
2137,233.05295810689594
2138,3.2907799693053787
2139,60.319879638500296
2140,41.80343091277976
2141,55.81914397872683
2142,5.633999752648657
2143,9.205940652796675
2144,171.16217222992378
2145,36.41182060147205
2146,4.156699550926148
2147,4.15392514855211
2148,72.65998893543019
2149,-65.70264372331069
2150,9.516787827726292
2151,66.28723557992598
2152,4.935210253598191
2153,3.096349997127868
2154,2.0725048717633863
2155,2.3746892677108433
2156,5.883583779265096
2157,116.2068495089279
2158,3.9005938608699013
2159,326.7718678908587
2160,230.94524934345998
2161,311.202223435031
2162,1.8676970794577188
2163,298.07731583881315
2164,6.351682666555012
2165,2.937809292181473
2166,2.3468318776667583
2167,30.496672403496433
2168,307.5869988626171
2169,2.178001759828835
2170,2.3784570027616336
2171,149.63528337205233
2172,5.400500128029717
2173,242.31804523726905
2174,257.5138732222995
2175,1.333584028636848
2176,4.8249542933397525
2177,-46.40299472040498
2178,4.501865611269402
2179,70.35485925555332
2180,281.69232057177413
2181,2.2907170303907556
2182,179.593795640069
2183,166.72398808845514
2184,5.875082004089568
2185,2.170514319030045
2186,2.7799582064470294
2187,4.68296176203494
2188,239.31946184062227
2189,250.12123902005328
2190,76.00683889259483
2191,2.645115197915665
2192,2.950088493687711
2193,142.34127585872585
2194,3.3285570477051905
2195,4.967500264953491
2196,6.5523664758251945
2197,1.9352049665163111
2198,4.187577333141977
2199,3.3460704032833917
2200,1.7495619529383746
2201,4.012618993626477
2202,82.42764239178734
2203,2.6754502897038273
2204,1.9697888003050446
2205,103.27216681090391
2206,5.348143093856963
2207,171.27307409473661
2208,4.786753936392877
2209,24.959237694455304
2210,236.73703981291507
2211,1.7095572003597213
2212,4.57999639542542
2213,6.571301772460529
2214,103.84445500545712
2215,39.444746093079715
2216,95.02859890059001
2217,4.74726851363314
2218,40.64013877608483
2219,2.666667143134926
2220,5.464831536728807
2221,3.6585221067911444
2222,-41.223915349871504
2223,208.33622198582623
2224,-52.284695160147635
2225,168.83108687503739
2226,-30.755422432411105
2227,63.62770372831239
2228,124.25800199015625
2229,205.26987049788454
2230,3.1570978399440075
2231,5.4325396624101785
2232,4.52837883070194
2233,259.47591542381167
2234,207.99298157821508
2235,225.83205327474298
2236,3.457376429443656
2237,4.046546289174829
2238,256.2890649680553
2239,98.35971260862905
2240,238.32264360566535
2241,2.2925545357619934
2242,225.59883262956623
2243,6.1914614004133215
2244,94.35099294817752
2245,233.86819398532418
2246,128.21165108237966
2247,250.60526109111797
2248,6.218777805311596
2249,287.59981350905537
2250,139.9742541670289
2251,5.177778423337141
2252,249.95200717241968
2253,6.206817457152029
2254,178.51311956177892
2255,-87.68900139229862
2256,39.073362858909036
2257,1.772139047164451
2258,2.883514325021966
2259,81.12165019406746
2260,6.299907375585978
2261,87.20123726653799
2262,2.097581335366589
2263,64.35412059948294
2264,-18.162567603536868
2265,55.197076679694135
2266,2.3758589242469714
2267,2.961444904976095
2268,5.527877182399964
2269,4.176567243466009
2270,8.394493179867347
2271,180.12131389850165
2272,48.65332924383856
2273,3.510506492935649
2274,6.218878657822755
2275,6.622866764644709
2276,4.748186951944517
2277,2.7562542454179826
2278,1.415356303857471
2279,6.021374542328599
2280,2.7794416389527115
2281,195.92112526182387
2282,2.363311918557507
2283,3.977741636727087
2284,228.06715321566563
2285,3.2010439991348183
2286,-24.541405466483184
2287,5.566465514147307
2288,3.0683446126520835
2289,6.471694159106754
2290,-25.773571029951608
2291,54.03403420241084
2292,4.622297827593506
2293,1.9746518059637759
2294,11.62646814242285
2295,2.907272863708218
2296,4.816400391881912
2297,140.61476346659353
2298,-38.11213886620084
2299,35.10600807305483
2300,3.6462385437216494
2301,5.513957072235129
2302,-94.53162156516332
2303,172.9582072326839
2304,5.554687262742177
2305,28.75203583444582
2306,271.074478643048
2307,38.147996414140806
2308,53.384427647443886
2309,5.762782660456473
2310,174.23965460623333
2311,-49.05823848630122
2312,62.24900209778927
2313,4.286058486113191
2314,4.82474345373578
2315,205.94080909785413
2316,6.814266474544579
2317,3.692213617393577
2318,237.77908924578273
2319,6.447014608422267
2320,123.77655018200096
2321,3.1121816778043554
2322,237.58095154336257
2323,177.61631499348601
2324,2.021043220162978
2325,31.637537703102147
2326,3.274454764897138
2327,107.8017738859187
2328,3.8649995678286215
2329,348.20656731010416
2330,179.37924082463354
2331,0.9496346673449685
2332,280.24558333616005
2333,-13.265304923288122
2334,10.31181257038106
2335,5.536443389675923
2336,50.910950833291466
2337,150.08602806973937
2338,195.93233705942745
2339,29.46152635095661
2340,44.04747088465324
2341,126.477134645575
2342,2.578327419756863
2343,6.081090780037822
2344,256.92669475317757
2345,5.935642301088164
2346,125.50801289520545
2347,143.9396021871644
2348,1.8243375358061455
2349,271.26309346639084
2350,50.139098093052105
2351,5.054334258558971
2352,4.997551549502733
2353,1.728283043806443
2354,-27.654250495295784
2355,131.6028614378808
2356,3.853482446621658
2357,103.13758401934042
2358,6.362670163829175
2359,6.72619884581868
2360,4.526408427982306
2361,5.77579331837207
2362,252.89955454542718
2363,4.336891290018804
2364,212.0933562715295
2365,91.64161827673058
2366,38.28465675292458
2367,44.78132439679568
2368,-60.91533610731675
2369,4.464843570059872
2370,229.6266526011
2371,32.002569607352186
2372,65.92050199953938
2373,1.9860732810767374
2374,-57.58155464333129
2375,2.1595550117758004
2376,134.72013978346877
2377,108.00690792955119
2378,5.569287840474044
2379,6.515746471001062
2380,34.10575131863634
2381,134.95580753558727
2382,170.40549464701513
2383,52.11186222241419
2384,3.2598363013096834
2385,252.93841482863778
2386,5.849908205980488
2387,4.030077670526762
2388,260.9205960111925
2389,73.88200047035293
2390,1.9746155555372458
2391,115.11018886738621
2392,23.544051132461
2393,63.21591437398649
2394,138.5208240087553
2395,5.854776683076466
2396,2.5172381049410415
2397,294.53190770490016
2398,281.01552110800634
2399,4.528495174029874
2400,194.40364416367387
2401,65.39412938770798
2402,211.54919067809772
2403,6.442622208181271
2404,1.9484332596444922
2405,5.17400866389001
2406,2.54114201369463
2407,79.42943393428457
2408,250.1720621900035
2409,182.42991162476397
2410,4.1175380730147655
2411,6.572301538156581
2412,311.38093456437457
2413,-7.008574551034526
2414,3.9070508793976257
2415,68.19295454749155
2416,259.0440990036429
2417,25.5782709763022
2418,2.9966970963612165
2419,4.0821996832290885
2420,1.798078336245512
2421,8.453494242403833
2422,203.98920114392547
2423,2.5666143079630754
2424,188.64151008167244
2425,6.17645308007609
2426,-2.6621200732730372
2427,167.9909890610954
2428,18.891017415540254
2429,3.7888081755029415
2430,5.867370940001704
2431,2.574752174028778
2432,312.5374616379368
2433,264.7277537876354
2434,4.534745912632758
2435,56.7929020687439
2436,225.97742690914907
2437,-61.97338697034699
2438,5.829758572292249
2439,7.296265252234081
2440,173.11759659314458
2441,6.369603772737982
2442,5.900755226970307
2443,5.085269982497449
2444,-80.59410628330913
2445,6.538551194883443
2446,5.382682533197146
2447,245.53754688918818
2448,6.797033842402101
2449,6.186038918013169
2450,14.502829588623253
2451,2.772498159550877
2452,4.059459833765269
2453,41.61550323707648
2454,292.2469625850197
2455,121.16635948329794
2456,3.195934769961906
2457,250.96318911401573
2458,5.822874456276187
2459,2.346108020707785
2460,5.832818240269773
2461,69.165577260401
2462,54.46323585312678
2463,6.267466272628227
2464,-66.85873121757395
2465,22.49726161033075
2466,199.30667556787375
2467,155.29371813454685
2468,269.7338836561754
2469,266.05022571589427
2470,5.811300943645744
2471,125.47969150740491
2472,2.6089103351512293
2473,25.743805710587168
2474,191.74313906487043
2475,6.613398065779473
2476,110.60261356134949
2477,134.96756951251302
2478,193.6810504696905
2479,5.249697984025065
2480,51.113411418105116
2481,48.40206984173038
2482,2.212732487666107
2483,5.096848587417719
2484,126.33765449669403
2485,126.29389669803865
2486,6.749478919089018
2487,5.372496226019112
2488,-35.03022801895713
2489,172.93401056661503
2490,5.619956491690313
2491,142.16269811375219
2492,53.43292428169668
2493,71.38721606171768
2494,5.8222462048727
2495,5.509795280426216
2496,104.156180294769
2497,68.17114205390834
2498,1.841780460342096
2499,6.727654251799949
2500,1.9095769923837063
2501,83.50985380962405
2502,266.58696904695944
2503,88.63887073543785
2504,349.38103320992843
2505,3.2095959690728666
2506,4.759444592313183
2507,276.2342470195659
2508,197.3615887902406
2509,102.72103765412226
2510,6.579652831798261
2511,215.00258127827036
2512,72.7906988740815
2513,151.74227592269665
2514,220.9829708133852
2515,302.9589522954422
2516,2.043077463893251
2517,2.232578404532105
2518,290.01378093776157
2519,4.429247189391455
2520,65.3879947367749
2521,112.43274695162584
2522,1.5571609393456982
2523,5.480695157592939
2524,4.881107660167976
2525,284.3242172975678
2526,3.5357511813072215
2527,3.79677677328894
2528,235.5671104184446
2529,110.04837250196229
2530,237.00369088117543
2531,277.8106138531534
2532,77.64604713556518
2533,1.8286385119801487
2534,6.065371721586288
2535,5.8709514164237095
2536,3.8224269238063275
2537,6.394236187746311
2538,5.987674444920973
2539,175.92364657389118
2540,2.3469455302876128
2541,-0.667179783420194
2542,10.95476662423277
2543,5.668479763181697
2544,156.55251445291015
2545,2.414870343234363
2546,284.81959706157966
2547,20.224672105060783
2548,19.049215595216605
2549,184.6114671470086
2550,113.570781035974
2551,-41.222362046612105
2552,2.0294113868038632
2553,280.5037823900767
2554,2.336956696347886
2555,65.89505787580123
2556,127.16975840456527
2557,4.522730498697419
2558,1.529098391575217
2559,6.458833713522379
2560,225.09702133483768
2561,2.446966845220962
2562,216.9601377466346
2563,246.2307954797321
2564,268.80967872760743
2565,4.835779944237835
2566,4.573545550476507
2567,268.2587188624416
2568,34.777246808174525
2569,71.8360751216498
2570,3.6676784045082584
2571,89.10126793096134
2572,-56.515987704507246
2573,187.41045717334288
2574,3.0322283194787434
2575,4.792329168947067
2576,3.477463230636876
2577,6.486485278900834
2578,27.727410246311187
2579,5.993252122242958
2580,5.093942493394017
2581,3.1034868666514996
2582,-33.323123813478375
2583,2.0407996735354934
2584,6.815194380966018
2585,42.47758430209053
2586,4.824647225895675
2587,208.35117859543857
2588,225.3702911560123
2589,4.870208225754912
2590,37.529261409289305
2591,1.8287869143825841
2592,118.23583221847197
2593,58.37169669986558
2594,86.75053746419911
2595,55.09558055765455
2596,51.03113051974987
2597,5.739804735404036
2598,6.339194842753399
2599,5.137641263335962
2600,4.097248211687763
2601,214.0638153583467
2602,6.17101959419134
2603,354.55331312862313
2604,147.53707670307944
2605,48.94894973805765
2606,3.9553740417438474
2607,35.502667586665204
2608,191.8829595077404
2609,34.500619778347875
2610,2.6415039359512735
2611,-18.079987410170062
2612,3.5489630393543194
2613,4.444218075633573
2614,3.078550782091372
2615,114.33454046878903
2616,139.06737052167455
2617,264.6426282698152
2618,202.32380806013026
2619,4.464924422713809
2620,2.3852218782666617
2621,4.350587368105339
2622,2.6420317096908548
2623,1.4559176728345753
2624,6.801811745305434
2625,113.86832314604774
2626,286.31388053680087
2627,57.706002018946286
2628,132.20602460929038
2629,53.41801987591717
2630,120.72218232634414
2631,41.10039480690321
2632,6.134442142372604
2633,305.5723727973253
2634,60.71425002379265
2635,144.54340485305596
2636,-40.58906152880302
2637,3.449649067091563
2638,-63.78001448882969
2639,-54.49625938395964
2640,191.74677049459132
2641,3.5931058130311033
2642,5.616041432594184
2643,163.3407336458282
2644,161.9528694602516
2645,203.38865554699703
2646,2.4664778515081522
2647,3.469490101697745
2648,4.760715194100809
2649,6.452274483711163
2650,255.40566777045441
2651,210.19892498947473
2652,48.41726330378378
2653,3.47088821347058
2654,31.82575970762552
2655,228.31123262377147
2656,239.9237150315576
2657,2.91137052290919
2658,6.506746338470635
2659,287.62800911106024
2660,1.8402774031494948
2661,274.5813971221831
2662,91.9036211618506
2663,-1.8978198462671056
2664,70.01425284365452
2665,279.008476402272
2666,230.4582645653871
2667,-49.58999087826478
2668,35.543699706931754
2669,6.764382178178769
2670,110.90392659549049
2671,194.84449293146872
2672,115.29211456277082
2673,240.12497284666034
2674,236.98065290332363
2675,1.7641382216438506
2676,-52.04429669530445
2677,361.533425382412
2678,9.366002274452832
2679,5.7433540641388685
2680,84.2915458478442
2681,5.12147230778859
2682,2.776067667349688
2683,2.4261043153847055
2684,2.4621506201930132
2685,6.505752841048177
2686,16.09729871697013
2687,53.513210225215815
2688,16.61886039678543
2689,43.40002449866645
2690,142.66428596710173
2691,79.33327228227712
2692,51.73506597900244
2693,142.95814419778947
2694,87.6315120562787
2695,6.548382456506942
2696,136.54226938117893
2697,3.7280859168431584
2698,2.375669334961108
2699,3.964878730082604
2700,188.12643470841414
2701,63.194747590205466
2702,-8.30309981410919
2703,4.049328717068288
2704,156.53534483616235
2705,3.0405895295251657
2706,5.143733190317196
2707,188.30848141232283
2708,3.149269623748853
2709,63.23740114085957
2710,6.271427909287193
2711,187.88690566197252
2712,1.8612289571038694
2713,95.28679876315204
2714,-47.07168883958717
2715,4.648993316418419
2716,2.7203297874927133
2717,285.42974611275434
2718,2.696355793392471
2719,3.148201380330684
2720,6.857921592750581
2721,6.25946152409621
2722,4.151331328300863
2723,213.58227989053364
2724,6.57295391315811
2725,41.72486752933279
2726,13.113612824514881
2727,317.5664638483496
2728,42.845897950240214
2729,174.93304283293435
2730,159.92402718536343
2731,152.65942086245036
2732,6.1903129012673475
2733,230.45609068900063
2734,109.22217506713656
2735,85.44844668182108
2736,87.01526673003885
2737,166.42050166475764
2738,144.87552060412617
2739,116.47680284305189
2740,5.661849951318054
2741,52.297668615729975
2742,1.3524013871940368
2743,14.796907761782649
2744,-31.979626988751676
2745,4.876576094854672
2746,203.58084257171697
2747,180.57404463933324
2748,2.682680270685364
2749,5.443699050990485
2750,223.06514250451428
2751,261.8490775568
2752,3.076361554642637
2753,96.61584719223221
2754,0.33322620451553725
2755,34.648513519525395
2756,264.672497687078
2757,5.7961667638436065
2758,291.93371237766024
2759,45.56952580529615
2760,183.76670603726143
2761,6.519884951383428
2762,3.9608987359004866
2763,118.27733412105214
2764,4.33686798091147
2765,128.54409444762655
2766,1.9608419415836775
2767,271.9889861876535
2768,4.7744866710509015
2769,3.300930872393808
2770,199.55758218045762
2771,159.234633169248
2772,7.040621337447561
2773,3.1310935193637595
2774,4.852817467648634
2775,5.983154141410184
2776,4.080233352290306
2777,263.07559594842735
2778,29.694663058139064
2779,2.1222778503309114
2780,2.6497605878836965
2781,242.72246737359603
2782,222.56119387905193
2783,6.179553845930883
2784,-31.638366843459828
2785,5.740319632934832
2786,3.6808422608067337
2787,44.08000036429631
2788,11.546851088787548
2789,167.6624911492661
2790,211.26368440792731
2791,92.13676341629237
2792,170.94766605860917
2793,178.08744059968444
2794,194.09283723199513
2795,52.70203636896902
2796,255.28562864642817
2797,107.20992952995837
2798,34.26888383959779
2799,27.427276715779932
2800,5.233780014365728
2801,3.9772356124800847
2802,3.2909029662287232
2803,16.324774827620217
2804,3.7542014507231674
2805,49.95744054048478
2806,6.544053361978085
2807,31.38942764278026
2808,94.33239674797909
2809,6.072452296580877
2810,5.196550591344822
2811,161.3947379047686
2812,6.004267511275264
2813,20.175822638125084
2814,5.938491993768892
2815,258.43820780736826
2816,68.75209459257755
2817,267.24820406249336
2818,120.53251364354887
2819,50.59637036907917
2820,159.1787667983121
2821,47.56490997797932
2822,6.01339547067499
2823,54.64367351981212
2824,251.30304739458072
2825,153.3241003280103
2826,-54.731915586299785
2827,6.489008910288657
2828,5.516847386507214
2829,4.802283456236994
2830,6.345037923347614
2831,5.798334002113769
2832,5.6749623834689675
2833,123.30580784718953
2834,3.8312571337831827
2835,3.721865631083557
2836,3.517257030548458
2837,3.4607261669954448
2838,5.711299205331251
2839,1.9812699629719372
2840,56.35751302801958
2841,53.15666283324721
2842,284.6577731298387
2843,5.956965794272666
2844,174.90209048006753
2845,282.9847123309221
2846,3.446919528294322
2847,93.63074844924202
2848,3.0011245290904682
2849,-54.54506574581713
2850,6.655591763806139
2851,6.715645598365356
2852,-45.87644082572325
2853,130.39057092552042
2854,2.3538108933904747
2855,64.56144204819282
2856,5.9133632679046775
2857,52.86459333501166
2858,221.65701039483037
2859,1.5347567279163323
2860,142.15187835805955
2861,284.51732122821005
2862,278.77954825714056
2863,2.9707007438131345
2864,275.97546356946793
2865,234.07419924403104
2866,2.2119121791526246
2867,2.43964782434554
2868,78.41436353071117
2869,56.6703511055761
2870,188.97382038134575
2871,6.205423433543242
2872,254.57808136767594
2873,4.625160713624378
2874,14.180353535755376
2875,4.424796238065734
2876,-32.13747992010869
2877,269.0954651125594
2878,-68.28536991002909
2879,4.964720870832176
2880,226.92031617494303
2881,5.6863240186295565
2882,6.164115572688616
2883,4.166180424574369
2884,6.676059156411492
2885,190.07390254972256
2886,251.6564539826801
2887,5.880151442667093
2888,1.9867269889627497
2889,6.315149946208204
2890,2.3380522706522484
2891,-52.6904332239595
2892,175.27037127884194
2893,43.648268015154
2894,69.26291283471126
2895,4.9291088879925
2896,2.572066297710584
2897,5.376771363840441
2898,116.03823866497399
2899,30.87907040904972
2900,3.2641526976388393
2901,33.41214606542339
2902,236.07846714573265
2903,278.9547222887409
2904,4.114682564246201
2905,4.360016421284723
2906,28.573372614639876
2907,4.2416410560527495
2908,2.2104878475296954
2909,2.083939236189225
2910,111.97849557439226
2911,3.7170569837352807
2912,2.1758446084693945
2913,6.3859202734850555
2914,7.748553562900106
2915,8.074782111758799
2916,258.7533196817519
2917,177.81832718330946
2918,3.8833437036990612
2919,362.9770590399048
2920,192.7397130523341
2921,5.321438236423774
2922,3.6960624901636145
2923,232.94509230446846
2924,5.321064519312515
2925,5.030177821046114
2926,5.865807731937272
2927,52.36083673587197
2928,6.536334979592349
2929,180.43122478848383
2930,279.30451097834805
2931,2.318608958965963
2932,5.423357337184489
2933,89.72264161842759
2934,108.0094499573574
2935,1.1028787803246918
2936,-61.42780161390933
2937,5.813678038498983
2938,-5.429883254805546
2939,3.0694516466827855
2940,185.43446516909825
2941,67.8324065787573
2942,118.9876567647741
2943,6.2438723525887045
2944,6.535644151729381
2945,5.709724506083303
2946,6.4796411257444575
2947,-52.170578056912525
2948,2.4962210249497425
2949,6.692366087655119
2950,2.7990868056470584
2951,151.45257831186672
2952,134.23308399002786
2953,6.61671440663361
2954,1.6509509745323634
2955,13.75710743963895
2956,6.503524962251776
2957,127.64869638327536
2958,5.27772218874994
2959,183.3719116305925
2960,6.455389638300747
2961,147.9632194656101
2962,3.8395683411722827
2963,4.211149912729702
2964,248.1612195839457
2965,184.86515816639948
2966,4.398485214986685
2967,3.709545793615263
2968,161.43865600977642
2969,-71.8990351557694
2970,1.9281243708887221
2971,205.57708372673005
2972,6.635110748003596
2973,215.75436225268174
2974,252.2848706229737
2975,3.9281769906166275
2976,37.013202399186866
2977,39.33824922165148
2978,4.3400359993437725
2979,4.68043007960777
2980,312.9417875119064
2981,300.1714599411282
2982,145.3155058096766
2983,123.70550719336251
2984,271.57965982241444
2985,126.18404063208526
2986,301.4855532192987
2987,227.06249467742006
2988,147.206453355692
2989,73.41283337148033
2990,52.419311040677755
2991,7.400158332320939
2992,3.0916540487758146
2993,5.457028866836263
2994,54.580043268683205
2995,1.9666406355293038
2996,4.291240882520561
2997,3.5423837892773857
2998,97.07689464743171
2999,138.23084067690695
3000,74.10533221639487
3001,3.0697901281938957
3002,302.839566403962
3003,4.508883128524991
3004,281.61527549596155
3005,111.87746849261035
3006,109.29537216428439
3007,6.393259465821396
3008,2.865617418462472
3009,38.32214477667431
3010,4.118224299664861
3011,87.69732485324312
3012,5.310217191796961
3013,192.99206072189708
3014,6.526636515179133
3015,3.2807222816777912
3016,5.8806372544544825
3017,6.17995280227582
3018,4.294721450740115
3019,226.60053220504378
3020,3.6912054933575513
3021,229.91719261661598
3022,271.30469320360885
3023,2.740658938634182
3024,91.5867992336179
3025,246.69371652411004
3026,154.30912296553527
3027,6.120272531432626
3028,5.445854435045211
3029,-26.403247882665056
3030,-44.56744588805675
3031,6.135377535022586
3032,6.454380539164585
3033,4.931608962038963
3034,122.11025299223135
3035,149.06629581429013
3036,223.1621445395009
3037,5.330127181808638
3038,2.1857499333787356
3039,-32.94596568382954
3040,209.55310357173136
3041,4.780504695997671
3042,0.9129394524709706
3043,5.859935363707281
3044,224.1218434369279
3045,166.5107944682338
3046,4.485326476241029
3047,4.05355804341619
3048,44.348908278546574
3049,5.860896629524131
3050,267.8618144658866
3051,92.90571757163636
3052,6.422990896277277
3053,3.8658408757743326
3054,128.9632351179543
3055,188.29494503529838
3056,59.23822200367702
3057,3.1123798835073786
3058,93.16289476475296
3059,1.8681741514174401
3060,248.02743470670652
3061,5.021535708532529
3062,221.29882231493494
3063,126.3608883686712
3064,243.42334476233043
3065,249.16990229724468
3066,141.15454698846094
3067,24.09702496149474
3068,5.9571599734838365
3069,5.899043438995811
3070,3.7360782865432394
3071,6.228281481687752
3072,202.17285327137233
3073,125.90697104258177
3074,6.2867451863011805
3075,5.864203693765953
3076,166.23325235459748
3077,37.27298474146005
3078,56.7376444827859
3079,5.476114850192873
3080,3.2920325326280295
3081,35.01347723189039
3082,90.4437242007403
3083,154.3190134300304
3084,1.2505441196102853
3085,5.695123281874265
3086,182.5977520925657
3087,3.1490708541927415
3088,103.07717167649069
3089,3.5203782532359695
3090,301.3322372339106
3091,162.81179707430073
3092,96.09646981977193
3093,4.041075089249629
3094,199.1867071849076
3095,267.07646639734355
3096,144.83165507849628
3097,4.620303528709382
3098,6.227367339360127
3099,25.265558330883348
3100,82.82287205621154
3101,3.6441043679171576
3102,2.34409940544617
3103,3.196463915598361
3104,24.389702917606865
3105,-1.5759652123272143
3106,48.102677068182885
3107,1.4962926696838101
3108,2.498926849372821
3109,6.080947387248379
3110,258.42821512420755
3111,2.304404792401027
3112,213.25686404053272
3113,5.359251361988472
3114,28.321402455182934
3115,272.8702474589478
3116,117.10318368698611
3117,-18.139838327088093
3118,258.78412225552614
3119,4.813889979731739
3120,35.147234942360605
3121,14.901460585240871
3122,123.602923651397
3123,3.9695347074417544
3124,2.523851599166026
3125,3.6645409656826313
3126,223.58772923314575
3127,268.9915842039222
3128,38.9789603050978
3129,367.89704174311265
3130,2.1425913629415905
3131,104.20589744965784
3132,187.9678963249471
3133,126.60468569849128
3134,232.04983389839487
3135,1.6972323330851338
3136,311.7354720662722
3137,2.951474514891675
3138,174.63750555714842
3139,5.96822904171274
3140,2.3516709579219217
3141,23.063358061696228
3142,3.0380146324226645
3143,112.70698495459177
3144,261.8041337915258
3145,5.418071641618516
3146,289.0932383231576
3147,80.64445058322947
3148,92.32491077967265
3149,-9.536111900888086
3150,1.6941699252441995
3151,246.46475147342449
3152,7.193881137935256
3153,235.63017635299553
3154,196.0937637154359
3155,57.67987714693556
3156,51.73509941948233
3157,4.868460659764683
3158,278.61038408762954
3159,105.08732989910851
3160,267.27384430169377
3161,-36.60149613488821
3162,2.954187541484992
3163,192.13972325102327
3164,2.9520190160750737
3165,-7.787285703459334
3166,35.60259000873948
3167,6.676868710391112
3168,5.424798802371072
3169,3.6286099563721197
3170,201.728163446577
3171,3.0062135055165387
3172,228.73288878881488
3173,283.7280648784474
3174,64.33848609194527
3175,-57.30981991500552
3176,3.5400816824302854
3177,3.3580947645053127
3178,192.26085640862712
3179,6.203684494520083
3180,319.377558584741
3181,189.39334536797753
3182,285.4646356580924
3183,5.878536531577308
3184,29.345141817168884
3185,6.736290282627795
3186,149.9599634599968
3187,281.8082287594645
3188,-62.18675378992095
3189,235.00589063319651
3190,4.38183358437151
3191,244.8636172779808
3192,61.39440511258987
3193,6.4794638536307225
3194,4.217625650559692
3195,5.969703244635834
3196,136.7523902530467
3197,5.478163476611921
3198,136.45846983722242
3199,181.2687409289387
3200,2.0167204991056047
3201,311.80361647216466
3202,4.54088670684953
3203,4.830743010291207
3204,5.386221539587491
3205,6.5570531581474985
3206,276.5959874317958
3207,5.875082023565811
3208,195.37801149551348
3209,-2.9406611146372623
3210,7.746003233902687
3211,194.58551934326312
3212,220.79931664774205
3213,2.674444317352175
3214,259.6315754842815
3215,3.3116696420269927
3216,6.051578778884503
3217,120.36509547917427
3218,285.11771141019983
3219,78.57571348202401
3220,79.887870555919
3221,86.49920940239528
3222,252.72308318686652
3223,350.3333936975528
3224,-72.82064715450221
3225,148.87333069889667
3226,5.997836265521911
3227,5.8751292364977985
3228,10.311428813392425
3229,294.2389240234718
3230,231.29530781890247
3231,6.448577260316014
3232,4.812787238577749
3233,5.721344088231406
3234,4.171514563304396
3235,124.92145390900176
3236,133.95082704597363
3237,5.1795509554605985
3238,310.64915442572203
3239,6.540305109091415
3240,70.46360501274098
3241,15.234879534902998
3242,2.5995741770322383
3243,30.241578456288984
3244,202.27109938879937
3245,5.553974256891889
3246,253.46196495523145
3247,6.1778427758385766
3248,38.076618917172866
3249,-19.277635474762874
3250,224.4573413831638
3251,236.40891665602607
3252,126.64094912367227
3253,52.18890493519008
3254,152.23425986684597
3255,6.4009761788714545
3256,6.249366633193731
3257,8.373374676546849
3258,2.612514965558056
3259,60.46891710009048
3260,5.879252654407504
3261,121.7611938415581
3262,313.3979887411816
3263,2.166911270279765
3264,3.5789349414216174
3265,157.58886553504368
3266,3.6959357270129276
3267,6.689273840514659
3268,3.2132491766273312
3269,3.74081011466767
3270,52.35893389658401
3271,221.31326484515222
3272,2.37838214600735
3273,189.67992762989184
3274,217.74127393947273
3275,127.48948843023223
3276,75.042310514521
3277,5.847608714814077
3278,6.49906323037976
3279,3.2592246804340044
3280,176.6350048390616
3281,274.0416533933581
3282,2.763681266226977
3283,390.49639390081086
3284,345.92311812832816
3285,85.96645801454139
3286,3.1595571568971543
3287,-11.767264294399633
3288,99.98420180218805
3289,1.8077039335527287
3290,60.48600459974321
3291,259.7772451894287
3292,2.956270186698955
3293,51.68902543923954
3294,217.4810446534152
3295,123.07521149229655
3296,38.868589353464436
3297,198.5357499717836
3298,2.3015576612302384
3299,242.63656241246125
3300,3.231590496221061
3301,197.99213055807758
3302,220.58946142690542
3303,-5.560432852265836
3304,255.19469948365503
3305,5.163003680385971
3306,4.258166994131976
3307,195.5594932029382
3308,3.0666133670623115
3309,6.270220363432823
3310,-44.53992600573334
3311,2.434370427869019
3312,3.7572186968405425
3313,2.4812782723815543
3314,5.972295939593127
3315,4.708164898837031
3316,314.1934683234493
3317,299.9111091632984
3318,44.687625946709076
3319,1.9449962810905188
3320,2.0888161764574598
3321,5.126727061223141
3322,137.61346348638773
3323,4.693555659456315
3324,3.851860824828774
3325,335.4957461620732
3326,78.96519801429295
3327,-59.07391326666144
3328,6.407285658785025
3329,1.8340193151504165
3330,183.02472345828585
3331,115.92421989695987
3332,3.6863998850760593
3333,228.03592204312125
3334,108.69176380616068
3335,3.3356297112735676
3336,4.794252466471165
3337,2.767874780999188
3338,1.7471227944093086
3339,-10.112343312973902
3340,30.258401770347984
3341,57.95765942817091
3342,205.42088536432504
3343,142.27538389745928
3344,3.3555050418804266
3345,250.69033933757123
3346,295.03193161910997
3347,185.22196310386556
3348,74.53187777063238
3349,5.6485614477673565
3350,3.705404663943975
3351,2.6896372890623854
3352,1.8272632494567294
3353,142.81491975336138
3354,71.78894963355852
3355,3.0794247198655746
3356,309.48458808585485
3357,3.6795627971498224
3358,243.78742856873902
3359,73.8103689626449
3360,155.31810357711893
3361,2.967351510557263
3362,2.785016556385016
3363,3.2091981262283706
3364,27.86354661362276
3365,99.38421178450604
3366,6.571172284280554
3367,4.236906537602969
3368,54.46130981501063
3369,4.727429232604681
3370,65.83554503235895
3371,-12.652734230025914
3372,210.44505654996453
3373,50.58354972989991
3374,314.9785691198277
3375,2.489502339145356
3376,2.4300713257255753
3377,115.57903508667755
3378,5.086327361450188
3379,23.051684948641327
3380,325.4049301009196
3381,6.680818768934806
3382,85.78134565337193
3383,6.103941944745089
3384,16.2793632078681
3385,3.7124969547806055
3386,52.79443351513631
3387,2.123915229649985
3388,180.3748281946167
3389,215.8499899612766
3390,2.316459057241797
3391,5.813269640453676
3392,5.047560471121432
3393,185.42276600808583
3394,139.79371789223467
3395,5.2494863656194966
3396,5.612042564054548
3397,136.78248805415905
3398,2.20192005501776
3399,197.38893782915886
3400,159.8183030408098
3401,5.0881717652277745
3402,1.1189421076660035
3403,90.62452893639292
3404,103.89864982493168
3405,170.98669178938894
3406,140.23150248608258
3407,4.511369449458137
3408,65.24787719739183
3409,104.10755105049508
3410,5.953837032198892
3411,5.386955175006179
3412,37.36858668399079
3413,2.217901585187451
3414,6.742771690615235
3415,89.81548396248247
3416,93.660215211338
3417,201.82359719663685
3418,173.33832527962193
3419,-35.329395656520134
3420,26.140524671689626
3421,-66.5378775420316
3422,159.18243701530585
3423,1.9732502946945
3424,3.515121949622681
3425,15.664275970703738
3426,3.6667578396333202
3427,58.47605042825643
3428,2.4808498992130366
3429,328.01361300624615
3430,307.19065067132806
3431,92.53697502778755
3432,5.958601767886464
3433,73.11300563336083
3434,1.9170931529097048
3435,316.0125682481074
3436,212.99108709648823
3437,3.353305486393142
3438,31.10909885325517
3439,266.4606516668867
3440,6.606856017545338
3441,4.86010663891703
3442,237.83583780682272
3443,5.049635269676941
3444,211.11265461001528
3445,3.7526337598781487
3446,5.659592449074772
3447,248.9221860586542
3448,5.385148540637049
3449,5.703899183692724
3450,105.24853968788024
3451,203.0400874382566
3452,2.1771718726317353
3453,3.2811019425492964
3454,19.521777071282635
3455,4.053976143824878
3456,5.368538974693243
3457,3.8800248702377527
3458,6.185213439553945
3459,166.7664020702581
3460,-45.21692958103704
3461,4.16286510419122
3462,39.71892882774332
3463,218.76522981654142
3464,4.470994499093302
3465,2.593165101779059
3466,5.827214593342022
3467,108.82254469629568
3468,31.116637055058995
3469,309.19561338690386
3470,145.17355993334746
3471,23.268845334243004
3472,276.2128898773754
3473,6.4987715731048965
3474,3.5002350043639208
3475,4.786896585694848
3476,34.301979938648955
3477,3.711316401657327
3478,6.694138022523658
3479,2.52733155666372
3480,87.27488880333539
3481,132.771967867838
3482,91.2636975903585
3483,61.18856613673047
3484,189.25674658656493
3485,2.376169040374719
3486,230.26554582655487
3487,5.8392500909965745
3488,4.491936614785553
3489,3.344302155932917
3490,6.454611264616475
3491,3.233737999758401
3492,2.4557950777176165
3493,303.18837522869046
3494,163.0165213367963
3495,6.321554600269652
3496,21.201279273991343
3497,4.484502765843246
3498,6.673556655890231
3499,-21.789717415130514
3500,76.19438656838147
3501,278.6531305528366
3502,6.0095382857621225
3503,3.7513989954906446
3504,57.51820173504146
3505,129.7038845096556
3506,96.05980428388595
3507,6.262755340868434
3508,3.3207932300069674
3509,2.9963180537489764
3510,285.0088958952987
3511,2.0037826169050414
3512,70.13606623751778
3513,87.44430402923912
3514,3.3897819252385863
3515,35.21260139500742
3516,3.5441828542503258
3517,193.15424871215282
3518,4.360479425308757
3519,222.44390281929432
3520,290.38104608824256
3521,1.8812916509740756
3522,1.9154815082122905
3523,3.990494067934163
3524,6.657064780188817
3525,5.240778827884594
3526,44.04889061713147
3527,1.6815034829916087
3528,289.14398508628676
3529,215.57500996639266
3530,2.4047724688382797
3531,79.13487090379056
3532,268.92571599864146
3533,48.454185585279944
3534,7.77497382760207
3535,91.07450112840718
3536,3.51370181088264
3537,62.55210391563044
3538,7.015654840682663
3539,-15.414746476276434
3540,165.90781444113384
3541,-60.39312817058159
3542,2.666021557619567
3543,195.48198727721189
3544,37.05048812367129
3545,2.554525926074752
3546,5.362583811322488
3547,177.895090214793
3548,5.571493771850742
3549,1.7530708916866835
3550,4.5361087944708975
3551,4.518333918475891
3552,5.688711962536853
3553,5.951404265528488
3554,191.66590183017806
3555,3.8366956724647836
3556,2.0648844577813064
3557,129.6385413378743
3558,5.154008596390042
3559,93.93415360558669
3560,58.34128400360825
3561,6.238874228697162
3562,30.31000000429613
3563,-45.6616869082262
3564,5.860304167244132
3565,4.704168255726071
3566,179.10283679275784
3567,1.9841343631687183
3568,221.6546834698131
3569,167.11067691886552
3570,39.16925653440386
3571,209.56888370414887
3572,1.8865865080644793
3573,6.052698392033888
3574,5.718374492503504
3575,2.094474315274392
3576,5.274307654042092
3577,6.2266012636781785
3578,87.01004090241398
3579,2.0859739478786574
3580,67.90674103673635
3581,250.1094651356982
3582,81.62027512325542
3583,54.33522977255754
3584,6.683040305328019
3585,32.91849500731714
3586,5.767838472127853
3587,37.81954475236866
3588,3.1861760583566343
3589,221.8781915061506
3590,3.15517987696273
3591,3.5527542488755124
3592,178.99902933562555
3593,4.130750090090932
3594,21.105754875085033
3595,6.664960167449414
3596,30.163573688125297
3597,314.06210394368065
3598,72.3075932587845
3599,90.01327493042089
3600,2.6755166024206627
3601,300.93617243710895
3602,30.919893892364254
3603,5.073246052162855
3604,2.823216204720661
3605,174.52260700860637
3606,2.1064295259623926
3607,3.921852136920044
3608,275.30109227972576
3609,204.7041281782172
3610,50.92670267843212
3611,5.398651438745336
3612,255.1255828611611
3613,6.365579261365456
3614,4.8994397208536276
3615,6.479639358767112
3616,56.99097295356569
3617,4.964116316222963
3618,2.4985878851481367
3619,-47.97909952664968
3620,7.4701096107480005
3621,68.6882042462989
3622,5.375900510879767
3623,266.03594080064636
3624,1.521907551001092
3625,104.72072791266893
3626,27.025387711245536
3627,32.24365878700142
3628,6.41069241149324
3629,46.17383797870097
3630,257.7260459554298
3631,290.55326263055446
3632,251.29856006681902
3633,259.77720481014757
3634,115.1605794886932
3635,126.0462398450811
3636,4.616198819170879
3637,48.086107983681025
3638,64.41439993363957
3639,5.021126057536417
3640,346.2845612568
3641,227.24021623775548
3642,155.78155988318474
3643,187.3120609044148
3644,6.620852026262659
3645,128.66155433137536
3646,2.488733315210957
3647,5.832806289463924
3648,237.07567383814467
3649,18.12797470594078
3650,3.2254705416296927
3651,192.15006585300634
3652,49.644015616058596
3653,-4.893499833367316
3654,73.02869341323637
3655,2.085930361870698
3656,144.57809660184256
3657,5.771537637862414
3658,7.908866708767391
3659,4.66663521320982
3660,5.800569732061582
3661,49.914906382370745
3662,2.12447065732491
3663,5.669847671538899
3664,116.44074461004719
3665,4.907614595886604
3666,277.05693482988784
3667,252.48193895180222
3668,272.0230182539905
3669,227.6834572395995
3670,7.082861390098078
3671,6.812165686281663
3672,235.84352613328707
3673,5.3382345105925
3674,286.32202937641625
3675,149.83856466763797
3676,40.19402117849316
3677,38.79716479765877
3678,-1.885318544334639
3679,4.471790624238504
3680,3.6195769703214107
3681,145.12188007499606
3682,84.48857570915595
3683,161.30729878133977
3684,31.550043008191114
3685,153.53203471274276
3686,260.45006250377554
3687,124.07123846394467
3688,273.02476731789307
3689,2.475338866113944
3690,195.36642872773947
3691,200.07037202698615
3692,288.3060025729361
3693,276.66362635437895
3694,1.5957410082585153
3695,245.07947977506691
3696,208.84103379418724
3697,0.7913277514141027
3698,-20.334096570101057
3699,4.308786593444203
3700,5.547339461807418
3701,357.71442509909576
3702,3.837963846569882
3703,3.8535194241789075
3704,5.90444165399114
3705,1.4641972991078058
3706,49.38239695629025
3707,23.91240795578377
3708,118.91102535156915
3709,3.129328678693353
3710,6.579066977491835
3711,345.1795117947921
3712,97.14298680769511
3713,5.682645802613965
3714,335.9998994772734
3715,2.524180001703532
3716,2.0129749704538384
3717,135.81493971623223
3718,78.39162359785075
3719,166.93461638385457
3720,160.49811012126102
3721,2.5049427895411727
3722,3.816765214446101
3723,3.375599347145418
3724,1.8621007547952126
3725,67.86939100869147
3726,1.7259930561928671
3727,222.70108490830825
3728,59.21784409659498
3729,-48.73311381187422
3730,141.05128575265633
3731,75.86080853793781
3732,3.501680961444957
3733,-35.50830029805509
3734,3.1465344798614723
3735,2.347485911774069
3736,35.61661799282096
3737,6.224978791708105
3738,191.5451571437543
3739,-48.209154923524764
3740,236.59361861899959
3741,18.10689770715905
3742,264.71939416111286
3743,2.402153751673455
3744,73.99368072708609
3745,-40.300865500558146
3746,4.950504463260367
3747,5.036434225248272
3748,177.27777456175613
3749,68.26576663561163
3750,1.574486738796819
3751,230.45418682606567
3752,80.0646262963551
3753,4.958629464850107
3754,3.873864103018205
3755,-10.113331217047696
3756,5.649870715747484
3757,21.01842961166536
3758,5.9980287016528635
3759,50.11658253902033
3760,1.9266612461673862
3761,6.437665410276853
3762,6.351261840866489
3763,124.27538133108311
3764,170.3772390938437
3765,360.36031076336997
3766,6.39783732219805
3767,288.10173040269893
3768,69.16036807012347
3769,1.6947993606114582
3770,165.73764405870688
3771,3.708215386157092
3772,209.52541919643542
3773,240.47787948830234
3774,2.5948554513158824
3775,3.785327210140291
3776,250.52148121628093
3777,6.03684571387832
3778,214.9056600734431
3779,290.8201969778248
3780,5.954083821205638
3781,6.481111457249309
3782,2.1953380973576184
3783,1.9591134375372725
3784,5.510055863621195
3785,29.41931462067524
3786,96.12630178381973
3787,5.963444681532412
3788,6.6946073886773485
3789,281.0184240588207
3790,6.8857487687082415
3791,6.3150951156590125
3792,3.7164837534984723
3793,7.29888077581529
3794,-28.538920559168012
3795,202.3399849636491
3796,197.3638454810295
3797,4.884566999803973
3798,170.53785061555237
3799,-61.9577380685756
3800,245.97450594168805
3801,119.0261415987974
3802,134.85544657929697
3803,49.22053825715926
3804,64.48261463360383
3805,4.7134080709737844
3806,2.9577370427795318
3807,131.65499471415256
3808,3.6510543382192786
3809,-35.21742127886978
3810,2.735224551030819
3811,4.531145413534985
3812,265.07153266922427
3813,3.4615085944032185
3814,282.8902715062807
3815,7.444660406456417
3816,3.65598339464728
3817,52.866538628545655
3818,6.289563217375616
3819,2.3448534384767923
3820,118.63760252145934
3821,7.4680986583060776
3822,5.51607690451507
3823,262.7932900324234
3824,5.154924889311318
3825,257.7816926212626
3826,5.994382858990475
3827,304.63191373437803
3828,303.9876882546623
3829,6.511336597015461
3830,240.74607594001375
3831,66.78568699724008
3832,1.7828820577829574
3833,61.8555364156835
3834,39.698875700207765
3835,2.7103726123372183
3836,5.172690189443719
3837,6.75798905725753
3838,5.896913612097913
3839,236.64790873586867
3840,5.580910138523551
3841,126.79698335047493
3842,3.581459843984084
3843,263.5492112825297
3844,5.467719681711728
3845,5.916516979417352
3846,6.469969954046913
3847,71.55555030303287
3848,96.57948760237186
3849,194.1305225713384
3850,26.089410935656648
3851,119.22428196754525
3852,264.94716330291305
3853,5.488346313532181
3854,251.555083567758
3855,1.955640306700575
3856,58.401845292763376
3857,3.806467171952005
3858,3.0394062081971924
3859,249.9059088331001
3860,6.478404662488874
3861,-60.69393144611689
3862,-7.9727237406076
3863,3.9829257432310308
3864,2.6748158027406372
3865,287.72232725314444
3866,4.274672886665737
3867,193.80923058198658
3868,4.804152272857167
3869,3.0743364604447856
3870,152.98209682655957
3871,33.652099812460776
3872,3.438881142136034
3873,36.98723821236385
3874,343.79643064367815
3875,269.1153114240053
3876,103.85475672242853
3877,-64.5878496817437
3878,182.04416351924834
3879,238.13892407044403
3880,6.768278662316341
3881,3.996226552313588
3882,2.773191638252041
3883,208.82322668180683
3884,146.406557952428
3885,6.356944783031521
3886,5.448078819652905
3887,6.324098385613162
3888,2.6864827160473324
3889,165.49405829480943
3890,1.6885725469435238
3891,3.0410998133928384
3892,200.27472268502095
3893,3.759747690145941
3894,296.78991202470513
3895,-23.61741654348625
3896,25.443740095417127
3897,249.97746766608645
3898,179.27672964573804
3899,1.7413497671175113
3900,95.23021290631962
3901,92.29699586889268
3902,2.918154116899528
3903,34.179108748527774
3904,48.42812769776502
3905,3.7421580725211436
3906,7.710320470306661
3907,199.5200185396917
3908,138.93689874729498
3909,3.244376076848066
3910,3.9878910526580356
3911,249.3892878451681
3912,4.005837957965772
3913,38.1563188593676
3914,276.22146809335254
3915,7.47880902387442
3916,5.818474331174641
3917,3.8127749645987317
3918,-50.692997163780575
3919,4.714522837462376
3920,31.030024020134327
3921,62.81657633897257
3922,6.854613202466079
3923,3.5991457194674314
3924,357.32285896631083
3925,59.565771489925346
3926,1.906359612973603
3927,248.2423137907123
3928,3.3802779333662905
3929,5.285104168303685
3930,6.346930258535645
3931,221.20843221173033
3932,4.82543858305079
3933,2.5596037059610115
3934,6.623697713584077
3935,216.43634373915094
3936,1.8156793751273332
3937,3.226564040998875
3938,2.749114858686675
3939,321.9563501022931
3940,6.094671533145892
3941,6.189505278839511
3942,4.997431255227745
3943,3.2276609977217654
3944,6.7978768088816
3945,326.56502105893924
3946,210.3698390114914
3947,33.1497153039376
3948,160.9949471157591
3949,5.317042952249243
3950,242.28485831539462
3951,1.7456075258358663
3952,146.7937579176878
3953,125.76574301250818
3954,2.78135531963106
3955,5.834326045179637
3956,171.37019154110567
3957,62.99622536527589
3958,75.53328710347293
3959,224.66842649451416
3960,6.118161982094
3961,6.124534694216982
3962,119.95616357077748
3963,5.852926506170453
3964,219.10564549313253
3965,5.959689859124447
3966,2.9726439594408127
3967,4.480645149225507
3968,198.01736745175475
3969,47.9767271876053
3970,2.47407488465952
3971,3.427136615611762
3972,2.945112891401134
3973,3.351389018576101
3974,33.694289573173975
3975,37.83962319734048
3976,3.655357735942294
3977,4.21446875521734
3978,3.646184420465137
3979,130.91521294782322
3980,245.31392043347535
3981,253.83837276192526
3982,5.402754878697815
3983,3.0397793384890117
3984,367.87106177697774
3985,224.44053364914998
3986,156.1830068521863
3987,86.3146479168543
3988,3.2518927783615137
3989,20.558625174415386
3990,92.47462806683438
3991,245.26964228893746
3992,5.849456751759779
3993,6.166619357757318
3994,39.901843139180386
3995,122.4556402512438
3996,3.379324308661148
3997,110.90392659549049
3998,2.369014754192891
3999,276.93618781541363
4000,5.320166018193415
4001,4.264506225016504
4002,27.73547998886519
4003,166.372047379344
4004,2.260541653473791
4005,310.604381653955
4006,76.41368852006696
4007,6.971926191356465
4008,3.3846679493104097
4009,5.869147476567797
4010,194.69631315922152
4011,3.9639958597344136
4012,6.332434526317214
4013,241.23770567382144
4014,5.851168485086544
4015,6.263068735592059
4016,72.0800134642273
4017,183.88742208605274
4018,122.62256929034038
4019,1.9678992994026858
4020,2.027233059239361
4021,124.82253154572516
4022,37.569270491349585
4023,3.5943727122741764
4024,108.98145715119388
4025,40.31685864392013
4026,2.0116370640151775
4027,257.63865160659384
4028,114.60999082613985
4029,7.261103498826563
4030,2.628222719894273
4031,112.91132116607992
4032,81.57176027632192
4033,3.1382524377023344
4034,258.0143450592726
4035,117.28205051831067
4036,4.982165376732462
4037,3.5864653083174014
4038,6.1471349715438555
4039,5.849908205980488
4040,108.69959048551725
4041,326.36431973355735
4042,57.33894081368214
4043,268.90197552381005
4044,3.5309421692289895
4045,31.144387978063218
4046,5.869461507440604
4047,4.623815154059248
4048,278.3315498543455
4049,118.21647096546752
4050,272.03880781629033
4051,59.64858122518598
4052,2.715395047805929
4053,3.9192132149304513
4054,5.336773458777802
4055,4.207815748512125
4056,265.42378524097353
4057,6.894800611154311
4058,279.35507439580357
4059,22.214074584961956
4060,261.17115337276186
4061,109.68026255240102
4062,3.768518036898462
4063,2.1816983424052236
4064,217.76643561290948
4065,2.030206432905671
4066,102.17126989653335
4067,193.6227630853473
4068,173.46876013627661
4069,340.3732840055685
4070,2.699382235037052
4071,2.805309747126183
4072,2.1122890917244543
4073,3.355111245097004
4074,4.195845327699444
4075,-35.5929354418558
4076,46.63707688082299
4077,4.829092774758428
4078,6.284362888634616
4079,6.932930438021747
4080,288.3455695599223
4081,4.924020177277619
4082,123.69867142134368
4083,4.0169248162712385
4084,23.591384882311957
4085,12.513138203066518
4086,8.825540131642423
4087,4.164023016739259
4088,4.821622116131735
4089,74.47010848667144
4090,134.56916560301113
4091,4.4327552298329485
4092,65.52497941709396
4093,26.00612248846731
4094,4.923980057264998
4095,6.734336290869649
4096,2.371002976213255
4097,2.52722019416865
4098,2.777287863519092
4099,-41.64829907598981
4100,58.365405073804965
4101,5.753810967394566
4102,4.6502045645590755
4103,66.97970731182225
4104,197.80817820319587
4105,5.677248212996986
4106,119.1741859865903
4107,81.0697804688379
4108,69.6352772408174
4109,245.33196054327502
4110,6.432018199652218
4111,61.470100629661054
4112,74.63646459161069
4113,3.188426662740155
4114,5.073549672984514
4115,88.63138760503112
4116,104.12463368998496
4117,87.68917705186578
4118,291.69122226510456
4119,243.87448959762935
4120,230.0252232620976
4121,86.36359448660679
4122,-22.550837024090594
4123,2.336649303652896
4124,169.99051024168756
4125,2.2862226255820977
4126,56.923723021930066
4127,5.965432092733298
4128,1.7413002599953207
4129,6.350429440741687
4130,1.874724008834836
4131,57.68800855032579
4132,6.098320481307923
4133,5.137491466795781
4134,108.42154529706947
4135,14.203050754174107
4136,179.05931047282297
4137,326.0517370183717
4138,-11.102959117659378
4139,109.21554550972736
4140,55.840556698361205
4141,3.8316410890237953
4142,118.28892325051189
4143,309.55078914660106
4144,64.47880726101153
4145,211.5651760802662
4146,83.7676604378236
4147,67.46885808073691
4148,289.4240839951152
4149,48.57417370381026
4150,52.211915463435965
4151,56.880148365743935
4152,116.27279684620191
4153,4.080540785042917
4154,350.2729219537325
4155,155.04915725740975
4156,3.4155039044307163
4157,59.58872487517655
4158,4.126024844945728
4159,5.054649837960348
4160,145.27643855673244
4161,189.71093792534919
4162,6.284319969734944
4163,67.38290951146367
4164,183.26920110830832
4165,3.6339755973382872
4166,45.011507528387774
4167,98.42481682361267
4168,22.110954596871572
4169,2.491424924553064
4170,2.234022499055444
4171,84.11793367365681
4172,4.719603991551946
4173,4.213041897655279
4174,64.09365292835713
4175,118.98111058493598
4176,1.9882120543888269
4177,3.9410277691137994
4178,32.27222643600825
4179,111.3532534798787
4180,179.1617536453707
4181,68.82118473373413
4182,48.992131016851275
4183,26.316674968308575
4184,188.45239285863522
4185,276.5516042570183
4186,2.6119630911085006
4187,57.681314542881374
4188,4.1979285763076994
4189,4.092275825695982
4190,122.58308888592697
4191,2.1563321164225377
4192,38.276845520411385
4193,54.28231749206524
4194,5.917390558218564
4195,4.135235716908147
4196,124.36229589416818
4197,6.384107436895858
4198,3.2407214839130916
4199,5.012554610817562
4200,295.69470815557327
4201,251.42436308606463
4202,232.7568100768359
4203,5.420523252333924
4204,110.33131500731865
4205,4.861362598229199
4206,7.611237342215896
4207,121.618781473465
4208,166.84958996844858
4209,225.66677303531634
4210,-59.48393500277906
4211,1.5517315478610765
4212,5.873638426289805
4213,-3.0292686080697755
4214,7.403849844780157
4215,2.9825566429093326
4216,1.6989592697021676
4217,3.3427599994148958
4218,5.804632227365077
4219,60.90709138488651
4220,53.804202027947554
4221,2.1811617395995415
4222,82.99254646577715
4223,2.85820137440033
4224,6.477579457868414
4225,5.259450468707551
4226,278.8102226432817
4227,2.04584522133671
4228,207.7237074417524
4229,116.14939528990362
4230,3.072040865358136
4231,2.3543892903658117
4232,51.45956329635973
4233,3.1647735615319723
4234,-6.112650914609203
4235,92.86315761213369
4236,254.46686662530908
4237,173.2174450757118
4238,3.396157775880833
4239,61.498396970001636
4240,9.692407992358955
4241,25.845034027996448
4242,239.418330161872
4243,-62.40379405627363
4244,328.2056838885478
4245,5.094919075845915
4246,1.9487414785343522
4247,3.5668927344208425
4248,4.180529348100726
4249,-11.352605289926162
4250,8.475632387774436
4251,285.68639042500115
4252,6.596030926300224
4253,6.043431652236328
4254,5.247381783149705
4255,-50.919532618023084
4256,-0.36363199468716945
4257,121.23815161498483
4258,2.4581801819866103
4259,1.5830177772254643
4260,85.706742572936
4261,2.4557553077011844
4262,289.60990200149166
4263,77.88173884843116
4264,2.6141367183616957
4265,44.47970351939857
4266,4.330463768779352
4267,6.263554020465817
4268,5.778443945505835
4269,207.37683066122824
4270,177.8988965096517
4271,179.72810338201037
4272,4.5766425963280355
4273,7.736823342655004
4274,112.5343117066663
4275,6.3365179465999875
4276,303.689166544749
4277,237.5564989684608
4278,375.32088394864047
4279,308.45096289245276
4280,108.85952344673757
4281,74.38010926212395
4282,11.546780482286529
4283,6.327185027686648
4284,4.502138553701285
4285,115.28262572664379
4286,306.59068935904656
4287,1.8398590495465175
4288,200.3712406758309
4289,202.9825591220405
4290,181.99915730150886
4291,3.147637087208164
4292,5.008297699487548
4293,6.375782560332574
4294,-38.669055588819504
4295,0.9269846173430998
4296,5.388256693550264
4297,6.547740673962721
4298,6.03818255971451
4299,65.17569039265219
4300,46.91465905822243
4301,-15.385350486797543
4302,82.3833572047388
4303,1.3742229464848101
4304,-42.44996437968239
4305,3.812208694191331
4306,296.0720593780509
4307,2.7540697910117458
4308,17.07728228045768
4309,4.546331091599169
4310,2.7860299074091435
4311,8.947801358084734
4312,293.6574008342959
4313,3.285551701801152
4314,3.362858043792028
4315,225.94339631239373
4316,1.5156734749411886
4317,191.6818900379713
4318,6.124452432279256
4319,54.346925100606754
4320,91.26291631324212
4321,4.73357132598072
4322,293.8428269749158
4323,77.82504053143452
4324,3.6274925226125703
4325,6.674193944824666
4326,3.691543298811718
4327,103.9566330231394
4328,142.54916101454955
4329,201.85922766485123
4330,23.967025993484544
4331,2.685572678902404
4332,2.2240015317673754
4333,255.7199197796398
4334,3.418841019019084
4335,3.9819710724673465
4336,2.1674677725501903
4337,5.887555594924702
4338,-1.9035411997008949
4339,5.827638311235417
4340,-39.61362706756513
4341,62.742874622393266
4342,198.5916805955818
4343,157.0150509179492
4344,108.90546568115083
4345,5.880838815493629
4346,4.693064227210608
4347,200.29880448554638
4348,5.70470084090414
4349,110.41402346120793
4350,-53.01323555623708
4351,122.78849892775128
4352,195.31176847674158
4353,5.035155165779518
4354,152.47489564120346
4355,126.03648820590479
4356,1.8919416578794972
4357,5.255137974798657
4358,318.56604601104664
4359,230.4661389348126
4360,3.3300017555375
4361,-4.420032131560491
4362,1.32394921278547
4363,3.3964728619672857
4364,4.48135687335342
4365,1.6505132490166674
4366,3.2719079775606588
4367,257.80022471034323
4368,-35.203397614933266
4369,85.94652062986566
4370,6.331100557558198
4371,195.8567826727077
4372,79.45896416390741
4373,325.4300363003472
4374,6.207136617493929
4375,226.62273536684017
4376,293.4845748654817
4377,5.608044128433679
4378,5.794437259942309
4379,165.81532367638238
4380,3.126614063203404
4381,2.328302969875578
4382,6.698403810490502
4383,25.431937279786993
4384,5.058142527618416
4385,197.79988615141883
4386,41.41762504682616
4387,304.76639039205133
4388,65.33556307264524
4389,6.693541044094967
4390,3.9892952368654058
4391,4.414753815949412
4392,2.509853455802647
4393,93.36518092128483
4394,69.93941941163236
4395,3.147642689676701
4396,27.54622409346856
4397,2.528801570365214
4398,6.300288612184367
4399,3.9696981389297834
4400,236.49854575230424
4401,6.783669252010898
4402,249.7661694498486
4403,256.9246615730326
4404,233.4369449537225
4405,349.51332567648353
4406,44.45060981612933
4407,105.87698453154746
4408,6.370534244490674
4409,111.44527269362894
4410,-90.90197427789938
4411,2.682038410303372
4412,273.52519647332934
4413,203.7430114496739
4414,3.8839161567584117
4415,188.66656061079124
4416,69.42488851349637
4417,2.7600120614680095
4418,226.5007315407544
4419,260.79047121747743
4420,362.3559065564531
4421,328.1926255385281
4422,14.59707209104215
4423,2.501784337108224
4424,51.47356479672369
4425,183.92376286762192
4426,5.305106325217507
4427,224.30710238100534
4428,6.292371657061818
4429,5.033932618497513
4430,5.2005464634321275
4431,174.18575990063752
4432,3.716461636756694
4433,3.6210482617513238
4434,112.16155990119316
4435,5.757131202523775
4436,6.410752977712869
4437,11.802649767686598
4438,92.36205713173752
4439,7.474177890975582
4440,278.61991710813606
4441,2.302510447703119
4442,266.2749574826951
4443,6.015625987472944
4444,279.4525134167842
4445,3.8573759005132535
4446,3.6600921411488483
4447,177.02543883278204
4448,5.020790901876824
4449,-6.1370246920447205
4450,82.90989543214334
4451,100.28021091570335
4452,246.72366287695917
4453,251.82956795107822
4454,5.0197449322409655
4455,5.475114709015323
4456,197.70478907191813
4457,4.147198862986653
4458,6.703209054006164
4459,72.20447693273435
4460,0.5632143971336419
4461,76.12153008974443
4462,156.0873442869361
4463,46.853818391217224
4464,4.240083967728614
4465,99.33849666029086
4466,4.462653360828146
4467,5.179975014141151
4468,1.8113438735974907
4469,2.0370309160145794
4470,4.905424981154026
4471,3.074600895211093
4472,263.1854242926092
4473,3.47428199007486
4474,246.9654601754678
4475,4.620909500897451
4476,92.32907469682787
4477,5.87350675310933
4478,4.576105129514529
4479,127.18721642663346
4480,287.4083728114346
4481,3.752651095625478
4482,203.11994088986575
4483,64.96687893276149
4484,304.7490976875341
4485,215.96989674949532
4486,2.459175126460367
4487,117.19359768715745
4488,56.045104224878216
4489,-41.14172510439787
4490,108.2215128290299
4491,5.339246227200793
4492,263.61752465608515
4493,310.5079217276948
4494,7.888556272571918
4495,2.846110195122054
4496,110.6811112372277
4497,6.728880347631112
4498,199.57866052559598
4499,310.54730152138285
4500,163.8850081675476
4501,5.7301754311128965
4502,5.892020328062414
4503,192.51851530062783
4504,6.6883435998529555
4505,63.68110369922286
4506,3.0267241027756304
4507,-24.8297896770508
4508,123.9070103034694
4509,46.28130220550447
4510,2.205915161389535
4511,269.68915626397325
4512,55.586744283440645
4513,102.99238053931504
4514,2.8967273628535954
4515,2.6448979827762997
4516,3.4009585662350332
4517,4.846006948710632
4518,-7.003543472180538
4519,120.15205113957154
4520,58.547661269983934
4521,2.607244494326877
4522,66.85758235871108
4523,6.717960653492693
4524,202.0452285967237
4525,17.481542141214533
4526,2.2509681956311796
4527,118.66444709703258
4528,127.99308763122497
4529,111.68045694965492
4530,158.72511033667485
4531,3.81783709843897
4532,4.301486274903846
4533,4.442623207130934
4534,61.386516245955896
4535,5.935439134882758
4536,2.0314254056155434
4537,1.807082305567782
4538,6.33335578981761
4539,292.22236973130913
4540,176.46873940152796
4541,3.425122280000083
4542,2.681893634964915
4543,219.02841056870108
4544,34.11081114370521
4545,5.061439563753018
4546,30.43166897099487
4547,5.863776061614617
4548,179.68376252065468
4549,4.77183493177321
4550,235.78516357043972
4551,26.42871677096666
4552,128.7335443025753
4553,129.68724005543766
4554,4.537183430521351
4555,192.58039080552686
4556,286.36581554577515
4557,5.074109259979626
4558,4.55442219170648
4559,79.8233971388155
4560,7.525711907650846
4561,5.238746822373105
4562,191.26852744708327
4563,46.54443145730396
4564,219.65366271507648
4565,46.07752424899636
4566,221.45525634400286
4567,279.89650485995674
4568,137.29080682892754
4569,4.611100025745529
4570,198.9381157618892
4571,264.61336931740095
4572,5.226777074859383
4573,2.9602003195849873
4574,1.6865579962112416
4575,5.268387427832831
4576,152.8859927870481
4577,254.20740959843215
4578,45.65428649228057
4579,6.969351353266301
4580,0.7893894888406711
4581,349.72120189524884
4582,45.15151619961982
4583,1.5424241821543876
4584,270.95497100115733
4585,40.11954750125534
4586,6.159547457651264
4587,4.074895477617403
4588,1.4782487177669799
4589,4.284685137309267
4590,2.9371885056943254
4591,71.48017706092975
4592,5.435999367842278
4593,101.0283267649385
4594,-17.41603837555699
4595,2.6188791620205003
4596,63.37645058999307
4597,135.64145310665378
4598,4.076909180649891
4599,-37.726456157361966
4600,98.22460424959624
4601,6.99680307997283
4602,5.3723644077873685
4603,5.417544367296094
4604,77.07019048582976
4605,2.25661242374363
4606,145.46675152305735
4607,46.35277699872684
4608,4.628055362503125
4609,213.67217691038908
4610,127.34603527165754
4611,103.87903253523817
4612,3.5175807476795287
4613,-65.66321614751445
4614,87.73793377480678
4615,-37.43147512602138
4616,4.6832226116181666
4617,4.81680678890168
4618,4.178229601821092
4619,6.197149642420696
4620,6.670121023279862
4621,71.22239529987311
4622,4.1292765340112805
4623,6.00106209388467
4624,1.22563337458945
4625,84.1939304143713
4626,48.75590501261426
4627,5.224199844441485
4628,5.9479947085147264
4629,68.19486573303422
4630,5.471156299260397
4631,3.7781068026052864
4632,6.683903970108083
4633,218.35502097732908
4634,5.781093108087104
4635,5.9162040139101775
4636,48.25289361187056
4637,7.0406611016484835
4638,404.15864915285186
4639,278.75859223547934
4640,2.0164486399360464
4641,210.08110246805347
4642,130.39328299887848
4643,63.93449010602276
4644,54.23091066699179
4645,5.516283924952125
4646,49.831336261068415
4647,7.06567483115051
4648,197.24241671343486
4649,123.30778555507322
4650,124.18138895295036
4651,33.584765984467616
4652,4.793512032640723
4653,237.63692290325275
4654,9.757138623505003
4655,5.559168074853496
4656,2.7889946323040467
4657,3.1345168424894676
4658,6.59962527504525
4659,108.19345855979292
4660,2.743329895433609
4661,2.7228724957051247
4662,3.721197905742061
4663,115.78090419094181
4664,5.875081994351445
4665,125.60377892924429
4666,237.57061205635253
4667,1.8437569126946434
4668,107.97581824461376
4669,252.34950000235722
4670,17.844757200040586
4671,1.901617622789365
4672,0.9223548937772101
4673,71.82481937201072
4674,282.5894232514903
4675,1.7691773863416203
4676,146.9739379894702
4677,63.03810510531937
4678,5.503242289835757
4679,69.0761384026664
4680,4.470659438479862
4681,1.8467394817614733
4682,162.63010214760686
4683,138.60827607824808
4684,95.76919194781439
4685,240.9864833891079
4686,4.152830886748018
4687,223.9866941324596
4688,338.68104982010027
4689,97.28511555463713
4690,5.862158114729017
4691,6.757072943637739
4692,4.321592466708633
4693,107.58699945394181
4694,4.219651893980206
4695,359.90462426401496
4696,4.539380761880478
4697,2.527941419109593
4698,4.607247370966961
4699,4.001537184908312
4700,110.44916646056546
4701,5.522841139175624
4702,1.9690753053864898
4703,3.7147461592169266
4704,4.967259721369347
4705,284.9209142521672
4706,3.3704937597307945
4707,4.984489626963259
4708,3.1889425885984766
4709,78.6085382590797
4710,157.03246702710118
4711,6.313183625600367
4712,239.5956065770479
4713,3.609831566184244
4714,5.733168511525571
4715,69.85369903961737
4716,54.17875420684376
4717,7.463752440105942
4718,5.783358642960938
4719,180.63583537158922
4720,170.32102996930655
4721,6.214725551445692
4722,4.072934941792734
4723,6.709966346590143
4724,61.22153776475237
4725,187.97605812814078
4726,3.665545006174079
4727,265.16391898514655
4728,241.1247838232945
4729,3.930310845943707
4730,174.16319914723752
4731,22.457710165779595
4732,-54.97340172493075
4733,5.440399729794597
4734,6.343617535112506
4735,5.457549006587612
4736,3.291892456443384
4737,62.74073069729211
4738,-26.92647958801961
4739,159.56477750455628
4740,294.31952273320024
4741,4.677971550206237
4742,86.50425585037819
4743,5.538231418357869
4744,268.6492126367165
4745,53.78276629067547
4746,4.053156912540782
4747,2.8333387004064168
4748,3.136948101703023
4749,5.869681555236201
4750,5.711720120402665
4751,3.8189348074746023
4752,100.99084851756977
4753,156.06074012510595
4754,150.275032877025
4755,3.966598642884885
4756,2.0026688429195656
4757,3.272684425213872
4758,74.69760435396879
4759,112.52946420688704
4760,5.066820898988194
4761,3.3291847869111333
4762,184.13890070653665
4763,215.89909291385266
4764,2.3278628057572472
4765,337.0044955506598
4766,29.434966399900038
4767,15.314040891852585
4768,13.901253382431953
4769,-23.127966177217886
4770,34.35052401782182
4771,26.360618547981176
4772,4.009057942023407
4773,4.128146708257529
4774,150.46287663338393
4775,2.341499177494391
4776,2.263702575104174
4777,195.15754311704782
4778,4.828700708352168
4779,41.134020615763816
4780,1.683871545596396
4781,57.50083236916078
4782,4.824538462019333
4783,3.9212440946833054
4784,2.6259517003713766
4785,62.825736921415036
4786,75.52396420311217
4787,5.619482126375387
4788,3.5297351287345173
4789,3.037336251027111
4790,134.9964230014911
4791,196.070277785852
4792,4.486265515578771
4793,169.94751047873686
4794,54.66290002212383
4795,229.44319938532698
4796,3.3393675743714617
4797,138.0397439510083
4798,5.883583789003218
4799,4.035611712724467
4800,351.2254812046325
4801,3.726468134760365
4802,4.952919972054148
4803,272.25987068544055
4804,1.6723653143150252
4805,229.1908696261064
4806,4.370093549458552
4807,3.239536749424524
4808,61.38858850245255
4809,116.25080837630078
4810,1.663598709244831
4811,2.1173431363523223
4812,5.247326710822584
4813,233.71468993800568
4814,232.75709523411956
4815,2.73781854440483
4816,2.645848605812297
4817,6.096204445475319
4818,1.6961590187652367
4819,81.88400692393151
4820,2.4363402443956135
4821,192.6014976111055
4822,121.16168271836891
4823,4.95744166825298
4824,3.1690312699351706
4825,259.58596136004303
4826,4.8886725026091025
4827,6.283706386616549
4828,226.63352154497414
4829,115.20629509940969
4830,97.09813637971274
4831,207.3563586493908
4832,6.945950014317895
4833,3.6961714326922315
4834,107.74930896942563
4835,3.814706788739568
4836,6.629003936356836
4837,195.83725312691507
4838,30.537704459013632
4839,302.26811570066013
4840,2.5245400507354523
4841,128.28269811401793
4842,35.562858714742376
4843,2.1773134626118553
4844,4.157394638178774
4845,4.508804299623209
4846,7.127510840258125
4847,4.008483127463672
4848,2.4010818015998114
4849,4.178260341462858
4850,6.732410986341498
4851,5.805011796434738
4852,102.55569163830936
4853,288.5984969048591
4854,2.5815962893386875
4855,2.9396264526985822
4856,199.44093159234288
4857,250.41448062186743
4858,278.29371137889706
4859,128.45664290093984
4860,258.3293044259697
4861,-40.29046440473506
4862,116.35118631167151
4863,6.781266785608219
4864,5.878985999157131
4865,1.897314200710559
4866,1.2160505254396996
4867,3.3226246718301096
4868,60.75938466239713
4869,1.166334962232124
4870,148.5198014297029
4871,6.801417352401861
4872,2.3032005496874755
4873,303.18296584575614
4874,7.160235529903758
4875,3.4851510415180513
4876,217.83597243125593
4877,6.345030846343954
4878,92.42952869800698
4879,71.28682230283098
4880,5.830413646083142
4881,6.145471605413787
4882,32.18334140234351
4883,1.8112293757786826
4884,110.61052712872473
4885,-63.19311481133974
4886,242.60094067531998
4887,5.820302674128326
4888,288.20858289115245
4889,55.342259080017016
4890,223.62556399368412
4891,140.20906399334493
4892,1.9653350391711806
4893,5.745649821495558
4894,99.3526741223108
4895,6.6374118432016385
4896,5.826593785674046
4897,6.091901233216072
4898,10.870327118841407
4899,208.83271870170523
4900,2.298270601387963
4901,268.5044260717772
4902,4.116850897981568
4903,156.38057446139993
4904,382.26771917282656
4905,90.71328885743529
4906,151.2762779131969
4907,184.61205021028707
4908,4.472106017651674
4909,123.13754287621302
4910,144.09235639927013
4911,88.16559811042796
4912,5.603545229893704
4913,190.27362977173715
4914,159.87537377796951
4915,4.470471075252288
4916,4.795010449822019
4917,6.4447819615415245
4918,2.9748523848425785
4919,-31.99137799373026
4920,2.089761623398076
4921,-8.396841189226175
4922,172.35915956628241
4923,223.12610564711724
4924,5.911813865483133
4925,2.3412140589041637
4926,1.3190973246453817
4927,5.485854482495817
4928,3.2005427577116334
4929,87.73256261691742
4930,103.22755798316646
4931,-17.826546638384112
4932,5.892261172731592
4933,273.7157615880797
4934,-58.82932348028663
4935,59.51856353990748
4936,261.2401525554111
4937,26.075620783573456
4938,80.31342622294831
4939,70.47223830941257
4940,3.8311007968460187
