id,target
1,4.210801701987222
2,2.554329033227223
3,307.372396369238
4,-33.35780887679513
5,4.291635997828394
6,6.6649578414835675
7,4.997161588618444
8,68.12228152945156
9,71.66791519629396
10,66.46960968393003
11,33.13060299869544
12,6.7480018533251
13,269.21988967149025
14,184.6072332390134
15,3.615418154106428
16,269.4034719585226
17,3.3042377995655614
18,97.86404166748366
19,3.4530058343292422
20,6.864688767030215
21,-63.960489036262004
22,58.52619700029372
23,4.123056920146874
24,2.8301402133270237
25,31.911861186435917
26,86.34764300596999
27,1.202108834532997
28,164.8510597606578
29,49.95842745041428
30,3.234145669024544
31,6.246714732935836
32,36.55016580353738
33,51.45906919500169
34,3.939464480111159
35,2.4210483943030154
36,6.775137958046207
37,248.02991466876162
38,244.53835629112808
39,53.354217198246914
40,120.01614270185534
41,-47.29072385431532
42,3.2165753307880838
43,5.794832119219832
44,4.455989201600707
45,149.33196531653903
46,55.603037161017
47,3.1508064514116563
48,-72.90381905075651
49,4.540528954217979
50,1.859065827655071
51,251.49674996013374
52,3.057284905377908
53,2.608060935238467
54,71.03774817308178
55,2.918158099224261
56,4.014202383047625
57,5.708617563763111
58,174.609289269989
59,236.54444977763416
60,6.727460500299203
61,2.4189319496970203
62,213.43777186681234
63,6.672722432951208
64,2.5641698435120324
65,2.1972615324230933
66,4.224418605466608
67,4.89344601026968
68,190.683794038018
69,126.43353299463939
70,2.3486851848631085
71,2.55789203918539
72,2.2169191289442534
73,28.383601260643495
74,249.90849741063886
75,216.8760030067176
76,6.255612555509416
77,5.852465262985145
78,123.22484825773128
79,278.20444498893505
80,3.7271606085110394
81,54.19212154596745
82,4.262666062193065
83,173.76663951221084
84,49.50287850805023
85,-1.7730758450508435
86,2.287311099739582
87,58.53295307724193
88,172.96977487361863
89,5.998699198778082
90,5.314507798307183
91,51.47326157981022
92,8.040903910662067
93,39.8662860069779
94,5.072026959559869
95,3.957972589467089
96,3.208419465949952
97,7.025281861938865
98,208.21569980677336
99,71.39855673393112
100,277.6204100208192
101,5.496575830763467
102,253.1144964567801
103,4.12007048000297
104,6.503822459085374
105,177.97363299630229
106,9.253591831902924
107,292.38979776263926
108,2.4735622728899123
109,197.46960511452508
110,3.468639551884544
111,64.37209004220783
112,1.9855964727979276
113,233.92279173360657
114,6.5676458845966845
115,5.346545415617801
116,384.0420458997572
117,194.36249818912938
118,194.28625640662773
119,236.32014887698983
120,332.0325425824351
121,171.84867499422867
122,3.453289124561717
123,139.3999193714585
124,265.6746794263129
125,110.08605805342654
126,6.407839443474826
127,124.30084022351261
128,3.963631283871275
129,255.2110544054981
130,86.70525164753037
131,70.04909820302697
132,20.31391806520739
133,-42.737448295418574
134,325.47882927158776
135,6.1776213372447755
136,2.2486264276046874
137,119.72305492958704
138,5.82721325062078
139,211.24330182593934
140,305.1869516334328
141,56.49470865834638
142,11.280119525038401
143,26.231630694820584
144,17.151686908047445
145,6.641991353947643
146,197.56031483110738
147,223.1698661254692
148,1.8915179989949742
149,181.30388900547806
150,69.68577291010752
151,287.3521476546839
152,227.65552337020517
153,183.77900921735696
154,51.819542945512
155,4.422919388087911
156,203.95987626922977
157,145.70722216009915
158,101.57968444317191
159,144.28522761717664
160,6.403564375713657
161,38.712573648498676
162,4.7748574419637855
163,261.3072756434849
164,3.00161981135452
165,65.96549672865596
166,210.93930676004976
167,340.6772861444856
168,6.900185534044066
169,1.895597650472968
170,238.91887944158952
171,3.026034178868347
172,4.582021765550748
173,-57.211921649186344
174,3.824216327213546
175,5.654694685935576
176,147.71844427481872
177,75.66702254205863
178,312.4989581360529
179,136.90480481671236
180,228.14161274049465
181,6.302820756158749
182,2.3423837167937767
183,290.1279847015184
184,6.759401910894516
185,1.656052228630114
186,3.3092113065134763
187,2.8828644802070844
188,3.882125314636667
189,85.89054846514014
190,4.153529412281883
191,2.0371443092360964
192,33.63666444027005
193,3.3988473345536185
194,335.5164672066542
195,81.10019340010822
196,270.266412394845
197,108.55700604951627
198,215.89094605527066
199,44.29106812986841
200,2.0102523627696347
201,3.2279444185916653
202,101.61498613237343
203,41.366977206438065
204,4.3855085978884
205,273.66600090401926
206,59.069378413071156
207,220.856592970304
208,138.8045554132678
209,65.48489529460332
210,173.68951140737022
211,61.28115825887128
212,102.63143164426904
213,271.923176092056
214,59.540952943864866
215,12.380463606357374
216,208.04570559813106
217,84.39080842999242
218,165.84669627186773
219,199.2578450675888
220,6.250378959156777
221,224.6163410506694
222,182.88689645034364
223,2.9849185155284137
224,160.23065603539735
225,274.6573016481443
226,220.88124078392863
227,52.84006120320808
228,269.0461355492737
229,247.17927174930617
230,1.0149558430308219
231,217.7996579102338
232,48.082808138904426
233,60.46586966345586
234,244.57437322090047
235,123.14105281190317
236,2.258344790927754
237,5.815587284581552
238,37.00098790000919
239,6.3335883754485165
240,186.88410535336192
241,312.77698388747376
242,228.96513901758408
243,4.099127690893314
244,3.0433872946415974
245,52.16789789913373
246,127.06067155770265
247,128.94754676337539
248,6.373736076880534
249,5.87218728481476
250,69.78428134148247
251,47.13136485130809
252,189.07075845132127
253,7.646392651335303
254,193.00414477419184
255,-47.265924365578435
256,5.9488598810071505
257,2.1455148813398712
258,59.5826285833203
259,259.9229302153607
260,2.5394185974735595
261,5.609628145686621
262,6.30337724156688
263,-44.00401555985029
264,3.6799830552996746
265,3.5997335661493204
266,2.122825675505423
267,3.1499033536703416
268,1.8358801340340087
269,193.76410954425347
270,3.0242782197216664
271,128.06942097361468
272,88.91997020535864
273,4.70549080343795
274,4.877561575216341
275,311.4434926744466
276,185.73237594700583
277,201.66412237371378
278,-60.72704194102555
279,4.259231516204325
280,187.5547117198824
281,5.1994400646842225
282,192.48344954204674
283,191.20987213414355
284,145.6205545860804
285,245.001812785449
286,142.032975854604
287,234.67089684005526
288,6.3055321909810065
289,127.10923527977553
290,4.701545196219124
291,95.58702894523758
292,3.8033331267165593
293,80.67584116698468
294,122.53481070961612
295,5.24698052087275
296,108.91917388322511
297,48.73773884067884
298,-35.48869328056415
299,198.4592547036812
300,5.832407338261504
301,4.222313162326044
302,5.103475983766955
303,4.4123518158144215
304,4.052204278466956
305,4.816313985672792
306,247.7857452654314
307,3.1019705117082954
308,3.213116074116396
309,73.38097448799431
310,2.143059715911792
311,2.359767806064517
312,3.70953192268234
313,174.31494501915475
314,4.074566393485772
315,0.3812921465646506
316,2.0509395187661785
317,3.673895241799312
318,4.048461885816024
319,35.46203615667456
320,1.843417942008754
321,6.259080358838778
322,3.1105226661340746
323,1.8220811672272204
324,2.4617256393398232
325,3.8374697829429474
326,4.9467371553502195
327,49.97890562476408
328,3.2791283778450584
329,72.2750092418687
330,55.241038386565165
331,46.70491195749818
332,5.6257902946881995
333,3.015346425113969
334,6.743439776493545
335,148.66675970338855
336,3.756834023095055
337,2.3784236470175575
338,141.84748208568823
339,24.293065656985416
340,293.85717064967633
341,140.5878451161748
342,57.89787989777188
343,3.6939659436488856
344,2.3622042972014228
345,126.06102693835749
346,2.9757439471330596
347,4.490442578853907
348,67.84203618397959
349,-47.10543948220892
350,94.40491887428982
351,247.86586447759083
352,33.72774201269979
353,1.3304410540185625
354,5.913809858011126
355,325.295150790598
356,226.8133411775492
357,3.2650529980742093
358,30.117628742528073
359,4.38577051132307
360,132.49335914332346
361,4.893020064016692
362,5.450561165883403
363,-5.904330918957362
364,4.165307193575621
365,5.407624116981139
366,66.22370476256673
367,4.619907082136415
368,241.79606834957562
369,5.255648798832919
370,-30.208711529437235
371,255.3267012037564
372,19.95837705438577
373,144.39555132180107
374,-6.205328199079228
375,98.74156062156601
376,2.9361174536901165
377,2.5730926517476385
378,3.7534438343003753
379,2.9347646627426363
380,0.668238848279447
381,5.999401473644096
382,6.325346032865416
383,147.37253392751484
384,1.7876748888807519
385,3.739144523861153
386,271.9362008312167
387,2.5458478717552118
388,3.7673722854502607
389,66.22191388630378
390,4.479147883389362
391,163.5420827611327
392,6.3658778392169975
393,3.810566091731635
394,311.2746657993605
395,196.71525243556005
396,2.7466671841564496
397,1.7592825411177122
398,6.592504319954649
399,208.58813930638746
400,230.48850420191434
401,1.6539102898700277
402,6.389342240696688
403,5.84795004597223
404,5.783231383640825
405,12.779552970117523
406,7.831372323174776
407,-59.150663478688664
408,4.019574596564513
409,3.3680933674695424
410,3.729676072252463
411,2.7349260460673137
412,-20.505873783995803
413,325.68399078710956
414,5.79411495071386
415,30.686383282338248
416,3.302760686075498
417,6.746227243519138
418,5.95167221359226
419,5.777768291468143
420,4.81685712967847
421,150.3057322984246
422,160.9651094836641
423,130.94360387976533
424,166.33255042456915
425,5.798433723010927
426,251.49967127362765
427,3.2884630281311193
428,219.6207423262943
429,2.5666738077838582
430,4.490590945740328
431,269.516157767309
432,145.65753323368642
433,11.81310314256776
434,6.453512782789497
435,50.51565020298162
436,233.48199508427837
437,213.9918238591559
438,173.86360386512087
439,5.847534392038641
440,260.7072140229803
441,192.87593377413742
442,119.88828051597596
443,315.7736951534914
444,5.406645156091777
445,6.158170926002455
446,59.04648673580213
447,1.258985977297729
448,6.256275564045819
449,316.49100005409605
450,276.22024602148304
451,155.45199387148773
452,231.8473983119041
453,1.8802058391222292
454,3.6376162872768445
455,126.39340937782731
456,3.109177946828484
457,4.93995899825946
458,267.0228581965867
459,66.01147680122924
460,31.16951425605302
461,116.4702830786608
462,6.181065555923928
463,195.09832152712715
464,5.109849862467121
465,148.921489510677
466,69.60491228265926
467,2.3273369686303966
468,5.088372399475794
469,38.89156969898511
470,26.657598095585506
471,1.8193178267150034
472,1.9146543190658982
473,59.20435778887402
474,5.863542917642477
475,126.41580004634824
476,6.466401287934329
477,2.0198959636764093
478,4.36745580857668
479,220.81147012403363
480,4.775068511217552
481,6.100419272274116
482,232.7223605592984
483,1.7262973915734052
484,201.42495737069098
485,104.78087741750453
486,4.639642632708826
487,2.5466791724952698
488,191.77364131192667
489,2.6903730500485605
490,4.5128695867066995
491,6.363590749709316
492,3.985345560156227
493,3.4775861948473734
494,232.10015670625236
495,5.814315128216655
496,190.55454182246768
497,6.100082587307674
498,5.91618345151788
499,5.801674342010894
500,10.671205229016987
501,3.341797941619724
502,321.8426923355315
503,119.081071470661
504,-7.300206445471353
505,1.9739399511038773
506,6.47310181183445
507,329.89695355042556
508,79.31277276399071
509,277.92175967237495
510,4.264641115442907
511,106.3383505418742
512,205.3513015317249
513,208.34940893463664
514,335.56106841694384
515,241.86185372010385
516,229.52698541466583
517,285.0213942537607
518,7.142897018121608
519,36.30451695939137
520,313.0369508774164
521,1.7417557150997791
522,3.870761347409951
523,229.23710623038943
524,4.385965618077167
525,172.45390259950756
526,5.582454608318717
527,4.907273587693453
528,4.122362038627026
529,6.332934368723435
530,243.9114077897034
531,104.20108081649212
532,3.972812346494744
533,63.281490871004024
534,4.18405397315268
535,6.901939928208165
536,5.903641502808359
537,1.7465851999410411
538,5.145234791076737
539,267.9249393254567
540,273.365410002064
541,255.7784026773034
542,68.64441225088564
543,97.54445559730874
544,4.931736527514445
545,4.192942299354263
546,4.096404478232953
547,2.0102439563541963
548,319.2402112016958
549,5.782113545280623
550,248.04027851637142
551,5.894915039893325
552,114.8220952506049
553,3.790331409478082
554,63.82032570418513
555,99.9700520705737
556,241.06852956845353
557,195.45485032299868
558,5.403185121855027
559,5.790095614237804
560,141.27895861121482
561,119.95175115156187
562,179.1618690446061
563,3.156896230679684
564,11.84924902332447
565,144.72245483921188
566,2.4005364625277985
567,50.0077684623565
568,113.37309410615595
569,309.3006796945032
570,3.934666116790459
571,209.4986304410541
572,3.109426208485947
573,80.29376741227964
574,114.45447623066362
575,7.323562984711543
576,1.7969908232760443
577,3.088972091150874
578,172.66436241246302
579,1.8190473518606085
580,280.90449043719696
581,61.240173558205974
582,82.6632932448394
583,5.178791299907089
584,3.1086888998839637
585,159.41910288723398
586,5.198524137720078
587,219.92716734996884
588,2.994310660115758
589,192.96639227128662
590,298.89709931449386
591,135.85019561236462
592,6.903091209552276
593,237.9436480579688
594,289.44840744487766
595,39.95791115911992
596,5.314998822748903
597,127.32052866605352
598,2.6938441214442013
599,71.81110795660426
600,144.45298371234333
601,153.41273683152752
602,40.43800961807122
603,2.082987673252974
604,244.52854844434864
605,2.448130331231637
606,2.925230594835405
607,6.6021565759079905
608,51.62054693734545
609,263.9125925533574
610,35.354051947988566
611,58.004590821264784
612,-4.127349101295048
613,39.26519931217294
614,48.12245510784595
615,1.8885897826214215
616,179.65501549973158
617,-52.26579837827971
618,235.05714334831694
619,4.801476856913693
620,5.728287633239533
621,178.9312997348778
622,106.0517273472392
623,185.0076213735709
624,199.2093568527926
625,2.4414653263378208
626,1.590660704725368
627,58.808585209416435
628,4.3982906058643225
629,227.8566320088022
630,4.398637217970317
631,2.1873970608378492
632,204.16892881524046
633,156.5539086446254
634,212.9268667943609
635,2.486310061300832
636,108.56859975747804
637,112.4991946591747
638,6.645399292270357
639,50.61812690206223
640,111.01058516476937
641,6.691228394290364
642,3.1698277399542647
643,284.4363133099355
644,3.4758889880054715
645,92.4582894042605
646,75.02688247543153
647,194.48130155844603
648,270.2034298858782
649,365.3579607153025
650,327.8325757606344
651,109.90539086951028
652,60.213708980001314
653,3.228013697478426
654,198.54616945137417
655,-0.7477688443851639
656,219.75459038534905
657,184.88512030082052
658,278.7937626217897
659,1.8899011808140573
660,118.20000878759866
661,4.049672272837446
662,132.9480610130894
663,3.5099701239329355
664,-45.12669258739896
665,95.49589964112926
666,161.94784939674912
667,237.86805282217222
668,349.42924158998693
669,158.8369933027069
670,192.21428845897466
671,117.13142084990446
672,77.742329465102
673,3.8486761863682424
674,4.845780119773344
675,5.892216913567369
676,5.206861702984392
677,8.098874323036581
678,188.00315532309742
679,4.780507069588263
680,3.03463765752867
681,1.9130012194183432
682,70.64741877468335
683,5.6773904614109
684,178.0183254113162
685,219.57172243037604
686,5.8567302859402695
687,357.71465261256833
688,73.69377055250484
689,86.1767237033581
690,337.78868436282886
691,3.6355698345607053
692,73.74871891303546
693,4.925853512046777
694,6.57083093776977
695,-3.541692492981293
696,316.22314183987226
697,0.9318520305409131
698,221.1188957078237
699,1.94019547513683
700,253.09209804989194
701,3.6277448073748886
702,4.460766021207614
703,59.78364356466013
704,77.8935310396432
705,156.5819444587182
706,232.90367247025262
707,183.49322705659856
708,55.52364302148467
709,93.81811452976416
710,217.61000328376517
711,246.20385096860514
712,6.676215048909812
713,37.60613080215883
714,6.607925677392067
715,238.94307862297433
716,2.9453101710707683
717,92.23232182334323
718,353.78846220194316
719,203.88026073053135
720,4.3983034151986615
721,143.2593248894159
722,2.331906343414067
723,6.306283597955144
724,2.405811715616088
725,2.66251128464067
726,110.46044779623676
727,243.80564275298838
728,38.772811756015216
729,55.33883388218493
730,57.5985469729763
731,281.05930014721616
732,4.553198871543753
733,6.566446995655209
734,29.907313111861512
735,253.0752753008523
736,49.36487992351155
737,48.611626199500435
738,122.27414358048006
739,328.97827822637487
740,134.17928749943516
741,44.615436861349885
742,273.0049591021176
743,134.17801538748114
744,1.7095300674885627
745,283.6351307067939
746,182.41615369990592
747,3.89375589812905
748,62.950938804906016
749,74.91346134612462
750,204.8974767188239
751,63.44691791578777
752,236.53511828668348
753,1.9759818936169236
754,255.56606458758563
755,5.944035543084004
756,5.928073641162596
757,184.18824699482082
758,2.459609854637787
759,87.59068624105346
760,12.77867902804301
761,214.33340931573116
762,5.0086178096418985
763,2.106665526959186
764,91.48423100831371
765,4.533828819824562
766,28.839849996458096
767,1.2679458174341622
768,5.061220824337504
769,5.850280067031459
770,2.0203133557112203
771,258.56676632783984
772,74.03790966109557
773,119.88071218416792
774,-12.680969270336305
775,57.18608866303035
776,4.158765535811638
777,261.5186626570933
778,-16.584255324201884
779,150.91870909902755
780,76.11091902017392
781,317.80447142432484
782,3.597989356069248
783,48.23849789259341
784,2.6922541401273987
785,54.47540185745015
786,125.50460673213854
787,5.527713368653036
788,1.9000681860782245
789,184.7318122655082
790,66.61458229132472
791,-5.8348995401446295
792,86.30823905411756
793,-63.48752276517173
794,320.3472560943157
795,-54.45486284859055
796,131.18992642968163
797,3.586103139034398
798,61.67652076441074
799,3.3810144787343894
800,5.857837932766429
801,223.13699924677422
802,70.16076518086089
803,136.5211854401317
804,6.771267705423799
805,2.17933903626302
806,158.25267173273454
807,2.71598004792782
808,63.11903048230211
809,1.6326784363953382
810,55.526587916589804
811,257.0577014882408
812,109.98515121069508
813,290.71728238102344
814,5.871171959519252
815,4.6393559957265715
816,7.053796344147933
817,2.8189261847927836
818,10.04426703310321
819,5.191065898900749
820,77.27508184332572
821,5.7511298651034615
822,2.032608836975686
823,43.8990867982302
824,71.176900309735
825,7.420478507460977
826,67.27291218156498
827,3.993756858895499
828,6.077943162751396
829,50.24463117336598
830,158.64328837708996
831,116.8762614847132
832,6.012070445877612
833,254.2981084873885
834,191.97864044809
835,142.56696620237173
836,2.421648082779255
837,82.12611751363045
838,141.39302481733972
839,6.166496618273508
840,202.61267081696218
841,140.79604048578287
842,58.65321517252896
843,2.4650960372539323
844,3.0886990560433594
845,5.409785091050697
846,6.48317163218525
847,5.566171815813561
848,178.88395055927893
849,6.2226116609808235
850,87.42456284009431
851,19.348730800660693
852,35.787059160091175
853,94.06485045444782
854,57.20137738544125
855,6.491890890654435
856,226.8722631309736
857,91.89351297680778
858,80.02358183039638
859,213.42156819339493
860,2.0906279365375187
861,3.4155915506144936
862,3.101711243483518
863,100.03654180764914
864,248.09862739079307
865,260.12768602639846
866,206.28646951560086
867,4.8438265931827695
868,112.24363851328799
869,161.68050853998596
870,120.6649230752473
871,149.18059187804687
872,150.41401425342536
873,2.95650560615692
874,92.33717421973627
875,6.633202667491563
876,107.70459793225788
877,45.252905096609354
878,149.21573550996047
879,5.514332329399818
880,6.667242058592281
881,158.92438930312642
882,5.865508436319319
883,235.419199434344
884,5.876895220753675
885,181.9768157628971
886,53.27281265715429
887,2.484208068892694
888,2.1294310660701417
889,279.12125091293274
890,4.310443319520115
891,2.6326472906967764
892,61.070142262894024
893,4.8631738089230545
894,-4.568615420248318
895,3.6749577924974877
896,211.31769414175614
897,2.6027129217777345
898,226.84100330613003
899,-55.955685168117995
900,243.07701238745108
901,3.9144100938075947
902,198.75365983502684
903,5.068786361673084
904,123.71594455244983
905,1.9374278906245195
906,1.081797321919514
907,203.01632905960895
908,5.9152766906710115
909,74.85808314361915
910,2.291419786122777
911,6.64453355792619
912,268.41698563975194
913,155.7968289800468
914,276.82228217108593
915,122.55799456115746
916,127.56245323574045
917,-5.824775845384573
918,2.354853194906416
919,2.896292658946772
920,386.7894845866423
921,106.30339745272158
922,192.71877796937667
923,2.43268593685368
924,115.47582238851709
925,188.1582399527851
926,53.3568402895299
927,56.61533305165695
928,5.329254941022481
929,39.730322671352944
930,14.28335193238176
931,209.36601525080272
932,178.215471419065
933,5.420193523672754
934,2.086301792235034
935,193.20866485844266
936,44.74584071471172
937,3.4320772972727944
938,4.424207965731562
939,72.99545283886322
940,1.6127205022172433
941,5.800018299168464
942,4.847682623517732
943,126.5299571969368
944,4.06035859357856
945,2.0253987223910346
946,59.445473829394906
947,27.8787174141172
948,55.073236511123696
949,231.98204491832877
950,351.79693816862067
951,13.339518717163008
952,-14.771019488468447
953,6.274777661917759
954,255.14318111054095
955,196.04359498556934
956,147.9918086056626
957,2.494701886411939
958,2.963804369231055
959,204.01749770318133
960,51.67504993710353
961,161.52645888880622
962,3.302221017003488
963,6.290509067837068
964,5.0142427378843335
965,6.274209113805112
966,3.482460302946229
967,31.058296750209912
968,171.60371187810676
969,193.26368830613663
970,6.2428575808160485
971,364.57385981968355
972,5.441647492278085
973,112.67918687170209
974,5.462156586636656
975,4.010857938324105
976,5.1096328911950115
977,200.94755746330094
978,294.82026802288726
979,2.233807234634484
980,1.8628199742628195
981,23.979201913222845
982,39.81412191865645
983,308.85698606305044
984,325.57068979640997
985,264.9318888795448
986,107.0477112654309
987,3.075495299849766
988,244.99922491140205
989,357.0260373728281
990,65.67045457569829
991,4.222931387695193
992,316.4716223248705
993,169.64028075952046
994,3.3576376460716943
995,-8.771125350283729
996,-5.674688828143156
997,2.0599684589252636
998,34.346439734886545
999,65.17017770618006
1000,-20.4892974558619
1001,285.1120638488244
1002,147.96577579462652
1003,5.442080843768955
1004,1.2243022070785998
1005,1.8372540685937115
1006,3.8067326848643903
1007,156.5029137898651
1008,1.958535742071105
1009,6.734071371178968
1010,5.405553749318517
1011,261.46745045039995
1012,16.13115180480664
1013,207.43148630271466
1014,54.15306478311045
1015,237.13248577143784
1016,6.548443794606808
1017,5.079827041014898
1018,3.39265641234811
1019,6.505717348359526
1020,4.554808724886574
1021,123.45537095557137
1022,85.15903038336029
1023,194.79847959667975
1024,186.22230398868737
1025,5.3896622053563
1026,4.295295854543257
1027,4.865318436436228
1028,86.84888689902016
1029,3.809322944848427
1030,37.57127352069158
1031,270.31438307465226
1032,3.1132079223851497
1033,2.4766733350434444
1034,241.47432222096305
1035,1.4271403572535124
1036,247.93636452749354
1037,6.735049452490412
1038,52.46329666091983
1039,3.7027886724405983
1040,-30.2598242750353
1041,3.2418565101292245
1042,3.8931528745068946
1043,3.4949053738438094
1044,333.56252179983346
1045,126.28032620018544
1046,33.39276345026809
1047,225.560715614086
1048,1.8282290401460948
1049,2.760402353608745
1050,6.372720282568743
1051,59.417255448150826
1052,175.24911369918527
1053,255.12341399839607
1054,6.277330985950034
1055,43.087232261108724
1056,33.28454445928668
1057,4.337904496205231
1058,2.821965286763687
1059,2.9006535515125944
1060,81.63837236126966
1061,3.5921191995143245
1062,5.754074435205508
1063,295.89256266074915
1064,263.98542963836223
1065,80.7449410833589
1066,278.0401848412633
1067,263.0084169392355
1068,6.254551912412655
1069,4.52857356720127
1070,317.46178430207453
1071,187.20905485468163
1072,5.236637637820174
1073,5.345637578277046
1074,6.348272940732922
1075,4.494147573778042
1076,295.0596027475312
1077,6.258598447279974
1078,159.24478767555308
1079,2.935901061206668
1080,2.512219905718802
1081,5.855437423765062
1082,4.560935116415969
1083,3.3928097303851423
1084,6.102487604643725
1085,119.84110330839712
1086,166.6629501050877
1087,50.341981946160196
1088,256.7237003790777
1089,8.533744144342261
1090,151.78509954389423
1091,250.14951402107118
1092,5.726474952539123
1093,4.451189599620357
1094,6.678376732727014
1095,3.95521067201605
1096,3.3055727897120555
1097,5.15193716175432
1098,80.20484946974264
1099,113.89432839120062
1100,5.318469186925723
1101,4.509898809845986
1102,6.353278118429264
1103,263.8326487797327
1104,4.634034876035843
1105,117.41160897586263
1106,5.429343944104353
1107,6.232982514779877
1108,8.001745315041255
1109,105.03493332710254
1110,79.27652998421897
1111,3.1275922526541757
1112,218.11495582127384
1113,2.7844205892970324
1114,181.3816874260923
1115,0.7001875322790604
1116,5.385950121629461
1117,289.6405431689816
1118,278.43366605022567
1119,4.64454129757438
1120,54.28761092430311
1121,20.848121306014264
1122,240.36392931040578
1123,3.4403132848161544
1124,181.0582609858308
1125,2.677418075517379
1126,70.74757370576357
1127,6.055520977356633
1128,-49.689851370110965
1129,136.3829720890215
1130,6.256507729810657
1131,36.03607897201544
1132,4.11099121229923
1133,-61.79775043372104
1134,191.4711087405405
1135,200.53481473576846
1136,-54.96569640461885
1137,3.9889871511439305
1138,53.459331724002155
1139,113.25099236170016
1140,110.95501495619027
1141,216.46665251919904
1142,135.76438817420217
1143,26.933355564493766
1144,-42.649963556471306
1145,118.67041883331903
1146,61.30963528836783
1147,4.564805177595007
1148,73.81243829933707
1149,35.27560674600551
1150,4.239915532353558
1151,1.2618830612996663
1152,3.4922275172356496
1153,4.280401645121982
1154,32.724427791998224
1155,169.03539886138958
1156,6.698139003127297
1157,72.8409020707841
1158,206.0636613463231
1159,111.85484674806126
1160,78.08102063200857
1161,1.7158556865232342
1162,5.45732870844711
1163,5.498105683328966
1164,4.825731741449713
1165,199.9029007331846
1166,39.352383458039995
1167,-26.699490572471127
1168,4.9664470048315685
1169,174.34096351334244
1170,4.8872955532584585
1171,4.312324926428462
1172,-18.37916605606819
1173,3.949553834518472
1174,189.86392241954306
1175,-52.251675400737085
1176,246.02189620874626
1177,2.3303553601828475
1178,142.8912249916691
1179,2.826642997441697
1180,2.5069363096418207
1181,2.163373285233207
1182,128.58191641379221
1183,7.29752667906757
1184,4.001641391440581
1185,279.4745490945034
1186,135.15465652445238
1187,4.218583877404695
1188,2.8837231693694054
1189,118.57688919087899
1190,3.556358975071435
1191,3.1080087294387666
1192,4.954071646946428
1193,196.87922085385952
1194,5.565006855560248
1195,2.142896719684372
1196,267.2092884898376
1197,71.31772266500974
1198,3.227644662236189
1199,255.5649637032218
1200,43.99472412936479
1201,226.3166755625104
1202,89.83262185783386
1203,3.442628072883154
1204,177.54838588057163
1205,1.8512827046713864
1206,160.50211707222854
1207,122.4044599836603
1208,239.4844514006864
1209,256.2711977838923
1210,197.54042670678945
1211,207.27612925678028
1212,6.119962336436611
1213,3.7485819447030924
1214,197.0707591882756
1215,125.6570427197372
1216,233.03707682790747
1217,187.6723434813522
1218,-36.874411032068664
1219,6.255048471553776
1220,5.748109025987439
1221,250.2154752326643
1222,6.012895362110354
1223,2.606537639271691
1224,2.874056212960829
1225,123.91092807003591
1226,1.3965929486509427
1227,4.666433581792541
1228,2.5123648532742724
1229,35.98431402183287
1230,117.08226422526987
1231,232.2665949052423
1232,1.8205483498293746
1233,-37.99595489686308
1234,3.15831204274539
1235,14.620040317560932
1236,259.34212231965785
1237,4.361777254571928
1238,2.3926077859462063
1239,1.9534550857430646
1240,42.03980967414955
1241,2.0595747456278413
1242,4.312988169466596
1243,5.39818481751699
1244,182.71377596711352
1245,4.038588831951326
1246,253.97775673274214
1247,5.6089545078775656
1248,126.32698835578034
1249,145.7068460709505
1250,7.512466212953383
1251,38.70948427871751
1252,5.74489977567872
1253,4.1753219365189365
1254,4.370883612860656
1255,34.77673839737869
1256,69.67497518290136
1257,130.12143990503586
1258,274.99411149763785
1259,59.035504780532506
1260,260.2947208661333
1261,5.781974964655079
1262,5.342435259743246
1263,193.43458372134515
1264,2.225142695848388
1265,13.414133555568315
1266,126.4633064524513
1267,2.5173354969283928
1268,6.322888321290222
1269,257.29768043924673
1270,-53.49465291790632
1271,226.61087252261666
1272,53.40349689619548
1273,25.673633557111074
1274,229.60643593287594
1275,173.87327431406428
1276,38.262668448890025
1277,3.9540805293679684
1278,1.837745424888485
1279,3.8066627157781245
1280,-60.61587109599941
1281,3.522961407953003
1282,65.58102711424155
1283,159.02353034825592
1284,2.8445426194587813
1285,-53.24394532542612
1286,2.572612228034713
1287,49.30995653762869
1288,147.91080911579047
1289,4.495932162009287
1290,223.30691884865206
1291,3.2211259476586216
1292,47.47025929367196
1293,102.85849944387668
1294,258.8195658190306
1295,178.07305705637646
1296,6.611374242887849
1297,49.146359448439846
1298,-5.69554579274834
1299,4.921021265357092
1300,168.03256070578652
1301,222.54325966917855
1302,203.31519430320378
1303,6.272787799846634
1304,3.6597665163946544
1305,5.079800380045824
1306,59.012615452123505
1307,150.1999240338525
1308,1.891668527518881
1309,4.862591243874897
1310,342.0762274174132
1311,2.668878699844644
1312,7.283748465692736
1313,37.39724560628101
1314,209.9891591973757
1315,155.65283037640688
1316,269.67613174624375
1317,63.73925636242042
1318,2.108968818610993
1319,203.58822503903866
1320,240.16070878226543
1321,9.317197131376485
1322,53.939955046889736
1323,273.4312506289094
1324,236.9969185927742
1325,49.75829612953159
1326,54.910411607306116
1327,243.29266136188215
1328,3.245458399158788
1329,6.0605441444143935
1330,124.6638423481946
1331,-13.08416775107611
1332,315.72502579574547
1333,1.4776482369654018
1334,353.20132836140556
1335,1.8800961391903
1336,98.71082711146768
1337,34.75200445056754
1338,243.75071339966925
1339,6.659573968591913
1340,196.8286599436964
1341,245.52118104627863
1342,182.75259464800988
1343,52.33735917388812
1344,110.87146464333486
1345,3.1455459792011156
1346,50.914742881550154
1347,89.17894069485965
1348,2.9135794365193837
1349,200.22583565063866
1350,48.111053867110044
1351,227.12353450374417
1352,2.6392543028377142
1353,15.80709092532326
1354,4.684530279711417
1355,5.969894117835948
1356,3.530786758047714
1357,5.590314826089117
1358,6.711569218810125
1359,1.6592801491463043
1360,306.80073054099046
1361,4.724959235929164
1362,6.408100637427227
1363,66.59207497579808
1364,3.2699714257254016
1365,5.86788916231006
1366,6.304292454060334
1367,5.888573370782556
1368,13.045429934135823
1369,180.00374801066584
1370,292.1179534201726
1371,219.29687804110733
1372,31.5414574652022
1373,3.478070508495003
1374,215.78981152666228
1375,158.62283145224444
1376,5.350232397013075
1377,4.853566375862705
1378,106.56001593114232
1379,89.38278208066941
1380,109.3541082297204
1381,242.11151090912142
1382,88.47625669924349
1383,54.04162622284552
1384,-8.711976779849667
1385,155.61591604635322
1386,2.478799317853099
1387,71.23704401637781
1388,1.6837797093351456
1389,225.58568469010294
1390,164.7840678944967
1391,98.58717775474858
1392,48.03258460464116
1393,279.36309269830144
1394,-24.519952480333142
1395,44.37760523200142
1396,176.65608680709303
1397,5.385948216662012
1398,193.76179714354848
1399,1.483198893838117
1400,73.19489925067396
1401,324.4299363619891
1402,41.875866688652046
1403,296.79981898580365
1404,97.53467275926997
1405,117.43343731496606
1406,1.9580274650012301
1407,117.98366667233478
1408,7.695529975207103
1409,3.708249165381468
1410,238.29333467101213
1411,251.16631637193706
1412,-35.70125133393849
1413,125.09693930086948
1414,256.12876660413144
1415,2.179122177010245
1416,2.7415784107672154
1417,4.3814903282822275
1418,314.4082973247846
1419,145.78062890115103
1420,4.416607009150372
1421,39.15931825316546
1422,6.700055365999022
1423,3.046135232742956
1424,5.4955813093423584
1425,2.2590723330689224
1426,-23.680993150548943
1427,3.577208959675759
1428,4.8835668124513925
1429,4.444411085316868
1430,3.8859473236518682
1431,6.323833050205685
1432,180.08838843557356
1433,2.9014545691086693
1434,6.144296320735875
1435,4.582936140221856
1436,-54.98604014563688
1437,185.53202910406986
1438,128.65995242844176
1439,6.35319585277745
1440,2.6350062239674075
1441,114.47122659366475
1442,180.84752699078103
1443,44.68587269219344
1444,5.9088047383676745
1445,56.3613140101685
1446,275.1090839010071
1447,246.30033135248033
1448,-5.450497387432785
1449,5.873438144270621
1450,281.9529898705231
1451,139.63794957063462
1452,5.0087554376796115
1453,5.61329409036912
1454,176.49196987994816
1455,71.09320657123237
1456,-3.6778058386500465
1457,7.815636124165266
1458,4.989496539372716
1459,297.52415097389235
1460,334.81924915283923
1461,163.91669297964256
1462,-7.599595531939638
1463,77.97806006843345
1464,5.870298538398571
1465,3.087547844201767
1466,235.3287408731889
1467,5.677642283462818
1468,5.340472598399328
1469,32.01280808111437
1470,3.829870109960457
1471,40.84440941518298
1472,6.75217637457203
1473,2.250532532604093
1474,241.9386441995234
1475,86.91947862195559
1476,6.686152062026466
1477,2.531038493254719
1478,120.62340494273678
1479,5.290516562326105
1480,114.46156555122907
1481,5.885645370394604
1482,159.02070873205125
1483,6.1225536797672095
1484,250.4134495950569
1485,180.9552715456291
1486,6.680065403333908
1487,3.536425972466734
1488,86.39774516960728
1489,-31.60334798275614
1490,93.19223831578978
1491,3.9545420041170196
1492,2.0540752065327306
1493,7.238343168536145
1494,5.453525419372763
1495,29.07055606044609
1496,7.545954451230957
1497,65.09434306911803
1498,6.2444199519695385
1499,80.96000120627734
1500,7.132497409116883
1501,5.785060092112849
1502,111.84659878517601
1503,5.724995899492804
1504,2.0719671736181926
1505,4.838639083406214
1506,177.71125995718683
1507,35.02127949310416
1508,88.47557588300074
1509,57.284631587403865
1510,3.2218669465990097
1511,-18.29806141964652
1512,57.09341610881447
1513,5.482062880204104
1514,249.3810443311586
1515,33.24097562527306
1516,2.7536383614449083
1517,341.1291238095205
1518,4.376165521664681
1519,242.9251843946256
1520,5.1037301381485385
1521,40.28466140071177
1522,4.9253205145573755
1523,2.946083218501927
1524,127.46376385592632
1525,-30.449750640261136
1526,2.6722339481137993
1527,5.403575114418668
1528,2.9446648436060707
1529,215.10693728070174
1530,273.93217778222674
1531,3.7374439260254277
1532,5.961062199920214
1533,3.8243790993336377
1534,24.525783912098625
1535,69.66724109517493
1536,5.849695639065058
1537,2.6272687096519443
1538,291.2307346919629
1539,155.0740096359147
1540,2.1604523479810087
1541,116.3207125514675
1542,3.3804161395332617
1543,16.732669472578074
1544,7.934112768200084
1545,3.585430625813169
1546,4.877076512605004
1547,-35.15326784908133
1548,200.34552806238204
1549,46.37742264941843
1550,4.007597073922517
1551,2.308577876310389
1552,234.4706945273061
1553,6.6152972449760306
1554,285.2639336905123
1555,134.6044599931862
1556,3.766607136386731
1557,9.909549793026695
1558,3.7112898806756434
1559,236.9325490910462
1560,205.7322645724646
1561,195.11244281978367
1562,240.06038272031935
1563,98.54586455421074
1564,3.297440112982612
1565,96.33322648264422
1566,3.5547194433160945
1567,23.404315660304434
1568,108.46816254262197
1569,16.542282367754844
1570,290.41561840964334
1571,3.0688447281507987
1572,83.68235502819053
1573,2.2764196546224724
1574,4.876342121383395
1575,5.960928639764453
1576,3.9964035393765576
1577,5.783694887883029
1578,83.29827312030629
1579,5.051731564251394
1580,179.834840531719
1581,277.91508881977313
1582,6.74254775966052
1583,294.7735611840303
1584,312.1157078724549
1585,6.1545498356851835
1586,5.014380499547679
1587,60.695057139852416
1588,298.45932477388345
1589,6.79046059163478
1590,6.096767599970928
1591,147.07421104008822
1592,7.111214773400328
1593,125.88451963889656
1594,141.9724339542023
1595,118.40498343081222
1596,5.661064463875828
1597,56.56516812783383
1598,6.3005643701628875
1599,5.200631484516228
1600,4.3565676263385225
1601,2.8300806882172154
1602,5.871706987414216
1603,279.61930582090815
1604,36.059787610562736
1605,127.44118333859723
1606,265.1984083228316
1607,-16.160508872362023
1608,3.2744741069607333
1609,7.406837555195713
1610,4.4337789224912
1611,203.98767621956046
1612,83.45840880654987
1613,2.3381729256356096
1614,280.19920550923644
1615,5.652340747319256
1616,3.813401079318734
1617,184.84057879248508
1618,227.2186968354327
1619,31.500376746439116
1620,79.64204706942255
1621,2.8835729494068345
1622,2.648549828154889
1623,2.650542287547155
1624,249.9748768288074
1625,59.75280928275092
1626,1.6359108099393305
1627,44.52124970772053
1628,3.546612070804103
1629,212.8250053063992
1630,141.16844802300102
1631,5.79103124091231
1632,304.7789412945674
1633,5.0124035952220485
1634,7.968224743046332
1635,3.3842691395335076
1636,4.791724724353791
1637,6.530369208110441
1638,213.25214938450216
1639,55.245751924280924
1640,4.326195648451842
1641,316.0348683961433
1642,132.88267939287147
1643,196.65996161021593
1644,121.96846858901188
1645,177.03521924655598
1646,6.071261968826969
1647,6.659674002869358
1648,32.719738586910104
1649,4.421280689270383
1650,92.05535096041703
1651,6.4703584281641175
1652,6.762644363799804
1653,234.4250563341244
1654,6.530201364620566
1655,297.0291991317043
1656,47.78238308420255
1657,1.3175034703358472
1658,293.7326360689302
1659,2.118915479334523
1660,-14.659372119338023
1661,6.71349090405762
1662,188.05174893720448
1663,5.887150715243186
1664,127.02140011181328
1665,1.2423567207457262
1666,105.66202978703792
1667,-64.09891737875716
1668,244.71137789848575
1669,54.236098311921026
1670,2.0001095188346376
1671,2.293690732855598
1672,5.346864130258606
1673,4.458377001565922
1674,145.57223313745342
1675,2.1402969624882937
1676,-58.804413862300855
1677,33.90314781835963
1678,-2.3240588813224132
1679,236.17862493839732
1680,98.93049818638869
1681,1.7222844196443166
1682,3.181921290849994
1683,83.37658025566698
1684,14.06315727469735
1685,6.744782304038859
1686,139.2702381751928
1687,7.110459761415264
1688,191.97932433374046
1689,276.5380427202242
1690,3.0472443682701127
1691,3.624050575319278
1692,4.1606167059899475
1693,2.5152999328730945
1694,60.66710761566162
1695,235.3176905892377
1696,143.41945139777653
1697,2.431983861244353
1698,220.7072457306449
1699,185.87725578340977
1700,129.53417299912806
1701,274.5163747419844
1702,-46.3694291280436
1703,5.774456194626016
1704,5.51875861665512
1705,3.204027271006561
1706,97.27101995755238
1707,5.206600806202085
1708,77.93388786502557
1709,129.26846459337128
1710,6.433127987178248
1711,72.2582911734211
1712,1.8761857128245292
1713,5.867605883203577
1714,-35.47435025080006
1715,4.988049165614373
1716,2.3905669336378303
1717,36.44864251708491
1718,118.65899815957276
1719,27.943394462427197
1720,6.281463605699814
1721,236.41731110661252
1722,3.786268316389581
1723,137.14035994288474
1724,126.50738849203984
1725,3.585914590776416
1726,4.099212820832026
1727,255.18763331405177
1728,4.6436109930103555
1729,3.6363105991394233
1730,38.71887225043474
1731,221.7674395670042
1732,4.560741244676809
1733,367.87072054712826
1734,269.24833697931774
1735,177.79681528228042
1736,3.326529072100108
1737,308.7498727379055
1738,285.9929945830063
1739,235.62514653791004
1740,88.97095569631773
1741,67.50846044121919
1742,234.2172242395318
1743,5.4388432987979485
1744,116.22862122306779
1745,33.5782525060924
1746,3.538627495104466
1747,7.566749774065093
1748,205.14027842070314
1749,3.562447382360429
1750,98.04368438622167
1751,43.98263342937906
1752,6.941744152881042
1753,5.945652904154837
1754,278.45558568802653
1755,227.79672223105442
1756,1.9170844002756013
1757,215.00375396697774
1758,334.5257151305209
1759,4.881992758260412
1760,303.53126092092793
1761,247.59039593102682
1762,24.858391120511165
1763,39.06497590557844
1764,4.871674245077732
1765,4.92956638154088
1766,226.61692458229012
1767,182.5052837044476
1768,5.526033737041522
1769,56.46552829558706
1770,74.88880305310249
1771,2.894810025491574
1772,229.11627404545362
1773,275.1427801587545
1774,6.463184369382796
1775,285.10490379544456
1776,2.2203797204368962
1777,15.215683679092482
1778,13.0959019940472
1779,-43.357079861695595
1780,115.56306475378892
1781,5.725559090296308
1782,186.75114779842065
1783,243.273001946937
1784,3.9818102055492055
1785,35.10252876600805
1786,2.887561832505178
1787,67.05442641249364
1788,4.998233184133441
1789,2.50591109932654
1790,28.410872657170504
1791,3.6972786993459015
1792,2.78899419757748
1793,1.9883309513639151
1794,174.75297217239182
1795,195.30539491239801
1796,262.3029000351212
1797,143.85691549977318
1798,6.3088774893126445
1799,221.51577250661768
1800,124.93117916605178
1801,4.966728946255142
1802,2.309080069437704
1803,133.8037466480153
1804,4.1412779863962275
1805,179.08814588056327
1806,5.816232032451818
1807,286.570845951194
1808,168.14712165062278
1809,63.718645897032545
1810,4.581127247965437
1811,2.7726158574372386
1812,41.575756234795705
1813,3.466263365932888
1814,146.92909163555896
1815,228.2046216384751
1816,5.325954898777901
1817,109.44532362175327
1818,57.895238897711494
1819,232.39795935695784
1820,5.8630726510655675
1821,3.0919543318554537
1822,277.76049051312276
1823,26.058070162201552
1824,68.13915452677543
1825,2.407564654667726
1826,6.03472980697704
1827,3.9558520010490104
1828,2.1076241121435557
1829,197.13590411621095
1830,227.92999859100806
1831,6.773313336407054
1832,64.0156637864432
1833,3.3970939108204448
1834,3.692696380193131
1835,107.0694455426148
1836,6.432734982701667
1837,5.9543895193591805
1838,5.887369159716473
1839,119.06502454236885
1840,-19.857962232767687
1841,-75.50744130944273
1842,247.2148763566483
1843,172.89856464337404
1844,256.5636313752028
1845,149.7244452070983
1846,47.32256829416428
1847,282.9179334986061
1848,121.4772710712673
1849,3.6576506601318375
1850,5.948158953489761
1851,-67.9256992232352
1852,6.320939934639773
1853,88.61505014132695
1854,83.04148065211425
1855,5.7399283268260906
1856,193.99215918917076
1857,2.494305384000482
1858,5.00635721249135
1859,6.302257733283281
1860,5.776620224200288
1861,148.70726868900945
1862,6.280778411334911
1863,66.36550668900864
1864,65.9386996913531
1865,216.25916203147943
1866,111.1410868742934
1867,88.14358572152054
1868,270.94295739944806
1869,147.72780320702702
1870,3.4542621565825504
1871,258.8620493077516
1872,41.75911896717558
1873,2.7516524335710373
1874,28.117088870102634
1875,96.0317817645292
1876,3.278621210379751
1877,2.2435479164263032
1878,62.9673888251949
1879,58.29456013116166
1880,249.51559204507458
1881,5.862994083197032
1882,107.65527270355653
1883,6.27342515936904
1884,77.65004739461928
1885,305.620868259061
1886,273.6527243629945
1887,3.192071088945026
1888,195.12746474097378
1889,237.82817220786063
1890,2.4087321182303167
1891,255.3486126290698
1892,215.73725952130224
1893,4.306014424675298
1894,1.992156683765592
1895,5.8438907268794456
1896,5.985033030919366
1897,55.59296570530481
1898,-57.72852505094501
1899,2.9912059526592922
1900,5.851950124523271
1901,279.04108208429113
1902,231.75689163760674
1903,-55.7614380470597
1904,87.85957883016019
1905,70.49078429800946
1906,167.32828999602782
1907,6.725734302874104
1908,6.072836946760756
1909,120.50627699927645
1910,5.7365016877215735
1911,4.799236960844812
1912,4.046422209643654
1913,73.05628579190171
1914,-19.359070943311224
1915,7.138038376778775
1916,1.2031851290243263
1917,3.0345747879748357
1918,155.0868907928233
1919,4.719182530279056
1920,4.563495460814481
1921,70.5549103509429
1922,3.2829549079574045
1923,6.403807322697672
1924,2.696112035634054
1925,4.34763570148491
1926,84.85855607043958
1927,130.96865500061205
1928,3.741440427762746
1929,48.21230737310883
1930,2.8097418690262552
1931,6.0168173802666205
1932,4.8054742021574395
1933,2.938804568576686
1934,254.8309786371383
1935,6.3422915185188735
1936,4.949210347817121
1937,36.4503419020166
1938,-24.69634911533231
1939,2.5419024858543287
1940,253.36159813689147
1941,3.218686105869323
1942,235.8236827055103
1943,3.6805106313922114
1944,228.12777833919534
1945,292.47954031581946
1946,5.737593160082152
1947,92.68024068553555
1948,5.77480398013991
1949,21.423868455309986
1950,22.64671107688448
1951,2.5319581260954944
1952,46.52267522262697
1953,396.9459871212491
1954,2.7357601191477814
1955,85.70411036713907
1956,1.9910637138960268
1957,123.0854946355762
1958,4.186546571164621
1959,169.99574652519095
1960,46.50668957166221
1961,1.032700784044368
1962,4.1717414962274475
1963,3.1060368477106137
1964,4.9731548736570765
1965,94.33596931146556
1966,3.035700025238131
1967,4.952936887650285
1968,274.7689441021272
1969,56.36629630216514
1970,5.6974747342273435
1971,2.083868394246811
1972,101.93767515125163
1973,-33.96714569673941
1974,2.6924037468638837
1975,3.0416779933477986
1976,314.9010747895177
1977,1.653340851083958
1978,216.21272613127144
1979,82.79403485538228
1980,271.1062944788936
1981,190.5126119046258
1982,115.29764141699869
1983,73.80241027733811
1984,8.567591431489515
1985,4.69777040009204
1986,3.8326967704887407
1987,6.143854001671429
1988,1.193934860141194
1989,5.641400686483121
1990,4.8696015077011525
1991,21.56131178685291
1992,4.310673831887595
1993,26.54813727799018
1994,1.8844803682762115
1995,114.11082556586004
1996,4.01605472869927
1997,2.5545943036757626
1998,5.4858840314307855
1999,316.3655790902735
2000,5.86788916231006
2001,286.3121635803059
2002,-61.54398498229651
2003,6.746227243519138
2004,336.74419879748496
2005,65.48172628105297
2006,4.951531662057359
2007,45.43156817418675
2008,229.72815438289604
2009,143.77902167877846
2010,320.5970003089443
2011,6.192481501757535
2012,179.22820978568808
2013,-35.90521113133961
2014,277.75529143646054
2015,208.9284331067852
2016,34.40451974880739
2017,2.831096786143237
2018,83.27838639251698
2019,79.83537050426716
2020,6.749004010626355
2021,4.5042375762804685
2022,181.80372498827654
2023,108.89373446486198
2024,2.6292288522687404
2025,4.209386213612182
2026,75.68280285156764
2027,5.865262562516287
2028,6.278312381207655
2029,49.10636519236978
2030,307.5362241665856
2031,90.67132516953578
2032,284.55429866718447
2033,225.7376952584288
2034,2.5989870376517503
2035,58.72535335900099
2036,187.73631025685955
2037,4.880553536566791
2038,3.152038506637998
2039,2.916102201485872
2040,126.41508921597028
2041,229.03242965214997
2042,4.205804261043715
2043,187.31693436153932
2044,2.5867262820548067
2045,97.32501101213907
2046,283.81943043228375
2047,5.27492561914792
2048,-33.36067199425921
2049,1.891154571226434
2050,345.7973920109846
2051,3.7408449186071437
2052,3.685701775167532
2053,248.6349890015831
2054,4.600074018758669
2055,3.704113282900945
2056,-48.48547367273859
2057,186.18562954226786
2058,-15.656312726569425
2059,4.992128021647935
2060,29.10614266938002
2061,2.3482547432455445
2062,195.67177789220978
2063,3.5163754863307304
2064,3.557664159563112
2065,3.6681986385102467
2066,1.9612668762681813
2067,5.985812455220216
2068,3.0562327922919037
2069,1.7343498783504485
2070,285.0925783228188
2071,298.01536004897196
2072,4.454699343053896
2073,207.12453443956343
2074,371.26722135152875
2075,248.48604468576286
2076,3.5420663928204594
2077,2.786474121761159
2078,4.2196825859562646
2079,4.401190803000423
2080,2.5431172179158366
2081,3.1579194927107594
2082,5.688503304994192
2083,38.75209627628038
2084,2.766990297902593
2085,5.24790290189124
2086,105.3609377712751
2087,93.04161521385821
2088,15.201781119942027
2089,92.34575154756554
2090,249.20015211574383
2091,195.9062176776617
2092,-94.59002782688447
2093,5.26560194633026
2094,3.675917018825604
2095,104.47797325532505
2096,54.46712928303255
2097,111.17753437306811
2098,5.539085058682823
2099,-25.404900606459115
2100,20.482472428630132
2101,5.689647599232965
2102,7.329801521755071
2103,77.14928498023332
2104,67.51104155498454
2105,14.859793620031823
2106,312.44255392115895
2107,7.358901967879578
2108,7.197113540306823
2109,5.849119308508588
2110,240.7361272789585
2111,3.847743457378752
2112,37.38110404952846
2113,88.28586079179945
2114,2.4904990661424944
2115,44.441190549223535
2116,3.7838162818273355
2117,3.5041919671160047
2118,3.3740884046570105
2119,105.33044929228534
2120,3.9615034540247778
2121,192.19684323779862
2122,233.54826830483202
2123,2.8710292737973973
2124,1.6317385633560906
2125,4.802256493276038
2126,6.085011944396694
2127,59.12114718674189
2128,197.52008858693813
2129,1.7828222543859449
2130,2.4308512287935216
2131,5.542538942002794
2132,6.077973969481338
2133,227.02841538988395
2134,56.722700049264304
2135,231.5177214643566
2136,32.00179710727775
2137,235.38292365646237
2138,3.3247952851150346
2139,64.61180493632904
2140,53.53936214480747
2141,55.775449877497294
2142,5.720821752493449
2143,15.964991940265492
2144,166.62392240115557
2145,43.620701147753074
2146,4.320239798015063
2147,4.246621112507048
2148,88.7324077080292
2149,-61.577285158994144
2150,7.845343010019537
2151,54.31750120214523
2152,5.007120825066188
2153,3.166527695739512
2154,2.2285236739777012
2155,2.3644865552866516
2156,5.887369159716473
2157,107.63646622263197
2158,3.9110300303768177
2159,319.2783317047642
2160,225.31851267484006
2161,321.0655491751819
2162,1.8862102964000358
2163,305.9261558020021
2164,6.328802514380189
2165,2.994138443870993
2166,2.4444210240898214
2167,25.008289392896284
2168,307.6657746762627
2169,2.259428278728182
2170,2.609020929368329
2171,142.76009143456133
2172,5.35488634801227
2173,263.5446601933428
2174,262.2432517013218
2175,1.5901555845891822
2176,4.828991590701005
2177,-40.07930329155662
2178,3.620264495762632
2179,74.38977938648746
2180,276.0088197737548
2181,2.751374557028428
2182,180.27414628835686
2183,191.29011445844782
2184,5.873284616815382
2185,2.0852560383551335
2186,2.9519871474309842
2187,4.788173568003348
2188,248.1377170097595
2189,246.81665386140776
2190,65.34821804159692
2191,2.6516332534804166
2192,2.964488824716533
2193,154.0751475708985
2194,3.484748548952263
2195,4.8856568256434105
2196,6.553999142710557
2197,1.9728983112271565
2198,3.9629221688546057
2199,3.3953202842328074
2200,1.7337585410629597
2201,4.072504600088116
2202,71.77966850787948
2203,2.6936445602223347
2204,1.9066651528438956
2205,84.6871863473518
2206,5.354113379746656
2207,179.41565095692062
2208,5.105205101172431
2209,26.769860819069635
2210,239.6022682235884
2211,1.7837752633443875
2212,4.418263401884685
2213,6.548103810490878
2214,79.58366824093349
2215,29.402964335023547
2216,81.6694005023156
2217,4.820877445051326
2218,27.244529565704916
2219,2.6209048341772925
2220,5.52725285422698
2221,3.3741748055365863
2222,-57.86797267718919
2223,211.3272669810196
2224,-29.35390188759017
2225,179.9513673272075
2226,-16.35587748437261
2227,61.11042766580671
2228,134.422467284424
2229,189.63289846016949
2230,3.221977804790988
2231,5.565409393064584
2232,4.47633506588268
2233,263.9074135984898
2234,213.68081168917138
2235,215.83596089607727
2236,3.3641467128691227
2237,3.1081173900374313
2238,255.24141709315361
2239,99.64779642539352
2240,245.46797680982286
2241,2.6383656380815466
2242,254.1734224731237
2243,6.014317047569396
2244,97.22886030556188
2245,226.86018893546293
2246,124.8638907605864
2247,243.55097265704404
2248,6.129870867565786
2249,291.4891655567954
2250,139.47132254048165
2251,4.940068756743015
2252,239.06320356255142
2253,6.167553983310071
2254,190.77954603317355
2255,-93.65767066252408
2256,33.8248999872942
2257,1.73381477103002
2258,3.2906587886187566
2259,79.9858108520786
2260,6.394929047426423
2261,85.52931190920341
2262,2.1464291014997223
2263,65.71021014272958
2264,-29.14352843947248
2265,54.455995766252215
2266,2.3865703547278057
2267,2.8690903183839165
2268,5.491164064283154
2269,4.060628634182379
2270,8.463676454214681
2271,180.95367187449372
2272,46.077175282316574
2273,3.3532098976306597
2274,6.147809540970275
2275,6.6429585333397405
2276,4.5458915807632385
2277,2.674790505739365
2278,1.647857860901443
2279,5.959413567420371
2280,2.8271126724363365
2281,193.8604410597986
2282,2.3484889869946413
2283,4.059892316025641
2284,230.16695216475907
2285,3.0044903037489887
2286,-29.56597198584444
2287,5.591816264091111
2288,3.4360927462719095
2289,5.504106734826006
2290,-29.167205300705856
2291,49.8490750895092
2292,4.833147365347388
2293,1.9601955355108907
2294,-2.073226518195723
2295,2.728112871196297
2296,5.005055962558619
2297,143.64839455150405
2298,-28.1359671188391
2299,45.176104557899066
2300,3.666057644817025
2301,5.488134143195758
2302,-94.83075748469109
2303,172.19831984751607
2304,5.619971072768121
2305,47.267781509561054
2306,287.7030401989668
2307,5.7679373639356
2308,49.9879794113687
2309,5.947158120996917
2310,173.84872686578467
2311,-49.34008223799033
2312,69.7430020849161
2313,4.311201128315656
2314,4.6611800316462
2315,197.5933954423513
2316,6.544143358850384
2317,3.6633447782607265
2318,232.87675872199299
2319,6.543545424831432
2320,104.15768575540758
2321,3.091779585819134
2322,232.96716713182806
2323,175.8725286132539
2324,2.0072614228564936
2325,30.202749719888306
2326,3.3357157993380953
2327,116.65143391695457
2328,3.6618287039046384
2329,338.0587063486714
2330,176.90039558946813
2331,0.7268036287171039
2332,278.9053602433971
2333,-13.591758942450369
2334,3.5725769025735588
2335,5.349002810955083
2336,48.36109763046538
2337,145.3123377398474
2338,191.11025661919965
2339,29.31126850739862
2340,47.32771874521811
2341,119.48126285357657
2342,2.504914739005281
2343,6.273783415883957
2344,239.91167494159075
2345,5.884452024829826
2346,81.01500678625015
2347,124.97950067712384
2348,1.80593320856531
2349,272.2425917630909
2350,48.1488179740656
2351,4.956844552210885
2352,4.935961300879904
2353,1.5934035086043399
2354,-22.124420091430732
2355,133.4420405503169
2356,3.7992553558409448
2357,120.75036797919866
2358,6.211376026550875
2359,6.610365584573044
2360,4.724010592690149
2361,5.697736386590641
2362,245.66694306806272
2363,4.20220795586597
2364,213.1933751939306
2365,93.85260654404883
2366,41.86967047965927
2367,33.5476806170079
2368,-60.43167676519313
2369,4.520824016287639
2370,230.32591761466568
2371,34.34224168800982
2372,70.33631560846072
2373,1.9796135888942596
2374,-58.218854424664556
2375,2.0931414011473297
2376,125.71271491453922
2377,110.50504742938838
2378,5.4808865964619695
2379,6.469464069894979
2380,24.76295592786427
2381,142.64797675075323
2382,175.79088876469314
2383,48.35662686335359
2384,3.2493236086307076
2385,247.97507118488733
2386,5.8713850770461455
2387,15.776163237214856
2388,256.9811771423025
2389,81.57581043622778
2390,2.000449668961917
2391,118.83333128132853
2392,19.981392022262867
2393,70.07680573054432
2394,143.88418036701358
2395,5.871600947194286
2396,2.6385580724291007
2397,293.8667876481749
2398,283.5465595665356
2399,4.497641836915924
2400,191.93988729487674
2401,60.3322103218931
2402,237.36573655686956
2403,6.436100006872372
2404,2.0010602600845484
2405,5.115847735318572
2406,2.4923686914617003
2407,66.75690800948078
2408,248.7565535682608
2409,171.2179987666842
2410,4.227308000842709
2411,6.547733524583048
2412,315.20317483246436
2413,-4.618543975155143
2414,4.128927121544094
2415,78.25024789151283
2416,257.72962451156104
2417,26.179709132530434
2418,3.2687864333108694
2419,4.107776153633177
2420,1.8038073553129161
2421,8.812781663903865
2422,201.88931391439678
2423,2.5380329238265293
2424,190.475078607137
2425,6.079014961914066
2426,-6.93797263819288
2427,162.10033024257848
2428,23.757576068853815
2429,2.9410764896557673
2430,6.179737358618242
2431,3.1155262860834445
2432,316.5033273160441
2433,262.25531269191185
2434,4.4351140821772255
2435,58.72209749411875
2436,231.48898491639676
2437,-65.8400026307732
2438,5.634630562261277
2439,7.236065253780072
2440,169.2471246720081
2441,6.3311969122350895
2442,5.88537861434917
2443,4.905039027045783
2444,-64.60204403690602
2445,6.434122601301943
2446,5.487613869937909
2447,236.37252778757335
2448,6.955251146018314
2449,6.176452279420726
2450,17.15259558047039
2451,2.8260609902538785
2452,4.426495299673918
2453,39.84127997495126
2454,289.11794707423894
2455,121.97684699270624
2456,3.0644892297999355
2457,247.84408488425865
2458,6.115443709562182
2459,2.43648989561016
2460,5.825482360764494
2461,69.52339617071873
2462,53.15410977947445
2463,6.178636528464606
2464,-60.86252132382826
2465,17.34989066449291
2466,195.47305129894397
2467,149.79272893327897
2468,265.4464326493844
2469,265.46019344811526
2470,5.8239924368820475
2471,124.1498862216923
2472,2.6229894398524314
2473,26.938009803000114
2474,199.77521447474038
2475,6.455513829234776
2476,105.33301545719814
2477,146.73521311740635
2478,150.84086715280466
2479,5.365952613558701
2480,48.88205099026007
2481,69.02630782486867
2482,2.3707582309254605
2483,5.061489714662837
2484,120.25753083430922
2485,128.57614947939828
2486,6.715610382177859
2487,5.214106596527274
2488,-43.63738219166821
2489,167.10839999865814
2490,5.721146154471648
2491,139.06308811248167
2492,33.05187088759759
2493,63.19990341824038
2494,5.920694135887129
2495,5.303284099435935
2496,96.59263345906979
2497,71.97719770632199
2498,2.3969436354080464
2499,6.739131060232014
2500,1.8970416779788104
2501,80.32232690503713
2502,257.2558482154682
2503,132.70826320310016
2504,347.36648926849296
2505,3.5455276966383993
2506,4.886194360228153
2507,272.332499309906
2508,198.35304850767045
2509,92.01033769203707
2510,6.6236619674405635
2511,213.9976430053366
2512,79.4141097307042
2513,168.63562387054407
2514,223.1419861878946
2515,306.92378591655483
2516,1.9336613482232545
2517,2.2694656852552377
2518,292.8905958398714
2519,4.3567899574283615
2520,104.63817899708366
2521,128.73599583546607
2522,1.9988118477520178
2523,6.1255782762750455
2524,4.840533339796133
2525,291.9006761002929
2526,3.229309872256851
2527,3.8190182397063426
2528,233.81201545497498
2529,85.31062338602936
2530,235.89258614924645
2531,283.46143111603976
2532,60.71524410253295
2533,1.832082918149427
2534,6.04720929712492
2535,5.8681049881285885
2536,3.702711397597953
2537,6.2921113618047375
2538,5.997787136337004
2539,166.63561962972037
2540,2.5803468838955865
2541,2.3598690616363793
2542,0.5676080525520533
2543,5.386114527023921
2544,143.64336381987283
2545,2.3642907010577345
2546,291.9247179430163
2547,24.06729736269743
2548,9.618504020186887
2549,157.0391052743062
2550,113.23861593110549
2551,-41.16259314585027
2552,1.9621392810212996
2553,287.51415044211683
2554,2.3627808801064605
2555,69.87334732508634
2556,127.49147134004464
2557,4.480450171495209
2558,-7.485174615114328
2559,6.379218565623876
2560,222.2796543665085
2561,2.4836885007635483
2562,221.28774781543137
2563,234.4069971000209
2564,269.59756953720245
2565,4.71482194875471
2566,4.597153926000235
2567,271.3027362556538
2568,62.771337291626324
2569,67.55238828771363
2570,3.638721325392973
2571,91.4923154586238
2572,-59.80356605209518
2573,190.25053789823335
2574,3.003045337115142
2575,4.402625085711041
2576,3.3282369272582355
2577,6.603756554059671
2578,32.14236576416161
2579,6.018471005760151
2580,5.0691083938645205
2581,3.036804973426866
2582,-28.13113156932863
2583,2.358449206576471
2584,6.885632352978184
2585,53.63665034421098
2586,4.946483897955955
2587,200.77455419364762
2588,223.0850081551519
2589,4.708630445838301
2590,45.642475837520344
2591,1.6275650026585837
2592,112.82553818936506
2593,55.97085839450189
2594,92.68871470857823
2595,53.44848965886246
2596,50.70273434918663
2597,5.459570929597317
2598,6.245065172563518
2599,5.2261004829121465
2600,4.147812288845563
2601,211.889227847398
2602,6.1005739661197405
2603,354.4501085658047
2604,136.67503526591855
2605,40.33421941454964
2606,4.004363339441426
2607,35.405565598861365
2608,195.6170283934685
2609,31.62919569937543
2610,2.636232319364093
2611,-10.103797772495843
2612,3.5110570975585547
2613,4.413353188391986
2614,2.906012742540626
2615,112.22249246104724
2616,135.50257495120871
2617,281.7266676464658
2618,195.14092611844453
2619,4.408819046836907
2620,2.551045010021646
2621,4.587150484663352
2622,2.646777565468706
2623,1.0611440650807555
2624,6.6702024500394215
2625,117.2930219853599
2626,285.9460887010012
2627,49.65399918602381
2628,136.50372911639658
2629,50.26090921960022
2630,116.99630188371086
2631,26.586082099989284
2632,6.161005528597865
2633,313.8024728892975
2634,59.609026219690534
2635,167.80164949979724
2636,-39.579265214774736
2637,3.4014708778174514
2638,-61.303196916619754
2639,-51.51363528340249
2640,195.5890219731781
2641,4.2374023812644
2642,5.698622878237041
2643,163.8020697355438
2644,156.2213238237229
2645,211.85768894054686
2646,2.6584641824199307
2647,3.467322870420534
2648,4.52827062492655
2649,6.57704167689176
2650,265.67703718973195
2651,225.2684137991206
2652,46.999944294306005
2653,3.565766799077081
2654,37.25404143608286
2655,223.44042302017118
2656,234.7132830342224
2657,2.873107452214799
2658,20.734244255307893
2659,289.54623610349984
2660,1.8235761355228062
2661,272.33829697352985
2662,128.6174690701497
2663,14.73275392504592
2664,87.6630910004165
2665,271.12612609815403
2666,233.3033736682476
2667,-30.725267078504338
2668,35.38524471231249
2669,6.757526525121613
2670,96.03493896793373
2671,197.89731975291994
2672,127.95571598404793
2673,249.20957404689614
2674,235.2593433795741
2675,1.654553972844869
2676,-43.87279257200822
2677,363.93928439134373
2678,5.034289498562973
2679,5.649761390339435
2680,59.15451759079876
2681,5.2231639359732664
2682,2.6490158075188956
2683,2.451512873823476
2684,2.626813990165799
2685,6.487187325212888
2686,18.301862969945276
2687,66.86436320043494
2688,49.49444165303055
2689,45.62316404001764
2690,151.50156632934528
2691,73.13860864509095
2692,53.9508146631904
2693,113.52810301685057
2694,115.5330339870726
2695,6.498842289515766
2696,156.8621156547229
2697,3.730933050763138
2698,2.5041832427692983
2699,4.088349312952926
2700,191.4858686549206
2701,66.63271461529361
2702,24.763605847182337
2703,3.931625405258803
2704,189.46533583222214
2705,3.2200447932675353
2706,5.343209509911714
2707,193.21477162003725
2708,3.24288090334771
2709,66.10567457296938
2710,5.479156705337616
2711,176.2264517024298
2712,1.8659940304702185
2713,107.99003110932009
2714,-44.90230645100437
2715,4.745759284793139
2716,2.87352621707711
2717,292.25936730023614
2718,3.4601849316984934
2719,3.0827155978743512
2720,6.826303369373944
2721,6.189922775268309
2722,4.255270220915045
2723,218.43273102172103
2724,6.503273330789057
2725,28.73754610058041
2726,12.099608141817184
2727,319.9983479294437
2728,33.79144262176635
2729,181.2864907807746
2730,162.37147848746508
2731,170.51975696064812
2732,6.342615346211742
2733,219.14540678849514
2734,115.70415461724157
2735,86.580073444273
2736,86.40737998678675
2737,165.7003266595343
2738,134.5965827676802
2739,120.24105476804999
2740,5.539296172023412
2741,56.72215323092579
2742,1.5055794567158607
2743,33.339315396781444
2744,-5.794919813856805
2745,4.576336686087024
2746,201.0096454017759
2747,180.53161951733628
2748,2.7397723660550977
2749,5.447053977808745
2750,218.80492438156168
2751,261.8055029736328
2752,2.763406229949563
2753,116.26369612035614
2754,0.4642492134865697
2755,39.24249068895985
2756,267.9942607841017
2757,5.810846284853165
2758,265.77453713331704
2759,47.72831180007813
2760,185.57139445832962
2761,6.496419220488976
2762,3.945150805530707
2763,116.74740006072761
2764,4.168793197030972
2765,126.58830522375371
2766,2.014004318403692
2767,267.41830880835573
2768,4.408459532833251
2769,2.9039863137014406
2770,226.03649830173117
2771,166.97878816092168
2772,6.688995284839626
2773,3.1806090858675864
2774,4.459426512532765
2775,6.010342443637667
2776,4.030238300830462
2777,262.8288804392252
2778,30.341281262789636
2779,2.112132418470398
2780,2.933840123420791
2781,245.65937464085178
2782,223.40968212488247
2783,6.021159344416308
2784,9.924943993722417
2785,5.7493014745451
2786,3.6161223118674286
2787,46.79790807325461
2788,2.4680026957766756
2789,183.62934583874778
2790,204.36566611767398
2791,71.91735733230234
2792,160.18102342201786
2793,175.09927472785313
2794,183.6609154289893
2795,49.11325468033661
2796,243.24281429706423
2797,95.10955142889199
2798,34.70864083224653
2799,32.808824963244135
2800,5.384611934249072
2801,4.202191696805117
2802,3.361168180270316
2803,18.55780602444971
2804,3.8676537578671786
2805,50.99365703349707
2806,6.662514869119599
2807,29.816318463241497
2808,92.71025080527767
2809,6.143749057453075
2810,5.4038957584656195
2811,161.41780755388072
2812,6.037023299701259
2813,10.665748669425223
2814,5.865277955794392
2815,277.4551348897742
2816,65.37573131688623
2817,267.8963336855093
2818,108.22441901725229
2819,42.87754390306372
2820,144.11596167906976
2821,45.78630259969419
2822,6.139391152318241
2823,45.275880171431055
2824,249.80550643258164
2825,149.12679591100056
2826,-59.077795924533255
2827,6.484553209078012
2828,5.4719911484085895
2829,4.69618786668067
2830,6.572335149926081
2831,5.876600968034242
2832,6.096961241526056
2833,130.78812029660045
2834,3.8464184140478217
2835,3.2232486630279116
2836,3.397765583234279
2837,3.3829990695341663
2838,5.768646469487303
2839,1.9604699321747519
2840,59.526120402093156
2841,47.0613436974791
2842,285.4902314982794
2843,6.05306527112422
2844,173.33597977250344
2845,291.5909742806392
2846,3.534575399230432
2847,80.71673382849582
2848,-12.107844970870264
2849,-48.896114997111965
2850,6.674976318639958
2851,6.652442593076977
2852,-44.16311977275534
2853,137.51434827468393
2854,2.235912144074437
2855,64.17231928608254
2856,5.908378362164676
2857,46.78719613667643
2858,231.4130186704407
2859,1.6474614342503828
2860,146.05563232082307
2861,284.35407494904155
2862,275.4303519067229
2863,2.9678979033586184
2864,278.0195799482477
2865,237.13549997534517
2866,2.2587850474258246
2867,2.3597549301445007
2868,72.12295046623716
2869,52.67616879692339
2870,190.5727767207658
2871,6.332868325902451
2872,241.81579242218095
2873,4.93050709127834
2874,14.021580211947505
2875,4.1615953188591455
2876,-30.712366881649764
2877,268.1661667711499
2878,-67.77774086090793
2879,4.890122893308519
2880,233.8195171472886
2881,5.809427025731642
2882,6.1037270914626545
2883,3.988556407628365
2884,6.639110371477518
2885,207.94491687048898
2886,245.70340674985766
2887,5.880672571443063
2888,2.144158987182906
2889,6.441151284274552
2890,2.522226008962271
2891,-51.300388165710075
2892,145.93124384250603
2893,-19.51829796287843
2894,52.227429972869174
2895,5.0652743172358985
2896,2.380836960355124
2897,5.402911265133819
2898,110.02206780659589
2899,32.13083392889942
2900,3.319212457260119
2901,28.855616699126067
2902,237.780065430475
2903,276.72696653916967
2904,3.9545233071276606
2905,4.049540244025789
2906,31.22082472635153
2907,4.093485641885281
2908,5.130256998283484
2909,2.035418017591403
2910,110.58989207358763
2911,3.7833271846985124
2912,2.1189732968736292
2913,6.237651594019158
2914,14.544367805629058
2915,8.079672158928158
2916,248.26581098213052
2917,177.56527767241352
2918,3.7625328126195807
2919,355.0052204112867
2920,192.71943605306276
2921,5.473353887029976
2922,3.7665260490592902
2923,231.59700643148864
2924,5.404618647132578
2925,4.880058373196496
2926,5.913057276601819
2927,13.92329031642364
2928,6.5328642452924
2929,173.6776291832977
2930,273.1084596496969
2931,2.4430241749744184
2932,5.44247223248269
2933,6.398915039436621
2934,103.748424050712
2935,-2.451663128819015
2936,-62.51374617367124
2937,5.349443710294789
2938,22.396811492561753
2939,3.1076776381946836
2940,181.5810971245345
2941,61.56788278241113
2942,99.59843527910661
2943,6.151555254908116
2944,6.52062811057587
2945,5.78582724449978
2946,6.298543549160974
2947,-52.71016063267285
2948,2.431773215442031
2949,6.699606488181566
2950,2.78139889642178
2951,146.71888947857866
2952,143.42578784793307
2953,6.610126354702467
2954,1.8079708360911027
2955,17.98022842198081
2956,6.427299752491562
2957,123.11265015599977
2958,5.143795622938053
2959,194.37823013196015
2960,6.510178519839812
2961,146.68788145388032
2962,3.7580644519757676
2963,4.094695656294306
2964,230.9118207801228
2965,187.0539077934862
2966,4.395158860521309
2967,3.5388727250704983
2968,158.14803516082702
2969,-78.46246481729251
2970,2.0720462243564994
2971,222.4735416863394
2972,6.595496790452762
2973,218.27184556398535
2974,261.8872976249303
2975,4.548470250028019
2976,42.07098907991909
2977,40.21522403304711
2978,4.282886662382351
2979,4.623501687270224
2980,312.36076371111034
2981,302.73956395916287
2982,144.7128139086459
2983,125.27977683662047
2984,286.82242276227873
2985,121.81823951504029
2986,305.0354713626307
2987,227.81890621190286
2988,142.33488920237374
2989,95.13664745645886
2990,38.1037099123437
2991,7.359510298793712
2992,2.989174773727994
2993,5.558344586926242
2994,62.32537360617117
2995,2.4742321635295688
2996,3.7641415159167586
2997,3.360396961791337
2998,126.67529431461955
2999,125.77033537954149
3000,73.62332543372574
3001,3.1457102235085648
3002,295.444008301578
3003,4.342746404962647
3004,281.5234125780841
3005,104.22020384286037
3006,107.44757226371198
3007,6.329555480992829
3008,2.9120343296570663
3009,43.26016481426683
3010,4.055362181656561
3011,85.03668456781448
3012,5.369076039416992
3013,199.2165887640116
3014,6.472839603726024
3015,3.517967226289598
3016,5.853117889800721
3017,6.424017360348615
3018,4.5236678422911645
3019,231.35772056094623
3020,3.4937486833928717
3021,216.83627585273442
3022,265.8688941256205
3023,2.7932099581767633
3024,87.9576748383032
3025,241.59607205788188
3026,155.99426192146544
3027,6.162980818587066
3028,5.372539241016312
3029,-24.923678229907786
3030,-40.3041250052416
3031,6.200638070389244
3032,6.418273948908723
3033,4.961951866138282
3034,118.05136051562643
3035,151.29123716393454
3036,231.46736729010917
3037,5.542149577948708
3038,2.2464781191498977
3039,-22.918510448452672
3040,214.9789922997224
3041,4.901958591859328
3042,-1.729878102266004
3043,5.840773749194385
3044,227.56865389075932
3045,178.56617699902057
3046,4.695830717959046
3047,4.189395727863728
3048,52.41951389061795
3049,5.756748608913298
3050,269.51972405289234
3051,104.61911001953112
3052,6.467009076554893
3053,3.8675753126753953
3054,116.0231887746551
3055,190.5135574054263
3056,61.153112583605804
3057,3.160918445419574
3058,98.66599595091535
3059,1.8261352481103963
3060,252.12890581883877
3061,5.096313074299747
3062,229.6331496863129
3063,116.94617471882245
3064,231.78635921340145
3065,255.53309660424148
3066,135.78861307590654
3067,25.89246365066103
3068,5.888515528952564
3069,6.034434598613829
3070,3.6956310090590065
3071,6.206817951670055
3072,194.21808765999452
3073,129.97411147397975
3074,6.276703225815156
3075,5.871878631650654
3076,154.11121524179953
3077,2.0305245449568057
3078,71.1520739986944
3079,5.64888543947982
3080,3.275165722394292
3081,34.38450882401811
3082,96.97094264773918
3083,139.95350567971417
3084,1.3670671625239061
3085,5.527333434853805
3086,206.6623458699072
3087,3.085536667056523
3088,107.83134454495737
3089,3.501531839351604
3090,298.4786377591471
3091,194.1934683612169
3092,91.98530769336494
3093,4.329475709433187
3094,190.06418836658673
3095,261.7097678582337
3096,136.13685448810176
3097,4.759151414346591
3098,6.154769001592994
3099,28.77650195834702
3100,84.40649513810602
3101,3.8195908927984217
3102,2.3787916291014963
3103,3.0770086015609706
3104,35.526372159726144
3105,-4.6938893730071545
3106,41.87526694410208
3107,1.4430299244601812
3108,2.6245140498021313
3109,5.886439549820959
3110,254.3146149686796
3111,2.2548487214679778
3112,224.11601090734223
3113,5.523373601203243
3114,-3.5324285612712503
3115,269.7462067291241
3116,116.46753410217929
3117,-47.85809840494854
3118,248.13420624066606
3119,4.563902240188341
3120,40.01051252111624
3121,8.135016586328232
3122,130.14586002233344
3123,3.968050939281735
3124,2.582877135975563
3125,3.4883344850011264
3126,223.00919779812372
3127,287.7361917759183
3128,41.003368625678
3129,366.3408528715404
3130,2.057385554476771
3131,98.72246421377656
3132,188.67657255476524
3133,127.31777079549099
3134,237.66704548721057
3135,1.6792798340906612
3136,309.22039273601064
3137,2.96103282035518
3138,141.1608731972903
3139,6.07023460490092
3140,2.2246066067734738
3141,48.225810622631045
3142,3.205140331704914
3143,110.7852514622362
3144,259.7971597237025
3145,5.262257014429701
3146,285.63044821429713
3147,118.51889064168037
3148,95.07055732932355
3149,-15.48739928019014
3150,1.6860471603800653
3151,246.56608277287285
3152,7.114510435220492
3153,240.1946628568303
3154,199.95642208185708
3155,50.988381246165275
3156,47.19082860344582
3157,4.890405639283807
3158,281.47119394807754
3159,118.69694982817937
3160,273.57595244142067
3161,-33.597895609483245
3162,3.096475159165129
3163,187.1337071371333
3164,2.9224861540438383
3165,-4.492645349662041
3166,35.574450443494044
3167,6.725133361793423
3168,5.436293087966704
3169,3.4885781528485262
3170,216.72612406513912
3171,3.204276010582966
3172,226.90209757048217
3173,281.62688431450067
3174,59.668219352358726
3175,-56.38612322563701
3176,3.6062603014401455
3177,3.3588340461897968
3178,204.0882419002433
3179,6.376801153906891
3180,317.9904199791464
3181,188.03462727141795
3182,282.13980477671794
3183,5.916732439725002
3184,74.88272004432037
3185,6.533612072109841
3186,156.9916591687695
3187,287.42572401516486
3188,-62.570749874249266
3189,231.5657060967628
3190,4.26249049851901
3191,249.63705057817026
3192,63.66690314650585
3193,6.36350022638733
3194,4.763127367310669
3195,5.971021002051768
3196,140.69266318947913
3197,5.5029045963691505
3198,174.57754894487928
3199,180.69298194915007
3200,1.9124860108448463
3201,321.031860165531
3202,4.478214212569361
3203,4.918319194733392
3204,2.8534985160584974
3205,6.5953923166501305
3206,279.75604192385583
3207,5.873438144270621
3208,198.13238744837375
3209,-31.73364621549834
3210,7.818963756716899
3211,197.05699726303908
3212,223.38483963718676
3213,2.8837231149308344
3214,271.806694527647
3215,3.37680428892049
3216,6.0043422301550535
3217,118.01499888223775
3218,300.26028120088563
3219,70.74708212879524
3220,69.40618886118307
3221,69.88038293539125
3222,245.53933873750236
3223,354.54933779259954
3224,-68.20301251138862
3225,154.71742089646713
3226,5.96438688769916
3227,5.852648091437562
3228,7.625142021891724
3229,296.3340426952517
3230,231.49993971182244
3231,6.2489510234416485
3232,4.817081137659512
3233,5.7182476385212695
3234,4.192077492327028
3235,99.20102279679492
3236,142.92305564080854
3237,6.6814418097694706
3238,318.8997662130402
3239,6.540015731926106
3240,61.912228968342916
3241,22.244835395113885
3242,2.4859867137575415
3243,33.58718397322604
3244,217.06969969093905
3245,5.362093343754848
3246,253.89941520751796
3247,6.203063605894489
3248,52.60941586642198
3249,-1.948789001281042
3250,225.93016450888013
3251,232.11206685927124
3252,118.49219947574576
3253,57.46379626143114
3254,160.41809106317373
3255,6.406573097094731
3256,6.2661182044224795
3257,46.55465228143504
3258,2.35360157483992
3259,49.866509886007734
3260,5.865498605510149
3261,111.4461362159347
3262,322.1438313314786
3263,2.0148730649688344
3264,3.532795958566771
3265,153.52303406086668
3266,3.7703112879756793
3267,6.692158283048384
3268,3.344303814224183
3269,4.229170719657423
3270,47.27115714610747
3271,225.93245769494578
3272,2.2443809097395544
3273,187.74890290093228
3274,212.80167534073377
3275,145.05814503566137
3276,73.0975162571158
3277,5.964370496873257
3278,6.39644680053012
3279,3.253649912980782
3280,180.83686067909895
3281,281.65830723842043
3282,2.822279892129347
3283,389.1291420881744
3284,337.5209296927892
3285,97.78604899961746
3286,3.14864920524775
3287,54.92688991118362
3288,64.66766375849826
3289,1.8508937813193693
3290,65.39949742495241
3291,262.0246183612453
3292,3.0236680990259632
3293,54.48875497688231
3294,214.97483932625502
3295,130.5525839444722
3296,31.158256700703085
3297,200.71153728289102
3298,2.3579932150925305
3299,249.18511878503966
3300,4.296568369335041
3301,204.421030001984
3302,206.9399087557938
3303,-7.01208509539394
3304,250.1139369084454
3305,5.241638801307037
3306,4.715444425617128
3307,191.3486686351062
3308,3.054879834439751
3309,6.413328574581273
3310,-43.54174421197143
3311,2.461553390263173
3312,3.994143918614716
3313,2.3508863979634724
3314,5.997778942356593
3315,4.67431022641713
3316,314.2662286111798
3317,300.81592236088454
3318,42.71154722875224
3319,1.9356901911365911
3320,2.2343612840331097
3321,5.043729582570322
3322,143.53839966182161
3323,4.496971463436906
3324,3.676043799332877
3325,341.57051464952775
3326,79.12688118825525
3327,-54.69665929631015
3328,6.471489329574422
3329,1.8252610834235532
3330,188.07059086988707
3331,115.06154053750876
3332,3.3951071637712436
3333,231.12090831822002
3334,108.17665106477234
3335,3.2894368019563505
3336,4.381407034532863
3337,2.646342568978044
3338,1.7304419416566263
3339,4.059803116197179
3340,30.703662345218483
3341,51.18156457856449
3342,198.67648142583883
3343,141.38296931642432
3344,3.5292324033980353
3345,249.59690264312016
3346,289.0842099778139
3347,181.20323091224276
3348,75.36980631365068
3349,5.526715655586013
3350,3.72907141592505
3351,2.576203089953984
3352,1.885756429994741
3353,181.503477440827
3354,75.59350303853736
3355,3.117941680532475
3356,316.76740917089205
3357,3.5352872976084946
3358,239.85683974591421
3359,70.62119563447354
3360,151.12612724215234
3361,3.0090932480919084
3362,2.817745246091613
3363,3.1223049121396147
3364,34.17335271023273
3365,108.46001750971192
3366,10.459741796006636
3367,3.9824475150869425
3368,66.42619441942628
3369,4.240174383423343
3370,65.32273366954244
3371,-9.048422245891603
3372,207.79767300549122
3373,47.50629309978471
3374,317.91534687841437
3375,2.5035397109838717
3376,2.5654380409853927
3377,104.65847750812738
3378,5.050274808750382
3379,13.355837735517877
3380,308.1332224572967
3381,6.689673064579441
3382,79.2577720761898
3383,6.541226023592404
3384,14.515167043741558
3385,3.934469222150585
3386,52.33967557140495
3387,2.130551758751575
3388,180.05444607164895
3389,220.60937121775117
3390,2.466259307731951
3391,5.762623839712722
3392,5.058680652589078
3393,187.75201255666042
3394,132.98036308456966
3395,5.286688218860052
3396,5.6201089855224895
3397,149.79915253968954
3398,2.0538117219247676
3399,194.39213271717261
3400,162.02041718752497
3401,5.091830273358016
3402,1.236492466950411
3403,83.19468267093303
3404,96.21866254088249
3405,173.79804526124423
3406,172.3798971915522
3407,4.263402168814551
3408,62.95517655906144
3409,112.93274898299107
3410,5.813091215234951
3411,5.419083620744185
3412,37.07005751546039
3413,2.184103921066771
3414,6.679452936810183
3415,123.54884277970135
3416,62.80568444645543
3417,202.12531169794636
3418,170.65198178126252
3419,-21.822418747357666
3420,7.101121403942298
3421,-66.66690256655744
3422,162.95935266977256
3423,1.9990533764662137
3424,3.348055386697196
3425,17.819530621294266
3426,3.6178004761855953
3427,60.222539702606184
3428,2.425265365062947
3429,326.5940393853147
3430,314.13013510703
3431,97.54549885844754
3432,5.968680741315184
3433,79.42138698717372
3434,1.8916439402026513
3435,312.2285284172391
3436,214.99146399079694
3437,3.2779968634474255
3438,23.245331514754746
3439,277.66198502733425
3440,6.5713710450968845
3441,4.897242578152531
3442,233.9712314752016
3443,5.109712515114056
3444,204.01309609983502
3445,3.7741745469963646
3446,5.561730360166379
3447,262.6845378068498
3448,5.20683200896363
3449,5.792602365757555
3450,88.62276239469563
3451,201.01244765971853
3452,2.195953631622734
3453,2.7009151976816623
3454,19.982252523488512
3455,4.096171182163126
3456,5.54450423083514
3457,3.8346288700981312
3458,6.163668601885953
3459,164.83871244845812
3460,-46.33847135792567
3461,5.568020935693691
3462,46.655961169404534
3463,226.82657220070502
3464,4.743848212874089
3465,2.70050181676159
3466,5.330130899930695
3467,112.2672550137008
3468,33.95663381009092
3469,305.16476979547184
3470,148.60228732014934
3471,20.044637706775326
3472,279.90992161177337
3473,6.445523284522265
3474,3.762111635187151
3475,4.775878434951917
3476,38.28117360083732
3477,3.575967926163277
3478,6.560725266306669
3479,2.70645197535563
3480,112.06295727619462
3481,116.87092460163967
3482,92.25857641133837
3483,63.61311280684244
3484,184.02498952244116
3485,2.453978878341505
3486,229.21933413869493
3487,5.838378018087746
3488,4.537711803598416
3489,3.399662373141344
3490,6.345046629511571
3491,3.321870968644251
3492,2.4383644373077775
3493,307.1408524781199
3494,156.17729246696817
3495,6.308981068783038
3496,46.3132049537091
3497,4.499497344382722
3498,6.723488866707023
3499,-17.519737532296848
3500,74.044330961333
3501,285.7201502255583
3502,6.1332349528306604
3503,3.2426275507441877
3504,111.14731322738899
3505,129.16559001269454
3506,102.8880839486913
3507,6.256208774959623
3508,3.062219531701109
3509,3.164757872011422
3510,277.2059209771754
3511,1.9996174139968923
3512,69.8324124647333
3513,99.18549963115777
3514,3.3815204947569057
3515,68.64884837554632
3516,3.4599500518465995
3517,188.71467156217705
3518,4.309449745927042
3519,230.15421226024637
3520,292.1737027393808
3521,1.9093004179998334
3522,58.15015746217288
3523,4.097928204453814
3524,6.5562804934799335
3525,5.2593638302723935
3526,43.81169319013301
3527,1.6773571979030952
3528,278.96613481886686
3529,201.70586557726193
3530,2.373149126232409
3531,71.94966259140125
3532,276.02855440224806
3533,41.59622812509113
3534,7.776148377496773
3535,83.53715037326393
3536,3.5532632718897577
3537,71.73526136196422
3538,7.077091122758629
3539,4.325213841008614
3540,173.35330757983354
3541,-64.46836689808148
3542,2.6872666273754446
3543,193.15060001196306
3544,38.763769329915576
3545,2.5293794220295807
3546,5.62864830633035
3547,173.02486743779752
3548,5.542055715165721
3549,1.7496270709694817
3550,4.563844117998225
3551,4.172995785926598
3552,5.724995899492804
3553,5.367531339881948
3554,156.90058370825733
3555,3.834898750287315
3556,1.8550768487298934
3557,117.88311012710628
3558,5.147463370710772
3559,93.8644817588718
3560,71.7680030729161
3561,6.1674795576015855
3562,28.98504414517739
3563,-49.78481083445946
3564,5.868464914762692
3565,4.844771009533968
3566,187.18559504057436
3567,1.9696083645297824
3568,223.7143287526004
3569,161.11602256027265
3570,44.20270544898798
3571,196.10764741723608
3572,1.96266426149766
3573,6.034610012965707
3574,5.741166856211619
3575,2.1153232394611736
3576,5.2761424471576435
3577,6.162009954576032
3578,85.51546084767801
3579,2.0848748000012334
3580,71.15890246227512
3581,239.6271097278381
3582,76.5666629936454
3583,30.201144921286257
3584,6.543857027801058
3585,29.817217762298736
3586,5.851489835742891
3587,33.0522459254132
3588,3.069355692811561
3589,229.16044905985223
3590,3.2441048270957875
3591,3.429381860401116
3592,179.5031637857731
3593,3.4601626311628197
3594,19.618978744315548
3595,6.675303679390273
3596,33.05287826821377
3597,323.61640241192634
3598,88.67412565825686
3599,96.06802604300537
3600,2.6672972980859377
3601,297.7700757309468
3602,37.35709698707794
3603,5.139918229760124
3604,2.954538358519847
3605,187.06805475149906
3606,2.113414668079315
3607,3.6802927443943627
3608,276.5559730398629
3609,205.63086161941249
3610,70.65685636667993
3611,5.393938245922178
3612,254.23929894138365
3613,6.409674709890295
3614,4.785802519435722
3615,6.479439039632566
3616,54.12708845278715
3617,4.971512356220526
3618,2.6999327546664444
3619,-55.96110967334357
3620,-18.54078034666448
3621,63.97850354300095
3622,5.336297089236625
3623,264.8422537925894
3624,-16.722785602397867
3625,102.23177180525636
3626,29.181077818085882
3627,32.01245820589517
3628,6.498999290884763
3629,53.60812878399712
3630,249.681420563909
3631,284.88481908596145
3632,252.44690641582625
3633,257.68237580229413
3634,110.3243485721207
3635,124.35469941003524
3636,4.33616204187019
3637,46.49981099130147
3638,82.9634770415864
3639,4.8839932461424285
3640,342.09654678601663
3641,223.17306222029467
3642,162.23775128523056
3643,183.18498046122858
3644,6.531151309857738
3645,116.72202432108614
3646,2.5554922261201725
3647,5.818284890416445
3648,236.84052095772677
3649,21.92695739425097
3650,3.241882509527652
3651,190.59670211190843
3652,50.1992976940068
3653,-3.3760878337716957
3654,68.13836662292896
3655,2.0699275295362596
3656,140.38967462288605
3657,5.8323134539484895
3658,8.025634135451353
3659,4.697816170765034
3660,5.776906088134812
3661,40.18974360483516
3662,2.1025522803499097
3663,5.546002623249546
3664,114.89735872705586
3665,4.77377868154667
3666,278.17163929385754
3667,244.86641018498108
3668,258.0635707115649
3669,224.9351907027022
3670,7.009391415138863
3671,6.249698719732067
3672,228.20002451876084
3673,4.968567836148318
3674,286.1887154225728
3675,154.1225556377275
3676,53.01028188545708
3677,32.735005455432784
3678,-2.3398107675287556
3679,4.586171913782301
3680,3.4724240738833183
3681,149.84622867923636
3682,78.26707438054679
3683,152.07099633969193
3684,34.01822347560229
3685,148.4213957233133
3686,282.2860271452481
3687,109.21956551667583
3688,275.6653285867111
3689,2.469416610041441
3690,217.10842999492533
3691,209.05179249112973
3692,295.02170330454135
3693,276.98375320287914
3694,1.6903647411143452
3695,245.77152874612472
3696,205.3167374437789
3697,0.9317124271632202
3698,-31.305257226577623
3699,4.272758783129713
3700,5.453894053472151
3701,347.5132082225353
3702,3.838032645790862
3703,4.02868967918939
3704,6.092664364202699
3705,1.439953824579768
3706,59.04728091134797
3707,7.0450494854015515
3708,109.42398994093887
3709,3.1930647638972225
3710,6.687627523950988
3711,347.317650307329
3712,100.11253636099352
3713,5.5971482425940815
3714,325.66482516662666
3715,2.5636318127719484
3716,1.9910983863831777
3717,141.75080234212027
3718,68.32175276032547
3719,168.35157916158357
3720,162.56378466209566
3721,2.868505147491059
3722,3.8368308828884796
3723,3.34224235326728
3724,1.8873673752127162
3725,67.18874183289905
3726,1.7795111346528762
3727,221.92463020637064
3728,64.124421079334
3729,-30.558335176218904
3730,142.3739800029681
3731,78.12416268341528
3732,3.5620236610999756
3733,-25.04237363185387
3734,2.914860524310314
3735,2.269615732663142
3736,-8.833246584230341
3737,6.276898389607797
3738,193.6003104422581
3739,-44.043338141772296
3740,241.425467361382
3741,21.35312094464672
3742,265.6933703964293
3743,2.318551071918011
3744,72.71109425026636
3745,-5.9537029647605495
3746,4.924103750117356
3747,5.052865896867712
3748,187.43169840663313
3749,80.00089740921277
3750,1.5973367864940204
3751,222.61924181749066
3752,71.66953123996964
3753,4.871585074899794
3754,3.5716839158769664
3755,9.208522549188588
3756,5.675808971178009
3757,34.99342657107445
3758,5.955381947380201
3759,48.645397504016344
3760,1.9534486189488816
3761,6.5097087187527185
3762,6.218786744295536
3763,120.69129150188914
3764,171.2092621891049
3765,358.2689285475233
3766,6.439420010147181
3767,286.0389434595213
3768,68.23947087559816
3769,1.6578755850765339
3770,138.08792966645566
3771,3.549478475894844
3772,184.78361499235956
3773,244.36819007797226
3774,2.5147227100594676
3775,3.9581835445220257
3776,253.24911509389892
3777,6.084895384300777
3778,226.99331366390845
3779,293.5019024410974
3780,5.958554196180053
3781,6.50012876656964
3782,1.9834068820205013
3783,1.8506995896449467
3784,5.363722296467511
3785,30.24663354065322
3786,94.99170511926069
3787,5.893724174627362
3788,6.725956511880053
3789,282.2963858251968
3790,7.0392236213464745
3791,6.301697857513856
3792,3.7431085162980144
3793,33.81107031118249
3794,-13.279071972210357
3795,190.20909479895602
3796,183.15874142613885
3797,4.82083603422027
3798,188.02618322920927
3799,-61.421339878284755
3800,240.13728593008796
3801,141.71897783340862
3802,139.98571249775668
3803,44.58769124323006
3804,52.21104779521069
3805,4.754674978362744
3806,2.9592532890036507
3807,116.11856115406954
3808,3.778633549249207
3809,-28.480804431405886
3810,2.7196757198611783
3811,4.310424317489593
3812,267.16207355634293
3813,3.5784948215045382
3814,290.56461919096944
3815,7.199084944752424
3816,3.529922267195521
3817,53.508975709634825
3818,6.224639819187418
3819,2.355315282086396
3820,139.123345389032
3821,7.219728843707884
3822,5.49813062515652
3823,259.1993499381667
3824,5.142933212224538
3825,245.27667384025378
3826,5.984169241904007
3827,310.552503773191
3828,306.8074037850191
3829,6.5163749017028945
3830,241.69114511325057
3831,68.77606409679349
3832,1.7811861135491338
3833,67.29669713477766
3834,15.617954988937
3835,2.7106573758504044
3836,5.16018164977705
3837,6.751519298443796
3838,5.910740023117326
3839,239.90121176212858
3840,5.713379360267237
3841,122.92170175719586
3842,3.4738177507097934
3843,272.3878690218869
3844,5.353583120008034
3845,6.090735300109923
3846,6.522252941685844
3847,77.10892981623431
3848,110.15949107674719
3849,189.19196096549447
3850,16.6109591703964
3851,110.26860106999857
3852,255.38610937796386
3853,5.598231038376591
3854,248.22267655376643
3855,1.9302587155607487
3856,57.638355055379705
3857,3.797916599741905
3858,3.017227892348652
3859,252.15036655240166
3860,5.976243407770232
3861,-59.481121814373594
3862,-6.565500637176266
3863,3.936542458031599
3864,2.9610740208475943
3865,294.7110698532314
3866,4.251119647906746
3867,199.36407389576328
3868,4.859670816678026
3869,3.099929303323692
3870,183.73993368753037
3871,40.1239376716062
3872,3.4161547179749157
3873,24.873870041244302
3874,352.43554623939633
3875,279.4951003212239
3876,103.77431297384132
3877,-65.4533076311456
3878,206.29638739128285
3879,245.58064689614764
3880,6.507991518542764
3881,3.9697489270587076
3882,2.6503266137042867
3883,211.35121416839633
3884,154.26539877058406
3885,6.372364594488886
3886,5.3655849858924505
3887,6.2337162004792965
3888,2.6161598672021755
3889,163.63661615689367
3890,1.6514123087552117
3891,2.831755820111392
3892,185.14058454092918
3893,2.9604325721561175
3894,298.85524263381336
3895,-29.592456561397412
3896,36.288251640968284
3897,247.08689637325543
3898,192.15798372077163
3899,1.7552578650069663
3900,100.50086740110973
3901,109.60038055642372
3902,2.8895532046240318
3903,44.30009324212618
3904,52.12222290657343
3905,3.510879318515925
3906,7.661031378081743
3907,199.16016971447903
3908,140.46444145384794
3909,3.100045507408267
3910,3.84352565176665
3911,239.06566105670143
3912,4.611335988332084
3913,38.47892405950999
3914,279.9940071396869
3915,7.409710461478441
3916,5.785072428915451
3917,3.8567300778985176
3918,-48.298047592259124
3919,4.649473536759746
3920,32.582114022554684
3921,59.60506274047309
3922,7.002060784696082
3923,2.9604110296841544
3924,361.74505271843543
3925,68.08801112092468
3926,2.115603227849894
3927,250.49462849594795
3928,3.4862126471857637
3929,5.298985639863007
3930,6.300490409265349
3931,217.44910292284203
3932,4.6050947828605
3933,2.7034205324417355
3934,6.6178854751946385
3935,219.44190332103042
3936,1.8238476964028294
3937,3.351224165656573
3938,2.4275058340005624
3939,330.81680953662556
3940,6.1305504799725306
3941,6.156934972474911
3942,5.320351793564186
3943,3.177923751350667
3944,6.716713901013657
3945,335.34735546393335
3946,189.2907310727722
3947,40.92635749398213
3948,147.52656033043982
3949,5.287192921500509
3950,246.4443933427197
3951,1.7244165082099085
3952,108.31262158920845
3953,129.30968974942635
3954,2.249077835317536
3955,6.153354332097205
3956,189.42653854851432
3957,54.503852658575845
3958,66.10112569686294
3959,238.11509494572027
3960,6.187230143198727
3961,6.038476226944894
3962,120.9047758721233
3963,5.858322716925867
3964,206.42326394076707
3965,6.324102692588277
3966,3.0631069774361768
3967,4.0766703874634915
3968,188.14141163933968
3969,55.81459227378727
3970,2.409502201305431
3971,3.435370992653165
3972,2.5753118775893657
3973,3.2171361607149755
3974,43.98970553860411
3975,42.756525224974624
3976,3.4192392955252666
3977,4.177245531124393
3978,3.6272891274147256
3979,121.35544056693729
3980,243.82304738881197
3981,256.3946439911823
3982,5.589672926031818
3983,3.0704039938368135
3984,370.5548104962885
3985,228.1694455055999
3986,184.47271974868124
3987,91.80590079185251
3988,3.020003561512807
3989,13.864300952357413
3990,90.92533610317592
3991,252.50456978349382
3992,5.905343610019504
3993,6.2899514913150805
3994,35.42753395013974
3995,119.64328084160198
3996,3.4537041774179045
3997,96.03493896793373
3998,2.494302583286384
3999,280.6015228624759
4000,5.2461734952113295
4001,4.225778879033946
4002,26.866606062638006
4003,172.66254228818974
4004,2.259932175506878
4005,307.3918057708089
4006,67.38618044046537
4007,6.819904348752949
4008,3.409661248131032
4009,5.8572479992064554
4010,193.5216065685392
4011,3.247076522971753
4012,6.320475598926377
4013,243.55176551733177
4014,5.8561301774707415
4015,6.198471466545595
4016,67.47912277730083
4017,152.65474324078164
4018,122.14531864015058
4019,1.5938205345827663
4020,2.012592023273185
4021,125.40922696963358
4022,54.08093729210545
4023,3.632391286776003
4024,112.47880939026436
4025,54.50418852186642
4026,56.450929814245896
4027,265.33617009851287
4028,110.29872106226563
4029,6.806328618443841
4030,2.5963673006191166
4031,112.40785487359446
4032,84.56930798109931
4033,2.7099125418376917
4034,262.1705277838602
4035,111.8811995176521
4036,3.9005118473633518
4037,3.56900926490388
4038,6.124539547420099
4039,5.870223779183479
4040,109.73389743101868
4041,316.59619929322486
4042,59.55508198111855
4043,266.81639427705704
4044,4.5337029712115555
4045,36.05757446800287
4046,5.816014316199483
4047,4.440487364935126
4048,279.315289359659
4049,125.79979500211866
4050,277.6407988856341
4051,58.54074841142309
4052,2.685166552778057
4053,3.9580527113367863
4054,5.161132065335987
4055,4.323607097564288
4056,269.78930745043573
4057,6.937682846056621
4058,286.158348370531
4059,21.600159605741037
4060,264.3517942213184
4061,94.04097980572698
4062,3.8782224219960955
4063,2.1472516266139117
4064,227.5166259920009
4065,2.0298252444533347
4066,100.54664676047011
4067,198.705414397087
4068,168.95735198833015
4069,345.8063815703111
4070,2.7263676475604366
4071,2.703438438304749
4072,2.1771438698859757
4073,3.3197179495417894
4074,4.205881994191577
4075,-35.37063888448
4076,44.74054613346933
4077,4.9146705811860585
4078,6.251753810499842
4079,7.308681008616165
4080,273.6862003167715
4081,4.502632355807741
4082,124.79583231877959
4083,4.163960056403001
4084,13.011142213841314
4085,23.28555384482668
4086,-9.02500667415109
4087,4.349809109907753
4088,4.805228538614152
4089,69.0082327067436
4090,139.81997123579697
4091,4.4730824339794
4092,70.26153212157774
4093,28.25232774372632
4094,5.1406023758025405
4095,6.791791227710259
4096,2.379607039480817
4097,2.6541993245102344
4098,2.848021309391017
4099,-42.856317145229625
4100,63.344018647402024
4101,6.175386338538478
4102,4.345556197281415
4103,71.9033291295004
4104,199.9343297858001
4105,5.624176136717533
4106,120.2325527322985
4107,89.3375347943803
4108,72.56838673839424
4109,240.65056300808865
4110,6.3161664180468495
4111,45.918365608447786
4112,78.816620995247
4113,3.238792406050736
4114,5.079795947817171
4115,79.70520848347213
4116,82.67646578949778
4117,93.04670668046556
4118,290.88636876129635
4119,243.15450734182434
4120,225.28190515959267
4121,91.99468796990429
4122,-20.23705091669499
4123,2.352770862509307
4124,139.1371362576115
4125,2.269537923085805
4126,53.25141338943868
4127,5.880680046460575
4128,1.7828541299632312
4129,6.129373848546203
4130,2.1634013581145504
4131,55.66924638963063
4132,6.050108619294377
4133,5.1397152183002985
4134,104.60518908047044
4135,28.8883784919687
4136,159.69429691850766
4137,320.23161758236427
4138,-27.2039958932939
4139,103.02867313191369
4140,64.4010818184864
4141,4.14229156777532
4142,113.62202976608268
4143,311.1243955400839
4144,70.40450599392842
4145,200.99902119134543
4146,76.7254381812613
4147,62.901960668672544
4148,290.0982775503092
4149,59.192118027405186
4150,34.675268862702865
4151,53.11702749511497
4152,112.83480404039844
4153,4.2437536388859005
4154,342.5459207255177
4155,148.55436748171394
4156,3.458173161170237
4157,28.478748725396947
4158,4.146117499909497
4159,5.437102756666668
4160,148.20755149422013
4161,185.70908478102803
4162,6.101794042664192
4163,57.629373920738985
4164,185.14172086940977
4165,-12.31160833861341
4166,43.95942295405712
4167,101.84117585554067
4168,3.4136627654811025
4169,2.50268725411078
4170,0.793066633199729
4171,95.54427044749394
4172,4.291807492888859
4173,4.018397883000565
4174,60.04802190967458
4175,118.76391665498156
4176,2.0093667574671925
4177,4.2812560857956665
4178,16.921164062278393
4179,123.71905201628657
4180,163.00187240514214
4181,71.99025319339478
4182,58.85234416390223
4183,26.899396903215777
4184,190.86470427524299
4185,271.4529262102675
4186,2.5662786421434474
4187,68.18763457388408
4188,4.179888313666961
4189,4.25413714511402
4190,115.2648833926485
4191,2.1101727782304818
4192,30.223596633547217
4193,51.95781112812243
4194,5.904875673842639
4195,4.1458545157553015
4196,130.31900912358236
4197,6.443606926277589
4198,3.1145775942503757
4199,5.076531134678542
4200,301.9461362047126
4201,246.51730073457793
4202,186.09154724964787
4203,5.692333896233333
4204,111.50813826296346
4205,4.897939622196004
4206,7.807387868656308
4207,124.69594868183306
4208,155.885611304422
4209,230.70608264665464
4210,-49.02612351334592
4211,2.3736401130060774
4212,5.833953526773763
4213,-10.77157933621874
4214,7.306054650438859
4215,3.0921668398156297
4216,1.7273132618265428
4217,3.326506047618584
4218,5.746925572834781
4219,52.395212816723614
4220,58.03471670437274
4221,2.215015009174231
4222,109.9335137876868
4223,2.8458417326715884
4224,6.143195549198903
4225,5.376197929444973
4226,284.99970596262585
4227,2.18659792809265
4228,208.0841143793869
4229,117.11900932377257
4230,2.841885282125711
4231,2.7079760303389335
4232,56.50324996645493
4233,3.2503861207833773
4234,-5.2004754688768315
4235,63.446192774192696
4236,252.20310745696185
4237,176.79422359524563
4238,3.2130055928753065
4239,74.20487927437763
4240,1.8777763701839456
4241,35.401184421291546
4242,232.91999052947966
4243,-40.84392998917309
4244,326.85463256334435
4245,5.133372363340982
4246,1.9411804148469773
4247,4.168214880702929
4248,4.183548397008298
4249,-19.984040633548503
4250,2.5467730027036874
4251,292.63208317298063
4252,6.4537992665468416
4253,5.979171005192939
4254,5.457669818684097
4255,-51.05668683550709
4256,2.4885989564224835
4257,107.84459143328388
4258,2.4139933658731803
4259,1.6070062045631044
4260,84.40567819842113
4261,2.4276534606172206
4262,286.44072525939544
4263,94.87763827108157
4264,2.5860142832837787
4265,48.433414930776316
4266,4.222522145569365
4267,6.069353776688893
4268,5.661912433198402
4269,220.09194927288937
4270,167.52990839255247
4271,159.80447781699704
4272,4.541361478064682
4273,8.0564208136752
4274,100.98524964705359
4275,7.125340323601998
4276,288.76670515050125
4277,237.94473217019942
4278,371.8045177781705
4279,311.605220020164
4280,123.94230105122277
4281,97.3306126304211
4282,14.276181292355375
4283,6.2972136362236455
4284,4.532562965301271
4285,110.409414184639
4286,309.3869393274993
4287,1.7779887033004262
4288,201.6709360227915
4289,212.214752629892
4290,178.2887142934203
4291,3.0887463395100143
4292,5.0921214433196065
4293,3.528854058948351
4294,-28.631688806285737
4295,1.1187815863935746
4296,5.430997954182448
4297,6.5251454229730435
4298,5.896384676807948
4299,60.65731081288781
4300,46.489160670935185
4301,-5.787459230855943
4302,111.91897592142621
4303,1.6192676421707797
4304,-41.88633408328155
4305,3.533937066302871
4306,289.72279585785896
4307,2.7430832437341035
4308,15.713467777007594
4309,4.53116294830776
4310,2.9041780642102424
4311,14.077940610629517
4312,312.25786348174904
4313,3.2404520011230757
4314,3.2107329674912215
4315,232.12600566612497
4316,1.3070920088843234
4317,192.19684323779862
4318,6.09931045890217
4319,49.53796733908152
4320,97.30746966701072
4321,4.813242589098065
4322,300.87131548770685
4323,75.21024842716298
4324,3.4896141441194346
4325,6.554024354034743
4326,3.4791603705203076
4327,102.30808825175748
4328,132.1496918739525
4329,193.3746778767915
4330,-8.165143221435644
4331,2.7391732942039067
4332,2.1133498417787835
4333,243.76650621610688
4334,3.439517066572772
4335,3.626158069857061
4336,2.169681565284646
4337,5.85581782535957
4338,-2.2808353928884983
4339,5.757647256960499
4340,-32.48562695103098
4341,60.568169224105844
4342,181.97515288143504
4343,167.78781306432074
4344,118.85830292785323
4345,5.877015878773071
4346,4.769301208378495
4347,177.2098418149268
4348,5.608146756329536
4349,105.21525346848148
4350,-30.866141365254393
4351,123.79528446890744
4352,199.38223581420868
4353,5.209567563485681
4354,123.92974746057388
4355,119.16662124511183
4356,1.9274004537990101
4357,5.45236801234873
4358,322.6953547850146
4359,225.5230100393927
4360,3.476094530972877
4361,-5.110798261106298
4362,0.8160678927796154
4363,3.4596481769229435
4364,4.408132742532117
4365,1.645088988669494
4366,3.384603564370836
4367,257.32812928161917
4368,-28.20951663754277
4369,91.53046560056899
4370,6.3322827258255145
4371,197.25708286611817
4372,84.36066077263439
4373,322.6220212923439
4374,6.312190563272414
4375,227.01600282503279
4376,276.3781542343311
4377,5.425612921571298
4378,5.666488627863397
4379,177.05436553022605
4380,3.096372729893726
4381,2.2762715865102425
4382,6.660936815888363
4383,29.28526402418482
4384,4.887664611003841
4385,195.96616660138832
4386,42.56431492494388
4387,281.72112839607007
4388,64.67185268971463
4389,6.673292747900579
4390,4.452889400216953
4391,4.175968324687916
4392,2.401188782358548
4393,88.49843512734272
4394,78.3610094401497
4395,3.1428420808471245
4396,12.928358841137149
4397,2.572327771099177
4398,6.368253378113621
4399,3.8884014814834735
4400,255.25723004847782
4401,6.823954258652618
4402,235.14452496878033
4403,254.87648733266113
4404,241.12339174910898
4405,358.28302143580777
4406,47.48068697812738
4407,97.32912868170351
4408,6.408504848287392
4409,110.1209492877702
4410,-92.39103705309842
4411,2.7647461947406606
4412,276.017235786912
4413,229.12240146707651
4414,3.717002832013747
4415,191.34946213132582
4416,66.76794590107586
4417,2.7444001301576
4418,228.90610702054687
4419,260.57917581192874
4420,369.2549288906506
4421,326.191003967554
4422,16.694454250240334
4423,2.488997337182215
4424,50.20177816634714
4425,187.78645492267665
4426,5.381391882151761
4427,216.59884608771836
4428,6.411549855607254
4429,4.945504076700731
4430,5.177705608063385
4431,180.71217014042986
4432,3.820423500965
4433,3.7255349272731157
4434,100.90556341272367
4435,5.71373132916343
4436,6.396780325004554
4437,6.274882045165863
4438,75.58732975929212
4439,7.131416983848034
4440,276.09261038866214
4441,2.068501350193532
4442,281.4900757925777
4443,6.258177248956139
4444,279.49838522024294
4445,3.9212990501546012
4446,3.725351257922987
4447,155.68026561240265
4448,5.011750904473635
4449,-15.832926076391113
4450,78.66545302147637
4451,110.2651510923965
4452,270.4508826263667
4453,250.0605916715072
4454,4.5829269074442855
4455,5.270001892762609
4456,203.48049920490826
4457,4.15278191904093
4458,6.763199897104553
4459,74.77840482747922
4460,0.6436530209841571
4461,83.8624972364585
4462,152.57601446469516
4463,50.07631248604631
4464,4.251498120181278
4465,100.11329139474415
4466,4.450281825254562
4467,4.247992723788537
4468,1.7936514624970303
4469,2.05605508950189
4470,4.9177661134595425
4471,2.890952932596511
4472,257.9699634324852
4473,3.2732204969191647
4474,249.89351225718409
4475,4.535130147919031
4476,99.33758350843182
4477,5.858329820428436
4478,4.1312293201617845
4479,138.21637681881043
4480,293.32944525033406
4481,3.716149201555523
4482,197.5508420397253
4483,66.8785544951833
4484,312.3239277462097
4485,205.7627016124772
4486,2.4515865679093234
4487,114.88835305432613
4488,52.35312348765754
4489,-43.762284815754
4490,105.72115004588562
4491,5.394145385508909
4492,261.6968345234674
4493,317.81026363762874
4494,14.672591751980653
4495,2.6477652626704966
4496,85.32263925741036
4497,6.737333458427652
4498,195.94721356712787
4499,316.2345637090399
4500,163.05836538871472
4501,5.494095507545201
4502,5.849785441235606
4503,196.08979838355026
4504,8.789295043439509
4505,64.20842249509315
4506,2.8818473302764884
4507,-3.0625929879495914
4508,122.4275389998575
4509,38.378643024325456
4510,2.254195154378325
4511,276.32903656582886
4512,56.63354295080791
4513,109.53618470638241
4514,3.1538313605149835
4515,2.893610418853846
4516,3.42224082852676
4517,4.568946133975182
4518,0.7068016346677028
4519,114.3412373607206
4520,57.463925730476376
4521,2.6530966545263808
4522,66.35956488597338
4523,6.727269692570038
4524,231.42094075108417
4525,17.195770370463865
4526,2.265749139408306
4527,114.30488493418179
4528,136.56907278094022
4529,102.94871158508276
4530,146.66163359954152
4531,3.837531013419331
4532,4.114303238629004
4533,4.3940368286853815
4534,62.25393231114849
4535,5.83766779529414
4536,1.9977718581836825
4537,1.8470342970670717
4538,6.245817761236253
4539,284.51136332942684
4540,175.22955905039248
4541,3.404302033380281
4542,2.749279693356246
4543,206.97382290351914
4544,36.04994887254895
4545,5.195095786399055
4546,29.133067600682296
4547,6.011326156794773
4548,178.31007809648395
4549,4.725314268282468
4550,245.8213952032637
4551,28.80859068378342
4552,127.97198351398387
4553,127.08126640299865
4554,4.506474813674217
4555,192.1075189977591
4556,289.7749881572872
4557,4.954856088806643
4558,4.473021451762483
4559,74.40123538885547
4560,7.372285133962176
4561,5.228360739899371
4562,189.48839311214456
4563,47.24840401923598
4564,219.42774240389596
4565,71.20978764560391
4566,220.69516364597106
4567,275.42851975743486
4568,136.2281681714233
4569,4.713963924200876
4570,205.492364613752
4571,263.6667721868222
4572,4.958761009275891
4573,2.9259383857489767
4574,1.879072958932235
4575,5.162720731152332
4576,142.44440520644253
4577,258.3026667713351
4578,58.41689376113765
4579,13.768837892619793
4580,0.7438306008331521
4581,347.0764183791777
4582,28.797053793193832
4583,1.0320900755344127
4584,271.0071721279836
4585,37.354981694277356
4586,6.147508906730528
4587,3.9123964367646877
4588,1.5424637464077326
4589,4.284870372463507
4590,3.2367811760676934
4591,72.3398734983775
4592,5.449262882843944
4593,92.92401973625049
4594,-20.30406848351246
4595,2.674031644582686
4596,71.00562547455793
4597,138.08150808006644
4598,4.296059335478123
4599,-43.18462545792906
4600,87.38384514997531
4601,6.8655561260294125
4602,5.30095422953579
4603,5.235336429982281
4604,65.05539946474218
4605,1.7658478997251783
4606,155.59949466735947
4607,43.37537265376785
4608,4.5430673118009075
4609,218.04445365524094
4610,145.96080413270832
4611,99.6115395926856
4612,3.0103122623289633
4613,-66.85454655117988
4614,75.89503723850876
4615,-46.98760556985732
4616,4.806827714805401
4617,4.906454231746109
4618,4.210422503679837
4619,6.153482613021681
4620,6.648593647534722
4621,63.31666166080565
4622,4.13789376649275
4623,6.216691506926428
4624,0.8267838905795342
4625,86.06577209246362
4626,46.320906243919374
4627,5.3479173011682875
4628,5.801800456446271
4629,63.657579808614116
4630,5.389981102177802
4631,-5.058065894418037
4632,6.711407743853899
4633,223.54134835071045
4634,5.788416821283446
4635,5.825309147289538
4636,43.12054647717381
4637,7.014023197801901
4638,399.1638091973075
4639,271.1461534215304
4640,2.0645674871955566
4641,209.19247749360218
4642,121.81021237761004
4643,60.40786399639708
4644,60.88244434894668
4645,5.578305338764979
4646,46.493379518974066
4647,16.765410111486588
4648,193.5012792351674
4649,128.90344362807372
4650,122.63751826067246
4651,41.45699923223517
4652,4.813518886154948
4653,249.1534822049927
4654,-6.656295213365015
4655,5.358417112584483
4656,2.8753987417488025
4657,3.141885946430242
4658,6.64554999752915
4659,91.62492085807513
4660,2.6684931736893454
4661,2.57809773672178
4662,3.4193955278872057
4663,118.39021193824885
4664,5.873284616815382
4665,144.3102440053746
4666,238.961002767833
4667,1.8268186265908648
4668,95.19356426370294
4669,250.31046349882507
4670,47.580881919515534
4671,1.8924588980817523
4672,0.8834032181251829
4673,70.08909116008456
4674,296.524521060095
4675,1.7673230993597455
4676,130.7942672613193
4677,59.45678942700302
4678,5.484195728864237
4679,75.46355681781168
4680,4.022465556927145
4681,1.773445345958346
4682,184.75439780584688
4683,142.59310570649032
4684,95.20997381263541
4685,243.24959652982886
4686,3.8348221857832123
4687,231.70361761023892
4688,339.38286671614935
4689,84.34676126842206
4690,5.962360876106896
4691,6.738555237413653
4692,4.316409898673278
4693,99.31875301124367
4694,4.231650716027936
4695,377.86938657650705
4696,4.621064049382065
4697,2.4900972614780867
4698,4.61720851481035
4699,3.905883387994401
4700,95.26017515908686
4701,5.517628881349549
4702,2.015906702759068
4703,3.692488608064552
4704,4.957801101393591
4705,284.1644547149134
4706,3.1975252711779376
4707,4.937569910172114
4708,3.134725575106885
4709,78.29273833113591
4710,149.7090187276519
4711,6.305169098939871
4712,246.5079813573209
4713,3.732059806598394
4714,5.764731712075326
4715,80.93769182804135
4716,80.31765158564426
4717,7.320509511548709
4718,5.974537032054972
4719,192.36825843309776
4720,156.36195048903673
4721,6.237397260102695
4722,3.7249045649569648
4723,6.583603904181677
4724,68.80002380721416
4725,184.30607774475288
4726,3.3952987009688504
4727,263.53652936517324
4728,243.8827200743296
4729,3.8203997734882784
4730,179.58152824341767
4731,57.225648859891315
4732,-55.59473083774261
4733,5.461985813442501
4734,6.353963476835236
4735,5.4011810486249034
4736,3.1638406408589366
4737,66.91965511691187
4738,-24.183992454488525
4739,187.09585286884095
4740,309.56910338225737
4741,4.436562971058429
4742,70.70215489365302
4743,5.493160754509457
4744,272.28315592818444
4745,44.144839725911936
4746,3.971642506896313
4747,2.95447916029101
4748,3.1234508495912863
4749,5.635135036697144
4750,5.80237406392814
4751,3.712281572433997
4752,102.68771570680616
4753,151.36986405834136
4754,137.15669801594956
4755,3.941951193750054
4756,2.010059116564836
4757,3.2767864995984097
4758,74.90179132948887
4759,116.20968548332718
4760,4.92353761110886
4761,3.137861638149044
4762,185.64894511723458
4763,214.920318793293
4764,2.4194282139400864
4765,332.6546357945234
4766,34.61049935604119
4767,27.289549554264873
4768,23.700421800429865
4769,-26.21111110028407
4770,55.88447485685714
4771,30.573613928365532
4772,3.9156980577513996
4773,4.230044773408494
4774,139.12975015742387
4775,2.402356472490875
4776,2.3938833311907426
4777,206.0411926752449
4778,5.020570990281987
4779,44.01109099793791
4780,1.9518906939407779
4781,54.63902234090136
4782,4.835680657626116
4783,3.9124344749223905
4784,2.636611051459938
4785,66.70713589803195
4786,71.11733939714748
4787,5.734321464845513
4788,3.610078338816195
4789,3.001995491739476
4790,124.14556193375884
4791,184.9853638379269
4792,4.4454591521917
4793,165.88000084657796
4794,59.403563959032
4795,226.3038767987445
4796,3.338755951502372
4797,138.03496255126555
4798,5.887516191473262
4799,4.032322695036029
4800,354.27052488353206
4801,3.7904621684974793
4802,4.886597332254457
4803,270.2289981406567
4804,1.7757704470860416
4805,232.43708358103436
4806,4.0121014107669675
4807,3.243665002413116
4808,60.154803050761956
4809,110.62294774188653
4810,1.6458982176641515
4811,2.096910416455505
4812,5.11641697841797
4813,250.3159092446627
4814,239.21757074615874
4815,2.8217715161041435
4816,2.614978354703927
4817,6.185666066287377
4818,1.6954279875516147
4819,92.36970064046966
4820,2.7525411985364836
4821,189.02076511281564
4822,129.47886290985917
4823,4.796117641158166
4824,3.0535283506236377
4825,270.1874076020556
4826,4.636295535391129
4827,6.170513125550258
4828,218.504123785479
4829,119.74006136613586
4830,88.31408771949847
4831,210.7930661401356
4832,6.881473696348769
4833,3.6860581493994538
4834,110.36813681292361
4835,3.886114760611675
4836,6.468394903811439
4837,194.87601484959492
4838,33.78820836502271
4839,307.2324164526774
4840,2.937582464639453
4841,109.3956772398313
4842,31.632118834692825
4843,2.3949639887579335
4844,3.754004515298786
4845,4.481253839120657
4846,7.2351882332324156
4847,4.008604282391834
4848,2.38013045618783
4849,4.255501402397579
4850,6.619667187173462
4851,5.927687345536121
4852,104.42536779670021
4853,297.2437941627047
4854,2.7474698456151225
4855,3.173556900048617
4856,205.09431173390297
4857,249.47707325833676
4858,254.6500401904196
4859,135.31523437219948
4860,250.0397398902489
4861,-18.252920409048283
4862,123.3188021584344
4863,6.893236998891874
4864,5.912662781158152
4865,1.9145242964883167
4866,1.2350389183181576
4867,3.4499700244496037
4868,69.67870029797625
4869,0.9544730861440738
4870,140.3450628808223
4871,6.866232961109617
4872,2.2984191793584254
4873,290.42780580268976
4874,18.541991809810067
4875,3.2523056380823685
4876,222.00767189689412
4877,6.3085899750249865
4878,80.60437557641293
4879,71.26409580839197
4880,5.853975038359461
4881,6.2455373844187925
4882,31.457908808365005
4883,1.82505672709029
4884,133.69133788488236
4885,-56.03447576878476
4886,242.42395772929603
4887,5.312275290249858
4888,298.0433107088934
4889,53.02468762046064
4890,219.32498379487183
4891,127.51835147503499
4892,2.1218379396055753
4893,5.709145374006902
4894,98.71553032778044
4895,6.6144712051624515
4896,5.845583619873988
4897,5.787582899136083
4898,2.203931526169268
4899,211.79689545002134
4900,2.4123323654757733
4901,276.3909392248134
4902,4.131479039790452
4903,144.55040569266254
4904,377.4541496598569
4905,79.35379370521207
4906,152.33058838697318
4907,179.3894077778233
4908,4.309416791883105
4909,139.66369960475703
4910,151.68077014062027
4911,89.8802132174498
4912,5.639230577276757
4913,169.63755649260958
4914,183.56070849635736
4915,4.457266384373406
4916,4.788902936309763
4917,6.436591133636264
4918,2.6309092887486263
4919,-9.27875987483477
4920,2.1890024489290987
4921,-8.255230823923409
4922,165.68556377317265
4923,204.65787974943566
4924,6.496416455024515
4925,2.3596746885995676
4926,1.4743728101955555
4927,5.425075794831281
4928,2.97515470861631
4929,75.10777025095204
4930,105.75837548827653
4931,-25.06803200393449
4932,5.773564607961839
4933,229.43929585962474
4934,-51.537043099094916
4935,49.14233077024852
4936,252.8371556128498
4937,26.78346038229236
4938,76.34770250205113
4939,59.1194109145587
4940,3.7737992744952287
