id,target
1,4.31004267808582
2,2.6075462601009693
3,313.17130175721087
4,-43.355513229428645
5,4.312714392460051
6,6.686581218814839
7,5.117931098093613
8,74.48687516541088
9,76.24235576702729
10,86.51307304945374
11,38.46736718781237
12,1.2203568366948643
13,257.75760521653905
14,190.11143671863613
15,3.517977658996519
16,274.0480950378261
17,3.023551699671856
18,89.73817765296468
19,3.439945354831265
20,6.681302361258862
21,-60.663667484628064
22,61.77053762489575
23,4.045237768417768
24,2.7732001478932267
25,39.40106625795778
26,91.48332243213605
27,1.4204144549037103
28,159.59143196953295
29,45.169938393847595
30,3.234362137967418
31,6.433189215653836
32,29.951334288985556
33,46.28695853222487
34,3.9040800666030444
35,2.396808360237177
36,6.605622264691457
37,251.518484438478
38,243.1083031729382
39,61.6688726768205
40,143.1654170862435
41,-42.444336223640896
42,3.3838016531281117
43,5.751384790915214
44,4.517750596283641
45,143.31836738271562
46,55.37206309994572
47,2.8276737673050323
48,-92.2943755469592
49,4.116787148680719
50,1.8357762814451368
51,269.4789244450723
52,3.2328175888305153
53,2.719977329919328
54,96.14322622174058
55,2.8991875590636664
56,3.7669902782851388
57,5.721430705956973
58,172.3334807916496
59,242.86524256176003
60,6.791084885224496
61,2.359505008604988
62,224.13932966938648
63,6.693974862110304
64,2.590206969119877
65,2.6433606767330247
66,4.023348279482683
67,5.127711485233502
68,198.77945540331044
69,114.14195307820604
70,2.6152720428989764
71,2.562711673181361
72,2.1843345910062766
73,25.13552561905365
74,255.07534689471413
75,187.95602492879516
76,6.195042654634942
77,5.805503859049028
78,141.6334329616264
79,268.25691057749214
80,3.474513422878452
81,54.77197200881421
82,4.355024313512597
83,177.83661581842307
84,50.51733561996349
85,-9.96190077044981
86,2.2641736023586025
87,66.82141419032715
88,187.08989501335077
89,6.037607830647894
90,5.301444049811366
91,49.71803949628649
92,56.92106015245437
93,34.273375609779066
94,4.893795528567662
95,4.023310629164701
96,3.0338346361984985
97,6.889197884682374
98,219.9306404161972
99,79.0520158179444
100,278.5772864261398
101,5.209773193031403
102,250.68589858322957
103,3.6299216376246886
104,6.33535867433158
105,149.3878707036005
106,7.949354573901122
107,287.6249791881942
108,2.406243576196716
109,189.37226116865446
110,3.439268726082251
111,60.84585314948052
112,2.055931808192664
113,196.60994244433653
114,6.580451985141819
115,5.281816900483159
116,384.6356753171264
117,202.18533982548126
118,171.924738910988
119,232.67663619932364
120,315.92010530162895
121,136.33102540483026
122,3.5251722599856636
123,123.12042943547056
124,267.663380930229
125,126.65053787767566
126,6.322885374744248
127,133.11740114708613
128,3.3520533823981182
129,239.28244117526765
130,100.68821538180568
131,93.2295825898264
132,17.046653107652055
133,-47.641498182863536
134,332.7390183322417
135,6.238054673455748
136,2.1675317043381503
137,125.56788579440807
138,5.833970841376111
139,209.47187196738432
140,298.9022854663644
141,62.27820320885692
142,5.611784282926422
143,62.971021162904094
144,10.826073244022037
145,6.696874695104296
146,174.35523545415597
147,220.66222685252075
148,2.2385674719401076
149,162.28981650963803
150,71.01688531112424
151,284.1490272825647
152,251.8552962105061
153,174.1988903610245
154,19.577838061865876
155,4.440934375372923
156,217.2978617185075
157,142.99915663177796
158,119.45861251216242
159,148.39139772429277
160,6.298514429656194
161,55.46541282772082
162,4.574840611941728
163,260.084829481894
164,3.0206905933702446
165,26.84056611341021
166,215.06656807835154
167,323.0400843004082
168,6.9765061346253
169,2.18208305346805
170,234.6751768242313
171,3.0709171762018737
172,4.332908241550247
173,-41.2430790946994
174,3.8132880336651716
175,5.66497512026201
176,143.56408181145497
177,75.35522742814014
178,312.3382759491305
179,149.40418709946925
180,227.6538803887688
181,6.489872323706671
182,2.3705632037731075
183,293.19124880554176
184,6.587694046773583
185,1.6461906362177146
186,3.3111901718337817
187,2.9934348699692856
188,4.109540341204252
189,83.50341444882899
190,4.12718887209792
191,2.0907801663429186
192,46.65748601749214
193,3.5284990278806125
194,329.0073714990028
195,96.36026428507219
196,266.24548713047716
197,133.70745198353112
198,225.52640211323006
199,68.77440792677146
200,2.1067767151499934
201,3.3158696108782877
202,100.10305273371375
203,56.17737120496503
204,4.343811400020743
205,270.18345920911105
206,81.25686551163608
207,235.21146060519476
208,153.2582324986082
209,68.53655748054194
210,178.94723936041265
211,60.334321388812235
212,105.2851673222
213,261.71157227212615
214,67.55559970665823
215,6.543975418969451
216,170.28332016021832
217,79.67810142903222
218,170.75487591015525
219,201.47917955605774
220,5.689613704250602
221,217.11732225787514
222,170.27153322170577
223,2.8544115010247255
224,181.6460529201578
225,266.6511761381139
226,223.54845021875343
227,52.1734591911995
228,266.73349576184677
229,256.99614110191516
230,1.2505319991415975
231,217.7535355544415
232,60.01965758144032
233,53.832046545787406
234,236.14961840002522
235,117.6577382852169
236,2.229657839088527
237,6.1975927154507175
238,51.528075339774645
239,6.291100891106167
240,180.99502067448196
241,304.1462768103904
242,231.88643312815802
243,3.729232063260817
244,2.98868063922072
245,48.41731202023509
246,130.21409991186923
247,124.87595466077298
248,6.567560971050673
249,5.93108092837762
250,68.52526311267312
251,70.9950622263464
252,200.628593293154
253,7.716310845533738
254,179.12497471583487
255,-60.450573411965166
256,5.522880904630725
257,2.1327547946860523
258,86.33465672906915
259,261.03357598523246
260,2.3588467583832062
261,5.719640004940349
262,6.265829970371028
263,-40.47923869804462
264,3.8936557138267682
265,3.698632182991079
266,2.059098979237866
267,3.2279563034599064
268,1.6617153233177435
269,199.53300197520116
270,2.8835927571319133
271,144.27178259642608
272,100.738978723196
273,4.64941167963214
274,5.10934737921134
275,319.2623116162823
276,182.76082221841412
277,224.4121082209935
278,-63.68875492519873
279,4.229935507217333
280,187.34386044064544
281,5.289702848357926
282,173.59562793196895
283,215.1769595186156
284,138.35665806410995
285,249.29271195275496
286,138.79998647109778
287,235.39484919176516
288,6.216527407025017
289,110.21853389948942
290,4.671325678298615
291,116.77641052657593
292,3.836639756834356
293,67.12576044128994
294,115.94022657813441
295,4.984325386101095
296,132.19737551957047
297,38.21968809926223
298,-33.18139726819145
299,219.50590581899888
300,5.867135402860536
301,4.053348838243171
302,5.099422183553784
303,4.350808932353456
304,3.9402240261926122
305,4.770759941061756
306,237.1019199975008
307,3.2763486570519325
308,3.2462872489333403
309,112.25595821834386
310,2.286815427649434
311,2.2544265853617245
312,3.6568691371963333
313,129.97205560909703
314,3.9580958349689723
315,1.1987257820621329
316,3.0364589638295287
317,4.38591346200817
318,4.028339496882437
319,56.55867357271098
320,1.8686901181654176
321,6.473887941721113
322,3.0443003912843087
323,1.861069655851935
324,2.5942572496410317
325,4.2078354586343245
326,4.90386633937597
327,43.02596995146048
328,4.371512292438913
329,79.36290513949132
330,57.53061378067427
331,23.834445663570484
332,5.607639176242508
333,3.0087435495969856
334,6.716964379854071
335,151.7000329798584
336,3.6318592988855465
337,2.2979607659985364
338,137.46898390805998
339,50.08908664371082
340,292.69085520927473
341,121.39495068962985
342,73.95323085564475
343,3.6816447405661408
344,2.566764610622728
345,127.25738409346717
346,2.7362167038080423
347,4.861361528818087
348,52.240567847012294
349,-41.76939626652576
350,98.89651788772235
351,242.24364548882943
352,28.294070782637483
353,1.3516483630001326
354,5.932561911433364
355,314.6033837355971
356,221.55605142549624
357,3.048791199350211
358,84.34656428636177
359,4.242236195989607
360,142.93948734061783
361,4.656259431619335
362,5.831216258107528
363,0.7097490119593752
364,4.140596465758405
365,5.2969544256811245
366,73.89691965331421
367,4.5724826686955025
368,247.4118169465398
369,4.819933287048562
370,-39.11516030203659
371,259.3667746022643
372,36.48017278842855
373,138.5615234582658
374,-10.540280405289684
375,118.15135244156635
376,2.8750548503299465
377,3.087288473045393
378,3.571529761358012
379,3.35880339238588
380,0.848488614882493
381,6.027470241227945
382,6.001021572779251
383,129.16598401496975
384,1.7280895290359004
385,4.090124303272027
386,270.2357656893616
387,3.064277647361579
388,4.069568709730839
389,46.4312896162298
390,5.096487182498922
391,167.16225748208586
392,6.451340782711442
393,3.9611635984256868
394,302.8167266900716
395,207.27544728866815
396,3.035345159963191
397,1.7815618880627284
398,6.490960725487816
399,192.91522008656113
400,239.76581010481442
401,1.6752287270883204
402,6.294331231502438
403,5.023674863331129
404,5.754525582749359
405,14.992302066171778
406,7.002001512569231
407,-63.00721868371869
408,3.9856973065238446
409,3.3927823781186905
410,3.856339182744145
411,2.5245529916565905
412,-19.932462304323067
413,334.0089918463537
414,5.8623538495057606
415,43.19695284682089
416,3.1124650977767496
417,6.723412999758985
418,5.630358566283181
419,5.471350335944705
420,4.561077124099008
421,150.62357720925752
422,167.39398812712227
423,149.1486021192121
424,158.25659787512566
425,5.729962915572987
426,246.6434905828214
427,3.080710270437415
428,220.70430087819005
429,2.875330461207443
430,4.481382808465754
431,267.70183506416026
432,157.51556554850282
433,9.738066876069984
434,6.130634667806095
435,49.20724964408416
436,263.54573922134426
437,208.75533038503139
438,173.55924743320384
439,5.823231872744778
440,258.620817475829
441,213.90553153234828
442,120.82388798898334
443,318.43056443861644
444,5.507346933824179
445,6.223690151366481
446,68.90975659358902
447,1.3100134641707877
448,6.246390922583368
449,309.6983786375179
450,270.0425630250245
451,152.88569493143666
452,228.81934367098168
453,1.867355627294627
454,3.788414266414862
455,132.24847616046657
456,3.327625960954154
457,4.867062750590109
458,263.42978559419424
459,76.54707296211886
460,23.49606107861056
461,105.07172042078496
462,5.919466597204867
463,192.00478377530143
464,5.321579364214825
465,144.51914359377756
466,82.55133896699226
467,2.399491905261981
468,5.363134375418039
469,27.950607725184103
470,34.05959547699869
471,1.794985929094001
472,1.9336814084964278
473,52.112357717403725
474,6.11314784312015
475,91.0971849525207
476,6.272003360230588
477,1.9890403653995674
478,4.4884201340319
479,212.78671568524368
480,4.098372322936011
481,6.128050073072527
482,213.6852019951712
483,1.7455891647135682
484,208.53657343535028
485,116.20548818128137
486,4.631546787669961
487,2.6038232681756543
488,200.86720321326817
489,2.564144602478731
490,4.5870680292042225
491,6.3680047810455225
492,3.8713401451144005
493,3.8936092566468625
494,235.54704704419464
495,5.880329119724227
496,164.49847318309207
497,6.149976698854443
498,6.235410197372005
499,5.821072847058611
500,3.852801776508109
501,3.2480452695268354
502,315.5282568096163
503,123.99443501774314
504,20.973599830846137
505,1.7039858050111993
506,6.470873915348777
507,332.8059165013387
508,73.01008592087331
509,272.3404861089438
510,4.226296116655227
511,122.78274027309973
512,200.9844070896965
513,207.72926471940673
514,327.5958939879579
515,262.22259104527797
516,226.86889365676066
517,279.06173436555014
518,7.094948554244404
519,34.47699873083913
520,307.8892303845187
521,1.5479210461473136
522,4.0226097202857645
523,204.73278547694002
524,4.463313620987387
525,167.16672571342696
526,5.607751431955066
527,5.043030367058177
528,4.324721093166856
529,6.299671851406505
530,252.57645290291464
531,106.33549533144138
532,3.9186960598656517
533,109.24621457950298
534,4.305980389065336
535,6.991085083767247
536,5.926558084377437
537,1.7638097420692533
538,4.993856047803932
539,266.517371077629
540,292.32970467346297
541,232.0091165242869
542,64.0304232617411
543,93.98743048618377
544,5.0321249012865525
545,4.085635124565801
546,3.719726852149175
547,2.084851552539878
548,319.5863658952867
549,5.764167722078126
550,252.0147502731196
551,5.903235558763538
552,130.8239001482952
553,3.828905589764709
554,76.11790285576976
555,114.00839317456405
556,233.53119395881015
557,200.65358329588864
558,5.000370851758768
559,5.486125845996003
560,145.97030789447817
561,131.8509013543442
562,160.64766505393953
563,3.160196006550323
564,36.91039498822572
565,168.05143266719733
566,2.5449132295097634
567,52.777972737915476
568,116.46652336923096
569,296.49489117596346
570,4.154362015351887
571,204.80000807841162
572,2.9798033151870884
573,67.52318844158587
574,97.45584671872517
575,7.195982991696285
576,1.888492243897299
577,3.2234850176462118
578,174.7730106703719
579,5.974615173001739
580,276.7034347953087
581,60.281897873224196
582,79.9132688666172
583,5.246056532565468
584,3.135398043240118
585,155.40229279314244
586,4.723001722875126
587,218.70540717406223
588,3.08146210900709
589,192.12397607872742
590,277.65923258763
591,143.753474680605
592,6.613956267207177
593,246.09906531326067
594,287.7650645752874
595,32.05523782311452
596,5.304016216425212
597,137.89590228511133
598,2.5212395842160547
599,81.04467059508318
600,157.33796135991113
601,144.35266944930646
602,32.05267628545084
603,2.161882731934466
604,241.78330985634153
605,2.5620168155204213
606,2.889302064551865
607,6.811026140988485
608,52.24197775532237
609,275.87841262056406
610,37.54007351714179
611,68.65894907344736
612,2.2929448098188407
613,2.4814653754517817
614,61.67355009286122
615,1.9035367899391549
616,164.10010462311863
617,-57.79061148334884
618,227.97917589511457
619,4.6902372628362
620,5.7646169950381445
621,183.8481465677014
622,110.02866676121522
623,166.81108355119414
624,207.71871269213182
625,2.348424333782845
626,2.162545415467797
627,63.85761403779301
628,4.108507020829432
629,223.34677235604684
630,4.490875079965296
631,2.337468607266942
632,199.0079898185684
633,147.5326408162539
634,225.41798220392172
635,2.488421139360874
636,115.34132439924933
637,107.81214152187928
638,6.880417326768379
639,33.55226715753969
640,115.44656825941307
641,6.85653165976555
642,3.0581491296022385
643,283.4095944702787
644,3.480601381707264
645,95.40111387577538
646,65.89379662511078
647,188.62951209556547
648,250.32938924074284
649,369.336575198433
650,316.8116151729452
651,119.76022477851365
652,58.7689989104335
653,3.258392764152098
654,185.21066571788666
655,20.897968030731057
656,209.57032214451877
657,161.46337695116046
658,280.9234131954565
659,1.9062990018879604
660,128.19552829292707
661,4.114197515703414
662,129.52931260483197
663,3.4252688127258395
664,-33.34743907235999
665,90.88096369156202
666,137.19089299353453
667,232.5163779418442
668,342.070464001195
669,146.08052919357868
670,222.73070309394845
671,119.7632767055117
672,88.55536170097034
673,3.9063582556727243
674,4.988309562275761
675,5.8547673481368525
676,5.274634627835573
677,35.3299489857465
678,198.6558535828723
679,4.773801995576518
680,3.005893698876722
681,1.9849330702725692
682,85.52540197352067
683,5.272177540574825
684,155.7757960475436
685,215.09056717151046
686,5.951013120985753
687,359.2700086356786
688,82.52843775431293
689,113.14108086030413
690,333.9759152114675
691,3.7265180768562924
692,74.53010272064286
693,5.06767699599532
694,6.561740161885192
695,4.521277355128876
696,297.8888100029136
697,1.111206357175588
698,231.0079929450195
699,1.9672597713214925
700,229.2102526396676
701,3.631020454346826
702,4.423725667806369
703,56.59951095205765
704,84.44094270239812
705,154.73628806102744
706,215.08665349016763
707,170.52975849177338
708,62.49261392149285
709,82.66910360139856
710,199.54600880313342
711,251.14962004048715
712,6.63008531941106
713,42.05063241871492
714,6.792444626537646
715,244.36219982813878
716,3.060708296304003
717,79.23049925975003
718,349.522440026451
719,195.50129279880346
720,4.741540758344095
721,142.48675652667424
722,2.4380320417433587
723,6.155267397851949
724,2.2446763559813507
725,2.7055418664371924
726,113.64258883632479
727,249.02914489633082
728,58.5363919504232
729,59.6963046212661
730,52.44301322974225
731,284.44498553809694
732,4.520097429754616
733,6.6228943839263845
734,25.279858733164943
735,248.27732040904792
736,47.14199329645949
737,47.892772540876514
738,129.3374720143407
739,311.1762167069619
740,143.47736545279042
741,31.784636310759833
742,266.3428324745772
743,140.1392360425474
744,1.8028043291464302
745,283.1374936995757
746,180.15672851243627
747,3.6481301243959985
748,62.59878829426844
749,65.94922983829966
750,207.18209124446662
751,74.16088480173599
752,232.27973002703538
753,2.054708191200139
754,244.06424725180207
755,6.190331228149256
756,5.9496684053768405
757,207.14751531759026
758,2.0437910248615694
759,63.54886923572943
760,-4.002201981200666
761,218.25349671441978
762,5.187106905903054
763,2.00348035097851
764,67.65375109327637
765,4.6034666742152055
766,26.67395105065522
767,1.2776228844338129
768,4.946953009691377
769,5.812887678925772
770,2.010374175462754
771,255.54154745618325
772,68.67573847228883
773,126.53124166340501
774,-9.031099965862397
775,55.43592386257808
776,4.399285519520184
777,225.27345284046308
778,-12.525633762976796
779,150.78078551352144
780,69.45728264401166
781,306.8785035741007
782,3.4975900148771863
783,47.79235095347071
784,2.8154141358054554
785,41.93234995132893
786,118.95258773173951
787,5.511502256090026
788,1.9002853970892093
789,170.6628807261618
790,70.23147261158944
791,4.2262793002620755
792,114.75510219963991
793,-61.28774307962104
794,319.01630792640685
795,-45.138526747932204
796,129.4264041374
797,3.753833835087834
798,63.009240477872474
799,3.4654663892281046
800,5.85741221138697
801,212.501793038341
802,85.89474928083297
803,154.70400647226117
804,6.707936147772429
805,2.152630319282044
806,170.3017369222404
807,2.687483884194263
808,75.03806502700002
809,1.5652682042493653
810,46.79589202680089
811,243.60903614301202
812,91.62161926880505
813,295.04062830358976
814,5.836749303108849
815,4.690990542143865
816,6.913494049440588
817,3.1480447771897917
818,11.657379700855255
819,5.369458880850893
820,76.91157030408267
821,5.607267977459296
822,2.0341683406266737
823,44.51999060615308
824,71.77232871592466
825,7.178111656151666
826,74.4625824428173
827,4.2476350731114625
828,6.014243917680705
829,40.57552125074244
830,181.62667700727349
831,105.43581310782946
832,6.0714875580654395
833,255.0519334492326
834,201.1559022902419
835,132.6656902867564
836,2.1610429291989863
837,71.2857246089767
838,152.07982905943388
839,5.81484918877958
840,176.46533360383003
841,140.5805138758644
842,67.76035124024114
843,2.241451935401311
844,3.08781307522263
845,5.349032906744049
846,6.216382888764056
847,5.476557288559002
848,159.30725486918664
849,6.070184771915022
850,78.15376409277458
851,31.059166800478838
852,30.30717961991194
853,95.27335741323905
854,19.655486030399278
855,6.865727663134905
856,236.97416934289677
857,112.5432179052934
858,66.8951834063686
859,200.7246874377942
860,2.1046509004781075
861,3.558378305035392
862,2.929605529667918
863,108.83153332133739
864,241.51832768651403
865,263.4670892606424
866,205.26696877284468
867,5.582880375705341
868,122.31835433807314
869,131.5100485012261
870,138.80277412932176
871,160.84749864714001
872,141.47044899166977
873,3.038484058113415
874,77.88909195303312
875,6.327580381580306
876,105.35382542825144
877,45.99901483357629
878,107.80352141680324
879,5.391343437644948
880,6.8194491804195785
881,160.32683911947876
882,5.664731971631437
883,248.80078570355408
884,5.875206233179041
885,172.8443536451271
886,47.331518799878985
887,2.583572092681422
888,2.096277606889199
889,223.32896682263302
890,4.197621027416717
891,3.0459456686627826
892,52.20678976901775
893,4.97378165409853
894,-20.958812411606235
895,3.5922562125262565
896,218.80008588590107
897,2.5064767055599333
898,220.9454689314501
899,-55.4980618360584
900,240.0860138071494
901,3.7543866287840197
902,191.86995690129498
903,5.026085313756524
904,123.04708636588659
905,1.9702103186495894
906,1.199337804359884
907,205.6780704854986
908,47.65899991896424
909,76.3581954948195
910,2.214880747777351
911,6.687694553458602
912,261.0609579844357
913,156.75904275650686
914,296.63669946048253
915,92.55842478577188
916,141.2527226514644
917,-17.846778198091542
918,2.5122428432256565
919,2.89154427575172
920,389.88378762514236
921,136.64477042962292
922,235.96947662688828
923,2.447862671488565
924,97.09280497744055
925,180.6822565675377
926,51.89535976231445
927,56.93644900784561
928,5.163239118230677
929,60.962514168470136
930,47.22451650287758
931,221.85273944814327
932,185.50460402389234
933,5.3257696090252225
934,2.1744521623522135
935,176.6691251860768
936,67.33254290744975
937,3.5761483746610194
938,4.623038356672734
939,109.13006868850331
940,1.6395853264198057
941,5.829247179730967
942,4.9379371711292865
943,108.00341854328495
944,3.7518590043334434
945,2.0033608563930936
946,65.48102520082648
947,30.52809494492547
948,54.82689998698575
949,241.72430761551664
950,341.31889914057615
951,18.550305505685532
952,-18.564769996939255
953,5.868223642016585
954,256.6554956044935
955,197.36893902278157
956,153.84754708176723
957,2.6878487486809677
958,2.971434336797704
959,240.25526257003963
960,54.28102645761942
961,168.1488567265916
962,3.6877825260324695
963,6.452303872539719
964,5.0035551547906385
965,6.556639245020132
966,3.9990972633220867
967,41.60616889010955
968,176.2338259645226
969,176.61174288087886
970,6.304565230244148
971,356.8390307340426
972,5.134005367136794
973,109.74499442962777
974,5.28136837060467
975,3.883835043448109
976,5.281893442129231
977,174.27473623442853
978,298.34453549403577
979,1.9778044784396482
980,1.8433132145632831
981,-1.3931355001875831
982,65.95637610207974
983,301.2307082889604
984,312.3795510389249
985,257.609985071841
986,108.62672240224298
987,2.842175138663177
988,245.45907123511165
989,339.6225238798517
990,81.98150565523062
991,4.334316300145736
992,298.7891462310532
993,191.35275889312805
994,3.1836013095226456
995,-7.384660071945231
996,38.79977627612476
997,2.094463524859622
998,41.2251934240866
999,73.12324862925755
1000,3.2197144145852565
1001,283.05444447878733
1002,170.9991813250568
1003,5.5200775323554
1004,1.3600962569817625
1005,1.842224154399441
1006,3.8824204397101467
1007,143.55534059805942
1008,1.9077044548302222
1009,6.45118196163204
1010,-0.08374194482136055
1011,261.8374091736798
1012,18.00142783329941
1013,196.71608255450494
1014,60.81287959279095
1015,232.6551677582388
1016,6.505036975823254
1017,5.250726416485811
1018,3.777669933049708
1019,6.531887809632885
1020,4.354213313999035
1021,133.91613751622563
1022,77.47957982017556
1023,178.39548808544956
1024,175.43888990692915
1025,5.2540016501629
1026,3.8597423182698036
1027,4.651479501090512
1028,91.56865752245763
1029,3.7558154030766406
1030,34.670405334339485
1031,259.0825436546304
1032,3.1275887652888996
1033,2.4492609096938276
1034,233.45624927867226
1035,1.8504249074464614
1036,240.06082594152093
1037,6.782138255999148
1038,55.99064514130582
1039,3.425603874584424
1040,-19.25355238800182
1041,3.3240195597006346
1042,4.42953045092742
1043,3.7275400030147843
1044,335.22162054820524
1045,125.64979856044457
1046,40.91225348615311
1047,231.98742494211024
1048,1.831770515473634
1049,2.7131146680968588
1050,5.910114379273532
1051,66.97752647937098
1052,170.4113500127355
1053,252.72094817475374
1054,6.34000550019666
1055,37.03214058131049
1056,24.697852826701222
1057,4.406071700818609
1058,2.8295187594358704
1059,3.031124407493557
1060,89.3488369349326
1061,3.5232952546076874
1062,5.707378914813557
1063,294.0802566952216
1064,217.83283864723683
1065,72.79651665557714
1066,262.1418792412465
1067,263.8597862828734
1068,5.624368124084742
1069,4.260625179489134
1070,316.81892614289546
1071,170.8110532034889
1072,5.38369983743895
1073,3.850586198571448
1074,6.234717631723682
1075,4.866889601547746
1076,286.13056564153965
1077,6.256929789118802
1078,136.5440279396479
1079,2.763305324692363
1080,2.3333340937684293
1081,5.820342271860503
1082,4.056186477354869
1083,3.3457762323507874
1084,6.169409590098596
1085,135.49399681192224
1086,207.62217436918579
1087,47.75101705091643
1088,263.2078475965572
1089,8.653564664530007
1090,142.46021098402923
1091,254.68974432013135
1092,5.8550566274715266
1093,4.003662797202355
1094,6.661850237497014
1095,3.3820410769454057
1096,3.4236299687664427
1097,5.22693661929093
1098,86.25669774524125
1099,116.79928401617315
1100,5.904658209656376
1101,4.682736482759471
1102,6.016663621432794
1103,261.0766024047533
1104,4.637401895749582
1105,112.16110624845462
1106,4.973303785817078
1107,6.149062218886182
1108,11.91229140506911
1109,119.66251414132634
1110,92.51323393823873
1111,3.110242316597443
1112,206.12950898997633
1113,2.6604579546713034
1114,163.33421365966578
1115,47.54143032459454
1116,5.30534623815303
1117,282.34641411354943
1118,291.75841238517967
1119,4.392398354723368
1120,52.15804601541674
1121,-12.179621036142045
1122,236.3984286158684
1123,3.3739344433973657
1124,196.42202578431312
1125,2.624778074780502
1126,68.66040637121107
1127,6.085050329611535
1128,-39.84771122566763
1129,173.36765811408188
1130,6.213788095740752
1131,40.37694067263745
1132,4.597187532094946
1133,-49.53335016048021
1134,174.2515389662248
1135,204.66543388095312
1136,-51.99924491518083
1137,4.053271940205949
1138,53.86353741660564
1139,103.68993106429924
1140,114.37970158013799
1141,215.9244735925693
1142,134.62216442343154
1143,5.873470968949515
1144,-53.657059782703094
1145,113.42005144997475
1146,38.026823141235226
1147,4.378010592224669
1148,93.15624055355202
1149,39.50978417690322
1150,3.9288445901709914
1151,1.3079941238398953
1152,3.6623041578580677
1153,4.234685992553561
1154,23.6159893717252
1155,177.5983372132554
1156,6.621734083016684
1157,79.95102715759664
1158,201.60045896177922
1159,104.48031336549494
1160,87.13666912395374
1161,1.7276869794755498
1162,5.484076086689142
1163,5.550618576244801
1164,4.7985145516732235
1165,210.48211093200243
1166,50.62203963677818
1167,-5.649789804480664
1168,4.879416008484272
1169,160.78519923447868
1170,4.8107530066125666
1171,4.5484525802556615
1172,-39.51310264396208
1173,3.8847630186158
1174,177.78366349598082
1175,-54.875607759551286
1176,248.88312018806133
1177,2.321262102181087
1178,144.70250873306216
1179,2.6984751907371107
1180,2.7037164635383553
1181,2.263491653547674
1182,143.5390765140636
1183,7.524419138592371
1184,3.7866810484665194
1185,277.14605468592686
1186,127.56399557150019
1187,4.077557661923284
1188,2.889651377499773
1189,132.9253598879958
1190,3.533915324785916
1191,3.130131581276677
1192,4.89723857774175
1193,163.82807481956968
1194,5.512005558414421
1195,2.1693740231083014
1196,263.2209497457438
1197,85.76514997974995
1198,3.2519257786691975
1199,266.11356912006147
1200,63.9977775683124
1201,213.26816725295427
1202,69.07721731585333
1203,3.019379810061725
1204,162.14862567037878
1205,1.8545439370723136
1206,160.83841700301053
1207,123.25123355623677
1208,217.80961952851635
1209,240.87579161398955
1210,210.17143551537202
1211,213.6800347772817
1212,6.096723239295969
1213,4.073134920249172
1214,205.90667660362857
1215,109.92860451317938
1216,233.48533935006014
1217,172.1096788995365
1218,-35.27558916282754
1219,6.117620431632389
1220,5.787165382853171
1221,252.43541913840505
1222,5.701528166940629
1223,2.642999166560804
1224,2.7013242905689525
1225,119.15713027125868
1226,1.4074152848418389
1227,4.687792672907346
1228,2.587841488578748
1229,40.56643735708613
1230,112.06290785271369
1231,234.61850735896525
1232,1.8505522310319495
1233,-25.819254903380624
1234,3.1798509264365906
1235,13.767644830335454
1236,259.6633677798539
1237,3.974374516650873
1238,2.4709725714980784
1239,1.6903165830358193
1240,47.034456739387956
1241,2.105957737680761
1242,4.317461572859973
1243,5.029263361314893
1244,166.0795570053809
1245,4.052659669811548
1246,259.8584478105524
1247,5.657979620291224
1248,125.34561041215477
1249,148.75544813187372
1250,7.2559389814301785
1251,47.77165108446108
1252,5.7421624513528435
1253,4.2114054198358435
1254,4.218306426561823
1255,47.4641784063501
1256,79.52552582443576
1257,129.1105788349205
1258,263.82125906542353
1259,50.29007679291884
1260,265.32399441063694
1261,5.881827274906859
1262,5.431981798796125
1263,181.4903928011213
1264,2.3247457587568845
1265,55.931121001188444
1266,123.32854878034462
1267,2.3821273837160346
1268,6.236357111926491
1269,273.22138617564525
1270,-61.67083801492137
1271,234.70019842965434
1272,51.89536007752768
1273,19.454694985835033
1274,188.78668476387818
1275,183.5108595392715
1276,41.02321792715806
1277,3.928601081909571
1278,1.8825019639577316
1279,3.837395384635583
1280,-61.337570308062865
1281,3.512217641719282
1282,89.82765990372113
1283,177.75150407526547
1284,2.861220452116175
1285,-49.853539667824634
1286,2.602821439877907
1287,50.95148285272169
1288,131.59806758786263
1289,4.165132772498698
1290,208.73463276533153
1291,3.2542787889551392
1292,46.08391444108636
1293,109.93031373763674
1294,257.8067223118969
1295,168.62009030100626
1296,6.350960848145396
1297,62.23816016032632
1298,-7.4902396398463855
1299,5.79965118107598
1300,172.08728722943948
1301,242.52132414916485
1302,220.20615884899917
1303,6.06477770559245
1304,3.6192150585986527
1305,5.109937843957571
1306,59.65457756862938
1307,136.1167109422791
1308,1.891531545300407
1309,4.929173549569711
1310,336.9143465847736
1311,2.762409106094311
1312,6.426837953810233
1313,34.43884594679317
1314,160.6292280912037
1315,161.27073766559658
1316,259.6889832927233
1317,65.20523821447455
1318,2.0356584541304406
1319,204.66784579932622
1320,241.68118335777416
1321,25.66225056146542
1322,52.27441159837511
1323,248.70325538369917
1324,238.5157853778676
1325,45.57252158217931
1326,59.50081420114877
1327,250.15014726560347
1328,3.456433918950717
1329,6.013775791023665
1330,124.40325426580031
1331,-15.084772531918277
1332,289.60611740283014
1333,1.6960086304215192
1334,337.7336544038702
1335,1.8534039223049563
1336,114.03712000525029
1337,26.38913945493836
1338,241.82708065228047
1339,6.541759724829264
1340,188.22713005013986
1341,236.7578735979739
1342,183.21679002086216
1343,47.038467790850035
1344,126.54093074185677
1345,2.9556028640748604
1346,48.41339050034601
1347,92.08019865710548
1348,2.926698457648672
1349,222.9866181100117
1350,42.582897485334726
1351,226.39457047978732
1352,2.596933534782387
1353,14.587879344541703
1354,4.855760149026944
1355,5.92083003968984
1356,3.845919762199813
1357,7.241577704504088
1358,6.68857602268374
1359,1.6673987663416017
1360,297.8480862217901
1361,4.282367770366711
1362,6.354300422957678
1363,72.93600318280502
1364,3.475963470465987
1365,5.870264509505642
1366,6.400517231688969
1367,5.86832144601648
1368,1.2625439384797774
1369,183.79373621558003
1370,275.944614299068
1371,222.1940729065166
1372,32.703876578530554
1373,3.897327309956106
1374,187.98433301505668
1375,168.464203631641
1376,5.450599032238138
1377,4.704899341345936
1378,113.92979638290136
1379,86.07398040700579
1380,92.61073754849221
1381,233.69483472670834
1382,84.59249017149784
1383,62.27817303321416
1384,-8.343978747477063
1385,171.26777053301765
1386,2.463661766763039
1387,71.03986171802876
1388,1.6465176967134199
1389,213.74137305882624
1390,172.14648785191102
1391,92.00710330935688
1392,52.11761249528119
1393,277.1314418912126
1394,-9.998917423412754
1395,36.778986316980586
1396,168.8508768584565
1397,5.439822672937446
1398,204.4506096493104
1399,1.7097971728026389
1400,88.62823744106855
1401,321.58127523746833
1402,59.53067683617671
1403,278.6720940764099
1404,90.55255421668339
1405,122.23258099628386
1406,1.9789428553186734
1407,125.32109330582782
1408,7.543207316039892
1409,3.4364787060140713
1410,254.0297421289883
1411,242.96807019265538
1412,-31.650281341777124
1413,127.34249928776909
1414,255.24140117244156
1415,2.09528413592741
1416,2.5202092241108742
1417,4.328028601763127
1418,312.4312448886513
1419,159.30644634111528
1420,4.606991178155548
1421,44.961191188423186
1422,6.645664209568954
1423,3.220477315568618
1424,5.668723980356187
1425,2.479282646621459
1426,-16.978229306841648
1427,3.5606958019103425
1428,4.655296781261845
1429,4.252031731888328
1430,3.9995123408153495
1431,6.395605555961486
1432,193.4522435143964
1433,2.725212739636445
1434,5.44786393862695
1435,4.630957036046274
1436,-43.87401813756806
1437,174.5902269566621
1438,117.38275288871077
1439,6.368922747922701
1440,2.616617413715769
1441,112.78603334424936
1442,192.60545136277037
1443,52.27800504964636
1444,5.900132590102114
1445,61.16921875860888
1446,273.6673988732923
1447,237.8616110716667
1448,-34.162828889972
1449,5.872163613500045
1450,272.4971767222116
1451,155.73863185693608
1452,5.082022267925806
1453,5.561385183569186
1454,186.23653096240804
1455,72.94386461958001
1456,-5.549000680016862
1457,7.854727201423875
1458,4.8107034124347745
1459,293.60588167930115
1460,330.1207545235584
1461,177.21331030904832
1462,-0.3632780180922608
1463,68.89883818260418
1464,5.836749303108849
1465,3.185599262571313
1466,235.44404696666714
1467,5.774642808343643
1468,5.446901498566998
1469,25.9579798220799
1470,3.8038539249492995
1471,51.248639953846045
1472,6.725465350039904
1473,2.5076365760074655
1474,245.2369877784571
1475,94.03790984161415
1476,6.684602892522422
1477,2.6897296886332644
1478,107.8860668947234
1479,4.952057159305771
1480,114.38495995993873
1481,5.71877935354893
1482,167.8307533279602
1483,6.1654075987676435
1484,240.28458040994755
1485,173.44931277496397
1486,7.194341095295496
1487,3.5021251922537373
1488,65.25983289907552
1489,-15.99651663891115
1490,102.86156472072811
1491,3.5553592499781796
1492,2.0490179052008113
1493,7.125556454220526
1494,5.312068537472464
1495,30.04201238349986
1496,7.337419779876972
1497,66.80604131989239
1498,6.036717500189587
1499,85.39102309762525
1500,7.141004679913344
1501,5.814249165097236
1502,100.95304361826197
1503,5.723760746507936
1504,2.119560255675397
1505,4.539966177201115
1506,192.89112529614113
1507,46.62665190013483
1508,97.69345856813771
1509,62.82862894608225
1510,3.290435660938427
1511,2.0025289463495337
1512,61.19742958439277
1513,5.53403452911578
1514,258.6124578766044
1515,55.07018691129624
1516,2.8149408067050183
1517,343.6667561429068
1518,4.436910058042942
1519,253.1281807078973
1520,5.129260875110615
1521,50.690470949617875
1522,5.0151390147535775
1523,2.912762899582345
1524,129.3803928925178
1525,-38.31288756525454
1526,2.809101534139012
1527,5.847232318431808
1528,3.366769656963775
1529,215.0574545846132
1530,274.531992022082
1531,3.2868504814113457
1532,5.623987530598198
1533,3.3765772092524045
1534,-9.077345478314752
1535,77.87661013846072
1536,6.000716354059515
1537,2.5314080214022345
1538,297.8518428535933
1539,171.66289240306946
1540,2.1597985731822082
1541,140.50463388490374
1542,2.885311614981832
1543,17.86904169783834
1544,7.753198224166102
1545,3.5453812164781717
1546,5.813360062442312
1547,-25.46884363183175
1548,204.93246370668905
1549,44.44727387174879
1550,3.50373606104603
1551,2.331095782204834
1552,234.35543595526684
1553,6.2373110604941635
1554,272.61522301071545
1555,130.7542261210017
1556,4.076331499737932
1557,13.7872998185028
1558,3.6112688769822707
1559,240.43893592710197
1560,159.52928931815214
1561,195.97175104908683
1562,240.03295988348682
1563,116.47437113238998
1564,3.215885601371314
1565,94.30719589173867
1566,3.539346688331617
1567,16.688494539045262
1568,104.1241648888505
1569,14.49701269036166
1570,289.7973333997001
1571,3.4324077186424393
1572,82.07244514706879
1573,2.114522597438372
1574,4.2483120805550785
1575,5.9677226898054
1576,4.201052061967484
1577,5.6746250288026
1578,85.26707577688798
1579,5.255996574958732
1580,195.5512555286346
1581,232.39385460416332
1582,6.7521160971272876
1583,291.48907446803696
1584,305.11964886071206
1585,6.266613509556962
1586,4.9404870847172475
1587,66.20833317985112
1588,283.2320472529975
1589,6.983503002678681
1590,6.019354543774256
1591,158.0720795273778
1592,7.145660094267764
1593,127.29161376008862
1594,147.0750920385107
1595,120.60471044020045
1596,5.950279958163724
1597,64.3386814005103
1598,6.395123094113761
1599,3.975039663198927
1600,4.4005894053182955
1601,2.6494543339535443
1602,5.996399100871448
1603,257.4632803848988
1604,55.82479761555571
1605,117.0899494645902
1606,262.4668362493645
1607,40.82622475895538
1608,3.515866605694661
1609,6.611935696204813
1610,3.9601863402167545
1611,194.50599638154972
1612,87.53078372147245
1613,2.4237884495399116
1614,272.72691910613787
1615,5.958641617231467
1616,3.8687530839996493
1617,190.14992212488383
1618,224.4371566536126
1619,12.450825225406682
1620,78.96920095974119
1621,2.6642839724380325
1622,2.787642367946235
1623,2.705040948057569
1624,243.91810674039772
1625,76.73926276162733
1626,1.6827067246978746
1627,51.167716296610664
1628,3.6640513273219253
1629,203.87867745582548
1630,95.03400839554078
1631,3.996744569053738
1632,289.92665421761
1633,5.036589525913037
1634,4.239918279822665
1635,3.5153372497051754
1636,4.866617934666794
1637,6.573022109822418
1638,202.16644608695384
1639,63.8838878650997
1640,4.47134828019381
1641,316.9899047386441
1642,144.67676400412148
1643,198.2498923289593
1644,121.33278187243323
1645,180.85617615113512
1646,6.262984316129195
1647,6.512538335733774
1648,26.576957130993087
1649,4.425046601125736
1650,99.06929786800717
1651,6.586788158983092
1652,6.736712918868281
1653,223.82120634171088
1654,6.564446288154505
1655,311.3473771865921
1656,62.0763524752722
1657,1.2835521264966583
1658,285.6542865607091
1659,2.206150045374339
1660,-0.6145914798125567
1661,6.981873089075676
1662,204.9836007991819
1663,5.8746517678514545
1664,137.89729410358558
1665,1.1939276066859392
1666,65.68581769944714
1667,-57.97693312611089
1668,249.92361598034648
1669,53.06193505118617
1670,1.999064671460155
1671,2.478564715427925
1672,5.352718263696677
1673,4.490064357963837
1674,144.05481332239188
1675,2.1762609780628455
1676,-49.93249169471705
1677,33.631773507481256
1678,4.384731863837343
1679,226.07723916485932
1680,93.86100083070573
1681,1.793639363601575
1682,3.1849863823264717
1683,77.08795694507882
1684,18.756155281258803
1685,6.668477983208437
1686,138.9012027923632
1687,7.323326814961103
1688,178.99901397942878
1689,281.60420484746936
1690,3.13333782190044
1691,3.6864856794766108
1692,4.245539704081696
1693,2.626309265450383
1694,76.84393349192652
1695,216.74434702726117
1696,124.08131780235013
1697,2.3868835629062017
1698,219.81732438515346
1699,186.50988606592674
1700,121.91827182369695
1701,265.8677775197581
1702,-56.94379054200924
1703,5.946269221047077
1704,5.564232929237169
1705,3.114585290708243
1706,109.40010031298648
1707,5.594978598858946
1708,74.6600925391724
1709,152.2694938497447
1710,6.293060517295938
1711,72.03363103349508
1712,1.8879208169621888
1713,5.880427780724885
1714,-58.18440255388741
1715,5.053581202392714
1716,2.6895353237060826
1717,25.41548939273619
1718,122.76202755161225
1719,30.010246413451796
1720,6.253350255229825
1721,241.98992222636366
1722,3.5119313276578517
1723,162.15409230489703
1724,141.472688011478
1725,3.692263432978202
1726,4.123894033745612
1727,256.8856222392594
1728,4.135725580627472
1729,3.6531704826823743
1730,49.239174309418885
1731,213.14948801530946
1732,4.8031015547144875
1733,363.3084056942036
1734,265.98402243173706
1735,184.67632465176993
1736,3.3233380727109143
1737,304.11414705695336
1738,290.55895669693814
1739,194.039126048207
1740,84.42902242335194
1741,134.09694216387896
1742,244.0276366292946
1743,5.195855297615215
1744,121.22011119706454
1745,66.68720922728535
1746,3.557669277134706
1747,7.580770882338099
1748,194.88960757323682
1749,3.582056294749806
1750,98.21853113788443
1751,37.46216886121796
1752,7.013860087046832
1753,6.005536248238588
1754,274.2766789039666
1755,222.6604253646606
1756,1.9096310549830637
1757,216.96665666800442
1758,325.9017356145628
1759,4.715612332889136
1760,280.709797832326
1761,248.64967798472355
1762,20.012358859055077
1763,44.6103719805757
1764,28.781897232337172
1765,4.805365373266077
1766,230.1727231438882
1767,185.43859929617648
1768,5.833576870400234
1769,74.69869205516592
1770,74.97346770089429
1771,2.7535126053074284
1772,224.8008760230461
1773,263.4599026001582
1774,6.543635523939065
1775,280.08422470721746
1776,2.757542637279067
1777,15.052730314684666
1778,-2.8693337764905746
1779,-24.844228068767897
1780,110.66339512370016
1781,5.721155492681218
1782,187.48685133126298
1783,228.01156935631934
1784,4.243749285222147
1785,46.76551228654915
1786,2.81661209720229
1787,73.9519981032901
1788,5.1664107747506645
1789,2.5856784903725405
1790,41.81995582941446
1791,4.106979047926972
1792,2.723730278686066
1793,2.0862692137632335
1794,171.3059618181764
1795,190.21476878304327
1796,261.1539211895623
1797,141.25815892155444
1798,6.364417449618813
1799,212.60509087136117
1800,133.61013304758973
1801,5.132756252444979
1802,2.1918503703854113
1803,132.09232613363673
1804,4.113758117017515
1805,176.0625881085118
1806,5.57984581508021
1807,291.9382319514545
1808,173.23288835253163
1809,62.5125817709245
1810,4.365525901721059
1811,2.874183735884984
1812,33.12979327435347
1813,3.4904759511902013
1814,165.41953441398488
1815,265.8857884666674
1816,5.482091529547967
1817,109.02683829257865
1818,67.64690719533333
1819,230.80323254600998
1820,6.267219484661747
1821,3.2833022996967935
1822,271.6124677746844
1823,8.456227654265858
1824,72.95507196939897
1825,2.2593454275683076
1826,6.076360423545543
1827,4.452881977876363
1828,2.1072494658567336
1829,208.89547387171618
1830,235.03361199004678
1831,6.761609871943389
1832,45.87839035316824
1833,3.446350251653067
1834,4.160736141046856
1835,105.25401404418997
1836,6.330019146250738
1837,6.053626369502046
1838,5.874651803118392
1839,116.92259143802364
1840,-15.711356166345656
1841,-93.45829261013142
1842,248.279202241009
1843,178.39423009796894
1844,255.24140117244156
1845,170.74987237612243
1846,47.97273179587413
1847,256.13637320830986
1848,121.70616069544931
1849,3.780321400366992
1850,5.413771889936696
1851,-77.44379922029955
1852,6.300802602725947
1853,80.68105874362887
1854,73.9338039833119
1855,5.529863932094587
1856,188.46672063237557
1857,2.627868805873299
1858,5.038014576108083
1859,6.2773562043584334
1860,5.711026518787024
1861,146.63935584819143
1862,6.263678481906023
1863,75.02242318159142
1864,69.34702961953008
1865,215.93069775938653
1866,132.74260598380422
1867,99.88276853148056
1868,274.8407005804958
1869,154.01589456368544
1870,3.4866591214814844
1871,221.2722696376909
1872,39.93011705596958
1873,2.8945721996504554
1874,24.738874352393694
1875,95.00886763063414
1876,2.893434651619038
1877,2.5028039762539285
1878,61.672993196413785
1879,74.7426698056747
1880,253.8072109989916
1881,5.606623711647369
1882,104.58138808576646
1883,6.244533733632615
1884,84.96033750322198
1885,303.6034386770973
1886,281.5084241362973
1887,3.373701428289751
1888,200.71132594636896
1889,237.17446766302714
1890,2.5302321660373064
1891,242.5969650590469
1892,218.95455572941043
1893,4.344483660551034
1894,2.043154305361209
1895,16.9704155173468
1896,5.825293519917109
1897,66.32690737558613
1898,-44.40901065038048
1899,3.0544206460211387
1900,5.841935011300335
1901,269.7380292067992
1902,221.8136959405656
1903,-66.24913011952897
1904,80.90672506444616
1905,65.06955210460873
1906,180.10000010796287
1907,6.704496245271855
1908,6.00365224869695
1909,117.17430880111657
1910,5.578891427403043
1911,5.349620178595205
1912,3.7317096280128563
1913,77.37052182253677
1914,-19.180815256913043
1915,7.190074755941369
1916,1.33536509224272
1917,2.7643888214222354
1918,159.81941958455926
1919,4.71197478731997
1920,4.777302239206757
1921,71.69382216858867
1922,3.1159554960466167
1923,6.618320826496406
1924,2.6750504513665008
1925,4.170941450621197
1926,88.22744727284021
1927,155.26266508002442
1928,4.165981267106058
1929,47.79234937740456
1930,2.7097776045484556
1931,5.981276917652673
1932,4.810226087300073
1933,2.8982950311049045
1934,251.84002763115421
1935,6.2067134783681706
1936,4.983032464204189
1937,37.20340886207992
1938,-20.339650583766726
1939,2.7861223869796365
1940,262.1919979093091
1941,3.4960017388052798
1942,202.89613079785454
1943,3.762295017103458
1944,231.3597250996753
1945,307.2807969222813
1946,5.851373009438499
1947,103.2460096335989
1948,5.491571201264929
1949,0.705890252451896
1950,33.33095153635055
1951,2.5042085670782055
1952,49.20525430714549
1953,384.9840096356206
1954,2.5684448635966484
1955,109.41607026348504
1956,2.021564105728083
1957,121.07423492230382
1958,3.9807754995811764
1959,176.6183935085445
1960,65.47706794856673
1961,1.100610574726785
1962,4.24120123268499
1963,3.310241063974257
1964,4.949996803924271
1965,97.42360237816689
1966,3.464562317693136
1967,4.7876387973243855
1968,265.6344125151712
1969,74.71228462455396
1970,5.755517535041793
1971,2.424254415419423
1972,104.86790581387493
1973,-14.049361865794806
1974,2.607353555222339
1975,2.850651782411461
1976,318.73356419139355
1977,1.6888021981923302
1978,216.785588069622
1979,97.25787850596308
1980,269.55644831103507
1981,167.00969613909876
1982,120.57162821292138
1983,88.56158969984874
1984,8.217490239438963
1985,4.545949795699806
1986,3.9728171866863633
1987,6.330706841453853
1988,1.3085834172183421
1989,5.690077840822314
1990,4.806641781526889
1991,28.278159733230215
1992,4.0079873636837
1993,21.948414500407182
1994,2.0944759927197834
1995,106.333610729919
1996,4.020847731869639
1997,2.6680079053043673
1998,5.374862243772164
1999,306.2945967891427
2000,5.87026454477258
2001,272.43612836062226
2002,-40.508999498978376
2003,6.723412999758985
2004,329.087921131772
2005,64.32212786969548
2006,4.794787685503196
2007,46.56600563058592
2008,230.68930064911467
2009,133.08866671770207
2010,276.8112647756962
2011,6.179664318329455
2012,175.6066838168157
2013,-16.00911379646363
2014,275.96364985374834
2015,201.0671811732937
2016,44.011044876600835
2017,2.849805740036303
2018,38.43034674270713
2019,75.03022076901829
2020,6.7369257532155915
2021,4.421275784492157
2022,189.9423051179142
2023,91.36637284318579
2024,2.8730508083744404
2025,4.202559313330844
2026,88.7044334212483
2027,5.850394835538145
2028,6.268704832682726
2029,42.74610020217544
2030,301.63881547573146
2031,82.01205803018506
2032,290.6950458467168
2033,242.55569608682003
2034,2.617215262633703
2035,58.673291116687324
2036,191.82361701543954
2037,5.040759680514034
2038,3.133442338377452
2039,2.997716600478263
2040,128.91599613140983
2041,243.31723402341945
2042,4.208138701475026
2043,174.79054395469137
2044,2.796729593655716
2045,91.63939149258707
2046,286.74872998695395
2047,5.297200056439514
2048,-39.684550594109005
2049,1.665427538077295
2050,345.3117393228163
2051,3.7323246230715426
2052,3.478926385306143
2053,237.61287691515065
2054,4.415595253877241
2055,3.837208626334891
2056,-40.60778002475481
2057,194.2327986007567
2058,-2.2533333952356593
2059,5.406081413478183
2060,26.977492993299883
2061,2.251880463715745
2062,194.06327218651109
2063,3.508409640658712
2064,3.6961037173291422
2065,3.6754368773938504
2066,1.9299540611847976
2067,6.21091837629859
2068,3.1808486823221997
2069,1.7710020824175352
2070,271.51301393465144
2071,283.2320472529975
2072,4.621849507351964
2073,201.4128073058733
2074,366.7275764408503
2075,250.34088279482648
2076,3.448069478113957
2077,2.8472992507721164
2078,4.121809979914383
2079,4.0295560671950685
2080,2.6570864307732465
2081,3.1784410027702346
2082,5.577560006650422
2083,30.763557910266133
2084,2.542745354570405
2085,4.975540660702999
2086,127.17841333663718
2087,92.66879291423555
2088,19.33430126611747
2089,78.00209005000852
2090,250.73057796360018
2091,176.4167779016424
2092,-88.912869073064
2093,5.119279990785446
2094,3.6697647394542745
2095,99.417486047914
2096,47.85210929379079
2097,112.91677604014617
2098,5.7530556912355575
2099,-23.990234287144183
2100,14.478651332173643
2101,5.783705804712518
2102,6.463193823107261
2103,89.1620246374819
2104,63.713537454088076
2105,52.11290149459434
2106,304.11027981440094
2107,7.113987887357768
2108,6.958259548311359
2109,5.851549256914401
2110,245.249065486586
2111,3.5573202426047454
2112,40.54516699393611
2113,84.76042968853064
2114,2.4270277295265816
2115,44.67161640935335
2116,3.6388302700207604
2117,3.5796353712922375
2118,3.3765952141522653
2119,122.61161654832662
2120,4.410481652822771
2121,186.20841896333158
2122,227.16285392567352
2123,2.8613603324658543
2124,1.647317814950694
2125,4.500422304326637
2126,5.995189016280345
2127,54.573465227595264
2128,204.4314006162063
2129,1.81948864142037
2130,2.4595314132877473
2131,5.384554627217436
2132,6.032242202608361
2133,222.92807936063468
2134,61.7936379878813
2135,217.01232813949653
2136,30.674019133432374
2137,233.36368907611654
2138,3.387464937176542
2139,61.944352581313396
2140,56.50502402330242
2141,50.628660935422545
2142,5.6661560815084275
2143,13.888207817924094
2144,152.98599700092478
2145,46.83751017103875
2146,4.239319649316391
2147,3.8894602452594844
2148,69.00470880110831
2149,-58.445899215309964
2150,23.86861123373459
2151,67.59103433846624
2152,4.892711800065351
2153,3.252918460005235
2154,2.3250465290877997
2155,2.3287074969450177
2156,5.874651803118392
2157,126.81491330859757
2158,3.9483610703054195
2159,325.20930515544933
2160,219.9328482244618
2161,287.63282947833926
2162,1.8764986813744102
2163,307.21299503057764
2164,6.40867894790888
2165,3.1488579153360243
2166,2.4391610635946224
2167,35.49543582302777
2168,297.56754717294586
2169,2.450183186354674
2170,2.3671035582954705
2171,140.79198914032318
2172,5.498244759285395
2173,268.07817525601945
2174,251.93250471726685
2175,1.4329872661285155
2176,4.74548902682666
2177,-30.04059233088761
2178,4.037202429590185
2179,71.32734083465232
2180,270.96695555459246
2181,2.4012164756985617
2182,176.26320207760358
2183,174.09292272694464
2184,5.872163613500045
2185,2.4736770743109844
2186,2.7431127916125098
2187,4.6287860976014885
2188,247.89708145969274
2189,246.42241083158956
2190,75.6279504607394
2191,2.6698176936793927
2192,2.918339343498177
2193,122.53197488056207
2194,3.2556000718274323
2195,4.9599200315116185
2196,6.449566863670681
2197,1.960747237188379
2198,4.515100341673171
2199,3.0618248785897872
2200,1.7409632920500113
2201,4.208127514518203
2202,85.22376534102136
2203,2.6827194423928575
2204,2.0025797349971923
2205,104.26326480506175
2206,5.273452145314598
2207,173.42956366943204
2208,4.633550731879145
2209,12.575189865212414
2210,244.09131094999913
2211,1.72620672200923
2212,4.603306275061828
2213,6.496129808007558
2214,79.90175348329637
2215,59.473366283132776
2216,97.6449412461936
2217,4.632184642196308
2218,40.431837869961576
2219,2.6322025257242223
2220,5.632764105484786
2221,3.42756213916088
2222,-24.36866074829193
2223,204.89465779148713
2224,-57.95798053752044
2225,173.14695816429617
2226,-19.85734298193026
2227,56.292381203331814
2228,129.95739679645496
2229,151.4802897083558
2230,3.219074850188601
2231,5.3643757416486135
2232,4.385313688780684
2233,255.37714149804168
2234,214.21469439580144
2235,226.2719704603417
2236,3.3249611063844124
2237,3.9485927688706655
2238,250.53003103750092
2239,99.21685744163574
2240,240.31414418253195
2241,2.4648537567636213
2242,220.95058693029512
2243,6.162899906745898
2244,98.48034400528691
2245,230.68286810874943
2246,117.98473514330688
2247,244.25656880602975
2248,6.0620867141267425
2249,301.31176954863855
2250,137.92348698429592
2251,4.954509332721944
2252,261.6873206863679
2253,6.155139401092451
2254,168.54134354716058
2255,-91.23985006012248
2256,50.768169112588154
2257,1.7694812002367366
2258,3.1352317640654275
2259,78.35335001283107
2260,6.255478784316543
2261,87.08654425143399
2262,1.907599159292039
2263,77.23540990217076
2264,12.20619866101958
2265,52.19658304016907
2266,2.327321679869872
2267,2.8982311850753177
2268,5.3803686220415194
2269,3.830319403889667
2270,8.494471678435783
2271,173.18404277490097
2272,47.19004320385148
2273,3.3193852833468354
2274,6.15203961144321
2275,6.616263956437412
2276,4.5548962563862005
2277,2.809877537938144
2278,1.5910956326781154
2279,6.033494756084235
2280,2.8079400462563475
2281,198.04391294469954
2282,2.3589542130830043
2283,3.8599353597719763
2284,227.35924306284485
2285,2.949898381599405
2286,-12.545201669806458
2287,5.676613844664872
2288,2.7681525767584025
2289,5.8701288267609755
2290,-19.682200297764297
2291,51.689338453285764
2292,4.675620749202149
2293,1.9822007022025763
2294,15.185456750075627
2295,2.666616885098648
2296,5.104088855364614
2297,141.25698077854338
2298,-35.83682612213698
2299,80.74826062803389
2300,3.6620969510826433
2301,5.359377120205378
2302,-92.51963742255529
2303,160.60481173286126
2304,5.542956817404688
2305,64.91107271675497
2306,266.50184670371067
2307,32.186493926150376
2308,56.864525641316234
2309,5.922295073373432
2310,173.55924743320384
2311,-52.38966843427963
2312,77.42931425297219
2313,3.913083776305461
2314,4.761946063630463
2315,228.50283843568104
2316,6.757225405906492
2317,3.6504262969483006
2318,239.9489716998616
2319,6.4063039969575755
2320,96.53751272394469
2321,3.329122022079924
2322,236.4989151089432
2323,168.9660049887915
2324,2.0083735977018216
2325,33.08044181088522
2326,3.106481782868469
2327,112.2090364640411
2328,3.5657351627261127
2329,341.14007352952285
2330,179.74306923582822
2331,1.6683237798816288
2332,277.9021899210983
2333,0.5061645018731447
2334,1.5420441600101253
2335,5.342308573402374
2336,58.404016495983846
2337,144.23335070469426
2338,182.40201533114
2339,30.28348557616043
2340,42.53065138614997
2341,135.49692063662275
2342,2.2072922302519613
2343,6.172511215914843
2344,247.66281756745693
2345,5.934780077749899
2346,96.20123462285696
2347,122.12337982274516
2348,1.8492353274287028
2349,271.5425178589183
2350,45.2655352840715
2351,4.852342205715494
2352,4.930032604938087
2353,1.8635811030903566
2354,-11.168489251250952
2355,143.65700960734756
2356,3.7973918787312924
2357,104.68291737154838
2358,6.245581644390334
2359,6.770302937696142
2360,4.37747778993071
2361,5.358369572473002
2362,243.99613260878345
2363,4.481598629356265
2364,234.73054824512155
2365,93.86250144162278
2366,46.95185932753062
2367,41.89087432935385
2368,-55.28200424330573
2369,4.570345535813865
2370,233.41505743614823
2371,28.61302097728854
2372,70.55962418339051
2373,1.9693776053699459
2374,-60.23216333256018
2375,2.090601800418193
2376,129.20838258056247
2377,105.32270597431278
2378,5.340195873915143
2379,6.203506753716843
2380,36.36161812056973
2381,145.163762652198
2382,171.07214459104856
2383,51.68234530890543
2384,3.3092820203869593
2385,250.5156100803691
2386,5.836749303108849
2387,20.690698449190542
2388,257.9009755641015
2389,85.04179026414863
2390,2.00374461307253
2391,109.97359313888175
2392,24.624113988311564
2393,58.87954400321057
2394,129.5217794786318
2395,5.900523120768272
2396,2.5608098510438437
2397,295.1304758860179
2398,288.3197856060891
2399,4.457374325048667
2400,183.09726950638176
2401,68.50005412124361
2402,229.1314076993126
2403,6.334776965370512
2404,2.002409608815501
2405,5.146668912060882
2406,2.730844099098072
2407,87.1036491821529
2408,265.79681362625973
2409,197.49587741408158
2410,4.257109772923739
2411,6.55379541939148
2412,301.72514138691736
2413,-15.611841032309357
2414,4.139709905171873
2415,64.60975664890019
2416,257.34220553236975
2417,28.586511979108536
2418,3.1034918709315558
2419,4.109177566642589
2420,1.8469079388849627
2421,3.9718240300605085
2422,234.94977975885496
2423,2.374078804666107
2424,174.5859179678377
2425,6.162292974460151
2426,-14.98640399599233
2427,165.96653540629205
2428,30.12498258134508
2429,4.3445092914219
2430,5.949375436637778
2431,3.338062755334886
2432,318.83468266349564
2433,256.1429026368287
2434,4.083509987774265
2435,57.175933056290454
2436,228.43092345243528
2437,-72.9861128721879
2438,5.976798592076875
2439,7.314586930927556
2440,193.0926970675938
2441,6.345615124396866
2442,5.9238122542479745
2443,4.751333234781359
2444,-68.48299174454999
2445,6.326830694973372
2446,5.41911665125278
2447,239.76913919591857
2448,6.642741275681949
2449,5.949536230768074
2450,30.383743936290138
2451,2.827755916768501
2452,3.9301874462584823
2453,37.22434196093283
2454,290.01246413051604
2455,139.5447658343079
2456,3.5848322080309067
2457,253.36795967944943
2458,5.987223998389821
2459,2.7456826949696405
2460,5.9495778789885785
2461,61.49336838168917
2462,56.648711255066104
2463,6.254788818292009
2464,-82.69402486785285
2465,25.047194611592275
2466,204.2085929957638
2467,154.2437764981453
2468,264.20038970984575
2469,256.2305566735091
2470,5.869401612995878
2471,128.39366887323263
2472,2.7903120108195
2473,47.85490078563536
2474,191.39239364809384
2475,6.585711799412394
2476,106.35062378992794
2477,133.06195508561382
2478,161.57159046135405
2479,5.3001474875696175
2480,51.487238319485684
2481,59.090389148800824
2482,2.091909319228023
2483,5.05847443639029
2484,122.03822875926028
2485,130.39743755524245
2486,6.7526694279398045
2487,5.2326781964174724
2488,-46.57464659163269
2489,186.62035072728372
2490,5.59031239868642
2491,149.08681726389767
2492,53.39642161686906
2493,69.30168765816968
2494,5.807716514785104
2495,5.669114371004091
2496,109.32464485125848
2497,64.91823744670717
2498,1.8819623694943748
2499,6.714068116760597
2500,1.9008406852687747
2501,91.49135783121754
2502,241.16866743739348
2503,97.05583159798121
2504,340.6115305517377
2505,3.3666122410128576
2506,4.849315610587861
2507,267.8782191334659
2508,201.21153013657727
2509,103.60667188968543
2510,6.595840203084846
2511,212.13985845946374
2512,70.72780432348729
2513,140.18732849058472
2514,216.1598852359088
2515,299.7983628226573
2516,2.0529627183438803
2517,2.2708816511120484
2518,285.8173924444308
2519,4.484144682399188
2520,75.51326160174537
2521,139.70625848132124
2522,1.9320399327217284
2523,5.748935283675042
2524,4.7039978455334674
2525,289.02511947083343
2526,3.8263508199038325
2527,3.717028978116771
2528,237.27309996614773
2529,119.44792025194317
2530,242.79462693360674
2531,267.6335996181645
2532,57.255130329520426
2533,2.0955645412242165
2534,6.043166718956715
2535,5.87026454477258
2536,3.7700809424170627
2537,6.343775979803639
2538,5.9024455888076215
2539,165.10394313453287
2540,2.782432724693692
2541,3.666789771501674
2542,5.959633261449252
2543,5.276364147076048
2544,144.21869399184115
2545,2.4030254179508113
2546,286.1522742046511
2547,24.27586650038549
2548,12.268014195248611
2549,162.16761862011973
2550,111.36815893238156
2551,-31.741783316838543
2552,1.959537393744796
2553,279.7676576316901
2554,2.2629591082789666
2555,66.09361173917647
2556,138.91301533110783
2557,4.354341401046542
2558,9.765311963505171
2559,6.464040809168013
2560,204.8734278207451
2561,2.453470535979086
2562,214.86649736637463
2563,237.28993983185086
2564,267.4989301597914
2565,4.541156796863597
2566,4.629100096493142
2567,256.6130601391978
2568,15.029504675565189
2569,72.57822095401791
2570,3.6497795657262975
2571,98.91282273301053
2572,-51.03183883815337
2573,192.630119654396
2574,3.169745867587446
2575,4.64567896251334
2576,3.649281085723769
2577,6.579413642556708
2578,45.40073015991466
2579,6.068229925755954
2580,5.145206254540161
2581,2.869357891278117
2582,-10.776452856530877
2583,2.089046940399433
2584,6.577689265924735
2585,28.542509532763475
2586,4.732695730602448
2587,223.14795017865305
2588,194.56847580661457
2589,4.672270615092187
2590,33.72665324353057
2591,1.767619109529522
2592,126.13071756642906
2593,60.08956291138765
2594,70.45338517319166
2595,55.46692911004786
2596,51.42936900739563
2597,5.582524517634768
2598,6.337512555937812
2599,24.364206024098426
2600,4.49707182392603
2601,218.51289695318115
2602,6.113343482579552
2603,348.31217187596303
2604,159.5320760380664
2605,49.29731704492791
2606,3.9528037407145544
2607,39.34388944913468
2608,186.06528615376354
2609,44.68127253032513
2610,2.6788280930881543
2611,-12.373212132470993
2612,3.428774322859606
2613,4.412148176525835
2614,2.9399211000803738
2615,122.60003359768068
2616,152.72334174458388
2617,264.1509373688441
2618,206.31613733551924
2619,4.587404758767867
2620,2.483614401372799
2621,4.25068097931708
2622,2.6964585804166226
2623,1.2881849225221564
2624,6.777580830013493
2625,126.98016672434855
2626,280.56471827974656
2627,37.14945465821246
2628,124.38844419974963
2629,48.56481692637011
2630,126.50240852561541
2631,37.322251341317525
2632,6.1160689659106735
2633,290.49121876639794
2634,59.843953630240776
2635,139.42228600276263
2636,-37.44987677298323
2637,3.8143176907442435
2638,-68.16486431468005
2639,-59.19659524124312
2640,191.71440047782232
2641,3.8054980928086213
2642,5.754879047018198
2643,152.53987094284514
2644,147.18388690455066
2645,216.73161426037066
2646,2.1222773070492114
2647,3.394945402701481
2648,4.720495281042112
2649,6.2562847802246235
2650,261.10155777203215
2651,216.72388590913815
2652,56.47459417339269
2653,3.3269254162583692
2654,41.97536856632986
2655,234.76352731862966
2656,244.91093582340307
2657,2.9005058143566114
2658,-7.442362124012502
2659,276.5402612748592
2660,1.8237425481089842
2661,274.14800193995256
2662,80.16514728550803
2663,-12.812108828092986
2664,75.80042932026369
2665,272.9245103662004
2666,215.26226678684034
2667,-31.53516481061833
2668,25.870454912593303
2669,6.749736311156062
2670,122.75350175267783
2671,198.0797910497674
2672,112.35792813532314
2673,244.54071501001323
2674,239.72118177175477
2675,1.8690944342405307
2676,-40.92102143559016
2677,336.1403908218821
2678,8.50672937369207
2679,5.7174911751982656
2680,78.36601383038486
2681,4.757930526125761
2682,2.9697287692166854
2683,2.3649849273565438
2684,2.6304950941287046
2685,6.488605338648026
2686,14.220597062749324
2687,62.68417249851969
2688,56.72655592663554
2689,39.660175973035514
2690,144.50773782915164
2691,81.13754557716629
2692,51.271800708091575
2693,139.9825772498931
2694,99.02828085987845
2695,6.697129025568795
2696,136.78017696443354
2697,3.8376782560746565
2698,2.5101407843461003
2699,4.19279411452538
2700,205.51320841042863
2701,59.98339379097415
2702,-3.030472252675546
2703,4.052504210833203
2704,154.96573188070334
2705,3.168345222737937
2706,5.341117580510056
2707,197.937684154919
2708,3.248841346215142
2709,58.92294166704974
2710,5.979350423942622
2711,173.81414778188025
2712,1.8629862908404444
2713,113.94691001003612
2714,-38.99027439009592
2715,4.614387428297297
2716,2.817225955026899
2717,287.93379270934895
2718,3.561277668045833
2719,3.11301513243943
2720,6.7283913127753365
2721,6.315245951888081
2722,4.13778486928654
2723,221.63587608999467
2724,6.507998371573445
2725,34.35338652264548
2726,10.058389344609813
2727,316.2308805401076
2728,46.78597652830196
2729,177.0422695988394
2730,181.2903603194153
2731,155.54266849101066
2732,6.271621716825352
2733,224.29410142230813
2734,117.87644279673022
2735,92.28305688629523
2736,78.83748223353193
2737,180.96607396695015
2738,132.63920543610533
2739,119.55128738992192
2740,5.885795030143296
2741,55.282309914653766
2742,1.4478221886715605
2743,6.275208282992034
2744,-20.19104856773253
2745,4.465147514077722
2746,196.79368448358608
2747,176.56961756215048
2748,2.7911704367328634
2749,5.481139422850254
2750,221.61662598403183
2751,260.23450811488
2752,2.850519732413246
2753,103.75300208708836
2754,0.5574352090579932
2755,34.93384448135587
2756,259.25076068285716
2757,5.8028232743206125
2758,284.48204623733045
2759,74.831615797624
2760,171.27154803590653
2761,6.517423694880728
2762,4.170056571727544
2763,131.29750035635325
2764,4.241847640642634
2765,119.28766903220566
2766,2.102614015046119
2767,273.6594815518669
2768,4.432557291831113
2769,3.4825360596010713
2770,192.53608571100358
2771,143.90782608291408
2772,7.064538533572208
2773,3.1878609655871664
2774,5.308302883684774
2775,6.124579682881215
2776,4.071090926937896
2777,252.61423829873183
2778,31.003965413598173
2779,2.0445200189026127
2780,2.6945253044236352
2781,239.27712894086926
2782,216.1163994590543
2783,5.796329608501257
2784,-4.156684096694988
2785,5.8406328634833296
2786,3.5111632388553247
2787,56.61548014715797
2788,19.64758186329955
2789,164.230840656875
2790,217.39542438710217
2791,81.54920149794594
2792,154.59392800126378
2793,172.0338229317465
2794,176.66076039386428
2795,51.835665187682935
2796,231.98377470311337
2797,126.17678347600823
2798,37.93839614755631
2799,31.049901643038314
2800,5.291372829411543
2801,4.175133302604782
2802,3.2314243677294234
2803,43.98257345370066
2804,3.6131232129830266
2805,46.28208525744434
2806,6.9860272180187115
2807,31.075081163066038
2808,93.55522410540365
2809,6.149812518910789
2810,5.462526877659551
2811,168.37781030509856
2812,5.996420663217208
2813,11.382273474100309
2814,6.025950751854426
2815,258.9687046260996
2816,69.84279705070944
2817,260.4279364851517
2818,119.64529334817723
2819,50.62099398459728
2820,160.69944539630472
2821,50.97902716861954
2822,6.1122920161583805
2823,40.07038093161289
2824,257.3060049119414
2825,130.02848827701223
2826,-55.80610493413478
2827,6.509920957819063
2828,5.424617805981773
2829,5.09046465929516
2830,6.0450277199417854
2831,5.931944807418212
2832,5.959453477401761
2833,134.47893160935195
2834,3.724560573900617
2835,3.1942866194626673
2836,3.6195047448556323
2837,3.4785531564439918
2838,5.768481985340343
2839,1.9969310447774424
2840,57.32833397710759
2841,53.33815727327421
2842,277.9474989994367
2843,5.9916440381525495
2844,177.06566352028483
2845,283.5671440499368
2846,3.597582735447017
2847,111.65488089285748
2848,10.926841407440655
2849,-60.312527585519746
2850,6.611044511820175
2851,6.769949113528668
2852,-37.850642128763255
2853,115.6935264787491
2854,2.29948604701264
2855,65.57523905367964
2856,5.911453853066236
2857,55.51795726383207
2858,205.6686086944146
2859,1.6876580794029974
2860,141.5180606615446
2861,282.3109562340277
2862,272.29860663748883
2863,2.869429542972832
2864,275.65239473486383
2865,221.92285121915012
2866,2.137937608354776
2867,2.420854352741836
2868,88.02377098926725
2869,55.01076551699554
2870,178.84014218147377
2871,6.1426393363054
2872,254.4025088988935
2873,4.922719519678056
2874,27.32359262555707
2875,4.643016620262013
2876,-28.565735775138933
2877,279.79936089810633
2878,-78.87073951320113
2879,5.031345053664678
2880,230.41198477435927
2881,5.839564236639034
2882,6.217869500154544
2883,3.9544853039320236
2884,6.682830833124615
2885,196.5695854794601
2886,242.87639346403796
2887,5.877593326904096
2888,2.133591740486725
2889,6.271012049818306
2890,2.3881211837497642
2891,-58.872820295244594
2892,155.19764403489216
2893,75.90773221868206
2894,51.15928313835077
2895,4.57466048476947
2896,2.313059041303682
2897,5.251633098715756
2898,120.20439888724741
2899,27.931067625694492
2900,3.2149465863330557
2901,51.71436365606078
2902,241.10607188162237
2903,273.8860240467328
2904,3.5986815572825477
2905,3.792071712618162
2906,27.791006106174066
2907,4.097213019974177
2908,3.4032481236193237
2909,2.0777841773532337
2910,120.81389115253818
2911,3.748017971862745
2912,2.2220069786401524
2913,6.511143699351194
2914,-5.841645017694315
2915,8.146183323284845
2916,243.78128182731666
2917,162.14862440952587
2918,3.906422121533557
2919,354.5125636062433
2920,202.42536268159796
2921,5.48041479709338
2922,3.7995088802374912
2923,214.21692614169723
2924,5.458800694046154
2925,4.969949562769651
2926,5.791806284800985
2927,45.97872374874656
2928,6.442805981610272
2929,167.65288582075027
2930,272.4067104599244
2931,2.383705115216917
2932,5.646059714947151
2933,47.336217223000894
2934,112.35303743956368
2935,8.391281244206782
2936,-59.580630776841005
2937,5.805929621583463
2938,4.9743503712819646
2939,3.0608376911077526
2940,167.7560561587943
2941,80.63211804361387
2942,94.83415478982775
2943,6.161187515992146
2944,6.555776055631237
2945,5.683286613227572
2946,6.408746567811914
2947,-47.150171016917284
2948,2.5418138719585626
2949,6.635565842375314
2950,2.8169891882157048
2951,145.9174384479415
2952,140.80124603759822
2953,6.404574648685269
2954,1.6282547158835121
2955,27.940296378118255
2956,6.581960414155606
2957,112.39145902623304
2958,5.279321219130042
2959,203.8861654285232
2960,6.309071688485766
2961,169.35738877921253
2962,3.760830368283967
2963,4.185931293718594
2964,240.85131205801713
2965,183.00263571873157
2966,4.468403481283594
2967,3.6104243675889127
2968,173.176505176686
2969,-81.20870974335368
2970,1.9714571776761045
2971,223.39704109889172
2972,6.6305221619633485
2973,205.94349591390213
2974,258.330909538833
2975,4.367026305634358
2976,44.619222220680086
2977,34.35272205402981
2978,4.5331549411987675
2979,4.6709698517602165
2980,308.3156982325304
2981,320.99693934833067
2982,143.87969451789047
2983,136.59670960298098
2984,272.04387023654044
2985,134.65915521583122
2986,294.96428525331066
2987,221.4967002720916
2988,123.73978691787977
2989,82.29441313495825
2990,47.07801506493809
2991,7.30588952812952
2992,3.0584704236738744
2993,5.456033753784277
2994,42.17291574073674
2995,15.687823815537644
2996,4.415064825531656
2997,3.4669321092411134
2998,103.08564045192337
2999,148.33694258086288
3000,73.75982397764524
3001,3.248586414058565
3002,291.1774004160782
3003,4.200108845201625
3004,281.9551181245905
3005,107.09486207489344
3006,90.30170091013781
3007,6.362635433143097
3008,2.96853918163912
3009,36.41153173472895
3010,4.308582979702799
3011,75.08928377138479
3012,5.245247817806751
3013,183.58674763424875
3014,6.449498648085349
3015,3.378870362052754
3016,5.9177419945297425
3017,6.077380720128227
3018,4.398190254161195
3019,229.01498382079723
3020,3.181352017699946
3021,231.59468748539985
3022,270.29450102371237
3023,2.919709333607715
3024,107.53381378059004
3025,239.62447713196948
3026,174.51534200702514
3027,6.06675614151221
3028,5.508368772218597
3029,-22.672561904807715
3030,-43.295651132480856
3031,6.057743649270184
3032,6.465995856389231
3033,4.966480522773829
3034,130.5923210942396
3035,153.63381365315706
3036,217.0865453638749
3037,5.5826181047891446
3038,2.0909521064415975
3039,-29.8804186594071
3040,170.69182401471636
3041,4.796640408548272
3042,-0.36040982302420854
3043,5.837870303149636
3044,232.8689453276084
3045,161.42447713835517
3046,4.302596249291019
3047,4.127906957844308
3048,34.97136541944455
3049,5.8330892223274144
3050,246.91979304166085
3051,93.25000142133308
3052,6.52843228016217
3053,4.059586474599392
3054,134.37021692568868
3055,185.2954707327383
3056,53.77646028835478
3057,3.1260209736094344
3058,97.88775060465781
3059,1.88561507393173
3060,247.3787956579809
3061,5.172408665313151
3062,226.65322194740384
3063,142.26086932860056
3064,240.2219611027375
3065,248.79385286240023
3066,131.42773136863468
3067,45.14546811608467
3068,6.136859097459655
3069,6.041783686748895
3070,3.7808417548952487
3071,6.181789541978087
3072,201.3122427379917
3073,132.06505804915633
3074,6.273745170168446
3075,5.8716425929708915
3076,156.6026057961871
3077,37.939438707767074
3078,67.67338532509969
3079,5.576129123823674
3080,3.2492994348366073
3081,5.664069348750949
3082,96.01440548221731
3083,156.51609817274965
3084,1.2979045330006425
3085,5.538415782513078
3086,202.0688853261922
3087,3.1129244553105893
3088,100.0115736371272
3089,3.4996495380917834
3090,299.03074521246515
3091,162.11745342475143
3092,99.47500904581572
3093,4.065221134169189
3094,189.06895549495255
3095,259.9030359091413
3096,136.38023644388383
3097,4.9313236158634135
3098,6.223788264283174
3099,17.837099813378778
3100,84.2122894605277
3101,3.5705479634895583
3102,2.1821598701524314
3103,3.1660212314986813
3104,39.994144611162106
3105,5.263187079892325
3106,35.83044712060136
3107,1.5353481389305967
3108,2.6106997712506423
3109,6.1929904313416015
3110,254.85396695623865
3111,1.916097300551525
3112,217.7560874774665
3113,5.483201108827896
3114,49.118564970141406
3115,271.9805110629893
3116,109.77120887243584
3117,13.673307922928027
3118,261.6969705632357
3119,4.585024648551739
3120,42.69263310430877
3121,22.58413172538499
3122,134.08790172014687
3123,3.8307748586611625
3124,2.63006645151399
3125,4.071405196302296
3126,215.67582580613157
3127,260.83637921210794
3128,36.946088866824766
3129,359.59480537940226
3130,2.117843921449519
3131,105.1993030347156
3132,193.2055136753398
3133,126.601833619516
3134,239.72779643195707
3135,1.7211316060498034
3136,313.1525792425478
3137,2.793777355236058
3138,166.61917331472583
3139,6.007936436858533
3140,2.7664257049681322
3141,28.251852873587744
3142,3.0207446147882413
3143,113.41347483511035
3144,256.26880166170406
3145,5.445437459027529
3146,283.514090768939
3147,95.31151280574154
3148,102.81891111358098
3149,-4.95545915785841
3150,1.7022165822336215
3151,242.55904707620695
3152,7.237733545460064
3153,232.24111482942354
3154,175.45546120439667
3155,54.904278700404944
3156,53.84033426309159
3157,4.9574973388279835
3158,272.71787169619483
3159,99.7335073389789
3160,266.67887657404185
3161,-33.44421160954759
3162,2.9472549896595055
3163,204.62364325910647
3164,3.1199538181531072
3165,-6.077835406584215
3166,51.57630957571751
3167,6.684209717082789
3168,5.290718135045092
3169,3.5595402086182744
3170,212.2119177321735
3171,2.9126792437373314
3172,227.47250566352258
3173,283.25194697132133
3174,69.92062166622758
3175,-64.58609609822713
3176,3.657564801399399
3177,3.297686443822513
3178,183.7530113546464
3179,6.189621929529645
3180,315.9470338618255
3181,187.60448705947312
3182,283.0273064041513
3183,6.0371728049702345
3184,56.47305135564357
3185,6.737826063400815
3186,130.20139240295455
3187,273.1507857532002
3188,-40.983810588371234
3189,239.3164534427765
3190,4.299469717382826
3191,244.77705934836774
3192,57.7971482789279
3193,6.463601504158086
3194,4.340858344287925
3195,5.933781969546457
3196,141.28626405734576
3197,5.524383843328886
3198,157.90852429611434
3199,181.64182744234813
3200,1.9380392822824302
3201,301.8345968835953
3202,4.404897785711055
3203,4.829510776741054
3204,19.921207536565433
3205,6.52223939040404
3206,270.86951903791754
3207,5.872163578233107
3208,190.55172022064446
3209,-22.757245561860508
3210,7.600969419778719
3211,179.5000467651972
3212,212.9467532757572
3213,2.6821437278402294
3214,256.6412844358201
3215,3.641290897285809
3216,6.089572711863241
3217,126.66381573891456
3218,284.65257246819954
3219,88.36860426645089
3220,86.32698082510181
3221,83.66498595363737
3222,258.6639475360107
3223,344.73239400081445
3224,-68.60137497847309
3225,143.62544235984515
3226,5.991114267192741
3227,5.887353892943935
3228,16.175246125752878
3229,291.2783856925542
3230,225.35640668255357
3231,6.470000648913777
3232,5.033387752076738
3233,5.663603172462304
3234,4.089974802143454
3235,107.47320804754739
3236,143.86618613930597
3237,12.2661692707511
3238,303.34702706419915
3239,6.508020335117013
3240,76.49527128877747
3241,21.936803705060647
3242,2.759910504421883
3243,22.587828855497005
3244,192.0316991681311
3245,5.3703806972867305
3246,249.54223407722463
3247,6.179955065950072
3248,45.37439902528708
3249,-14.30715467809197
3250,227.64079508815126
3251,229.91405412603154
3252,108.60717685505696
3253,60.06074170900332
3254,150.64221698643752
3255,6.356841308303093
3256,6.253587090811073
3257,18.876405577952887
3258,2.617998696705867
3259,62.80550970736727
3260,5.86031205610176
3261,124.60691840652505
3262,310.9608026774128
3263,2.554908480537145
3264,3.4618728693236474
3265,147.0467772377721
3266,3.554160384180582
3267,6.6914348120877
3268,3.425098000690641
3269,4.326695369266301
3270,56.06391439227647
3271,219.75278425831885
3272,2.2968435105279292
3273,187.50571466961543
3274,204.69389361789536
3275,124.38112608200657
3276,102.13032377552443
3277,6.043927062047221
3278,6.442341531766239
3279,3.3192462504741975
3280,153.13065732418835
3281,271.5133051870339
3282,2.780736933290968
3283,386.25724083449927
3284,346.41827449009327
3285,85.01965534236257
3286,3.082149432793815
3287,-3.000256355946987
3288,92.93209551803751
3289,1.8218417214386975
3290,58.847805154542066
3291,244.1530144309493
3292,2.8845429063068906
3293,58.260298546737
3294,211.81584661968066
3295,135.1575500931506
3296,36.53689198670499
3297,203.9364308316451
3298,2.4183403110011215
3299,246.90699938191506
3300,3.9568257257231525
3301,207.82014654479661
3302,213.35329704963448
3303,3.322040792486983
3304,236.43444830965444
3305,4.919413490415939
3306,4.785260487296791
3307,183.99676021501213
3308,3.237094870108961
3309,6.2620859238071205
3310,-47.337454108279815
3311,2.615502054375044
3312,3.5435121331952226
3313,2.488872548484212
3314,6.055565455527909
3315,4.290145942764131
3316,317.2591156802584
3317,301.2965047100922
3318,48.30145021269723
3319,1.9698874512069677
3320,2.156540403726632
3321,4.910871324446816
3322,149.4800000956712
3323,4.8290368359944775
3324,3.7203895001117457
3325,320.4607680474658
3326,73.40508457167033
3327,-52.923613730107306
3328,6.385866717602599
3329,1.8489144061113878
3330,183.45812620892298
3331,99.49909158157334
3332,3.57074612722964
3333,245.77160209147758
3334,109.38091174803358
3335,3.337098585438169
3336,5.418020163080486
3337,2.6196688328009654
3338,1.765945828365645
3339,0.6369514899600088
3340,31.352158196213388
3341,60.61671679323966
3342,220.61758035186392
3343,136.6699870273367
3344,3.1652895259314136
3345,254.15921132757973
3346,296.4501487558333
3347,182.32044943485914
3348,69.5191985393862
3349,5.653550495787739
3350,3.775215956814571
3351,2.7158267596544508
3352,1.845715955555811
3353,148.01715993730974
3354,84.58315211624185
3355,3.07358668211351
3356,310.7270085734566
3357,3.5919087239624075
3358,248.90910634609935
3359,86.04643644444018
3360,138.37045334359416
3361,3.1360650997390227
3362,3.335396229105549
3363,3.4581512733862505
3364,34.36147140623285
3365,114.98340987730361
3366,-2.9610265301951433
3367,4.386525034003545
3368,80.58262968840269
3369,3.756443850046982
3370,64.14681870016925
3371,-8.711395156645308
3372,197.23875670724556
3373,56.839328021384006
3374,306.1318271216368
3375,2.5001851873782144
3376,2.5926117485741784
3377,114.50794134387947
3378,4.9975689105468035
3379,32.618388859811475
3380,311.82910780742174
3381,6.632231680471137
3382,98.46787687164455
3383,6.615983205029089
3384,35.498600157603406
3385,4.371074520845382
3386,49.866717992452706
3387,2.143207039866213
3388,182.35199105601944
3389,217.8096742975415
3390,2.048568030429016
3391,5.764191452270313
3392,5.055326801603102
3393,167.86821469668303
3394,133.82186239558632
3395,5.248263864310844
3396,5.720716892925264
3397,135.08656739153938
3398,2.087572705774276
3399,209.9887636688983
3400,168.51843968698768
3401,5.0532390703618555
3402,1.4064359662736723
3403,77.48024470100225
3404,122.81813530266545
3405,179.95628321933333
3406,168.23531771264643
3407,4.16751238910324
3408,79.03302889070572
3409,115.6901966301744
3410,5.889493872294002
3411,5.670123978176385
3412,36.68052281810159
3413,2.2161862619666963
3414,6.699344389658288
3415,94.37565327224812
3416,83.92507201409616
3417,190.2762069184227
3418,162.8942062490169
3419,-16.060477790201894
3420,36.940692907695116
3421,-53.161372601572026
3422,170.9424670349236
3423,2.022094787557865
3424,3.6342988402222085
3425,21.018724246215093
3426,3.5967501306599132
3427,58.77821967376558
3428,2.6418403094489094
3429,325.6673646917094
3430,310.25918413444253
3431,99.7550097574865
3432,5.850657399343596
3433,78.73296935614235
3434,1.949439917922878
3435,311.20302819405725
3436,228.889729690666
3437,3.3376506246145836
3438,28.8932420815379
3439,264.55313037902187
3440,6.520421807350658
3441,5.033526146622083
3442,244.75687752169523
3443,4.994047135752503
3444,207.92861110862106
3445,4.001567151867938
3446,5.880704372410381
3447,259.0306741878281
3448,5.430633109480617
3449,5.7373126799446705
3450,107.97660400373496
3451,191.09973518785358
3452,2.055357514097151
3453,3.080924097680895
3454,16.6208679673387
3455,4.118464923493253
3456,5.6485720685439835
3457,3.8869562013431675
3458,6.13991720933711
3459,168.45387106601976
3460,-38.16084111566845
3461,4.4682556864624825
3462,37.371589906549424
3463,217.52858066958302
3464,4.470139077120919
3465,2.7431538053894746
3466,5.840470278286115
3467,104.40914758976285
3468,35.591684400777986
3469,307.80720450117195
3470,151.20879619845584
3471,30.60477068129954
3472,273.9596832061494
3473,6.343792497203932
3474,3.9044098472436657
3475,4.568581206432244
3476,31.83204074222152
3477,3.5503226341646266
3478,6.602997448572746
3479,2.6233001938753473
3480,103.74199959760477
3481,150.36450161499005
3482,91.36708324416612
3483,70.49565277781002
3484,166.13124890383565
3485,2.320589581986818
3486,229.46052799606827
3487,5.824715964308147
3488,4.788708513531956
3489,3.1910737483005196
3490,6.264333176221943
3491,3.1243145855628143
3492,2.34340256421431
3493,300.94633204925253
3494,155.37707134185567
3495,6.382357675227445
3496,15.235675534728932
3497,4.491085145377784
3498,6.634533334608312
3499,-23.330852357179257
3500,95.7656537941663
3501,283.83989382721325
3502,5.906248999236094
3503,3.7932675849808453
3504,47.64899980228846
3505,143.31849829827812
3506,84.33677840752763
3507,6.246390922583368
3508,3.306156011402561
3509,3.0453068535942682
3510,277.5922722838079
3511,2.030567914619919
3512,78.65429264931676
3513,94.2359781563354
3514,3.3618835465673222
3515,45.47860389520506
3516,3.5420670775839476
3517,201.24986926276924
3518,4.3630825287682455
3519,227.21168091376097
3520,288.76556283364994
3521,1.9188007460689656
3522,17.623737936397657
3523,4.182093361372031
3524,6.643919673732206
3525,5.279752830069016
3526,33.24241843199976
3527,1.6937169483503103
3528,287.68404179196943
3529,201.7631299044944
3530,2.4333011565183975
3531,85.4033178579001
3532,267.6527810518873
3533,40.44215144300353
3534,7.77234515768415
3535,91.32121462888142
3536,3.518535295523641
3537,75.32521163884718
3538,6.682167957393626
3539,-8.974307840907958
3540,151.20337519043414
3541,-54.46415161517642
3542,2.7082030228305003
3543,187.0204679202549
3544,38.216965769424434
3545,2.531713086280913
3546,5.5838272522513055
3547,171.32438948445693
3548,5.3057187026700365
3549,1.7457332753920747
3550,4.563280999616264
3551,4.328846075861287
3552,5.723760781774874
3553,5.764643586255943
3554,183.9789238785403
3555,4.181459511667368
3556,2.107971707180614
3557,120.29523856092938
3558,5.2305588848547675
3559,99.80037513047262
3560,64.1716496198927
3561,6.197539096480272
3562,35.39655707963656
3563,-50.487251318744114
3564,5.89040716001264
3565,4.898895773692587
3566,167.10445357071956
3567,1.9866343110304907
3568,237.16274439859507
3569,166.7354484355913
3570,37.24910667093472
3571,200.13043599822367
3572,1.8377628378709054
3573,6.072619493660615
3574,5.580222955428602
3575,1.7877062348658923
3576,5.306865946108586
3577,6.302496854414908
3578,82.87028724282231
3579,2.0789194347548863
3580,63.64833256156078
3581,243.20914219136262
3582,67.02173827825776
3583,77.99894850421562
3584,6.628300008951239
3585,34.895487992180044
3586,5.843156290610253
3587,39.28139838242788
3588,3.5983110355087895
3589,222.8525410349373
3590,3.184268524184053
3591,3.547239760420821
3592,175.24004847117436
3593,4.424727236944747
3594,21.930405182377747
3595,6.646508180762248
3596,30.492941168212777
3597,311.1700493376839
3598,72.5993325335354
3599,83.69434385897817
3600,2.750665828934363
3601,287.87500341471264
3602,36.04720748574221
3603,5.439379382502185
3604,2.7362097756142334
3605,153.00024679753255
3606,2.1462538858889255
3607,3.5253604843171455
3608,283.3105075063378
3609,194.2754274669775
3610,30.62819496102759
3611,5.435931325723937
3612,265.11374989199606
3613,6.360421325404291
3614,5.256257615554184
3615,6.403239277131457
3616,54.47531604624784
3617,4.998712556373072
3618,2.7357329530783296
3619,-46.166442584189326
3620,-6.229177744242026
3621,70.54458784039146
3622,5.236045658543608
3623,260.9604705419208
3624,0.6280753452467022
3625,111.76218117887471
3626,24.85616160771105
3627,28.97744904579148
3628,6.424482377965897
3629,46.76866952533896
3630,252.98497525787323
3631,302.31454147702595
3632,254.62594163936572
3633,255.70683243043393
3634,114.14406373644695
3635,133.34614915024116
3636,4.405127970646608
3637,41.11810701994884
3638,58.6941598068765
3639,4.90029861989685
3640,333.5633892077179
3641,217.3101233793253
3642,156.0474777241121
3643,188.28632217947305
3644,6.618350085247674
3645,132.63339183204357
3646,2.5391292412071294
3647,5.925680772991451
3648,239.7873240466567
3649,9.118755715535164
3650,3.2912729523720214
3651,201.09806420733022
3652,44.13119753336438
3653,-3.378770028918718
3654,71.53603811401747
3655,2.1442082147471684
3656,158.65410375921215
3657,5.832671060711882
3658,7.993940639878852
3659,4.605317314536956
3660,5.797492424214751
3661,60.68078589451281
3662,2.144161870391799
3663,5.611001677061077
3664,122.55345498668864
3665,4.842352754162588
3666,274.8823662846528
3667,250.0800433770159
3668,270.309508555889
3669,234.616980465841
3670,7.267978603066567
3671,6.695123999789496
3672,213.64349264594466
3673,5.016872208786406
3674,291.63461013298854
3675,145.74299896387103
3676,56.24495047232732
3677,33.406260484679535
3678,-2.6911367396114354
3679,4.734875147380895
3680,3.5645805774854766
3681,166.73139058380414
3682,79.7461052611703
3683,174.66205724570904
3684,38.69456954440598
3685,149.9046039884921
3686,265.73509700688317
3687,118.02826653137987
3688,265.60635310954996
3689,2.5621329396431682
3690,177.49713706674822
3691,207.31221699046588
3692,288.1947093353275
3693,273.0656757984981
3694,1.7745808980364106
3695,251.0454875816385
3696,204.09769417605025
3697,0.7969636202025163
3698,-11.489412690531918
3699,4.483933936723282
3700,5.5985804180726815
3701,369.5920973065915
3702,3.9445392618163586
3703,4.0055233952735945
3704,6.021823299137291
3705,1.5092093348646398
3706,54.91091275152199
3707,6.549806769086078
3708,131.81541853491706
3709,3.1814395284268375
3710,6.542110882979408
3711,339.3345527423389
3712,93.5387716494723
3713,5.82802826880149
3714,315.48772394307423
3715,2.4956230967642785
3716,2.0616290522823357
3717,146.78502372219629
3718,77.59613805794878
3719,168.23448287564028
3720,153.53621101871056
3721,2.704117605663976
3722,4.001071472789903
3723,3.1892904813918017
3724,1.8806254205134099
3725,66.84824057511464
3726,1.7094212877243675
3727,231.72495804134877
3728,60.800127123513704
3729,-46.29015742523667
3730,145.01331509552057
3731,82.02248050943541
3732,3.458695846546458
3733,-34.78520113223234
3734,3.2205100384907293
3735,2.443655059673221
3736,21.077999170643434
3737,6.1127823580556875
3738,195.5145624569475
3739,-40.30063270551982
3740,240.16837383229972
3741,22.65959883139667
3742,260.3986791475467
3743,2.35825346879035
3744,68.950752931008
3745,-15.922773330416195
3746,4.989942629996153
3747,4.888390778351286
3748,183.20596497496888
3749,79.24636873003374
3750,1.5444395715862604
3751,213.29708978407604
3752,92.31772178994407
3753,4.968029870068749
3754,3.875872101840703
3755,-1.8116771369552316
3756,5.665279215221484
3757,36.39375098455701
3758,6.044962603917812
3759,43.83508232281112
3760,1.9416901072273374
3761,6.193850799320135
3762,6.231552276430076
3763,130.30046934958494
3764,172.58908366165699
3765,355.12343195472226
3766,6.581986864339587
3767,290.5841941512254
3768,55.794072246982864
3769,1.66392698389797
3770,150.83472021686597
3771,3.4550500669763613
3772,207.58035681406
3773,240.0635333099642
3774,2.564379576564382
3775,3.6346845313712413
3776,243.04887225711374
3777,6.132672754082176
3778,235.5246183450568
3779,283.4990711420478
3780,5.8506443249658435
3781,6.520164748627529
3782,2.3030729681413566
3783,2.0106078180657976
3784,5.534033070389723
3785,29.621290465973033
3786,102.39896868553487
3787,6.080275756644722
3788,6.647566482828097
3789,289.59764953665166
3790,6.837564208654121
3791,6.381767404062822
3792,3.62267928320596
3793,7.4813350638815725
3794,-19.5842829227563
3795,193.37643946012383
3796,194.2813705409232
3797,4.737959509217545
3798,171.88997425792508
3799,-53.79621016630123
3800,244.83115470513582
3801,135.13023743989115
3802,146.06468813881494
3803,53.170150905987384
3804,59.93224637556416
3805,4.47608530176921
3806,2.8559299221238845
3807,105.66721396096787
3808,3.680947234339658
3809,-36.29450134667039
3810,2.7359013752338384
3811,4.845607867175404
3812,263.2072428339121
3813,3.6566698590571587
3814,286.2567664378132
3815,7.3204504445349485
3816,3.9216604500325936
3817,55.34547105477534
3818,6.268027804897965
3819,2.409133802454219
3820,120.62850354831727
3821,7.476412022119435
3822,5.55480671573071
3823,263.6386865541259
3824,5.254759992393826
3825,249.17565155228834
3826,6.015080922402113
3827,298.57328180757634
3828,295.8793784793605
3829,6.528901050079837
3830,234.01661689096142
3831,64.56928714999489
3832,1.792960363585723
3833,59.722730589755756
3834,26.401788792250894
3835,2.6932444804394913
3836,5.21492291200661
3837,6.715308847818551
3838,5.881117910543836
3839,240.38526184435435
3840,5.696194922370007
3841,131.93757512750304
3842,3.6048230251135895
3843,243.02710530412412
3844,5.508129812600383
3845,6.036791354549425
3846,6.488379162406069
3847,84.79842432429446
3848,93.37302656496743
3849,197.599020304994
3850,39.38755065792153
3851,136.50389567628423
3852,262.30114212062256
3853,5.54089214066876
3854,252.91421386454454
3855,2.0184500919592985
3856,65.50499148166324
3857,4.1092755405880945
3858,2.976012853425974
3859,247.1433221785693
3860,6.2102271823846795
3861,-57.29257940042707
3862,-4.937317644625436
3863,3.6517210716509894
3864,2.9301830429080455
3865,277.99981330008416
3866,4.499887526540058
3867,189.71720725794052
3868,4.425558406238524
3869,3.0713987822512103
3870,137.46032656818312
3871,46.64775382864217
3872,3.6027762770826874
3873,43.0399252885247
3874,331.62701615254065
3875,273.04823696802316
3876,104.20615006123415
3877,-85.72311586002236
3878,179.47918050314422
3879,248.20586508330126
3880,6.551655005002477
3881,3.846307303731213
3882,2.558427353267402
3883,192.2239507408538
3884,148.78652664603086
3885,6.354111544965081
3886,5.4984831380110215
3887,6.252790326246634
3888,2.6439770608289916
3889,173.854962573291
3890,2.017293017294555
3891,3.014827920474341
3892,173.04159343951886
3893,3.3659597588201704
3894,295.2539310294777
3895,-21.994609782716104
3896,10.383906488732563
3897,245.94228662846936
3898,179.43257155553613
3899,1.7164222347705969
3900,101.32911921018288
3901,98.73197809773652
3902,2.803675405053089
3903,20.16877813646707
3904,60.14831784753437
3905,3.742380838081795
3906,7.637259516667798
3907,217.91044018020847
3908,141.2570928216245
3909,3.513569418938069
3910,4.079659304299189
3911,241.519671891031
3912,3.9945514418045414
3913,29.25058008503131
3914,280.1681047094256
3915,7.384217242909081
3916,5.882610768401909
3917,3.770570136834666
3918,-48.87148013267341
3919,4.882815872799504
3920,31.497159051420468
3921,55.391503350574
3922,6.8926304412085395
3923,3.213816866958754
3924,350.1795589410832
3925,76.2371353659485
3926,2.143773898724772
3927,238.37093494104496
3928,3.4785251248272875
3929,5.430588548127903
3930,6.227242048923538
3931,209.4527927603266
3932,4.26871403362989
3933,2.536398151078995
3934,6.6309978799025755
3935,220.83109129472047
3936,2.0608844662211356
3937,3.404657082041651
3938,2.802641743262378
3939,295.3766340977128
3940,6.121071279737436
3941,6.25410912964317
3942,5.187124490403848
3943,3.2122196563124077
3944,6.934609096421078
3945,324.0430359745781
3946,220.7468757868793
3947,33.072543672841746
3948,150.21272235708523
3949,5.65931481573878
3950,250.91943598020015
3951,1.7563454901678062
3952,111.33681466817836
3953,128.4504092909396
3954,2.8158948231554786
3955,5.912301618817226
3956,169.760413657617
3957,61.676990818022745
3958,86.11780516699002
3959,220.56256209956757
3960,5.9766625930086725
3961,6.367567522309528
3962,103.9521565813081
3963,5.848303723855134
3964,156.1040786572912
3965,6.00424183276612
3966,3.2974077325792446
3967,3.843753557998896
3968,181.12972588090645
3969,40.02523257016102
3970,2.5913924755736772
3971,3.453665253876171
3972,2.8976320009427865
3973,3.3345678633216864
3974,34.10695432127584
3975,47.1535118079017
3976,3.6811212225092893
3977,4.170016898776735
3978,3.5983653851906197
3979,132.3177076945392
3980,243.61624231703308
3981,255.42883951375717
3982,5.559634229377454
3983,3.310371650165672
3984,368.0878247439181
3985,220.23783174268723
3986,154.13715969806822
3987,97.41739532515359
3988,3.276629300586078
3989,19.8458576648466
3990,88.07134068982232
3991,250.03753227455752
3992,5.886589473627625
3993,5.79020466548832
3994,48.62870153196242
3995,131.55408584516914
3996,3.515636294980191
3997,122.75350427438369
3998,2.573428449649618
3999,272.60250134563137
4000,5.450347996494455
4001,4.248111649113011
4002,47.16195140239147
4003,167.4412859821359
4004,2.3031156974070712
4005,315.8417989857659
4006,98.68613026584936
4007,6.9840720987242735
4008,3.4347887888483526
4009,5.8355259940328255
4010,214.0166969134251
4011,3.4816813008085963
4012,6.376376659485633
4013,239.3492593547535
4014,5.8505360992193545
4015,6.172418929562604
4016,73.10304236011872
4017,162.69576731707826
4018,125.07270053811453
4019,1.4707437356122626
4020,2.012411771776539
4021,116.82831323060344
4022,55.16593075901538
4023,3.61508871657705
4024,116.18825768311771
4025,62.340690498117546
4026,1.7832751563829863
4027,241.2963547688776
4028,114.65427164532437
4029,7.113347473569414
4030,2.383690194076374
4031,106.18394241484607
4032,82.41056463581276
4033,3.0869180583953573
4034,246.10450655076775
4035,125.7793958813287
4036,4.760430991433807
4037,3.6299338575324613
4038,6.076146858484661
4039,5.836749303108849
4040,104.13169600557671
4041,320.8353707832517
4042,58.86171217504004
4043,263.43093851636405
4044,4.025732991771893
4045,40.095037439636265
4046,5.88071582565519
4047,4.133812993406849
4048,272.9190605677741
4049,123.49373114601889
4050,272.19654735151784
4051,51.16658886400381
4052,2.647229419067887
4053,4.0982705046081245
4054,5.420522775427603
4055,3.9853491789015134
4056,260.4600972788096
4057,6.831344170925398
4058,268.79012670341604
4059,37.68975604657028
4060,249.07001515632567
4061,90.47853758569866
4062,3.8378103718689913
4063,2.1897101902439977
4064,183.55079387596436
4065,2.0192735204269128
4066,91.62505894517487
4067,191.47424102491067
4068,179.3306750712643
4069,340.9697874855922
4070,2.6924889400394347
4071,2.921577781305062
4072,2.356100518433493
4073,3.3505288369766264
4074,4.166727842653482
4075,-32.07226564472449
4076,43.704916513633144
4077,4.863171996437401
4078,6.28967188822912
4079,6.597445574687494
4080,278.0587654754697
4081,4.477569159435444
4082,113.58327618195874
4083,4.1905005300918985
4084,14.506350301934887
4085,12.784436100084616
4086,11.43306546763539
4087,4.076570494636429
4088,4.495816425063036
4089,84.50744314124766
4090,155.45810261826887
4091,4.108674409560075
4092,57.573145359367416
4093,34.96330227146413
4094,5.031353487353315
4095,6.688938976498395
4096,2.3209235221839712
4097,2.594963532332948
4098,2.732529830583233
4099,-39.907953383164184
4100,62.049612716623784
4101,5.918813735338993
4102,4.121960958653915
4103,74.62878295338258
4104,201.80926361963182
4105,5.792339803519294
4106,122.56330135179522
4107,89.13990994804526
4108,69.38892856002579
4109,243.2442607060745
4110,6.245027051872812
4111,79.71814137002369
4112,75.21137631713418
4113,3.086091609199033
4114,5.168602854299083
4115,86.57712857424497
4116,132.86294414257551
4117,90.5635565051197
4118,285.51066692346933
4119,251.57697239850916
4120,234.7044785607568
4121,87.1627748737167
4122,-20.213225700644788
4123,2.3503545916539546
4124,124.98933180298721
4125,2.3115341395678897
4126,59.11364599071798
4127,5.9468248763519105
4128,1.8696960041205224
4129,6.2902815438069
4130,2.2397431498905642
4131,56.99602825272144
4132,6.03245570711308
4133,5.009667595115627
4134,112.48449562836751
4135,3.4502438734685583
4136,165.8503778101787
4137,320.69392013344134
4138,-12.047094074752557
4139,106.39489246214282
4140,51.16052635021026
4141,4.101944263030997
4142,116.5233448121297
4143,295.8274661699138
4144,79.0183891656078
4145,179.774871453954
4146,80.63084774449737
4147,68.43552693957756
4148,289.08995690287907
4149,45.74013437402526
4150,46.9493754871342
4151,73.85982389060158
4152,119.63234384138887
4153,4.071214832922669
4154,345.22941468932737
4155,154.8614157220635
4156,3.1850430181904663
4157,20.899895579147866
4158,4.163041031094819
4159,4.9137275681815105
4160,152.94596541074557
4161,184.95241859860053
4162,6.204177686666226
4163,70.66064617177379
4164,187.5073008265265
4165,8.963463072154047
4166,52.63749287322678
4167,124.78685175213278
4168,36.992925784907726
4169,2.5036423896658158
4170,11.782084862740279
4171,77.14899270333682
4172,4.664628308861873
4173,3.6293358533675235
4174,71.1490056723792
4175,133.49965230917917
4176,1.983731510168393
4177,3.801847872418967
4178,30.905496537592832
4179,117.51426956365108
4180,177.53351816828447
4181,71.45470287944883
4182,53.98735280362257
4183,46.010727387493155
4184,185.2697852635904
4185,276.9120475404829
4186,2.652096493991513
4187,59.884111510155805
4188,4.176927260333257
4189,4.177011954696486
4190,123.54366075147314
4191,2.166626469018297
4192,47.28713141336256
4193,51.506671598546404
4194,5.907963759138237
4195,4.188909629791501
4196,131.23990270108106
4197,6.44506498154184
4198,3.095838869388685
4199,4.980994169955818
4200,287.4286842737538
4201,261.778933519435
4202,182.28122438040805
4203,5.466196904013076
4204,100.83714145649911
4205,4.808532969824405
4206,7.455114328661407
4207,125.04272112641578
4208,158.316207189596
4209,236.01314616988043
4210,-58.19409230701497
4211,1.7798050559820433
4212,5.9166383551771755
4213,-1.6653150510407597
4214,7.059622929053636
4215,2.994395990515425
4216,1.8785001318038885
4217,3.060621536226835
4218,5.899846638999447
4219,66.69190772728427
4220,62.16759988000079
4221,2.1958520568166016
4222,108.39599559106617
4223,2.8322130321704755
4224,6.200553647286261
4225,5.001964710722024
4226,276.0213004170658
4227,2.35537686668741
4228,208.7397255034788
4229,120.37202571394386
4230,3.0422753988766345
4231,2.5242143016222878
4232,52.46555455695135
4233,3.1199037281871513
4234,-14.807057332284213
4235,77.90716190461569
4236,250.43439645005586
4237,165.9582657239283
4238,3.1284873801874604
4239,48.17341825304697
4240,9.087175347420544
4241,32.05748911691666
4242,224.85052627844453
4243,-38.76870288442759
4244,323.3538063120363
4245,5.129961696314091
4246,1.962242448653649
4247,3.793172915800847
4248,4.230109046375921
4249,-5.487482445327708
4250,9.672017398202913
4251,288.922890876982
4252,6.526121677581635
4253,5.873675919621434
4254,5.3846960912299995
4255,-55.812972486963545
4256,9.746261413467803
4257,108.39781709678314
4258,2.4982272942159507
4259,1.5614871503386654
4260,84.09820997698293
4261,2.411803766482633
4262,274.6213374219856
4263,82.86719705684416
4264,2.6285020505066456
4265,45.81897264976858
4266,4.192007145357952
4267,6.3062521528733555
4268,5.709317028008657
4269,180.18905983273686
4270,174.2538647224035
4271,168.314237775355
4272,4.581428975589603
4273,8.082370341958976
4274,114.83021406857534
4275,6.328062759968997
4276,299.7797113551896
4277,228.968024807794
4278,366.4620360030972
4279,312.9743789243935
4280,115.79109389236356
4281,64.00448514416301
4282,17.915670665514334
4283,6.327527294739046
4284,4.46484789644173
4285,112.62039575248704
4286,304.7705087911154
4287,1.8122029822315389
4288,187.03639198032758
4289,219.21233645520996
4290,194.87018646749095
4291,3.2670041722842886
4292,4.995923460994355
4293,4.559747320108877
4294,-36.17806908674335
4295,0.9569056576689003
4296,5.409592768891418
4297,6.429100119401322
4298,6.065859605041524
4299,77.69513781662175
4300,44.71340924563877
4301,-8.554465212256684
4302,101.87049880338719
4303,1.724725018171692
4304,-22.722614541779947
4305,3.925311501001123
4306,306.41590181763235
4307,2.697625163100377
4308,44.87172249405962
4309,4.587778653419525
4310,2.7415594284919735
4311,8.568049457897384
4312,290.9492764018604
4313,3.3965513920011885
4314,3.130721993903933
4315,224.65323941111362
4316,1.3804747052245907
4317,186.20841896333158
4318,6.08283136078389
4319,54.605850834655925
4320,118.14216963554894
4321,4.4255573762142815
4322,295.39685674903876
4323,90.66099638703228
4324,3.5856780463728564
4325,6.675473684272091
4326,3.8128609965371147
4327,108.33251598658956
4328,156.5625182261789
4329,202.98724572071052
4330,33.43859459667576
4331,2.759711729452728
4332,2.5039871381995775
4333,262.5971721221349
4334,3.6428160868040798
4335,3.377886204732163
4336,2.1203051163863074
4337,5.907639466474439
4338,4.578654433230253
4339,5.333912828724346
4340,-31.35733701830531
4341,68.18925520688248
4342,214.64572225123362
4343,163.89995435057818
4344,117.25959965871894
4345,5.875206233179041
4346,4.629344951785484
4347,221.92358852831012
4348,5.6747713582848345
4349,133.4659606671424
4350,-30.18591246387642
4351,101.89224501993156
4352,188.32973179470878
4353,5.04517327020827
4354,132.44433548070327
4355,127.42472671945089
4356,1.869935476153302
4357,5.201670863479561
4358,315.63008442636124
4359,219.43326776400465
4360,3.2596785222553475
4361,-1.4753943861260463
4362,1.042415224739351
4363,3.6626249973677
4364,4.81548595203785
4365,1.641616282428585
4366,3.21020726360682
4367,256.3245558795911
4368,-25.716766431521876
4369,88.8235854331165
4370,6.367150236626369
4371,204.87109538747652
4372,80.80298566584057
4373,319.2821907142817
4374,6.247359519630827
4375,235.65067817101595
4376,286.73805773433776
4377,5.493638183256451
4378,5.716660493181687
4379,171.29081240698477
4380,3.0761832540202745
4381,2.2418950289931696
4382,6.689432153710145
4383,26.683515177845685
4384,5.300264314640723
4385,186.96138174512592
4386,35.46399698385329
4387,298.54366218044106
4388,71.73834891966817
4389,6.679231105118188
4390,3.9573024437172295
4391,3.8008355719548317
4392,2.533304480886299
4393,130.86621814294733
4394,83.29720169854882
4395,3.1729561414879686
4396,22.898220644162038
4397,2.5808558497152236
4398,6.234942510009397
4399,3.1561774168863836
4400,232.67850239266815
4401,6.811100504172132
4402,238.2390726043962
4403,263.02523584706256
4404,244.65761328121278
4405,352.0188465917902
4406,51.936094506494136
4407,88.632810566105
4408,6.206153128515925
4409,114.52160754148102
4410,-87.61445857813693
4411,2.7276313111363155
4412,283.17127599734766
4413,208.01135472349563
4414,3.9306818911031915
4415,188.99970324970752
4416,66.45720139600633
4417,2.7148682616792534
4418,222.64650720373317
4419,262.71519470100714
4420,340.5884156426462
4421,327.0045652135365
4422,27.233382786914863
4423,2.374490788082711
4424,53.737108498358054
4425,175.4503732360569
4426,5.422304170954741
4427,224.50600135826107
4428,6.259254751927314
4429,5.004128790790995
4430,5.092905219349932
4431,187.46477646637885
4432,3.7004814866981253
4433,3.6778097756241523
4434,108.46562702645952
4435,5.709741278004781
4436,6.3925926055872475
4437,8.951554521917103
4438,101.23271655651445
4439,7.089288183409041
4440,278.2710525196726
4441,2.2455756044040864
4442,267.97334558287713
4443,6.049035269294842
4444,270.3649871219097
4445,3.950805971195094
4446,3.766745462119064
4447,138.9771753549636
4448,5.000838064763028
4449,-2.679590529172202
4450,119.08658915929868
4451,107.63683253161052
4452,257.7964161585628
4453,253.3510522870926
4454,4.896125495349402
4455,5.503142246013779
4456,198.28510341323775
4457,4.164233125115187
4458,6.930581450959834
4459,85.09958907477301
4460,0.6165597024305145
4461,79.7798430756973
4462,168.73546685301463
4463,53.91906048152056
4464,4.302393147118307
4465,100.5829291685095
4466,4.492326760612052
4467,6.151135412655084
4468,1.7954822346937294
4469,2.213374659531915
4470,4.841355534237714
4471,2.7651427081797446
4472,233.79533442599208
4473,3.6699244816422354
4474,248.85491986503078
4475,4.293143886022346
4476,90.0212973827731
4477,5.836653623601487
4478,4.268171180576914
4479,124.08789851980623
4480,282.3318201829735
4481,3.7197177756658064
4482,210.91707548198593
4483,63.18248577759762
4484,302.7967454070054
4485,199.47258310523443
4486,2.3543146202248213
4487,113.62689721435933
4488,54.641908590430674
4489,-36.01205315476318
4490,104.66826707973667
4491,5.384006698229269
4492,263.78201766836077
4493,306.6455874651044
4494,13.563233903076481
4495,2.7802815440169786
4496,91.0059180050194
4497,6.707283728480761
4498,210.21381283709314
4499,306.5399503326112
4500,158.27314062644834
4501,5.976062951607542
4502,5.87259026964697
4503,181.12897942859848
4504,0.027729463280101285
4505,71.62834856073701
4506,2.9018298869252694
4507,-3.348951382864148
4508,134.9221146314135
4509,50.96668261666885
4510,2.182282206062788
4511,257.52888718289927
4512,57.05944225470247
4513,83.76617862862685
4514,3.162296299768395
4515,2.7569874233513603
4516,3.3665191925203963
4517,5.1754436400715385
4518,30.84951459835936
4519,109.77642616232797
4520,58.30472595603531
4521,2.7580656295781947
4522,66.0441975623166
4523,6.692347662662369
4524,213.5768757480914
4525,16.17913386652287
4526,2.2220132508363495
4527,115.7162675257781
4528,126.01610041600978
4529,105.40735464904216
4530,151.429113645573
4531,3.8954486136933424
4532,4.42376602862598
4533,4.547961598806301
4534,63.080721193947866
4535,6.146471314890405
4536,2.000430371691209
4537,1.8265558249787646
4538,6.366168308289896
4539,292.1177629286456
4540,184.82268305188745
4541,3.391393468338136
4542,2.7167743100168433
4543,212.89680784524717
4544,31.10654127995768
4545,5.222247860236635
4546,34.50819787317936
4547,5.866153026905052
4548,183.82687791954314
4549,4.666752557478217
4550,234.3025851868287
4551,26.270323197182137
4552,109.09559022861575
4553,121.97335653417983
4554,4.646993927791343
4555,193.60265295852
4556,285.0659619656203
4557,5.115559144494249
4558,4.53425269327229
4559,77.59837872436607
4560,7.388960551975146
4561,5.290836925105278
4562,186.0215931133273
4563,44.31329803430786
4564,234.61496004611425
4565,46.079283712937745
4566,228.86132337505933
4567,278.0678369795012
4568,139.7800594677685
4569,4.852613270533018
4570,190.1216936627987
4571,257.9257029431902
4572,5.069356952127085
4573,3.0169304086942432
4574,1.7522306469334352
4575,5.6389095956506
4576,157.08617569033166
4577,247.23968533627374
4578,63.819736943088444
4579,1.9918711612337372
4580,0.7765420172490567
4581,349.82488516833126
4582,65.60854417844992
4583,1.698146386566002
4584,285.4852796589261
4585,41.90549664286928
4586,5.9780611893450555
4587,3.800672596834925
4588,1.7675393750008326
4589,3.7874275216356663
4590,2.910865766737615
4591,73.13739831176723
4592,5.392339145366949
4593,115.77016515501319
4594,-5.961329196389536
4595,3.163105811795182
4596,63.68624053909026
4597,143.3138821671071
4598,4.322484411586493
4599,-30.41612677014362
4600,85.1124954944951
4601,6.940100140453363
4602,5.177686710362833
4603,5.654560999942207
4604,79.77697358370426
4605,1.8403660987360417
4606,138.72127097878766
4607,56.326918377615485
4608,4.429480886678839
4609,217.24602893458808
4610,107.30468377088665
4611,105.56185191075022
4612,3.132017986745354
4613,-64.47002130977401
4614,82.71437632617923
4615,-37.40775503743198
4616,4.4408550583104
4617,4.824386920009219
4618,3.9744911287078497
4619,6.146366005145781
4620,6.686792618267336
4621,83.98693204729844
4622,4.068725740529739
4623,5.973859087907283
4624,1.3610158182342547
4625,79.51350345951036
4626,51.61947596531267
4627,5.3164923913969435
4628,5.66289957581601
4629,72.31135764073316
4630,5.544895888027996
4631,7.155124915068912
4632,6.629519341152164
4633,217.25322474410214
4634,5.8554281438260585
4635,6.046523036441107
4636,71.62755977246421
4637,6.96201497294784
4638,408.4958905344751
4639,280.69902665806876
4640,2.0897738851094663
4641,207.05340632823376
4642,156.22136772396422
4643,60.36451884344473
4644,37.84147107112379
4645,5.587022320335238
4646,47.24552158656607
4647,15.941259255619336
4648,199.5119355856176
4649,123.57375462569406
4650,132.46382291302905
4651,44.32433620115751
4652,4.786847287648027
4653,254.34405055218895
4654,12.420543045639645
4655,5.5090869737714945
4656,3.0708022342018677
4657,3.162295277305429
4658,6.421920595808373
4659,92.26098297120541
4660,2.394725436583917
4661,2.704424742147206
4662,3.9393278109595675
4663,116.78457584428021
4664,5.872163613500045
4665,152.25062048953413
4666,243.12775991724845
4667,1.8434511132880105
4668,114.8011845386242
4669,256.0231667238259
4670,24.19804643349251
4671,1.9417929438263744
4672,0.9912415947241271
4673,73.1703110622932
4674,272.7383291989048
4675,1.7781944442293662
4676,131.07175053387942
4677,57.08700991710858
4678,5.457644012199238
4679,69.36134430219411
4680,4.86605239703071
4681,2.1047559010480685
4682,167.03505116128363
4683,151.9398272300308
4684,106.29727874201646
4685,243.55977177640165
4686,4.190912975528271
4687,238.02092350638193
4688,341.02564778572264
4689,101.27403585301747
4690,5.892751751016664
4691,6.788942583596796
4692,4.336676671834758
4693,104.05148287238308
4694,4.421062036124577
4695,371.9113938764922
4696,4.448229179096311
4697,2.3807036289633596
4698,4.521174814630443
4699,3.5285617195126493
4700,100.13994606531564
4701,5.518802185062663
4702,1.9551975899853649
4703,3.732924003104385
4704,4.961682952384231
4705,278.03255243763886
4706,3.420396580309276
4707,5.0763138138410255
4708,3.0729634526576506
4709,80.9126127907209
4710,167.38248260090882
4711,6.268779401620117
4712,241.3945828169874
4713,3.7718668328758724
4714,5.7673449609012355
4715,78.68125085576193
4716,55.6947061970985
4717,7.385121969977099
4718,5.752911320461073
4719,182.09877843956053
4720,159.78954499926658
4721,6.115357718287273
4722,4.213096817728971
4723,6.314183403624903
4724,61.73340388093059
4725,175.22162888063193
4726,3.2919408412756774
4727,264.83307462740663
4728,243.28503005205204
4729,3.8610644789303503
4730,176.12904263387574
4731,54.273975008139665
4732,-51.25994038624479
4733,5.48330199611838
4734,6.154696866614541
4735,5.621349481059642
4736,3.0365104664840485
4737,64.7497745070944
4738,-20.080279940677507
4739,137.83074530875075
4740,296.99312975929263
4741,4.507163504597126
4742,89.14646261064796
4743,5.537273689661048
4744,264.3521761225181
4745,66.4968324262701
4746,4.040941596999739
4747,2.8495216110352173
4748,3.109108256716328
4749,5.967219281490156
4750,5.823921313021538
4751,3.848756926028804
4752,92.73038163580162
4753,154.75313078597196
4754,151.38658384959976
4755,4.046620283418603
4756,2.0713635797584855
4757,3.678343197716338
4758,73.96216968981221
4759,96.4687983265458
4760,4.954623402506966
4761,3.1258675457193523
4762,185.12104322700065
4763,209.2111975082608
4764,2.3171386610237477
4765,321.8503560002273
4766,36.222910336311664
4767,47.3936845603055
4768,21.371005018367086
4769,-30.3284899045555
4770,32.26795378083104
4771,25.72171136295337
4772,3.874827549245583
4773,4.20810079072975
4774,151.28523517340324
4775,2.307366234311466
4776,2.8862616956907265
4777,171.81865162143566
4778,5.1427337600379985
4779,26.558216269981628
4780,2.0314682908588706
4781,57.535388738453626
4782,4.8811365483153475
4783,3.664071568873308
4784,2.6940260838652668
4785,48.53345312695174
4786,71.89214606879233
4787,5.658796124955172
4788,3.575291930900854
4789,3.178599938250652
4790,141.77518205392616
4791,190.05280371054712
4792,4.510478840333746
4793,164.45480654892842
4794,52.39906419197236
4795,235.43342319368597
4796,3.3241063928761823
4797,148.0766127052583
4798,5.874651803118392
4799,4.277596186280554
4800,343.663591774411
4801,3.9230009225784244
4802,4.8806472282043005
4803,283.646264296934
4804,2.094430071485175
4805,243.07292115908442
4806,4.038980756623128
4807,2.9349997163964163
4808,60.60314250461967
4809,96.4235060992165
4810,1.667648491319018
4811,2.171205809834653
4812,4.840499941231039
4813,251.00192470059443
4814,232.85971327930406
4815,2.7155333794577623
4816,2.4893842738813574
4817,6.089052260371705
4818,1.6911042320446448
4819,100.7920511792048
4820,2.369391920729233
4821,197.23344166258397
4822,116.76038004298385
4823,4.916695540193157
4824,3.196536104858908
4825,259.96430244372095
4826,4.815233971441015
4827,6.152974493101521
4828,215.046720575991
4829,126.61238489614507
4830,103.45493245451192
4831,192.71203300639857
4832,7.11305809334619
4833,3.7602705792297333
4834,113.51668149859178
4835,4.009787630734527
4836,6.674357015305824
4837,200.39529062142353
4838,22.25640359155417
4839,306.00023831966655
4840,3.124544291957421
4841,153.33454592535344
4842,27.64585587801278
4843,2.186977751347695
4844,4.073332561680558
4845,4.558539389605015
4846,7.167974732171241
4847,3.862241603307625
4848,2.501117697090132
4849,4.418466484527397
4850,6.707744096722795
4851,5.737350388222636
4852,104.94457484372334
4853,291.66569531524834
4854,2.76369137439454
4855,2.9174537526820243
4856,174.5485072240646
4857,248.58321657595013
4858,279.4652040632446
4859,135.6664372030853
4860,259.4245930046976
4861,-20.68196691792021
4862,113.0422527207168
4863,6.87947104348667
4864,5.9565957531024125
4865,1.8864457726358024
4866,1.2065180584645383
4867,3.224613686568787
4868,74.43284711798157
4869,1.1587330067264057
4870,130.55258087029677
4871,6.5151408092221335
4872,2.27990370473927
4873,295.3620369995614
4874,2.9941453470510018
4875,3.098063713885648
4876,207.21159107495833
4877,6.47519818164333
4878,88.06598624978017
4879,60.87601407067784
4880,6.021910308221106
4881,5.994096385627332
4882,39.65514080542481
4883,1.8193872570007825
4884,109.78901948902367
4885,-56.43626919288789
4886,249.76364217603285
4887,4.760757276927226
4888,290.11047147020736
4889,64.1314297326754
4890,224.32486713037076
4891,146.13816461017117
4892,1.9925314727393149
4893,5.706716430706055
4894,101.9316565636422
4895,6.5718595967499445
4896,5.809227044223253
4897,6.058244058102128
4898,-0.2421002315750081
4899,191.0795467932959
4900,2.772370441629351
4901,259.4009856492577
4902,4.172042135764265
4903,143.33387420279686
4904,383.23593103882615
4905,91.62901450950217
4906,155.7961629749313
4907,182.52614392145608
4908,4.542362416872329
4909,124.07181927560381
4910,154.6723337939536
4911,93.16949274954473
4912,5.287547087031724
4913,210.77794129641345
4914,142.9936258598193
4915,4.07155943274924
4916,4.662373219372209
4917,6.378626728086904
4918,3.0138398465726275
4919,11.329885899515443
4920,2.0791168185442985
4921,-7.458060047892776
4922,173.12790140655957
4923,221.63646532919938
4924,5.90218516997133
4925,2.237866585983
4926,1.5979999070154918
4927,5.4634449748435365
4928,3.2329270094364726
4929,84.1789050720115
4930,88.66097883639209
4931,-4.553346750573362
4932,5.788285311073572
4933,250.69817504221837
4934,-59.96191560269108
4935,67.8295365815244
4936,257.45081141519734
4937,26.097500332174288
4938,84.9911159817299
4939,58.61585753442204
4940,3.865641856325831
