id,target
1,4.234642393141471
2,2.643721943989127
3,307.78635043761585
4,-35.76140689303752
5,3.6658988782067032
6,6.637909102952836
7,4.925901829490014
8,62.04374501244298
9,72.04055285489693
10,62.981477411317904
11,33.02624312951354
12,-9.517714617835912
13,257.1655227209652
14,195.37266567263134
15,3.6751653883078905
16,266.29840841969303
17,3.108393641036063
18,100.71380324298977
19,3.86773949835192
20,6.6866791783197685
21,-66.43867988828734
22,55.975924658700606
23,4.360341741058171
24,2.5800338400941114
25,35.5604542791186
26,91.97765289616841
27,1.7490031292061419
28,167.9821608358614
29,48.36247009891234
30,3.276906745189268
31,6.352425933425135
32,26.467054517079163
33,39.784086436657645
34,3.5970792051561897
35,2.4612813292781546
36,6.440503641664239
37,268.68234644318744
38,240.4507958834651
39,54.4574284505031
40,119.16761670951533
41,-47.24750888581796
42,2.9013885442413994
43,5.687011174462965
44,4.252920642098321
45,137.62377282235408
46,50.32016465151287
47,3.2799170601713783
48,-74.70364804582785
49,4.217829613705208
50,1.8615165912453948
51,258.85834733776574
52,3.404390446421826
53,2.33825564020227
54,78.48569562957604
55,2.7967104576694757
56,4.563338349059276
57,5.723839152689681
58,165.81701775206707
59,231.46064239157215
60,6.837652173766608
61,2.408139381743847
62,221.88037176756498
63,6.691287445950525
64,2.434244892561375
65,1.9128308002121486
66,4.500707243162115
67,4.883058202141559
68,194.74098476318082
69,119.20864959167533
70,2.2870368206888645
71,2.7417903835762476
72,2.2810455570156978
73,29.072116804230188
74,241.10145456509042
75,214.12513093156218
76,6.3869544337120185
77,5.772912556498594
78,105.35132963116064
79,282.56520737569485
80,3.8019407465551835
81,48.504287596473645
82,4.558911635414265
83,173.52111159187973
84,53.7446523774124
85,-1.1639153113000267
86,2.3057912441371533
87,53.8514461489903
88,166.7038584963841
89,6.119085179172207
90,5.67532362159933
91,51.34438961247587
92,22.553104571808454
93,37.93344917297844
94,4.357536674927754
95,4.017269732121596
96,3.272170480409182
97,7.433771624974319
98,210.25107681193663
99,82.39683779608481
100,265.226551266091
101,5.29339241948259
102,259.4155083663875
103,3.5668354050469
104,6.7263368587718215
105,169.85995367123974
106,10.890960924553767
107,291.90396007165015
108,2.6808232298720305
109,184.04302265774032
110,3.492926981156068
111,56.513278856551054
112,2.0342721058520707
113,204.2178825593782
114,6.264246267402388
115,4.843699776943119
116,381.52388464724356
117,190.714766863389
118,200.90221158334452
119,242.62495823072823
120,331.7209118858012
121,152.97461888631761
122,3.1003046612804237
123,128.14648924550542
124,257.0859290988652
125,100.42972212194302
126,6.304168323526959
127,128.4406232847304
128,3.7940574701085295
129,256.7438160989034
130,96.83246771319929
131,62.51002674848077
132,-3.460826871872988
133,-57.777715897977444
134,323.8311017064916
135,6.0231065775090515
136,2.2710256554209627
137,134.59745292878117
138,5.877801260825258
139,206.3630052233474
140,305.34422755803166
141,59.94426493566038
142,16.157537165484683
143,52.06758156974219
144,10.432627640879115
145,6.630167564687342
146,182.4468196697121
147,218.97748305671462
148,2.1707217197253024
149,170.12541882304407
150,83.39000415516232
151,287.62518214203146
152,246.41798996018298
153,181.41472758187638
154,47.296756851446474
155,4.301123366360066
156,201.4013973132537
157,157.00058943781556
158,92.68131168841182
159,154.49473013126683
160,6.48070259274623
161,39.862150952585765
162,4.808598789659073
163,269.71798623353476
164,2.9239149164161957
165,105.86797316237104
166,211.134128536545
167,336.0711686338772
168,7.036029720473307
169,1.7282089141357706
170,229.42374106311237
171,2.8765970672609025
172,4.341875529182103
173,-56.473923108231766
174,3.6686558516323093
175,5.627372271007805
176,144.01925678344966
177,72.03836432048459
178,318.66657644271174
179,133.549141113771
180,204.39238696454046
181,6.165847014687117
182,2.0930744178482685
183,297.46596239198664
184,6.557148317478775
185,1.6444077891259339
186,2.953322379108208
187,2.8065810165354215
188,4.0319662398865574
189,89.79710634830813
190,4.071457608221889
191,2.2209342165340633
192,22.147000304870147
193,3.4326902159329413
194,338.1816536153997
195,101.65770892943684
196,258.8403482859321
197,120.09448809032983
198,217.57151722272332
199,55.17848975468962
200,1.9564410990140724
201,3.3457338473189804
202,88.53080152823841
203,42.8380683938707
204,4.629693649381403
205,281.4505939342379
206,65.88203404873569
207,213.97478181426126
208,138.08767473870142
209,56.867956391101956
210,174.57102482505948
211,60.11157213697981
212,103.6217569060466
213,242.0398523147279
214,63.469321239447595
215,25.55531427075882
216,182.18806165218615
217,86.56687171609198
218,164.67432459834586
219,207.59767901125204
220,6.107392841183318
221,226.19973748540485
222,170.47035988956696
223,3.0344226926771207
224,164.82847221793037
225,274.59606733559576
226,208.2950449883189
227,48.41339439433981
228,270.68797638914265
229,254.98655890908913
230,1.5127748979763584
231,225.39123919499085
232,37.13332812130476
233,57.075711670144955
234,220.69489516296812
235,117.08934791721475
236,2.177137706923003
237,6.0590901687614025
238,52.785473518097504
239,6.550545242567569
240,184.5891536255443
241,307.08337311630646
242,234.55924595188998
243,4.06488467583557
244,3.4512030529395314
245,52.865810668426676
246,125.17153653614697
247,129.7850360982199
248,6.237671118511548
249,6.018996522310829
250,58.82669484051054
251,51.78884817470076
252,186.79929204077706
253,7.758903049128017
254,184.65323102666696
255,-49.196776856662964
256,5.88165355523909
257,2.08721550316309
258,60.623811600595594
259,253.38794594778267
260,2.4335537835960768
261,5.782115511361948
262,6.191164302538964
263,-35.905484186024196
264,3.7039435624912547
265,3.7093078029837936
266,2.160678138415947
267,3.6151126793408435
268,2.066373535089663
269,192.49658593744383
270,3.2761072546214827
271,129.42835966703166
272,89.24229751979672
273,4.805585717476549
274,4.605878395953501
275,335.3337434610287
276,179.36937131122505
277,211.86156472191962
278,-59.74125758611815
279,4.36864758452056
280,204.42892166537663
281,4.953112271037098
282,189.9150979057983
283,189.1088466153295
284,143.8740513012536
285,253.97936822539103
286,133.56809997777748
287,234.06472821914554
288,5.9942493428185015
289,122.49808411069642
290,4.86289332126949
291,115.07270736886491
292,4.078241785947438
293,86.7370507543702
294,123.00183997502704
295,6.1294034357117155
296,98.01777408375813
297,43.14095416763825
298,-50.75423840470407
299,194.4351863729937
300,5.9459817753686846
301,4.257681443152033
302,5.026081732798199
303,4.124343974526198
304,4.060976729511583
305,4.774493286571585
306,248.63332217037072
307,3.421199516973461
308,3.12413290763519
309,104.74224197305273
310,2.3248125071950416
311,2.390712245387954
312,3.3152573046362983
313,141.80559978043576
314,3.954109419091525
315,0.45863305987346664
316,1.1308435564859656
317,3.905811846874876
318,3.943445855655502
319,46.46044184779241
320,1.8363679182934451
321,6.26816055680905
322,3.433612217710026
323,1.8481746315721854
324,2.5459719816609776
325,4.276664081547601
326,4.905111440397332
327,61.87069089010384
328,3.9428981108112033
329,88.14050220141007
330,47.36835007194719
331,76.3579738423055
332,5.421511837134962
333,2.8129215554110805
334,6.737765767480404
335,134.1658663041823
336,3.91919976274871
337,2.402750153724922
338,144.08333840814237
339,33.85130960777836
340,296.50993438580235
341,172.03512560142008
342,51.91408495229976
343,3.601559784439168
344,2.7432942620350995
345,121.86326442257945
346,2.7872778334109074
347,4.6530241273812365
348,68.49231219994788
349,-48.621076251809455
350,111.70295540116462
351,240.1388390760794
352,24.70030452217287
353,1.3919170131214305
354,5.968276066391171
355,314.27979806380415
356,228.60712108266776
357,2.8159250186402582
358,42.21978912592401
359,4.366994717113182
360,127.96647329419393
361,5.054836469216342
362,4.868223342511861
363,2.3120547581822586
364,4.226316442111057
365,5.497997327675615
366,66.39454761622122
367,4.65542879129212
368,243.42026953562288
369,5.3686558698804046
370,-17.573391375555858
371,261.1632184033917
372,43.319884766476434
373,166.26192572726023
374,-12.123907439557996
375,97.04567469652991
376,2.8825401572315155
377,3.074099799269803
378,3.741846700696553
379,2.7951041047089618
380,0.5706470268029393
381,5.99079589697055
382,6.54131376887667
383,127.64542302805468
384,1.8029905166657891
385,3.7433896031548395
386,272.4050898800774
387,2.119921420095034
388,4.227785023584535
389,72.64832272919027
390,4.493611089440808
391,155.72068155388843
392,6.307954695405309
393,3.7528955900077685
394,322.8611853046723
395,212.92585968082506
396,2.8490603209637717
397,1.8200708648155826
398,5.993817046531612
399,219.15483040367604
400,231.226721137291
401,1.6621393904970172
402,6.314536914900449
403,5.777933502039063
404,5.653569573908941
405,10.118266868131023
406,7.586989830107813
407,-58.65741271895684
408,4.286457043650355
409,3.5498927025654385
410,3.689177270364094
411,2.898277739792721
412,-16.67026451831021
413,331.80530104506204
414,5.837795197276309
415,33.324351183077475
416,3.2626173187161625
417,6.71836952779187
418,5.318001976538678
419,5.417228983307584
420,4.706493908274393
421,163.35090120984927
422,157.26787397302766
423,123.96202206325998
424,154.89567578348195
425,5.6786713033301135
426,257.74758872232235
427,3.1204288715826785
428,243.31711389831787
429,2.4490135228738605
430,4.6153105369065095
431,273.5640110436967
432,138.10611283290953
433,17.931984996194743
434,6.480082630338921
435,59.30821050726162
436,236.89255283521658
437,193.4182756040043
438,181.08072442181063
439,5.846974061084017
440,263.9022194743677
441,217.7693052938632
442,114.19807810762441
443,317.73191850840954
444,5.4308328863002036
445,6.281152904299843
446,69.46467730044255
447,1.421861483179777
448,6.334196020123113
449,311.0173893002703
450,276.3061957283138
451,161.00696109559843
452,230.74327990583703
453,1.8714501286206537
454,4.31695687748868
455,128.6066989484957
456,3.0636856823460374
457,4.8672202632289805
458,270.080055337659
459,66.48903362091808
460,30.949606159664445
461,99.0597357613115
462,6.386604492254225
463,203.31578774137242
464,4.930267205739643
465,144.43070741781784
466,66.45953758332183
467,2.2318117331544354
468,5.408525717401704
469,30.817697496893146
470,17.829812275893687
471,1.816466153455885
472,1.8852102902043582
473,52.48855183833851
474,5.824027420012322
475,113.35385615945867
476,6.401193403653227
477,1.8258006513384908
478,4.4052715994485165
479,206.37867234814593
480,5.036632488131779
481,6.099585878208186
482,233.7103932338049
483,1.719563817993528
484,202.12170524896658
485,112.27739545468549
486,4.631512112567716
487,2.614697556320853
488,199.94165504405734
489,2.6527741705296024
490,4.739733448903559
491,6.314806510904321
492,3.9506542453309885
493,3.5422405615099626
494,235.20274193113204
495,5.907493794982893
496,209.713436268444
497,5.924210182334395
498,5.914052481440558
499,5.456423088912896
500,5.43531466739552
501,3.216611622259564
502,324.5172815703662
503,115.50399859444079
504,-8.140914030997534
505,1.9784429013333533
506,6.537803997549061
507,333.6853283432729
508,81.2910235450417
509,272.55613243674543
510,4.49127594530547
511,110.33087129523327
512,215.13380171815902
513,216.59777629934916
514,343.6855722663713
515,231.5118146425741
516,230.51014046617485
517,294.3804239504669
518,7.081037174969546
519,38.877526130733344
520,310.35008677001633
521,1.7041031938982958
522,3.800392802875066
523,227.86256952737287
524,4.213959599275901
525,168.5115710460405
526,5.652983871047196
527,4.842695921827856
528,4.346645181721643
529,6.355683790273449
530,247.7594484220928
531,59.259315612250646
532,3.539881700308848
533,79.78438089420871
534,4.349988349231959
535,6.728165737736518
536,6.024405741872903
537,1.5578872464780826
538,5.205609448179725
539,270.5537066982055
540,269.0419200931844
541,244.79707243974548
542,55.01645858707904
543,105.87534339155397
544,5.123438752516073
545,4.055282807535026
546,4.042799835643099
547,2.0146871165463844
548,330.37398975088433
549,5.8904636951618325
550,249.12444412277117
551,5.916354836507789
552,108.02087518502324
553,3.5607907617989114
554,68.25892928144603
555,104.78269172074879
556,242.76918636534813
557,196.78946075993116
558,4.977438881596221
559,5.4225242782010445
560,156.54796539029815
561,120.34070391829205
562,168.41794614058296
563,3.1576003187430786
564,17.146118166183637
565,163.03623680692473
566,2.608319051239377
567,55.47671064787201
568,111.56862829974868
569,310.4812780315608
570,4.026263488106427
571,207.47126872053295
572,3.1531980198846146
573,89.76064282063399
574,135.65683272625958
575,7.3222588247230425
576,1.8316432806598317
577,3.0765315588798576
578,173.5789696933898
579,2.9621214469152584
580,285.4511900460028
581,60.436460655803295
582,67.79284083260418
583,5.547232013998854
584,2.9789577702559247
585,151.05298227090668
586,4.985812457615705
587,214.96953288138553
588,3.0846430931187547
589,194.12983025833535
590,294.29375596961006
591,135.99367853609476
592,6.908539388284197
593,238.5718839617257
594,295.05980943004124
595,38.51285178148176
596,5.358564639471259
597,117.29228532378337
598,2.1880452889460003
599,72.10995667850221
600,166.9710587633097
601,148.87827347884956
602,39.8743874440968
603,2.0965935149442134
604,246.69474346949949
605,2.343602812406605
606,2.783070590086296
607,6.75632440688385
608,49.90991405507107
609,279.7498010929223
610,51.03025832438486
611,45.92364803124264
612,-4.157676879024891
613,43.003195504969355
614,50.8663915047516
615,1.9081892710505723
616,179.20440108702775
617,-50.163704141474085
618,233.82653697524904
619,4.675056734231165
620,5.7447758591040365
621,180.82420502757088
622,91.54355702719404
623,147.442207978619
624,186.37468834238578
625,2.4154630279063998
626,1.6739145780230429
627,65.97580632236313
628,4.449388456135616
629,217.41268842517596
630,4.401268768410463
631,2.2818033906563766
632,210.12643016977702
633,176.83018862913727
634,215.76109837825214
635,2.439049784697996
636,108.77176895314608
637,108.25979280162909
638,6.623106183785085
639,48.65224365892951
640,110.96721665960396
641,6.827322069026444
642,2.8561111656280165
643,293.1800345407018
644,3.293126973094755
645,100.41536762922938
646,88.59159272555627
647,188.30384420066775
648,263.37082044902706
649,373.22413204595955
650,335.8271649389818
651,104.31002486341563
652,64.69619072711299
653,3.1944169490038283
654,194.47798581677492
655,12.341154693233964
656,209.94532203080388
657,175.7191789631649
658,290.03975569848757
659,1.905730995070213
660,117.28951981330812
661,4.1141220133726994
662,137.2014195599862
663,3.5067848149772867
664,-35.61922795634827
665,92.81507248627506
666,153.59515181452005
667,241.60201394362468
668,345.52597801085886
669,179.78260131883744
670,198.15890199671753
671,116.26575161569451
672,80.60481748211203
673,4.084355452179115
674,5.64297549889166
675,5.936734801446313
676,5.408925067351721
677,-17.083612403554888
678,171.126690978982
679,5.073521489478285
680,2.844407421600452
681,1.9533956447756
682,75.37998874191133
683,5.674054939356553
684,171.68772465249003
685,220.76076116557604
686,6.0905405328383635
687,360.2802251860704
688,62.30957645802439
689,91.20650337762973
690,342.37456378131833
691,3.5464852411662218
692,87.24002073939431
693,5.052779655239211
694,6.5603329874295095
695,10.676541320081604
696,301.40849979007976
697,1.000647873424585
698,224.3576168112362
699,1.7708035576997732
700,265.91765464716
701,3.628740031436312
702,4.671459696478367
703,62.33108173436715
704,77.96442245654205
705,178.1066409913567
706,206.67082260064203
707,170.17341470544827
708,59.1511386193043
709,94.06459284930384
710,218.42056717216371
711,246.69085609966177
712,6.705145675696635
713,25.89953485929442
714,6.735344135235373
715,245.10948391496004
716,2.9675197006268244
717,69.8328693973169
718,357.15957880576985
719,199.67984704946753
720,4.556035422363953
721,136.3598812359987
722,2.089082897934942
723,6.419029145299733
724,2.9354502526322857
725,2.8864278873247917
726,110.93037758800523
727,248.23092766717866
728,45.684275007340574
729,56.765195408294176
730,11.00418969313359
731,276.775850697895
732,4.537634861552329
733,6.511728416490058
734,26.726937823672817
735,247.92675677750148
736,47.675360244219156
737,42.147734649695565
738,121.01558746658796
739,332.96264721516843
740,126.23140711778066
741,25.375843165947003
742,278.7675599706479
743,140.20871596778866
744,1.7132947359413322
745,283.4050076090875
746,182.3912014635966
747,3.4232732709267792
748,51.61460780496943
749,62.19830162613348
750,204.6894808778344
751,61.53255468617476
752,233.37230773932262
753,1.9094289353083331
754,247.2196374954071
755,5.920398752703466
756,6.078728361142528
757,170.03162817047064
758,2.567383915073807
759,73.33820927944173
760,-2.209251492187291
761,213.91913315529587
762,5.150907744594539
763,2.0929149123175983
764,92.69172762620613
765,4.650331901268787
766,40.09619934760666
767,1.0903889483665326
768,4.986098771948264
769,5.880627380090441
770,2.019270677328972
771,262.52159318657164
772,82.30883579870432
773,133.09599243768005
774,-18.129805977454666
775,49.54962635017655
776,4.339735003517064
777,242.06351538028008
778,-14.45693280571519
779,170.61883337993004
780,63.06356273529643
781,312.65663317414055
782,3.3649278053221385
783,48.77401315990441
784,2.879129791987279
785,62.27159377502984
786,131.00719156750023
787,5.469517443577985
788,1.8841028891359899
789,173.38168324862772
790,58.74754699747472
791,-8.338199462615773
792,93.49059033059783
793,-65.83910160661247
794,323.5678252683872
795,-55.637756020882094
796,127.74093946211315
797,3.4681420321746836
798,60.01137770318099
799,3.3157310266971307
800,5.84752436599303
801,219.1421387076142
802,60.639640291973244
803,153.7394097325543
804,7.092399424562732
805,2.016704396735996
806,168.8001308526664
807,2.6965529896092786
808,63.64074039537094
809,1.6149774277245434
810,52.927299474693605
811,254.66918995830684
812,115.15519390417425
813,288.07010570785314
814,5.833735166162943
815,4.630173785838113
816,6.786902232857988
817,3.359924150463243
818,14.10590715170052
819,5.286846158507002
820,56.86813685559644
821,5.818667189673123
822,2.000653880645841
823,50.06642572790455
824,69.7644200065615
825,7.220620535992308
826,61.72417372087229
827,4.199879560648857
828,6.09447544879175
829,47.621629344851016
830,158.573195437535
831,115.9980972528783
832,6.147610324062141
833,253.73897168028822
834,200.65411581349514
835,155.96538901056596
836,2.0547029215000787
837,98.04178692824823
838,143.83268025407008
839,5.8815491449040955
840,209.54290462780833
841,138.56761409091806
842,54.49133455036532
843,2.3681771443490423
844,2.7715808879374597
845,5.443230534721324
846,6.214385243056503
847,5.449819175253915
848,174.1154421950306
849,6.206354873715441
850,84.60453030675154
851,27.55853845982563
852,34.71888486956778
853,84.69240628787162
854,97.8001536546875
855,7.340382758689534
856,233.63865792431125
857,86.59042138643741
858,81.09133315654903
859,202.96673603482037
860,2.065525981726185
861,3.275202427558538
862,2.753677082415904
863,107.99999606355851
864,255.30715516734986
865,271.9474113354028
866,207.93484920485946
867,5.375500588709594
868,115.38057556613902
869,152.51434917120315
870,117.13669687662123
871,146.2335154827248
872,133.43151990886378
873,3.3362339019919705
874,93.1385279902221
875,5.889327851817278
876,107.98351649414262
877,48.51202112944555
878,166.91096857452777
879,5.189716799124695
880,6.771122643787486
881,159.44504922115217
882,5.762045528780835
883,240.00787138040673
884,5.896123945349413
885,181.55508394825142
886,44.14109009914908
887,2.822444562809723
888,2.1215510789941523
889,268.84263795319384
890,4.116581398221344
891,3.0571599913633283
892,68.80521139590525
893,4.946853960431428
894,4.211092961704142
895,3.482360239107754
896,211.23083588067212
897,2.3147282736743984
898,230.97844375887522
899,-52.21944634822031
900,241.6886033715043
901,4.103521472126066
902,187.07008275052448
903,4.888613762811838
904,126.72015601892211
905,1.9340867035961795
906,1.1434236044608836
907,198.6754007698716
908,16.554543289918602
909,80.75264793203148
910,2.288343384193954
911,6.689146871949125
912,275.7592968985743
913,177.9406137418184
914,287.5557617994034
915,116.31072486161091
916,117.22107707534433
917,-13.339696674792451
918,2.477270441379252
919,2.6061787376741625
920,381.8395274147374
921,71.01376267659309
922,181.21405666452685
923,2.387370154673242
924,103.94340126694803
925,189.9497573476661
926,52.714326651524324
927,57.914457575491
928,5.118335810187942
929,24.037959491646184
930,7.266298104697005
931,211.81537137288467
932,184.79643808948094
933,5.392764445014178
934,2.0959492519832095
935,187.9692310114551
936,63.33143917446401
937,3.7170199830613777
938,4.6529873931017915
939,71.56713545175523
940,1.3928416207415828
941,6.0326050279102565
942,4.810466818813976
943,127.50666111477197
944,4.450851480213784
945,2.01499253681775
946,65.19146225678699
947,31.414676248021507
948,54.47708706527182
949,233.85600822306526
950,356.8628099460637
951,-0.7074515350781244
952,-8.805946478018122
953,6.145184855478956
954,260.35136344779426
955,202.39786356511632
956,163.6129932369028
957,2.5735159599744666
958,2.8456512956295565
959,187.79809937005564
960,42.70657127590711
961,154.99989182090883
962,3.181654221061794
963,6.610995049461951
964,5.003132272802038
965,6.256022108294562
966,3.4776363429267922
967,53.846731028316675
968,177.9038800731462
969,197.3747389242016
970,6.251784715882659
971,371.7148751301031
972,5.326188036880626
973,109.4884626622997
974,5.356278169111001
975,4.213211636274461
976,5.364944686733592
977,197.93761641941268
978,294.2544153787859
979,2.07333750830951
980,1.927284588843889
981,19.99909365678416
982,44.0377442193692
983,306.42212681976474
984,325.570780046693
985,257.0877239414791
986,98.62627299853648
987,2.9439555881268378
988,239.93271347404567
989,351.75765114299105
990,74.02614802907792
991,4.154183298282918
992,318.53121234130765
993,181.27654246707309
994,2.9423933411895185
995,-7.0687913057264
996,2.576477404896916
997,2.037490043808568
998,36.64016847622817
999,72.64873612629918
1000,-9.116013513787896
1001,290.2044198650856
1002,154.50510454816796
1003,5.512240927746718
1004,1.2870063632747986
1005,1.9565616634560912
1006,3.808892615677982
1007,123.87339260038772
1008,1.997938671580817
1009,6.072033846149395
1010,21.002101807735816
1011,265.03256670765757
1012,22.060245649500484
1013,208.6306150450088
1014,58.30852333121595
1015,239.352977102104
1016,6.676727317812926
1017,4.873258147036041
1018,3.4919403536869336
1019,6.582897732530753
1020,3.9779076935058826
1021,121.64366192047908
1022,94.83325808676537
1023,184.81770776340008
1024,177.5795385126106
1025,5.154206624119073
1026,3.603308083991344
1027,4.9754711110271
1028,91.62772382756336
1029,3.729449405748184
1030,37.16819748142471
1031,276.84049833941924
1032,3.04852402636989
1033,2.304172773165196
1034,247.95629364723283
1035,1.928499715128261
1036,248.47314712924072
1037,6.774749581668836
1038,64.29810490146367
1039,3.6522022344702108
1040,-32.30794711193457
1041,3.2349334739420685
1042,3.131483731287253
1043,3.6172494902451673
1044,348.34511318958647
1045,113.18201763589842
1046,36.2194287670779
1047,225.1862547291914
1048,1.815071694307604
1049,2.6248552198040973
1050,6.282063180306801
1051,56.48017517227802
1052,178.5307041421473
1053,248.44352521957336
1054,6.419897058081929
1055,51.068801307356864
1056,21.036546243836703
1057,4.327684839217298
1058,2.9221132111387735
1059,2.8297586588712744
1060,105.83742158544248
1061,3.7849966496426344
1062,6.223291839527579
1063,294.3712488197823
1064,257.243969627744
1065,84.66837485558415
1066,275.96359236363304
1067,250.80325400569032
1068,6.053089510830458
1069,4.409007173163135
1070,323.61735188366606
1071,152.51530408785055
1072,5.800070754209981
1073,3.6875132881565236
1074,6.456976297062211
1075,4.866767372152665
1076,290.41179369573604
1077,6.294997737865361
1078,149.6692376067387
1079,2.921900955369644
1080,2.7368217352793467
1081,5.743750195347069
1082,4.195503644996761
1083,3.3823054489863327
1084,6.344710162857627
1085,117.1275607544058
1086,160.7557158593576
1087,59.200918671713026
1088,264.39625037068424
1089,8.517582257082067
1090,148.42067356548935
1091,265.4596810131569
1092,5.690629188234881
1093,4.580294432506825
1094,6.7450990385223175
1095,3.5860489895756302
1096,2.593854048930634
1097,4.8941058215988935
1098,78.39771958192955
1099,118.98763434850468
1100,5.6347159267801725
1101,4.789896051282729
1102,6.317936262910011
1103,264.85642388111097
1104,4.617255621655882
1105,99.89721136908281
1106,5.591454910903172
1107,6.084964418026153
1108,12.53161750941871
1109,103.92365242624683
1110,74.06378159813463
1111,3.1980986846526314
1112,211.73647431181618
1113,2.751841311038387
1114,177.43250264573066
1115,0.7227852763034397
1116,5.385656071315603
1117,287.8646308436263
1118,283.9899487685507
1119,4.651478162332571
1120,57.86404693085492
1121,17.927124034306058
1122,241.8691270980101
1123,3.52004422077675
1124,187.52377074738075
1125,2.742971212100705
1126,71.41801479921686
1127,6.038813578270585
1128,-49.762512772021005
1129,146.5708684254942
1130,6.196202730392959
1131,37.83531896727105
1132,4.521505596223468
1133,-67.0664191495249
1134,196.23528599515265
1135,203.46898497859667
1136,-53.67262401735286
1137,3.885185349355459
1138,53.48332754241041
1139,110.80728399067
1140,120.49911010422959
1141,226.37119225065794
1142,141.32185361085982
1143,28.654491005749357
1144,-45.89625748447
1145,121.57741866045558
1146,72.8653129966898
1147,4.434191502690712
1148,84.51590210335937
1149,27.695034369572475
1150,4.254398473158738
1151,1.5195232894130573
1152,3.7610667460113403
1153,4.551863424865596
1154,39.16948975612978
1155,171.48981389028182
1156,6.601820646539414
1157,72.02237802972661
1158,202.37753435785294
1159,112.53771051809176
1160,74.17775632532029
1161,1.7143505217565884
1162,5.78444926537482
1163,5.499612291406361
1164,4.882506638400215
1165,196.6993014868181
1166,42.07007011028902
1167,-34.39616361383278
1168,5.239983162267709
1169,173.08317738036203
1170,4.909082167212778
1171,4.5194783472483415
1172,-12.977786915193299
1173,3.9358892977025492
1174,204.75715095969971
1175,-55.31173746175409
1176,240.97771693878337
1177,1.8630153143888637
1178,132.9495635633814
1179,2.62892944671219
1180,2.9892017278978473
1181,1.908400157907184
1182,128.63569927367791
1183,7.4106224226232325
1184,4.122514394674911
1185,281.5757444439422
1186,135.71861179741694
1187,4.496567231607815
1188,2.8468388227248393
1189,131.37828222188745
1190,3.405727310127929
1191,2.8539900124638558
1192,4.881662163753692
1193,171.76722230543461
1194,5.4705319677478395
1195,2.060697113992842
1196,254.7152011771858
1197,92.05483877731504
1198,3.071951142239005
1199,244.91008972764098
1200,51.56177415421
1201,230.1100108099959
1202,77.62697901608168
1203,3.5373597173664026
1204,164.44041914668222
1205,1.8319046199558584
1206,160.7540987891348
1207,118.53706276629586
1208,222.1917781894819
1209,240.27234235328385
1210,202.7312309318025
1211,217.79126475299475
1212,5.995703058074712
1213,4.3172224091005695
1214,196.25222940420446
1215,113.0756113748734
1216,228.65842125552246
1217,167.1943310830983
1218,-34.67902764996583
1219,5.86481232015266
1220,5.540246910644582
1221,252.48700879481623
1222,6.103777191789291
1223,2.4376665384823344
1224,2.7879432278731535
1225,121.44752678009772
1226,1.4383463555408778
1227,4.9510195772536
1228,2.2657472637351246
1229,40.3400789187963
1230,107.10163180336725
1231,225.96210841364226
1232,1.8118363682995717
1233,-32.62883758599138
1234,3.0910226965836305
1235,17.09468524713262
1236,264.5863349241108
1237,4.042946747591668
1238,2.179451425038496
1239,0.884258849897567
1240,39.79625826121667
1241,2.1128606903520635
1242,4.435860818713692
1243,4.991561412152384
1244,190.5200291065233
1245,3.9568510093069493
1246,253.04407207722858
1247,5.667560635398586
1248,112.62141694194283
1249,158.63494104879163
1250,7.663623737871791
1251,39.14667753303272
1252,5.465561446289975
1253,4.220018391324549
1254,4.331463190858055
1255,33.15913705192356
1256,69.8030852273234
1257,124.75425740080766
1258,270.67179415128726
1259,45.733061433754756
1260,268.21215577092966
1261,5.748374715360017
1262,5.508616938538014
1263,198.80772528752885
1264,2.022913890396589
1265,7.910266925194439
1266,128.91582567754742
1267,2.055067708729636
1268,6.713704823578878
1269,269.50831192803304
1270,-54.054577169701496
1271,235.69008534397716
1272,52.99184653510865
1273,27.719387752259976
1274,237.7443146397444
1275,183.15118772067507
1276,47.79578881258948
1277,4.189749557131556
1278,1.6721127476153992
1279,4.0224033540613275
1280,-64.0110957354401
1281,3.6492902104823512
1282,35.15916436911377
1283,159.55753597287696
1284,2.8446565336549434
1285,-53.73929384444362
1286,2.723384307908507
1287,42.20493838510481
1288,140.73698748604718
1289,4.529505223104378
1290,227.72473799452342
1291,3.489195691739655
1292,49.764200898411914
1293,103.35977769974531
1294,263.10665800376216
1295,170.3870260690864
1296,5.91373536203354
1297,53.232237112206015
1298,-7.709397145871019
1299,5.1908725155777935
1300,166.32558172284593
1301,223.1545620672103
1302,197.79631942036667
1303,6.295488559043676
1304,3.5559372767723936
1305,5.002961693636911
1306,54.81365473427569
1307,144.2755169826961
1308,1.8987642781608787
1309,4.857082557562713
1310,347.6118345556319
1311,2.6709913496278124
1312,6.663553111569778
1313,31.47104249410802
1314,179.08303490114224
1315,183.95264942578228
1316,272.3083886232513
1317,66.64090719374283
1318,2.0802918363942724
1319,218.73623801058596
1320,239.62922611609483
1321,13.272635238747029
1322,53.006829097664394
1323,265.66305064288775
1324,232.09336064226918
1325,50.7040502967169
1326,61.92320332198682
1327,230.50369510430806
1328,3.314073316605172
1329,6.128514812929851
1330,124.74441086673886
1331,-18.439126209595926
1332,318.87623827674275
1333,1.2634569731070253
1334,340.4997054126492
1335,1.8444575822731952
1336,90.8087604094514
1337,32.776428555581646
1338,233.84425639789154
1339,6.993574679350342
1340,212.85092123171637
1341,240.1039011985851
1342,172.28282366371596
1343,38.13940676685869
1344,118.25182834799972
1345,3.013487326559293
1346,64.04140331562428
1347,86.98642504591835
1348,2.9757747772053293
1349,195.405292536771
1350,41.94740733051198
1351,228.40426467140685
1352,2.643777184240589
1353,13.321517181393155
1354,4.553893939855219
1355,5.565924815851492
1356,3.5271860682610026
1357,5.915056687590577
1358,6.729848427352331
1359,1.673176103046788
1360,306.63519938401157
1361,4.115761446697357
1362,6.4072531988857016
1363,69.46592891189434
1364,3.4910606472634957
1365,5.9064319947785
1366,6.237789921649682
1367,5.8678305585217005
1368,4.98027672707391
1369,188.45581675818383
1370,287.45034514762375
1371,224.488144076584
1372,34.28585761341563
1373,3.5397961662048223
1374,184.81847877968704
1375,194.41684398650824
1376,5.248641769289478
1377,4.992115682227356
1378,100.28606743003857
1379,99.16547419660878
1380,96.03885674398178
1381,240.67221950637588
1382,87.74354943753254
1383,51.394788401321925
1384,-7.7513614070303
1385,155.15309593046993
1386,2.3317307060955965
1387,76.64352487171715
1388,1.6496750504585835
1389,211.66089813963907
1390,173.4167469619636
1391,113.36761146993
1392,45.63222506241566
1393,272.07542994246893
1394,-22.194512757232243
1395,35.231504037389215
1396,187.13640447611823
1397,5.371838092264951
1398,200.7016713567129
1399,1.691989372998846
1400,81.76007571841103
1401,324.91138925275607
1402,44.538324082453016
1403,295.7044179892549
1404,108.99979272390053
1405,128.89774371559363
1406,1.9836536752848606
1407,123.76517781683296
1408,7.541817501027559
1409,3.4533601974992227
1410,250.42001031689767
1411,249.59756996954616
1412,-36.587852597880655
1413,119.4735692780088
1414,248.95402412192502
1415,1.99987449709206
1416,2.8334489356794186
1417,3.873724072903886
1418,316.73512832377247
1419,154.83835741831652
1420,4.45184825341085
1421,45.001466847877865
1422,6.789695698993777
1423,2.9663096206755206
1424,5.509774284680573
1425,2.0969960942629395
1426,-9.716331806314745
1427,3.4876168388221256
1428,4.864713657830727
1429,3.290963554669397
1430,3.532022275326486
1431,6.229192020317711
1432,189.12962489170258
1433,2.796190169177646
1434,6.426993599448409
1435,4.6464921622370206
1436,-53.49648756765606
1437,179.05740514429192
1438,124.55213701544133
1439,6.366374459090215
1440,2.899330968135971
1441,129.4587005392707
1442,177.12029971311796
1443,56.12557291887433
1444,5.842557408911238
1445,48.313600567479405
1446,278.8228117388404
1447,244.3719378189253
1448,-8.805099984872504
1449,5.889233245908968
1450,283.68499024774485
1451,138.36547113174336
1452,5.283858353710606
1453,5.552447207566067
1454,174.0198911975524
1455,67.37771401682906
1456,-2.5668654928550705
1457,7.902299428584473
1458,4.203285852827429
1459,295.71349975577664
1460,340.6226427460472
1461,165.40605947247204
1462,-18.150156756034548
1463,84.86250777349264
1464,5.837925717912068
1465,3.105706052701552
1466,227.000523773901
1467,6.038174213713665
1468,5.436536403101696
1469,37.07184512148763
1470,3.8612247654882754
1471,32.77538839291195
1472,6.736168805749891
1473,2.0111307349123586
1474,237.4261037262397
1475,98.15947219883674
1476,6.594824221526499
1477,2.4479054648373717
1478,121.5670963612029
1479,4.767782015195159
1480,106.8180669315436
1481,5.87315319894849
1482,159.9921492591925
1483,5.953069137489862
1484,246.41653739223182
1485,185.6005370311567
1486,6.388569760535536
1487,3.5430897817167315
1488,82.10578873485596
1489,-23.230937020373567
1490,83.39632326916973
1491,3.5801106991952167
1492,2.064756207755716
1493,7.504023547047153
1494,5.4898769199133355
1495,44.140538645027206
1496,7.699392325738955
1497,77.50297503201472
1498,5.830993947942783
1499,76.04245053846005
1500,6.845012165663643
1501,5.874290146583338
1502,96.69615790263535
1503,5.708881207040157
1504,2.0907247927297665
1505,4.862047171842197
1506,179.70440307262808
1507,39.60328481422356
1508,76.9124968454387
1509,61.86994905907153
1510,3.2996778046219157
1511,-20.989084421380962
1512,62.218815780284665
1513,5.0050618109645635
1514,251.07993386943627
1515,56.822728713965375
1516,2.8287497500418954
1517,346.1731421235845
1518,4.316149891585944
1519,252.9954903525059
1520,5.118319934093391
1521,29.65634775679588
1522,4.910619384486077
1523,2.9882045789910245
1524,104.9732363524255
1525,-33.79517961221785
1526,2.5943610168137288
1527,5.545183174759943
1528,3.046948859750257
1529,213.91237149304555
1530,268.0074436777601
1531,3.679971011144705
1532,6.002924072791959
1533,3.6768798489338086
1534,-0.8922263290884452
1535,71.05526478997965
1536,5.896755937140304
1537,2.5153894325679573
1538,293.60862911084206
1539,165.99557631346806
1540,2.1580583884941102
1541,112.21051698121303
1542,3.2095675494473133
1543,17.756847270602645
1544,7.85428609349853
1545,3.5825186615241034
1546,4.440790942318703
1547,-41.05068801339975
1548,197.39148686432864
1549,47.064130308123545
1550,3.3077879607805007
1551,2.280560959035566
1552,232.89221782217936
1553,5.802492694385018
1554,288.2785663939742
1555,135.4639572258866
1556,3.6605151867771593
1557,14.26788207108876
1558,3.7692048822132094
1559,239.26678465012426
1560,217.3545297850024
1561,192.63020194462553
1562,242.49548139431403
1563,86.88239714183013
1564,3.3377629547467462
1565,89.17623795327574
1566,3.54190791034679
1567,20.67691605224136
1568,101.24494283197808
1569,16.757179775984568
1570,286.64597351921924
1571,2.556375292459471
1572,85.01034946730907
1573,2.190117061527368
1574,4.282569832230794
1575,5.786410226153331
1576,3.780162454535986
1577,5.644541512779988
1578,90.91519136277813
1579,4.887998506093556
1580,184.17093830310654
1581,267.21837220145676
1582,6.707494935597046
1583,280.39711167398104
1584,305.6749845547048
1585,6.493090444179858
1586,5.179114170380908
1587,52.85354086282428
1588,305.1809327407758
1589,7.190309952859219
1590,6.060325648735264
1591,172.0195601536003
1592,7.047964872358689
1593,121.2399245515009
1594,139.3020901391356
1595,126.55255741722247
1596,5.5176237136845865
1597,59.408772024111315
1598,6.733787213907167
1599,3.9775433118552677
1600,4.223940356445184
1601,2.6531222432950727
1602,6.00458808467865
1603,285.47084314630115
1604,48.59908055044523
1605,127.80178686492916
1606,270.15356947235273
1607,-27.6168879156386
1608,3.413594301375664
1609,7.068970488519705
1610,4.0370353745054945
1611,208.0739173763422
1612,96.10438314195537
1613,2.241645386048414
1614,276.09752619589693
1615,5.765396308761626
1616,4.081775121897509
1617,188.4407999728037
1618,233.01252230751282
1619,3.602996736424548
1620,78.33686982660551
1621,2.5390108837799596
1622,2.53846190000355
1623,2.5064530953480753
1624,246.37145373458407
1625,60.08423143425669
1626,1.6293679878926248
1627,44.43716354691979
1628,3.9450708741342027
1629,215.11859870419846
1630,125.38259384972946
1631,3.107285482717036
1632,297.00942556519436
1633,5.216365284263153
1634,35.024691395633475
1635,3.619904538311444
1636,4.879815823724141
1637,6.693391386006986
1638,212.6774529954916
1639,46.25732387885867
1640,4.5235196225641685
1641,318.89048762130767
1642,136.63539680903483
1643,193.19748141849064
1644,127.022928164473
1645,177.98626393736077
1646,5.845000724890046
1647,6.539647635868004
1648,42.31195353648661
1649,4.247361285642501
1650,85.33208371381448
1651,6.720345905916146
1652,7.200390672770861
1653,228.0050952045413
1654,6.549322825342076
1655,297.6603799254651
1656,50.48121077276461
1657,1.1385300789501045
1658,299.0903741276204
1659,2.154715861843708
1660,-15.435754808558048
1661,6.728151052935717
1662,197.0913222679149
1663,5.88184105732025
1664,118.7709605235643
1665,1.089092295932125
1666,94.84894210784879
1667,-62.54713942347282
1668,245.04291206091517
1669,64.73930932989029
1670,1.9835175890231316
1671,2.2445446400021076
1672,5.3757930597130485
1673,4.387198915655463
1674,116.16689396267124
1675,2.1498528237004213
1676,-58.534601123262064
1677,35.211037741237654
1678,-19.13326839834995
1679,223.40344683723978
1680,98.43496612999917
1681,1.3923820746798168
1682,3.08340764955616
1683,71.6904314684503
1684,18.15665361126895
1685,6.819665152628448
1686,139.26236206517598
1687,6.926588873569115
1688,184.36071849717433
1689,278.18861587069574
1690,3.218035130057616
1691,3.763745667407988
1692,4.413730927257829
1693,2.191498275118773
1694,64.36588664331255
1695,221.77986055358863
1696,145.41772726459425
1697,2.002434018237427
1698,214.587366509816
1699,183.09041736589108
1700,125.03067284558149
1701,281.8931587086183
1702,-56.083181503212515
1703,5.857411377892876
1704,5.672246663221191
1705,2.9225927255466764
1706,99.83643293520475
1707,5.279892659578901
1708,67.57786547273184
1709,130.6108082312913
1710,6.220524239240872
1711,65.62901939584923
1712,1.854898885176909
1713,6.077919509737425
1714,-46.78012535421662
1715,4.881355304295292
1716,2.306402628282832
1717,40.334388548248
1718,116.3908019711081
1719,21.068897784106113
1720,6.10837082622526
1721,240.12406130296364
1722,3.3969153958566567
1723,145.2728540936245
1724,122.98223234297555
1725,3.499718411463617
1726,4.141997763889021
1727,256.6924377102026
1728,4.582995234123383
1729,3.5400055074578853
1730,34.68143525722427
1731,211.53664105952595
1732,4.952316925358907
1733,372.30236932645556
1734,269.21961351942434
1735,186.2995806660192
1736,3.473634278263276
1737,304.0739088358878
1738,286.5874946406981
1739,230.38395235246483
1740,102.62829888884758
1741,57.152529635708106
1742,237.12078556559823
1743,5.088684652052047
1744,117.62580862107048
1745,18.239952443555573
1746,3.613684205318882
1747,7.470242755643211
1748,215.76156367850606
1749,3.6198260762666434
1750,100.41365965670627
1751,40.29553191866742
1752,6.913510843775003
1753,6.00222104663569
1754,278.6843070493093
1755,226.42385658156417
1756,1.9099635312767176
1757,222.4075894520518
1758,318.7158059731515
1759,4.742766468026279
1760,303.0907395112399
1761,263.5270600425231
1762,23.04032906212766
1763,38.92101416946241
1764,3.451500902669391
1765,5.043168349815087
1766,210.13856209172482
1767,162.91391813147231
1768,5.567446280895072
1769,38.94051611367542
1770,70.98542018160825
1771,2.3404139196296248
1772,228.90871951313244
1773,287.9860267104823
1774,6.654855164397386
1775,296.7233493082555
1776,2.429189703466473
1777,20.25635177293079
1778,46.709779644392945
1779,-31.04790444644354
1780,115.70251425206138
1781,5.6481134756934
1782,192.72087012779167
1783,244.04568206859193
1784,4.096102969929939
1785,47.2561936036899
1786,2.933718143853846
1787,57.90094140340666
1788,5.258100958606073
1789,2.5080665798041983
1790,21.686437406321108
1791,3.9850624930503304
1792,2.7677257144769736
1793,2.0170047792643073
1794,162.6703391753266
1795,190.71890536677026
1796,270.00315717520823
1797,157.34912565505513
1798,6.259484231973138
1799,217.54072129437262
1800,119.4899355397734
1801,5.063362634563694
1802,2.252443965090306
1803,122.9752687943724
1804,4.247773267327602
1805,178.3335715483476
1806,5.457207188864578
1807,291.33578145093753
1808,160.63704883903287
1809,68.6728208790357
1810,4.571707845264995
1811,2.6610119288847196
1812,19.717516563947132
1813,3.617189021293627
1814,161.11813944778373
1815,243.03842494459155
1816,5.690048852006382
1817,115.2576448999871
1818,65.91428439371825
1819,236.14246054787017
1820,7.144250595239081
1821,3.011219131241961
1822,267.2163705101188
1823,-17.074784359727516
1824,54.167878062895
1825,2.3162205129026527
1826,5.938020282073556
1827,4.676391558241803
1828,2.0987413811129794
1829,195.69564819567165
1830,222.62452660270736
1831,6.748830411860577
1832,53.48434012601298
1833,3.175433856475001
1834,3.7426090781436177
1835,110.77837037797599
1836,6.398017346548029
1837,6.054816545977886
1838,5.884174878791035
1839,123.52420945889602
1840,-9.135345697760128
1841,-75.94099012543847
1842,245.6751431164124
1843,173.95353718366567
1844,248.95402412192502
1845,141.81291622704583
1846,40.327829570197345
1847,277.61385013781234
1848,121.05295668884425
1849,3.9819346839506293
1850,5.860804128128461
1851,-69.16527690226047
1852,6.486531730206044
1853,94.66624867742684
1854,76.88450845764704
1855,5.307867404775006
1856,189.93238567388258
1857,2.3001394846756846
1858,5.027746735875558
1859,6.211269682080927
1860,5.780219939447909
1861,150.75510798788684
1862,6.378552562447032
1863,70.65089147496741
1864,62.49896090094433
1865,217.62425203364813
1866,136.58904771333277
1867,59.58859688781669
1868,268.4839024643657
1869,155.1641450580438
1870,3.37791377220376
1871,252.323578543234
1872,26.032066952470622
1873,2.871763525401497
1874,34.128417052942474
1875,82.40200140369632
1876,2.823578480908751
1877,2.3571046021883673
1878,76.39949028044049
1879,55.65001513431126
1880,260.54719266006646
1881,5.95082126245883
1882,93.39658341632423
1883,6.239754834615681
1884,84.20241785734851
1885,289.4238733402112
1886,272.0169112290508
1887,3.374163459115666
1888,198.7897288882923
1889,234.64327763899547
1890,2.286201612739894
1891,263.26563325275566
1892,215.25044491998545
1893,4.1925411769654435
1894,2.0356303708232124
1895,2.823809059641666
1896,5.86178363782458
1897,55.543075580704034
1898,-60.600660239399346
1899,3.2065593982165486
1900,5.826105260917392
1901,268.0029160375751
1902,229.14973569027796
1903,-56.722467702226496
1904,75.40423736851137
1905,73.08871347063516
1906,171.72338220663897
1907,6.747238294679959
1908,6.082485411480413
1909,119.03208648347699
1910,6.164564436423378
1911,4.860126863160399
1912,4.204653662650682
1913,80.83909678353906
1914,-14.814063148819928
1915,7.077964585076526
1916,1.6997832471212155
1917,3.340998235438196
1918,152.41755322053737
1919,4.633948815560894
1920,4.582099406211278
1921,74.2256835807191
1922,3.1928657483403633
1923,6.62395812257429
1924,2.8219026081964285
1925,4.4863424032418875
1926,105.6698859263293
1927,134.23780260557655
1928,3.91718374622244
1929,48.936703957138434
1930,2.8294033874668716
1931,6.010969603055022
1932,4.895880884831855
1933,2.934794752851056
1934,251.3954795118688
1935,6.289450290693056
1936,5.076301292826941
1937,37.723604852392434
1938,-24.024522881954276
1939,2.7001899664585762
1940,273.8673273414354
1941,2.967233250388913
1942,227.03907076051527
1943,3.2778255300949932
1944,228.9360271508628
1945,295.7120357317382
1946,5.865816335371534
1947,87.31555892789557
1948,5.792644597499857
1949,19.150428756114334
1950,26.315529820338803
1951,2.4756868109599712
1952,42.761010066049614
1953,398.4366339724163
1954,2.6393306451343497
1955,86.24830386176947
1956,1.983173300694315
1957,128.95585267585938
1958,3.909799566448827
1959,175.75409924957492
1960,51.441382104032215
1961,0.8745616966532563
1962,4.0781006235905135
1963,3.0601496570792235
1964,4.923281743636046
1965,94.63630358915748
1966,3.299280238675622
1967,5.192397851901931
1968,270.672213199361
1969,74.30826662248187
1970,5.8541036234534864
1971,1.6403277572974346
1972,103.76351205656835
1973,-32.698175768539926
1974,2.748003932644985
1975,3.169600195389851
1976,318.1389791270278
1977,1.6729417296306748
1978,217.22850254573598
1979,99.33625824459861
1980,268.9180543634724
1981,170.0935177242468
1982,113.81592350787058
1983,58.90169372861169
1984,8.473760692765872
1985,4.9962708916141585
1986,3.921381936747649
1987,6.368544389787129
1988,1.2329070974478447
1989,5.931777053476635
1990,4.922347800630762
1991,31.509422336964096
1992,4.445136643171242
1993,25.2328177513643
1994,1.9185388624457107
1995,100.24677747295561
1996,3.7345988399798853
1997,2.6054369181741164
1998,5.650052775614953
1999,316.38147426281853
2000,5.909643455393649
2001,284.1592320934406
2002,-56.64888111176274
2003,6.737794232440093
2004,336.88172282694484
2005,82.48943329812644
2006,5.023717395518936
2007,47.44843222583676
2008,225.4420502203723
2009,139.88381661141875
2010,315.0559809981629
2011,6.310939036230852
2012,184.62498215872458
2013,-37.12743379760968
2014,276.6044977512191
2015,205.39908011013182
2016,39.13905662360436
2017,2.5266554632477263
2018,123.65470813734657
2019,78.90665832595039
2020,6.73909294873977
2021,4.603269176648743
2022,185.90240672176776
2023,109.45054176696422
2024,2.7900413761952074
2025,4.216704545950308
2026,72.96576782687495
2027,5.931906012812489
2028,6.35149673417692
2029,40.20283290035903
2030,304.0463945874259
2031,108.9857443450365
2032,283.9386735539141
2033,225.15925721500113
2034,2.5014184188757063
2035,64.1463154830281
2036,187.62914445899548
2037,5.324456450080896
2038,2.955502356935315
2039,2.7711816847137656
2040,138.88256504127287
2041,222.3405666444757
2042,3.7745050313515596
2043,189.91997339086458
2044,2.4842780885855094
2045,89.47843602948578
2046,286.506058345045
2047,5.304500164286829
2048,-12.997549255690629
2049,2.3192275553444124
2050,352.27961803535834
2051,3.64820735318676
2052,3.3781387473043987
2053,233.98166627154086
2054,4.450217169037265
2055,4.041551681707838
2056,-46.14675307612167
2057,186.8586725521845
2058,-18.73530180182311
2059,4.929446356860331
2060,33.68104118984951
2061,2.238783569291889
2062,196.46882270262003
2063,3.400775219697105
2064,3.557669953653895
2065,3.645233036088711
2066,1.9913389492566782
2067,6.331545702088563
2068,3.1375613914931937
2069,1.7534951783689112
2070,282.87739317966304
2071,295.1591587210438
2072,4.413434688600383
2073,203.17936946271354
2074,368.98845032903273
2075,256.4385240579026
2076,3.584434319995026
2077,2.873494772031285
2078,3.698579864847261
2079,4.297974250227113
2080,2.7154779207151933
2081,3.3295805018947418
2082,5.567989623479113
2083,38.35141048925847
2084,2.9706785025315217
2085,5.1970411192756805
2086,94.62390878185396
2087,100.90782941195526
2088,12.387264386510513
2089,82.47225964538652
2090,250.5679577736131
2091,163.44146959546794
2092,-92.56281492658712
2093,5.197281032079013
2094,4.047809613450814
2095,66.39520129727448
2096,46.63465074831654
2097,111.17306397085537
2098,5.360195063984819
2099,-31.02210391067181
2100,16.27631422028373
2101,5.673329683017295
2102,6.988456748011086
2103,83.71468519322858
2104,63.844319055571276
2105,18.73388956272686
2106,311.44970275023377
2107,7.255666986510175
2108,7.115112095250792
2109,5.93743262504171
2110,243.50153929795636
2111,3.618275644894869
2112,33.37190759729596
2113,89.15061523198642
2114,2.5077650854561693
2115,49.967611253852795
2116,3.774090886811628
2117,3.5707435261417046
2118,3.3744730245885006
2119,116.85257598507499
2120,4.132993085904955
2121,185.3619748186432
2122,228.91858850876997
2123,3.4439577265931693
2124,1.63157575212538
2125,4.573914201972329
2126,6.059665118274077
2127,56.051065223554644
2128,204.36447573784528
2129,1.802240151337452
2130,2.0605575820817803
2131,5.492655497278735
2132,6.01323408337308
2133,220.5302724738026
2134,42.74091634096362
2135,232.87727171198486
2136,30.22605613720523
2137,243.5030520655294
2138,2.9974704697732406
2139,68.78571628113616
2140,44.25848452221966
2141,54.96311047546055
2142,5.556704733130504
2143,-17.931465216562895
2144,167.84876990866405
2145,44.460017104357775
2146,4.143311067766554
2147,4.074301804211958
2148,74.12148687947506
2149,-61.09354108737253
2150,-3.2439698067785563
2151,57.224945823039775
2152,4.787655277195618
2153,3.2949953834456713
2154,1.5387983436238786
2155,2.3814952845848447
2156,5.887949405834394
2157,103.37254299241192
2158,3.888757352816144
2159,330.8890581004564
2160,221.98757967411612
2161,319.810373293467
2162,1.917862828260403
2163,301.7387027840542
2164,6.353177403986253
2165,3.0190190950566462
2166,2.375943531675635
2167,32.576125885044114
2168,310.33254489498324
2169,2.132362504152753
2170,2.6135768779521595
2171,155.003542530257
2172,5.306774375992706
2173,279.94304627781145
2174,255.35613272595793
2175,1.2164746789592307
2176,4.779223116985133
2177,-41.848509385607144
2178,4.220812150088983
2179,78.38925871322124
2180,278.59907377132754
2181,2.7466713805435585
2182,174.9597959870019
2183,179.18002418402236
2184,5.901201200708797
2185,1.9662287998082335
2186,2.971943475967351
2187,4.811426310446929
2188,262.827527314485
2189,261.7095720176592
2190,66.00612744329347
2191,2.700896406304124
2192,3.254709682132145
2193,162.1822676190657
2194,3.106683822502255
2195,4.680069138087511
2196,6.646588296329499
2197,2.024487997592951
2198,4.104842366898799
2199,3.4486534252440553
2200,1.7528474298920653
2201,4.758467008600697
2202,76.58363955250007
2203,2.3812867807711213
2204,1.9638885441486278
2205,102.64630185671322
2206,5.322037605247258
2207,166.3730771661713
2208,4.772885435005518
2209,20.730785461607518
2210,240.7500055337865
2211,1.774339286500951
2212,4.252939170459194
2213,6.4739373427346845
2214,89.06341660625748
2215,35.267628150913325
2216,78.01929732364087
2217,4.784559079755483
2218,25.980021915355834
2219,2.730401640364554
2220,5.335910472110097
2221,3.6750703559058895
2222,-59.22876930343865
2223,209.46327238515494
2224,-38.49622732240856
2225,168.75226418741593
2226,-13.809937031785388
2227,77.46631288830382
2228,138.31899070803902
2229,205.41633622489258
2230,3.2643554125898495
2231,5.247595221318024
2232,4.337976638971467
2233,255.67813020490468
2234,216.93519338547193
2235,230.6943296127223
2236,3.4045230670555826
2237,3.499321909865957
2238,263.85943449524876
2239,99.7146636551532
2240,251.0588791793297
2241,2.3046617014368254
2242,245.89889354376396
2243,6.308435421180066
2244,94.7726534623539
2245,216.0790160096327
2246,110.5155726203819
2247,241.07277556576062
2248,6.194355957813212
2249,292.07595106326033
2250,150.1380024806382
2251,5.034261851696388
2252,243.14105567132543
2253,5.970143488230212
2254,206.7677958951254
2255,-93.96336541279707
2256,49.08617733791199
2257,2.025635192766182
2258,3.3262717728454074
2259,89.74828524545504
2260,6.485811496408914
2261,93.68542095643915
2262,2.23959630399015
2263,64.80727591408049
2264,-30.653772972454362
2265,53.065385032569566
2266,2.393836097183395
2267,2.9847840627109665
2268,5.605973307577926
2269,4.1035033392517315
2270,8.394312213667103
2271,173.64913518942376
2272,48.557006087840826
2273,3.4080605222287277
2274,6.198329543836731
2275,6.979928360253398
2276,4.722300842147744
2277,3.04466261567582
2278,1.322701641501273
2279,5.766787469703102
2280,2.7457302529466
2281,206.16768095810394
2282,2.311255237531571
2283,3.9764213446736028
2284,237.5968860160301
2285,3.1871321321663917
2286,-19.51721264652036
2287,5.448822603097392
2288,3.7729738281568217
2289,5.908829352683904
2290,-32.72419807247465
2291,45.40283287204478
2292,4.937805800730485
2293,1.9675938558325288
2294,-1.372748093475242
2295,2.124952658302558
2296,5.109633559870507
2297,135.8621507280044
2298,-29.191014773599644
2299,27.803965918163854
2300,3.631229305564478
2301,5.63702479258989
2302,-96.78552097379244
2303,157.1373261168726
2304,5.3938561980106705
2305,38.16301044305827
2306,287.9086728984241
2307,16.693299775199975
2308,47.03097338337041
2309,5.985991662667627
2310,181.14705605035124
2311,-50.673138210087515
2312,67.77036839977865
2313,4.268373014317811
2314,4.754384366390342
2315,202.41871901554487
2316,7.288299092819227
2317,3.7782659221226957
2318,230.16173940132933
2319,6.609181846497985
2320,109.42607732021827
2321,3.2266336365555297
2322,235.95700412719003
2323,180.35035028355816
2324,1.9391568144340665
2325,32.66315636144381
2326,3.4670215143945775
2327,116.72764853964244
2328,3.859813051528856
2329,342.8841333772622
2330,176.8949381791346
2331,1.1310392594676186
2332,279.67606371555064
2333,7.788620362320428
2334,2.5218850505557695
2335,5.573955195506082
2336,45.35525335015457
2337,139.97777341871205
2338,177.18157273311553
2339,31.05579234308704
2340,55.09835237025951
2341,112.78520100437979
2342,2.7791201580060094
2343,6.2180702285825395
2344,256.6716183621867
2345,5.986016319286439
2346,71.21117411690823
2347,117.04802585228614
2348,1.8121413628264724
2349,275.31292950608963
2350,52.31273092305677
2351,4.904850955032862
2352,4.95436045180521
2353,1.6495684165444218
2354,-33.2152476419776
2355,140.06012848175138
2356,3.586966546705018
2357,120.65665911409205
2358,6.321680757516052
2359,6.740288148790226
2360,4.366968485183366
2361,5.651152286713412
2362,231.81029975365612
2363,4.749471150151667
2364,224.17807448134369
2365,97.4151972053303
2366,54.44152120875562
2367,27.57703312403553
2368,-51.73463143318916
2369,4.241456143560942
2370,237.932012440321
2371,35.09983453895801
2372,82.87900952803383
2373,1.9716798378250902
2374,-58.1315764987997
2375,2.1321883980981102
2376,129.0304840096987
2377,118.25696015344067
2378,5.652841788807613
2379,6.527925291127442
2380,34.475479616518925
2381,143.24129821502163
2382,179.00968198034315
2383,51.054006605753244
2384,3.320810809808658
2385,247.0474985933428
2386,5.832476326970732
2387,13.419870315820813
2388,256.7582684946626
2389,77.25440270260133
2390,2.0026599485366514
2391,118.74257342321062
2392,30.270997102655937
2393,86.58706222862345
2394,145.73888570556292
2395,5.925472658574929
2396,2.6662200205185718
2397,293.51678220991397
2398,281.26424075427093
2399,4.9907399029921
2400,192.22610930260936
2401,56.582319262198595
2402,218.06583626979887
2403,6.368769455062296
2404,1.9588380923621658
2405,5.069542274099273
2406,2.798512876079317
2407,93.04540664406896
2408,250.55204791576884
2409,173.58311182096588
2410,4.136537425931662
2411,6.5162413798915955
2412,314.73705779061765
2413,6.9739427345912475
2414,3.8409864785211605
2415,79.78843604708484
2416,257.18581967746735
2417,25.80271138765559
2418,3.3359289504744343
2419,4.18240747701542
2420,1.7887065013677235
2421,4.871000395465657
2422,206.14473983071386
2423,2.552438545417736
2424,177.98543878531763
2425,6.287550849325695
2426,-22.259328158533975
2427,158.75120351388458
2428,34.380049016519294
2429,2.664963873582111
2430,5.987648947573044
2431,3.5002011614769053
2432,312.42653884102384
2433,260.3691516053895
2434,4.460816104664468
2435,54.07534416647249
2436,234.2109871358851
2437,-63.31574663693783
2438,5.769818445680012
2439,7.215137975165011
2440,142.24736716348923
2441,6.622035857950441
2442,5.806985836191213
2443,4.6619388023739035
2444,-71.59400698528746
2445,6.419982796115587
2446,5.382877788565144
2447,234.37568237702732
2448,6.8897301475158175
2449,6.429599075729223
2450,20.40930994683276
2451,2.9287692374203846
2452,4.698890799445342
2453,39.6891189814679
2454,291.16559683052594
2455,132.17281002686173
2456,3.097850153892836
2457,247.67389157417722
2458,5.954836340662727
2459,1.91394647860204
2460,5.856434129544233
2461,53.568977750693136
2462,55.89304708126048
2463,6.035000141507538
2464,-67.85089790130928
2465,23.45095117973416
2466,198.4067597816344
2467,151.60518005557094
2468,272.7119057740441
2469,265.35884244171905
2470,5.902002518997055
2471,136.20980603683606
2472,2.8901417490532895
2473,21.12411223939041
2474,192.1829623554788
2475,6.59776527855608
2476,103.97316797754812
2477,167.1903072918194
2478,162.01236377958497
2479,5.407432614753677
2480,36.922672973552224
2481,82.6931632572807
2482,2.524425638536315
2483,5.005347931151094
2484,126.39726162895451
2485,131.66163660732792
2486,6.815046312749361
2487,5.681270771131047
2488,-34.61266139225229
2489,183.70329106323592
2490,5.73853036933823
2491,148.3324401224703
2492,22.213080331300812
2493,65.37398487554813
2494,6.028643643663159
2495,5.453907604914054
2496,100.68941235399137
2497,69.62890948388898
2498,2.2166666732092555
2499,6.724022984927844
2500,1.891716355559668
2501,84.5333527134011
2502,265.12420586825004
2503,129.21507744869794
2504,346.6023298397915
2505,3.326085242528299
2506,4.893743333555192
2507,275.5464702963184
2508,204.30277598163917
2509,90.64646995929127
2510,6.659346722744047
2511,211.9680637965236
2512,95.41144686826158
2513,184.80332209930168
2514,227.2897290727196
2515,313.36506819948903
2516,1.9952027815728557
2517,2.3611067408802824
2518,283.7774558823628
2519,4.636865739764422
2520,100.6046513763527
2521,116.7255111525524
2522,1.9665946336607625
2523,5.627218893568044
2524,4.713413560485412
2525,294.1731140768578
2526,3.234404538434404
2527,3.7150659100809302
2528,229.3733442015917
2529,94.41091854336707
2530,235.17183965112451
2531,291.07609018364116
2532,47.656546213188946
2533,1.8473292593927484
2534,5.96318645730698
2535,5.912346068931413
2536,3.7643130639234457
2537,6.373275915929936
2538,5.796043545943538
2539,170.31846581629893
2540,2.6688099531832927
2541,3.8130094304542075
2542,-0.8298399926422306
2543,5.577302971361494
2544,155.92179452526727
2545,2.4266061909510173
2546,292.31704673626706
2547,26.718651604600947
2548,25.645630820377473
2549,149.1768773707351
2550,132.18616888611848
2551,-16.927472116409806
2552,2.1553620250856396
2553,285.87691159911856
2554,2.4649808750518893
2555,72.69451482439337
2556,114.49315894276182
2557,4.342037670071611
2558,-13.115219637840955
2559,6.308589963556183
2560,212.84889442557102
2561,2.4177232733054552
2562,215.1283577466884
2563,234.4495869799186
2564,278.9552519614052
2565,4.764524034738065
2566,4.734113760149276
2567,267.052217660164
2568,55.74618708009087
2569,69.98285103156886
2570,3.6757248897070016
2571,87.31850537279112
2572,-57.881103245402606
2573,190.0635825561493
2574,2.981717115224285
2575,4.194163850204881
2576,3.58236386678257
2577,6.512234712796395
2578,36.15801456276502
2579,6.03162661020626
2580,5.271852253311398
2581,2.982582108682558
2582,-42.000441690534785
2583,2.764224661467873
2584,6.53884619147659
2585,42.98976037759847
2586,5.0669901528777554
2587,221.43582717780615
2588,216.16053117084837
2589,4.490206903937747
2590,43.25592665620607
2591,1.6428696754362215
2592,119.97643189914248
2593,52.01928776998297
2594,83.14337484330713
2595,58.45895852423584
2596,49.69924694888048
2597,5.747379277906269
2598,6.421070561173561
2599,9.926240171388596
2600,4.130789421903522
2601,214.87028297253403
2602,6.066679991309805
2603,355.3574010452096
2604,144.93574212170424
2605,40.77283034288419
2606,3.7766254648613704
2607,33.34051230364353
2608,198.0809056543939
2609,27.58828614075137
2610,2.8425115480351617
2611,-23.945523697858054
2612,3.7871808470643233
2613,4.330812597216483
2614,3.1337498723101485
2615,112.56807099002097
2616,152.6530366241061
2617,273.459219915619
2618,200.38172701232725
2619,4.904478241262364
2620,2.146977982464646
2621,4.659773303245717
2622,2.816027522431264
2623,1.6943869061078924
2624,6.730259554082448
2625,118.58148306530155
2626,285.3212420891727
2627,34.431650984255526
2628,141.2759548796776
2629,48.676402419219436
2630,111.33183259925983
2631,37.859798034861946
2632,5.967796413510311
2633,309.9513451738834
2634,62.25101755564672
2635,169.2437341967775
2636,-36.764648469478445
2637,3.7221101307274624
2638,-59.09898830200381
2639,-52.98539094934337
2640,201.7766691388838
2641,3.8554542479129337
2642,5.897201075012388
2643,166.63270703207897
2644,164.5486164435723
2645,214.2291896280591
2646,2.6663576704994685
2647,3.6603892789098564
2648,4.824143355456987
2649,6.550389639733198
2650,263.78094639680774
2651,220.26188746383008
2652,56.857314559958326
2653,3.5712230041472957
2654,41.33451094508138
2655,227.6570357790796
2656,238.07508363232688
2657,2.9042521512184556
2658,-10.092509723212576
2659,285.92246531257274
2660,1.8379547036840096
2661,278.4042707479059
2662,117.32200289692918
2663,-13.934923061349444
2664,80.87077928840975
2665,284.97760356017005
2666,246.8128772821923
2667,-34.06961128589582
2668,33.567214175412275
2669,6.733714533494055
2670,95.50894583960483
2671,208.05366480274353
2672,123.26470820266823
2673,242.2011465626244
2674,239.0124432814074
2675,1.6501618937974367
2676,-40.80719997663539
2677,355.1285690447795
2678,3.2144192450171998
2679,5.62268087516261
2680,65.55957365852582
2681,4.925409161573229
2682,2.619735322015753
2683,2.4422716265867215
2684,2.8695963034003893
2685,6.535598976013703
2686,23.895021496182693
2687,56.893930211937715
2688,50.66682688231447
2689,43.54108399481893
2690,152.6952190784678
2691,66.60133080822338
2692,53.34865075395121
2693,123.97118088688275
2694,99.36962135399139
2695,6.540727562940539
2696,152.91792198003577
2697,3.7548037968167325
2698,2.296803115556095
2699,4.261476319193446
2700,186.05522451300266
2701,62.10625280539313
2702,12.653397069286527
2703,3.764040724638626
2704,163.7691383576833
2705,3.0265059690092433
2706,5.253471973833253
2707,192.256750947849
2708,3.0521165888943225
2709,69.77162557735049
2710,5.567874074832555
2711,175.67408674203634
2712,1.8378886135179902
2713,116.67925946225695
2714,-49.46399305601803
2715,4.62676213972305
2716,2.8509704275894427
2717,287.4725824833671
2718,3.4615684528294244
2719,2.9649997464958924
2720,6.824651976192566
2721,6.275310652479143
2722,4.0573534497868975
2723,226.9613920807011
2724,6.677165012040991
2725,44.51376557449043
2726,13.163347584228406
2727,312.84869888465005
2728,51.69067910624376
2729,173.50805186216445
2730,167.47255881618736
2731,165.08472566655462
2732,6.174088367381254
2733,205.20971308058748
2734,118.00548761263093
2735,93.92302184676282
2736,88.59072225374766
2737,186.7080745587917
2738,135.08932330626027
2739,120.69912501700898
2740,5.640520832957229
2741,52.26191570940739
2742,1.2493806699143402
2743,3.5163905038247925
2744,-14.958558547189213
2745,4.90519070967429
2746,200.90357601665733
2747,173.0726963014763
2748,2.773634638026997
2749,5.3333326706259765
2750,215.39721519989632
2751,266.60151862461896
2752,2.86733650886988
2753,96.26812897191982
2754,0.19444897497774788
2755,35.67905033566854
2756,288.02572072904917
2757,5.899595145319989
2758,275.9943806514871
2759,51.71939029243972
2760,188.234441985216
2761,6.5416997968483175
2762,4.0721596163331055
2763,109.65632572830458
2764,4.729741917286686
2765,116.81634715270617
2766,2.0042141333209775
2767,264.4509296750468
2768,4.257766987690022
2769,2.492974940857774
2770,199.19017669833323
2771,162.3452756265961
2772,7.074459383845249
2773,3.201687302161173
2774,4.391133463808499
2775,5.731254710292649
2776,4.063204770819589
2777,261.1951672530836
2778,31.774726233109988
2779,2.172572435001727
2780,2.4731377803277
2781,244.5240406293398
2782,217.0103214197482
2783,5.988920109269578
2784,13.540079559824806
2785,5.796719962985875
2786,3.347124021216529
2787,45.543454939452296
2788,3.3273281237788064
2789,169.4751668913969
2790,210.30726707260385
2791,72.92559898504652
2792,183.4643997991251
2793,171.80011801857944
2794,169.86526587344173
2795,47.14344978930666
2796,241.73383894523832
2797,90.42376750353381
2798,42.244763896700846
2799,26.619606070022876
2800,5.289673394328199
2801,4.306425416166009
2802,3.395844810535922
2803,16.5698153174934
2804,3.798603004792229
2805,54.82614384319338
2806,7.155032987918183
2807,32.54798645356277
2808,82.98696689192677
2809,6.433554525630164
2810,5.377002243289665
2811,185.23004437926056
2812,6.00805067800089
2813,17.361418300412936
2814,5.863208660746555
2815,271.26703797166516
2816,63.27361685731242
2817,267.042945235147
2818,108.42463253804596
2819,41.40864756793785
2820,173.90736610287422
2821,35.06370272343713
2822,6.384078496405337
2823,57.100112638235046
2824,256.1678274884367
2825,150.0716600203337
2826,-60.31786849858733
2827,6.368284618290219
2828,5.580690678365825
2829,4.622699640743367
2830,5.803610063458017
2831,6.112811561839488
2832,5.989722376174584
2833,126.54472139834479
2834,3.6795728097550873
2835,3.0442040893727818
2836,3.411176565870046
2837,3.4060982321835302
2838,5.852350225639172
2839,1.9624950252300104
2840,59.31699692577389
2841,58.28760456989544
2842,284.56706459951556
2843,5.996697648073664
2844,174.3088087806206
2845,281.98988816359736
2846,3.485712605199497
2847,73.40890535915152
2848,-16.092086265615187
2849,-51.69799300050079
2850,6.507445729941985
2851,7.056861885163362
2852,-29.743123685744
2853,118.67447496365972
2854,2.196878266382932
2855,62.375002018273605
2856,5.84647232757715
2857,47.700050423631254
2858,233.53656429086226
2859,1.325081643036129
2860,143.18527367823165
2861,290.64877706795994
2862,273.3231261047399
2863,3.0941833390493416
2864,278.79541428458487
2865,230.4310786863797
2866,2.1338711773931474
2867,2.383012654089546
2868,68.56189944090019
2869,52.09927846624866
2870,212.31786952889914
2871,6.29171526079156
2872,251.31632545824905
2873,4.919384272389942
2874,22.717686541338985
2875,4.250857393069742
2876,-37.34214130973975
2877,290.48099231357224
2878,-69.31751715334484
2879,5.201350028291963
2880,238.1768216709865
2881,6.15177551367478
2882,6.2361268483541625
2883,4.002495474913163
2884,6.732108202931131
2885,191.79454498035642
2886,246.4301090814588
2887,5.890838600677448
2888,2.173563804417222
2889,6.432623645164559
2890,2.6447782477038393
2891,-52.019084691961304
2892,148.52062796286558
2893,22.928209001349803
2894,48.028299479233056
2895,4.796502949022174
2896,2.83856591245088
2897,5.182291473453745
2898,98.97471287755215
2899,32.64493993580612
2900,3.181559681172626
2901,20.47637070713143
2902,241.9063719427043
2903,278.0527878878604
2904,4.3120253597122336
2905,3.456905475596078
2906,34.16591903848388
2907,3.9529098734350745
2908,6.787771024787029
2909,2.047310379232621
2910,105.52064708516247
2911,3.7385415859494286
2912,2.146974767125637
2913,6.470184316949642
2914,19.542089494276297
2915,7.898264591266073
2916,237.23346794502976
2917,164.97898340055943
2918,3.9093027778729414
2919,357.29743316247607
2920,191.71701384923645
2921,5.644064527835127
2922,3.967075602345738
2923,226.536121061929
2924,5.429495760705713
2925,4.792514816351675
2926,5.951544654807033
2927,10.175360385117909
2928,6.379748733504348
2929,167.11397961883887
2930,257.50059921854916
2931,2.570424666031575
2932,5.537026316458489
2933,-22.82413110428479
2934,106.8057354429944
2935,-25.943091589144274
2936,-61.65870661180148
2937,5.9980278218841265
2938,60.65822120832159
2939,2.9401217634006804
2940,192.21357716906638
2941,67.60928007544821
2942,74.81179095627564
2943,6.3429673992019495
2944,6.598440457411371
2945,5.788309008796222
2946,6.249473883694757
2947,-49.8913916592256
2948,2.465833831243274
2949,6.668457916412545
2950,2.9177454924256327
2951,145.63627105652424
2952,148.74336045334894
2953,7.03652349349038
2954,1.7169632774802448
2955,22.112892494928953
2956,6.511374028870531
2957,120.20206440163366
2958,5.524721960042391
2959,176.16945558278042
2960,6.441997519692575
2961,177.64308987571718
2962,3.768925231697089
2963,4.0780539815959305
2964,234.0405508387199
2965,192.27446774085826
2966,4.4227643289382605
2967,3.8561490077579514
2968,150.7043865427425
2969,-77.41987005080733
2970,2.191444133004065
2971,219.80741169430698
2972,6.6008816326084325
2973,214.89205556103147
2974,257.10430207575513
2975,4.470918909279971
2976,44.76514197542103
2977,37.24644490304145
2978,4.577636229192256
2979,4.51143298659887
2980,309.0907477676691
2981,303.68468702652297
2982,143.35828901013855
2983,127.62197477747445
2984,287.1471916724333
2985,130.44453864303875
2986,307.61781412854305
2987,227.41117289286066
2988,149.6859585376568
2989,88.39367251805906
2990,28.614105097289
2991,7.27654725006318
2992,2.8693845133128373
2993,5.418632523678827
2994,61.54895270694761
2995,-1.1511222714475402
2996,4.007946742753487
2997,3.529799365120155
2998,123.20425470474822
2999,135.86096185660432
3000,71.41211212318677
3001,3.139025766319492
3002,297.9454166145141
3003,4.351071529595674
3004,276.5666460118398
3005,109.45586453151245
3006,76.45524174447948
3007,6.332165209052707
3008,3.244900180487529
3009,39.85560372344705
3010,4.278369462626442
3011,79.02510977138942
3012,5.1895746649213415
3013,193.828432822761
3014,6.561060142574979
3015,3.2718781911472905
3016,5.814534000209079
3017,6.86298581238145
3018,4.36191257574502
3019,205.91077100062245
3020,3.3558758027479882
3021,215.99094049716098
3022,272.87572759544844
3023,2.7520714173095646
3024,92.30785021158468
3025,235.92490870704071
3026,170.96129230716747
3027,6.120488066220339
3028,5.396179928822779
3029,-24.47041695959993
3030,-34.612552547683954
3031,6.1727643168109125
3032,6.385305995104804
3033,4.920487413804407
3034,129.29182538033493
3035,160.47501452140924
3036,231.6756703607311
3037,5.459789109768494
3038,2.174664848351979
3039,-10.789235874728707
3040,198.12297545327624
3041,4.765412400453339
3042,18.013812158181207
3043,5.826900110135836
3044,223.82383399244918
3045,165.80837283984653
3046,4.480805145605526
3047,4.162614171678476
3048,43.528181728478074
3049,5.826249587327819
3050,269.8047629911461
3051,94.96248510712576
3052,6.622020425562111
3053,3.866681259815093
3054,118.4813562482119
3055,179.8420342905277
3056,56.683127302086405
3057,3.1841945927251754
3058,99.28584247304414
3059,1.8439069677454256
3060,249.7686610740828
3061,5.140455886574582
3062,222.4244867383831
3063,119.95295301667326
3064,246.18704323546
3065,255.75587668919917
3066,125.7040970766097
3067,19.479950226502723
3068,5.880427632032701
3069,6.052244334737608
3070,3.7510227826727256
3071,6.185660536212074
3072,197.8506543915671
3073,131.87009028473204
3074,6.347577013994684
3075,5.881688701419864
3076,147.46322632085275
3077,1.7558550899415537
3078,65.85527207479657
3079,5.867574008174955
3080,3.3127030339720127
3081,53.290508493579054
3082,91.26566440026807
3083,104.13467638291931
3084,1.1059030273291224
3085,5.368389257240935
3086,199.22286253918458
3087,3.014414723303219
3088,112.08189159498674
3089,3.4891693604366574
3090,292.44352642966305
3091,176.19745466870694
3092,105.27652829064371
3093,4.161507563256023
3094,185.22027701232588
3095,254.07665815222384
3096,146.90865632405564
3097,4.955267309457637
3098,6.164197316777912
3099,23.864128695888496
3100,90.63110992658181
3101,3.7873227471904425
3102,2.4197864407131737
3103,3.1949530513568836
3104,48.13639948264124
3105,-3.885883012010757
3106,33.321715700410735
3107,1.284071411294907
3108,2.6761307491370796
3109,5.627677576854434
3110,259.6802038805257
3111,2.4771777806084128
3112,215.72557280280932
3113,5.414287857918893
3114,-15.274254856765797
3115,261.1165185536537
3116,105.96269213918077
3117,-52.26955753318065
3118,265.5518779843409
3119,4.497722349021461
3120,38.751079290505515
3121,35.73242886272872
3122,130.57163459170607
3123,3.792885846142358
3124,2.5188253574204627
3125,3.518698544991753
3126,220.62901092075816
3127,274.7527506343853
3128,37.98794034761865
3129,368.1341410136769
3130,2.139232432052733
3131,109.73252414596479
3132,184.1496845245077
3133,123.39579838742948
3134,243.030424525406
3135,1.6696226264967038
3136,313.1763541679805
3137,2.8133409985098035
3138,176.45973488033096
3139,5.8889828337252546
3140,2.286691120642492
3141,40.521902326803385
3142,3.022180956966207
3143,112.23893125590124
3144,264.16977140751226
3145,5.161231263806405
3146,287.3368884036455
3147,110.01575576211934
3148,100.23542621697328
3149,-13.06255387178807
3150,1.6746564598019273
3151,239.34969577724485
3152,7.127977165434938
3153,240.0805510418279
3154,188.42602379006485
3155,51.5355862474628
3156,51.92685650310317
3157,4.882553830027839
3158,289.19160554743826
3159,95.81902152630747
3160,267.4065623219707
3161,-32.664732361985514
3162,2.877442759125416
3163,181.70952363111581
3164,3.055065870095085
3165,-3.9640302312553493
3166,45.852270329427625
3167,6.708843381541605
3168,5.535718748931737
3169,3.5922899749362367
3170,211.536886029239
3171,2.9299759648895316
3172,227.6279596425071
3173,285.9105924716079
3174,63.2046093909339
3175,-57.89950449254594
3176,3.4959982709472173
3177,3.0683055833049444
3178,200.37118462920398
3179,6.2665855773153565
3180,320.41323845253737
3181,185.90321256114254
3182,282.26064644229126
3183,6.126449823442227
3184,107.19031872947437
3185,6.880134024701233
3186,178.27220010911503
3187,278.21961403537375
3188,-64.03619576443782
3189,229.24306315964913
3190,4.391969487799208
3191,253.3270423725908
3192,65.56159644302203
3193,6.126823799406276
3194,4.537492057779775
3195,5.9559982187524465
3196,139.73360800476837
3197,5.442421586416119
3198,193.69566418907908
3199,185.8495012563178
3200,2.137104841521847
3201,327.5877724413979
3202,4.471850706292162
3203,5.235364690793094
3204,-1.3720719969562438
3205,6.471553358240627
3206,276.7975274956774
3207,5.895683422277896
3208,196.00227270590796
3209,-11.346751733361401
3210,7.821284635940465
3211,211.44728130200224
3212,210.59629581706287
3213,3.1002520679867196
3214,269.0566552359249
3215,3.2733866594068144
3216,5.907356641379799
3217,119.72000159866224
3218,256.1696642982334
3219,59.04010218232225
3220,60.727248207241175
3221,72.54400477831058
3222,242.56278838183437
3223,346.7162811278744
3224,-68.19692383913056
3225,131.5970238308336
3226,5.960467026832935
3227,5.811654910551576
3228,3.964083327561445
3229,300.5648849159774
3230,229.84312622400108
3231,6.319198925426948
3232,4.904750133080075
3233,5.744710885188402
3234,4.451497106355021
3235,94.3319240083956
3236,133.1108064616725
3237,9.822331789253699
3238,303.88397439101357
3239,6.625167999533809
3240,57.471833177011774
3241,14.968725421655146
3242,2.5118000079136227
3243,31.953105888813134
3244,201.7572372157874
3245,5.611724132707116
3246,256.82473119036774
3247,6.318154930804941
3248,54.20642662045287
3249,-11.559422633270628
3250,233.1055178126395
3251,203.1745495521267
3252,136.61211326594173
3253,49.31303770507624
3254,159.47670846591507
3255,6.676388649871257
3256,6.157156296778913
3257,31.054922885317062
3258,2.3600662562343118
3259,51.70290818407908
3260,5.936158926580564
3261,107.20449462595063
3262,317.01534638359806
3263,1.9102573588236864
3264,3.5866226368375016
3265,148.32500025110815
3266,3.697038070834072
3267,6.5960140221839465
3268,3.3360350279709694
3269,4.469076308563583
3270,57.3945362185083
3271,209.5223625148829
3272,2.385097693488004
3273,201.89618326857945
3274,213.54754084800092
3275,125.1164311530033
3276,91.49058977996742
3277,5.519381546619787
3278,6.234668000155946
3279,3.0431710741805773
3280,172.47054410161866
3281,280.296196967099
3282,2.7903397368165717
3283,371.20695604110387
3284,351.97717096815506
3285,90.41136783113551
3286,3.0500331666560063
3287,31.28986975387463
3288,58.20399405169222
3289,1.8234062224554948
3290,71.44006023063372
3291,252.74649379185303
3292,3.01931683011145
3293,54.79084691475296
3294,212.07439276477976
3295,133.6188906989542
3296,31.398721229930594
3297,197.38211904719225
3298,2.3289766804319307
3299,249.36673464933207
3300,3.490156951453212
3301,211.8317632092917
3302,201.20550825181505
3303,-1.906445904250476
3304,242.88305087616715
3305,5.197484776967942
3306,4.863847070324849
3307,186.5132126876221
3308,3.1511889899457186
3309,6.4904402278755375
3310,-33.402789450816854
3311,2.1043011480224774
3312,3.81674722547037
3313,2.3723288830604363
3314,6.115412791542871
3315,4.567865669881308
3316,308.29042094325524
3317,299.0590513704537
3318,41.95953251151754
3319,1.9284032834636105
3320,2.3054522952127723
3321,5.3411275325374525
3322,141.0042703418806
3323,4.417277882875846
3324,3.7057329662382656
3325,334.4499486046236
3326,89.794021430165
3327,-56.63263247289211
3328,6.445815602112429
3329,1.8489600618291098
3330,178.52801450893392
3331,118.80878207336389
3332,3.503473351701659
3333,253.43888717862933
3334,115.68493484723993
3335,3.218207211050242
3336,4.476146606809291
3337,2.433958192609709
3338,1.74650392966638
3339,-13.970129596587153
3340,33.24659924998885
3341,51.83395462339814
3342,218.19254131900266
3343,133.11649675987508
3344,3.5472948410170018
3345,250.8866112626066
3346,290.0037339607129
3347,180.89886352972383
3348,79.21605050518403
3349,5.6011840987498935
3350,4.036932421111452
3351,2.6320424930870936
3352,1.8759784721315391
3353,160.16784639162896
3354,73.77472958589203
3355,3.0528704788142296
3356,311.1951427423521
3357,3.4472553241296158
3358,236.83825800753195
3359,76.20789755765031
3360,136.36996959157818
3361,2.9746137747135055
3362,3.5129114158039916
3363,3.0449086790826057
3364,36.801071139419534
3365,117.23817878460167
3366,20.167744248440325
3367,4.01532372700709
3368,92.75742294302343
3369,5.5089682483804765
3370,72.55016809734138
3371,-10.293572666677429
3372,210.12377436203747
3373,64.14066916425692
3374,321.4362047693106
3375,2.0586876501405795
3376,2.954780892282597
3377,100.28968218579753
3378,5.36340866610301
3379,40.391749918450465
3380,315.35120568865585
3381,6.556895799023616
3382,90.1441488367978
3383,6.418818586703949
3384,45.1342793642135
3385,4.069373486530779
3386,47.965972085974315
3387,2.1730224526891204
3388,180.64490564363496
3389,216.77599941539785
3390,2.5739771777608116
3391,5.7990951280476
3392,5.0734194432408195
3393,172.91501253048773
3394,115.560222516475
3395,5.291634299136863
3396,5.666806939170419
3397,154.56290397459867
3398,2.1817912146949228
3399,191.49283984589633
3400,163.69864525564702
3401,5.2314418661982955
3402,1.111876330468225
3403,88.29916253814957
3404,97.63530751234784
3405,170.81440450929134
3406,195.56217168954464
3407,4.406901272528647
3408,62.56866839115088
3409,104.15132081104396
3410,5.749566014415354
3411,4.5126809257121785
3412,63.894774294076754
3413,2.161393158071725
3414,6.850039643243931
3415,109.37270372323879
3416,80.74914319755831
3417,204.56303927186605
3418,164.9508438365113
3419,-11.751961438826756
3420,31.90062138337283
3421,-70.37834208181874
3422,167.78238073664602
3423,1.9808143907193683
3424,3.900093907216521
3425,22.351135115475874
3426,3.34676180404845
3427,54.52266912182169
3428,2.6025748624009
3429,319.5440094054934
3430,316.7395528926372
3431,118.87411119282362
3432,5.8776608030304835
3433,98.23679889475494
3434,1.9310220286935007
3435,306.40023678434585
3436,223.2744458139909
3437,3.3660240767952914
3438,28.2625368024865
3439,272.28221208293706
3440,6.677820204145647
3441,5.0679572255131795
3442,225.78574045349075
3443,4.9622117577528355
3444,206.3464181920794
3445,3.937092472925844
3446,5.893972675296714
3447,248.55283578293108
3448,5.312636474808457
3449,5.655821967603143
3450,109.01440515714822
3451,203.11325550799094
3452,2.0648637912744916
3453,3.0732048901331606
3454,14.131478039802463
3455,4.178011598566508
3456,5.418590687602453
3457,3.9726588299154724
3458,6.063093128303132
3459,159.64083948517577
3460,-47.169289610696815
3461,3.6247299327176847
3462,45.68696546507285
3463,220.73685322407363
3464,4.558799350253613
3465,2.567038877761645
3466,6.007693137631477
3467,110.33039369556758
3468,34.69821810920115
3469,308.61305081204995
3470,148.77143003314947
3471,22.508485938888107
3472,282.387979688316
3473,6.178000695737925
3474,3.277516847207325
3475,4.907204262655333
3476,26.700225701491107
3477,3.6106625840309037
3478,6.467233775884855
3479,2.7345539320791086
3480,93.65639445497752
3481,128.0909612370378
3482,75.37152903234413
3483,57.38834122874813
3484,191.1672713786025
3485,2.422625695642587
3486,225.51034098422724
3487,5.858538384151307
3488,4.800801896516221
3489,3.271552016283995
3490,5.983201316772064
3491,3.388003310329771
3492,2.3099549748652497
3493,306.5051712657213
3494,168.47687699570017
3495,6.423581988612188
3496,35.32683945698643
3497,4.329648491164908
3498,6.596707243240746
3499,-18.389764871087536
3500,75.80723307936
3501,287.4259043117123
3502,6.1034549210630455
3503,3.158378837373054
3504,115.1324424932005
3505,129.3595940775601
3506,100.94684431071158
3507,6.3436252821595325
3508,3.0111494624514976
3509,3.2770157991846682
3510,281.87222590271824
3511,2.0209986624336866
3512,66.78817724723453
3513,109.04058797469469
3514,3.3029063055663506
3515,48.92512289448767
3516,3.5542834175975573
3517,200.74079214357923
3518,4.216109898025291
3519,246.20614548980842
3520,291.34908433010474
3521,1.8945675576600527
3522,37.188729642557945
3523,4.696772428517578
3524,6.624458287697025
3525,5.257416482876476
3526,40.55814530876028
3527,1.6801737886180645
3528,283.66018601818166
3529,218.3758983205998
3530,2.612588246573563
3531,73.34648350865065
3532,274.046384738447
3533,38.62275761631135
3534,7.934918726107641
3535,87.01210057350332
3536,3.689551898071576
3537,66.90856289386659
3538,6.71612744330081
3539,7.355558372723213
3540,144.99490561522617
3541,-63.428016196389564
3542,2.2227931713888838
3543,192.9135840009689
3544,26.604125962053736
3545,2.4834549599952953
3546,5.610650180537407
3547,165.8681805058102
3548,5.5074303468269346
3549,1.7500481636490333
3550,4.715598318783883
3551,4.243597332649965
3552,5.7173202728315236
3553,6.012881090087649
3554,170.9176036139445
3555,3.8797511015141333
3556,2.1045234584382766
3557,114.78692499647536
3558,5.163981314478747
3559,91.2425841431199
3560,70.67028172534003
3561,6.237010658866996
3562,26.78998650397876
3563,-49.8533626533371
3564,5.79781588550771
3565,5.053815670707405
3566,172.82081003312123
3567,1.962576824739738
3568,246.61092771858247
3569,167.6423330234828
3570,49.7074806108109
3571,208.86647304797387
3572,1.892682937819198
3573,6.302675810385586
3574,5.882941514984905
3575,2.4559992637534824
3576,5.177156377074982
3577,6.314267896210783
3578,74.80739102641253
3579,2.0526004900272947
3580,67.23182718848572
3581,264.5984270266398
3582,92.47773168580554
3583,52.18284550462103
3584,6.788161875009401
3585,48.9856609082467
3586,5.758442333258312
3587,32.708232019612666
3588,3.2238670295892926
3589,228.32847382839793
3590,2.8138603102473723
3591,3.5797774353995426
3592,178.78910916778085
3593,4.431292538189231
3594,12.99127785400789
3595,6.698921900622647
3596,37.528555943305996
3597,312.68093700547985
3598,72.59551454691751
3599,98.6114387355253
3600,2.3787288930961856
3601,299.9864810165704
3602,32.30085349777349
3603,5.251829178239674
3604,2.9937536321586395
3605,179.221726306477
3606,2.089771617105966
3607,3.7062670373173363
3608,293.15711152526444
3609,215.6611510140689
3610,71.90538780838351
3611,5.148935813872159
3612,257.5097746927323
3613,6.483065859207018
3614,4.643631963513708
3615,6.278726385496109
3616,56.824839067234635
3617,4.905298534272928
3618,2.8302708294271066
3619,-56.291464204515755
3620,-7.799734327987038
3621,62.93321641107548
3622,5.2829212540528
3623,265.90448326744695
3624,-3.242811295412732
3625,104.02789206352867
3626,37.6863290108436
3627,33.8413937189816
3628,6.306945379015759
3629,41.196918729803386
3630,242.87316118136062
3631,289.4944511111536
3632,250.4818894372357
3633,260.96675571997844
3634,109.62651445049829
3635,119.2637880538971
3636,4.026148955421167
3637,47.242116017265325
3638,84.37174162309847
3639,4.851445827569316
3640,343.5683926818141
3641,224.33031154256747
3642,162.94699513978762
3643,184.80442484920593
3644,6.666648124439955
3645,116.71685568754863
3646,2.474647457495184
3647,5.9404974302167
3648,244.7744403171884
3649,10.234509998074902
3650,3.333793795224741
3651,188.980570827614
3652,52.9730011228815
3653,7.021042407649281
3654,65.03136633797142
3655,2.0944162266571915
3656,138.52795775670273
3657,5.717489290865199
3658,7.731885098627236
3659,4.6755931404293545
3660,5.940635702880467
3661,40.84716812099273
3662,2.1100854779585676
3663,5.403250525328771
3664,116.33259431223567
3665,4.628692053232022
3666,281.9355572999554
3667,242.95493532259877
3668,258.87236397216157
3669,219.39154385199706
3670,6.562366991038003
3671,6.349196663860463
3672,226.59579491463984
3673,4.827580816547739
3674,293.77636525602423
3675,147.8008588216631
3676,44.38139744439861
3677,34.02081692195105
3678,-6.8380061424725325
3679,4.706177422996985
3680,3.6696178566566178
3681,153.83899608563
3682,65.13941584686674
3683,160.17885982135698
3684,22.300438267019388
3685,148.07244202718198
3686,285.8824180826137
3687,122.60870611623545
3688,278.13849438604484
3689,2.299535039012488
3690,197.23625223001187
3691,209.5963706378582
3692,296.69730224783507
3693,276.6764305045484
3694,1.6078240150087886
3695,249.18696696405857
3696,204.13594489858224
3697,0.7616095194282984
3698,-24.694473588535686
3699,4.296643632430215
3700,5.649968539061801
3701,357.2865183451928
3702,3.945163740313793
3703,3.8431599346317444
3704,6.428588433063396
3705,1.2019622010748243
3706,54.5790721395257
3707,38.724394603563574
3708,109.47293399713357
3709,3.1701586381254785
3710,6.5993920123832925
3711,343.5363336240198
3712,99.88627705255922
3713,5.493056551119866
3714,332.4059848272291
3715,2.4192211878833634
3716,2.023608154870101
3717,158.23499922679417
3718,73.34289897415749
3719,169.45409878947163
3720,159.50331453819004
3721,3.288277028180486
3722,3.899413763756158
3723,3.1686423951315343
3724,1.8587514376679874
3725,63.24447829746264
3726,1.7688065705262674
3727,220.11231666771812
3728,57.33003446094294
3729,-35.005238187070766
3730,140.45439804550642
3731,69.06001230854866
3732,3.767333231055688
3733,-34.35539760207435
3734,3.199590070114984
3735,2.558562669274377
3736,-7.121305602403038
3737,6.177699882715198
3738,187.69858608903246
3739,-43.70464755193692
3740,218.45420966559163
3741,23.28869461680791
3742,267.4980441724541
3743,2.43046289422932
3744,79.68823642769074
3745,-24.233053480524916
3746,5.00783288073093
3747,5.184630930802015
3748,185.78978074930626
3749,73.56848919217214
3750,1.571933498625783
3751,210.88202017772304
3752,69.25544993351727
3753,4.877747866068775
3754,3.7356150360391274
3755,0.7516006484344921
3756,5.637688887927734
3757,33.808199061206764
3758,6.120267837738098
3759,44.04869748949223
3760,1.9284268610576107
3761,6.286866001980503
3762,6.252098319702565
3763,117.5163224549822
3764,161.7807369177147
3765,360.490520647641
3766,6.490015664501637
3767,288.1564352125755
3768,64.86435601540595
3769,1.6909619833924887
3770,126.76137925743645
3771,3.7975611761873056
3772,181.59859186637414
3773,243.25534960191567
3774,2.4935868111921247
3775,4.064225716974119
3776,236.5050715823482
3777,6.332456687170595
3778,219.9983466044443
3779,287.2422471207221
3780,5.998568838476437
3781,6.603564955057566
3782,2.2937762189439463
3783,2.0231114672391737
3784,5.48547398518976
3785,29.94288158599967
3786,80.57203363841906
3787,5.919109181952836
3788,6.828508295513699
3789,296.4916076574773
3790,7.001594105469978
3791,6.077377531586897
3792,3.662846437520078
3793,19.39773969559413
3794,-13.090420843195918
3795,203.9719926466066
3796,185.0676524276942
3797,4.790984294038762
3798,187.71217346776393
3799,-62.94967432933424
3800,243.12419535077916
3801,122.14983381859
3802,133.81586794631477
3803,53.702370831985974
3804,55.92104543008583
3805,4.834561234561785
3806,2.983210750574509
3807,103.18410461649421
3808,4.035615945032244
3809,-33.5399896042105
3810,2.7896888757199227
3811,4.465012933697442
3812,265.9735304020526
3813,3.6212346886715996
3814,292.3412170795505
3815,7.145015292622151
3816,3.662681905058657
3817,52.30353821790284
3818,6.3306068602972
3819,2.394103738688007
3820,115.64725696243605
3821,7.376092759208069
3822,5.405937046361585
3823,266.1020242763444
3824,4.930227426690415
3825,257.3061643039164
3826,6.1147368073266195
3827,296.455688233219
3828,314.3408641824924
3829,6.479739830679096
3830,263.84815136180305
3831,59.5155861015225
3832,1.7844677236197954
3833,51.84877784773245
3834,17.980004185893584
3835,2.690333747856399
3836,5.267978032603113
3837,6.758482220757713
3838,5.844784591173764
3839,231.70495939423517
3840,5.730778469092633
3841,129.345812578857
3842,3.633332005650902
3843,258.9586202365965
3844,5.271735150967886
3845,5.406551368602782
3846,6.377670372937707
3847,71.76351568640203
3848,112.4327680639432
3849,196.68446639516492
3850,11.773097688355914
3851,111.56693831834775
3852,228.4577688345996
3853,5.500986115865807
3854,241.61369492381587
3855,1.9678719947448298
3856,58.24841194924532
3857,4.001173280534506
3858,3.294815730300802
3859,246.56872988584212
3860,6.014619407154487
3861,-58.82787485325936
3862,-4.603748957678981
3863,4.05262913041462
3864,2.7221060473863843
3865,291.22016307246986
3866,4.81817761613161
3867,199.05550507432184
3868,4.7158243220024705
3869,3.0223613820140773
3870,190.01820162242166
3871,41.411518827028466
3872,3.5397041157087417
3873,33.013150196894145
3874,347.9201882763507
3875,274.6964463159851
3876,101.9171378734435
3877,-63.424313280924125
3878,178.8913000839397
3879,232.2115904870921
3880,6.29842195908855
3881,3.8808219980780567
3882,2.512637303263779
3883,216.7234693832308
3884,144.77753663872426
3885,6.286248428673211
3886,5.328638649869918
3887,6.306618092260505
3888,2.691190985017508
3889,177.33329102589835
3890,2.1254447662033433
3891,3.47792786769718
3892,166.7830258567248
3893,2.9364979931458244
3894,301.45394846366264
3895,-29.731616036041657
3896,18.77295916004076
3897,242.46664702818458
3898,190.75130677028648
3899,1.7561303094323848
3900,77.75100301305176
3901,110.14003192038757
3902,3.0636546040538795
3903,37.434042723422834
3904,44.44797616341961
3905,3.2913695752809384
3906,8.16433882083788
3907,198.56703755640223
3908,142.79585927783742
3909,3.471592282492689
3910,3.913863899515667
3911,237.98095870869713
3912,4.215526114618118
3913,37.5595074148217
3914,279.76418336582105
3915,7.362780316658716
3916,5.839772871603187
3917,3.8015285169850443
3918,-32.071204006842535
3919,4.551817448716669
3920,30.880294830930797
3921,56.12882501432466
3922,7.18773533425584
3923,3.477795940484084
3924,343.3296315208556
3925,78.96448639387353
3926,1.8852871095557397
3927,243.83679505631972
3928,3.6430138260466705
3929,5.496267862524452
3930,6.268861204315669
3931,214.72198682873915
3932,4.259441760465329
3933,2.6626556336791047
3934,6.535284690805497
3935,231.16482760572478
3936,1.902984445444841
3937,3.28633114789897
3938,2.45944949703065
3939,329.4088637858075
3940,6.0797601699834285
3941,6.160706448609883
3942,5.537569843237383
3943,3.119249213451039
3944,6.738350866982019
3945,328.31083510501844
3946,177.75773907476957
3947,23.142410562756822
3948,162.18209117249756
3949,5.3822411079269745
3950,232.54038376184414
3951,1.7706987279994808
3952,112.00828908284367
3953,128.78572925224785
3954,2.255023753794325
3955,6.005081840270375
3956,190.7574553870927
3957,56.68229824540801
3958,69.48925647642312
3959,235.90082897617873
3960,6.181168359596491
3961,6.044166489441183
3962,109.1085368790875
3963,5.794021854650589
3964,202.76477072562267
3965,6.057689278138158
3966,2.836448182853024
3967,3.633571178418377
3968,191.73971890618603
3969,59.974800971969074
3970,2.277796396221508
3971,3.313331544883603
3972,2.874892625636263
3973,3.2298366329720114
3974,46.2038986479194
3975,39.78082189094039
3976,3.562111439552316
3977,4.254268216492689
3978,3.5705847075022445
3979,120.87910982012532
3980,243.0061952087935
3981,253.2887463066818
3982,5.794023541514336
3983,3.3074288796352596
3984,375.40128370733925
3985,238.30851224124004
3986,149.7091712533448
3987,105.01083688139275
3988,3.1125018776618427
3989,13.990845526584662
3990,92.41214887422683
3991,242.9121067378179
3992,5.988002331908212
3993,5.824279523744282
3994,46.827622661658864
3995,120.91784344990316
3996,3.65430071693011
3997,95.50894583960483
3998,2.0547843197455276
3999,269.50801747945576
4000,5.294875135830909
4001,4.2224670384771015
4002,48.034033788292916
4003,172.35898499679146
4004,2.3431707101236032
4005,306.5045920930422
4006,62.82412207496418
4007,7.354049819420698
4008,3.3291409203611133
4009,5.731708298363783
4010,189.2507155544096
4011,3.174810643010364
4012,6.401576028541862
4013,239.98892915847645
4014,5.785369872362424
4015,6.400737711308594
4016,67.00949452015186
4017,162.53617228254436
4018,125.3061802256445
4019,1.397908363821211
4020,1.975963279065168
4021,122.5602972843021
4022,45.76173748545146
4023,3.5522286363288194
4024,114.82021511102712
4025,40.34643821199138
4026,29.412546127372824
4027,242.16622742311108
4028,106.02660521563351
4029,6.351793892766988
4030,2.4182075455476877
4031,113.15680648876763
4032,81.9099420987936
4033,2.433952886370728
4034,247.1733468381771
4035,104.7305873920721
4036,4.247890006480314
4037,3.6862495121368624
4038,6.065750151854029
4039,5.841825479192028
4040,101.85025007719085
4041,324.5132982899214
4042,55.043392303219946
4043,259.4108276382875
4044,3.7582949627548032
4045,47.28221642318343
4046,5.840013652993921
4047,4.481297058357292
4048,276.8321203818948
4049,118.27098265818957
4050,284.46129757952724
4051,57.20916823616325
4052,2.754667415960474
4053,3.9051084638113824
4054,5.230890744848969
4055,4.403254074971374
4056,261.74415690430044
4057,6.9750295150708315
4058,282.90222382123187
4059,2.8248970799538364
4060,266.50466795357033
4061,111.61263007603785
4062,3.699205583602988
4063,2.042093763189534
4064,228.63810020341546
4065,1.8754895015519266
4066,94.00376060282747
4067,214.87773142850062
4068,171.12772901021424
4069,348.9422927268929
4070,2.6819773977382324
4071,2.9029351462488115
4072,1.514998892373663
4073,3.5712921639117
4074,4.3388877210487005
4075,-11.431023707225258
4076,40.39110304278988
4077,4.894444423479079
4078,6.246640649398103
4079,7.094491320108612
4080,291.3707558512515
4081,4.659128093324849
4082,124.29805407165419
4083,3.94906561989079
4084,2.838988897666298
4085,34.5902510681833
4086,3.8659120264859075
4087,4.069065779105003
4088,5.022640828172925
4089,76.0905375222786
4090,138.5284947378354
4091,4.302191182831966
4092,74.81105953839858
4093,32.023886312816
4094,5.162189509255517
4095,6.746463477870167
4096,2.4387166319986906
4097,2.5960056792210415
4098,2.8675167875685603
4099,-39.29357583166923
4100,56.487685415822966
4101,6.052499661984329
4102,4.343394324437776
4103,65.08844481312377
4104,201.6749449451439
4105,5.7554876621126025
4106,122.13665046294787
4107,89.33547981864226
4108,81.57233615256298
4109,228.47282460086177
4110,5.843716677013326
4111,54.49698074544676
4112,99.4901334513061
4113,2.974876690230012
4114,5.112596121599294
4115,73.99074896798273
4116,110.19006501149605
4117,92.00178652300275
4118,289.741954421198
4119,252.72908648291587
4120,224.77299746651016
4121,83.9690874769808
4122,-28.514595823519084
4123,2.1386639809354575
4124,97.69587150220725
4125,2.5949372361439735
4126,43.74595727062399
4127,5.955461800450262
4128,1.765243271203068
4129,6.2140241539146155
4130,2.080792111133423
4131,55.15759893419761
4132,6.111225062716414
4133,5.182228870567117
4134,110.58159258938558
4135,29.93983055810955
4136,157.55652727624664
4137,324.7979122836281
4138,-7.657437732114051
4139,102.10105240688696
4140,55.12709144359948
4141,4.184775553629582
4142,113.39929627065226
4143,307.0724433265747
4144,76.94548581597653
4145,207.25734959939115
4146,78.35214193293235
4147,63.57001592328282
4148,286.9349163782462
4149,51.58724895003239
4150,21.195167239746596
4151,48.798015935342995
4152,121.79353850143778
4153,4.0696660211491205
4154,351.39962557627575
4155,149.2611945294353
4156,3.28098935957199
4157,34.868523423055876
4158,3.997615367290627
4159,4.840538676188881
4160,159.6991045750339
4161,179.16903879801401
4162,6.334886061879331
4163,44.08824501693974
4164,187.16121294268288
4165,1.5107179700845879
4166,47.14434828125789
4167,89.1695981563679
4168,9.826610305180369
4169,2.3813658969931852
4170,-9.940459243395251
4171,84.09853039891293
4172,4.297020985809866
4173,3.7391331820412157
4174,64.079214322838
4175,123.87225157822763
4176,1.9572994078843804
4177,4.5058195618799814
4178,24.711978313165456
4179,119.39893135295338
4180,184.1519334670224
4181,53.6645794189394
4182,62.261044644613676
4183,22.239710758933136
4184,181.02849969479496
4185,261.5284912396255
4186,2.4578974435686995
4187,82.29074837056771
4188,3.938411667925548
4189,4.025493979241844
4190,121.07167714894285
4191,2.1701435679227483
4192,37.073699940491764
4193,51.80029931240381
4194,5.980856237099706
4195,4.212911155327519
4196,122.18353257867315
4197,6.146932617178088
4198,3.317614925477303
4199,5.075283146170331
4200,298.7254810570816
4201,245.5125417956205
4202,130.82735872768436
4203,5.8252089205375
4204,105.63198924766901
4205,4.942391008911651
4206,7.5388811540446845
4207,134.6839276769843
4208,157.9246307870303
4209,230.58864771171613
4210,-49.25281052976699
4211,2.409589267099742
4212,5.726761691474207
4213,-15.39443338845907
4214,7.3476440714250035
4215,3.2963111773237417
4216,1.6495622680958082
4217,3.2770418568535025
4218,5.776373125845154
4219,51.92370561889764
4220,82.17315365426471
4221,2.1211700265327673
4222,111.33938882108022
4223,2.9554885906302855
4224,6.63609940972302
4225,5.099176862301596
4226,275.06132380880416
4227,1.8753729354255173
4228,222.98159023224494
4229,115.49459688768587
4230,3.1861299380408243
4231,2.956793954575904
4232,51.04680212254381
4233,3.1050278911297067
4234,2.358270110037714
4235,74.25452157622304
4236,248.8111010958196
4237,182.41571762098994
4238,3.449140117443559
4239,82.08931457720979
4240,3.695985156609974
4241,42.93415365002312
4242,237.80676939614034
4243,-49.934203321978785
4244,322.39994988703626
4245,5.004927600307003
4246,1.9604445566693152
4247,3.9701928299795757
4248,4.044190195961929
4249,-18.538756646317392
4250,1.8158099002876846
4251,284.7335205117952
4252,6.693081119724585
4253,6.040831926375917
4254,5.118530302909934
4255,-52.336108208054725
4256,2.298257174809926
4257,93.78752499770974
4258,2.330980951793023
4259,1.56746174369425
4260,79.26978085782414
4261,2.4074856865356598
4262,286.85130901818013
4263,97.23760593517164
4264,2.6707654973791106
4265,39.30313383341073
4266,4.474036042267983
4267,5.814283927727344
4268,5.5103790052583586
4269,179.73385816208773
4270,197.48477453804077
4271,182.12733996773017
4272,4.716226179717211
4273,7.975608490169265
4274,91.91717466064924
4275,6.757113790597136
4276,288.4152194815952
4277,239.94303083431896
4278,375.72349734341816
4279,312.9955930436832
4280,117.13100590042637
4281,54.029686984272246
4282,7.130531011446154
4283,6.239381371525191
4284,4.5324295625197335
4285,107.85901723728432
4286,310.53108360108405
4287,1.8114871935003194
4288,190.055391192466
4289,198.96046234398173
4290,178.64032306089987
4291,3.006467362817354
4292,4.933071393518107
4293,0.5399210270974119
4294,-36.50202924242583
4295,0.9423285421585843
4296,5.3181778527010275
4297,6.234752368871801
4298,5.934246540137332
4299,61.274992201966306
4300,46.34062320445869
4301,-13.562737581242914
4302,108.43485938408085
4303,1.806892372047283
4304,-37.25182345118343
4305,3.6724999169534334
4306,292.38856847455133
4307,2.741947250227902
4308,42.2536277184183
4309,4.62793236068945
4310,2.953474797938824
4311,0.5668975640833527
4312,312.95799594960954
4313,3.2878762054759716
4314,3.4039614612753097
4315,231.01650555540937
4316,1.4864341194848896
4317,185.3619748186432
4318,6.1477765998323965
4319,51.06804888456705
4320,107.74069421421676
4321,4.779713806970168
4322,305.21103702265714
4323,66.78953502916512
4324,3.793933327352647
4325,6.646557556401886
4326,3.397825689356556
4327,105.42549812530886
4328,139.1575148358689
4329,196.26039967470956
4330,-24.384313796098375
4331,2.561342890165719
4332,2.173282564715771
4333,264.42173504544024
4334,3.5420778821389303
4335,3.890730907992653
4336,2.1237801936145675
4337,5.765472811000861
4338,2.192786961021022
4339,5.469377700983116
4340,-35.988037651677374
4341,64.74303052486417
4342,154.02990709344272
4343,165.74014164503555
4344,101.63459717657543
4345,5.896385262404207
4346,4.5211232796236684
4347,174.08227073461347
4348,5.596469244787381
4349,127.52762701288654
4350,-57.773516142341606
4351,120.10509045033682
4352,194.19285150824544
4353,5.059325943213258
4354,131.13223641409627
4355,112.7687702295895
4356,1.9121956950707237
4357,5.39499641470832
4358,307.6240448538073
4359,214.42001868359273
4360,3.377744066348262
4361,-0.9841163156551378
4362,1.336300967320578
4363,3.956694313855519
4364,4.325909753719958
4365,1.6810986068739082
4366,3.551940298443559
4367,263.4283477185834
4368,-22.971884482091973
4369,66.71316921708929
4370,6.400192427488571
4371,196.40014055783578
4372,82.10434762902743
4373,322.68065719954257
4374,6.172129196595751
4375,235.4743906485951
4376,285.6225505858109
4377,5.2992276482889125
4378,5.963581181024565
4379,159.34752660453273
4380,2.9665954034502957
4381,2.4485858312236286
4382,6.660152990773019
4383,30.888016440668643
4384,4.852911494676623
4385,204.17821681630102
4386,23.575910079816648
4387,292.11725632237477
4388,65.75003549300204
4389,6.638809250511418
4390,4.311752712577328
4391,3.763993254913882
4392,2.5847140928093433
4393,90.3501573774528
4394,77.12371209033313
4395,3.0808557127978244
4396,17.910048325232587
4397,2.6465217145951785
4398,6.388139082982361
4399,3.911300767542981
4400,239.24754325603362
4401,6.872542716681795
4402,239.554891694262
4403,246.81716485957247
4404,238.94904702199923
4405,371.46857167956273
4406,37.385786545603516
4407,82.18016473502198
4408,6.474085275975635
4409,117.00618392401822
4410,-90.65487029885674
4411,2.7096643758418963
4412,280.04448571788043
4413,235.34806850186598
4414,3.734365496258253
4415,193.7238953821454
4416,55.13115355999565
4417,3.0765474131952293
4418,230.67345447216067
4419,266.0892788694302
4420,360.4960504927384
4421,328.1245861804327
4422,4.880620819065634
4423,2.409408190892633
4424,48.59705578669467
4425,184.46932707418452
4426,5.5106610075571005
4427,215.15665496694362
4428,6.200606188808598
4429,5.415524484945523
4430,5.103164831497656
4431,176.60731205313954
4432,3.7585556600503116
4433,3.7552183717104053
4434,106.33913611933843
4435,5.795429644603836
4436,6.455297842753826
4437,19.425867898474994
4438,87.74483101308871
4439,7.192849875939505
4440,275.3012709712232
4441,2.0477820910088234
4442,258.8541975377707
4443,6.14503712597574
4444,276.2291532920064
4445,4.022191603994209
4446,3.6845269915699417
4447,150.0454016689711
4448,5.342731273857155
4449,-14.05059032475856
4450,86.22460855286457
4451,99.5419044958438
4452,300.2091751489461
4453,243.5546469760966
4454,5.015558188543029
4455,5.413090835810344
4456,201.16556017675623
4457,4.206492898004041
4458,6.684655421552112
4459,72.74734032501921
4460,0.6402462803385267
4461,87.55876863018015
4462,158.89181607250248
4463,37.95640602960592
4464,4.204542480850153
4465,108.01831360675297
4466,4.426206154601898
4467,-2.6141290923365954
4468,1.7901933809565416
4469,2.019790135692134
4470,4.878798820910221
4471,3.273538341696608
4472,253.87097527929734
4473,3.5228246660861093
4474,239.80001945341158
4475,4.786452787021673
4476,98.61569409433486
4477,5.856810335157057
4478,4.012637074048767
4479,135.64666462731265
4480,285.93858121943583
4481,3.7571017356520873
4482,193.0953251617292
4483,60.693575177276266
4484,311.45359421765374
4485,205.53562129579194
4486,2.3658795260122116
4487,110.42338023533046
4488,58.675401300118395
4489,-44.01876194299895
4490,109.89267961562277
4491,5.340149382634413
4492,265.3920890114821
4493,311.01476816797526
4494,-11.945077852113721
4495,2.697595591007662
4496,95.23540296604452
4497,6.7337543680558865
4498,192.52664759636352
4499,314.4517882699273
4500,161.93733872983393
4501,5.438748277040281
4502,5.963481643539243
4503,187.5247317351558
4504,2.5512379992119456
4505,73.44717567568681
4506,3.121024361874194
4507,5.530546927091008
4508,132.15991374087818
4509,44.350944577445894
4510,2.2328511433960485
4511,267.2227177747665
4512,58.00317506049589
4513,119.33269586292869
4514,2.9415312840945873
4515,2.3652932284773596
4516,3.4199616904843686
4517,4.698964532847057
4518,9.967088502959655
4519,109.74892981967885
4520,58.76376724729251
4521,2.4715669454618903
4522,68.94601190427409
4523,6.716150121410337
4524,209.52490943297755
4525,14.677573430457755
4526,2.269115435534028
4527,114.91700004725877
4528,139.33959125559747
4529,119.65120619038878
4530,178.26442470953228
4531,4.023949762829486
4532,4.083768368863954
4533,4.57157900754299
4534,61.61428658873777
4535,6.062096934793431
4536,1.863309569144153
4537,1.9125032677983183
4538,6.520019681914356
4539,290.8221083104477
4540,170.52830029649317
4541,3.0601127321674304
4542,2.7835081424812964
4543,210.7265498269778
4544,35.151077081247976
4545,5.235225262811919
4546,25.116624634543697
4547,5.843300884627067
4548,180.76665868979705
4549,5.152722687246878
4550,220.46651711111514
4551,32.57664801421141
4552,127.91635318969455
4553,131.20303921489383
4554,4.9269250664383915
4555,190.5717731453422
4556,287.88126837908567
4557,5.122738272712475
4558,4.433438706669105
4559,74.44301846060463
4560,7.263841990912106
4561,5.288133352799413
4562,182.85914110208466
4563,45.30605738572124
4564,235.4438096917924
4565,70.12254882440537
4566,217.87492010550122
4567,274.9713456500638
4568,137.96216837218452
4569,4.831224772209963
4570,197.0355310525353
4571,259.77452268503623
4572,4.8090340104145595
4573,3.1566843524073853
4574,1.6095781261183857
4575,5.334128773174035
4576,135.8958389008685
4577,249.09377372008743
4578,46.66650895291835
4579,11.81269214149069
4580,0.49164530652935823
4581,350.842064485967
4582,11.092760468036335
4583,1.613133073212678
4584,272.8863039805094
4585,40.19072755841488
4586,6.825756757726175
4587,4.078682444697135
4588,1.353547632591197
4589,4.0969921557602875
4590,2.9297843715832683
4591,71.19548312932488
4592,5.205462045151491
4593,77.43791123740522
4594,-20.655097557432324
4595,2.7399725668011907
4596,66.6626928953832
4597,146.03946807789583
4598,4.399440190472543
4599,-41.6932668191509
4600,91.98241777361707
4601,6.869767255770608
4602,5.440206446042052
4603,5.162041757375368
4604,67.21939190133563
4605,2.2994704936804284
4606,148.81631384100652
4607,43.000796457239026
4608,4.661943744407615
4609,216.6186719161087
4610,135.31402735083012
4611,109.73367140008381
4612,2.9695604029222302
4613,-72.59000203281661
4614,83.37423370260029
4615,-45.08047395403672
4616,4.797499856807553
4617,4.940132605235691
4618,4.302424197998017
4619,6.195500338314028
4620,6.696499694781291
4621,71.52729208522281
4622,3.7149301708307516
4623,6.015117742666735
4624,1.4091973514397016
4625,93.52951458728529
4626,47.618690091516754
4627,5.532790553441461
4628,5.929487902201334
4629,57.33535656530738
4630,5.286938886036784
4631,-8.48447606604293
4632,6.821163028053089
4633,217.56038767065934
4634,5.98061172341937
4635,6.110970966965689
4636,52.84588460973869
4637,6.932629091130466
4638,391.4139012482429
4639,276.68091953758017
4640,2.075962065925461
4641,207.28628058924738
4642,127.16218766620077
4643,59.48618384582069
4644,56.19312184411975
4645,5.76508719589884
4646,44.806925891383784
4647,41.635944103124544
4648,196.75855546236423
4649,111.97611410378518
4650,122.48755683380524
4651,38.74978256122708
4652,4.697273301324441
4653,245.6505409409308
4654,3.235855060231605
4655,5.43760087259803
4656,2.414909485813231
4657,3.0990038507190683
4658,5.914228363250734
4659,102.15076489523398
4660,2.205070645996149
4661,2.434745627529952
4662,3.3421578854875706
4663,119.9032109841769
4664,5.88612758255331
4665,138.85961899931752
4666,234.39062894170598
4667,1.849697115198179
4668,112.90027736698994
4669,279.42041292385693
4670,46.72906609146334
4671,1.9426490389423157
4672,0.7083952511987334
4673,67.61620634260977
4674,294.90992461949804
4675,1.7504282125762982
4676,132.44593620068147
4677,66.28237828183237
4678,5.561049056115076
4679,69.67678883595933
4680,4.168762129399265
4681,1.5521791160929586
4682,185.9537975857103
4683,148.24495488192554
4684,97.19178920674852
4685,244.83869754728022
4686,4.2857488931737535
4687,222.6744306241399
4688,340.92047534926894
4689,81.89601741275524
4690,5.67959027154806
4691,6.763487590672731
4692,4.17329275851952
4693,98.16332803356167
4694,4.370730682963753
4695,375.311255289089
4696,4.290231968248179
4697,2.576776795221452
4698,4.728681704176457
4699,4.149322207834845
4700,90.52903333987487
4701,5.09360074822132
4702,1.9808669568674304
4703,3.7984795862945187
4704,5.51450507197762
4705,287.11096930907536
4706,3.118943758997243
4707,4.973705871892715
4708,2.8777642656346014
4709,71.73004880671263
4710,156.85309286229096
4711,6.340810128169897
4712,244.46241832199667
4713,3.560478966988015
4714,5.8344377855447105
4715,69.8146350623186
4716,72.15975353339046
4717,7.238711844152203
4718,5.733972944318602
4719,189.69188038354838
4720,150.65484664846684
4721,6.080633958891449
4722,3.7714692773132477
4723,6.535932302955233
4724,72.28827024922985
4725,170.1321344317903
4726,3.674790606108263
4727,268.74285192093805
4728,247.5019255453774
4729,3.809068013612594
4730,169.55099184741584
4731,72.39759705156244
4732,-49.06969745343161
4733,5.551646182859058
4734,6.218073848026043
4735,5.313382795800152
4736,3.069715082485615
4737,69.87012459799887
4738,-10.122672912662747
4739,194.19952718866614
4740,313.4535850114858
4741,5.606816740112297
4742,68.681026928231
4743,5.230881070908131
4744,276.40730102799245
4745,46.43484145666866
4746,3.656253955833638
4747,2.9745292707360793
4748,3.1169306822583986
4749,5.801928297526728
4750,5.8495580483014
4751,3.439446353451329
4752,98.41587057088593
4753,156.7312712037914
4754,136.95091634976308
4755,4.062552678552952
4756,2.050058338280403
4757,3.3787918829898222
4758,76.21925745948691
4759,111.75237761683422
4760,5.029415110689589
4761,3.409512860118562
4762,186.2353170160697
4763,214.26107790131795
4764,2.2292558621795413
4765,316.71257283688976
4766,31.075905645011062
4767,31.669404345467342
4768,22.63483594087273
4769,-22.432945947174705
4770,45.68927496053812
4771,30.51498765747535
4772,3.6561163206752596
4773,4.451732458550394
4774,150.50656374452944
4775,2.3326954270391886
4776,2.7095844432519973
4777,199.5122863836393
4778,5.111821949491044
4779,43.99425272982546
4780,1.3926613845114457
4781,54.642402422108916
4782,4.693198280443184
4783,3.948807152174198
4784,2.7394302431249384
4785,63.424115054139754
4786,72.27305447122151
4787,5.627784548576231
4788,3.8443560620434
4789,3.063762891364333
4790,130.22853210771666
4791,183.7935068394027
4792,4.436375266080281
4793,166.81435525645884
4794,66.24495872586579
4795,229.0270435565289
4796,3.3734964380725123
4797,135.1914732110676
4798,5.887005048631671
4799,4.0397010504117885
4800,349.29056042571426
4801,3.7102430724698205
4802,4.848150697421898
4803,277.1835767584274
4804,1.5772208198188054
4805,225.1322068188756
4806,4.389100990417788
4807,3.4614245364877054
4808,58.42582375777768
4809,111.03029825321772
4810,1.6430485823438863
4811,2.125959219295995
4812,5.097927622345299
4813,236.6375310674088
4814,239.89581628281084
4815,2.687554062641306
4816,2.8885457178919447
4817,6.092932416386842
4818,1.6834130149722535
4819,81.44112683160537
4820,2.5140416648012485
4821,190.77449793399805
4822,125.63595404147173
4823,5.254454150082475
4824,2.6201320434284336
4825,239.96493387381213
4826,4.618528295486254
4827,5.956005734027824
4828,209.50144660320916
4829,118.09406202049203
4830,83.77851743343773
4831,224.10009620106572
4832,6.808582240743384
4833,3.6549822871756037
4834,107.48835629558224
4835,3.7306479567012802
4836,6.302353358557464
4837,200.5067832533717
4838,40.14498194900442
4839,306.5979863121928
4840,2.4830295908020354
4841,91.49300665810595
4842,27.67397471557962
4843,2.3898676968246146
4844,3.666778972528837
4845,4.4406609408848325
4846,7.406953817530671
4847,3.9700514497572543
4848,2.1544871912377324
4849,4.551675931438131
4850,6.851165053607151
4851,5.901631012427582
4852,97.8836299098799
4853,295.83313728426657
4854,2.594318851423223
4855,3.004461158298194
4856,186.7270811676861
4857,248.22197365135918
4858,247.45527956068452
4859,133.15706212762657
4860,253.50634182795093
4861,-19.30848416943524
4862,125.53841036628972
4863,6.904916223559704
4864,5.638767058134947
4865,1.9277726941875948
4866,1.1791176263775238
4867,3.501983602675189
4868,57.48931912407454
4869,0.963793110644756
4870,137.9033508805715
4871,6.846296095500067
4872,2.3445499816397932
4873,294.0712641417313
4874,11.911131934227043
4875,3.2424619312083234
4876,223.21993511780542
4877,6.3176245961004565
4878,86.67303530142317
4879,70.20166294177466
4880,6.00842903736961
4881,6.215382330045705
4882,34.51693337919999
4883,1.8209493564863024
4884,130.05260531091966
4885,-58.362484228553654
4886,262.2362490793376
4887,6.165123206723827
4888,292.52791218545383
4889,54.00192538977446
4890,223.4173518578651
4891,120.38823391325224
4892,2.0109271455175755
4893,5.830164134544958
4894,91.65040816159544
4895,6.6863314653671715
4896,5.8054449830016415
4897,5.536800088844618
4898,8.102372247282126
4899,221.03998508366786
4900,1.8130990351915561
4901,272.98966777004097
4902,4.205336394676835
4903,145.21577144265623
4904,376.9786563799175
4905,100.82669845376597
4906,152.24549288633455
4907,184.31750774102625
4908,4.46793659292554
4909,128.6744146436971
4910,153.66755957970938
4911,89.25889878226117
4912,5.613488749142538
4913,202.02919748073424
4914,178.78899347291377
4915,4.388143612329715
4916,5.008642721120681
4917,6.393125279661335
4918,2.605097161762679
4919,-2.619151954870267
4920,2.123707593637395
4921,-6.881391875445937
4922,173.40222102384837
4923,211.3962897159763
4924,5.84762520099091
4925,2.3999892316726843
4926,1.1583070023847943
4927,5.056734258292404
4928,2.9488683298571043
4929,75.40107302517724
4930,109.92755126495386
4931,-34.69036528560539
4932,6.160364387929939
4933,208.87602236180828
4934,-50.38441992728056
4935,44.73970775371454
4936,247.7896120752397
4937,22.321385487886857
4938,94.36677095939886
4939,62.27994136117219
4940,3.7317303085594693
