id,target
1,4.29067764346648
2,2.586645854163603
3,311.85050941712615
4,-36.21047579658186
5,4.278588144752886
6,6.740989888261575
7,5.4219769456853495
8,71.00487272254401
9,78.47488925884156
10,46.2030961292372
11,31.13013476983228
12,-5.62543869871074
13,264.7392502253064
14,195.64879921871452
15,4.086377810866392
16,270.2607619253715
17,2.8774416461647787
18,96.95752060848322
19,3.1471104051610546
20,6.653131523084888
21,-69.48828423526473
22,58.09021049641417
23,3.5273006717290887
24,2.9935000000000005
25,36.50519439291781
26,79.90698249309777
27,1.1271178161069213
28,157.0584863271226
29,43.4467870137568
30,3.685
31,6.420965146638321
32,30.42842713635701
33,47.55408088169535
34,3.981527900779176
35,2.314056014931558
36,5.753348055228342
37,266.251260326764
38,245.3066860816862
39,66.1339000455363
40,115.5018646611615
41,-51.41022699105672
42,2.638226679115745
43,5.968469344916761
44,4.552202859158209
45,123.54402209441425
46,39.07660445473619
47,2.612195141458715
48,-92.19905127042249
49,3.9986912291940255
50,1.8303921042048008
51,252.7583046874076
52,3.057679190447352
53,2.591274953568138
54,69.70777232292602
55,2.8490258544679667
56,4.108325860070293
57,5.533272245294152
58,149.60801969470157
59,240.52345258493577
60,6.762947707099693
61,2.240250077978987
62,225.87058131583692
63,6.67748214770616
64,2.64818004640583
65,2.2653624393802185
66,4.425581057480172
67,5.206908228833621
68,184.8517405356791
69,135.90682918662398
70,1.9340873095190003
71,2.354516293425531
72,2.1367821344506
73,27.338067189249777
74,253.0892974213021
75,212.90362009869847
76,6.68168489391858
77,5.8394385399983335
78,144.19193326641764
79,270.7319451892023
80,3.745981970694691
81,38.00400154876024
82,4.339810578226914
83,162.7644989236099
84,37.99175644271489
85,30.06065607094617
86,2.2461572871762363
87,56.84468364516183
88,193.1558735971297
89,6.060274686029142
90,5.304614198491037
91,49.3829715170852
92,38.07118683203905
93,30.591982529766568
94,5.051551585689056
95,4.187971502849839
96,2.8530403295322606
97,6.605690399747723
98,215.18279692177643
99,94.40744536522196
100,285.69578462789616
101,5.829495896743672
102,247.88563552121465
103,2.951613501646837
104,6.908218967593653
105,141.50399041986998
106,-3.4073988539670936
107,288.0628518724444
108,2.8702188381632543
109,188.09751718871215
110,3.3406732641355767
111,51.73829209602744
112,2.178058220449933
113,206.8164123525152
114,6.720264204935141
115,5.295045986786262
116,391.0431500322824
117,196.25395067932504
118,139.42840378378483
119,237.2615299030582
120,333.31471966334954
121,148.6771074844444
122,3.785622424369588
123,110.0929811582535
124,261.0660100119162
125,134.3878431961066
126,6.389270134042264
127,127.16227758675925
128,3.724429401216148
129,221.323067850938
130,87.98243972576493
131,77.94747061172356
132,8.510838297873256
133,-99.79823581243794
134,304.03493874306247
135,5.95842232853625
136,1.990295189605927
137,145.17253515801818
138,5.798091888133336
139,197.4085647232801
140,292.38188701681736
141,60.77800721635893
142,-22.67136901802092
143,81.66472353746771
144,22.64084953970421
145,7.027135625170063
146,167.01880315704594
147,217.15532590863188
148,1.6035872151756312
149,232.68075537889405
150,76.67688619214545
151,279.2730416935666
152,254.92312928641272
153,180.29890626033497
154,10.550940152846294
155,4.361842093767781
156,220.8665435919847
157,129.308546592264
158,118.69246448179092
159,133.17453009736838
160,6.43350525874372
161,63.76617163942921
162,4.8360238367278265
163,291.390626253712
164,2.9591396644022825
165,19.64370060569989
166,211.51747106587752
167,314.9714507447828
168,7.084465578729661
169,1.8666853105605172
170,227.36718938784216
171,2.9808291847762427
172,4.435889753647046
173,-43.6836616373081
174,4.3557
175,5.486829722967652
176,149.29437983158675
177,80.61625099850312
178,327.39478216771914
179,137.01352371743093
180,233.71054108687088
181,7.0906711451199325
182,2.4619626333130067
183,310.21557236258354
184,6.774307123363587
185,1.638065571586593
186,3.5853657500299763
187,2.9747825698043755
188,3.996915703622855
189,88.47190036994004
190,4.370486099113708
191,2.379503538393088
192,34.978357870642206
193,3.0589426061993
194,320.1469085586127
195,100.7125090645264
196,280.93121499225185
197,122.4507396947501
198,226.81742453008204
199,86.9834454673259
200,2.0538480319712
201,3.29751948945132
202,82.25418614655774
203,36.52015101812279
204,4.3218700078081245
205,269.52078667259894
206,78.8661375869896
207,228.8448280281452
208,131.42345190730458
209,70.20466650545845
210,157.08647899557175
211,45.18847393808454
212,111.02235126028124
213,269.8972157907907
214,64.35167068270796
215,20.489975193226268
216,145.533157837804
217,92.66360102231864
218,150.82523319198313
219,211.3407434009154
220,5.765790142526336
221,219.5986073982222
222,161.5084009186419
223,2.915103463501584
224,191.31718939848025
225,275.6319627570135
226,199.8983278455445
227,34.700887889298194
228,269.6351370491623
229,251.80584275823347
230,0.4229700957323421
231,225.05212503955943
232,47.55468801288443
233,56.776674026716805
234,257.2994134563216
235,104.80128024047023
236,2.0471636285867643
237,6.390101513062144
238,40.99112991094545
239,6.326739413452573
240,175.56684800822035
241,315.38942669485186
242,229.9824543454263
243,3.976443963131784
244,4.029431921445319
245,56.010233444120175
246,132.03419043994816
247,137.28063066394833
248,6.428614417634867
249,5.866360076923778
250,59.34934241016234
251,68.71591447594962
252,205.5889841569441
253,8.210466406748502
254,212.2977405548557
255,-65.50400229570228
256,6.380789803670333
257,2.051953571896505
258,76.80644342970606
259,281.6477350191212
260,2.3573685249973884
261,5.722397181398946
262,6.217516888579611
263,-17.33661479655737
264,3.603287915185809
265,3.3189021641953187
266,1.9875426122469968
267,4.201283427784833
268,1.6324043598305014
269,202.6867244568421
270,3.1127614012392804
271,147.57535087084182
272,127.28567433027746
273,4.642098226465234
274,4.728314816772673
275,328.1884278394041
276,174.44563059712053
277,192.44228312742663
278,-64.95805081613202
279,3.8340084550592537
280,192.10312918704264
281,5.095059185896335
282,194.28960072042517
283,190.40644065927916
284,145.60524153512176
285,243.97349689287705
286,147.32117970877167
287,244.4117324980284
288,6.272361014696934
289,135.24815927365876
290,4.919809988758781
291,65.56793558609073
292,4.140788359571296
293,81.24186246412236
294,110.49989256859594
295,5.006399305360561
296,126.83421235929518
297,47.11411061676871
298,-27.422212009653123
299,202.38662573491496
300,5.761107903506955
301,4.020460634989944
302,5.005575797432081
303,4.498501444405485
304,4.003749077505595
305,4.820924731039527
306,245.41932275721493
307,3.145568525986838
308,2.962772576126264
309,146.35678169216675
310,2.131119976213357
311,2.270761319745352
312,3.4143303913152603
313,135.8473878575502
314,4.047441426480276
315,0.0842855478401433
316,3.119556709322576
317,4.052162829188938
318,4.017013362884523
319,59.77858709735067
320,1.759199415737194
321,6.39632839501187
322,2.7864068464585148
323,1.8009283947722383
324,2.5520153046502454
325,2.9999054665743885
326,4.935859952645473
327,42.894932917844685
328,4.951044258233792
329,99.77820377332344
330,51.13702578248008
331,2.8109871596990703
332,5.558204553606894
333,3.372218608383706
334,6.780165159692464
335,128.62465344668146
336,4.059118342143163
337,2.292323744344133
338,122.04581678500912
339,29.830955517367823
340,285.2238915741667
341,103.05151931354692
342,61.327796475814125
343,3.4064834112577587
344,2.554195415255241
345,122.40503763853826
346,2.960587415426559
347,5.4634615903722965
348,42.0668900744529
349,-64.115297469617
350,127.85670533214989
351,243.1557950004119
352,26.33740255830952
353,1.0058236319566396
354,5.942062849511305
355,319.85067200098626
356,223.88097326058156
357,3.17221660631602
358,11.97546400839548
359,4.508957461571242
360,124.27046745768482
361,4.227322760454025
362,5.198909390959955
363,49.37553062414842
364,4.471726327498804
365,5.3809568204916935
366,76.86087667863056
367,4.421324638665833
368,246.87211224147043
369,4.815985447848449
370,-12.652578519923772
371,259.0511860013679
372,30.80123167633436
373,149.8898656888729
374,-14.038445881290704
375,109.75618650582116
376,2.866945877802685
377,2.906437440896137
378,3.928994397279768
379,3.159846474374246
380,0.4933961578635126
381,6.110696736705361
382,6.4594676221469856
383,168.33141850610863
384,1.7770098263064944
385,3.704533545697935
386,270.55511210143857
387,2.75228795623572
388,4.039605824739559
389,75.28091968193351
390,4.866342600519059
391,171.1020164438102
392,6.595519787017954
393,3.8189645609215472
394,316.1939003831068
395,188.9435688043084
396,2.48394569338141
397,1.6976262853153925
398,6.679535309553396
399,170.08622981067103
400,238.7073706591208
401,1.7031698359797254
402,6.137792031946611
403,5.5697104168058855
404,5.846482301359046
405,11.043893593044668
406,7.313755732650836
407,-71.38098453523453
408,4.406502723662016
409,2.8452969334063054
410,3.556181161882131
411,2.8152428841149235
412,-7.323566395736324
413,332.93721282220247
414,5.788852954094585
415,50.62200971738925
416,2.9992661269872363
417,6.770016748231936
418,5.228606474958102
419,5.714748433019738
420,4.39708658154509
421,137.87172992781464
422,162.5241766947417
423,183.05321499717368
424,132.7801152197854
425,5.7895660554369295
426,235.32552443754028
427,3.573506877223547
428,213.8597472242525
429,3.312264390091454
430,4.43656347128459
431,264.46229710371455
432,142.16046933023722
433,13.117053868891038
434,4.231503738736222
435,67.21390914869987
436,243.21260692026004
437,233.7770196727107
438,170.58240553700244
439,5.922383300491707
440,254.229756143612
441,195.1937463431618
442,130.29040597792903
443,318.311751170068
444,5.429718363231373
445,6.3586053337476365
446,63.62487976599675
447,1.2867912527691665
448,6.328154501521156
449,318.6490804094436
450,275.0147575953902
451,151.8539984643912
452,232.95599153611684
453,1.7871009477666424
454,4.41093765277429
455,130.12619961760828
456,2.5601649345569197
457,4.839409151300532
458,266.57379222774966
459,71.82276668004869
460,16.178884376080383
461,127.48031642820608
462,6.796902859412656
463,193.64066231077635
464,5.109753400277532
465,143.06625862837777
466,70.19155722678025
467,2.0654573433546832
468,5.485511521369885
469,31.20386312872015
470,45.9602772068625
471,1.7821749770698714
472,1.8640197153386795
473,39.35938573193746
474,5.974148530071381
475,102.42310015212924
476,6.552492538334654
477,1.8658005279537253
478,4.419521120790461
479,214.80325308270383
480,4.285973458772604
481,6.155521569641193
482,222.71991848335105
483,1.6591906922073592
484,213.24626436080663
485,112.51555144892502
486,4.714093898712973
487,2.481269902293116
488,208.63500679934117
489,2.547333579135294
490,4.669749299040463
491,6.728734122358782
492,3.8746477476633823
493,3.8915915038622497
494,226.4209942842117
495,5.829833325094247
496,175.14627908075045
497,6.448079338422303
498,6.001099550580135
499,5.448648447126257
500,5.587146828753924
501,3.3917130841422205
502,320.99909298260536
503,98.91624859744852
504,0.2828442414051046
505,1.982646131413288
506,6.471554094260773
507,327.5040173581169
508,47.13720497368406
509,285.77912658937134
510,4.197766721944265
511,137.08740618803571
512,190.49087457193053
513,233.16248569637557
514,312.7830526615756
515,294.7952162445163
516,235.81216355024492
517,296.28068053016386
518,7.335019670195675
519,49.18034519388245
520,287.47791185566206
521,1.806573997903636
522,3.9898753424770375
523,227.00735839074227
524,4.392713849948547
525,165.8364282502415
526,5.836210817041181
527,4.779258726264276
528,4.2062
529,6.246573869843737
530,257.6125096208104
531,69.02216035355713
532,3.688281174897964
533,122.0159264827704
534,4.308553079868025
535,6.79602977633642
536,5.906006341828896
537,1.601609080370855
538,5.102665248251439
539,271.09687261212275
540,252.00712196733127
541,228.05228884460664
542,60.63380629710003
543,106.06876910159048
544,5.730443149543009
545,4.003550885067964
546,3.472092462292649
547,2.114752988422328
548,330.08460104711986
549,5.783391042127287
550,247.9931830188644
551,5.924292117846444
552,125.6837753514972
553,3.946871049944032
554,75.48640894291928
555,119.66979969685636
556,239.5345536985393
557,204.20330335756245
558,4.590751305780626
559,5.889706117877112
560,162.54958050738344
561,189.246133021622
562,166.4744418354874
563,3.263568575118044
564,35.958621198852555
565,172.06691785997555
566,2.985661193948709
567,55.155559986614
568,107.43410880472504
569,312.842199462806
570,2.986696242959285
571,206.9952267118435
572,3.3824876737607577
573,85.84665033993016
574,104.50208396017791
575,8.033393707484768
576,1.749216665744607
577,3.182862741099165
578,164.14334998803776
579,-3.375261496315898
580,292.01018819167706
581,64.26609740028759
582,79.58661997899198
583,5.435375819843707
584,3.065889596226965
585,162.1712313033034
586,4.607939730316433
587,212.98218669632143
588,2.892983500531219
589,195.89714715698463
590,272.79652711432726
591,138.82324472543613
592,6.874766771303644
593,242.26294501310443
594,273.1160748645452
595,36.388845004376975
596,5.528120617667766
597,146.82761896234695
598,2.2359651347528597
599,76.54719584218196
600,173.23633212382543
601,166.9693053170792
602,37.23802830501878
603,2.082009355966419
604,255.22929423188955
605,2.587373869050796
606,2.517437414053945
607,6.294057482622797
608,43.35355352555708
609,287.85927109198417
610,43.0712035527235
611,60.24798939217465
612,3.0307528344087267
613,3.7488844711766913
614,54.71655158703747
615,1.856366826789717
616,188.56720063419485
617,-60.10214910673504
618,237.0894777995873
619,4.56207712979912
620,5.238514857210122
621,183.37389018999255
622,104.94375181729572
623,172.5418129531222
624,205.2957739617661
625,2.3771999933400143
626,1.7625073006843397
627,78.33594461293242
628,4.4356807643417895
629,216.0274513264444
630,4.475027296259378
631,2.043270000730608
632,203.3149919899086
633,143.84546410478106
634,230.7572528225268
635,2.5171327626856392
636,103.97898261903154
637,99.04985427414869
638,6.626547326663865
639,28.037870664684405
640,123.52857095268682
641,6.836513384601451
642,2.893966958058501
643,294.101774057911
644,3.3457493587647065
645,84.25157641261015
646,80.89377895004165
647,176.76694118844893
648,271.32029596655167
649,381.6432665684421
650,347.22308189930084
651,121.43136039697184
652,49.25691195100123
653,3.145716615618643
654,184.3501130096552
655,8.862615906635021
656,188.95308140498204
657,188.85377280498503
658,276.2578345000647
659,1.8618811877304504
660,132.83443395351753
661,3.95422663117876
662,123.05607509337077
663,3.810801018348053
664,-50.71966363522269
665,91.1640868620291
666,145.7939357203211
667,248.67662323023657
668,340.6409470552351
669,134.67698367056943
670,208.7009477769377
671,117.72885604748
672,94.0487415199254
673,4.138080831721022
674,5.516953053652959
675,5.614234703432816
676,5.832014375879491
677,31.633289523928102
678,182.25655817211884
679,4.780678344637534
680,3.0291763950249986
681,1.9132694638694656
682,70.09762036149121
683,6.287593785807919
684,173.27520416840647
685,224.8495546219836
686,5.963181494019949
687,374.8326018841231
688,78.41046392971198
689,95.2775324103238
690,342.822941760846
691,3.848244672814264
692,80.71936671436183
693,5.240677861459699
694,7.170690676807565
695,17.089037749363968
696,280.34556105379147
697,1.1388996318496822
698,222.86035919084892
699,1.3795273355412594
700,246.55713377653368
701,3.5076203364796976
702,3.0586
703,59.05164219412618
704,88.70996232735644
705,179.7691397873885
706,171.36869217550446
707,144.23846484717885
708,61.6960762778275
709,87.38522478985989
710,203.5717001134816
711,236.27293364953508
712,6.788606753485219
713,-2.051594408622824
714,6.406979614477642
715,249.25797656280375
716,3.0142019917737035
717,74.95194697773522
718,369.6194414325105
719,209.0354003394854
720,4.249872766500262
721,148.19291003653865
722,2.539329572216088
723,6.4013680152111645
724,2.130558814486798
725,2.7254288647227947
726,110.48648366957188
727,246.3849235868149
728,36.81631826731163
729,72.61987667597839
730,34.87528292137952
731,282.77208067705806
732,4.733445051265274
733,6.588730446822004
734,19.062721946282743
735,247.97102404359825
736,58.36829204390766
737,35.62485351792986
738,133.75629680188703
739,298.172887997404
740,138.8537544461264
741,31.20755814947202
742,262.47675769317533
743,152.82705597303385
744,1.9773497935070368
745,293.42579077981856
746,179.01030224586162
747,3.7226514444450913
748,64.79698414585734
749,89.53588589903983
750,193.9735425820776
751,59.325558993192814
752,249.05255626963643
753,1.8472177844017723
754,249.1355538442872
755,6.4478423911397895
756,5.963124203917447
757,209.3180921150172
758,2.0940098357631776
759,87.10246921202179
760,9.75818537604183
761,229.34356740542265
762,5.060310884926539
763,2.2315056843269887
764,64.07691942616526
765,4.403076867000584
766,37.14626751882823
767,1.0201092428710024
768,5.007730721767764
769,5.774279629271861
770,2.161966393000305
771,261.7492289102901
772,73.41674310295775
773,120.36357813504712
774,-14.494370279011976
775,31.992933388912512
776,4.276138033536241
777,230.319734467864
778,-16.374664440472884
779,167.78209614461937
780,70.86590248301195
781,312.4149219114745
782,3.683268301006796
783,46.62035864398015
784,2.683074346626088
785,41.92749659115129
786,149.50511219255586
787,5.525535142602816
788,1.856414279531383
789,164.78866068549124
790,83.23577313875049
791,-14.350670268146516
792,113.859053174284
793,-76.58963301587177
794,321.98002787878505
795,-60.80866842292877
796,123.33426031879488
797,3.3269367181962863
798,56.949050742871016
799,3.1508895244468187
800,5.871951519085058
801,227.5638512664181
802,84.29965405364109
803,170.91072212733616
804,6.632484594026674
805,2.116608748437553
806,178.24961315999448
807,2.644013789630589
808,69.97745441380822
809,1.5965424639646102
810,50.99603871760975
811,253.33952523295216
812,71.42440169387923
813,269.66716010571514
814,5.878325069452263
815,4.59343730621975
816,6.861864053132839
817,2.642446916978231
818,8.235222446354502
819,5.096694979655015
820,68.04820850462174
821,5.570414645505282
822,2.0036646888532683
823,37.412856217995966
824,70.31682238964702
825,6.603323043456626
826,79.83266045352889
827,4.047962562481989
828,6.330144973959849
829,54.68769319034725
830,162.45912544703452
831,105.966422258039
832,6.058735689105366
833,264.1998053956688
834,191.102881456083
835,122.98264058887696
836,2.3232389117073025
837,48.02587407420253
838,167.07614298058851
839,5.848604753078678
840,205.9063523822481
841,152.07130548548557
842,65.69608113814837
843,2.9434461321331424
844,3.5565917102899247
845,5.346632612560697
846,6.463916485328386
847,5.587583627552393
848,148.90062597014563
849,6.397928836081983
850,86.04737761993574
851,5.457354818010074
852,29.72568766814526
853,94.35668222319082
854,1.3951546237699164
855,7.0116000000000005
856,241.7316527338093
857,94.70624146520947
858,75.95238869929638
859,196.1595308032259
860,2.0982066284279304
861,3.682558308506391
862,2.917320722688696
863,113.35355349405935
864,251.67135444110096
865,262.36039310132264
866,209.8954940933362
867,5.492453161981942
868,125.68308922262288
869,165.39044158444003
870,128.45855878805312
871,144.52098245539196
872,161.71375409111653
873,2.831656212126908
874,75.91976701893941
875,6.629222888112127
876,104.55852112408796
877,41.20790667589895
878,120.46468065626163
879,5.117978281969046
880,6.802133535761829
881,163.304362439814
882,5.596900511926535
883,250.056497894834
884,5.912186361803832
885,167.89464621952956
886,69.87327679187158
887,2.3264090957005155
888,2.142137097020753
889,247.25047954890752
890,4.177406451316695
891,2.7646084481977837
892,59.43201399411003
893,4.849486872092156
894,-24.48023832107966
895,3.5601575216055306
896,217.0285563146269
897,2.083318898506382
898,225.41798421973056
899,-50.14854605665255
900,249.86228385189867
901,3.917111878036639
902,189.33915447675423
903,5.173556604855553
904,130.8891807458582
905,1.9818130794311344
906,0.7166754463344991
907,218.73182417927023
908,30.411613138320597
909,89.06248322759605
910,2.5615694750334908
911,6.751884494385041
912,302.548837476245
913,126.18014385154106
914,293.50521371873367
915,112.72971352643228
916,127.66803840555929
917,-4.658193686900361
918,2.314765067253566
919,3.1435948982550053
920,399.1056414342394
921,138.93133778887545
922,209.54805832938663
923,2.328394386305122
924,87.94454269528367
925,180.95087783367583
926,52.8441132650626
927,57.13636141703695
928,5.2994422099813
929,24.63745273768565
930,13.904487518996014
931,221.5993027550308
932,185.456127228406
933,5.313121531339171
934,2.1043664759808576
935,207.91546484791428
936,39.20349202213751
937,3.9690970744392056
938,4.650699137023932
939,130.5021352953717
940,1.2157362584064495
941,5.965724081630986
942,4.671077040715506
943,109.76578170797612
944,4.319745944999458
945,2.012311586662745
946,73.35001001024264
947,49.70849020273762
948,40.67340893139037
949,226.49303823315648
950,369.95855816317135
951,15.84131820790718
952,-21.818355402538643
953,6.33085810032009
954,253.2147495079905
955,180.2065479802388
956,134.33976202079566
957,2.1696041846165146
958,3.140421136843621
959,210.15888408063964
960,59.79593205314166
961,157.72857755044603
962,2.5865
963,6.39823074527175
964,4.98378361211163
965,6.573394944647776
966,3.892633700740665
967,46.1000859421826
968,159.7417431154547
969,197.7457384836636
970,6.52170017898553
971,377.1183439105569
972,5.498387346603067
973,109.3964073324992
974,5.230050022665602
975,4.457928730367112
976,5.293316303699009
977,179.82497965237036
978,299.30650328324106
979,2.4736653048412
980,1.860611677045971
981,-16.486966643334096
982,43.488104112323626
983,309.8922783273184
984,307.46177042074896
985,253.66004174971732
986,89.20509736565519
987,3.567942920813442
988,237.8323639243774
989,331.5769253944874
990,124.90660574408297
991,3.97528396102541
992,311.4603769791007
993,194.9071483194384
994,3.216064681958467
995,-11.583078781413793
996,36.66981359322068
997,2.093819787257865
998,37.32423069110067
999,80.36260937705644
1000,-36.66592039488956
1001,284.43555811820914
1002,171.51173214813156
1003,5.665983010240629
1004,1.3541852422744756
1005,1.7790250935016136
1006,3.8540079757909074
1007,149.53625043906604
1008,1.9428628979575056
1009,7.29885564919841
1010,45.15880638022361
1011,259.860844029054
1012,10.632980197168855
1013,223.92777123137347
1014,57.60061506391008
1015,234.99284474472876
1016,6.629011351895929
1017,5.049301798489736
1018,3.409092324557915
1019,6.352464712628754
1020,4.259469404401988
1021,145.45736683397007
1022,83.03092916798482
1023,183.4842419991835
1024,173.22424124596407
1025,5.321750843098006
1026,3.7952
1027,4.9494371521658005
1028,84.12144137693406
1029,3.9148187729358224
1030,24.72360993366097
1031,292.84229853560845
1032,3.037540828543108
1033,2.4014048026118475
1034,238.5449124359441
1035,1.4278472250996168
1036,235.71193205969303
1037,6.754757367937533
1038,55.11589376753844
1039,3.4845847484323653
1040,-1.5643443404626125
1041,2.7864999999999998
1042,4.330976763866767
1043,3.5523477084969293
1044,328.9239924554991
1045,141.91514398720807
1046,34.64960342999765
1047,207.86157663270612
1048,1.870754750695495
1049,3.3466675384342586
1050,5.134523522951429
1051,59.689793527001314
1052,175.84421134151026
1053,260.10001326545364
1054,6.419418711796614
1055,33.792503429486175
1056,30.153081065334383
1057,4.499786604830323
1058,2.8284874661683665
1059,2.757732778413511
1060,127.43668749336922
1061,3.247349266481425
1062,5.782404161082
1063,300.2760307619775
1064,227.99156160941183
1065,54.92184986320347
1066,270.6893389009465
1067,264.6433530666271
1068,5.412336579766872
1069,4.46285057590694
1070,319.01892595006547
1071,171.55710152195297
1072,5.681965756968447
1073,2.848764476785215
1074,6.250238267807863
1075,4.849466691366262
1076,281.6510964546643
1077,6.181367342613366
1078,192.0136632387947
1079,2.997157175587004
1080,2.6224129185010625
1081,5.87937770008889
1082,4.062172343564778
1083,3.4961714611178976
1084,6.20196772723046
1085,141.89144667610032
1086,197.96222777507057
1087,53.43911938707569
1088,286.2501560999171
1089,8.062645895251958
1090,129.37903725117732
1091,282.58906604997685
1092,5.728521100345279
1093,3.791467447942295
1094,6.565949216329953
1095,3.0594478107386123
1096,2.667444590019357
1097,4.674835495855168
1098,83.41429539453918
1099,121.1051588370021
1100,5.466548245036878
1101,4.826175026369628
1102,5.928530391958697
1103,259.0042501839917
1104,5.266698890226705
1105,116.27267194534032
1106,5.328686146616614
1107,6.246375205815967
1108,20.506706940639745
1109,107.32632660348727
1110,120.16034326435144
1111,3.0381039341840124
1112,218.9972079638561
1113,2.705881339257484
1114,165.39035012981677
1115,-13.109421376667996
1116,5.240988516311878
1117,292.32516651631965
1118,285.7382817036218
1119,4.771004419876283
1120,48.87704047928018
1121,9.067127895667236
1122,228.04493585563264
1123,3.393521549539404
1124,184.01981346048555
1125,2.87112255450454
1126,71.63992973196626
1127,6.319836852425302
1128,-50.867903816552
1129,179.93269349568575
1130,5.809886140035166
1131,45.49640494665441
1132,3.93838614106318
1133,-91.63743313359024
1134,175.66637956205
1135,199.2373476712185
1136,-53.50281749819343
1137,4.3538893875083495
1138,40.466577864901424
1139,98.97347953967532
1140,127.7445552904762
1141,203.15567277645084
1142,158.28488516565122
1143,44.70537094289277
1144,-53.485283695093095
1145,126.8989242563526
1146,34.87414049764657
1147,3.7943000000000007
1148,107.22811790193823
1149,36.78428941843544
1150,4.347837407296368
1151,1.326586072737266
1152,4.5815773579199295
1153,4.201418139541264
1154,33.6036440205196
1155,161.82313284769367
1156,6.759496294127705
1157,82.64983818916983
1158,211.53406619491585
1159,116.63594141106772
1160,139.7518774212548
1161,1.7412978905040226
1162,5.306513825407835
1163,5.468273443094112
1164,4.868376288890732
1165,194.92863634782415
1166,48.939890383744896
1167,-24.49883789851901
1168,4.8687729492516825
1169,157.08456653688765
1170,4.883531333385629
1171,4.441058967692115
1172,-6.944048818569897
1173,3.6394745195355216
1174,195.3865163620152
1175,-59.47156717982146
1176,231.99363990172543
1177,1.807488745352949
1178,145.05886896442763
1179,2.23407242394138
1180,2.390243026695728
1181,1.8018583708499487
1182,149.92089268690629
1183,7.982720937967792
1184,3.785902841682327
1185,282.2863473469016
1186,130.02566968205886
1187,4.094816952669988
1188,2.727011088285698
1189,159.10478159501287
1190,3.672595487421254
1191,2.9269509495524666
1192,4.748182833852331
1193,158.04703477394284
1194,5.599123182862656
1195,1.775709059240068
1196,273.1727910340957
1197,84.58578235056702
1198,3.3303957487735034
1199,270.2342420670189
1200,65.6189020076911
1201,245.14214253853768
1202,74.1132217843335
1203,3.363355921737976
1204,148.42742572898328
1205,1.7715872977530285
1206,157.2159742130426
1207,121.20170876123656
1208,250.78122419682992
1209,258.8414070056777
1210,193.92349964645925
1211,224.74612977446432
1212,5.764426343465981
1213,4.066178843214246
1214,194.66900307289043
1215,122.36723334644302
1216,245.8429729608964
1217,188.1565268324998
1218,-44.84443504979168
1219,6.090876034261436
1220,5.785770234708435
1221,244.2675363631373
1222,5.801795428768782
1223,2.7113
1224,3.207077296772834
1225,131.06796484234204
1226,1.3767372358152072
1227,4.636362621867296
1228,2.435186260083919
1229,39.17666574800447
1230,106.50402974232176
1231,237.71904215783988
1232,1.7332880905483372
1233,-19.96649670274017
1234,3.096204164726127
1235,14.20835764788798
1236,260.5668482976386
1237,3.7532732432889104
1238,2.516723707771672
1239,1.7502688535019308
1240,46.569344020173325
1241,2.1715759093439764
1242,4.459153457059808
1243,4.927914175935454
1244,176.91506397410586
1245,4.314584100943428
1246,264.19500577006875
1247,5.254694959175999
1248,110.74887778836468
1249,141.4800007626973
1250,7.241971355589574
1251,24.90075468150704
1252,5.7922096382316255
1253,4.039324327849118
1254,4.342656937326409
1255,27.416142892453383
1256,71.846153008348
1257,145.52637487918383
1258,261.7658321590927
1259,35.795534867166225
1260,267.94969461139993
1261,5.629280979559829
1262,5.358414469268254
1263,197.1724181554211
1264,2.3314417105669736
1265,24.59886347709009
1266,131.80695699246667
1267,2.145140284150137
1268,6.332414323655359
1269,265.1848281691694
1270,-60.07528222672428
1271,269.58060881273366
1272,53.10371072130373
1273,8.082488238876186
1274,220.3616578891384
1275,201.72175237597293
1276,42.91580601086592
1277,4.2597916478549465
1278,1.2896710095547657
1279,4.0
1280,-58.19153652465044
1281,3.78585288521978
1282,111.39431722595997
1283,182.8973558452186
1284,2.577956429324392
1285,-53.18606010385741
1286,2.93436132322901
1287,51.46207890940156
1288,115.15251614732288
1289,3.980170520925415
1290,217.526760606953
1291,3.271095591571418
1292,37.9313455223331
1293,112.87641495365696
1294,258.620635450159
1295,188.30674809006297
1296,6.153868760557422
1297,66.00427359740672
1298,-12.700655679736805
1299,6.004154804104308
1300,183.09988217024272
1301,254.5858803055305
1302,206.70255218026705
1303,6.09818389660115
1304,3.150593491762604
1305,5.055303688295375
1306,52.49325494399176
1307,151.0231951846257
1308,1.860851255360688
1309,4.992760181371484
1310,350.5265390087855
1311,2.604618878817408
1312,7.05790488036612
1313,45.893284945263005
1314,148.56744748726555
1315,219.06245233987624
1316,258.77184619973093
1317,69.08272930651488
1318,2.3083009143459963
1319,223.40394043821536
1320,272.5016397167925
1321,15.977627805917006
1322,51.34815830996656
1323,259.85350043652863
1324,223.82827783745603
1325,44.25971002253691
1326,69.73139420593816
1327,227.71005420479523
1328,3.426316253276575
1329,5.812443192676657
1330,132.1049198006405
1331,-20.61284488821447
1332,301.96387445758234
1333,1.965205761868784
1334,344.7317895339907
1335,1.8292605636124883
1336,105.78425264093129
1337,32.183484537195945
1338,247.5200942156512
1339,6.362993022202461
1340,179.62140175984354
1341,232.5616164046101
1342,207.5447067382664
1343,43.57193369283207
1344,116.83271164884584
1345,2.555155483272415
1346,78.17115890173521
1347,100.44443840353412
1348,3.114831132465117
1349,213.92695260476495
1350,35.25716885783534
1351,221.75929098383816
1352,2.433196077905577
1353,9.854935581425982
1354,4.762373580028684
1355,6.389729511827204
1356,3.55207532715262
1357,6.962322798281399
1358,6.676720501023019
1359,1.6813669791433417
1360,301.42301414931484
1361,4.714367985426684
1362,6.8332003132567785
1363,67.53790306656283
1364,3.7118648694440455
1365,5.901350478163212
1366,6.7768291967883485
1367,5.979249183880296
1368,8.863354660819958
1369,190.3869521316545
1370,285.21911862515776
1371,227.29950875686927
1372,30.90736195160373
1373,3.6380753965710375
1374,193.2440625615254
1375,136.4064567361639
1376,5.429226619632293
1377,4.957797681677333
1378,117.55771458560262
1379,81.00519580151214
1380,123.68253248154296
1381,242.51213528787483
1382,83.24005630297523
1383,49.69468901080162
1384,-9.883048333450276
1385,159.8590895064181
1386,2.1344774040128263
1387,63.5944130582365
1388,1.6821052269467605
1389,207.8205101661602
1390,176.52973889031776
1391,58.044180237864914
1392,51.51017709227677
1393,265.01327134091133
1394,-9.139094541135885
1395,47.17070288625762
1396,182.32231819122785
1397,5.396854569133971
1398,196.8624884696669
1399,1.5879810897788964
1400,107.59062945443917
1401,337.4419967275713
1402,55.818866584737286
1403,305.7981138734697
1404,91.10412305036728
1405,119.8936190544591
1406,1.909970253575696
1407,120.2687228781948
1408,7.508066856176813
1409,3.9879000000000002
1410,265.1827833743668
1411,280.6402415160736
1412,-38.27645193887871
1413,133.15629305627994
1414,264.9016484562372
1415,2.3479043333167544
1416,2.4524870612381577
1417,4.2601485778156825
1418,339.21927685387635
1419,150.4094091721464
1420,4.57215823634254
1421,45.74241483114721
1422,6.655818233281623
1423,3.3837675594543906
1424,5.568140769291315
1425,2.174082437992225
1426,-17.394323881184498
1427,3.6719016463942777
1428,4.593218288098686
1429,3.181535639067844
1430,4.139670277588075
1431,6.515571714719077
1432,154.35066846694207
1433,2.803095608847244
1434,6.11496418727045
1435,5.062265628130029
1436,-57.30405845745631
1437,160.25329588618098
1438,116.30721525560676
1439,6.246898308256047
1440,2.4252625229973725
1441,133.79052726794714
1442,186.1630957377155
1443,48.70504864363716
1444,5.90864115983075
1445,51.735419253858296
1446,286.79802928785705
1447,235.7412102928837
1448,-42.27723143359561
1449,5.911104015513611
1450,271.0810897611856
1451,166.19572021748962
1452,4.691526709041368
1453,4.705559705982807
1454,171.09113301245645
1455,69.66486950430856
1456,-7.070769931791791
1457,7.677213447921313
1458,4.959785021636248
1459,317.3229035318396
1460,353.7531964137766
1461,160.5766060243066
1462,-29.22001681678297
1463,87.68065553990436
1464,5.863228547930823
1465,3.1946429108004057
1466,235.17956049657784
1467,5.7475734425545335
1468,5.402619352602864
1469,33.68893924369992
1470,3.973205430072115
1471,22.08914706083368
1472,6.744591979215594
1473,2.6769783990939326
1474,249.24407056805052
1475,104.2389888613268
1476,6.773689386942634
1477,2.414462467658102
1478,156.1980596424125
1479,4.665191965404112
1480,109.80579057430532
1481,5.815914589139302
1482,150.9400430004685
1483,6.13641289092261
1484,247.29186729515249
1485,185.1482136862611
1486,6.5085232777871855
1487,3.794323416908663
1488,85.00346704533962
1489,-3.99795269791527
1490,87.73434115399684
1491,3.075304499806371
1492,2.038840821197468
1493,8.08138545039896
1494,5.400364448113276
1495,33.8196202928153
1496,7.1604748186456
1497,77.58500090564633
1498,5.913599817735308
1499,86.19209160468051
1500,6.891787201089488
1501,5.731988869801422
1502,71.05712858696842
1503,5.662485566647825
1504,2.04944707737106
1505,4.82421323032152
1506,207.5323500995519
1507,54.451401708660974
1508,102.70114792477716
1509,61.77965755798051
1510,3.253648749817584
1511,-4.021473562246968
1512,69.57340833930287
1513,4.87490248580525
1514,287.22721089309994
1515,49.93769685257024
1516,2.479526641404853
1517,362.469419449207
1518,4.50940449388163
1519,265.1933003144024
1520,5.1172407822278405
1521,53.50163497169438
1522,4.890921672779632
1523,2.779782959024358
1524,104.22291914674082
1525,-25.43858196974603
1526,2.1901723644972333
1527,6.016513732360398
1528,3.6214972414247937
1529,211.6284062821613
1530,289.0219393734343
1531,3.302922282215829
1532,5.719629221598835
1533,3.659441292467259
1534,-2.6952921266955925
1535,85.2891036289747
1536,5.456091277144649
1537,2.5266046713738595
1538,290.64764652396303
1539,176.07171350437918
1540,2.0405882025957385
1541,137.35179543999297
1542,3.194402807972725
1543,20.325054162713226
1544,8.007191912653767
1545,3.5045832470880107
1546,5.820819553854011
1547,-37.79737098725524
1548,213.71376520515724
1549,45.11243320360924
1550,2.950585260422033
1551,2.290123189462093
1552,236.87174787380252
1553,7.402611810000723
1554,299.7906737034474
1555,150.53334367887663
1556,4.011247876571691
1557,5.246271243718927
1558,3.4782184314475315
1559,241.66092154802607
1560,192.09868741192912
1561,199.84438969951785
1562,238.9866272846753
1563,79.85280854585041
1564,3.48764266573854
1565,90.67293442989552
1566,3.6520000000000006
1567,-4.477674852813678
1568,93.32550784300814
1569,15.60903981946243
1570,275.24871273812346
1571,3.4771815456705037
1572,88.56212292842297
1573,2.3547633553064733
1574,4.323606796012965
1575,5.869675356922507
1576,4.044165045068692
1577,5.754119202508327
1578,90.64161547341772
1579,5.025253268956764
1580,186.9443638843474
1581,220.96475654721465
1582,6.7523
1583,290.52790109335746
1584,305.52394539455827
1585,6.215062927206167
1586,4.694673826055998
1587,51.02186431112055
1588,296.9107756313827
1589,7.350151348152574
1590,5.997462179089463
1591,150.85746044098715
1592,7.198484168028728
1593,106.54258914141954
1594,145.52798028197918
1595,121.58256749142136
1596,5.6988218935303445
1597,65.64392400304736
1598,6.741557292524727
1599,3.5018559674967293
1600,4.449740607544313
1601,2.336086811103501
1602,5.700050940705514
1603,286.3978633825419
1604,37.47959899378261
1605,105.64917159760806
1606,269.6588490243296
1607,12.094879615023212
1608,3.368827733384138
1609,6.538132373209734
1610,3.089841846931391
1611,192.1797101856069
1612,89.28484884361491
1613,2.659402954266284
1614,262.7858376448419
1615,5.782238739299177
1616,4.110727547241859
1617,201.6484904984862
1618,225.84581562462284
1619,5.272694835700486
1620,55.21891253616546
1621,2.1212618480444174
1622,2.5782255008453667
1623,2.5436956110561195
1624,258.4920994451906
1625,55.31978384086924
1626,1.663554661917035
1627,35.37109369995926
1628,3.817505865401389
1629,218.9881085402727
1630,91.42504831382972
1631,2.1832543080235545
1632,294.7619806336986
1633,4.930537606931387
1634,-6.209839816921492
1635,3.4490006281099737
1636,4.543373143172293
1637,7.356741611541803
1638,220.9660700605345
1639,34.38553232075835
1640,4.637011102760091
1641,324.78738550947054
1642,148.96206972595658
1643,187.90241093869548
1644,108.78886970378622
1645,186.84986942283308
1646,5.716479813508763
1647,6.45235950561273
1648,42.11831106484026
1649,4.257153795995103
1650,85.52704761979268
1651,6.531464058374415
1652,6.136589640504632
1653,219.01793906224609
1654,6.688462501257348
1655,324.5458086487233
1656,53.70677054089801
1657,1.12725242131279
1658,271.17792407430073
1659,2.123527354900652
1660,5.339862623538959
1661,6.67125939305356
1662,191.2275699120624
1663,5.937517334370158
1664,139.47913650068952
1665,0.9153885400952646
1666,112.7790318209264
1667,-63.29756958655908
1668,255.52418055868645
1669,56.68114270911935
1670,2.141933111201197
1671,2.63723208401279
1672,5.3750828807026165
1673,4.566774663094674
1674,117.83572150533897
1675,2.145611968672445
1676,-63.35218788442079
1677,28.35954131573324
1678,1.2269572840568983
1679,233.2449600291337
1680,87.84512109512548
1681,1.416704706477676
1682,3.2259639842930445
1683,69.86140267755765
1684,22.797828270376883
1685,6.735579925032685
1686,140.45406813708678
1687,7.67748231606047
1688,203.3751022839921
1689,262.33656131942416
1690,3.17629052993074
1691,3.774888084812989
1692,3.889444710006235
1693,2.623881068639242
1694,75.283711750805
1695,226.39691109482345
1696,116.75786862313208
1697,2.115442545455418
1698,212.43255275947251
1699,182.35914130601367
1700,112.94437387860268
1701,281.66803046107253
1702,-108.8441335268185
1703,5.880235612106751
1704,5.490076408832871
1705,3.2029395449522733
1706,78.82452430095182
1707,4.804465096285708
1708,80.15731416720445
1709,127.02963474602412
1710,6.027801545452445
1711,76.60493386697011
1712,1.8714628584041588
1713,5.832962848609085
1714,-60.72313124959561
1715,4.989387509537584
1716,3.038916460655245
1717,19.023119720015217
1718,134.24058591207054
1719,20.559207793565538
1720,6.338949086926747
1721,250.18165741282823
1722,3.689620607631824
1723,158.63693677114034
1724,138.3173469107368
1725,1.9294000000000002
1726,4.178014727227409
1727,257.9698562370381
1728,4.284871693940684
1729,3.537805774893177
1730,58.5568139134768
1731,211.43436851025888
1732,4.68490358889835
1733,377.0408521940411
1734,270.2836498855572
1735,217.68330880970404
1736,3.393803564270528
1737,302.3449444970321
1738,291.5636091546206
1739,196.7935378194469
1740,94.71946861433874
1741,144.13104518759943
1742,252.10809927510093
1743,5.26757406107996
1744,126.933160164972
1745,26.43683786457237
1746,3.539580059192985
1747,6.886432893474122
1748,197.5362386817317
1749,3.3248524134770823
1750,74.91323161548117
1751,20.643133786910592
1752,7.275240154564071
1753,5.995542431256204
1754,278.9346477070063
1755,225.28647678534224
1756,1.8595692158347656
1757,227.8580300138562
1758,345.4297033326681
1759,4.799294948853668
1760,288.3757588261297
1761,258.17649630990684
1762,20.60761397970957
1763,40.68440429480291
1764,11.149503017459038
1765,5.001105069694016
1766,241.4240991649446
1767,173.9012379199233
1768,4.9816223448407255
1769,96.28481746806976
1770,50.40709184418783
1771,2.9917772712194037
1772,212.84036799999723
1773,244.43074635653124
1774,6.337554692479607
1775,285.57541541715534
1776,2.815977143776048
1777,6.258779991110102
1778,30.80399739948564
1779,-20.19302229393
1780,108.9940619625116
1781,5.765453504322512
1782,175.53370236429438
1783,231.58163913047352
1784,4.011565769578894
1785,86.9683781536339
1786,2.8530052730663904
1787,72.58061322886138
1788,5.102890265677128
1789,2.462947854636211
1790,41.57605132431878
1791,4.479662359982049
1792,2.528224684663037
1793,1.9398346952908827
1794,157.99714851146751
1795,185.25831558930773
1796,278.0184741017365
1797,137.45495658443943
1798,6.8985711311819085
1799,230.11520642629893
1800,138.0197259952688
1801,5.102954480592103
1802,2.1646583994796105
1803,141.26857342860424
1804,3.765924755853771
1805,176.46220147318095
1806,5.852656492874902
1807,279.36310457468664
1808,171.3301625570552
1809,71.33218314572179
1810,4.31969393998339
1811,2.7372
1812,20.895486450177224
1813,3.691385347691885
1814,183.4770965656564
1815,256.8339561504162
1816,5.627934938738708
1817,128.07185107543404
1818,55.23226743736178
1819,229.0882363816763
1820,7.8732
1821,3.336216475883044
1822,250.48441576518323
1823,-10.02501519105165
1824,41.09880426426389
1825,2.2965243747108928
1826,6.043700529831728
1827,3.6214982579679975
1828,2.13910379377341
1829,204.76070756066545
1830,229.1905716219549
1831,6.871072987337183
1832,52.30543196987167
1833,3.788772732426228
1834,4.398499266570844
1835,100.24819971780887
1836,6.4227764559705065
1837,5.853240196216023
1838,5.9092050129879885
1839,132.93044232147338
1840,-31.321989188504848
1841,-89.41226566164062
1842,243.22852214630407
1843,173.4498002227686
1844,263.4628025388636
1845,146.83478455972326
1846,33.79281310449975
1847,274.4916641357196
1848,150.620056481492
1849,3.8035295314183446
1850,6.061275986391475
1851,-76.38013794008499
1852,6.138668553917039
1853,64.10367097876326
1854,88.51547465472137
1855,5.237636211750027
1856,201.99971209465212
1857,2.5891704065457586
1858,4.981773531437306
1859,6.071202746073566
1860,5.705212006174943
1861,152.46930563298503
1862,6.30325317291122
1863,77.66990679877483
1864,62.75021557541287
1865,203.7749721517377
1866,124.46491233632928
1867,86.25919323783924
1868,277.17810773854626
1869,152.74162192142956
1870,3.3813113832226267
1871,197.64938667985788
1872,54.62590109147073
1873,2.645696107611956
1874,21.91230855267115
1875,89.19287063938086
1876,3.19981330971043
1877,2.9043280527617794
1878,58.51790422904222
1879,50.861661887317325
1880,278.8220195039561
1881,6.032144064971488
1882,89.91950888001324
1883,7.037699236446199
1884,80.31282916661105
1885,314.4334784702505
1886,267.0659786224151
1887,2.975462616393701
1888,227.53460833590617
1889,239.0835196094192
1890,2.243494869729279
1891,245.88014029359164
1892,207.642082321383
1893,4.290218840993138
1894,1.979179424072022
1895,15.899974319503018
1896,5.901338997051163
1897,49.18919198874177
1898,-71.05157874006457
1899,2.867261068424545
1900,5.831677094857288
1901,265.53055343149657
1902,223.7352652551444
1903,-61.38219043890893
1904,66.50282676424068
1905,52.31789702469154
1906,181.6407511888009
1907,6.817524034433406
1908,5.996776864965167
1909,107.54124985439891
1910,5.715235158604933
1911,5.028619105933638
1912,3.9469385806108535
1913,71.18584802691781
1914,-18.95279828865479
1915,7.63203009001926
1916,1.2443535043445717
1917,3.202962033225776
1918,164.48822049435992
1919,4.882866430003124
1920,4.642025590908879
1921,76.28708950967591
1922,3.1281723190431023
1923,6.3474809335331805
1924,2.6993190518263237
1925,4.5294143951174775
1926,97.68746193868054
1927,146.64446263046327
1928,3.483059957172611
1929,47.20154580086864
1930,2.538228851672941
1931,6.053097619431007
1932,4.799851692195943
1933,2.7510815809852307
1934,246.07690817709403
1935,6.363067557660175
1936,4.714751663547246
1937,18.95340231996662
1938,-21.110843051174125
1939,2.63951231460878
1940,274.8538016038338
1941,3.5172546443488306
1942,220.65010511373467
1943,3.703608872249961
1944,223.5832557286362
1945,293.2451562091384
1946,5.949979739283819
1947,112.43678577240584
1948,5.582102806905215
1949,-2.1665918430508246
1950,33.27006878962593
1951,2.723593208342101
1952,47.20365873997885
1953,420.456446249876
1954,2.818025698358664
1955,108.76429208469976
1956,2.00092805396211
1957,108.98278794907492
1958,3.3975486185835635
1959,171.26693437872072
1960,67.25886223057556
1961,0.9015252275045684
1962,4.053777309250069
1963,3.1496382041539337
1964,4.987581433206092
1965,101.00315096968944
1966,3.707338702457241
1967,4.818325681793594
1968,272.52885028909395
1969,39.45308810513284
1970,5.997126669815928
1971,1.7457230112665716
1972,106.04575322076718
1973,-35.36660659369791
1974,2.498903328049431
1975,2.860857275364701
1976,335.267316856279
1977,1.6991509254692534
1978,214.1867802566445
1979,79.36832777109807
1980,269.43639450189414
1981,184.39166397796907
1982,112.081973613391
1983,75.33330114988031
1984,8.8911347512689
1985,4.70035519547876
1986,3.731238435163535
1987,6.121112582702819
1988,0.891836284666266
1989,5.66311774224627
1990,4.710470740876921
1991,7.125574935949741
1992,4.012083169565374
1993,34.5573137907693
1994,1.9068093393805976
1995,102.1429202371552
1996,3.9747118487843887
1997,2.587058988906286
1998,5.635465225969588
1999,301.8475997106372
2000,5.876508092766687
2001,288.9675906016355
2002,-57.191163213952606
2003,6.6577942724202686
2004,337.91999115566244
2005,72.43408422926201
2006,4.75910205406396
2007,46.76585118939742
2008,229.32135686398107
2009,140.07697321323906
2010,251.8876125015117
2011,5.553541568734223
2012,173.03761964536298
2013,-34.259843836697335
2014,279.209193865796
2015,185.42003986282705
2016,34.82000642690723
2017,3.0211475012906424
2018,33.437596921003745
2019,92.0288426100372
2020,6.784163720719785
2021,4.500026217158963
2022,184.322798611678
2023,67.42379813198995
2024,3.071563859573853
2025,3.969647598002064
2026,80.11451258603253
2027,5.914909952362763
2028,6.328322668174121
2029,47.35699459480524
2030,302.8436568090316
2031,66.19733831138238
2032,290.55723093799907
2033,221.5378064287644
2034,2.5375102622947083
2035,68.81977063056522
2036,192.2318187386036
2037,4.691336488360286
2038,3.2309552755955973
2039,3.096302936687401
2040,142.10131273542495
2041,256.3602185555957
2042,4.1023382595924405
2043,180.11737660629316
2044,2.3770130635485445
2045,98.0452822714158
2046,281.0366235575823
2047,5.427561051228355
2048,-46.041370975536736
2049,1.5698899853574952
2050,361.8187379716118
2051,3.686529260917916
2052,3.1622816136595064
2053,236.08535429232063
2054,4.9633
2055,3.918977172496706
2056,-42.48200657334901
2057,198.42775522920437
2058,-20.061133209289597
2059,5.23689307999297
2060,25.06927408968956
2061,2.294272015538746
2062,161.5847508301503
2063,3.800161176555991
2064,3.791199319617336
2065,3.405411860274507
2066,2.055705836744308
2067,6.457160583654403
2068,3.5197364983907597
2069,1.8871762529256628
2070,281.6813412714212
2071,294.61965410014545
2072,4.507725528477299
2073,208.52916908867056
2074,378.0947748830472
2075,252.1735696945278
2076,3.3878000000000004
2077,2.735746844524887
2078,4.203760468726156
2079,4.115752260526283
2080,2.621955378997907
2081,2.9921451059558604
2082,4.364748745845321
2083,34.09096300340956
2084,2.537467709618197
2085,4.882881919371312
2086,124.28888793669792
2087,96.4707625433993
2088,23.619093120327303
2089,64.3608969859275
2090,245.4656841276942
2091,184.28259063676737
2092,-101.9731027604014
2093,5.197564150514291
2094,4.0639919216858384
2095,87.86679105463024
2096,38.56516380501251
2097,103.87647819241177
2098,5.644043946653576
2099,-29.48172182903716
2100,12.17448674425898
2101,5.819298677882477
2102,6.180293737170654
2103,43.29763197557293
2104,62.095398273241855
2105,57.535439780205
2106,315.72031032516907
2107,7.030982445713906
2108,6.621036699393332
2109,5.751549468580344
2110,252.23537758590996
2111,3.7205264916505767
2112,58.59803962239456
2113,98.07343492198702
2114,2.6416371194649213
2115,55.469290415981455
2116,3.916268196156877
2117,3.564127262886668
2118,3.6969563496870457
2119,108.0054998327854
2120,3.714703224550691
2121,177.68601324663473
2122,224.1628902563206
2123,2.7032037485489786
2124,1.6082157861032005
2125,4.358288368152273
2126,6.111403985673277
2127,58.406734867614986
2128,229.90610323185112
2129,1.799028815480723
2130,2.3142649193139286
2131,5.731602603500497
2132,6.004904024623832
2133,232.13840579696057
2134,50.74445230122688
2135,209.91675719445317
2136,33.56816737617814
2137,226.2224796131298
2138,3.349373241955881
2139,77.891753484654
2140,55.65432626566864
2141,47.80135191805232
2142,5.656988047137461
2143,-21.7458295197842
2144,162.5280934494224
2145,49.66339827785343
2146,3.9299504428963807
2147,3.959630451747922
2148,69.9270542881438
2149,-57.76770561321835
2150,12.304734424984582
2151,60.28435296601649
2152,4.956472273967384
2153,3.8343000000000003
2154,1.5593677251170994
2155,2.361572306146197
2156,5.926390403519984
2157,138.93211371438647
2158,3.570778788780704
2159,330.1035538018358
2160,219.05786192436983
2161,276.98871713257034
2162,1.8899503268816649
2163,319.3214577174967
2164,6.321546118642915
2165,3.229935098722676
2166,2.3994698917489323
2167,41.38908026369548
2168,308.1894688646249
2169,2.495203944520328
2170,2.246464066029011
2171,153.12226882327568
2172,5.381201229269786
2173,251.7639026272549
2174,258.7916404290561
2175,1.460232096896407
2176,4.539822383563899
2177,-43.64459881280691
2178,4.024364852982083
2179,66.83259833757106
2180,274.7090234014409
2181,2.444361890392965
2182,164.17854780467627
2183,186.1067217616872
2184,5.917790786835577
2185,2.6567612667781684
2186,2.6282541740653995
2187,4.7716346126473255
2188,255.780296345851
2189,241.66272693458063
2190,76.49162168989189
2191,2.803894912490321
2192,2.8709154363549105
2193,152.35450901723223
2194,2.8884591624814786
2195,4.881859083851701
2196,6.430600198425344
2197,1.9112663276332729
2198,4.740174478024052
2199,3.219577195548159
2200,1.6858699443649972
2201,4.075675759235602
2202,69.13668712432683
2203,2.655433669672392
2204,1.9657817818021
2205,130.82193191000908
2206,5.364138383601282
2207,165.5980978005575
2208,5.123015764485164
2209,23.199085577155284
2210,250.55680596604049
2211,1.8026790016439649
2212,4.568531849686323
2213,6.334796570990427
2214,106.80750370717958
2215,25.555946288562744
2216,74.31003226235866
2217,4.4422260629923525
2218,36.73953918637141
2219,2.407743160590621
2220,5.714616931041952
2221,3.318608010339069
2222,-36.731205946367936
2223,199.6158608544878
2224,-53.896120576437816
2225,170.6427547120658
2226,-7.799260219318873
2227,85.03056668535766
2228,143.17589147504918
2229,167.03059105485377
2230,3.348326028132277
2231,5.3438781740097765
2232,4.166399999999999
2233,260.6614820163532
2234,222.6645028966884
2235,232.72106881129423
2236,3.2297999999999996
2237,3.377421727338231
2238,239.2717378862772
2239,93.1105218091936
2240,243.04022809262867
2241,2.6597369342863755
2242,228.0867058422542
2243,5.909852333562207
2244,92.16569698270148
2245,246.2577378169632
2246,115.40921186267929
2247,241.7728297042768
2248,6.214124439483716
2249,303.5303149728553
2250,144.29392087977706
2251,4.84761838743455
2252,265.97383156509625
2253,6.207616217027321
2254,176.07410846105853
2255,-95.57978533013345
2256,37.78760642562517
2257,2.215088028985511
2258,3.1781491191199827
2259,84.42670884830483
2260,6.290955475518037
2261,85.45889200205666
2262,2.16060174630988
2263,77.51129816455948
2264,-18.02543460473085
2265,51.8058882525232
2266,2.3909152821649617
2267,2.724620985654385
2268,5.390982917341329
2269,3.837154226895753
2270,9.374332562001472
2271,154.51078457428142
2272,45.91028465077491
2273,3.411290893770331
2274,6.068623538009634
2275,7.055858673253113
2276,4.49716489373049
2277,1.9969000000000001
2278,1.3010547191381805
2279,6.090377869087831
2280,2.2326999999999995
2281,200.3067207229909
2282,2.2300423933294717
2283,3.926024012424392
2284,222.98294827881676
2285,2.9881467851802466
2286,-9.651530138911625
2287,5.518822026861638
2288,2.814319369269473
2289,5.583722806228568
2290,-32.90650794092018
2291,43.695842559665934
2292,4.946614249248297
2293,1.93806899651096
2294,8.765699200256526
2295,3.0269471123938096
2296,4.490058430622465
2297,119.95394386044516
2298,-39.46024135950965
2299,64.11451873358976
2300,3.8950043164727415
2301,5.394183551479422
2302,-93.22276370831185
2303,163.27613811023727
2304,5.308897137891265
2305,48.99575600785209
2306,299.80775251967856
2307,25.389492953807206
2308,45.67639345285992
2309,6.039067059265904
2310,181.59785294445567
2311,-60.18064003198652
2312,94.57741148606335
2313,4.241399294746082
2314,4.687267508674061
2315,230.69531059684323
2316,7.074599999999999
2317,3.830914456188336
2318,248.6399835512219
2319,6.624899308243716
2320,79.85511134571188
2321,3.765380650870943
2322,225.3511720005681
2323,161.64272281305736
2324,1.9867297639078216
2325,39.45289425323867
2326,3.696008992669786
2327,115.95536912668138
2328,3.915523823810551
2329,346.76075816136887
2330,176.78957840716853
2331,0.8816942100613858
2332,277.8932517371247
2333,4.002769803843735
2334,-14.270442831982145
2335,5.381623406736628
2336,57.899445445831134
2337,150.75626914098007
2338,174.78558438745438
2339,21.493922325047578
2340,59.02617627897643
2341,136.89748817597362
2342,2.6709222481834605
2343,6.311717898259541
2344,299.89776363387784
2345,5.9717640299095605
2346,112.7613420601687
2347,137.60461191905523
2348,1.881490492218087
2349,265.56563419671164
2350,37.21215889888345
2351,4.87922580414568
2352,4.98966342383234
2353,1.6481254400644456
2354,-14.058253234510165
2355,136.1275040934785
2356,3.689746713387552
2357,101.16354070298875
2358,6.751141554369984
2359,6.772668730318935
2360,4.374930164040819
2361,6.348456110027698
2362,254.95712507077843
2363,4.301224710532881
2364,245.06184044059552
2365,99.05648662585712
2366,67.1708686908848
2367,37.27105267803062
2368,-57.85076920765773
2369,4.504198348128504
2370,220.96627526076168
2371,38.94780948830959
2372,61.18660409768266
2373,1.989663448912776
2374,-61.76405145417939
2375,2.005043272674455
2376,143.04134630546645
2377,105.63711849128173
2378,5.427719200638232
2379,6.576125607648386
2380,39.93830601147365
2381,158.82772708817728
2382,159.1807213631545
2383,47.29535268081394
2384,3.2132000000000005
2385,241.40609940501668
2386,5.873438758179511
2387,53.88512459541537
2388,255.56204203031896
2389,88.57611990043586
2390,1.901888521130181
2391,99.31064855230122
2392,24.96678796506043
2393,46.21820291712218
2394,150.32960844765492
2395,5.79211509270631
2396,2.5065
2397,297.9013663389671
2398,275.05423487712545
2399,4.4241370626425125
2400,191.80169379757643
2401,46.310379806292666
2402,238.50703939126456
2403,6.760805090042975
2404,1.9587318765299973
2405,5.241703187050389
2406,2.913938907547903
2407,93.4226675200156
2408,270.9890384350129
2409,161.0368083956699
2410,4.256349177909007
2411,6.704946232240851
2412,305.552472988132
2413,-6.9206055269357805
2414,3.9775239186994367
2415,70.86994059363658
2416,262.3631157949199
2417,25.2519283707468
2418,3.1303110821796443
2419,3.8455460566998023
2420,1.7729876362465071
2421,8.27155157545972
2422,235.4548451792495
2423,2.647370599680198
2424,194.92759028800432
2425,6.075378641745727
2426,-19.72428987870709
2427,162.5364099176547
2428,36.64775074247155
2429,3.001655616747544
2430,6.182039445548429
2431,3.5318617279143254
2432,315.8572422940502
2433,242.85273913572604
2434,4.485209793499565
2435,55.13979259212937
2436,242.50495705929703
2437,-82.19945242777055
2438,5.753923260111491
2439,6.734168953937672
2440,161.47112293088534
2441,6.439756047500971
2442,5.9234503001795495
2443,5.026916622099568
2444,-68.97474879401045
2445,6.716850751721544
2446,5.223233351026074
2447,257.13017685574124
2448,6.378140916474659
2449,6.277909411796745
2450,33.83560728651094
2451,3.215985250671452
2452,3.7401479778900217
2453,30.241986869258263
2454,305.45197737457534
2455,128.77343978230945
2456,2.9471
2457,255.7860420356745
2458,6.289598368737877
2459,2.126053443896348
2460,5.871048025344228
2461,65.89944477374242
2462,56.66956567897577
2463,6.258097563275958
2464,-75.03049953440924
2465,9.19491913915781
2466,204.6480156027701
2467,153.73774578781544
2468,259.3139162875126
2469,249.54229239405075
2470,5.759479722437586
2471,125.16407847345556
2472,2.997260999707387
2473,39.08367328938586
2474,183.37063480273005
2475,6.645847858867096
2476,103.69027661190222
2477,147.65806762553126
2478,161.9273765973444
2479,5.416595163087915
2480,35.22183833814928
2481,49.81391453005418
2482,2.501784283509039
2483,5.128154606039943
2484,123.28948274667644
2485,132.42044410915244
2486,6.87707485885216
2487,5.113923730144328
2488,-15.815338256130872
2489,186.63505363987252
2490,5.828624216829785
2491,131.8539950675722
2492,45.3469960225238
2493,42.41844137759326
2494,6.034268528245852
2495,5.109079669173829
2496,49.61836306110369
2497,88.65777272046978
2498,1.9273877800011423
2499,6.787077349335878
2500,1.8619901067291067
2501,100.72055896426453
2502,269.29727072544966
2503,102.27539943230384
2504,357.8594465389882
2505,3.3978541236811064
2506,4.515839038948676
2507,272.06161035175734
2508,192.93228697735387
2509,114.07884607492024
2510,6.397685247250331
2511,192.2442919105957
2512,82.92009590630089
2513,138.3218665218342
2514,227.5901168439372
2515,301.4382108584806
2516,1.4942773137975558
2517,1.9909638346085656
2518,291.6560416585667
2519,4.427058087271858
2520,103.91214315153846
2521,139.31257348841666
2522,2.220679107308297
2523,6.229676396006632
2524,4.793458109705427
2525,295.1387111443313
2526,4.481067334483403
2527,3.498389404365708
2528,226.7536069888136
2529,103.18865641448974
2530,237.3001771307721
2531,290.11113573456976
2532,47.544136309863205
2533,1.9019623323260728
2534,5.711659127681193
2535,5.916238619608972
2536,3.5922620577560265
2537,6.6971040839323885
2538,5.909076638117658
2539,160.84286698280664
2540,2.132667520400774
2541,-4.095639788713958
2542,-18.574538399318083
2543,5.460661384816645
2544,185.9253529859261
2545,2.401803651628084
2546,284.2763452472534
2547,21.53407885951147
2548,39.29589454560787
2549,152.60345708785604
2550,129.54165437000796
2551,-39.53107754843508
2552,2.40948093445599
2553,285.0505754462756
2554,2.6258024921862217
2555,54.46520775066403
2556,133.86958961545452
2557,4.652524665415667
2558,0.4580909951001668
2559,6.456169675656331
2560,230.8305521117633
2561,2.242336727332704
2562,220.5839683755424
2563,236.2536580613429
2564,283.93190813575524
2565,4.837259029238235
2566,4.94199611144762
2567,252.60996712100655
2568,82.65827011568844
2569,67.4241489468816
2570,3.583938816359536
2571,93.89909679976056
2572,-53.86944434071927
2573,189.2593595024718
2574,3.387133484220614
2575,4.485608212349304
2576,3.269637744591325
2577,6.248573719485813
2578,51.91571879795573
2579,5.914319717745169
2580,5.26697509046182
2581,2.938858099046975
2582,-47.75116089081306
2583,1.473167921016023
2584,7.175841394371139
2585,49.24521989526003
2586,4.71909745844585
2587,250.6225360457724
2588,183.9614517031456
2589,4.360756594851599
2590,52.92882596997637
2591,1.7827054261029676
2592,126.23141228312168
2593,62.71202606493241
2594,68.55776036469261
2595,52.39560980521806
2596,42.31813036067312
2597,5.726610502306724
2598,6.485087873466919
2599,-15.433012838247954
2600,4.237217441099498
2601,220.47664832448095
2602,5.996997614169429
2603,368.4338921768485
2604,155.45693030366826
2605,44.94963431270781
2606,4.383562283521665
2607,43.1583454492128
2608,197.65602240360636
2609,24.19489358752582
2610,2.47373338940305
2611,-13.535477045781285
2612,3.4720124279967504
2613,4.524887080466085
2614,2.96738054750725
2615,107.80797197489235
2616,146.14717685118197
2617,256.3005991528593
2618,206.8951563495497
2619,4.561161182390659
2620,2.3923387760685024
2621,4.246929445972115
2622,2.626474967323822
2623,0.3180386999796693
2624,7.1011999999999995
2625,104.29775382355665
2626,293.1504191202901
2627,44.44630615320122
2628,160.03540319232036
2629,50.84014379596219
2630,110.8735635330347
2631,13.800927874964929
2632,6.306448000100033
2633,287.03870429341833
2634,51.06243328890565
2635,166.37681269435518
2636,-47.11467547623474
2637,3.120923572491217
2638,-70.85428958341663
2639,-64.45611928386823
2640,203.2950615994914
2641,3.522380665028628
2642,5.558986800615447
2643,187.3731606224626
2644,147.52029194450395
2645,207.5617188805749
2646,2.4470459646996408
2647,3.344742677452274
2648,4.945263229080311
2649,6.818720516408142
2650,281.8637853520133
2651,204.81583822106572
2652,63.19580610422037
2653,3.719605928496084
2654,40.34504595458303
2655,227.01574016136303
2656,244.41989451594085
2657,2.935914892516386
2658,15.744432287356258
2659,276.7394056507605
2660,1.8380574670079488
2661,269.396962462455
2662,93.73360556991214
2663,-0.872452299922712
2664,88.94846345042382
2665,269.53876452424794
2666,223.40761487441011
2667,-34.36278113699304
2668,36.1228261301638
2669,6.904123456227324
2670,111.4758866917986
2671,191.62142535633492
2672,122.11855575609542
2673,255.2345435182774
2674,233.58038476900583
2675,1.497468114888664
2676,-42.40546475050135
2677,352.9787547396764
2678,14.081842476316073
2679,5.516394229378743
2680,70.40565006118595
2681,5.229850190631274
2682,2.9715373170428787
2683,2.346448784016106
2684,2.734165500266017
2685,6.537555156506242
2686,16.647971576680497
2687,43.95016529970165
2688,70.29100662540654
2689,43.26343438276526
2690,165.37170031410233
2691,81.65530084435701
2692,53.81902453251478
2693,134.44353801359168
2694,128.50236684900534
2695,8.261981696373967
2696,158.7058710658612
2697,4.379602996391262
2698,2.6021385660251086
2699,4.372386578886938
2700,209.51732083926936
2701,70.60816379745944
2702,50.53062015648338
2703,4.253999095793113
2704,163.49792469719608
2705,2.948696599483764
2706,5.515767207448419
2707,212.60557131728052
2708,3.198156875069689
2709,54.997082741900215
2710,5.385274705273355
2711,191.0277583575328
2712,1.8443536557448557
2713,146.2838370177507
2714,-43.34412888992536
2715,4.685923780602985
2716,2.874222311795199
2717,277.32960400964987
2718,4.284371621135257
2719,2.987192448882522
2720,6.789665722056977
2721,6.4581
2722,4.633720381377524
2723,231.42516383649803
2724,6.7896205332749
2725,34.400677892729774
2726,7.011062559504345
2727,305.113925424549
2728,52.43916981512494
2729,186.7753005503667
2730,188.1607170519929
2731,165.07273352538456
2732,6.467502507129458
2733,196.03153170759745
2734,120.97392043113356
2735,80.8143016375196
2736,87.06278239522076
2737,195.81029204173856
2738,149.4274098910586
2739,98.12241699590484
2740,5.725686561305297
2741,61.76959514081916
2742,1.2857776214404557
2743,-11.332869782409212
2744,-22.369036005591653
2745,4.907738368593622
2746,214.9185629222864
2747,177.64204786141073
2748,2.806807434934439
2749,5.493127107455979
2750,205.9713073534272
2751,259.4706108054276
2752,2.192809830744997
2753,112.41399357244292
2754,0.1397363917711915
2755,28.371554311241905
2756,299.09715143603114
2757,5.827009273683401
2758,288.182878737593
2759,57.32182614400228
2760,173.7785056444273
2761,6.488212873892715
2762,4.2330059819500265
2763,122.12013962892829
2764,4.58754315098034
2765,123.8153357074003
2766,1.8807387037523855
2767,256.4866135313452
2768,4.072027213668375
2769,3.6624987474731534
2770,223.90325216989112
2771,134.82269811672288
2772,6.976026885475426
2773,3.055782486879874
2774,4.602542921281637
2775,6.510987690050468
2776,3.8825300582308526
2777,265.98461481558564
2778,29.08808779591477
2779,2.194078229673797
2780,2.84910369622566
2781,248.64729489442504
2782,215.61650610587608
2783,6.0401477609868985
2784,7.294253393985786
2785,5.86390377651298
2786,3.5757999999999996
2787,43.20456789740568
2788,1.7785666158396365
2789,146.82921764827228
2790,220.20687482866776
2791,87.02526388183692
2792,130.60461782314638
2793,177.91843219030142
2794,170.13575098797097
2795,54.320365550149205
2796,253.60543373650543
2797,103.65637817413052
2798,39.34309748768764
2799,38.60424609349114
2800,5.599808712742687
2801,4.181527479903421
2802,3.2670483849245056
2803,64.86910809018703
2804,3.7284133344567647
2805,62.4552022784436
2806,7.0171601734220825
2807,38.23335746134123
2808,95.03467178562198
2809,6.061339067260995
2810,5.782537681541776
2811,203.07927972426216
2812,5.82545658115103
2813,8.153310973372072
2814,6.003159293803354
2815,283.8618449088341
2816,64.61752244250974
2817,272.900099314873
2818,120.60652326460948
2819,57.84951838061103
2820,154.62790175632324
2821,46.55669033296461
2822,6.029960037703878
2823,53.14542898889224
2824,257.7794789247955
2825,121.23682150230874
2826,-65.14949106835815
2827,6.547999455509559
2828,5.418826576449762
2829,5.194114146386073
2830,5.75731869555355
2831,5.955336676424917
2832,6.373135107144211
2833,147.43466384167002
2834,3.624172417830896
2835,3.5346502653015275
2836,3.456419036066943
2837,3.3744270633291102
2838,5.7429970020749455
2839,2.018851508535262
2840,65.1785344230676
2841,51.63767516149864
2842,287.86452829507454
2843,6.097137019620386
2844,178.5388479059496
2845,289.1964938253129
2846,3.586622227249128
2847,78.88148214290638
2848,-3.0224332255986117
2849,-46.395122753667216
2850,6.718056797910254
2851,6.685455390168843
2852,-23.9889580596906
2853,60.79089433487536
2854,2.238102649525967
2855,65.61940313775877
2856,5.968135573882134
2857,46.06379565988114
2858,216.40106199257636
2859,1.2386330737389823
2860,143.9378896250871
2861,295.7810985580657
2862,263.10908723481947
2863,2.7064601921720035
2864,273.740664031217
2865,235.1629539998004
2866,2.2093319000047584
2867,2.510653626515661
2868,91.9731371891667
2869,49.09876108900188
2870,184.5256900264832
2871,6.445326266049064
2872,260.6092676583928
2873,5.174580781188836
2874,-9.578255721389306
2875,5.059207319298518
2876,-41.57745790298789
2877,293.39303594856665
2878,-77.00106385042537
2879,5.044745811797895
2880,223.9582281048561
2881,5.785326527276447
2882,5.903659522563928
2883,4.0419226917823305
2884,6.628338914942011
2885,173.1361953371728
2886,254.730705495684
2887,5.898089871333554
2888,2.1241401610538144
2889,6.587684452303579
2890,2.479568081852552
2891,-63.29624377686878
2892,151.6915322381623
2893,26.72794424022205
2894,72.38148515252618
2895,4.858142319415884
2896,3.000144020827249
2897,5.58728782856425
2898,108.97622113930812
2899,28.39912480652802
2900,3.0627661032292703
2901,21.79101833065344
2902,231.64240350999057
2903,266.74912498832134
2904,4.407407110289789
2905,3.628582884281984
2906,29.733520639254277
2907,4.082847379733555
2908,26.176754852409516
2909,2.1228674677175903
2910,115.95049015473084
2911,3.646593989753838
2912,2.353855475238526
2913,6.723621725059646
2914,43.65433256266002
2915,8.446570664152675
2916,214.18188812063443
2917,149.33760526705788
2918,3.8573795657885688
2919,368.3581115151037
2920,194.2047896120503
2921,5.441714028358764
2922,3.691231263500647
2923,212.13062463907605
2924,5.615939574247562
2925,4.986182059218582
2926,6.003871889869283
2927,18.16763847623577
2928,6.4184832217942205
2929,166.55214964131403
2930,263.3735937877194
2931,2.167853952456905
2932,5.536441747128063
2933,-8.058975782264604
2934,108.04493589253768
2935,-10.521239414654818
2936,-62.71904918619921
2937,7.3527896426827795
2938,23.25535586130935
2939,3.0787477170129
2940,173.81806516419516
2941,89.28729671212213
2942,71.6128405731665
2943,6.1081202641691
2944,6.531109149857525
2945,5.77220834332299
2946,6.393554229455554
2947,-50.38766498070484
2948,2.607245938544726
2949,6.738452939055864
2950,2.862628822869458
2951,148.75966076369184
2952,131.48991156980674
2953,7.278590373150353
2954,1.888057159220233
2955,-1.2110005098015957
2956,6.533241734582571
2957,88.29808283344501
2958,6.310494984904371
2959,193.4130432739153
2960,6.596014790514195
2961,215.94476428089928
2962,4.060999890385789
2963,4.360790586585775
2964,215.69463728900396
2965,187.5480906355037
2966,4.660910773194297
2967,3.7145293514599182
2968,150.91934589782392
2969,-87.28874189725383
2970,2.1869245272224864
2971,216.3327841550937
2972,6.676872620142243
2973,202.0332353178235
2974,259.015529337743
2975,4.628494139944162
2976,49.159200562402255
2977,43.28623563328839
2978,4.457426214332529
2979,4.505160675487678
2980,312.32522207928224
2981,330.38859815855307
2982,149.41251827050712
2983,141.00022990144328
2984,280.8193594680762
2985,120.53149971186144
2986,293.41436754110106
2987,225.2902157640711
2988,129.64227756197022
2989,155.54907740437707
2990,36.77376548437282
2991,7.026542912695675
2992,3.044806093756496
2993,5.276268969974354
2994,20.02429605333525
2995,7.471228881543703
2996,4.123576714368639
2997,3.736896124237029
2998,104.34017708174493
2999,137.61576981394518
3000,67.47314382264584
3001,2.913227562819744
3002,302.0925452828131
3003,4.404981920970414
3004,290.9777401491823
3005,90.48809629073916
3006,130.46268754625177
3007,6.488232486309266
3008,2.704793059254694
3009,31.0863979180536
3010,4.087734576765907
3011,67.56452181702272
3012,5.31619915935844
3013,199.90260987909403
3014,6.317817079837772
3015,3.688973594651391
3016,5.888559952087925
3017,6.110992117304613
3018,4.285616512228421
3019,261.3085722831366
3020,3.1710805574937515
3021,233.63775445355805
3022,272.3972104026339
3023,3.4989999999999997
3024,103.40008844269732
3025,243.3785588478185
3026,166.89630912996574
3027,6.11252240290623
3028,5.446945387276433
3029,-19.44989705499325
3030,-55.00863984258048
3031,6.110382212236916
3032,6.640775018170384
3033,4.833330544550385
3034,122.25445635398697
3035,143.52561442885795
3036,211.74863651556916
3037,5.4037693953447485
3038,2.140906510890772
3039,-34.80185935732275
3040,171.57301983084702
3041,4.792570093244878
3042,16.970528778045345
3043,5.813062947999084
3044,225.0033824175616
3045,173.62691144992678
3046,4.583432960417858
3047,4.179219763089879
3048,46.18957424420843
3049,5.688221092642243
3050,244.04997942763765
3051,106.0461474286961
3052,6.478567226191152
3053,3.704524409226696
3054,129.77959239051273
3055,194.7311287814132
3056,60.569692182194025
3057,3.395294057176081
3058,107.96309365579458
3059,1.8675447717210685
3060,258.2302340307867
3061,5.210879461055785
3062,221.10531560295848
3063,145.65654079500098
3064,232.54730464334483
3065,245.9592468988064
3066,144.03208330258732
3067,37.09877811919474
3068,6.200206929381133
3069,6.062295460385524
3070,3.640059785716857
3071,6.1885287876499575
3072,205.10245872500693
3073,138.52037026033466
3074,6.330044422762733
3075,5.966860043440305
3076,157.58781239880815
3077,26.30490062037893
3078,81.5126830201749
3079,5.720729106004631
3080,3.4549177419531416
3081,3.04066270729599
3082,92.71429908934198
3083,103.66257763291868
3084,1.037116496321401
3085,5.405300777585052
3086,217.8773707853624
3087,3.132852788298293
3088,98.81127864752506
3089,3.5648731514871868
3090,308.3533905780738
3091,143.17601552236152
3092,98.94381289766343
3093,3.958404663005759
3094,210.6817479133815
3095,260.24965452244794
3096,136.26363645008803
3097,4.725445081550201
3098,6.28511879519473
3099,21.70911846018463
3100,92.89089503708568
3101,3.5536400533278605
3102,2.4799709611539025
3103,3.5931021488268744
3104,53.62381490795023
3105,8.48018163030348
3106,46.34177135173931
3107,1.1726206907781405
3108,2.482241516586289
3109,6.884541096110369
3110,235.72439685028812
3111,2.35088619406444
3112,204.40774324877088
3113,5.515691090501922
3114,58.6691460986889
3115,271.05637910828773
3116,97.63450428609116
3117,-9.303792633881162
3118,265.2714661728392
3119,4.604888808631742
3120,53.8122834093794
3121,46.4333824028167
3122,136.7555967940243
3123,3.874909296283549
3124,2.4660588238516503
3125,3.6791
3126,221.39577962867295
3127,256.1284542173883
3128,45.37233432991995
3129,375.1768953975431
3130,2.1062428609024724
3131,114.34689898777371
3132,201.30050684078495
3133,123.79577740363764
3134,232.79585202305503
3135,1.64002325831244
3136,300.2372944266115
3137,2.7516
3138,181.13223462057883
3139,5.800626349790682
3140,1.798258054963649
3141,22.72151471397724
3142,3.126620479477185
3143,106.869496038251
3144,259.0691336511474
3145,5.185504087287596
3146,288.20501243817813
3147,123.56195670490636
3148,107.63556906540116
3149,-23.07740715818877
3150,1.8754054557098307
3151,242.25445969357745
3152,7.089838071553891
3153,230.56318269251707
3154,182.35818837588764
3155,58.117650891367234
3156,47.31260399200436
3157,4.874500195156796
3158,298.0688493813578
3159,102.89556520938176
3160,253.34488583314584
3161,-45.01286657131469
3162,3.59435878789006
3163,187.79849125139268
3164,3.369001939127681
3165,-8.635455677187071
3166,50.98688902917892
3167,6.518337828583888
3168,5.389546608020948
3169,3.4861586927470043
3170,228.5946771586725
3171,3.2790165028824863
3172,240.4037027134756
3173,265.8218901581885
3174,43.08964058545242
3175,-64.71204205695228
3176,4.2843
3177,3.2051268021244224
3178,179.1891461731125
3179,6.389648905624204
3180,312.7979191190259
3181,226.396195992247
3182,297.3488981485401
3183,5.721391034788966
3184,145.36219848560432
3185,6.947229725235533
3186,191.42425422361003
3187,289.8960720538104
3188,-44.48081969729628
3189,249.1591227766391
3190,3.815514653985896
3191,250.51989260899467
3192,59.50384143982257
3193,6.461241049154987
3194,4.442688831208395
3195,5.844328558748679
3196,142.19861738920991
3197,5.500514591956447
3198,175.38923768732343
3199,186.7581323653424
3200,2.219450796507114
3201,293.9891520081477
3202,4.064700223503154
3203,4.820233105464673
3204,2.1520835972127523
3205,6.535459898342227
3206,271.02639444037794
3207,5.89323080882371
3208,179.52691516675426
3209,-37.729856464329536
3210,7.389134351608805
3211,195.25874862590248
3212,209.7914572231227
3213,2.5240180737414395
3214,253.34599758664015
3215,3.2247044335095056
3216,6.070876160301556
3217,135.10656285487053
3218,262.5034197556949
3219,77.14468839615216
3220,71.78509794029934
3221,106.05613998223411
3222,235.61115895891595
3223,368.731719070272
3224,-75.24334395495376
3225,130.09902015265837
3226,6.001655060433366
3227,5.8653256711962936
3228,15.986719269230164
3229,305.3042556602178
3230,224.2457859945606
3231,6.716537125862349
3232,5.103083169758685
3233,5.78926545828747
3234,4.205630188878158
3235,110.62807928025758
3236,141.45743062179844
3237,19.52457773791753
3238,296.34808579708056
3239,6.600273171344796
3240,58.102493950716855
3241,15.86475626036038
3242,2.559536159898404
3243,38.573167667666034
3244,189.05492029504055
3245,5.1872974524073525
3246,244.79932855216765
3247,6.298806370675584
3248,57.03329047265466
3249,-19.02177848426404
3250,227.1473520828901
3251,239.7874176820436
3252,124.31559311391024
3253,55.167105370767295
3254,153.0302486546687
3255,6.580643997693988
3256,6.356912617680176
3257,0.0512050284427272
3258,2.5007812468380832
3259,30.47149467808108
3260,5.820560447248199
3261,112.5254573846002
3262,331.1530418064338
3263,1.808091494600845
3264,4.276840063641755
3265,159.38212029995594
3266,3.644657380284524
3267,6.803197135444331
3268,2.8071970422820764
3269,5.120422985732201
3270,65.14651760902449
3271,210.8706751393885
3272,2.3630676732270683
3273,219.23332124225067
3274,210.65587736569017
3275,127.53002543590824
3276,115.21328865899083
3277,6.421894833283652
3278,6.307797568395506
3279,3.5087999999999995
3280,167.86943140759098
3281,287.65331063334827
3282,2.7749207467286388
3283,382.1218520548085
3284,352.14986698005293
3285,99.6014800268317
3286,3.059412917648107
3287,-55.673616606918976
3288,37.93992933081231
3289,1.7542689244561125
3290,65.78295609665025
3291,240.6769666506866
3292,3.197656971176128
3293,50.607690469231954
3294,201.6787559998295
3295,142.25559713969773
3296,35.6600097309635
3297,204.1482767485224
3298,2.1416227745738534
3299,245.3256273345209
3300,2.511611946618954
3301,202.7341117790898
3302,187.2324156258169
3303,3.771506834444558
3304,231.76928496439143
3305,5.469300417494326
3306,4.382140443868124
3307,188.2434967618925
3308,3.1611357591367746
3309,6.498061073984295
3310,-56.71762725413451
3311,2.44460633586305
3312,3.862438345150296
3313,2.5364176121743283
3314,6.053375897888612
3315,4.182125352330552
3316,317.2791045838853
3317,304.81262539671485
3318,42.45784373034034
3319,1.8496105160712184
3320,2.003333971394288
3321,5.162518698186159
3322,163.1248279773611
3323,4.546433204365023
3324,3.8244834210492833
3325,394.27055881288544
3326,78.00282876137236
3327,-69.08567349203565
3328,6.464966642239048
3329,1.8774988520723384
3330,178.0570515319734
3331,98.680697709712
3332,3.653912394222544
3333,244.23871431010812
3334,110.91032547470812
3335,3.403652538244437
3336,4.447647703640614
3337,2.565219208774801
3338,1.8061097529802108
3339,24.49869033506489
3340,38.70529612321847
3341,66.30872981543743
3342,234.04243011638667
3343,125.43915867303738
3344,3.514439457709169
3345,250.02376672923745
3346,286.76524616331045
3347,176.5933276265288
3348,76.93453246707654
3349,5.503983352209351
3350,3.8721318986483446
3351,3.0932376175702405
3352,1.7950544571951903
3353,145.06753486673648
3354,74.20553566339844
3355,3.164681003093296
3356,316.3591138536794
3357,3.618773629429798
3358,228.4161061872131
3359,103.3401269406572
3360,168.99902108734156
3361,3.4375085595837804
3362,3.48614323456568
3363,3.243637951691908
3364,15.93086931014314
3365,102.71946675283802
3366,45.93828586609049
3367,2.610713357177308
3368,122.55937474188688
3369,4.565992244447068
3370,66.06478937653664
3371,8.66968524993783
3372,212.26942408517328
3373,73.71424792010441
3374,319.69989325387564
3375,2.2969026762093456
3376,2.810334417114791
3377,95.61844422631788
3378,6.332333952697078
3379,49.6818211730311
3380,334.21414394785035
3381,6.704822247067473
3382,98.46003004586416
3383,6.551298589403076
3384,62.93253503211316
3385,4.120030533230932
3386,64.0441928870502
3387,2.142293058792562
3388,172.2036287105819
3389,218.3694594028487
3390,2.3600547726792103
3391,5.547844405170938
3392,5.077776849010711
3393,169.46142016778435
3394,117.59232898085992
3395,5.596464391554764
3396,6.130187617588807
3397,164.7633848763328
3398,2.1344957356667726
3399,203.5510323436993
3400,191.76202691192128
3401,4.915803432632683
3402,0.508603625271016
3403,54.70739841921159
3404,127.50973386745176
3405,167.51777487435947
3406,201.21433207663625
3407,3.984597402290055
3408,115.3664343179324
3409,124.88854927905534
3410,5.898980594898473
3411,4.900588123154986
3412,56.44972921797999
3413,2.229477198388793
3414,6.7115002129274615
3415,130.8181745229828
3416,82.38114649347759
3417,198.4793489927696
3418,164.31607286657157
3419,3.4876184257402985
3420,-15.96186516985088
3421,-66.15566731593283
3422,193.8684884626648
3423,2.07644163545554
3424,3.7188385622447218
3425,44.56755171341951
3426,3.4942805528462566
3427,55.578611925290886
3428,2.28285064727834
3429,320.2004081871682
3430,300.355572665884
3431,106.88694401126574
3432,5.92195328618392
3433,96.50460307462328
3434,1.8436173869974304
3435,313.94438858689705
3436,219.31071966647292
3437,3.1633073368105977
3438,28.42482256860329
3439,280.5378188583118
3440,6.5680737111518495
3441,4.831911857604218
3442,244.4876305357688
3443,4.999646119533233
3444,195.86106221958795
3445,3.194274759455748
3446,5.7621
3447,255.9960165225342
3448,5.46673030803082
3449,5.749215107246111
3450,117.17346943194865
3451,195.4471380668104
3452,1.8270272252550224
3453,2.7144242321472736
3454,8.990127197150816
3455,3.942794261003456
3456,5.755976190018979
3457,4.026366487105036
3458,6.165277706333246
3459,173.7441551494243
3460,-43.752120669277765
3461,2.7356656142498648
3462,41.96214937798435
3463,233.49945440796984
3464,4.4775391068952
3465,2.870048864636644
3466,6.850730129823708
3467,106.17794562339512
3468,32.06128495690401
3469,313.18003966073286
3470,156.05821611603048
3471,21.11775045234358
3472,278.6318623992371
3473,6.824603101641033
3474,3.0484287852850547
3475,4.8743
3476,43.39883054148707
3477,3.493838313024391
3478,6.613496188041714
3479,2.818903701648603
3480,134.3521677969483
3481,137.70592304846548
3482,63.61804322726422
3483,67.0165780562403
3484,175.65209905374334
3485,2.36408216844388
3486,217.74603274787088
3487,5.758479151253092
3488,4.726102257885013
3489,3.0889050950695656
3490,6.680796797466955
3491,3.1469577999062035
3492,2.2490410041901363
3493,298.8992845743498
3494,167.55985413416283
3495,6.341272810673036
3496,17.77748239829919
3497,4.50495977367866
3498,6.83169815463864
3499,-13.542380307920478
3500,106.2509732674546
3501,299.1586072408033
3502,6.363863525180246
3503,3.6712664619414337
3504,131.39549695555064
3505,129.5601826254815
3506,99.27305729149676
3507,6.343069346072324
3508,3.139019349860144
3509,3.0602579552900093
3510,273.3397495490525
3511,1.9558080613117883
3512,62.813796782866966
3513,79.07938485453631
3514,3.26366176585327
3515,84.51025007408076
3516,3.2125749321929984
3517,202.73324744521327
3518,4.261988163991516
3519,258.9712460093777
3520,307.954548828168
3521,1.8606411427958929
3522,82.10450087992602
3523,5.04292085429134
3524,6.633056427415277
3525,5.236431909093583
3526,41.147846666571134
3527,1.6737059750661294
3528,281.1561802457521
3529,188.6017053384758
3530,2.8232706323351686
3531,98.44908221002368
3532,274.7868279404781
3533,24.595212987746123
3534,8.593314568050195
3535,87.55458413484519
3536,3.531156353192337
3537,71.39999069626045
3538,6.44151505031698
3539,43.83296328166672
3540,144.30002973630528
3541,-67.49359287139715
3542,2.8889971509252725
3543,184.48152669258096
3544,28.47703419246242
3545,2.416153233191369
3546,5.335611109421696
3547,175.82743031359576
3548,5.069588459301044
3549,1.7522697249250714
3550,4.620709746086752
3551,4.385671237423082
3552,5.651118439103742
3553,6.817314198304784
3554,177.41571981867597
3555,4.051244237583233
3556,2.2283084954737804
3557,113.3046311680546
3558,5.019568000067947
3559,81.48924560741226
3560,61.05971111721966
3561,5.9860247384358445
3562,22.712088198810736
3563,-42.73899775192821
3564,5.895684279164779
3565,5.046432607428231
3566,165.86571347753568
3567,1.9083655331027305
3568,238.1347874051848
3569,164.90298302223485
3570,45.20197638650141
3571,204.9965934262384
3572,1.8048557262523763
3573,6.014098365341634
3574,5.668867661621627
3575,1.9233276847248977
3576,5.162928048114778
3577,5.846323425957234
3578,75.13880835193542
3579,1.987684443143257
3580,74.7962188206004
3581,251.76248688201693
3582,37.70409024197957
3583,96.17566175377203
3584,6.649116123844601
3585,33.32906051779012
3586,5.695899474448874
3587,36.95702017781917
3588,3.284817403885865
3589,217.7279147475072
3590,3.093143466629832
3591,3.4854853797048166
3592,189.045899367122
3593,4.987073781728839
3594,3.3968895606987903
3595,6.705531860452681
3596,32.6431274194747
3597,316.0113690943983
3598,79.7877981940344
3599,87.77302637207109
3600,2.732541629675512
3601,288.33972924516274
3602,17.345041811749567
3603,5.242519051079396
3604,2.578506300829484
3605,166.5648574558362
3606,2.193464779384892
3607,3.78579626790646
3608,279.31320959480024
3609,193.7062594808908
3610,46.79519723217962
3611,5.447987464594515
3612,278.7334267088314
3613,6.483028837240863
3614,4.828038949944135
3615,6.85520168623688
3616,80.94732104486314
3617,4.926993005685563
3618,2.896411266932524
3619,-48.28997838644273
3620,6.794491873625812
3621,65.35399533760067
3622,5.334703085825045
3623,261.88896913205986
3624,-10.611028234812956
3625,101.41245936087309
3626,55.86249370260885
3627,30.93773138152948
3628,6.515013886502464
3629,35.75332867358466
3630,249.30629846801045
3631,304.2208797797217
3632,252.67259286424945
3633,248.04275244683544
3634,99.29569357698269
3635,135.87486933907542
3636,4.6816868569629415
3637,40.42198654377837
3638,57.115649210235
3639,5.044889330271727
3640,359.03077549047066
3641,219.7137898250436
3642,164.0644176376628
3643,202.4708480389512
3644,6.541347221017086
3645,116.8605370913832
3646,2.608779196417626
3647,6.103353791378397
3648,229.86692247559247
3649,5.077451444663016
3650,3.0945850527100744
3651,201.91229636586448
3652,48.87009535968605
3653,-0.2974677065658628
3654,72.59972658027002
3655,2.0449529145518
3656,148.98208820245316
3657,5.822003471045712
3658,8.061413596247876
3659,4.41345851844625
3660,5.659251406720481
3661,34.61248114110612
3662,2.042953044559869
3663,5.859213473782864
3664,128.01125048886774
3665,4.7141
3666,278.64518450542545
3667,237.9952661727569
3668,256.5536336898577
3669,239.39747728215625
3670,8.087385033704614
3671,6.257252435832032
3672,221.0827492307067
3673,5.001817858072284
3674,286.2200788635461
3675,151.7677489444747
3676,50.87250409094399
3677,41.86979442201931
3678,-13.942981030222391
3679,4.100920033327935
3680,3.669996354422452
3681,139.0488133519121
3682,83.38498052665453
3683,166.5309042213323
3684,44.745987602317776
3685,147.72516770250942
3686,290.94347868217653
3687,102.88658847448067
3688,284.1360600327722
3689,2.247957568040765
3690,189.21035141635824
3691,171.500258233909
3692,307.0793676693636
3693,267.26542319329155
3694,1.465577148775679
3695,246.65025849509067
3696,210.8581802628402
3697,0.7844152834609313
3698,-33.12462438560765
3699,4.128596388532037
3700,5.488112543851419
3701,356.97424588301703
3702,3.9462256275519456
3703,3.766849705637779
3704,6.471861946895525
3705,1.2653665748136191
3706,76.99265901931689
3707,1.6405579583646728
3708,128.88459535177765
3709,3.106532048571654
3710,5.412927696093127
3711,344.478285318592
3712,74.12785226963703
3713,5.420488347799844
3714,334.43719890093536
3715,2.515093495296918
3716,2.0023908386785485
3717,136.60396154791988
3718,73.79595676343024
3719,161.44473068044363
3720,163.13192335990396
3721,3.258181104699841
3722,3.7231833574867625
3723,3.3576856199934406
3724,1.8385451197783935
3725,69.1775131590951
3726,1.7548544020168015
3727,230.8798169951031
3728,49.40504289111979
3729,-43.75884618895097
3730,132.7392634528393
3731,72.96679175410117
3732,3.435192353232526
3733,-54.94344607127484
3734,3.3293999999999997
3735,2.0862865538368123
3736,-0.0006192702802576
3737,6.683078323289689
3738,197.75194730056555
3739,-47.7679969159411
3740,253.3178194803546
3741,23.62973212425467
3742,271.069971858242
3743,2.3475478814991138
3744,80.23172880007405
3745,-5.144124946637039
3746,4.823986206123552
3747,5.1416
3748,220.77779555247545
3749,82.12427949204447
3750,1.5444713853895156
3751,219.5668879987809
3752,102.49409951269564
3753,4.7411464685496085
3754,3.9012770590229766
3755,27.020665386727607
3756,5.558062444992393
3757,24.88057496697376
3758,6.021493604148997
3759,46.28396489206483
3760,1.91038479339423
3761,5.750699999999999
3762,6.17307622117858
3763,120.61030516335178
3764,170.2073815496757
3765,370.5701886293098
3766,7.2091463987321855
3767,290.7082914814864
3768,58.6331318439668
3769,1.66176002616099
3770,193.8669191118296
3771,3.5354004488778834
3772,197.6150293958671
3773,250.6069723878308
3774,2.453371913711265
3775,3.5660395416179247
3776,221.99443031963432
3777,6.340410425470013
3778,240.72451306751847
3779,286.3413875890534
3780,6.154680667180653
3781,6.458513977831276
3782,2.104741193987981
3783,1.7116982795287132
3784,5.49736163767887
3785,26.36157842792693
3786,74.75184041168396
3787,6.037543768529415
3788,6.714493698495595
3789,298.19300634590013
3790,7.017061398903287
3791,6.502957092204031
3792,3.6721747921924464
3793,23.678470067992517
3794,-7.918435184715157
3795,195.79351980120444
3796,216.44219292887377
3797,4.772637994524098
3798,184.081843385923
3799,-61.9518964070872
3800,231.94564812764557
3801,126.7643220659162
3802,166.7856033344351
3803,54.06719056021045
3804,55.061756616287504
3805,4.011795558407343
3806,2.9915528883615288
3807,70.56929736992159
3808,3.628994699781102
3809,-40.49740409401914
3810,2.5491306793741595
3811,4.822812687286625
3812,265.51802148899696
3813,3.642317105400723
3814,290.6576061775558
3815,7.3008669446127
3816,3.8105315990135913
3817,51.452809887616674
3818,6.440307318766608
3819,2.285064952888572
3820,128.2616846530342
3821,7.78137996281208
3822,5.594230606757324
3823,261.99091683752283
3824,5.080857484071446
3825,252.08512127560164
3826,6.031201756795737
3827,307.022961699128
3828,302.2790649801762
3829,6.448013990421079
3830,222.71593879097549
3831,60.53737194473007
3832,1.790220820548163
3833,51.61289484342812
3834,79.43188999532994
3835,2.530569651555757
3836,5.238759475009435
3837,6.873226287622172
3838,5.957230895188108
3839,213.63698870683055
3840,5.6671317779909485
3841,133.10125115629637
3842,3.654032891587704
3843,246.1234011029759
3844,6.361243538765223
3845,6.53234437442436
3846,6.5301536542016425
3847,81.47462059086848
3848,121.02758194227634
3849,199.22499936662325
3850,14.663842183598794
3851,118.64673588367656
3852,264.6127789671337
3853,5.453801532926312
3854,234.67368796879984
3855,1.9046826036164264
3856,57.81100588682275
3857,3.755919973356325
3858,2.7947
3859,254.3942359816841
3860,5.9383394661398174
3861,-66.08924514635838
3862,-10.084454683734975
3863,3.4759335978367885
3864,2.991227171966233
3865,302.9659135162921
3866,4.321963170832332
3867,199.4568437649062
3868,4.8782000000000005
3869,3.036323387686581
3870,138.9007940578755
3871,48.02218252326142
3872,4.7565
3873,30.00022698879948
3874,339.10123724963813
3875,268.9741586017348
3876,100.0868427041632
3877,-81.9150275306923
3878,183.640412752538
3879,273.5991877722001
3880,6.389035782761527
3881,3.7369012186640624
3882,2.4756546227129825
3883,187.55097790410943
3884,155.88888489480246
3885,6.320169789895561
3886,5.482112916424073
3887,6.271443635745793
3888,2.509098971863322
3889,195.74030986035552
3890,1.2413382007324765
3891,3.154246109942985
3892,149.93685506726507
3893,3.526696846584189
3894,320.2932162435892
3895,-27.778976282925647
3896,33.28981322216199
3897,238.1616967939627
3898,196.8890409218753
3899,1.7263167719645558
3900,65.45810067619601
3901,126.8021201948879
3902,2.84845912915497
3903,38.8171458435817
3904,54.723670005123765
3905,3.465416963162209
3906,6.880012338185544
3907,206.6929319544343
3908,142.35317971364654
3909,3.2953999999999994
3910,4.252792412364454
3911,213.90432795284437
3912,4.236012690707939
3913,37.01735315939002
3914,284.8669712348439
3915,7.286112726915631
3916,5.793114031014452
3917,3.7562053973760494
3918,-41.55883331471359
3919,5.191426852995783
3920,37.35624162016592
3921,73.35564258544906
3922,8.445823348772198
3923,3.3518485458328344
3924,353.96872871055245
3925,99.04895550145189
3926,1.8769265902365957
3927,248.83425634523635
3928,3.4540911313004576
3929,5.453507066954549
3930,6.236936273515564
3931,197.2374215397921
3932,4.395044982688833
3933,2.73746203056402
3934,6.66948306233954
3935,232.3532781800637
3936,1.76343759142752
3937,3.043448776441746
3938,2.940397807535564
3939,291.70121248385817
3940,6.281054476115662
3941,6.260195605028862
3942,5.754125110739802
3943,3.2249685175377687
3944,6.405076222211635
3945,346.9908798524484
3946,215.2773174871889
3947,31.45028114441322
3948,148.08670343706137
3949,5.336443039900783
3950,229.1855187163397
3951,1.8586933724476216
3952,83.57000254694609
3953,132.57251156090763
3954,2.3095397577707333
3955,5.98338386590924
3956,143.85825377131746
3957,60.333755963965615
3958,81.09804823627086
3959,222.82261758228648
3960,5.938595200139268
3961,6.269916916430361
3962,96.52267898291208
3963,5.822433721343383
3964,169.13151061873322
3965,6.995500000000001
3966,3.2327828449075504
3967,3.335432365923874
3968,155.2934027204919
3969,58.34064477990125
3970,2.294674027989605
3971,3.5407293412961383
3972,2.995425613757147
3973,3.2712726127491454
3974,38.170348085213526
3975,43.45308388455411
3976,3.533570150988111
3977,4.20594385374347
3978,3.2975981302381405
3979,118.95670438478304
3980,242.74744964697604
3981,254.37468726942663
3982,5.506587685517588
3983,2.8899608057666217
3984,384.70100545081897
3985,230.3856790764815
3986,166.8050484109794
3987,101.58033108616723
3988,3.260840511454819
3989,-4.570089828813999
3990,93.68168652982416
3991,259.3855655641569
3992,5.872157537079411
3993,5.69543394631882
3994,37.18460157128774
3995,124.39353416131912
3996,4.211901742863338
3997,111.4758866917986
3998,2.530219122694106
3999,268.5893383263309
4000,5.344000101013535
4001,4.409459454316488
4002,49.4958010645061
4003,162.79260539278258
4004,2.217517514422588
4005,306.98100717453485
4006,91.04596408096124
4007,7.009501982471497
4008,3.478316501577052
4009,5.636950122486157
4010,196.6349336908756
4011,3.204634271578949
4012,6.45573675526598
4013,252.85167335176197
4014,5.837335171965298
4015,6.205522439734031
4016,73.62573377592386
4017,147.43362469884977
4018,115.43591071551332
4019,1.2360506442042292
4020,1.9417359018124931
4021,131.17337980455758
4022,56.45323510224489
4023,3.907314747405192
4024,122.37631349263516
4025,73.42633944896566
4026,57.01673960875825
4027,272.07412668825776
4028,95.58733486762088
4029,6.469031657414501
4030,2.1558328165905354
4031,109.983360591306
4032,85.4327613865022
4033,3.263099772566034
4034,250.8061319218982
4035,136.4143106123372
4036,3.21356034601615
4037,3.819258848970796
4038,6.115061854374684
4039,5.901942870560345
4040,113.01027765700148
4041,323.9626220013881
4042,52.50781723514195
4043,262.35480322981266
4044,4.384414047400822
4045,23.932620030019947
4046,5.872492643077586
4047,3.828915638152416
4048,273.901918434135
4049,114.11024609851282
4050,277.7938104500633
4051,45.36475754854415
4052,2.6067335838657426
4053,4.044205021133683
4054,5.469472291885377
4055,3.970924892546925
4056,258.99492197024165
4057,7.2435506036113155
4058,263.19355608846723
4059,28.145608852523345
4060,250.6896390910796
4061,103.2736624980333
4062,3.953418389411594
4063,1.9496564059291368
4064,185.2692532680853
4065,1.7042601049182609
4066,86.4348940041359
4067,189.47930989674973
4068,205.1659405751984
4069,344.2992355246726
4070,2.8702197216649243
4071,2.552071451362405
4072,2.053953974423175
4073,3.285157430428736
4074,4.026790060172834
4075,-25.916732926962176
4076,26.86619593223165
4077,4.74181742698048
4078,6.292884114979546
4079,6.851806292553338
4080,281.1525078801543
4081,3.501019833602761
4082,133.13773837897287
4083,4.091891312023792
4084,4.534203692832157
4085,31.472808098311152
4086,3.973581208889088
4087,3.935498208202295
4088,4.685462598246387
4089,81.56939641853374
4090,141.10609797077535
4091,4.189661194969546
4092,71.65083070487785
4093,31.9131254719638
4094,5.069627183874465
4095,6.874047786965374
4096,2.760673860618382
4097,2.413489031300267
4098,2.271511163036672
4099,-43.95003926677904
4100,33.27631438731224
4101,6.682980598520766
4102,4.224399999999999
4103,70.07478005820886
4104,218.7834906946313
4105,5.702380182367514
4106,117.6200032582996
4107,94.30386263679893
4108,86.87062349685839
4109,270.94747925142457
4110,6.333746220753784
4111,71.86848132656012
4112,87.28004439244302
4113,3.043818306518714
4114,5.551766858953417
4115,79.74078308415554
4116,136.95034735849353
4117,80.93251928096393
4118,278.5091203117247
4119,261.2570925446059
4120,229.29382691054155
4121,89.7130191621574
4122,-21.73196575649788
4123,2.21068524024757
4124,92.74317353042234
4125,2.4214572265394563
4126,63.43466200329839
4127,5.9079705405979785
4128,1.6276267869141523
4129,6.232808456119097
4130,1.949293103165568
4131,64.29203534665682
4132,6.207636636242634
4133,5.121165645289209
4134,114.09717141150485
4135,-3.196425035249232
4136,157.8190533839099
4137,348.12640944189553
4138,-11.086453651333056
4139,98.1164363244638
4140,68.05817528437896
4141,4.156270262002654
4142,117.03234925944842
4143,305.638997565866
4144,79.82750488711964
4145,242.06088831553652
4146,63.17205541760806
4147,57.15821225086449
4148,271.0302820516197
4149,44.92165087158418
4150,25.78515100581497
4151,62.47080885396736
4152,142.6186525230017
4153,4.065215794460508
4154,359.23527843850104
4155,154.34171790022054
4156,3.4501
4157,-7.13464670190206
4158,3.91709402810108
4159,4.296883792915998
4160,160.19426761809237
4161,178.41954991006708
4162,5.889779376734497
4163,64.0530969605057
4164,169.41482668336948
4165,2.267106439899372
4166,41.01381479553047
4167,90.20937271025277
4168,21.34195574000753
4169,2.5632268883943747
4170,1.8845369117634492
4171,89.31199389440776
4172,4.467098755886978
4173,3.7098
4174,77.96399263876086
4175,127.29764578842736
4176,1.97448641738852
4177,3.971001390502012
4178,31.8676196902627
4179,133.88647969665487
4180,178.49182345090054
4181,66.46232316341492
4182,61.32926168390321
4183,47.343869891127504
4184,180.8486481663912
4185,278.6007681433038
4186,2.796498256572033
4187,69.35841565641347
4188,3.999827355915269
4189,4.0626107530293
4190,122.79189642821972
4191,2.099459202566618
4192,37.2361330875547
4193,51.32629534178195
4194,5.903880573186949
4195,4.154716758675192
4196,135.90384130805504
4197,6.745035431958252
4198,3.1884423754171936
4199,4.2475
4200,294.20995240584773
4201,246.71864214800613
4202,157.4097041740216
4203,5.650410707263646
4204,98.53076404817551
4205,4.92481776728065
4206,7.760574286959759
4207,150.97036912126936
4208,135.50922138719056
4209,231.0223048936992
4210,-54.28137361687916
4211,1.5842534759291176
4212,5.566948701558364
4213,-23.06945308711294
4214,6.535071833100653
4215,3.2212662186906447
4216,1.7238751650514286
4217,3.0146862654833733
4218,5.736326266552995
4219,31.1704398851873
4220,68.73079369690251
4221,1.940213867599669
4222,111.55782631432052
4223,2.813449729512204
4224,6.635968256029161
4225,4.857179325954216
4226,286.5128211976424
4227,2.6194704715793526
4228,215.6678635485108
4229,116.09795428137356
4230,3.042257549806203
4231,2.160637776454553
4232,43.95657031035034
4233,3.2045418367746845
4234,-5.650610571551603
4235,84.55386526145851
4236,249.265812372388
4237,160.862773022593
4238,2.879550786110062
4239,53.19523036246374
4240,13.584221412169317
4241,46.704389761714566
4242,232.34383034062444
4243,-72.90526750433465
4244,349.5544724212124
4245,4.90055947790966
4246,1.9668090788660788
4247,3.7375283072222008
4248,4.07179378349542
4249,-32.07115942242704
4250,4.960033656194093
4251,289.91160093535376
4252,6.351749506466506
4253,6.277861800495991
4254,5.306140242481834
4255,-61.243260143581175
4256,2.2414539823687125
4257,108.8870676282651
4258,2.550295567687042
4259,1.586416529736035
4260,82.42377136799166
4261,2.350512499733775
4262,290.3683737174684
4263,87.88079111474543
4264,2.6218428605137247
4265,30.073001082285217
4266,4.038025424728798
4267,5.395521977302078
4268,5.693607759613162
4269,183.6262196841952
4270,192.64690679197287
4271,136.71702141948947
4272,4.648832372449161
4273,7.549005296767588
4274,71.55203218747111
4275,7.021773538948743
4276,308.3051943773445
4277,232.32253596911195
4278,370.92295320658303
4279,321.26020967476245
4280,120.801479076874
4281,37.24969629507801
4282,16.232420984970652
4283,6.744361410607074
4284,4.782195615709645
4285,110.00670302841776
4286,306.1233655268868
4287,1.8774006977982527
4288,173.60440088662222
4289,209.20192697162412
4290,166.75270093211967
4291,2.8421770472564503
4292,5.055711620566733
4293,-9.907275841563385
4294,-54.15044233921101
4295,0.5847063676418778
4296,5.483078120499153
4297,6.693587528745452
4298,5.97869379736876
4299,54.40108956339615
4300,46.51845028423137
4301,-38.70368679266669
4302,167.08873333203317
4303,1.6734302825788947
4304,-60.921431061430326
4305,3.9491849753180097
4306,317.0155198665583
4307,2.890730281853191
4308,62.94509517532242
4309,4.528660863268751
4310,2.9082064984855296
4311,7.462947492847859
4312,321.4223135402374
4313,3.4449439781462785
4314,2.582242229512953
4315,226.89763373856533
4316,1.4273131160823864
4317,177.68601324663473
4318,5.858866862018655
4319,45.95362169999577
4320,119.85984205463004
4321,4.853516025768855
4322,299.6434197819309
4323,100.57120771815258
4324,3.32445261877117
4325,6.245701897849242
4326,3.8631934618194137
4327,106.07178593865378
4328,138.3196110624424
4329,213.1779149464297
4330,28.175400501812
4331,2.6998190907013604
4332,2.224533398175516
4333,251.2396863784525
4334,3.708458413989068
4335,3.2128458345713797
4336,2.1620348332192623
4337,5.968228443210623
4338,6.741702763112386
4339,5.616703886321413
4340,-40.19562183938546
4341,66.13080079505532
4342,179.84006140441653
4343,180.152501821813
4344,144.66064925866246
4345,5.912295256507191
4346,4.789506407461834
4347,220.96731356195164
4348,5.5503092236978
4349,155.5286681864393
4350,-26.556375223066368
4351,109.9831700880203
4352,185.27613129520617
4353,5.159208694429238
4354,125.67696211144693
4355,146.6165761065674
4356,1.976221982524378
4357,5.15060109640413
4358,310.38267902703546
4359,216.83355873333937
4360,3.3948751876758227
4361,13.14420732919204
4362,-0.1630330885729941
4363,3.596413106173422
4364,4.970259667147243
4365,1.63654942730245
4366,3.011288019908149
4367,242.08172583377385
4368,-19.32814528737103
4369,80.13176030371541
4370,6.437136076801675
4371,197.95838085939275
4372,91.2414952505108
4373,313.7348084421393
4374,6.662711227861664
4375,226.6625028968968
4376,282.8336753434164
4377,5.241417488953806
4378,5.53526333698087
4379,204.90662177283625
4380,3.1375741518903006
4381,2.8880381733353837
4382,6.766279742972423
4383,34.01577278236051
4384,5.078012181170984
4385,219.2340750709288
4386,9.21660980516971
4387,313.2473261182374
4388,95.35172418460668
4389,6.734476058100767
4390,4.2463952322272736
4391,3.61140459055164
4392,2.478826519756476
4393,111.25955962186084
4394,88.10091338394368
4395,3.074175458132313
4396,5.916038104589774
4397,2.4846049575028557
4398,6.54104930338343
4399,2.871911621138756
4400,260.8652509072607
4401,6.832306988418273
4402,225.51393265566267
4403,279.5859522102651
4404,235.40315438419785
4405,342.7490992855048
4406,21.201438701770805
4407,84.65641677701782
4408,6.413609053127326
4409,110.88808429391348
4410,-90.94833977195034
4411,2.6868517699805703
4412,287.9653083815861
4413,212.38794167108128
4414,4.102486529754716
4415,186.9222218862085
4416,58.92273510015496
4417,2.510581330382942
4418,215.71889606075956
4419,232.22303190289733
4420,349.37884632870083
4421,342.61804493059816
4422,-3.2365306717098674
4423,1.87519737717281
4424,47.74943268279276
4425,182.9127949899548
4426,5.33424762512722
4427,215.2405021914275
4428,6.111802301930273
4429,4.806929110876744
4430,5.126585288080953
4431,183.20992215739096
4432,3.8647045762985823
4433,3.850965929007462
4434,122.69596688409229
4435,5.71166858103122
4436,6.4250474068436105
4437,-34.812265417992165
4438,101.220270051489
4439,6.737159761621597
4440,252.42168136842696
4441,1.975868833715672
4442,260.47567545895265
4443,6.558605120852293
4444,266.136853668477
4445,4.012710016897005
4446,3.7040756301900752
4447,110.65789818315324
4448,4.929283615801758
4449,-11.834077178425606
4450,83.48611019121928
4451,114.09282718200495
4452,286.036835039046
4453,266.93348271205804
4454,5.045855885495527
4455,4.7401
4456,214.3196814914684
4457,4.1242096573799545
4458,6.904996858364945
4459,71.94192020975615
4460,0.4226384302916266
4461,93.8401734818496
4462,152.80745424329308
4463,45.73754201520655
4464,3.919894495172127
4465,116.21439120857704
4466,4.536158452014647
4467,2.369893584944273
4468,1.677840884052807
4469,1.9223076673812356
4470,4.822752962154477
4471,2.5602809770990542
4472,242.19717129173503
4473,3.622398182973903
4474,255.2521459370881
4475,3.958779492704458
4476,85.76437804595233
4477,5.857530635153867
4478,4.127606785350232
4479,112.02907176424526
4480,284.54771192539016
4481,3.87699372573364
4482,209.73380414069507
4483,68.09125953118955
4484,294.2767000419549
4485,215.55383030077112
4486,2.476367014809564
4487,101.09945914427746
4488,51.56856973070083
4489,-46.62786030909886
4490,102.2578658832538
4491,5.518441421239457
4492,255.1487237346318
4493,316.16527142558783
4494,19.895140463295988
4495,2.4265833284545413
4496,74.94314685224461
4497,6.815672728964619
4498,214.814094772502
4499,314.7938300426245
4500,139.36809496250552
4501,5.25012872569268
4502,5.997303508225504
4503,185.61836063261083
4504,31.98532816832284
4505,65.42684932554481
4506,2.42605611522721
4507,-26.258146976702022
4508,157.066913465855
4509,43.05086240664728
4510,2.2792360261397437
4511,262.12862736121434
4512,57.74357627638376
4513,114.05823683469272
4514,2.8200011762377386
4515,2.9074162066365137
4516,3.4432086390349044
4517,4.760304090537692
4518,31.52616325363413
4519,113.1285957979556
4520,53.31434340844572
4521,2.72755991816776
4522,82.12867015190328
4523,6.73182907555329
4524,227.9147080143746
4525,11.610183229603404
4526,2.3153614258100097
4527,107.71647395372143
4528,151.14122761112358
4529,132.2736653818947
4530,211.62136486832244
4531,4.13376165501478
4532,4.2873528055936045
4533,4.465649332771466
4534,58.524511991191375
4535,6.162489984148995
4536,1.668889914806515
4537,1.8798112133435945
4538,6.329082382827396
4539,305.9626205180847
4540,153.42793398237436
4541,3.350967167996184
4542,2.807974898218208
4543,214.6819077241752
4544,30.555205161541892
4545,5.155585596679892
4546,27.22297526452117
4547,5.86208337923593
4548,172.90761766917154
4549,4.548105226917519
4550,236.4919996824057
4551,23.15737551125871
4552,92.358624774053
4553,120.25589564105344
4554,4.431428772608252
4555,201.3129741483116
4556,288.0204523379095
4557,5.020134840985684
4558,4.503088821307644
4559,65.3268673944388
4560,7.194719735370253
4561,5.267454315420031
4562,198.59738280896312
4563,48.22235288753992
4564,233.98095238668205
4565,56.11665362246344
4566,210.556586602884
4567,275.33121495351713
4568,141.45139317478845
4569,4.908691430232868
4570,219.29445863503344
4571,266.88758976446223
4572,5.212343305333069
4573,2.7717334183791347
4574,1.9023515851749355
4575,5.249953692998667
4576,143.14579111441287
4577,239.97158590417496
4578,76.90354299831516
4579,22.860595701075063
4580,0.1257642653449139
4581,356.38534324949813
4582,42.63506191614284
4583,0.9322163208187588
4584,298.1297582792584
4585,36.50407497240035
4586,5.919267059232734
4587,4.244079661513776
4588,1.2579994761304705
4589,4.6407
4590,3.22460561114155
4591,66.74894396308711
4592,5.315996679715138
4593,115.71842692238371
4594,-11.206783592380203
4595,2.5953533050232127
4596,49.097244902026425
4597,146.82866118434265
4598,4.590673421787493
4599,-27.92014467594161
4600,81.96953586612003
4601,7.17345814608517
4602,5.636840673643007
4603,5.176146646886712
4604,74.12311874914145
4605,1.7887076345137571
4606,137.67686480172637
4607,20.8823467608454
4608,4.43445226343483
4609,212.236429465414
4610,96.46482149192263
4611,108.67841139643362
4612,2.510310085705852
4613,-70.22913980955128
4614,75.06627437216395
4615,-37.37978837807258
4616,4.178617465552997
4617,4.765571343382604
4618,3.982271377314408
4619,6.3534583740315
4620,6.700630510732354
4621,99.24917289855124
4622,4.265547807827216
4623,6.1849315531600855
4624,0.3061795528428375
4625,87.61961294259147
4626,49.92293332863781
4627,5.114682177919288
4628,5.905579351639306
4629,59.85422594036272
4630,5.297193333649327
4631,12.0143854479657
4632,6.687616552917507
4633,235.47813401697493
4634,5.763384223231429
4635,5.774658117155891
4636,91.41852210526818
4637,7.111829381901703
4638,419.4856911391408
4639,277.9991910532709
4640,2.046550276158128
4641,197.9595769302232
4642,140.98675579138634
4643,49.93754742628805
4644,43.82930131965806
4645,5.6433
4646,37.796951280718936
4647,30.31351531607371
4648,194.5036353962319
4649,123.93363751250416
4650,123.35274070599792
4651,56.43667368220364
4652,4.899543949447469
4653,249.2454385173729
4654,5.965730027954511
4655,5.5401800271609805
4656,3.072788936056071
4657,3.10809595884615
4658,6.8219741781126055
4659,66.83441470165643
4660,1.9700878511658724
4661,2.5161587967386567
4662,4.041916947729783
4663,124.40062514067792
4664,5.996791571141738
4665,170.87398641062916
4666,220.0085257399719
4667,1.8452796953440165
4668,104.05524751641188
4669,267.6421320179034
4670,36.165287892690856
4671,2.058878752471248
4672,0.6247466925286247
4673,75.56839059967838
4674,280.9239479106341
4675,1.8004006582299807
4676,115.22015968752294
4677,52.96070550512778
4678,5.782651433732758
4679,89.97227670581282
4680,4.117954310496666
4681,2.130343154260551
4682,207.77929714690143
4683,156.30135238726422
4684,99.6373313457112
4685,254.032776347468
4686,3.52991597061962
4687,221.07636025775105
4688,336.04459808965754
4689,113.21111188298538
4690,6.281080591426153
4691,6.739965663119669
4692,4.36690968537399
4693,71.44657391191923
4694,4.616955488029064
4695,372.51710260706193
4696,4.726359504856425
4697,2.55701564857367
4698,4.66438630707181
4699,3.767336371842128
4700,87.08924241883915
4701,5.763246248172201
4702,1.953062660536673
4703,3.619251785710361
4704,4.603066515244882
4705,284.55078670706786
4706,3.3805468089667547
4707,4.851005011063457
4708,3.04712282538809
4709,71.80301031203477
4710,150.6915160114311
4711,6.37030674486193
4712,237.08755245164969
4713,3.826272014567446
4714,5.64286869929906
4715,73.09728572804727
4716,73.56070326077122
4717,6.871951446612524
4718,6.286019840134576
4719,201.3784032033502
4720,182.97494802043948
4721,6.150217118327543
4722,4.101994725656656
4723,6.691381414196963
4724,64.60955580893744
4725,181.4164133503734
4726,3.400221757335593
4727,295.715398291541
4728,247.25948161117805
4729,3.745680527934632
4730,171.81062971826594
4731,106.36436395394524
4732,21.51878140929767
4733,5.658766369272808
4734,6.356246985273045
4735,5.463197100027988
4736,2.99333831626204
4737,49.98568470912833
4738,-19.66687176846881
4739,165.29141581740893
4740,307.72739324103867
4741,5.343484539798437
4742,91.24996515587002
4743,5.582302695726907
4744,256.372050204557
4745,40.589168817477
4746,3.6488674782391417
4747,2.929601371469947
4748,3.115007802932413
4749,5.811251121304991
4750,5.652778630565061
4751,3.921374327804612
4752,111.70774088168314
4753,149.52661751034128
4754,135.69433573273253
4755,4.1934012009762105
4756,1.9406638313672424
4757,3.4065
4758,78.56571842561699
4759,106.20249509184596
4760,4.690347617906365
4761,2.9736803387309023
4762,174.9513258557837
4763,218.3456936778951
4764,2.282875080342765
4765,327.87625675557314
4766,28.276023802254883
4767,31.67669318029869
4768,22.43904649610561
4769,-35.645672476187976
4770,42.71607011234919
4771,41.50115791791486
4772,4.048706165945515
4773,4.188152689579584
4774,149.43453665990214
4775,1.8464685186616887
4776,2.6327536247457552
4777,190.14469299723035
4778,5.05653168052725
4779,31.23043733832195
4780,2.0380835356796454
4781,56.39829461412516
4782,4.846008637507432
4783,3.9839846750608143
4784,2.657074007849529
4785,36.4796528687731
4786,73.68835314356953
4787,5.689477894494572
4788,3.5051
4789,3.2905
4790,121.37649971403634
4791,214.95383264330235
4792,4.517304277144125
4793,169.66623425404066
4794,64.82635639158445
4795,220.2036501721304
4796,3.234735868582532
4797,149.39136967084795
4798,5.946551342887367
4799,3.931152937613978
4800,336.2133819359674
4801,3.755898856162624
4802,4.909058664178589
4803,284.12669179860023
4804,1.5739188256954713
4805,246.45099615714796
4806,4.205463800393179
4807,3.023722168256249
4808,64.95296466603997
4809,100.726380984404
4810,1.61203617378668
4811,2.0138251907126845
4812,5.410376292232993
4813,280.3021561003818
4814,239.2173212370242
4815,2.971668578477616
4816,2.779833403284275
4817,5.949872130840578
4818,1.662298076174025
4819,86.88091891733
4820,2.3818232366841885
4821,198.2561591930352
4822,118.78439740929272
4823,4.567783876513874
4824,3.00760015636874
4825,234.5937308067987
4826,4.887059042915066
4827,5.7258120260951015
4828,214.23900738501604
4829,131.42113154397435
4830,99.03568027523468
4831,172.01806445604583
4832,6.923090811926329
4833,3.709731421762145
4834,108.6098489095252
4835,3.7700954081695
4836,6.6117495025113415
4837,216.5140035109577
4838,29.793130102371556
4839,306.39178578454806
4840,3.067195375523603
4841,160.4094764681324
4842,26.214573358447577
4843,2.0807114823900403
4844,4.008516894277358
4845,4.646594651385979
4846,7.372028812268335
4847,3.612188411889216
4848,2.3341276731755203
4849,5.04695992953844
4850,6.801879100184429
4851,5.688589556347708
4852,100.49447141122698
4853,292.64064049975
4854,2.620244232311049
4855,3.0090120608322257
4856,178.9719204392161
4857,242.5772383759262
4858,264.00527431996096
4859,138.67534697738117
4860,268.9506083900067
4861,-0.7953714721875027
4862,106.64126347658468
4863,6.84031517967494
4864,5.9173605675141365
4865,1.8656902611576405
4866,0.994013227842786
4867,3.616807177463862
4868,50.11800210284632
4869,0.9496168341132678
4870,130.73180642054518
4871,6.538102216133812
4872,2.353995242067892
4873,290.1418378352341
4874,1.622395411785809
4875,3.377432311772967
4876,218.6832430344294
4877,6.522826004477814
4878,82.2311297416281
4879,77.30222837774879
4880,5.655686111621685
4881,6.131323813791067
4882,49.74600027900204
4883,1.746982794401753
4884,138.08714532638825
4885,-60.973663892430565
4886,240.3158921637446
4887,4.881449202071857
4888,286.65424018684325
4889,29.95199615273508
4890,217.12601447831517
4891,146.73018838692985
4892,2.039894668597932
4893,5.734440604707203
4894,99.16641006340392
4895,6.706748231855128
4896,5.846755181737246
4897,6.875772969951671
4898,3.9888235098639417
4899,208.6327323855605
4900,2.725868604054295
4901,265.1277064920366
4902,4.19002562964081
4903,151.56964960533836
4904,400.7800732318165
4905,98.84314284962836
4906,155.85245460349623
4907,194.15147680038945
4908,4.355168631391318
4909,177.76909150400544
4910,156.03044894253864
4911,91.95750343973464
4912,5.168048137481273
4913,212.5588617036116
4914,190.7606456180118
4915,3.683044425901591
4916,4.972450544287873
4917,6.5274331357880255
4918,2.739081485714642
4919,93.69512979271524
4920,2.091651118693573
4921,-7.435786387615518
4922,188.55213771211305
4923,231.0313354961077
4924,5.835004274923622
4925,2.7180279815006707
4926,0.7272469653613138
4927,5.83542133943514
4928,3.1509841872579547
4929,74.22454113980044
4930,97.54382468533876
4931,-23.559299825886725
4932,5.918664828260016
4933,228.9870006363013
4934,-58.31847033375144
4935,70.16303170758829
4936,230.83691806066943
4937,33.62619312067352
4938,89.3805227883947
4939,53.412243062271486
4940,3.6803522709015537
