id,target
1,4.210181422635219
2,2.5851965432766577
3,306.18794502433065
4,-50.7907246288131
5,4.394550769331078
6,6.717653548229981
7,5.073342312130793
8,72.67418371281863
9,71.07591803317206
10,67.14121007610967
11,34.55479926477948
12,1.5020466147843332
13,271.9123070854434
14,188.3899400506774
15,3.6677833775403976
16,270.58715748248676
17,3.1864325878955855
18,92.61271876674999
19,3.419525017791401
20,6.7340804267602525
21,-64.66913555774163
22,58.43143605267842
23,4.466401605464359
24,2.6010995014369316
25,44.85744538232901
26,83.80127057076879
27,1.3469967189587926
28,174.32628114933476
29,49.071362625124564
30,3.3040953082225464
31,6.433535323567124
32,28.81473713858517
33,48.685929933531575
34,3.719758829342107
35,2.3897756360225535
36,6.363241255352666
37,254.52582759320256
38,250.75131282423797
39,54.833394055904236
40,127.33981582794553
41,-49.14133111733782
42,3.006483661873734
43,5.820536363297051
44,4.384407368348394
45,144.37785176818585
46,64.59700699316646
47,3.1070017956763274
48,-77.28715930875893
49,4.594059736848012
50,1.8727951769471294
51,263.01997447940175
52,3.1946904931550044
53,2.500689934418673
54,106.48898282564203
55,2.892212035180111
56,4.517274042000729
57,5.6702555164572
58,174.7964649880583
59,240.68622486705215
60,6.748764538562931
61,2.3852843416927167
62,199.3691886590379
63,6.716471697246297
64,2.4697689221402
65,1.880468399724055
66,3.6795000952155132
67,4.946066908680979
68,190.78497061911008
69,114.12384827490797
70,2.511010327419573
71,2.4984123273414065
72,2.194440460719669
73,27.16409753166304
74,250.4903645280699
75,214.15852614848507
76,6.2842794736332035
77,5.821693365650046
78,138.0155009038197
79,269.8707040331925
80,3.591552889120472
81,56.89418815676114
82,4.3318945930102934
83,180.66438128735444
84,52.71702191045217
85,-15.468635612878831
86,2.3208579000625496
87,58.367649342774584
88,179.96915364354282
89,6.008243911555796
90,5.3596318430772065
91,51.139723551785224
92,110.99434089601337
93,29.153829269281864
94,4.7178642636024986
95,3.9507320979536913
96,3.0622983384437292
97,7.0947192731793995
98,219.18404489486255
99,77.61473702653467
100,276.1757974749945
101,5.203334905165221
102,258.37809342823533
103,4.2690002944770296
104,6.634804253933362
105,139.85524973656732
106,15.649429972628408
107,291.7431619921305
108,2.5240103956508455
109,191.141811264717
110,3.5588711978884753
111,63.62073846842475
112,2.0210062762131633
113,227.62347976276303
114,6.552391987516488
115,5.289096897511768
116,376.55985999279403
117,191.25455464571132
118,180.18284855687648
119,247.37789514208401
120,345.6310641818578
121,140.95957710421663
122,3.819162865630282
123,138.65960765967574
124,276.2317755947324
125,114.18377680923408
126,6.376164056513426
127,127.8620247691599
128,3.726642530556092
129,259.6377444885114
130,100.82738728768632
131,70.18292792358667
132,-2.1591502091476693
133,-70.22662858200789
134,336.26940851748464
135,6.183356998218597
136,2.1729830780536377
137,120.6435488515919
138,5.852853310548463
139,218.37196675150562
140,298.78982980893625
141,54.52369088559236
142,10.165456715978642
143,17.773770042240294
144,16.820848456015327
145,6.773962085261635
146,182.58073893642523
147,223.8376482850128
148,1.9924847148138072
149,169.1295721261136
150,70.49513239310191
151,287.0959576212808
152,237.95377508375913
153,179.719792797602
154,23.596533819052965
155,4.396210685866205
156,211.2335579645336
157,159.15730574708167
158,111.81010267361671
159,152.6664960442882
160,6.343401428033262
161,55.4142482820867
162,4.712817006151141
163,257.81366547844215
164,3.0309041019706378
165,55.586187528673356
166,208.7735331173883
167,335.94751858793165
168,7.030610152885693
169,1.8798976297503598
170,234.5881348016627
171,3.080296700070006
172,4.435252883650055
173,-50.521098572937746
174,3.762131280847913
175,5.636609292163035
176,142.9933517481407
177,72.5169665315056
178,326.8379648682248
179,136.14655922084353
180,217.19791685062694
181,6.481991557640132
182,2.372759203238652
183,282.62678122755165
184,6.556831201831908
185,1.6359215978216672
186,3.4062528106965133
187,3.0896938475104325
188,3.9426904499072153
189,83.28989987762841
190,4.171739057948625
191,2.122261004022922
192,41.57042276165441
193,3.387277346328349
194,326.4015219911406
195,96.32497327438134
196,267.3059054702901
197,126.6744912546764
198,215.48799771245842
199,53.76809563952354
200,1.9196102500977696
201,3.318716134900501
202,99.45009066016371
203,53.785433991232566
204,4.474641929983379
205,271.44697712863194
206,50.246675630819105
207,217.20697586841567
208,142.89147454907916
209,62.33529828977183
210,177.03753233273304
211,85.68631852894488
212,104.829570807713
213,264.5771438973926
214,64.18757439503797
215,15.025571857788428
216,217.9011984662459
217,81.01251175313551
218,173.43647567088328
219,200.730568337131
220,6.352571742682537
221,232.38029814939813
222,180.61292557635838
223,2.858904182240579
224,162.4964844302655
225,267.1016051486899
226,209.9308449889199
227,43.38467383103417
228,270.37825552311244
229,256.10473626648195
230,1.2806350254707444
231,220.4557838090195
232,56.26008790912102
233,55.04165474004313
234,240.94520160266683
235,117.26243107364941
236,2.18755806658004
237,6.0826540867178105
238,45.85685331830112
239,6.351611045519819
240,186.20836491131394
241,307.3328587937306
242,235.93366359414392
243,4.207236700525009
244,2.97535848478161
245,50.82638174476088
246,121.73594677765783
247,144.9336557669106
248,6.46565798676541
249,5.8438164429179125
250,63.98710277393974
251,59.03280290337102
252,186.6471041692942
253,7.995417738061299
254,191.09649521714437
255,-48.28240893128622
256,5.478983718685122
257,2.1144448517315113
258,61.878797658902855
259,255.9189133022862
260,2.483412918242394
261,5.699172052679543
262,6.31215816010759
263,-35.58076211442367
264,3.7588437959049967
265,3.6130536229976933
266,2.148651625085024
267,3.436636005649547
268,1.7897092459198853
269,194.91382023420036
270,3.060277901245141
271,142.1028598186895
272,89.78221776139443
273,4.6325948616719925
274,5.2432279893043745
275,318.2120527098028
276,181.48878417483633
277,217.98762296113927
278,-62.49254157078323
279,4.221685783317132
280,191.62105645815367
281,5.2100197713031156
282,174.86263510208198
283,189.73692612291762
284,146.19567413325058
285,240.38589270496087
286,137.04346756777989
287,236.19049787863636
288,6.249920732291488
289,102.76579566538905
290,4.751513060274323
291,103.55001023243531
292,3.9656035702794163
293,56.695051163502264
294,127.78663823915431
295,5.502172795979188
296,111.04393982119873
297,55.136533502828954
298,-40.55244852794661
299,210.05172358136483
300,5.8622551296932155
301,4.411788073897242
302,4.913832250797667
303,4.2703102134354705
304,3.978758805974169
305,4.8072897526632605
306,251.83841850780004
307,3.802492203838382
308,3.227341448483575
309,99.656471633905
310,2.19319612886851
311,2.2164433846405163
312,3.697406430498436
313,137.37481100194518
314,3.883049939250518
315,0.8332502781918197
316,1.9987886884547494
317,4.4021775311305955
318,3.94405751951767
319,35.96975323091028
320,1.8435903582683164
321,6.263863553671477
322,3.3487157203605364
323,1.8267223564641277
324,2.552111242971096
325,4.108310329271542
326,4.947549286350139
327,52.963065639590326
328,4.396150076228327
329,78.64958319087333
330,54.28445565251868
331,54.834898786308855
332,5.5594549699990665
333,2.7074737493808123
334,6.7487870354530495
335,150.7708494540245
336,3.78386698057391
337,2.392746714692228
338,139.26517130885145
339,52.56126303483127
340,299.1173878025371
341,117.69458474419834
342,60.725939673650906
343,3.7172790071701307
344,2.349881724160169
345,123.41127238578841
346,2.6882866726782213
347,4.72666652848181
348,62.62102810887025
349,-48.52378995548628
350,105.82006318281645
351,246.0536715595095
352,33.23684567914326
353,1.3119206400805679
354,5.913350963442052
355,314.5431683641073
356,213.39402347262666
357,3.093259537311056
358,107.84875107594024
359,4.367603775922644
360,129.7832161004857
361,4.784632580221035
362,5.36430550663981
363,-11.748437965694766
364,4.342210571706245
365,5.4223101606238515
366,76.21124522310302
367,4.620107633486247
368,238.4418605904495
369,5.068184530008789
370,-34.16257363798093
371,254.98094789673337
372,47.60752252250293
373,141.84658810416653
374,-13.27693250257959
375,99.1048535873735
376,2.8451143775032524
377,2.9920592690745726
378,3.8822067127354978
379,3.011493684958437
380,0.6778226455778346
381,6.043018652699706
382,6.454811544213051
383,145.2038037659614
384,1.7660166289082506
385,3.715815155989956
386,269.5103141044031
387,2.631434873342367
388,3.8207971704156853
389,57.740263077666505
390,4.82408494055285
391,163.51255272768634
392,6.46034582285205
393,3.908206016152292
394,310.09350195798356
395,209.7413609292924
396,2.7870684511028943
397,1.8017929383279063
398,6.67291242830928
399,194.52831510806377
400,235.34172245269596
401,1.660072530470543
402,6.376377331857649
403,5.048792122829967
404,5.811206737540909
405,13.4992414248277
406,7.385044678255604
407,-62.68946662964442
408,3.936744057980411
409,3.4503947815894653
410,3.66761363684019
411,2.5205080678869853
412,-31.647906065603422
413,332.87940293402016
414,5.847927305316432
415,39.20718377863707
416,3.274782625304251
417,6.742863928374033
418,5.347656294728959
419,5.725212065012704
420,4.755852574698677
421,164.5829287278214
422,165.05086393185837
423,117.97944273509427
424,162.72680421676554
425,5.798513923439153
426,255.87753605987172
427,3.2197546431695696
428,230.17772555186548
429,2.9552189634099415
430,4.475332654836394
431,269.2655995132354
432,146.0407341958621
433,10.655025282470456
434,6.2270200675804865
435,45.878178161759976
436,241.47658222827866
437,197.21190319076914
438,174.37311702923134
439,5.815722456425382
440,263.27441790258325
441,203.7968621565529
442,127.34772302889213
443,320.77794949726166
444,5.3658907411753525
445,6.316578674840097
446,61.12167459474927
447,1.40396841610566
448,6.275636674898511
449,311.165396071235
450,269.44482764407996
451,155.2757278991458
452,230.92810212471767
453,1.8642382801360071
454,4.192411398633344
455,128.53747713348898
456,3.049911023346457
457,4.86705914519918
458,270.5988077111218
459,68.39066450001376
460,24.738115453231973
461,113.84240123806588
462,5.895718020436082
463,204.2886824076976
464,5.220291623052827
465,151.90167113519283
466,67.5712507797121
467,2.218612349008553
468,5.449530875494663
469,26.096631874007105
470,24.782360273422018
471,1.8158568307030556
472,1.9153776040653667
473,54.93938733640438
474,6.0785221562860245
475,107.04020495734207
476,6.318615531967845
477,2.0205394974099034
478,4.429414721596994
479,219.1126043668047
480,4.7889663627667804
481,5.977299914622977
482,236.83008911897838
483,1.741014275076399
484,203.80207918380802
485,108.7001119224173
486,4.4801236942219855
487,2.572079642291903
488,194.72493410760646
489,2.5774880841576246
490,4.605380433278789
491,6.377194140003656
492,3.913023949753973
493,3.779359144983064
494,238.75819149414224
495,5.854452114688153
496,199.15739094147528
497,6.090323171091967
498,5.995976017759464
499,5.736719985556091
500,8.477577076277274
501,3.385669091575557
502,316.4001288669408
503,112.27933875015688
504,-7.651062540034913
505,1.84900586531025
506,6.450464765446572
507,330.8163826190659
508,75.6989248577477
509,271.45130277687883
510,4.314358008000402
511,102.14987129513918
512,202.39263394130631
513,214.54748045400737
514,335.0385523141649
515,249.51758110719027
516,233.2809215149691
517,283.74161062859565
518,7.11159839121987
519,37.05632880925223
520,310.1331740331551
521,1.4967845978674883
522,4.0135235738264905
523,235.65058657981052
524,4.586530074737193
525,168.816290263822
526,5.556852714919164
527,4.97542929843747
528,4.527080592017887
529,6.366693638395043
530,248.39578543182685
531,110.8175576385797
532,4.094716670497053
533,70.71567076291824
534,4.195394788668555
535,6.917565157336382
536,5.929475993000375
537,1.566661033901799
538,5.189051473299914
539,267.83277202802196
540,273.47070829064415
541,239.7900693838139
542,57.72271434119907
543,103.78758265930801
544,4.842002803082252
545,4.279591894482353
546,3.9592786156313657
547,2.057092621841308
548,332.62251686812397
549,5.751947839180952
550,256.78479660367105
551,5.877153496036364
552,111.45249311837279
553,3.7112550058261933
554,71.19491140105174
555,98.49173350204792
556,238.0824079429383
557,197.8916988063102
558,5.202029285017558
559,5.60571042790516
560,149.50573711657648
561,113.08941175658012
562,167.4363812497512
563,3.1733787077079585
564,35.25736414242294
565,159.2635769488257
566,2.71594106761302
567,52.94536277473619
568,114.84446862818803
569,300.070409662971
570,4.162751887607051
571,210.23493594688563
572,3.1870605923617212
573,72.66916489337747
574,110.26896898301001
575,7.248011269315674
576,1.8695945589960907
577,3.209340373290196
578,178.31239736790232
579,-0.8926323988015625
580,283.292064601912
581,63.28706196602044
582,88.03016655856744
583,5.3105689098471975
584,3.1197839099288576
585,150.90110208862106
586,4.884885702472151
587,220.30080087794292
588,3.082812888826166
589,194.59038664158828
590,298.6209641487819
591,147.8270837616629
592,6.856008061420097
593,231.44236081412828
594,285.9719719395127
595,42.235916049077005
596,5.328876246003016
597,117.54366938246271
598,2.5348895770209503
599,72.0111074647642
600,161.61391906550426
601,133.9878315836533
602,43.151114909181516
603,2.159199743501598
604,240.8031305973621
605,2.538870795673608
606,2.7482706198754547
607,6.759425520720258
608,54.87700531615555
609,271.32017428255654
610,28.3572924500774
611,58.86697434721172
612,3.610240516927849
613,-4.710210850546802
614,57.26659615455435
615,1.8701921038414195
616,177.36944305185568
617,-51.43179339153471
618,236.97450036653538
619,4.832479859530077
620,6.067980868458349
621,179.40820650332375
622,109.17196902426366
623,189.88859023892536
624,185.50824845867749
625,2.444874662915799
626,2.1268860115027266
627,63.18041836616795
628,4.334387062280578
629,228.08176445123615
630,4.385743022227347
631,2.3096208681146564
632,198.63266721013952
633,151.02353055374846
634,223.8515781929163
635,2.529366672375414
636,111.23209950072129
637,117.47706690461347
638,6.80044647951853
639,35.48996733672927
640,110.43925376466731
641,6.823358949164286
642,3.0584790495305203
643,284.053949134969
644,3.658537136605842
645,76.4335439397748
646,69.84754458792155
647,195.1612951060594
648,267.4281259626312
649,382.59835915717315
650,329.54107947170445
651,115.38452074058941
652,60.42915233941982
653,3.254149735201495
654,194.7496969163317
655,22.85813128850506
656,218.11583373271958
657,174.21648051603114
658,287.9186665344793
659,1.9066781763807996
660,110.37615351986844
661,4.1080325721774855
662,132.83318655169762
663,3.6543827801102844
664,-37.463824383300505
665,96.33303720770641
666,138.21769345008852
667,235.21367033999906
668,352.01073696734665
669,177.88726181137224
670,209.12513410473082
671,124.93196528848009
672,79.25510827842831
673,4.36389207696862
674,5.2796292285602195
675,5.83881938390385
676,5.006790794027818
677,29.883167525128144
678,209.2841045991527
679,4.75503177203974
680,2.8331326013603784
681,1.9427889049568128
682,90.02602945351649
683,5.789877612493774
684,163.83797120266098
685,221.5249358804419
686,5.838506397779609
687,365.6827661634127
688,71.870678749133
689,109.33454172561234
690,335.52943747182735
691,3.7991347802698727
692,73.53147253814235
693,4.97131726001648
694,6.625070910562417
695,-32.25177498677076
696,301.2008509690209
697,1.1340741195305581
698,229.40121712864513
699,1.928862310146262
700,258.5624434109988
701,3.7387063675260714
702,4.335663814508316
703,58.10049535106563
704,77.52612512788369
705,188.71103768621862
706,243.38537470545788
707,171.03246364971045
708,77.08843638355833
709,80.12173689218953
710,213.10850012411862
711,263.83506045825163
712,6.640813646399234
713,38.4482041775847
714,6.7554932106842465
715,241.03932419879902
716,3.0269724577820245
717,79.12396089750479
718,356.5609376799116
719,199.45118981860247
720,4.9439047171927815
721,140.97142522329727
722,2.3534311866113278
723,6.218412241574292
724,2.6439805426270655
725,2.4627630864604484
726,105.68116370514261
727,255.47958290151712
728,58.17112132489244
729,57.614156713374165
730,50.40367465244058
731,279.7800664865242
732,4.676875448646975
733,6.616866760176329
734,30.413122063459888
735,253.7055487799482
736,53.73493484918244
737,48.86285424539051
738,123.99176793109264
739,329.25792251147095
740,146.27740901387227
741,52.505095416380925
742,268.6571831127762
743,143.68046530858015
744,1.6686699988785234
745,286.52939650191206
746,178.23275920849443
747,3.21237708897722
748,61.374759688746664
749,73.45880264629172
750,203.15638207074545
751,89.44832915552792
752,228.38409349787898
753,1.9526612323391626
754,253.7539945324932
755,6.154772761750596
756,5.973245480859285
757,193.9757115062007
758,2.239788676432859
759,69.30390204278369
760,14.812044345221597
761,211.3514688616511
762,4.971148007920627
763,2.1087648783416415
764,76.26600263116477
765,4.844958191327446
766,23.782860127924067
767,0.9991784955904065
768,4.9615120382503655
769,5.850823809885688
770,1.9471463440213967
771,260.272986718602
772,72.61816855287265
773,122.09228941536284
774,-8.797321274190908
775,54.88484230324814
776,4.132545672017356
777,239.06689484498193
778,-21.89782559038634
779,155.5825545422103
780,71.9601870503372
781,308.5496086154991
782,3.8341594596334616
783,49.26382371602145
784,2.7991466428672713
785,43.832365309153644
786,113.28973728731052
787,5.532914535228997
788,1.8910379452597632
789,184.65193048967626
790,64.64427847982535
791,-2.6629900213040196
792,96.31882642873927
793,-62.619027782329894
794,325.5155797394635
795,-48.204106344083854
796,124.53983857853933
797,3.7313292838413545
798,64.47844662663925
799,3.469582005525519
800,5.86015593956286
801,213.3998603410122
802,74.50202867064849
803,147.88697035990904
804,6.613150007474524
805,2.086919498326875
806,172.8202510240028
807,2.67876630762759
808,66.5802930180292
809,1.5802135943344453
810,50.138967859763646
811,258.64457331661197
812,117.1320590756215
813,287.0447624933234
814,5.8540499295199995
815,4.661492819562288
816,6.864481335972654
817,3.179616126407791
818,22.112414887520934
819,5.424902846503555
820,71.05683120220539
821,5.745700265156875
822,2.0336051455212907
823,46.241665323682895
824,66.31813709726426
825,6.91246724582597
826,75.49651270760037
827,4.0473965921448025
828,6.1026785751745525
829,50.11580744967952
830,173.94312222419188
831,114.25426203249818
832,6.061770186988143
833,246.57390361992609
834,206.98976412537183
835,166.5423146797802
836,2.344599476074312
837,76.19430928649503
838,149.84281604207288
839,5.826261395669341
840,193.31421714986402
841,133.52788107601305
842,60.984636039130656
843,2.38747384289272
844,2.90968144524462
845,5.355840030384144
846,6.4384055261812705
847,5.471935232970636
848,171.97293153538658
849,6.06507923087886
850,74.33989792843788
851,18.92261519632329
852,37.36193578071412
853,100.78704075094785
854,50.865088690270134
855,7.09848291262908
856,231.4695986776248
857,90.92475710725512
858,72.94234436444268
859,214.22662432657427
860,2.1116896413398742
861,3.4376377632641177
862,2.9251696000160106
863,113.79507845306972
864,243.07922486579855
865,274.5127699042562
866,201.93453286914882
867,5.472834594609537
868,116.66225355743707
869,152.7770885070173
870,122.26968637956728
871,163.28127893863703
872,133.6943926878214
873,3.18223967595729
874,82.34128195299107
875,6.521039983827326
876,104.44933802258245
877,47.98286616668474
878,153.0500757234527
879,5.450041445286157
880,6.78310220433511
881,161.14207271402893
882,5.7239433457439866
883,241.09184219911015
884,5.885885245088081
885,167.68980325361937
886,49.55107867950409
887,2.4841981460681026
888,2.0977136052521685
889,259.2193704492842
890,4.3163643270797145
891,3.0447005650238035
892,53.298205430079015
893,4.97773148171578
894,-19.138362273493556
895,3.539423406293598
896,220.34704128117568
897,2.485181374013152
898,225.22376677538958
899,-55.97784160917047
900,241.26235916383087
901,3.8800561801648605
902,201.52978381892711
903,4.95538493876589
904,123.0834976527452
905,1.9546775765280073
906,1.2265372456919192
907,200.55018386626173
908,47.415774242996136
909,75.48958477658817
910,2.2802361381813108
911,6.704847962368191
912,268.19988024749773
913,155.29296041987203
914,275.5727680785941
915,126.14874336380288
916,138.4423137128528
917,-32.30688544560618
918,2.4738396390948805
919,2.5818451318596543
920,385.71932749629417
921,108.51293076459945
922,229.80007941710778
923,2.4647310773436604
924,106.90488204294275
925,194.72193764695183
926,52.835643197973916
927,51.37411815290855
928,5.320702921029451
929,23.631448152933913
930,25.208746077195414
931,213.44893545169037
932,185.38641428761926
933,5.25282789802694
934,2.1235740003578822
935,177.5542376422586
936,49.53594527188119
937,3.6786022647907988
938,4.779138525204976
939,85.8542967470452
940,1.3141254170968233
941,5.772288277216278
942,4.907918951116246
943,106.3250259587395
944,4.886796041530703
945,2.005640046303409
946,65.63064604651801
947,29.505380645118066
948,37.19373359538659
949,238.21028159778052
950,351.1997039542249
951,12.949434432589397
952,-11.560199214244827
953,5.732799520245479
954,261.92838115600495
955,200.58060414165342
956,146.97065558418177
957,2.5552692237539363
958,2.9741126568616982
959,235.1607669311845
960,53.595433000294705
961,161.00228297288209
962,3.194382901924185
963,6.596827731175891
964,4.964003036962527
965,6.46919965910699
966,3.339368868206784
967,33.07908539935659
968,168.5484668751347
969,198.57654503572968
970,6.283678893575762
971,366.7836717869438
972,5.22019999209305
973,109.46149818372348
974,5.319072758628597
975,4.129270820443695
976,5.278512965306854
977,205.5836119281389
978,292.9977641704136
979,2.0545655679249677
980,1.883321433890476
981,-0.8887785201922522
982,56.99401445253079
983,299.19973214951875
984,316.5621350562937
985,265.4346188401214
986,107.49301290375226
987,3.1265718258798727
988,240.14770000568427
989,359.0765614619463
990,68.86869186408833
991,4.1355104234678475
992,309.61275385076607
993,175.7100400947479
994,3.29757184442133
995,-11.275068326058411
996,25.56568357789388
997,2.0736992839695247
998,39.39134324041851
999,63.67300679556118
1000,-11.759848723646947
1001,292.2484073947023
1002,150.42397873028455
1003,5.537864546517589
1004,1.2524467496662999
1005,1.779416404567795
1006,3.8601197811767567
1007,153.477094757067
1008,1.8606558901738435
1009,6.618073737462393
1010,7.271217878938952
1011,261.8772171537038
1012,18.12393799466668
1013,198.2183614765077
1014,55.129498919937014
1015,233.98222419372152
1016,6.570622352917752
1017,5.145379175217048
1018,3.5241233671147087
1019,6.541194808316133
1020,4.55557566880533
1021,130.15612845584565
1022,69.76926409731134
1023,193.6909893830108
1024,185.40874130091555
1025,5.351046333320674
1026,4.0545446226572475
1027,4.869873843454035
1028,86.49926426653109
1029,3.7382636153996853
1030,32.817247647532625
1031,267.3872221999542
1032,3.1038230961198994
1033,2.4177134065977786
1034,253.0282743011282
1035,1.4350988546003085
1036,245.99669192730323
1037,6.765031650589799
1038,47.39277323966644
1039,3.691007282404712
1040,-31.168162123420224
1041,3.3945074268514706
1042,4.21481223594213
1043,3.749717576019824
1044,345.1391298343126
1045,140.96096002409956
1046,33.417808123712476
1047,226.62263153561548
1048,1.8428784315881226
1049,2.479549421802893
1050,6.377263515954973
1051,59.31520710738276
1052,170.47294714609805
1053,254.58920805056889
1054,6.351709353774867
1055,42.409052105209014
1056,27.57715675016172
1057,4.3936538759996155
1058,2.8356862568421044
1059,3.0938102589515317
1060,82.81560436372452
1061,3.554172403251732
1062,5.825198681891656
1063,294.0751464946354
1064,248.8456171855285
1065,75.12206999466687
1066,272.5260503995175
1067,260.35443075004036
1068,6.26849451213482
1069,4.322208610929103
1070,320.59363741945117
1071,194.6405117067278
1072,5.438658614963299
1073,3.3230053348011817
1074,6.330509066595224
1075,4.840713173588107
1076,294.19994146807755
1077,6.254563555759516
1078,150.44923441530736
1079,2.836940051134931
1080,2.517934152673412
1081,5.8484812170742515
1082,4.226891116042996
1083,3.4005472716103986
1084,6.203376375894438
1085,125.71101781703477
1086,196.32766970437646
1087,55.83891832240364
1088,250.59361803020664
1089,8.453741014565162
1090,165.10763472041606
1091,254.7570516810675
1092,5.884187253405569
1093,4.431350608870406
1094,6.707103227433097
1095,3.4591571276589894
1096,2.6343891356353195
1097,4.595018701803895
1098,77.39676933584313
1099,112.35122712248291
1100,5.673160391292417
1101,4.748109540865094
1102,6.195912896220863
1103,263.6661006642657
1104,4.614597402884078
1105,109.5942317489245
1106,5.362555422015128
1107,6.211276423868759
1108,12.70476018628403
1109,113.17074854484721
1110,79.38502981166306
1111,3.440268663589986
1112,205.59475298990907
1113,2.6722569009277137
1114,171.31883689434565
1115,64.2081735147685
1116,5.1827897896748105
1117,282.66193268314396
1118,287.45104026078707
1119,4.4577944038679895
1120,57.267739255035096
1121,-17.71774015365165
1122,253.77292176559456
1123,3.3839386098086983
1124,191.64511747679376
1125,2.663987971082086
1126,65.99248641609725
1127,5.961329422459709
1128,-45.74908344182943
1129,133.5663161790299
1130,6.346650797425221
1131,40.92576929276518
1132,4.358462936915581
1133,-71.9621872218281
1134,182.15636935153123
1135,200.5144123201452
1136,-52.720576293723155
1137,4.015337074287183
1138,55.60805031126732
1139,109.42952070448544
1140,113.96739945595525
1141,224.72519401694473
1142,134.71656308768547
1143,18.51892689065339
1144,-47.01812987283684
1145,105.83263885554702
1146,53.46247875718307
1147,4.462495480468946
1148,81.71768554351215
1149,38.72644418757588
1150,4.118546215703571
1151,1.32356923228409
1152,3.698081011929801
1153,4.3915951537823945
1154,32.53122666497776
1155,176.05174198150897
1156,6.693108039537124
1157,75.81455847571567
1158,203.58760559935132
1159,85.74579685940168
1160,87.52312537114884
1161,1.7109825833681573
1162,5.4557886755713785
1163,5.494701695760793
1164,4.847117596835672
1165,208.01741388613527
1166,42.018189210455446
1167,-24.5449169516461
1168,4.88372997720233
1169,159.13096548592944
1170,4.779553524640329
1171,4.32278957123788
1172,-30.638987730793225
1173,3.857704714309242
1174,195.1037958503042
1175,-51.71158300566589
1176,246.07876945296067
1177,2.285830473549793
1178,141.06172949657199
1179,2.602939847548671
1180,2.6141181449797486
1181,2.0776389421389734
1182,127.89475821816245
1183,7.5454468054278125
1184,3.9680412371765197
1185,282.03888726219645
1186,129.67641151325222
1187,4.473266727940064
1188,2.931064761805995
1189,120.92805511145946
1190,3.443815971077896
1191,3.048399793496211
1192,4.993747975284254
1193,175.40933844247002
1194,5.534468708909005
1195,2.2130439003214057
1196,268.26729381250925
1197,82.25226565403375
1198,3.134567780888033
1199,267.0614721935605
1200,50.45085176481649
1201,217.8599163368497
1202,92.78697683803313
1203,3.4344189865624184
1204,176.39178985222588
1205,1.7996512945748169
1206,161.1598588819182
1207,125.38372009868606
1208,210.91047713746346
1209,242.76180362191548
1210,206.14037977464685
1211,217.12730706277767
1212,6.167641231257958
1213,3.781763664469204
1214,205.4414347843252
1215,118.44525029980747
1216,235.84623485493248
1217,185.65869163393316
1218,-36.98993381223216
1219,6.084491303215688
1220,5.796319600115828
1221,254.9158143074704
1222,6.051899114769814
1223,2.5132177961316824
1224,2.8516924868838243
1225,130.18504402420194
1226,1.3545423232981342
1227,4.649144058776104
1228,2.402669111887348
1229,36.47986931537184
1230,121.2875556530636
1231,232.07345352867827
1232,1.8403352737363907
1233,-34.906645501290285
1234,3.1401336720428414
1235,17.132677931382247
1236,260.23257123779644
1237,4.2186211352388305
1238,2.5256150975862606
1239,1.4007279865864852
1240,37.99461883790941
1241,2.1307027790647894
1242,4.3740940012185145
1243,5.461991703609653
1244,155.08206672829272
1245,3.958822729936401
1246,254.1529922675976
1247,5.381219309101707
1248,124.03289941874911
1249,143.27292255756493
1250,7.415600258184227
1251,48.40317201946101
1252,5.770512195415778
1253,4.110168408752179
1254,4.48381168805816
1255,53.499566866275366
1256,81.29008149523273
1257,137.61263110767226
1258,277.0844232486762
1259,43.53810009790483
1260,264.217106309441
1261,5.726727432159743
1262,5.384742376989351
1263,193.84056534891258
1264,2.026169869153113
1265,64.14715636351087
1266,123.92188598393919
1267,2.2971157693624242
1268,6.500953444471013
1269,267.00106714765235
1270,-53.91321597669425
1271,224.34970314513123
1272,52.835643197973916
1273,30.250452102441358
1274,217.4863297566385
1275,190.73986254286132
1276,42.47644087456098
1277,4.399124958926395
1278,1.8421987928614056
1279,3.981265565051223
1280,-64.17508581657873
1281,3.440739343913124
1282,61.09994029895668
1283,162.76237822087535
1284,2.8804642360645967
1285,-52.83763397248238
1286,2.387148540513854
1287,51.68876146090422
1288,147.204119692448
1289,4.552397139286313
1290,216.289366684345
1291,3.3477915938909186
1292,51.12802370057885
1293,104.0102415552492
1294,259.5058996610966
1295,174.86275413629986
1296,6.56738298530537
1297,62.37426306783029
1298,-9.593938616459903
1299,5.435471283224345
1300,175.18274824403107
1301,237.35440975495823
1302,207.21389792964573
1303,6.166348600710513
1304,3.673674074848528
1305,5.149270291501328
1306,62.24528490967727
1307,140.3700875718686
1308,1.8768591047719734
1309,4.8826581304924686
1310,342.8147086114262
1311,2.7059402314267107
1312,6.6334134585310585
1313,32.10209815031183
1314,204.4681236873194
1315,165.9297490584182
1316,265.91517837310727
1317,63.03373170830562
1318,2.093710915135129
1319,217.07455486532774
1320,238.9552638893711
1321,15.370034361553856
1322,52.89451002828146
1323,261.6498700962958
1324,234.27601145751777
1325,45.39729738491977
1326,62.682282133071055
1327,250.9343636537062
1328,2.993186715609083
1329,6.129961133639893
1330,123.93190687164014
1331,-18.71703719031889
1332,318.38388040335127
1333,1.2482744510005883
1334,346.51644521321646
1335,1.8446254157044197
1336,93.22757947556443
1337,35.181251286857446
1338,237.60958078056711
1339,6.578400529994729
1340,191.4909095758974
1341,239.4581320326492
1342,181.589599878373
1343,43.00680996074852
1344,121.249566824955
1345,3.1455240982379955
1346,56.0422425867451
1347,94.75074198351405
1348,2.8749853149617897
1349,200.9083517668459
1350,52.27049907465429
1351,228.7427932713285
1352,2.5588322257512575
1353,17.60754551055043
1354,5.0220484256083875
1355,5.991270016156253
1356,3.4707163601795834
1357,6.9001664626589285
1358,6.7061078335299875
1359,1.6557872086248473
1360,304.57375879245603
1361,4.697453896443258
1362,6.466865194459525
1363,63.9953795162297
1364,3.3527972874985164
1365,5.881327313220718
1366,6.715846875725591
1367,5.885346355024572
1368,7.384993862581226
1369,187.01498787142876
1370,290.063196961769
1371,223.9513843879302
1372,24.4776716123205
1373,3.7482580130971392
1374,184.09954864398043
1375,169.26876780947384
1376,5.319276607899177
1377,4.8270996933413155
1378,109.4848067022386
1379,101.88646933784067
1380,86.2236304427394
1381,239.7938410368106
1382,81.29967920362438
1383,59.58353636974519
1384,-10.364264547774262
1385,165.8916161344121
1386,2.5156824620714167
1387,76.46058625792921
1388,1.6419494228436355
1389,220.6744870685946
1390,171.41121463824098
1391,107.62999246317409
1392,50.478186306214305
1393,268.0615712371494
1394,-12.326106843870111
1395,39.35321193452029
1396,181.31840313044032
1397,5.403616013496187
1398,192.22668422029486
1399,1.5285756345497596
1400,65.41566847430093
1401,318.6703283299882
1402,55.32738429990828
1403,295.60026102797036
1404,98.95133783653822
1405,117.14831924115099
1406,1.9738093997246808
1407,128.7889369604103
1408,7.727836277933019
1409,3.5202919457544355
1410,235.48101056912884
1411,252.10379274375242
1412,-31.322221756823694
1413,121.60558102868382
1414,250.463378301275
1415,2.1380209910826924
1416,2.524160777177225
1417,4.3854595580924105
1418,311.40926583163446
1419,155.7377333323342
1420,4.646619711584688
1421,38.381316757052886
1422,6.669702103657802
1423,3.17046999162063
1424,5.369474847429698
1425,2.2757754457470414
1426,-21.75195321709525
1427,3.7831282542149367
1428,4.813355494623095
1429,4.0460298443033675
1430,4.2710701843643
1431,6.533901655859008
1432,192.24678718756803
1433,2.810197404276283
1434,5.397606116302137
1435,4.605050636641245
1436,-53.29660031231742
1437,188.42448731590287
1438,120.82532927829413
1439,6.329186915671559
1440,2.557452556311916
1441,115.37781836008065
1442,182.11326638285993
1443,41.538914913524266
1444,5.910283357798141
1445,50.7982088112859
1446,275.44378457822097
1447,246.033809611124
1448,-53.35156861606621
1449,5.8801585846381865
1450,284.1104836363799
1451,146.09595580105753
1452,5.083667562186362
1453,5.602105791818873
1454,179.71496457814928
1455,70.93469244614572
1456,-6.574900442419952
1457,7.858583190583172
1458,4.8104988116216045
1459,299.6051981045077
1460,341.49599141608945
1461,189.2064388567934
1462,-9.22687803127023
1463,72.67915902970307
1464,5.85404994930329
1465,3.193897798335165
1466,235.11643464022944
1467,5.7857230396646635
1468,5.329874995178109
1469,31.556602644672605
1470,3.823804140160446
1471,45.93043849519819
1472,6.749281796683999
1473,2.177900087467115
1474,236.50827269720506
1475,99.86022908808499
1476,6.679714030131387
1477,2.611808861395872
1478,117.53518766726097
1479,5.123993666465136
1480,110.25761099824106
1481,5.774991182989387
1482,177.8474241120652
1483,6.256045749803197
1484,247.42899498756523
1485,176.79430382634717
1486,7.354534099204008
1487,3.506132926548111
1488,53.999524278527474
1489,-6.923083618335946
1490,103.480005016157
1491,3.421443606806104
1492,2.010616853097982
1493,7.228632757050177
1494,5.443003425981205
1495,35.14644570434199
1496,7.404524459079004
1497,64.83543343608012
1498,5.999235822039191
1499,83.08296417176749
1500,7.28610400247733
1501,5.805151425828731
1502,104.91481819060428
1503,5.6868076826368625
1504,2.095673829745978
1505,4.720288942288965
1506,182.2375423981946
1507,36.73410808939555
1508,99.0623689510289
1509,60.62091929132689
1510,3.214694967669847
1511,-22.302719555943114
1512,62.063868418893364
1513,5.14054394932692
1514,261.27966926852525
1515,40.16030429764163
1516,2.8916508874910827
1517,350.71958551266437
1518,4.391183344760488
1519,245.24797534714642
1520,5.233345282950332
1521,42.3321396313174
1522,5.031472989767921
1523,3.0202782301757516
1524,139.38199545608714
1525,-33.95655133089248
1526,2.5546491355340355
1527,5.889328286117744
1528,3.1203678129046155
1529,214.56583743581422
1530,277.0552080013287
1531,3.4913813136481187
1532,5.982379224651075
1533,3.45229354656157
1534,-4.912382380251454
1535,82.20526781139023
1536,5.884511563787677
1537,2.6255161723564844
1538,290.5864249064238
1539,158.56798000885223
1540,2.2025456472968474
1541,116.02384140843955
1542,3.14293526572051
1543,30.6294149528069
1544,7.825222719604014
1545,3.5468527346253675
1546,4.38936607932166
1547,-31.084076742937825
1548,210.45208142013547
1549,46.61946744487743
1550,3.7572829223548103
1551,2.3292461039298114
1552,239.34273165829114
1553,6.46305972697905
1554,275.3139938751836
1555,110.03373032672387
1556,3.9942347239963487
1557,22.64099634313211
1558,3.7499896194537654
1559,243.0780123309525
1560,182.8450918078409
1561,194.26180345147057
1562,244.2884555114831
1563,94.09746964423027
1564,3.246131994494891
1565,105.59977881007238
1566,3.716346833476246
1567,1.7308694519332808
1568,107.78187984557422
1569,16.579326722131373
1570,278.99264587227304
1571,3.207552552403267
1572,75.9535844579349
1573,2.12711900791076
1574,4.527576236398388
1575,5.832429568365587
1576,4.005357512202565
1577,5.645057922940521
1578,83.2512537968882
1579,5.177593126076015
1580,164.22850577542908
1581,273.7329155316123
1582,6.744662328418347
1583,297.8166375893396
1584,307.297392756554
1585,6.123435499242467
1586,5.128360398559813
1587,62.61935569550447
1588,290.85187072486303
1589,7.213329953045973
1590,5.931723151715154
1591,173.9428823041569
1592,7.218464248187564
1593,128.21610395770097
1594,143.19927119574643
1595,123.39268040038152
1596,5.679042953651395
1597,61.707959401457174
1598,6.232189278736348
1599,3.8869944376408343
1600,4.425355736684269
1601,2.4721834686191464
1602,5.9091026534261815
1603,267.25118357234373
1604,57.302417653194645
1605,139.0901416667062
1606,264.43414527345584
1607,4.599120905275759
1608,3.3800715876193372
1609,6.886716486378104
1610,4.052658771716091
1611,197.43419255112752
1612,89.43297441782808
1613,2.2426765944747435
1614,282.6624684776779
1615,5.719736579756052
1616,4.057116527017343
1617,180.5740486338729
1618,232.73345748507714
1619,16.428790361022482
1620,81.50707711161795
1621,2.5341723703232826
1622,2.9286029871393318
1623,2.774459889625721
1624,249.684929882414
1625,67.96609615051948
1626,1.6503046658667069
1627,51.653723960481045
1628,3.6509265024911164
1629,205.1073055519123
1630,117.01365755589588
1631,2.621094065708104
1632,291.5780202436264
1633,5.156784258823855
1634,0.8820396297507905
1635,3.4975405597811773
1636,5.018888445442391
1637,6.589916524541698
1638,216.68418542882824
1639,56.4346080269135
1640,4.470369887773225
1641,316.20725814037417
1642,138.24146048411447
1643,196.68405012568593
1644,129.39500858462145
1645,182.76942411160468
1646,6.215603057374495
1647,6.5002413207517185
1648,29.381050666469008
1649,4.27852182361395
1650,90.8998689116889
1651,6.656864213896808
1652,6.763408294638502
1653,223.82430530301264
1654,6.583350845305774
1655,295.4875617974184
1656,61.26258638751091
1657,1.3320828902978183
1658,295.93962006702805
1659,2.2135036246245154
1660,-25.244247852444587
1661,7.036409264207437
1662,185.7261963543636
1663,5.889570471887616
1664,129.07632103364398
1665,1.0358087055630016
1666,73.69562603955167
1667,-62.038991046207315
1668,241.37379644851273
1669,56.61688620285425
1670,2.025835486959601
1671,2.4398266800557296
1672,5.339865885429433
1673,4.3126081395388125
1674,148.13131773823363
1675,2.1687680837578527
1676,-56.97609443781737
1677,31.950317154778407
1678,-0.2221976458531283
1679,237.8033674448984
1680,99.83969027744381
1681,1.411609718903243
1682,3.226480413396236
1683,79.27735710474217
1684,18.640047808408923
1685,6.732820409675394
1686,138.68761032676508
1687,7.35731486929105
1688,181.4312489969803
1689,272.40005131241
1690,3.199776922026487
1691,3.7664134551009147
1692,4.191217445994658
1693,2.4269704762737776
1694,58.22883881134534
1695,227.08185457703735
1696,140.67674278655375
1697,1.8262320414724817
1698,223.66677797358142
1699,188.45068893801275
1700,121.13354322223483
1701,278.11896230480073
1702,-57.62910042012744
1703,5.600025941964146
1704,5.541437808878284
1705,2.910561557114127
1706,92.41431294679845
1707,4.918941942269269
1708,66.21644435631625
1709,135.92039829538618
1710,6.363049478306884
1711,69.38386926478
1712,1.8648465800265075
1713,5.799769724931654
1714,-55.92732863295386
1715,5.100677297022285
1716,2.2976149365157474
1717,26.896909492257965
1718,118.48490000225974
1719,30.51497445792708
1720,6.239473283428511
1721,241.6640081326532
1722,3.515245017744931
1723,127.68300309788918
1724,124.44190318752865
1725,3.7630112559103175
1726,4.047831657484064
1727,258.4944987888539
1728,4.104594338385258
1729,3.595401612790279
1730,37.74193605204829
1731,222.57577440803
1732,4.751094987385653
1733,372.23880312911365
1734,273.9477230474183
1735,176.45871754762402
1736,3.315751373588977
1737,305.75914377106386
1738,288.3722066477862
1739,221.6550017617049
1740,94.51321590361417
1741,101.31900188030389
1742,235.91363861653758
1743,5.3158050646154535
1744,115.98272253243442
1745,51.38890670500893
1746,3.5463968407012483
1747,7.57317562104239
1748,207.61336423496508
1749,3.585890776670731
1750,103.3877086236131
1751,40.309110033855475
1752,7.006919807327242
1753,5.9612596457854945
1754,277.4953945432357
1755,230.0469172360248
1756,1.875862212605142
1757,214.4323676253179
1758,339.6469322418869
1759,4.929954154196715
1760,311.99779599469696
1761,254.33292287845603
1762,22.819923376400997
1763,43.13865059102016
1764,8.490819488982803
1765,4.8502268157462085
1766,218.73265376275208
1767,186.84714895354472
1768,5.937558103134382
1769,60.30088726661029
1770,72.23126955301949
1771,2.5749190165168647
1772,228.07918036196162
1773,275.8147504598586
1774,6.5257652005308815
1775,280.5784084539115
1776,2.6010566068296064
1777,-13.312638542842063
1778,-13.53735102253057
1779,-39.76723510045994
1780,111.57499050247674
1781,5.714058702511387
1782,194.4961956018617
1783,239.6575836525856
1784,3.9648115032859423
1785,53.819547469562096
1786,2.8769972182570793
1787,72.78670976855256
1788,5.256262906849327
1789,2.5202906341562583
1790,23.4942914231371
1791,3.802865007628405
1792,2.804277112262352
1793,2.021949525697422
1794,176.56094246782718
1795,187.4659931309298
1796,271.12418284364156
1797,145.23918769272595
1798,6.7234889743449315
1799,227.92048066811844
1800,115.35310845189099
1801,5.016434056557993
1802,2.3460962958458422
1803,125.59359974173125
1804,4.05024282037207
1805,170.4738843672331
1806,5.831390431865115
1807,291.0216514912527
1808,169.88562787379945
1809,58.82035498647191
1810,4.335703962995696
1811,2.690712304343337
1812,31.062318683335917
1813,3.7111644649452216
1814,151.18948506972237
1815,243.52459734113629
1816,5.88072693842709
1817,111.04370911013436
1818,63.49799064866852
1819,232.42567970479683
1820,6.790166810481822
1821,3.1947821657422923
1822,270.60075602596453
1823,3.404724662131084
1824,82.96786824220612
1825,2.3292000081042357
1826,6.050814641482411
1827,4.307240896658124
1828,2.09366998553423
1829,195.0779737301225
1830,229.97501518804904
1831,6.7781317418039615
1832,49.65272022213479
1833,3.1491109026448787
1834,4.05242489712408
1835,110.21758173646634
1836,6.427639035511728
1837,5.95795788327351
1838,5.889570471887616
1839,120.29593892930488
1840,-13.900752839674887
1841,-76.80456408228143
1842,247.8466081715642
1843,176.96923974790747
1844,250.463378301275
1845,153.1343860376092
1846,54.410216802263015
1847,265.3730555430612
1848,118.84476081047421
1849,3.956793466753579
1850,5.603019088855884
1851,-68.61227023108691
1852,6.601090474402254
1853,78.71820553840362
1854,71.02253204529697
1855,5.259599340338416
1856,193.38224060128212
1857,2.025514638507077
1858,5.021284406486123
1859,6.3312701694020905
1860,5.786463317797118
1861,154.4994238410588
1862,6.236135883751977
1863,106.97852601030053
1864,66.8539884571523
1865,215.69423431772947
1866,109.21017654707198
1867,88.79638362613728
1868,265.47372930031446
1869,148.1844983265533
1870,3.4349215952107914
1871,250.17653928559105
1872,40.71971405875379
1873,2.7975261622904775
1874,23.015690708842193
1875,72.72457241253643
1876,3.3908708180315927
1877,2.645766348500268
1878,58.856875065374766
1879,52.94979342144258
1880,262.66528739150704
1881,6.048504281471598
1882,106.33642443320855
1883,6.465307313894984
1884,80.02592640768435
1885,288.9508025057056
1886,264.22843956333793
1887,3.2356874003817877
1888,198.96942247010344
1889,224.93063031380248
1890,2.491789711981051
1891,248.7990564999143
1892,213.7264621059948
1893,4.34533360346594
1894,2.0093939747901457
1895,11.438282154968338
1896,5.884642707762753
1897,58.47458999962197
1898,-51.30078214928615
1899,3.08179861102154
1900,5.853313708939934
1901,275.7513436272614
1902,230.71878811709996
1903,-56.79962644804705
1904,84.18517042010416
1905,66.46439275068295
1906,169.78143979915836
1907,6.739546043584431
1908,5.940703859139859
1909,116.74155102213054
1910,5.927601348723737
1911,4.844819614264633
1912,3.934726993924908
1913,80.063223560161
1914,-20.08052502111719
1915,7.1502767604692
1916,1.2083289001307642
1917,3.2010346635090996
1918,155.9279038839368
1919,4.824394952034025
1920,4.65391024453224
1921,69.8290568738746
1922,3.065987362382865
1923,6.411418859029435
1924,2.690000252779985
1925,3.8567276196760876
1926,89.18697565182617
1927,142.30407423791803
1928,4.021172270720124
1929,49.26382371602145
1930,2.8802316324917583
1931,5.942180388831581
1932,4.873986557391239
1933,2.920735839942157
1934,257.9434994067926
1935,6.351915632291496
1936,4.887922084612972
1937,45.67159604050798
1938,-23.977931897767583
1939,2.8952328843252237
1940,252.64082783701377
1941,3.3322977685799615
1942,225.24155108084034
1943,3.7808405954947846
1944,227.31051349681735
1945,289.7549800499137
1946,5.980170871402006
1947,102.40330100447702
1948,5.827340424205374
1949,23.33692499915903
1950,23.516578186923375
1951,2.5058453593531356
1952,45.3831589546662
1953,400.3874905050583
1954,2.7493404235532193
1955,96.00913218922429
1956,1.9964439005479262
1957,127.52575816862051
1958,4.2127595717849236
1959,171.67646742090153
1960,60.523151736877494
1961,1.0799592731075818
1962,4.092558838990869
1963,3.3777253330622363
1964,4.953710335374709
1965,96.19667751136524
1966,3.092350170798891
1967,4.901064289758679
1968,271.811124402433
1969,62.11525743705684
1970,5.644122324748307
1971,1.9819634176033862
1972,100.4630699277009
1973,-27.50578087353354
1974,2.677609365237603
1975,3.0303602827865026
1976,321.3049775635807
1977,1.6603496503122726
1978,217.2809890189285
1979,95.54781766513418
1980,266.92347297008786
1981,194.31802641423855
1982,112.01389395409105
1983,66.82373226531458
1984,8.659809136804178
1985,4.868750787903686
1986,3.872588737867921
1987,6.263711640246186
1988,1.3469363728255723
1989,5.827951987497926
1990,4.912091951452915
1991,41.68705552204919
1992,4.434404303107277
1993,28.545976876051725
1994,1.9495188880125878
1995,105.22349121148112
1996,3.695980340741624
1997,2.5796822097921757
1998,5.293894261752747
1999,307.21453883211217
2000,5.882102088703487
2001,279.55470884293794
2002,-50.64525138862763
2003,6.742863918482387
2004,340.65579762216385
2005,46.22419044329067
2006,4.844163835144608
2007,47.749153345521
2008,227.46014691688083
2009,147.64764611441825
2010,300.1048543735416
2011,6.330701035844328
2012,182.20743337583858
2013,-31.771536892759805
2014,280.0127627620919
2015,200.98784138459737
2016,39.7649578938906
2017,2.7304678153580397
2018,57.166553436774564
2019,79.08804904305832
2020,6.756238046549514
2021,4.567554389184758
2022,182.24100866361528
2023,98.38367273997348
2024,2.9053038540911977
2025,4.054417687310887
2026,81.23216045803969
2027,5.859453543370805
2028,6.299520815431204
2029,43.26653983065144
2030,302.56204307856194
2031,86.81901341602556
2032,284.2701688137796
2033,234.6443724268692
2034,2.6400872013785266
2035,57.38618225672438
2036,195.40900824707444
2037,5.356405134669226
2038,3.3574092081282294
2039,3.025876296095915
2040,131.14793022701107
2041,237.98779355294056
2042,4.263848682570273
2043,184.74359851129094
2044,2.540662773765225
2045,85.09836092276987
2046,281.859661274343
2047,5.11974537572853
2048,-41.739450385581904
2049,1.6147814599565224
2050,354.32574523762065
2051,3.783164888179787
2052,2.93637039836318
2053,233.5815860704384
2054,4.442538031743375
2055,3.6695363492743334
2056,-41.830936743949124
2057,183.38222959436592
2058,-12.116145237900287
2059,4.98568310693116
2060,31.220403827254184
2061,2.2983053990405615
2062,195.44573620275077
2063,3.6454257752376757
2064,3.5727132732053475
2065,3.6037494534156362
2066,1.9243266056170116
2067,6.189101300293679
2068,3.1444703781221928
2069,1.620142297185609
2070,285.8514152637854
2071,290.85187072486303
2072,4.566572299831812
2073,200.8176494157144
2074,375.7859162569936
2075,247.05370167501457
2076,3.5736293821820535
2077,2.8097886877963
2078,4.417264256271634
2079,4.05719422953159
2080,2.5642615130948947
2081,3.2462215388707842
2082,5.610559725961797
2083,41.01135994798364
2084,2.762127784658025
2085,5.083908487001918
2086,118.60719880238744
2087,96.72626069113501
2088,19.389227579926803
2089,57.95405999708373
2090,250.15482550083783
2091,185.4099526532599
2092,-95.04230185391782
2093,5.3716730677670625
2094,3.7098137307283956
2095,94.3314804920862
2096,55.309425867419385
2097,107.08999389123397
2098,5.773608066825734
2099,-41.66329177104167
2100,13.376570039148277
2101,5.782752951996485
2102,6.624156846435932
2103,80.36678732095734
2104,62.811657443804926
2105,38.13848191570806
2106,308.55871335905965
2107,7.412598966776896
2108,6.950117851020423
2109,5.868225911878062
2110,228.41611113109997
2111,3.638977012668212
2112,34.40318142067742
2113,80.477099835329
2114,2.4805534164234997
2115,37.947837415655954
2116,3.671502521436823
2117,3.504470465541694
2118,3.689701327417663
2119,114.59295398449602
2120,4.204718047956058
2121,189.3507979792763
2122,227.57226671574443
2123,2.961017404129745
2124,1.6397787119657226
2125,4.77042389746464
2126,6.034344744500295
2127,62.09228124355921
2128,197.6730947763529
2129,1.7969102643755241
2130,2.421422531388433
2131,5.364185287485769
2132,6.027864387326141
2133,221.2051987720838
2134,45.35634209759636
2135,227.81300402372736
2136,26.50035333712303
2137,233.5988812113863
2138,3.3165839644869926
2139,58.952071815120135
2140,44.34696288540438
2141,56.69686341714363
2142,5.619219859007182
2143,1.9385731443203438
2144,169.3401719888624
2145,36.806817539410424
2146,4.168981368225641
2147,4.175618536351934
2148,74.40108058287325
2149,-65.03482594511385
2150,4.454066876066074
2151,68.49427724317819
2152,4.927024462901806
2153,3.08791882740202
2154,2.0538116528831845
2155,2.386842059336251
2156,5.889570471887616
2157,114.20117235668384
2158,3.915670309364849
2159,330.0906664530594
2160,228.74443492173106
2161,320.5522958450513
2162,1.862546654992045
2163,297.1868796903577
2164,6.3480240512517945
2165,2.994293576970194
2166,2.334424663262619
2167,30.725044735492666
2168,306.30114552943144
2169,2.2769863552529754
2170,2.346200228667659
2171,147.46958586229638
2172,5.380448172115747
2173,245.26987566949018
2174,260.32661442508595
2175,1.2515947706165471
2176,4.879823473465185
2177,-49.081721064140595
2178,4.431139726193344
2179,69.34157451135732
2180,283.30533150037706
2181,2.234078045373937
2182,182.57011346226977
2183,176.91674383332315
2184,5.880158574746542
2185,1.9006647513747819
2186,2.778264063918917
2187,4.797562274375601
2188,239.7567046688659
2189,250.4094528228797
2190,68.70427727113062
2191,2.636783954412929
2192,3.070775457550778
2193,144.3121287790513
2194,3.247899170019819
2195,4.950132126217264
2196,6.616002712475794
2197,1.9307807927048235
2198,4.2486200524657285
2199,3.364928961594323
2200,1.7572823893797465
2201,4.067833124788395
2202,80.0825911683481
2203,2.608746934863621
2204,1.9770857984371264
2205,102.21917838990245
2206,5.371665968378759
2207,170.5695744063146
2208,4.722616460485033
2209,26.331505396933025
2210,241.66378953656812
2211,1.7284804353540468
2212,4.652717734683854
2213,6.580034074123701
2214,108.03633387941562
2215,39.19710661978645
2216,95.21791404165668
2217,4.821987011102964
2218,43.69035480584023
2219,2.6472142136420116
2220,5.42446679183827
2221,3.7031066549975047
2222,-36.98073759444917
2223,210.30751380847124
2224,-49.65537749238313
2225,169.57628525823498
2226,-31.369531004677686
2227,65.51310550861669
2228,125.53083359748379
2229,208.1797163551805
2230,3.1952030168118024
2231,5.325276367960154
2232,4.565252770748323
2233,260.41887362062573
2234,206.1208607098718
2235,229.43993902982868
2236,3.5522365617797167
2237,3.6522267701514575
2238,254.23614409097297
2239,94.59847048128555
2240,239.96745291189214
2241,2.277423543794908
2242,227.8942132065019
2243,6.254523074480946
2244,93.55387511988494
2245,231.55571409260622
2246,125.68579651748965
2247,248.87480242301086
2248,6.4146961399242475
2249,289.94474544591924
2250,137.99209761863003
2251,5.166297292364245
2252,246.393994365168
2253,6.1988742629762115
2254,181.71797450368953
2255,-88.90823463192432
2256,38.21471110955963
2257,1.7933132140356165
2258,3.0371572404554783
2259,76.68840295832582
2260,6.313934889729639
2261,91.86138695001735
2262,2.2596724395466286
2263,67.69506361154417
2264,-19.803333677968844
2265,54.18967122119646
2266,2.399842427261897
2267,2.876393824463033
2268,5.574948074061848
2269,4.097029707495701
2270,8.461736178806651
2271,178.25990029385673
2272,48.37342174650061
2273,3.5776207590815816
2274,6.176350727325753
2275,6.600702312902201
2276,4.742844543527399
2277,2.7790600626472006
2278,1.3316554164345071
2279,6.0108900810877675
2280,2.817510214316668
2281,195.9040707210383
2282,2.2834878803402616
2283,4.095814537086801
2284,229.73369440335836
2285,3.234041572806591
2286,-19.89388827701959
2287,5.4788260862568325
2288,3.127335609729848
2289,6.391093887978039
2290,-23.29158151480405
2291,53.94015544831727
2292,4.84896560457114
2293,1.975495371517408
2294,9.63600929522017
2295,2.3711967476055
2296,4.7395206476703144
2297,141.64060496648062
2298,-40.5747227527427
2299,35.61092434927686
2300,3.739435828845015
2301,5.555845040397159
2302,-95.09145373613767
2303,169.44898612915188
2304,5.567586658939279
2305,43.39647674599921
2306,274.82912910603625
2307,40.30692869274259
2308,53.733073089163696
2309,5.8150190077555495
2310,174.37311702923134
2311,-50.688779970662395
2312,65.87721079219693
2313,4.201065989217403
2314,4.826152198367167
2315,205.04738908471933
2316,7.234494269976551
2317,3.677947193989877
2318,237.43713465767036
2319,6.435058961368698
2320,119.13325806516056
2321,3.2106905814509616
2322,240.0433319802189
2323,174.77192554863387
2324,2.0069558287272975
2325,30.490195778486402
2326,3.336596142644316
2327,102.27849198306261
2328,3.882777786123911
2329,350.8931883983014
2330,177.26175017779008
2331,1.203069015913847
2332,279.8843925450021
2333,-12.755989974951463
2334,7.760953385293627
2335,5.598395903982176
2336,44.01658458352285
2337,149.44995924695635
2338,194.3663760312188
2339,27.790437988050815
2340,43.271000341109584
2341,121.06311934981979
2342,2.3995727220631586
2343,6.080208544812523
2344,254.97544632170974
2345,5.931874296266661
2346,104.47503274073507
2347,148.98518650876244
2348,1.8501795488123156
2349,271.9790301230106
2350,52.52628784860222
2351,5.068077237661711
2352,4.966235688896978
2353,1.7441002202371805
2354,-29.49893720327902
2355,136.0875769334359
2356,3.8443481206739043
2357,103.79794514853812
2358,6.307501110883406
2359,6.748659947316074
2360,4.527578605398875
2361,5.836616510034568
2362,254.41912197761297
2363,4.467124904523846
2364,216.38976722497347
2365,96.58419143770917
2366,35.730758481349625
2367,40.7807814652636
2368,-59.66864888154359
2369,4.460804888693819
2370,230.61111653791895
2371,34.393230830034625
2372,67.93467016757884
2373,1.9909608452005536
2374,-59.39222796900151
2375,2.089880306039789
2376,139.45122869130324
2377,108.38823249056401
2378,5.6016269567596835
2379,6.527307168750564
2380,35.4328903814635
2381,135.30101517712745
2382,172.34776224689983
2383,51.470634729000714
2384,3.2534583936530415
2385,249.34996464967324
2386,5.85404994930329
2387,11.088185453315548
2388,261.2478011013101
2389,74.11246489986853
2390,1.9815641110355506
2391,116.26029872543961
2392,18.899910634246506
2393,60.48707765068485
2394,139.4012999320829
2395,5.904585320337018
2396,2.5248618421172964
2397,291.91976661223725
2398,283.1955193358251
2399,4.531116904938509
2400,193.63979587234311
2401,71.30338696418491
2402,211.7431189994162
2403,6.351286105959001
2404,1.9682382412008015
2405,5.179818773682108
2406,2.448270292386472
2407,74.9026152548151
2408,249.50170080739963
2409,177.41180527555116
2410,4.184536018434931
2411,6.60531877197136
2412,311.36254150675916
2413,-6.077813625536928
2414,3.869989958393599
2415,66.95142870598612
2416,258.5189861673942
2417,24.833787850522555
2418,3.0849468248713636
2419,4.018425464112589
2420,1.8003355999616848
2421,7.387862392404259
2422,203.64410483503
2423,2.5548029633084703
2424,185.53779950587915
2425,6.166635161090182
2426,-4.543368028661173
2427,166.74888085685302
2428,22.04984995310366
2429,3.550692018285008
2430,5.897164922287879
2431,2.6529318721368487
2432,312.7823405307056
2433,265.43474235463026
2434,4.5354129226262865
2435,58.93814730050764
2436,226.60969991323793
2437,-63.892829154647856
2438,5.785277795360901
2439,7.26704813788213
2440,176.32484480436432
2441,6.352218812284663
2442,5.898553082010408
2443,4.869770135081455
2444,-80.57196554287707
2445,6.582546006518415
2446,5.522922487887781
2447,247.56408404871286
2448,6.737253846325354
2449,6.3378293024447565
2450,20.670053479066652
2451,2.8072451036218196
2452,4.122776017292507
2453,39.45526909996592
2454,291.68539341525724
2455,122.68847933375248
2456,3.1630824716620722
2457,250.2633761304474
2458,5.8478070243358085
2459,2.1188826006032735
2460,5.890500695945361
2461,65.61069355557225
2462,54.88821291040163
2463,6.24505037808653
2464,-68.25941999299273
2465,25.698165329153934
2466,199.26636932505735
2467,151.58205399850164
2468,272.9328691519928
2469,264.8805442912864
2470,5.756899610741052
2471,126.07532161426617
2472,2.7237591166380826
2473,26.151914579467487
2474,189.54585495642078
2475,6.5757663037176135
2476,109.30021864511613
2477,142.5580870250204
2478,186.62687848117503
2479,5.202911659204412
2480,53.09832677745645
2481,58.266045084625574
2482,2.2562699362734655
2483,5.087643150049679
2484,125.66482381539538
2485,127.52234125484664
2486,6.7455630671241185
2487,5.381894436568077
2488,-35.333498203609935
2489,173.25853577387193
2490,5.589484594391475
2491,142.36930094542825
2492,50.3085310589984
2493,69.20024772335402
2494,5.792421677637881
2495,5.494789341214824
2496,95.62198840950748
2497,71.73352408711406
2498,1.8190026222509625
2499,6.740777838761285
2500,1.9057543243811708
2501,79.3299625005134
2502,263.8275386005843
2503,81.43452662454224
2504,349.59689136311533
2505,3.193928114424217
2506,4.778704660292276
2507,271.98025917059624
2508,199.40071684414443
2509,87.67757030787502
2510,6.587862175529099
2511,216.38714326138648
2512,78.32640590233031
2513,149.06207095145234
2514,227.0262075961001
2515,303.5474298110316
2516,2.014863628527774
2517,2.20000983966891
2518,290.3358124727301
2519,4.423078765586647
2520,76.70479926695528
2521,112.45683958784124
2522,1.5144797152916407
2523,5.252558788240663
2524,4.807610408406797
2525,284.6957520305182
2526,3.3351825184772994
2527,3.788883204949134
2528,236.60009916880313
2529,110.47117605896477
2530,238.0415745375553
2531,278.4482793582207
2532,76.15965359048485
2533,1.7948358631910581
2534,6.040596739047886
2535,5.882102088703487
2536,3.809917821016833
2537,6.420105542179549
2538,5.857473984280835
2539,173.19191186340856
2540,2.2654502243711523
2541,-1.062569193832074
2542,10.63669839853007
2543,5.741470859983565
2544,168.55505737842861
2545,2.442555052884968
2546,285.0396200172107
2547,21.597683464465455
2548,17.15582021699147
2549,187.1223213469835
2550,112.83246866868666
2551,-43.135316302820115
2552,1.9784820195863202
2553,283.9951898743498
2554,2.305665812348793
2555,62.2687673487253
2556,131.58297143524842
2557,4.620398856994065
2558,28.909658109291435
2559,6.435839232182017
2560,220.90818640820214
2561,2.382668295669861
2562,216.74761298848767
2563,240.1551338326258
2564,266.8325980707635
2565,4.795696779935561
2566,4.6442940642048
2567,269.0440792404062
2568,30.56097983731797
2569,70.84336436352399
2570,3.7046639883956822
2571,88.06535736743119
2572,-58.45788749813255
2573,183.92605451434326
2574,3.0830088982250796
2575,4.8144035643561
2576,3.480815999244114
2577,6.335436208109246
2578,25.64218597341859
2579,5.927433761426622
2580,5.149549657765064
2581,3.0453378428953215
2582,-38.75508499145336
2583,2.0889138916121293
2584,6.866926631458686
2585,46.38269401982085
2586,4.897772563291646
2587,205.81063180686473
2588,229.32584246254012
2589,4.839985824986377
2590,37.87182169156463
2591,1.7984259333860235
2592,113.40222513965668
2593,57.55728538179805
2594,86.9310071010877
2595,52.27784019897219
2596,51.03813196275726
2597,5.644630347977442
2598,6.39490889154871
2599,8.976249290421588
2600,4.032379691341497
2601,214.12592089499086
2602,6.152250721854017
2603,356.196618718889
2604,145.35878294658554
2605,44.149488160322804
2606,3.7873209484970034
2607,35.74845288651023
2608,189.61907668565732
2609,33.90239678054829
2610,2.682788257864219
2611,-17.25192578268593
2612,3.594422204760737
2613,4.358386944707805
2614,2.9821684553122108
2615,115.43792023943573
2616,143.2676069293836
2617,269.45006019183654
2618,202.02622939321515
2619,4.569844220443091
2620,2.4098426186708206
2621,4.439363883716201
2622,2.6026505008823646
2623,1.6137369164143696
2624,6.719696587046254
2625,113.33969406297601
2626,285.972475295046
2627,53.761238442313235
2628,132.2769101838895
2629,55.670579236562325
2630,118.658914459545
2631,34.667618487494906
2632,6.0541923295355256
2633,308.4793081285634
2634,59.45914640298669
2635,148.3399425849595
2636,-39.68928186095635
2637,3.5290115829914255
2638,-65.19682268788075
2639,-50.05080569063473
2640,190.45871473255272
2641,3.780805889150522
2642,5.63462420560918
2643,164.58386501296062
2644,165.18790727513388
2645,204.5605619868906
2646,2.4122087650830135
2647,3.591925155118053
2648,4.62229402073088
2649,6.376063327480427
2650,258.666265199543
2651,214.2650493364209
2652,48.7373792411512
2653,3.4956520891007443
2654,27.397748495576447
2655,228.3407636373098
2656,238.7947341197027
2657,2.9651632509924597
2658,1.101469237686473
2659,288.4708212345787
2660,1.8377513527478058
2661,275.73181317160834
2662,90.03143893927988
2663,-13.490826820855979
2664,71.36999124976468
2665,280.35119885378765
2666,231.98265662051716
2667,-47.769842689897644
2668,36.65170881609507
2669,6.764822069488622
2670,109.81315188179349
2671,196.8798357545257
2672,118.11405186972702
2673,242.43623766672266
2674,234.76428028358532
2675,1.8548855028757443
2676,-53.34800312224743
2677,367.3532529696691
2678,10.833932001012599
2679,5.653891106708674
2680,87.02886018425912
2681,5.227899870133173
2682,2.6649591504321757
2683,2.4174615326279536
2684,2.348633254461328
2685,6.490906554687972
2686,18.230173056742743
2687,52.64599907356131
2688,23.612731881368468
2689,43.40184733385429
2690,146.24674442585683
2691,81.48809388300839
2692,52.26653559348549
2693,142.83016976549735
2694,94.78393288384339
2695,6.624002188451155
2696,135.737362635294
2697,3.705515917628268
2698,2.389894412267952
2699,4.035701946079807
2700,190.24247767150928
2701,61.25494449182513
2702,3.954053634073382
2703,3.9995203305903466
2704,155.96069481896606
2705,3.037484094209094
2706,5.1687685730697845
2707,188.41975707540917
2708,3.1345094615942997
2709,61.456605392502006
2710,6.2569494485288715
2711,186.6040101835982
2712,1.8539757309063565
2713,95.12877645081593
2714,-45.02327185955702
2715,4.6864774818997095
2716,2.689001206953094
2717,282.29841718582355
2718,2.492761248106447
2719,3.151923730780841
2720,6.693880489696711
2721,6.276716183371699
2722,4.2945106591445175
2723,215.53280838652552
2724,6.652547822007739
2725,33.94381355226777
2726,13.347596947764487
2727,314.12859455855994
2728,42.63068592282109
2729,181.30296019520554
2730,163.63983285208127
2731,151.49606696935314
2732,6.178601096184265
2733,222.87093611473642
2734,111.52194756853781
2735,86.4199174799475
2736,85.71650709796057
2737,172.37390891647883
2738,139.29399080999983
2739,115.79808017778998
2740,5.574056466720174
2741,51.27229484330741
2742,1.2504388957306976
2743,28.539710115578135
2744,-35.193355918830186
2745,4.766741497875637
2746,206.18370658156635
2747,181.61489474372485
2748,2.702973114908858
2749,5.432158755088493
2750,223.02573797117225
2751,262.6398043895571
2752,3.012769400602009
2753,96.67941255115629
2754,0.2864938698377947
2755,33.44168460380063
2756,269.37079305622734
2757,5.840068757860454
2758,287.57712062100995
2759,43.01982139495699
2760,186.1132222345583
2761,6.525414307630732
2762,4.025186037543984
2763,115.59572307791366
2764,4.742859026316605
2765,125.74739234736444
2766,1.940780853963647
2767,271.9251666897051
2768,4.8101414562025635
2769,3.27344118467834
2770,199.93647212410113
2771,150.5527636149164
2772,7.018747232481786
2773,3.114883303654871
2774,4.730098309809646
2775,6.0357362663523
2776,4.084145313978167
2777,263.19802979675393
2778,29.303767941480285
2779,2.126610093186812
2780,2.6491162550756884
2781,238.69477606266796
2782,223.63838771690735
2783,6.384290321056331
2784,-28.532159354803085
2785,5.73374038702662
2786,3.790598840834723
2787,43.411744565547934
2788,8.379223220063116
2789,167.05223337374565
2790,214.4941680189619
2791,93.66721909449707
2792,180.05581449954707
2793,170.08194847847375
2794,190.91435443779693
2795,53.67353178506637
2796,252.1056796025899
2797,109.61924225840175
2798,34.5134117968009
2799,30.38304028865603
2800,5.239195127107008
2801,4.171577881222319
2802,3.2533244214153076
2803,14.459198294995865
2804,3.726064280223681
2805,49.69601521310298
2806,7.012746817719106
2807,29.97695859268766
2808,100.79956067479642
2809,6.125023025397624
2810,5.200177232810771
2811,163.46787616235775
2812,5.972543551045687
2813,22.634097726400807
2814,6.004927529511571
2815,252.91302775475702
2816,68.86760086714659
2817,269.01778306397284
2818,122.70097668815069
2819,48.10842988557299
2820,158.20259578713075
2821,46.667247308783914
2822,6.053419196249158
2823,56.66698196236231
2824,244.04944908842322
2825,173.87415942561978
2826,-54.94767749437321
2827,6.5020476446938495
2828,5.535159013768187
2829,4.745063016915029
2830,6.460513842463239
2831,5.887434864816905
2832,5.821412145212237
2833,125.35659708561171
2834,3.8784124663555617
2835,3.350253621805166
2836,3.5568066575690858
2837,3.428078370576303
2838,5.752987879029452
2839,1.9837911681725657
2840,56.680822349664496
2841,49.306344746867985
2842,285.4708156285855
2843,5.959921930091918
2844,175.36594448520702
2845,280.81042033246143
2846,3.485500164823138
2847,91.3614375242841
2848,1.4510381425225074
2849,-54.004666151321146
2850,6.658364905078841
2851,6.746441837865175
2852,-44.33253180655162
2853,135.5408568231338
2854,2.298536284500664
2855,68.39745439729705
2856,5.9035314384132755
2857,55.926108760147265
2858,223.26696752620398
2859,1.4767705923817744
2860,143.17165504067407
2861,284.6798170780237
2862,280.3785229476813
2863,2.978288458036423
2864,277.0632591317266
2865,233.91384552144737
2866,2.213369953109203
2867,2.4719534402184427
2868,78.52393363500931
2869,58.65533534078081
2870,188.12655907524967
2871,6.200928651241391
2872,250.99351769844438
2873,4.613777609761498
2874,17.114227261330996
2875,4.446347145582695
2876,-32.117999623357036
2877,269.3823059856421
2878,-67.69573122983724
2879,4.988653539009556
2880,233.30746673018348
2881,5.632000312566244
2882,6.215899025806308
2883,4.2647255929000565
2884,6.674163935318413
2885,187.32540126449248
2886,252.0924299468815
2887,5.88515734210847
2888,1.9382789084895757
2889,6.078286802694388
2890,2.3226559446691915
2891,-49.46470337048261
2892,173.9153948968122
2893,48.74082952727299
2894,54.438105636751104
2895,4.560587757430897
2896,2.5889391981318566
2897,5.389658956308309
2898,114.55855952752414
2899,31.461096207423886
2900,3.203682700686601
2901,31.686801162952193
2902,238.1329130097605
2903,278.87586096552366
2904,4.178523774374598
2905,4.283507994643958
2906,27.91203764976643
2907,4.1414682947291785
2908,1.6400964070495647
2909,2.085492290223423
2910,114.99764732389238
2911,3.845126216542122
2912,2.226709787239341
2913,6.422180729320661
2914,4.970522415722891
2915,8.154455789985553
2916,252.59327057850112
2917,176.39178985222588
2918,3.880774465573933
2919,364.36219522975875
2920,191.88002402180376
2921,5.318334253826409
2922,3.7059170980847407
2923,233.46005737354557
2924,5.3175665882926015
2925,4.975351311733432
2926,5.771195098314814
2927,50.379141431804705
2928,6.518005101141803
2929,176.13748886369177
2930,277.8442133998707
2931,2.3573116967993637
2932,5.433977129521899
2933,77.56865954499557
2934,106.86691489963908
2935,-2.8689381254293105
2936,-62.87125318540281
2937,6.212264133950242
2938,-2.6359527229015924
2939,3.0748991634218314
2940,186.1892321694241
2941,65.88711920980839
2942,120.72112194640611
2943,6.224901394324013
2944,6.5526065455243145
2945,5.690407442855442
2946,6.449983264527443
2947,-52.572325101266124
2948,2.516039810288489
2949,6.704112661302762
2950,2.8521917138180948
2951,149.7071084791615
2952,132.41046843140518
2953,6.721014177728553
2954,1.6575796626852484
2955,17.80187678153672
2956,6.593782006742996
2957,121.31865232571
2958,5.2332186011932995
2959,178.84529141973502
2960,6.425259203232132
2961,159.52156542800367
2962,3.8894942613208627
2963,4.264076889456804
2964,243.81504833106817
2965,184.89498668735945
2966,4.398359161592383
2967,3.6623571958974255
2968,163.93283718247778
2969,-73.6795210747068
2970,1.8658122916681004
2971,208.89938054974007
2972,6.627730418507632
2973,215.16040431022137
2974,251.9551835797874
2975,3.896222389881174
2976,37.800173674507775
2977,39.37574263250268
2978,4.268109837822462
2979,4.67267417675436
2980,312.979482030289
2981,304.32028336265546
2982,144.3797113422192
2983,118.76884741523105
2984,276.9156575174287
2985,126.94203868830718
2986,304.8446733269612
2987,229.45904860697217
2988,147.4581188753434
2989,68.81095963621593
2990,52.87858381378149
2991,7.362631190296082
2992,3.0485268012628914
2993,5.354371148540662
2994,53.401357724288296
2995,3.5822632190818737
2996,4.312863444911331
2997,3.3623267024267793
2998,101.00441691844594
2999,137.37728519708844
3000,73.62042220742799
3001,3.1710001157392593
3002,302.47805598223454
3003,4.574383652047317
3004,279.8939700777081
3005,111.494706279839
3006,109.7156516197611
3007,6.385006398818192
3008,3.0075865204746037
3009,34.10371674091502
3010,4.17608324519253
3011,89.57771931897919
3012,5.3374874589412595
3013,193.34516834984464
3014,6.544727495523949
3015,3.16286444704891
3016,5.865788785417828
3017,6.097881875982349
3018,4.288154980614912
3019,223.80533659830562
3020,3.5578737541502754
3021,230.95019155018963
3022,274.89294220048953
3023,2.6933548389749573
3024,92.88580182316988
3025,243.3014169388153
3026,156.3459816122476
3027,6.09254707574944
3028,5.44915544363203
3029,-22.313273980231706
3030,-45.85891686210931
3031,6.172740688800033
3032,6.4373439554753435
3033,4.986545483281186
3034,120.5171169325898
3035,145.45878553447852
3036,222.35942758710956
3037,5.480369116462316
3038,2.189050225219618
3039,-29.382530689351253
3040,212.66193610901175
3041,4.772774035034124
3042,4.368001551121253
3043,5.871168803157949
3044,226.0844771267084
3045,170.52863507381863
3046,4.444978893687674
3047,4.166834297679692
3048,36.956071039943325
3049,5.910849885427966
3050,270.31914063840526
3051,89.45790860560145
3052,6.610530715667112
3053,3.911563231717797
3054,131.37090943666976
3055,187.456568730469
3056,60.02645804677526
3057,3.115884173382347
3058,94.34878073262314
3059,1.8639850634309827
3060,250.4825491636053
3061,5.03333973842169
3062,216.95083566508606
3063,135.20389286920204
3064,244.11752622234843
3065,245.47575886090146
3066,139.75236175654038
3067,26.336809326063616
3068,6.054653779196098
3069,5.98791084014578
3070,3.7676483105924765
3071,6.236659025302565
3072,203.02176411225545
3073,127.42992459925871
3074,6.294292490896766
3075,5.87685532558881
3076,169.9554517688798
3077,38.81789885280766
3078,57.89941188809133
3079,5.457196193850932
3080,3.2364615547332285
3081,43.11617432826691
3082,84.05399307305873
3083,143.63696539774804
3084,1.281410542758421
3085,5.678911141754366
3086,185.55387512039576
3087,3.139938345234246
3088,100.79672333192414
3089,3.580211613803342
3090,299.51087216974975
3091,164.0061727599176
3092,96.92566451366065
3093,4.049212446955631
3094,194.44663741904316
3095,262.9261819861339
3096,125.55728361194446
3097,4.62238227273511
3098,6.207494028541144
3099,22.521027533125974
3100,81.85278304080165
3101,3.6364203867369516
3102,2.3714661849190746
3103,3.259428850723923
3104,41.773140792258445
3105,3.290879838072753
3106,45.80818738987229
3107,1.5091998286782076
3108,2.479486643515875
3109,6.155336333848599
3110,262.2103297223642
3111,2.2202036425110703
3112,210.39183338895108
3113,5.446533176803907
3114,23.18306455071201
3115,272.4861883589473
3116,119.17733893243691
3117,-21.439696194213717
3118,257.1115106566336
3119,4.785138460515611
3120,40.4074559051011
3121,30.546418143820734
3122,127.36491676680134
3123,3.9608850872782804
3124,2.5817056043102173
3125,3.7666629912087517
3126,225.23182987519036
3127,264.8111006644715
3128,40.409154969319445
3129,369.2714958415218
3130,2.14347095532818
3131,107.35511983519592
3132,183.54503799914318
3133,126.54479002971601
3134,232.3790818964448
3135,1.6970977507560494
3136,309.8467546803296
3137,2.8766979107268327
3138,174.60097410236637
3139,5.923379129158519
3140,2.4282802228478078
3141,19.229912116132862
3142,3.0235377718923697
3143,111.56628340694736
3144,259.4904658742134
3145,5.334517157365531
3146,289.4766580932047
3147,80.33698872919562
3148,87.31658059359252
3149,-6.930373675718981
3150,1.685535458028123
3151,247.88113939565744
3152,7.178141019461416
3153,236.13094785108566
3154,197.9603803982016
3155,60.51832269949411
3156,57.39266542206215
3157,4.8657160793787435
3158,277.0420187000719
3159,104.97390181627455
3160,270.88348415038183
3161,-35.99736999999864
3162,2.864021465372819
3163,189.3272613503957
3164,3.1058095694520658
3165,-7.697230344371162
3166,35.72155211530638
3167,6.567207115076265
3168,5.432097426182746
3169,3.6161574867140995
3170,202.6655974630232
3171,2.8948443424159573
3172,229.86771511576478
3173,282.4674261486348
3174,61.53752050756526
3175,-57.89754009336674
3176,3.4956067157487123
3177,3.3333736364656072
3178,196.37060810917768
3179,6.254584652933856
3180,319.10495888618277
3181,189.09987464493983
3182,284.02102416398645
3183,5.874562309842606
3184,47.92595507734271
3185,6.926819151221215
3186,149.86711310548068
3187,280.7626709383642
3188,-62.86786381705714
3189,238.98063398185536
3190,4.433801407636069
3191,248.11076711012544
3192,62.443534895091005
3193,6.3906736584452855
3194,4.495163672977803
3195,5.95557118298655
3196,136.10607121886298
3197,5.487746354138759
3198,140.4439525228932
3199,180.45403636119107
3200,1.969001808570034
3201,313.6080660045539
3202,4.445435635692501
3203,4.9358137442846
3204,3.858265863379005
3205,6.586974377193738
3206,274.1381054119912
3207,5.880158574746542
3208,189.86703050025798
3209,-4.541079027719562
3210,7.768686602791874
3211,194.3056793541719
3212,219.98119621745622
3213,2.6487427226252622
3214,262.91893931943093
3215,3.2324197057333866
3216,6.062716252176759
3217,123.39624475468324
3218,277.7384672431093
3219,75.07998060131104
3220,76.26279221944057
3221,81.02942564098876
3222,248.1298703809871
3223,349.1651138473828
3224,-72.60052064646737
3225,145.50337833715406
3226,5.96543918194803
3227,5.8765314395396135
3228,9.490716086389313
3229,293.24939692021474
3230,232.42835426854123
3231,6.44657985954904
3232,4.837868761753613
3233,5.713869943048085
3234,4.14539443479685
3235,132.57445207407395
3236,132.5597936650109
3237,4.618881179714
3238,308.6865277380268
3239,6.540673507640367
3240,78.93553398412978
3241,12.25869305163981
3242,2.5446344206044507
3243,33.91957316849206
3244,211.18194905185473
3245,5.4173293780838065
3246,252.68461942963285
3247,6.168363382208646
3248,37.09711535959195
3249,-27.222710202236748
3250,227.6224671301448
3251,231.56553283662566
3252,121.38246821366812
3253,54.606513783926566
3254,152.45639364781016
3255,6.417006887669448
3256,6.2949946951449895
3257,10.471414355820492
3258,2.610929931950486
3259,59.899368216477534
3260,5.88670428421641
3261,111.44304118451939
3262,314.04888646865817
3263,2.126764834452445
3264,3.601275809735059
3265,152.7531447753523
3266,3.6610438616626055
3267,6.664862838758793
3268,3.1067327396814752
3269,3.5439202992431764
3270,50.71504795200402
3271,223.2955374131163
3272,2.346496252661864
3273,185.59810907802503
3274,213.4434526208937
3275,127.64075899148233
3276,72.16559210018636
3277,5.9350895519388835
3278,6.468967726479214
3279,3.321803081422689
3280,171.56825753757266
3281,273.5752117165386
3282,2.7557914455915675
3283,388.292723386896
3284,354.3194859437176
3285,80.54819356086706
3286,3.1234307408582698
3287,-17.73669433789736
3288,107.95024619156587
3289,1.811090287277048
3290,54.78907465549811
3291,257.5428779987205
3292,2.921539779468342
3293,49.886931669670304
3294,218.35340923078317
3295,127.0923365319068
3296,39.946224985835514
3297,201.15732585721662
3298,2.3228194527098167
3299,244.6358724561031
3300,3.5199697343171623
3301,197.2895785020562
3302,217.58484331979983
3303,-8.585948248774805
3304,250.95928927330414
3305,5.314097829487244
3306,4.2929213287375
3307,194.47512562305297
3308,3.14038579942837
3309,6.299374765064065
3310,-44.23312888240391
3311,2.421662441442094
3312,3.4751151131087665
3313,2.476919594284751
3314,6.022880128528329
3315,4.634823255465785
3316,312.41710078788174
3317,301.696318254575
3318,45.225997840837806
3319,1.933609119769964
3320,2.134664169500208
3321,5.046288701122695
3322,132.5181529233879
3323,4.6557257341879
3324,3.8610817157628508
3325,339.14896391459257
3326,83.2357429311777
3327,-58.86521479834394
3328,6.419803737610484
3329,1.841337156317515
3330,181.7842489844731
3331,111.59003072050567
3332,3.553675011075462
3333,229.8423277095087
3334,106.91394735322032
3335,3.3771754601205295
3336,4.760691349473365
3337,2.561242412449925
3338,1.7455772178870534
3339,-11.663148401705051
3340,29.586212382730416
3341,57.583636219118794
3342,203.36366635060847
3343,145.3343163705483
3344,3.3539969923343875
3345,248.61439406757825
3346,295.23677423303616
3347,179.97828339528465
3348,69.10586545446631
3349,5.642433063989596
3350,3.708542732398444
3351,2.8034187254271226
3352,1.819258261331793
3353,147.93114830739862
3354,77.35966367774441
3355,3.0187019168206515
3356,310.5828015558426
3357,3.6483526826235235
3358,240.8211977107727
3359,68.55775757257777
3360,149.73126382306455
3361,3.0541095277888415
3362,2.7733797034467065
3363,3.136026554573817
3364,20.460372527926097
3365,102.38337123599007
3366,6.301863165927765
3367,4.286996854827428
3368,57.922731897100434
3369,4.860779867681538
3370,67.39193645926306
3371,-8.081280869701374
3372,212.77767435847
3373,50.50762214105646
3374,320.446337106653
3375,2.380858948362532
3376,2.1759404771655477
3377,114.50665669340705
3378,5.214862061235083
3379,19.71363348496362
3380,329.5357010276371
3381,6.680787484621603
3382,84.70253118003183
3383,6.273061029379317
3384,20.161799049029383
3385,3.5629020337950186
3386,50.93263939213815
3387,2.1386290930309952
3388,181.9204607571964
3389,208.31421515925848
3390,2.2318263480643505
3391,5.796439733313727
3392,5.050425332164843
3393,184.6504935317042
3394,135.1220908314018
3395,5.151416013770772
3396,5.573538947867863
3397,144.25371845143667
3398,2.1880775580785787
3399,197.5852430804651
3400,160.2607159698012
3401,5.019440650253127
3402,1.0704021824263579
3403,85.68201506099888
3404,101.05317688684013
3405,171.7189394586122
3406,149.0296942649524
3407,4.477540655390655
3408,65.5546673585263
3409,103.81445295106096
3410,5.991854018291651
3411,5.343033741631442
3412,41.77556314900787
3413,2.1999408113028083
3414,6.734009558109051
3415,86.55747077275767
3416,88.63687122468224
3417,201.77144955733016
3418,173.8556263757519
3419,-31.374779747002485
3420,41.37870666762189
3421,-68.0008705089708
3422,165.29814847810943
3423,1.9719864336023032
3424,3.5716885633007585
3425,7.575078349229995
3426,3.687419064719748
3427,57.784540065021574
3428,2.7027170253144206
3429,324.02568974906984
3430,306.5196418495635
3431,99.58931451873838
3432,5.906922833318363
3433,79.70689076385338
3434,1.9095909739823558
3435,310.2728821582585
3436,214.6988880035153
3437,3.392796258804247
3438,30.661310830866338
3439,262.3700855245181
3440,6.601579978408456
3441,4.900021464638585
3442,236.2453716063394
3443,5.036550180733811
3444,210.78090336340438
3445,3.846328316951062
3446,5.696051910708004
3447,244.14623209873457
3448,5.3046260600665756
3449,5.722829844770686
3450,106.29547631475296
3451,201.4352911465753
3452,2.2517451860428457
3453,2.9367270818391455
3454,20.623747285424322
3455,4.0178383876576715
3456,5.374381619237363
3457,3.880591376586129
3458,6.194468874268282
3459,166.7766964604537
3460,-46.04724834594472
3461,3.6110611584458607
3462,38.691131584086065
3463,218.95013975246343
3464,4.506830071884087
3465,2.542475753701905
3466,5.817705215835728
3467,110.30058773692593
3468,29.827121585610882
3469,309.6764368892351
3470,141.29506500070528
3471,23.732521862213467
3472,278.4872524886475
3473,6.47062989940738
3474,3.4980018875869674
3475,4.821575740410247
3476,36.16692616909983
3477,3.73184833884387
3478,6.650424948193384
3479,2.633381376683446
3480,88.97970147095103
3481,132.73691669569828
3482,83.6041126426579
3483,57.768112618949296
3484,187.42917909813116
3485,2.3881963888980025
3486,229.06833281740558
3487,5.847192120315819
3488,4.483037571918513
3489,3.332322823475888
3490,6.495589075875213
3491,3.2575962894157953
3492,2.4335631790441568
3493,303.87936663800025
3494,154.92462249726964
3495,6.33683695078474
3496,24.82861886100138
3497,4.493542874644303
3498,6.671988556619128
3499,-26.735298167040874
3500,78.49501761824074
3501,281.994107821727
3502,6.079557769581362
3503,3.640286908445669
3504,81.62867456754367
3505,128.54142376629363
3506,92.97916686483542
3507,6.275636655115219
3508,3.2813661613626954
3509,3.0185299912416417
3510,287.0976730798377
3511,1.9998601694519413
3512,70.02554784877861
3513,85.39778511886422
3514,3.404224974707028
3515,48.50446327928737
3516,3.5483962748928306
3517,194.07560371103983
3518,4.354914750844679
3519,229.78522875924205
3520,290.7178000353751
3521,1.899740906533572
3522,20.341838361076356
3523,4.026318611212734
3524,6.664171128447807
3525,5.258647125579799
3526,42.646076666267426
3527,1.6782544740729926
3528,290.01922028088654
3529,211.1507008537925
3530,2.3935082967485988
3531,75.95750966587454
3532,269.768358397299
3533,40.92664890580797
3534,8.052023074914686
3535,92.87475364971539
3536,3.5843781285650627
3537,64.29383569208629
3538,7.090875153129449
3539,-10.278855437625435
3540,163.2988832709014
3541,-61.3159549222214
3542,2.5997841220757936
3543,196.2960855706787
3544,36.04708321139419
3545,2.5191084712037872
3546,5.26531457310251
3547,176.96337230487154
3548,5.664917757572373
3549,1.7517439559948949
3550,4.570913693291129
3551,3.9396583728613814
3552,5.686807692528508
3553,6.008586660339365
3554,195.2330998554243
3555,3.6973581391969708
3556,2.0066897571137057
3557,127.51661369068599
3558,5.0600501488234135
3559,93.48008955942655
3560,61.84552865544857
3561,6.205164875075663
3562,26.910094470105
3563,-46.36990979374863
3564,5.879946905755975
3565,4.680965734289368
3566,179.22581937834678
3567,1.9918528636422246
3568,214.05003701785222
3569,165.71848849767454
3570,33.65768567224115
3571,206.63211112247632
3572,1.8672282916251464
3573,6.147011014120898
3574,5.666597005270662
3575,2.095718350143814
3576,5.157966950976606
3577,6.225901385269106
3578,91.66301144236147
3579,2.1046876746469234
3580,65.63837412306712
3581,250.8646265081666
3582,83.99860097416678
3583,54.12898737740733
3584,6.67701120606071
3585,36.41738453873068
3586,5.76589626663521
3587,36.66368948756816
3588,3.174851516857301
3589,225.21081108768374
3590,3.111533484635538
3591,3.5801362251210853
3592,174.2827971001891
3593,4.127567544101364
3594,26.66588015824688
3595,6.670713587043691
3596,29.487866113534754
3597,320.919356960491
3598,71.56681886521022
3599,95.42178895485988
3600,2.7123271024708573
3601,303.5000932498193
3602,27.07413352286099
3603,5.023451262912895
3604,2.9445664229648285
3605,180.94336239885678
3606,2.1295029158832457
3607,3.9914175875815907
3608,273.6762158194069
3609,207.6003499997638
3610,52.589634645426344
3611,5.406069607676652
3612,256.8773903494947
3613,6.369076267787198
3614,4.769145703392036
3615,6.43017631892642
3616,52.876953324973854
3617,4.931953965787444
3618,2.4901961520768756
3619,-48.81433634139577
3620,4.833611462388399
3621,68.30668687890588
3622,5.451680608752376
3623,265.60288948852667
3624,2.970297328199012
3625,105.52079506320652
3626,31.383361662580818
3627,33.3209787968362
3628,6.46428344150323
3629,47.94760195368799
3630,248.83703126410896
3631,288.0660993322433
3632,250.64023156413808
3633,263.4184480572199
3634,114.77245545530761
3635,126.16263918299774
3636,4.472029095546228
3637,46.7345647986525
3638,61.45535344440654
3639,5.043969713912106
3640,349.0899922791192
3641,229.756231475151
3642,154.42190748396283
3643,185.34878656094628
3644,6.600671528950274
3645,124.17853319436301
3646,2.4912963998577995
3647,5.880171548552735
3648,236.22933434196463
3649,21.622516960886312
3650,3.213696255306587
3651,193.0571494937215
3652,50.063171719161915
3653,-7.769396360511072
3654,70.78988837619264
3655,2.087666860587875
3656,143.77590613783795
3657,5.8069756439798415
3658,7.812595514626128
3659,4.544912045201362
3660,5.814368453450964
3661,46.84570175811413
3662,2.124489089762906
3663,5.779777407250187
3664,120.05135997413936
3665,4.907196918482458
3666,278.01178491512405
3667,251.93269845910095
3668,270.7961726015372
3669,227.37777525388378
3670,6.945835472809261
3671,6.833706868497135
3672,239.31665331261294
3673,5.287308354614689
3674,289.7048624689971
3675,145.50706835654972
3676,38.984466165516864
3677,42.37521517191713
3678,-3.976095110336761
3679,4.496683453984804
3680,3.193154500828361
3681,143.83354164647693
3682,87.69504023021744
3683,161.1506336056595
3684,29.33996053516227
3685,150.77148321632757
3686,261.66783896558917
3687,121.18639324567528
3688,273.1947452432887
3689,2.393294676504014
3690,197.26028976631574
3691,204.40106551866626
3692,286.99777928263734
3693,269.02668009380966
3694,1.5318125645618623
3695,245.05169829146064
3696,206.81135422844213
3697,0.7745909683363117
3698,-24.633285271503325
3699,4.234311552747293
3700,5.5139201678101895
3701,354.7727785140588
3702,3.9036396106186286
3703,3.8073323223110846
3704,6.091930930004083
3705,1.4861937269701113
3706,44.38730920269563
3707,23.26693399160132
3708,118.94517314578763
3709,3.143887686934526
3710,6.590606303670349
3711,350.42059160381245
3712,96.83225816777659
3713,5.665262677719371
3714,335.99213727210974
3715,2.537644984439024
3716,2.009496419221801
3717,147.53133285534895
3718,72.50791410429613
3719,165.98452110285393
3720,158.415204396655
3721,2.266185411927978
3722,3.8726398607043926
3723,3.37591091054263
3724,1.8602002495458707
3725,67.66592835786173
3726,1.7416744693218051
3727,221.63374198675785
3728,61.13966832291473
3729,-51.53252616322321
3730,142.15437062773765
3731,77.17243289365385
3732,3.4082708005741993
3733,-36.5677581579076
3734,3.1112699109680104
3735,2.3329118672364126
3736,24.672785675046754
3737,6.275808512185803
3738,190.29860868607835
3739,-47.1825170218094
3740,233.173501928445
3741,15.39065604529284
3742,263.8447133330029
3743,2.4404129791975295
3744,76.47672757508539
3745,-30.556159817240967
3746,5.215972578227556
3747,4.9961554713761
3748,182.16956143386827
3749,70.24814738907813
3750,1.5720078080520747
3751,231.65967159120717
3752,82.59834031988416
3753,4.825703943174449
3754,3.820384859668789
3755,-11.909283120254605
3756,5.606094232983644
3757,25.54870131634323
3758,5.9844934095973255
3759,48.692338634092984
3760,1.9406390356679057
3761,6.377618807296052
3762,6.287246886959853
3763,121.61654354711186
3764,170.8955760477554
3765,363.22922107775526
3766,6.550955113723415
3767,289.51748214302535
3768,69.67440984077703
3769,1.6660274524527152
3770,184.09672264482134
3771,3.6468878330486527
3772,201.30062081489152
3773,237.65384641064335
3774,2.576772547162574
3775,3.878561173049376
3776,257.3967444020457
3777,5.9642704204587265
3778,221.62531373231764
3779,293.58899390159786
3780,5.91875069065625
3781,6.550004164692403
3782,2.102143763067124
3783,1.9523057835895616
3784,5.490728004478171
3785,29.261859860802595
3786,90.89765501197773
3787,6.050168715500626
3788,6.711326749389816
3789,279.5125074300273
3790,6.875366221761322
3791,6.32538604109667
3792,3.757089257896638
3793,9.745967564381637
3794,-31.16479914966385
3795,204.43662224147752
3796,193.87654332819002
3797,4.836774065527475
3798,172.5470360882664
3799,-63.41664232283851
3800,242.29678706054483
3801,121.79444371052944
3802,132.78720802617374
3803,46.7148434198151
3804,64.8914712282993
3805,4.6462320041380885
3806,3.0286890908897566
3807,141.85462002255363
3808,3.7460911844781464
3809,-35.71240591402142
3810,2.7321595377967482
3811,4.555715158664672
3812,266.76184927274886
3813,3.6808277508143323
3814,284.77770228732487
3815,7.407450254920308
3816,3.7871965481439887
3817,53.68233244515822
3818,6.32025936716501
3819,2.3507839136704
3820,118.77478845665092
3821,7.6402579205238546
3822,5.5145281854251875
3823,263.078310677954
3824,5.217823819385055
3825,254.1078472223897
3826,5.993413769960144
3827,305.7283205437358
3828,307.5022764867103
3829,6.552236866130509
3830,244.40689738863534
3831,64.13411838730092
3832,1.7868408651229322
3833,61.19344699997017
3834,44.06478072090759
3835,2.6921448779946084
3836,5.170165540694511
3837,6.745611530745834
3838,5.911241318761141
3839,232.25012299907547
3840,5.57428447971847
3841,126.861699752599
3842,3.607144354674048
3843,262.05464107831557
3844,5.359087845748782
3845,5.9237438968406995
3846,6.478331737560104
3847,70.41217162244396
3848,98.05639332213781
3849,192.70519192844648
3850,25.857789309850485
3851,123.86907983528698
3852,260.1589786590529
3853,5.533274894099529
3854,252.57499626364074
3855,1.9544901852469585
3856,62.24149442229019
3857,3.8619177926722745
3858,3.021500821906922
3859,250.32685199315506
3860,6.52775514242583
3861,-61.05285971137789
3862,-10.197515283181655
3863,4.2942340502606555
3864,2.6320696686824165
3865,291.6867398053864
3866,4.336413494278583
3867,195.57568456136698
3868,4.860742711732312
3869,3.0798327776885785
3870,167.61953325030169
3871,34.53761065512216
3872,3.6769035490993645
3873,32.264579625951136
3874,343.0187269463154
3875,272.39005986098726
3876,106.28105447655673
3877,-61.510009661923
3878,184.3497579667258
3879,240.35324821123135
3880,6.642038504186983
3881,3.9662076989401274
3882,2.7369291282253947
3883,207.6945735928256
3884,144.77050291693132
3885,6.421600078590387
3886,5.461053297999342
3887,6.327099909648995
3888,2.6357074831100253
3889,175.39777289096907
3890,1.8736507116026901
3891,3.225578456237997
3892,189.59384456746992
3893,3.3692023228501395
3894,295.6722991836815
3895,-28.683701817319296
3896,17.40921072563433
3897,249.32313831829327
3898,187.38108025806707
3899,1.7429185816256219
3900,91.28015227687584
3901,95.17231118701997
3902,2.8133164812564058
3903,41.01000080643448
3904,48.07377172373752
3905,3.720460153886044
3906,7.781509052284991
3907,199.88150271437456
3908,137.73928497324198
3909,3.3365986529021607
3910,3.944534253474563
3911,247.25980211695543
3912,4.150036324348159
3913,38.780511662154694
3914,276.98884908586933
3915,7.414692852749304
3916,5.837520114952529
3917,3.808375434881081
3918,-49.44562791023576
3919,4.8723923329285626
3920,31.651359364358033
3921,56.73561791862941
3922,6.892057683039514
3923,3.7487653794090763
3924,358.24709626883816
3925,60.59455995915771
3926,1.8607798505180504
3927,250.27669619824016
3928,3.385918150967975
3929,5.334953419829053
3930,6.41828833162602
3931,221.86971691359804
3932,4.726409344174275
3933,2.5834833849127383
3934,6.675155255222225
3935,221.56160118077867
3936,1.7493461649955437
3937,3.2640588458051156
3938,2.8322212902702173
3939,323.2464017710557
3940,6.093051375242057
3941,6.352997211980775
3942,5.16292814103965
3943,3.238261029290823
3944,6.846593580256853
3945,329.0000333131393
3946,214.4500826636799
3947,28.089794217201764
3948,169.5353989764484
3949,5.287318522120958
3950,238.19900006747542
3951,1.725146370575345
3952,144.7343661794992
3953,127.93464805881081
3954,3.0516015734776873
3955,5.8547354846643245
3956,173.99787648511239
3957,60.28244463722717
3958,73.70754787116175
3959,227.55748117960314
3960,6.080697944266628
3961,6.202734065679262
3962,120.07928434686627
3963,5.852013530546097
3964,208.35650642908485
3965,6.072666056652164
3966,2.9151301451623723
3967,4.255124138226996
3968,192.85179303920688
3969,48.25702583800448
3970,2.5139452644920866
3971,3.4649334339950966
3972,2.9820117847221805
3973,3.3275064179687694
3974,32.66068076819341
3975,47.72020068115941
3976,3.7864955055011675
3977,4.186659230705744
3978,3.6384022024804206
3979,136.26975655942914
3980,243.9212985366351
3981,253.48468585433386
3982,5.4575801554995795
3983,3.1661726909378363
3984,364.7052541959352
3985,224.40965176160083
3986,176.4725685286599
3987,90.31585958611927
3988,3.3204995934471038
3989,22.936781471952834
3990,91.48158553485607
3991,250.82960004637613
3992,5.865089618510563
3993,6.09776585075087
3994,37.23668981809324
3995,122.06890062629972
3996,3.5486282478837072
3997,109.81315188179349
3998,2.275358960872299
3999,277.1962978753753
4000,5.322444834792217
4001,4.255623273507938
4002,27.46910224042594
4003,167.3968220052438
4004,2.3137526999507654
4005,309.749597546987
4006,74.49878955130097
4007,7.077128316568141
4008,3.4096023386411987
4009,5.8630850437223225
4010,192.80041943844464
4011,3.661557236523628
4012,6.347613725817521
4013,242.19899068219934
4014,5.85027747506784
4015,6.234870976809521
4016,68.28049107548472
4017,186.31351573256347
4018,124.28755326354474
4019,1.691655669215336
4020,2.012433367984653
4021,126.29351197690748
4022,40.01602539687383
4023,3.672713507816138
4024,109.2818270362094
4025,36.52905205036492
4026,9.183925483678882
4027,253.6816227626764
4028,111.15619086206229
4029,7.214024707380151
4030,2.5737313132861788
4031,114.06266711061585
4032,81.1135415973527
4033,2.8731093152978557
4034,262.47867231756686
4035,117.7762346105778
4036,4.909503683638243
4037,3.6292245044811016
4038,6.11646258247506
4039,5.85404994930329
4040,108.93993835646666
4041,323.22788262788356
4042,59.09026761875025
4043,267.12856761066257
4044,3.7221059551094093
4045,30.077415951680265
4046,5.869589134125272
4047,4.577682869823804
4048,277.5487324396092
4049,119.11846131234887
4050,274.0719156832805
4051,64.35903974296835
4052,2.6911567633311675
4053,3.9345609865221087
4054,5.333967035687698
4055,4.231136594112007
4056,266.21228637903744
4057,6.909470071779986
4058,279.258284667907
4059,15.697284592851776
4060,259.3263263411694
4061,114.24641298314214
4062,3.7203581327566337
4063,2.1752277496467185
4064,217.2140316669525
4065,2.0229722684634877
4066,98.26181953475907
4067,195.68638841531327
4068,173.01799271110912
4069,341.3572773431035
4070,2.70822258992171
4071,2.739223956481112
4072,2.055936315261288
4073,3.4470404358083737
4074,4.155064766218144
4075,-36.18244996133101
4076,51.90229854914509
4077,4.818413453508873
4078,6.28820274880187
4079,6.930412122640467
4080,288.2559113884143
4081,4.99958470713832
4082,124.6784014710287
4083,3.992109891887788
4084,21.7581807105873
4085,10.71670508206073
4086,6.298616321974199
4087,4.006436825266453
4088,4.827746827214607
4089,72.99527570421179
4090,136.41010216270382
4091,4.4748075414619475
4092,68.038151034168
4093,28.119512951213053
4094,4.944667365739795
4095,6.742281516424644
4096,2.411109951085429
4097,2.481942443013355
4098,2.8017787741557116
4099,-41.01320928642816
4100,57.710907425847225
4101,5.867923960413172
4102,4.701637074940317
4103,68.41225876429752
4104,197.29075306304014
4105,5.689312463878854
4106,121.40230517148015
4107,80.29415953123905
4108,66.08849511319497
4109,246.24725342286266
4110,6.3959349362288815
4111,64.5803425868805
4112,79.72809367086987
4113,3.116523332145472
4114,5.089860507561967
4115,87.04542730497812
4116,103.441684211683
4117,82.54040334453963
4118,292.144966553599
4119,242.9681066487945
4120,228.10681992098858
4121,86.35976674196681
4122,-22.34279608441278
4123,2.3447372014400703
4124,158.75805868333742
4125,2.293579768174089
4126,55.517689710860765
4127,5.926982528638437
4128,1.7266621808572227
4129,6.259196546439492
4130,1.9373971983639109
4131,55.406042925131985
4132,6.077944293735213
4133,5.186272641638093
4134,106.46775201692455
4135,12.37955359970599
4136,175.2357356589937
4137,323.496617204482
4138,-15.293143869439142
4139,110.92283187469387
4140,51.06420448838203
4141,4.1883800683086605
4142,116.79785484261505
4143,309.2415553338807
4144,68.36078553767433
4145,203.36343467191728
4146,84.03036139549934
4147,61.756857634424534
4148,286.32287846175984
4149,50.1439316300016
4150,55.015808912287966
4151,60.65780132965152
4152,116.46689198177143
4153,4.096826417364742
4154,349.72476157640455
4155,151.2710647535294
4156,3.4571125399323437
4157,63.10482619644098
4158,4.097581028425232
4159,4.818556729671785
4160,145.38753762704144
4161,188.96982198755637
4162,6.315388682441001
4163,68.08542998280694
4164,182.56889234844186
4165,-0.41587558543993786
4166,45.53823124818453
4167,97.38750552917668
4168,23.47520072864576
4169,2.518668316704567
4170,5.497466730222023
4171,87.87096701461137
4172,4.622658590764241
4173,4.09938756440025
4174,63.19156317866022
4175,118.23890903064205
4176,1.9946994625674932
4177,3.9870194753974455
4178,31.841038645696386
4179,117.54932810819534
4180,170.88132870588265
4181,61.22219385358706
4182,52.315481648571776
4183,21.711907161717736
4184,192.30894372114295
4185,281.0118357581797
4186,2.6086239802200284
4187,61.93746639954492
4188,4.281325089985893
4189,4.0415054758599815
4190,122.57550789428362
4191,2.160256769616066
4192,44.751040669392324
4193,54.57913803485258
4194,5.899515489527606
4195,4.125487082889054
4196,128.1574498526187
4197,6.494904757698603
4198,3.2452279456272652
4199,5.054161389020811
4200,294.9455532925865
4201,248.228688658645
4202,204.953762032557
4203,5.40988343552986
4204,109.03742974583729
4205,4.831426933308466
4206,7.649197843289363
4207,124.41013429694851
4208,161.22074353602278
4209,226.04359142706932
4210,-59.986990991697695
4211,1.4482260713413393
4212,5.858817631731894
4213,-12.982077444895081
4214,7.32724922767134
4215,3.020901797219441
4216,1.685403368409431
4217,3.376660875789916
4218,5.874842642839773
4219,62.26361120257218
4220,59.440542173180766
4221,2.2347564431930516
4222,88.69303023274472
4223,2.8568114665781135
4224,6.362296419929624
4225,5.241514231606494
4226,275.816687988211
4227,1.8256814464400253
4228,209.24014253031106
4229,115.94362207292218
4230,3.0712036524105137
4231,2.2997205684591844
4232,51.06144700326182
4233,3.2125431378757403
4234,-5.55328524839296
4235,88.89040796427068
4236,250.48016950859443
4237,172.2220113068022
4238,3.4324942222432666
4239,56.18835566358359
4240,9.734597913719982
4241,25.74704078996134
4242,237.61929566313768
4243,-58.11033633781443
4244,327.46644463379164
4245,5.081428117372885
4246,1.9482907524425443
4247,3.732628277520408
4248,4.18767935077367
4249,-16.963440666916647
4250,13.031215656823687
4251,286.32284762293483
4252,6.640099170225634
4253,6.072805956578206
4254,5.303915535187761
4255,-51.860632646944566
4256,9.795248988885122
4257,120.77722187457543
4258,2.498054030086162
4259,1.578275690880761
4260,89.23851271630173
4261,2.4606672275293158
4262,291.2267995916511
4263,79.6573830811326
4264,2.622097062466347
4265,42.64083005661834
4266,3.9913334818589252
4267,6.135583341717575
4268,5.897452088890751
4269,202.14860962701798
4270,178.88612712155432
4271,180.20715026539193
4272,4.556373335208871
4273,7.943626129709333
4274,109.59255134219774
4275,6.497554887679495
4276,300.28177104734425
4277,235.16326415336755
4278,377.4335827123343
4279,309.2186162081001
4280,112.78691187031508
4281,79.36363375410349
4282,13.868832607632223
4283,6.346245952217159
4284,4.481601632332725
4285,113.70854946965146
4286,302.94083391330366
4287,1.822729832260484
4288,205.09817899455956
4289,205.90633142823654
4290,175.4056911249738
4291,3.1726629227475414
4292,5.026434989771277
4293,7.668757996069226
4294,-39.97557387645702
4295,0.9161534827473663
4296,5.40582363068455
4297,6.527489080562168
4298,5.975570233951341
4299,65.21941413867629
4300,46.39882857928477
4301,-9.88232504102321
4302,84.02773270289029
4303,1.2835970912016588
4304,-40.721852032495846
4305,3.7222349136852144
4306,294.59323803649477
4307,2.76481031742303
4308,24.892724179364578
4309,4.646862015195924
4310,2.7837359430090194
4311,11.477833850993257
4312,297.2781076422927
4313,3.2634933508087247
4314,3.2587734505111943
4315,230.29847964414768
4316,1.5110082805294704
4317,189.3507979792763
4318,6.124461053366119
4319,53.13748176003563
4320,88.48274819397538
4321,4.814884115706999
4322,295.4438805559215
4323,76.15164917297963
4324,3.6616763039584606
4325,6.633011171347765
4326,3.7509513742726286
4327,104.74594123973378
4328,141.2233369629465
4329,200.89720036209695
4330,18.537989352256687
4331,2.561486572215254
4332,2.3445830943568646
4333,253.17337255443073
4334,3.3575942521491395
4335,4.116519968106524
4336,2.1711459516390548
4337,5.884275343226555
4338,-2.0986462314079217
4339,5.799958295680216
4340,-37.29864800287431
4341,60.67977811952949
4342,196.42630544235885
4343,161.71246593697316
4344,110.10432940687018
4345,5.885885235196436
4346,4.6240373135723765
4347,200.1977990938709
4348,5.6470884713360014
4349,110.09533120647235
4350,-50.23884792307004
4351,126.23737434776923
4352,191.113691631758
4353,5.133997001202879
4354,145.86970093062482
4355,128.554143553795
4356,1.8703747568570452
4357,5.216374770837833
4358,318.6172790004984
4359,230.5881605982239
4360,3.3211869775828013
4361,-0.15528434291970417
4362,1.1553570101507633
4363,3.73748644027651
4364,4.333877703824397
4365,1.646537392352611
4366,3.368676239956528
4367,257.3330689467103
4368,-36.189527775426434
4369,87.47559359359747
4370,6.331328800557761
4371,195.58614922984987
4372,84.11569990340173
4373,327.18693472917215
4374,6.240873785139508
4375,228.09989657635782
4376,291.5264404510605
4377,5.604236054149842
4378,5.750003152013241
4379,156.47345846204763
4380,3.115203603500294
4381,2.3299267853828853
4382,6.707684127205608
4383,21.9706974899522
4384,5.101040197202295
4385,197.8899074548646
4386,40.53196034542616
4387,301.6927838759522
4388,64.80281232660829
4389,6.7111908715285855
4390,4.185968825864986
4391,3.955710148388455
4392,2.3127742268733904
4393,87.4002170337327
4394,72.0880920833962
4395,3.1860956377231386
4396,27.02934425774116
4397,2.5459682127681527
4398,6.348460922254205
4399,3.9692857903046708
4400,242.30724246596273
4401,6.841817648906792
4402,239.45990104630488
4403,255.4498319163721
4404,233.99594290007718
4405,356.12530397194047
4406,44.95281688332062
4407,108.80141999846317
4408,6.369251993103198
4409,102.28896024448028
4410,-91.0985924908492
4411,2.72135010361113
4412,276.36788611551214
4413,206.7572942141405
4414,3.8555277801949126
4415,188.8326556572053
4416,65.37950122559349
4417,2.6825080748265275
4418,228.62333986132717
4419,257.0044096377129
4420,365.6398098645494
4421,325.76158019536615
4422,14.491066239259332
4423,2.406550453418485
4424,51.75572073306338
4425,184.4512518541647
4426,5.40137997324725
4427,223.68984731549818
4428,6.32430210514662
4429,5.054168094737209
4430,5.166806301078278
4431,175.25016527048825
4432,3.7528301233344745
4433,3.6481169665870965
4434,109.18824106886734
4435,5.718833458091492
4436,6.407799078064203
4437,19.39524040963458
4438,94.16215500489653
4439,7.494157039949133
4440,279.97711695364484
4441,2.2277788459316534
4442,259.39406669271636
4443,6.072350132215391
4444,279.1794426039264
4445,3.878405699021851
4446,3.639764718386494
4447,177.68116142268258
4448,5.027934635005195
4449,-3.5890503752254115
4450,79.1819100308521
4451,104.28261361460437
4452,249.36632473832515
4453,251.4886731486084
4454,5.026306065570661
4455,5.476774693106347
4456,200.21365129387067
4457,4.161490992286439
4458,6.707653901418534
4459,71.77588880199997
4460,0.5397389108995729
4461,77.58344676567698
4462,153.38694698937996
4463,48.48628784472612
4464,4.237279828954517
4465,97.31239081070167
4466,4.390119870871512
4467,-10.04982999807661
4468,1.8210158512555603
4469,2.1552250278064227
4470,4.8616815692893365
4471,3.1203706755441933
4472,258.3066060238864
4473,3.5289435270189475
4474,247.59954017889262
4475,4.794464920871148
4476,92.82696312395456
4477,5.876653256398079
4478,4.471348751834594
4479,130.99132148479654
4480,288.64902071049414
4481,3.7221195450387055
4482,202.26023559063975
4483,67.11244010487712
4484,310.20406472910196
4485,214.8952490892891
4486,2.4443637899470856
4487,113.72905155533928
4488,55.33239060366114
4489,-42.060174163028904
4490,111.0763362534031
4491,5.318845568812584
4492,264.6222780327818
4493,310.53989991256014
4494,16.67473087029626
4495,2.9401835977604924
4496,111.23186103915097
4497,6.736340305800425
4498,197.13387972987107
4499,309.76437717436664
4500,164.1367554307903
4501,5.685999121404578
4502,5.891291889811644
4503,191.2193218376361
4504,5.744194353219402
4505,61.52451167140295
4506,3.0758735325974182
4507,-20.261201605182904
4508,122.14205956760856
4509,46.32432850553381
4510,2.2008752867067654
4511,270.39114770449487
4512,55.40464637487706
4513,98.31300337486894
4514,2.8969086457130535
4515,2.6325250609143147
4516,3.4382565086249413
4517,4.934709698501236
4518,-9.690180446677122
4519,120.21017287017635
4520,59.13386444222499
4521,2.6034239291731343
4522,66.49851568590094
4523,6.7247591387290395
4524,205.63337475813822
4525,18.632406345593964
4526,2.2298492466589677
4527,112.87930256657322
4528,128.64474255978428
4529,101.90167909612225
4530,147.6405767775877
4531,3.8290949016861764
4532,4.25204008109268
4533,4.45413793393507
4534,62.21279854668194
4535,5.911318129725155
4536,2.023311856072891
4537,1.850684816541216
4538,6.339353603694159
4539,284.1891044749264
4540,171.69488752938776
4541,3.363723204989067
4542,2.702233745308055
4543,218.88217556635948
4544,34.84058400044464
4545,5.017874699236771
4546,27.24811060745423
4547,5.847401639506634
4548,180.26896355794753
4549,4.806499188568893
4550,239.4206707909991
4551,26.56892725945744
4552,125.95202752766734
4553,128.3454939507806
4554,4.611706823970012
4555,189.7244196320202
4556,287.77953599446914
4557,5.128065647505575
4558,4.529707382058648
4559,80.6993810413883
4560,7.480688114799575
4561,5.244038151464454
4562,191.04308404248542
4563,46.24949074874644
4564,225.10556736980618
4565,54.08314511301825
4566,221.7330990222488
4567,281.2665967024198
4568,139.72241687573768
4569,4.785121703258614
4570,199.78132642989274
4571,264.9317626806232
4572,5.32514216212795
4573,2.842781528161833
4574,1.5510815709059518
4575,5.405385090719133
4576,146.09072677129575
4577,257.7554133594445
4578,43.765742649891436
4579,5.982015332962706
4580,0.7306126325778768
4581,350.77228119484886
4582,42.11632442682924
4583,1.6156602570576957
4584,267.41945647974575
4585,41.63064549676793
4586,6.216685132316037
4587,4.244488006613736
4588,1.4120979783174916
4589,4.340815772775228
4590,2.784272391000376
4591,71.36807696356318
4592,5.395636717085617
4593,96.17741036205743
4594,-16.189122408327503
4595,2.6982689309680454
4596,60.78678533572014
4597,140.07076548380297
4598,4.1165830287144685
4599,-38.52519523773758
4600,99.17719348423739
4601,6.931306345626806
4602,5.30713340386662
4603,5.310761641988207
4604,79.1099458672511
4605,2.3559560710464775
4606,152.66816759021987
4607,47.05482206938033
4608,4.640335799416068
4609,213.02116084551236
4610,130.6433983768365
4611,100.22465014681305
4612,3.6420471701939947
4613,-66.21691180834
4614,83.01556605845018
4615,-37.39494836196419
4616,4.724301944006593
4617,4.798745894443372
4618,4.2447501018937235
4619,6.184412171744427
4620,6.6692053805348035
4621,68.62540895561409
4622,4.127195306768368
4623,6.061871069929438
4624,1.1457571773141721
4625,85.9481830983668
4626,48.32259736354719
4627,5.39149839014918
4628,5.826997035748372
4629,66.16138474541683
4630,5.473220938072477
4631,-2.5216361137572254
4632,6.6906652039943
4633,213.63574392880832
4634,5.787545314636473
4635,6.020517982392519
4636,48.79682477512307
4637,7.0226226272832815
4638,400.45687445725343
4639,282.07341858653973
4640,2.0091765669206456
4641,211.1606510807713
4642,132.84869924718268
4643,61.874242479415756
4644,57.170608056614654
4645,5.5792089133061875
4646,47.57871162979502
4647,8.903868652949567
4648,198.49660512210218
4649,124.71422069833864
4650,126.27725922744523
4651,35.8049231633925
4652,4.769476172953674
4653,239.18542339267333
4654,8.341964104443967
4655,5.510532859003224
4656,2.6435023396479145
4657,3.177978716105388
4658,6.557209882439239
4659,108.11574484379742
4660,2.7621009654051667
4661,2.7801859569779928
4662,3.6845237895421343
4663,117.35118584960195
4664,5.88015855496325
4665,127.76340559749632
4666,237.88326328508433
4667,1.8701642753870509
4668,106.34191664391234
4669,250.1026274100039
4670,13.102422301501942
4671,1.9255421586696222
4672,0.8343951587194323
4673,71.03707224761133
4674,284.5369742673806
4675,1.7705728847288753
4676,139.070077092087
4677,58.25767072383903
4678,5.508885033980285
4679,76.10857434012955
4680,4.451963670458701
4681,1.7597436553416077
4682,165.59520911047233
4683,141.8142556916734
4684,100.62713077023898
4685,243.93147284076946
4686,4.447041483543968
4687,215.89518999636974
4688,342.6035034654959
4689,95.30518037639607
4690,6.025476650225869
4691,6.776185718905597
4692,4.2901011268255544
4693,103.78686672650498
4694,4.181355774345213
4695,359.29071904432965
4696,4.523404820008471
4697,2.5548776266573903
4698,4.678725245898126
4699,4.08359268123698
4700,107.46632973067103
4701,5.51237332523316
4702,1.980037544409841
4703,3.6843752170708473
4704,5.007516621232124
4705,284.9630705088713
4706,3.4404572737311163
4707,4.953073190812193
4708,3.1160054624580242
4709,80.57171439227969
4710,158.43171700531877
4711,6.31644541627523
4712,239.550016582865
4713,3.619894258273855
4714,5.737536424419981
4715,71.205190837959
4716,64.56778513643201
4717,7.50158050148838
4718,5.690617886676516
4719,182.4149422899182
4720,166.8760292354831
4721,6.268179354045941
4722,4.089443712763982
4723,6.298586840693573
4724,57.92762888101219
4725,190.49504517074809
4726,3.688753134091937
4727,263.68528597392486
4728,242.76221518232524
4729,3.8935617152155864
4730,172.77252173539847
4731,24.565718270381854
4732,-50.61709366962103
4733,5.45620217726353
4734,6.311742191898153
4735,5.581479399334306
4736,3.295268014632823
4737,61.39822449349565
4738,-25.06023770629809
4739,162.40470724200594
4740,292.2763754789138
4741,4.920537567983759
4742,84.4203029693605
4743,5.573720146207349
4744,273.4980973083052
4745,52.36335254729871
4746,4.068052229591526
4747,2.8099105342090733
4748,3.1328657244590374
4749,5.8315164786101
4750,5.723677685081249
4751,3.7264232596872198
4752,103.56187541346492
4753,160.08422566492226
4754,141.72742782815013
4755,3.9233233715910156
4756,1.9974829139344596
4757,3.344779281255316
4758,73.95876157105145
4759,109.69041199369971
4760,5.013365935207423
4761,3.605617562326191
4762,185.7782352349019
4763,215.09181279176522
4764,2.384930521433978
4765,334.30103573548934
4766,27.894712874818264
4767,14.884199152931323
4768,16.724998302819852
4769,-24.196749065588712
4770,31.8563517573768
4771,26.692318008297363
4772,4.034991590216833
4773,4.163980117250341
4774,146.61622059792336
4775,2.321934591588027
4776,2.3474964348660334
4777,185.15077376850252
4778,4.770244792022791
4779,38.57637124031739
4780,1.6118796789228336
4781,59.44437659868978
4782,4.849932416887318
4783,3.9316876537431917
4784,2.6220002851069837
4785,61.18675022859284
4786,71.81978696341193
4787,5.5779019524490066
4788,3.564632189368325
4789,3.0348907613408005
4790,137.4004568721695
4791,201.49579831056917
4792,4.453795610460752
4793,170.08587687451444
4794,55.78709746585292
4795,230.62832311920815
4796,3.3538419590393174
4797,138.484137773203
4798,5.889570471887616
4799,4.033085695051729
4800,348.7507763380888
4801,3.80933763008018
4802,4.949550617437753
4803,274.19560292089375
4804,1.6540068544678945
4805,229.60973851756052
4806,4.160139552800971
4807,3.466613033116545
4808,62.03646819554182
4809,116.0428280418925
4810,1.6545097416870056
4811,2.125388882279902
4812,5.2953719832579536
4813,242.1896290811669
4814,235.39039741518675
4815,2.7005534791720645
4816,2.6784746364565106
4817,6.050659333854414
4818,1.6797302561442795
4819,76.5354650239855
4820,2.396430155487133
4821,188.93083925580413
4822,126.02228581478492
4823,4.956926138987667
4824,3.245317361567918
4825,260.2659208457328
4826,4.909297156552801
4827,6.074489359768988
4828,226.1754223406868
4829,119.38478932146577
4830,101.61983708524895
4831,206.94531173786305
4832,6.881453665324961
4833,3.6701702468625728
4834,109.71759201605882
4835,3.7753140427339074
4836,6.79089509570926
4837,194.49520382868718
4838,32.68267589806357
4839,302.8186248457274
4840,2.477553681533557
4841,120.20139046170935
4842,39.56221476287125
4843,2.191387570090132
4844,4.12850512242983
4845,4.544276444397102
4846,7.078158095484079
4847,3.9977946929280446
4848,2.4071716147301867
4849,4.284360214484528
4850,6.786901900804757
4851,5.8483687119234125
4852,101.11501253974116
4853,290.156402512298
4854,2.5296271087531537
4855,2.742289423977505
4856,197.96609588421495
4857,244.52202228151793
4858,271.0770254934234
4859,130.99235366486633
4860,248.6686099049194
4861,-38.5227100150661
4862,114.8161753293093
4863,6.842614646145152
4864,5.84694756358496
4865,1.9112543164006557
4866,1.232955566644331
4867,3.3634655410289436
4868,63.468222796806046
4869,1.184086969492876
4870,146.06059122275795
4871,6.7442209036236385
4872,2.346942200299265
4873,303.69266963310463
4874,1.9484977843823572
4875,3.56415961747346
4876,219.94989703551587
4877,6.314529976402714
4878,93.65737176430349
4879,67.28662486123702
4880,5.8736641925766495
4881,6.07009242214715
4882,33.741170358200634
4883,1.803954715166931
4884,125.68184700955364
4885,-61.877660296866495
4886,242.23900563219325
4887,6.010985653271261
4888,290.73707792087913
4889,54.913546129940244
4890,224.0934972891955
4891,140.22502944733816
4892,1.7841556341668492
4893,5.734379544276917
4894,99.8472278562489
4895,6.665490665594603
4896,5.830010171058954
4897,6.093598770963586
4898,13.97480836895317
4899,205.1477880754952
4900,2.2986973906950388
4901,272.6536493811392
4902,4.083260344344401
4903,157.2302429049035
4904,385.5411557753265
4905,93.3343234917993
4906,151.5900017232527
4907,184.39171101543442
4908,4.554411410760303
4909,124.65748337216075
4910,144.2193287749007
4911,86.62699160425362
4912,5.669533995326281
4913,192.17069705205563
4914,150.84940553467575
4915,4.348534749192802
4916,4.783578403439607
4917,6.471946028983079
4918,2.846832415546852
4919,-2.856136208936719
4920,2.0782654790816366
4921,-8.235948624443852
4922,180.55511932435843
4923,217.6493151939907
4924,5.949096833004109
4925,2.3657226847856014
4926,1.1908699732424783
4927,5.449734760813994
4928,3.206819204315301
4929,87.2605722095706
4930,101.52638599512626
4931,-21.39850118961543
4932,5.8872590425571945
4933,271.5199037808933
4934,-58.39938747770657
4935,64.49640805535176
4936,261.79667598208243
4937,29.62464780371515
4938,79.92060551205351
4939,64.92455356047378
4940,3.9744584909884573
