id,target
1,4.227613224725917
2,2.600803478485403
3,308.60649510411076
4,-45.75388304952706
5,4.350826776446564
6,6.658756417907133
7,4.877294410272632
8,72.63462995600487
9,69.6425193827738
10,61.24186524102145
11,30.34214588671155
12,4.459844967935395
13,270.8162978109169
14,192.4541882496144
15,3.612123905174781
16,267.9829419957963
17,3.3632846127137945
18,102.95831453937664
19,3.4533433673995395
20,6.688172524567318
21,-63.200515061827375
22,54.54240739644853
23,4.327449763510521
24,2.5841815638504833
25,36.446551089457074
26,87.66603492493583
27,1.2633567142018987
28,165.22415912566018
29,49.00693541461236
30,3.2574718100436417
31,6.358326762091533
32,31.143947984769724
33,47.19094029804706
34,3.571039072010333
35,2.379311769357399
36,6.480134704365418
37,245.94127706566084
38,243.36205924054417
39,55.21086781695747
40,128.19462450240303
41,-49.36814374222767
42,3.085297843175572
43,5.6754759778905735
44,4.451333009429869
45,145.36278285439127
46,52.242516167397866
47,3.3015897885783887
48,-74.73054151639472
49,4.404946226497577
50,1.8796675346165523
51,250.14073858888605
52,3.1041123569629767
53,2.3062326396827704
54,72.724714933548
55,2.8864834794800966
56,4.441895577408153
57,5.695385496369284
58,175.27217698093972
59,238.71311489266088
60,6.997283911898619
61,2.3937332687699984
62,216.5825691240791
63,6.642178936427375
64,2.51213171729131
65,2.1030311985695915
66,4.043998725405652
67,4.921542989631518
68,189.41957813274217
69,125.69059484875712
70,2.3613475687998933
71,2.5958193762168067
72,2.093082322883851
73,26.789232047365573
74,253.68377580200973
75,213.57331568026996
76,6.405646384555496
77,5.806453217004211
78,129.70116081673078
79,276.8126340411501
80,3.8342072425549096
81,51.89842931729228
82,4.493138616397762
83,172.3852046324473
84,53.60995935599711
85,-6.494474015675669
86,2.273624835078069
87,58.954391298256674
88,168.59868115518503
89,6.10237770213811
90,5.106881577401469
91,50.5251827866137
92,55.537151096339194
93,37.945593380742295
94,4.550973614233857
95,3.9571950960944107
96,3.1709401531422983
97,7.228499596432291
98,209.88038924788407
99,74.8962691926001
100,281.23710886741105
101,5.32468431586846
102,253.7368511938604
103,4.2287643592675135
104,6.644333537785073
105,168.96705300716417
106,21.90934898037816
107,295.1859287848034
108,2.5354521171917273
109,190.74824258720835
110,3.45876916356265
111,62.74533207769012
112,2.026124864570648
113,228.65489481983496
114,6.192906264432259
115,5.0934617856184845
116,380.71282730707605
117,192.7306746437538
118,200.56743989294586
119,243.74515561431923
120,335.51781485775336
121,163.46150166155854
122,3.1828874060201664
123,142.12924291733984
124,271.8914249145738
125,104.72977187567668
126,6.3316292764417215
127,127.7216498867416
128,3.7678969447018034
129,258.87146601216045
130,86.03146060601031
131,61.062469593696775
132,3.6257512368993305
133,-47.52438101812019
134,319.36159399286964
135,6.208389380501804
136,2.297519908079407
137,119.6657529611839
138,5.800807875091489
139,211.98304047087737
140,305.2230472443723
141,47.585918005900126
142,8.872991164522361
143,30.607368741779624
144,17.374893404014465
145,6.613132430702477
146,195.19638137198996
147,223.7557649685511
148,2.14012029611036
149,167.65160736529177
150,73.44616167610633
151,287.86330292868445
152,233.09560964528958
153,184.0696860956299
154,47.94176777501316
155,4.446892791891392
156,206.1420005270534
157,146.4431423451117
158,102.21424476254228
159,144.75420011465206
160,6.541439993653388
161,43.97022770823369
162,4.6327511719031085
163,269.66965162722227
164,3.142069949556499
165,93.97565183138472
166,210.07107915146923
167,338.8608199306175
168,7.221378076692728
169,1.7702399695401247
170,232.45872353985925
171,2.906358169398886
172,4.384382925496018
173,-55.959265076674505
174,3.7276095229173087
175,5.5531178160196175
176,147.36494958570174
177,75.20221842514458
178,312.75993432447007
179,140.77610549688944
180,223.21597737850237
181,6.3279998627910405
182,2.101437521919657
183,290.3645560096956
184,6.362982947287623
185,1.650153918703842
186,3.4376822789182317
187,2.826746194493267
188,3.901882294430065
189,87.58773571027285
190,4.223330364789771
191,2.0391381658391072
192,33.45189082216578
193,3.533181968963881
194,327.33097971341573
195,86.56326372071308
196,266.12154484413463
197,113.08802899990187
198,215.76969907094895
199,51.362125311573976
200,1.9490130393126495
201,3.2778213698212126
202,88.95132871641852
203,44.77063364796442
204,4.330938651809296
205,277.93857037822653
206,56.31317888113266
207,208.6942573438626
208,138.54803852486407
209,65.5577167818536
210,176.5498475077257
211,65.07628674174038
212,103.86149635407556
213,275.0170205114174
214,61.23982578459317
215,6.97099458180306
216,204.9290284935294
217,72.09622525465142
218,168.72791490764718
219,201.74274243904705
220,6.250296872665124
221,230.72698514927902
222,178.6619882318019
223,2.861749507958943
224,161.53103671626627
225,271.9629461429204
226,219.58061686722428
227,44.56871509137338
228,273.5645962263442
229,251.35124675209372
230,1.626745435021561
231,215.6984189120414
232,52.51061744755714
233,57.021410801003974
234,245.36709991145736
235,119.81210544211876
236,2.249360188121712
237,5.964159655271743
238,37.72832717776859
239,6.37437082260225
240,181.70083522930565
241,309.55301946071626
242,234.42417187637415
243,4.2338338319547475
244,3.409977451247949
245,52.06627674943522
246,126.95939709657674
247,122.09952714631302
248,6.331756944195643
249,5.985110089631552
250,68.30021456847749
251,50.002332356844235
252,184.30102795835143
253,7.781938836992536
254,184.92461660088912
255,-48.579594365298895
256,5.737543795700159
257,2.119212543018608
258,63.06831242547267
259,257.4502560016024
260,2.558178929227357
261,5.603317382568847
262,6.356198548723327
263,-42.201126703911385
264,3.676355579102827
265,3.767147253609915
266,2.0535858911067493
267,3.275608367052124
268,1.9416282207620905
269,193.29464776514257
270,3.1875026209744695
271,131.52138558792933
272,79.28802635469334
273,4.597770747311053
274,4.5133261461207015
275,323.2753922333877
276,182.56928664330778
277,206.4668970517962
278,-61.39445769977381
279,4.343245936380987
280,191.33033395071953
281,5.265793907552092
282,188.27129956884605
283,196.21750306995636
284,146.10261978265993
285,243.72109588331423
286,136.990697795431
287,234.46750870767517
288,6.193643779752499
289,127.52215750909502
290,4.542433524228225
291,101.58940224585787
292,4.09258990136837
293,79.3858240534256
294,120.85863932003898
295,6.074078710854376
296,109.29490502355178
297,51.23130626614298
298,-37.83147653748898
299,200.54574764685515
300,5.9186283146880685
301,4.3464662544983454
302,5.07310290805204
303,4.320170586759933
304,4.0092971300236995
305,4.7440705123998965
306,250.51049788267295
307,3.7914395667445357
308,3.183895754343259
309,77.30771948471272
310,2.283580612872234
311,2.365754747039249
312,3.8234264374604074
313,160.2870579597653
314,4.012921905903163
315,0.688074176723645
316,1.1142083493105552
317,3.6673736567652373
318,4.072402264320106
319,35.03858213105224
320,1.85814884378868
321,6.266019682513957
322,3.2563165127819382
323,1.8163273896927672
324,2.4760416635391334
325,4.540587224627559
326,4.997142682374486
327,50.0391429276884
328,3.6923191335564822
329,85.44441117795968
330,52.545131979290154
331,48.49916154009085
332,5.467581863576103
333,2.4940274057184086
334,6.741022782064193
335,152.67274632833232
336,3.651177426342289
337,2.376373059747577
338,142.63259309365606
339,28.443828694049348
340,295.04439780887174
341,136.5005761391619
342,52.92118932013558
343,3.7035455040507985
344,2.443693165648347
345,123.15254518905516
346,2.7144166305539814
347,4.648126463937428
348,61.808141549663645
349,-49.19748318050682
350,91.14090460843586
351,245.96338589523322
352,34.75782747298291
353,1.3333563421890073
354,5.989094368987413
355,321.67534638941765
356,224.31665798336797
357,3.31921471878118
358,21.94656664813032
359,4.311622695362608
360,135.76273687557756
361,4.947043649608148
362,5.167117839691197
363,-4.5991022968439275
364,4.20016490769289
365,5.5345876457922865
366,69.4316049508939
367,4.85933544995331
368,237.3313607820909
369,5.879280738121956
370,-31.04470378555715
371,253.74864502008023
372,39.91475435308636
373,145.2565796479401
374,-8.546647218946163
375,95.08480205298301
376,2.865396105824715
377,2.7212161739954164
378,3.6532942017685794
379,2.874032930564474
380,0.6224874167141302
381,6.140463418462767
382,6.299448793182112
383,128.74188155950583
384,1.7839066992111783
385,3.5863034642306246
386,273.25179992114613
387,2.188357029887663
388,3.671186895061221
389,63.8507639736319
390,4.586820334307624
391,162.8485692853534
392,6.279956926713225
393,3.8070183215862623
394,310.8873381345968
395,199.3074089482853
396,2.7707545233659783
397,1.7579599841933014
398,6.080949104440645
399,212.023249644016
400,231.666754388472
401,1.6444544906631011
402,6.345433730796521
403,5.84951575624807
404,5.633286281040045
405,14.644213474430583
406,7.702385108340652
407,-58.759042896966406
408,4.275587427079637
409,3.4178589772414565
410,3.9016604770012364
411,2.8488053934751205
412,-25.628855035355514
413,328.46411915759836
414,5.865178057883785
415,33.65012843705179
416,3.277117390169675
417,6.725790209428452
418,5.796664235909575
419,5.666137930765723
420,4.686563039829849
421,151.30647708424533
422,157.04740955531562
423,123.46408283987407
424,161.92545417252677
425,5.673636437964987
426,258.52905154224237
427,3.254868803448561
428,224.78508674154884
429,2.3058934978831602
430,4.35607876407558
431,269.05623826972175
432,143.10427950803063
433,9.26621206054736
434,6.277137963587933
435,50.55782653417812
436,236.72127358188345
437,210.74592308781487
438,178.45464061851038
439,5.761893270568784
440,265.3028302985855
441,200.5765317069335
442,121.39979536032499
443,321.93145505113273
444,5.425110028213364
445,6.160249658461641
446,63.479881187600924
447,1.2662150318232712
448,6.290546689277343
449,317.39331851662934
450,275.40064699131983
451,153.6429829111226
452,234.15716447031883
453,1.8747904320551017
454,4.212614306558182
455,129.33150177720532
456,3.1532345411725866
457,4.934351640394144
458,265.9112223810239
459,65.46263331616686
460,27.446739196421046
461,116.08449019356723
462,6.103190296138653
463,193.063109084953
464,5.094573954511543
465,151.49370661428003
466,72.3754688390247
467,2.284083250720557
468,5.557251929588176
469,31.880733552291808
470,26.66773620227916
471,1.8174754798556927
472,1.9085304743046614
473,62.331994813545734
474,5.986168015085522
475,126.19014254707955
476,6.492985007301453
477,1.8279801136430212
478,4.455102892207274
479,215.09848070701184
480,4.9386735049237265
481,5.634909193624023
482,233.6229177091342
483,1.7322863236796442
484,201.43100326727918
485,105.59989142156638
486,4.577572540596488
487,2.4662646273795374
488,205.15157656069687
489,2.745713390359474
490,4.864967132613513
491,6.349338592804584
492,3.804830351795803
493,3.337876994435178
494,232.8681228598954
495,5.805944804023234
496,200.61160114947967
497,5.628891568104599
498,5.960048814406154
499,5.772946028090109
500,9.238114456164622
501,3.1554864856645555
502,322.08760935213974
503,113.16216682624862
504,-11.348899330505251
505,2.0575741043250266
506,6.51129895356731
507,327.0024844400711
508,80.47549793837703
509,280.13620084194895
510,4.278639204632331
511,101.26424551006517
512,207.87598258807924
513,212.39282708438097
514,336.27693237030803
515,240.2767737173636
516,233.42861449459537
517,289.789611501468
518,7.043655817795145
519,37.19240999254079
520,309.7237607105512
521,1.7591458551741295
522,3.878911825994158
523,230.2047775390567
524,4.422479335651935
525,170.19172195463182
526,5.714210945304641
527,4.925552678476029
528,4.436543566967652
529,6.373724314964978
530,251.47178029954938
531,98.21554965975658
532,3.861192024752246
533,61.57135421939651
534,4.176191557101781
535,6.817914715873858
536,5.9784181051592
537,1.5649192819339475
538,5.2043946271951755
539,269.2636731106177
540,279.572163908382
541,257.1249786465179
542,67.64208658172873
543,102.25543889441565
544,4.954188835924361
545,4.159808196635194
546,3.9124777608241774
547,2.056304180158886
548,324.08390255372854
549,5.784479511327828
550,246.81092663745017
551,5.985814668026911
552,114.45325115456656
553,3.639920901855266
554,68.27232561072529
555,94.12760753984156
556,245.42902667717254
557,198.26396171250082
558,5.429406052159013
559,5.7493869279238865
560,139.45325711003636
561,101.71115278514387
562,174.78730535374257
563,2.9432505574898786
564,15.882219818913969
565,152.27311868281373
566,2.4048491864181414
567,46.24526339108043
568,112.47554120961341
569,314.35717398587235
570,4.019522228434853
571,210.35354851938985
572,3.1867451895211203
573,80.49037419278916
574,116.13744235821045
575,7.4309578001303045
576,1.8218370735312492
577,2.969240783947131
578,174.79212711926772
579,0.18089666983766062
580,282.13496247044327
581,62.77321028055233
582,80.37523796381544
583,5.3214204260877835
584,3.003796888171803
585,153.65845170249784
586,5.090077676961815
587,221.07277073682198
588,3.1328237522555495
589,190.78442387330807
590,304.00132500780455
591,147.26456386348195
592,6.888844044260619
593,237.8509118777198
594,287.60343935646256
595,38.46223328285912
596,5.347976656687912
597,118.73757868631424
598,2.541341315312388
599,74.39541119395547
600,146.70189116840197
601,146.68708951996786
602,38.70619384111067
603,2.106760457092231
604,247.49169882444457
605,2.38309257938555
606,2.817821942740074
607,6.713486501704733
608,50.75036770479943
609,267.4992180564083
610,47.378743185051874
611,59.47388386686297
612,-5.402883742237867
613,38.68259802135114
614,47.90262239058086
615,1.8854063386261999
616,176.72429340360995
617,-53.26943202489175
618,231.8398972615213
619,4.822854121934139
620,5.88253834934128
621,175.02484981202772
622,105.06075735169105
623,189.25058785619973
624,194.14436343274204
625,2.4410517031215373
626,1.568034883400435
627,59.5662299321269
628,4.388718634286906
629,228.94605548895566
630,4.339375155129124
631,2.1935414251842835
632,208.05728876038887
633,155.45156623874345
634,217.2145443294374
635,2.364841862029304
636,110.94456431135535
637,113.339332323203
638,6.6798624689407795
639,51.77275670870425
640,114.33516393415613
641,6.910859258199507
642,3.1668719123500555
643,282.88659764874706
644,3.6121943129172824
645,86.0926715005816
646,71.61937829016608
647,190.5146824067898
648,271.8162715261657
649,372.7710278205244
650,324.5212945891294
651,110.4793464810831
652,62.596739691958945
653,3.269176664018128
654,197.04836869185857
655,-17.224035721524146
656,222.24624752097577
657,184.829916088186
658,280.86465964848463
659,1.8747588364984593
660,114.58827788393765
661,4.107857493500733
662,128.66072319773224
663,3.475173696870347
664,-46.88485871181339
665,95.19025386396046
666,158.35944367037587
667,234.83498003217076
668,354.5881054639845
669,180.63717482620075
670,198.02689934053956
671,116.85203002386848
672,81.06524570150714
673,3.9145999226146713
674,5.424883646463671
675,5.712269326146004
676,5.269908529390036
677,-4.280313442091191
678,186.23414615932933
679,4.8568361870592875
680,2.930148037557919
681,1.9381178395665104
682,73.72420381461548
683,5.933048148541923
684,177.62550859739173
685,220.13407693784728
686,6.150815017307488
687,358.66104432896145
688,75.20031123163517
689,86.12513393435717
690,340.3800313461152
691,3.731805660181511
692,79.63441998450352
693,5.0250604463148205
694,6.576580834690911
695,-10.980104902352306
696,310.49636917635206
697,0.9395944673999079
698,230.1363929051891
699,1.789739141177225
700,251.34213198473734
701,3.5574013479566933
702,4.841622323949256
703,61.99161466288369
704,77.714049710788
705,157.07816127754515
706,229.73724666351742
707,180.89692062785457
708,63.7476733845389
709,88.19969263713861
710,214.07323099656136
711,245.82153126415716
712,6.681731244065128
713,31.677197933307703
714,6.627978410352076
715,241.32687867987676
716,2.8988804739534513
717,85.82229981112975
718,352.87289826237384
719,199.33209519448295
720,4.594747723135674
721,146.0307846369858
722,2.390050523571858
723,6.381781450080852
724,2.9515459086337335
725,2.679497306301319
726,109.93007958991862
727,246.60330089041864
728,44.47154820053282
729,54.22504235030732
730,50.609991965119136
731,280.4972038909566
732,4.4582241776009
733,6.4715427836677435
734,24.4458608324141
735,252.21226853721402
736,52.00172355982111
737,51.18832309177592
738,124.20140669782185
739,333.3017074281705
740,134.6932635126555
741,29.94550219788812
742,275.3047736771427
743,139.66023223202944
744,1.608365751735091
745,284.9780465157611
746,181.48756064676584
747,3.5618702586780113
748,62.27024156809027
749,66.13712324687219
750,205.06045210951078
751,59.02483184307762
752,235.0846867203582
753,2.027566626981543
754,254.1059647055419
755,5.754199917398417
756,6.065867262232188
757,186.32459167828426
758,2.5036014813456893
759,71.69722378036025
760,1.2660042030695178
761,208.89927968925377
762,5.0182407981095665
763,2.08562664685748
764,92.40045994866591
765,4.649770426470752
766,27.577893228611952
767,1.1241988689430293
768,5.037515974576281
769,5.8590905043991865
770,1.978036041384596
771,259.2491818753615
772,78.30374267715993
773,123.165912051326
774,-11.607878394256192
775,51.71382192326766
776,4.2022738400635555
777,265.89165869671336
778,-15.896566656036725
779,148.34262978184427
780,77.69969841304382
781,317.42863658083445
782,3.6161003185842717
783,48.41329737412758
784,2.759263553815787
785,53.988108526555365
786,125.86844044683235
787,5.449318465922067
788,1.8806020444555465
789,184.85102003371918
790,61.48068690421447
791,-7.260103964921143
792,85.15948269582157
793,-67.60587689845059
794,319.6148154147274
795,-50.996717111221386
796,128.45773673808299
797,3.52382917407105
798,65.72848806308912
799,3.3603918141432376
800,5.927698144026605
801,217.92429802510642
802,72.44848444385087
803,140.91991127772613
804,6.7163313320211415
805,2.1282138983003565
806,161.51274021741045
807,2.7074615890563827
808,62.804685482773024
809,1.6157251097628234
810,51.51224887311058
811,256.5794085037236
812,114.57361035828487
813,288.66463455847
814,5.847323092519997
815,4.645578432536486
816,6.9994487530108085
817,3.3254623180569673
818,8.514019093333475
819,5.118348016302365
820,69.818430310096
821,5.997598056061158
822,2.030760459189186
823,44.99568963100755
824,67.88280427826223
825,7.03608525885985
826,71.92116133204343
827,4.019879779377238
828,6.130786407817184
829,48.07060710620199
830,159.1249957702085
831,113.18221705548528
832,6.139657213335966
833,248.69880236809564
834,193.94619766637416
835,159.8527969429137
836,2.1211340053840813
837,82.93799552632058
838,139.43528038988592
839,5.949542453611598
840,206.06853449441516
841,143.58048668105482
842,53.306911501094234
843,2.4707825989980754
844,2.83766487834503
845,5.311970152083101
846,6.431276517534141
847,5.439014472398514
848,173.5460470506967
849,6.165662013289248
850,83.13273734315435
851,18.443674668503796
852,35.265798511764814
853,97.11275855626195
854,62.96561299928055
855,7.369487587365064
856,227.21424991004397
857,79.72812701730591
858,81.29101087251166
859,223.9000541022912
860,2.096987141726771
861,3.5318802768332955
862,2.8139467704513352
863,102.44430741345326
864,249.67053985530237
865,264.71871990972966
866,199.45960433887345
867,4.989386328700399
868,111.98895020275793
869,166.4383757650017
870,127.21406638913206
871,147.1435671181323
872,142.37024082872114
873,2.9276498843216325
874,91.0051069736938
875,6.188863006460483
876,109.71410309786538
877,46.044962135006784
878,179.4555604223198
879,5.4757617472495825
880,6.795207173287814
881,155.54951504498092
882,5.8392379551941715
883,240.47217243777186
884,5.883632903717468
885,181.61207736295017
886,53.53529958915826
887,2.4091172611018146
888,2.1040183741419654
889,274.4894460969084
890,4.200340759504853
891,2.6892882507470595
892,57.29004378053625
893,4.930495582171572
894,-12.616908155823555
895,3.4387652421369443
896,211.2230271854421
897,2.602353696939667
898,228.31033496186447
899,-56.07139686778457
900,243.2224932879298
901,3.9233729131113906
902,203.01279107604853
903,4.946014924463765
904,124.16267898999455
905,1.9363406741937497
906,1.0630003047001153
907,202.53944914744216
908,18.896747458104976
909,74.91221538115622
910,2.3035880720616104
911,6.630281127236562
912,275.7336364179041
913,153.4123551235804
914,274.0838206353578
915,130.8452560120478
916,121.12173969177053
917,0.20113380231845612
918,2.2821164263995524
919,2.7203885225698357
920,386.1974862324887
921,119.26401179734526
922,196.22570311287626
923,2.363180983639572
924,116.50579471470513
925,195.0454811722641
926,54.29010286744598
927,56.93392494974482
928,5.096265069033501
929,39.03555782758079
930,26.79584107560231
931,205.4189981105851
932,180.4727624487719
933,5.424567006380412
934,2.1091654135175544
935,188.56190083329858
936,39.70804725038831
937,3.8029073184650075
938,4.530441459763819
939,72.7335444319667
940,1.4695554369002037
941,5.813854121729159
942,4.87400694218754
943,120.5596056055
944,4.517419119150588
945,2.015063959765517
946,58.37675381212517
947,28.459012412474117
948,55.583526724229685
949,231.81883345536997
950,352.0042072106386
951,11.720078375511676
952,-14.001766115371094
953,6.24193266382551
954,256.29599002745675
955,197.74988900448946
956,145.13680625682935
957,2.5923371374241615
958,2.8404750391986875
959,204.06922942763248
960,52.48814777515484
961,161.21260784975604
962,3.2641867837451914
963,6.2928042861513
964,4.961798241995402
965,6.290142429316678
966,3.369830599773201
967,41.697966762458435
968,174.6790924370947
969,195.6550592498436
970,6.304038736133135
971,370.1952519038134
972,5.240157467502029
973,107.34029962317308
974,5.5842001807545465
975,3.8503285206950606
976,5.221491383694379
977,197.4400641961502
978,297.29186023682246
979,1.88657516329702
980,1.8718760876080696
981,21.12795354410454
982,41.09882768595707
983,307.2963932327909
984,319.0734187348421
985,267.7639916814463
986,107.09497559290998
987,2.9586054804797257
988,244.61287669810332
989,354.5661287243366
990,60.690367725168215
991,4.152277605256517
992,312.832983041493
993,174.87992779384666
994,3.5485434340659188
995,-9.204549960687649
996,-5.243288549390462
997,2.0588960981274003
998,41.82236756227166
999,62.16024714043597
1000,-19.312772513155345
1001,284.08782975365466
1002,148.1299847682058
1003,5.3510336869655255
1004,1.2455545247248576
1005,1.9150882370327311
1006,3.8213912506657532
1007,154.09313408528612
1008,1.9894993954228857
1009,6.383528095635976
1010,6.546745468358836
1011,261.63355693849803
1012,14.225640003456832
1013,204.60727613355587
1014,46.9403942733494
1015,238.53748583276024
1016,6.563605845120579
1017,5.0347784078053275
1018,3.5463461514280614
1019,6.541236132174813
1020,4.472057718878171
1021,122.97524947969737
1022,85.78747971524709
1023,191.5915629747032
1024,185.15488640622414
1025,5.262010728550136
1026,4.125708019901538
1027,4.971400473033512
1028,89.22597467573401
1029,3.8168814281464636
1030,38.46141675076386
1031,282.2594360501148
1032,3.0395224894036224
1033,2.2589431644545197
1034,245.445289765332
1035,1.4286352327006702
1036,248.47744474669872
1037,6.999838686939415
1038,48.31616743058004
1039,3.5994945088707175
1040,-29.061195826391028
1041,3.275291370750329
1042,3.2220032426707856
1043,3.4677378966510353
1044,339.2042556989221
1045,135.73163014783267
1046,31.888078525700806
1047,224.7798135768581
1048,1.8387913543404697
1049,2.6683213140548756
1050,6.37395777553871
1051,54.21528703538587
1052,177.64000480007255
1053,254.10965443870307
1054,6.431062620364875
1055,44.22769637968939
1056,34.16095374690935
1057,4.313747556013618
1058,2.9460357279773484
1059,2.952046259854714
1060,89.946753966404
1061,3.769739227972542
1062,6.044798456145293
1063,297.0751485611968
1064,265.2254732092591
1065,81.92966282030795
1066,273.008817517649
1067,265.34724845634526
1068,6.291017103813751
1069,4.358449122550574
1070,316.59004115136725
1071,186.4099992042871
1072,5.147253124435469
1073,3.918316158333367
1074,6.2715433966655
1075,4.693804572712363
1076,293.35840967956574
1077,6.293653665099615
1078,156.4278829472674
1079,2.9635617105162195
1080,2.672126208065532
1081,5.827948051306283
1082,4.323776015791596
1083,3.299002024091303
1084,6.140560325800454
1085,124.87266453755177
1086,163.78669604209708
1087,49.133713012561955
1088,260.4309893937275
1089,8.430302402173147
1090,149.66389274440218
1091,252.3068270871962
1092,5.868565695281695
1093,4.530102104807257
1094,6.633345295566967
1095,3.767162409579455
1096,2.7646510168913196
1097,4.76258919439619
1098,78.6299216358516
1099,111.38999794202286
1100,5.558438197734204
1101,4.713542504525857
1102,6.237055158293199
1103,263.5039652512069
1104,4.631087961919331
1105,107.341708589268
1106,6.025627587202928
1107,6.187820842391721
1108,7.980040526556492
1109,96.34893268403225
1110,78.52464893495663
1111,3.137318694532073
1112,215.64964406284344
1113,2.7632387863055214
1114,180.21992328852997
1115,-8.571616952667386
1116,5.415032319159434
1117,287.8667264249516
1118,281.70149290528354
1119,4.824040117113134
1120,55.14144496270955
1121,10.03286237787105
1122,239.95535688109328
1123,3.4787957765641853
1124,191.0792840318915
1125,2.6839589972468336
1126,71.15281129053378
1127,5.98969359391132
1128,-47.214431613344914
1129,143.0452012351064
1130,6.583204352835041
1131,33.53120253779498
1132,4.850137453968129
1133,-59.034294842107556
1134,198.37389398448408
1135,203.10172028411364
1136,-54.80659290267998
1137,3.9882625623511903
1138,52.86427824715649
1139,111.16840569342915
1140,113.88457252316408
1141,218.70509597726135
1142,138.72347276542996
1143,25.32646105189711
1144,-46.11919637058647
1145,121.46815410887555
1146,69.2424836458834
1147,4.438561326647048
1148,70.96162515299275
1149,35.332545313307705
1150,4.310288943451593
1151,1.209178887178445
1152,3.4702864076419355
1153,4.406990686054643
1154,35.7756532243061
1155,170.0927022180195
1156,6.605691242100635
1157,78.75556361830532
1158,209.61991472360694
1159,112.7850318367874
1160,75.25321112363332
1161,1.7171852701759804
1162,5.703266000028032
1163,5.4669653184325995
1164,4.930389762417422
1165,201.72520704808554
1166,35.36836176878876
1167,-27.947453694458837
1168,5.187441962987654
1169,177.2486106436382
1170,5.014124291463725
1171,4.317323495632454
1172,-28.237940804527568
1173,3.9790758514164013
1174,191.08132657657558
1175,-51.932252353810206
1176,247.6399297592308
1177,2.257148945365925
1178,144.28765884103012
1179,2.694793264800766
1180,2.7118519889258423
1181,2.1269338456035043
1182,128.30926767293585
1183,7.26408606424674
1184,4.201709019173138
1185,279.68913581927063
1186,133.31494848624754
1187,4.0378219264842325
1188,2.8984930651429828
1189,120.18671397425194
1190,3.2733121115974977
1191,2.9246403830924184
1192,4.955924991616898
1193,191.62861359766157
1194,5.492640874740493
1195,2.117719424490245
1196,267.26992515086044
1197,73.76382513986091
1198,3.041789114358132
1199,254.97784061894868
1200,42.423592833313705
1201,229.26503295738945
1202,86.12671277759281
1203,3.6305546476346047
1204,174.99467416660445
1205,1.8526480962253364
1206,161.6187663991763
1207,127.03658145444109
1208,238.18796329261073
1209,248.25158539699916
1210,199.45526843661196
1211,214.61947965851041
1212,6.10969528180294
1213,3.675544464770679
1214,199.740872836073
1215,119.48050162022017
1216,232.2434209552441
1217,183.84239513199907
1218,-37.70154893842309
1219,6.072944769485655
1220,5.714400086987263
1221,251.75051541093228
1222,6.223003658219689
1223,2.492205834362477
1224,2.820064673939593
1225,123.53566300781068
1226,1.390752609004249
1227,4.700311936060238
1228,2.39320490310128
1229,38.103143430636095
1230,111.82957671326278
1231,229.45936578375978
1232,1.829402508520508
1233,-38.51686431506739
1234,3.1001092633443488
1235,13.757354927255399
1236,259.7450796312874
1237,4.0943221696629895
1238,2.2219984959043844
1239,1.212189086079253
1240,41.64463609821867
1241,2.0814852989181998
1242,4.351087538613243
1243,5.424969125763126
1244,186.26076337860223
1245,3.833775752753901
1246,253.32178910590065
1247,5.374747031477774
1248,119.59199193971949
1249,148.49916532621677
1250,7.520968476221626
1251,41.82555265163147
1252,5.568439952080834
1253,4.01522584170241
1254,4.175837684702178
1255,34.808906445577946
1256,72.30905099422816
1257,135.19915586248237
1258,274.19465691302685
1259,51.27272284722771
1260,259.37697619223616
1261,5.690872628281819
1262,5.528585238384236
1263,189.67279903756594
1264,1.9826040019598132
1265,12.009954589077928
1266,127.42121152638325
1267,2.357697998468619
1268,6.499382618797371
1269,258.0178965197032
1270,-54.363770035374884
1271,229.2438203438133
1272,54.29010286744598
1273,28.943789693138285
1274,222.61584901506083
1275,157.8804793106636
1276,38.140151884484
1277,4.016465379843906
1278,1.574896605358897
1279,3.9734492862347848
1280,-61.9917080535602
1281,3.5199976233150965
1282,72.40459340250355
1283,156.5574726575898
1284,3.0131833973796067
1285,-53.914117532409904
1286,2.380740093622636
1287,49.15490181210256
1288,144.94476473432826
1289,4.477384734251993
1290,226.0157336137903
1291,3.237379450893302
1292,48.95881003522928
1293,102.39306066974976
1294,259.91245267512295
1295,173.62510329719487
1296,6.127074110391588
1297,47.98778226598108
1298,-7.328168608172562
1299,4.926918137373175
1300,165.61035814273924
1301,222.638039571634
1302,203.15558158983916
1303,6.380865132397144
1304,3.5497799438139577
1305,5.250070561889579
1306,57.65277312694047
1307,157.26244073218402
1308,1.8849604413297576
1309,4.79176134081538
1310,340.73987840992527
1311,2.767691230019997
1312,6.914730910921733
1313,37.48312793780739
1314,199.46784764912042
1315,163.71683516472663
1316,269.62702634379605
1317,66.29298957548511
1318,2.0717225848958734
1319,200.2639811929888
1320,237.14473867035662
1321,10.917575929271564
1322,53.08454163348716
1323,270.2510739118793
1324,239.26629595502655
1325,46.6601063722873
1326,61.15347394975341
1327,242.75803076925558
1328,3.1592057338225557
1329,6.102451298522482
1330,126.34445034171577
1331,-14.198668082676708
1332,311.6586964555023
1333,1.2393855616479552
1334,347.68892688197286
1335,1.8707779421059105
1336,89.60440433819173
1337,33.95898824149614
1338,244.93262027633693
1339,6.822656661533934
1340,200.11180330845016
1341,244.70173667444186
1342,185.84340817298022
1343,48.422484969149586
1344,113.52266759740607
1345,3.003351097145495
1346,53.91176401756114
1347,87.96700193904297
1348,2.759990481387653
1349,198.16580087135543
1350,46.00886923632112
1351,228.9618859820094
1352,2.693800384045421
1353,18.5715393913733
1354,4.660674582729309
1355,5.977807790533181
1356,3.551279009692924
1357,5.445341067656758
1358,6.6778747474085645
1359,1.6575543653850873
1360,305.190105051214
1361,4.34428527676611
1362,6.426961918796858
1363,68.62809076914243
1364,3.249179697596767
1365,5.858836498570998
1366,6.594786512465845
1367,5.869375405323363
1368,9.785059377385478
1369,184.72974953381663
1370,290.70418691226405
1371,218.93785421247486
1372,29.40305015974451
1373,3.4615114472724255
1374,206.54235936056548
1375,158.54918518082036
1376,5.1220055870269
1377,4.907575177624031
1378,106.05447144526781
1379,94.26074244291266
1380,107.98398909876079
1381,241.69670898937144
1382,91.29637710601361
1383,59.184608185941556
1384,-9.280179332066073
1385,153.51602667855417
1386,2.4155172952334754
1387,74.82458091883151
1388,1.6568732600637195
1389,221.61269844275037
1390,169.51769731113063
1391,91.88568325574104
1392,49.285643624858054
1393,278.66257939059267
1394,-22.256469747256745
1395,44.246156649910674
1396,181.49762347454987
1397,5.512180279017013
1398,196.36942123078228
1399,1.4857701490145343
1400,75.97403671832637
1401,320.81518535498236
1402,52.19445145589515
1403,296.76053917905773
1404,95.01798392858217
1405,115.67153017448214
1406,1.9588029201815633
1407,114.72486763008908
1408,7.716160217642424
1409,3.5755749926259286
1410,243.72880393786124
1411,250.18358750002895
1412,-38.09729992389716
1413,123.52142710450849
1414,255.12652170820274
1415,2.0886254289128843
1416,2.783278711860152
1417,4.25458971415252
1418,314.80404176346906
1419,142.99634885609066
1420,4.508292593777907
1421,38.09901483803209
1422,6.719739938456352
1423,3.1961059914482104
1424,5.446465863083385
1425,2.2322069938583624
1426,-17.23466112662428
1427,3.7338763538415543
1428,4.699597267149095
1429,3.0138268139381252
1430,3.761326802551281
1431,6.359045789848587
1432,192.56387607048177
1433,2.8668899752984816
1434,6.432624154868589
1435,4.564898557815626
1436,-56.33700082774823
1437,185.72871957571022
1438,136.35577879978058
1439,6.374127407616341
1440,2.751644833184255
1441,120.62497913737384
1442,178.95618534641093
1443,43.19376845453024
1444,5.702176753730467
1445,54.31290321611795
1446,276.13871674852373
1447,246.61638010176284
1448,-18.304321083400417
1449,5.872608073733997
1450,277.9009881650758
1451,141.35054514635644
1452,5.480657164691614
1453,5.720924619536125
1454,175.0748755824555
1455,69.75745243432439
1456,-2.5754777290159763
1457,7.864118086222691
1458,4.799754696517036
1459,297.7898507389052
1460,335.84743417707773
1461,166.97585227307718
1462,-7.354956961294172
1463,79.33878440840621
1464,5.847322699011134
1465,2.9309567641814747
1466,235.44915640685946
1467,5.706957416241366
1468,5.3874125976208695
1469,34.40073853577819
1470,3.820526900390962
1471,38.47888285270723
1472,6.769649603189508
1473,2.013169079167174
1474,240.1032983625209
1475,93.66001223567218
1476,6.646608234098447
1477,2.4347419458097694
1478,137.05040115570148
1479,5.016919956409078
1480,114.21982164779206
1481,5.87535204125017
1482,162.77922611068217
1483,6.110521644589439
1484,248.65483297838875
1485,182.1126919345077
1486,6.624653178913295
1487,3.6291085888650856
1488,88.74737047660783
1489,-28.568167807411516
1490,94.96636178455478
1491,3.651887181491217
1492,2.0405439903212383
1493,7.4544072344362196
1494,5.486915110536153
1495,29.16019763441677
1496,7.641115208113642
1497,66.53682734321416
1498,5.6776244005880425
1499,82.75623088223804
1500,7.1236169910382605
1501,5.9086852782406085
1502,110.51459915334286
1503,5.734880378580613
1504,2.0857962863442614
1505,4.644430381519055
1506,179.7802978676987
1507,37.13425275262327
1508,85.75108584167074
1509,59.61702669921583
1510,3.1583244558007326
1511,-18.012436490484774
1512,59.908145070791285
1513,5.0319778664305845
1514,249.4696051335922
1515,30.29639794744074
1516,2.8166229592566694
1517,339.79364297239465
1518,4.3082276249057925
1519,238.6305454689983
1520,5.1180015834633
1521,35.24837164411524
1522,5.006666121936091
1523,2.9848752267841028
1524,128.02787361185864
1525,-30.827772514245275
1526,2.4368446202373044
1527,5.290713531512659
1528,2.5654498224852786
1529,215.6703079929535
1530,274.6608331735672
1531,3.6800987064624433
1532,5.906733574289137
1533,3.7629115676852356
1534,9.682566544044217
1535,76.95360225003608
1536,5.914310090434341
1537,2.633962096493341
1538,288.5173379962438
1539,154.09669489139569
1540,2.1468376924453287
1541,118.59830220565891
1542,3.3775095924848566
1543,20.906405652255593
1544,7.853939771350753
1545,3.585811250289058
1546,4.403905379854334
1547,-39.75070297618885
1548,199.51375645361367
1549,46.233321582791135
1550,3.6613978588675735
1551,2.307686540845526
1552,236.8659637153473
1553,5.9813909142470205
1554,279.4350743948312
1555,133.58036216891196
1556,3.7495501577050776
1557,13.814385136139144
1558,3.6713384389477106
1559,241.36572784085376
1560,205.51507720350727
1561,193.7367762708434
1562,245.79014397296146
1563,98.77835743788101
1564,3.2270145525872946
1565,91.32200164943995
1566,3.7776685013706777
1567,16.676182451015865
1568,105.69611264451005
1569,16.416907710199418
1570,293.46140439268754
1571,2.883464000226553
1572,80.84932631039237
1573,2.213849988742073
1574,5.056858943769743
1575,5.740504420399843
1576,3.8920191734315956
1577,5.499726998129669
1578,87.58261580246003
1579,5.091114581902474
1580,181.14347517852877
1581,270.25429576605956
1582,6.75205755569623
1583,297.0295615004262
1584,310.86662907169244
1585,6.454781511700439
1586,4.963823860755465
1587,58.575507321476195
1588,299.4064300862959
1589,7.26560682094064
1590,5.997667911996531
1591,156.3964055103992
1592,7.065166603562395
1593,124.1199382532088
1594,140.2693853934067
1595,127.88312835838067
1596,5.646074955949027
1597,56.503402460438345
1598,6.799467364111189
1599,3.6633725141521882
1600,4.348492854821786
1601,2.7477667868165883
1602,5.921676982463156
1603,283.1622646912577
1604,38.06090088560333
1605,125.88938829607739
1606,265.0557818868475
1607,-17.09233028240967
1608,3.4268248085450392
1609,6.909972431751613
1610,4.078190558364899
1611,205.88409709310366
1612,82.64885407709787
1613,2.3573614507947585
1614,279.28887682334454
1615,5.71089830633913
1616,3.7549403376138026
1617,185.9309636677616
1618,225.33190299924289
1619,26.020249374957743
1620,81.41806781964328
1621,2.5799307130445985
1622,2.594909481022732
1623,2.748294817424287
1624,249.28463605442337
1625,57.697489939692524
1626,1.6328270455482674
1627,44.27267645946741
1628,3.6108265519294895
1629,208.1657059671646
1630,137.1138133346679
1631,3.0355205157258824
1632,302.83368854815376
1633,5.300040728460036
1634,17.074502732393572
1635,3.450549198892559
1636,4.863991104782369
1637,6.525087192546337
1638,211.37338474027223
1639,51.377060563514114
1640,4.440374700604786
1641,315.77818489786756
1642,132.6101031292461
1643,194.79306884351672
1644,124.09358779224416
1645,179.3391375109325
1646,6.194471695568299
1647,6.67593230592414
1648,25.057531753955438
1649,4.423313298452687
1650,88.97882825702642
1651,6.450854634652463
1652,7.0093329945018095
1653,230.54830680746454
1654,6.494090448647259
1655,296.9963369204736
1656,55.87577586850216
1657,1.3086130069042148
1658,294.2980024330466
1659,2.141567062886379
1660,-18.905887057687252
1661,6.6931493778553435
1662,186.11818522526522
1663,5.8782238329804954
1664,120.19001658867327
1665,1.1991747245488091
1666,100.89696265582657
1667,-65.61993534799579
1668,246.1881596820981
1669,53.668403059145035
1670,2.017725678433061
1671,2.275659707514418
1672,5.486769095176983
1673,4.313090780246679
1674,148.94754240542582
1675,2.1693359525218794
1676,-57.074078891092896
1677,34.59747343673705
1678,-9.513308774786406
1679,235.37800525669417
1680,97.5233456367699
1681,1.417408279539259
1682,3.153096655208382
1683,82.35281317436457
1684,13.800943029692318
1685,6.679352369702158
1686,140.11495171064735
1687,7.041189221052476
1688,179.8266250326057
1689,279.0109281340295
1690,3.0902761268044423
1691,3.6451155251506715
1692,4.09785113600606
1693,2.7838910421381824
1694,67.94983653996582
1695,242.12698328699338
1696,144.86802536583178
1697,1.954543475844679
1698,218.97925034238236
1699,182.61662872612888
1700,125.99192852800945
1701,272.60809414183655
1702,-56.04822652793153
1703,5.551298935883994
1704,5.561792014111534
1705,2.9716930716141823
1706,99.36889135332203
1707,5.2856230774596185
1708,78.11740081456671
1709,134.25573140881318
1710,6.443055521139077
1711,69.40098558404712
1712,1.8720495115847668
1713,5.952731604785628
1714,-39.38161011337641
1715,5.155609506492211
1716,2.3145599365608507
1717,42.996524560700166
1718,121.74273095917187
1719,29.03326720416951
1720,6.258208808142527
1721,236.89187669156098
1722,3.7091318729637615
1723,144.2679654684237
1724,127.28446313347695
1725,4.0007034472244944
1726,3.9300500319221157
1727,256.596271085252
1728,4.5352280050041465
1729,3.650269286103403
1730,40.875808470186215
1731,219.9323542436847
1732,4.786210543610514
1733,375.1842574727116
1734,270.61615139510275
1735,177.85906660140972
1736,3.2795395043531235
1737,308.6996970452635
1738,286.5689374160628
1739,237.1053496205526
1740,92.96692733495124
1741,82.25651993782506
1742,234.62664955203638
1743,5.217006415210248
1744,116.7672893461669
1745,23.161670905491135
1746,3.5608163475534145
1747,7.298941063126575
1748,202.2363140855187
1749,3.551475285340765
1750,97.41757824354752
1751,38.889103494399976
1752,6.9017798693733345
1753,6.009891434399931
1754,277.924307757977
1755,225.5303388607134
1756,1.9042178809542953
1757,221.5628671217679
1758,334.29980328827094
1759,5.051192959533182
1760,304.2791858078401
1761,246.47925352842137
1762,25.45714146162849
1763,34.06333348705809
1764,4.806740297147695
1765,4.706139127702826
1766,220.57455655325253
1767,185.81188286464908
1768,5.6497400562518685
1769,58.335540460978336
1770,72.80019330913098
1771,2.6458754645087526
1772,227.29856466497844
1773,273.83495738061816
1774,6.503039987102349
1775,286.8579206617114
1776,2.1808603953228336
1777,-1.1333588611014638
1778,14.979407868574645
1779,-38.734851284050436
1780,119.0917077931929
1781,5.6697967598675625
1782,183.6565811296715
1783,231.92973997585932
1784,4.040636169904035
1785,39.543953096340026
1786,3.032760421215978
1787,68.1906312094329
1788,5.297467616428204
1789,2.364209114026747
1790,25.21326687125774
1791,3.737532279350305
1792,2.885262521010007
1793,2.06281070903066
1794,170.3534390854082
1795,190.0246664086421
1796,262.13432404479244
1797,145.69035291586448
1798,6.604300888164954
1799,215.96077109365166
1800,120.67790273239612
1801,4.792861428357669
1802,2.225594125623711
1803,135.83916523350575
1804,4.0063211323995285
1805,172.90492109212363
1806,5.711830490543797
1807,286.06536078354094
1808,164.40547562319387
1809,64.5604634070815
1810,4.523326144804431
1811,2.7599788365248537
1812,31.46981737430594
1813,3.5625820607749286
1814,146.3175556449402
1815,234.27050624923913
1816,5.461020248340956
1817,106.03627350155651
1818,61.82455123333139
1819,235.24942306993213
1820,7.329469668019859
1821,3.1189278205269084
1822,280.3737969368917
1823,5.21767424975408
1824,71.68710987018909
1825,2.368358484023195
1826,5.939965436408322
1827,4.841235470840465
1828,2.1230690609243563
1829,195.33760176043114
1830,224.33746989739967
1831,6.7654889944343894
1832,60.962661130095206
1833,3.0714868456021915
1834,3.6831053120332102
1835,105.4046619260007
1836,6.444831538342121
1837,6.136245392644309
1838,5.878224147787584
1839,120.60494502590146
1840,-7.130323775754079
1841,-76.05693909425604
1842,245.0363982123011
1843,175.89011115800974
1844,255.12652170820274
1845,150.87294995758964
1846,44.31485970082549
1847,277.04082668971614
1848,116.67963111364175
1849,3.726166870497707
1850,5.791559346870715
1851,-68.95757033135874
1852,6.564298521923584
1853,86.79266038179392
1854,59.83458515236682
1855,5.347851188216956
1856,190.93420235803887
1857,2.4341839573940383
1858,4.996609631872765
1859,6.262230554949225
1860,5.808016418758514
1861,150.49428962894513
1862,6.355874812820139
1863,69.53813396423003
1864,69.55530643178841
1865,219.45692337281736
1866,108.9851384910231
1867,77.23201311408275
1868,276.8697807347795
1869,147.88329291604836
1870,3.4163353143374033
1871,255.42991794449154
1872,43.042737607716546
1873,2.849882573991448
1874,24.249098112785756
1875,100.76423289614024
1876,3.340365675719387
1877,2.2627305029379965
1878,62.310295010953
1879,61.298341541750254
1880,250.85115851704575
1881,5.838575415646769
1882,102.03847756560663
1883,6.180648746417915
1884,73.19002667662576
1885,302.34004076819826
1886,273.20147338152566
1887,3.257860182887352
1888,194.61425212467503
1889,239.878280492054
1890,2.3031305715178756
1891,252.8174580958974
1892,214.64107589941926
1893,4.495778198751447
1894,2.019449131829656
1895,2.463560711323182
1896,5.896453206412903
1897,57.75396753065651
1898,-53.506984590781805
1899,3.067905453156603
1900,5.881695479586945
1901,276.9281808205671
1902,231.70318577413312
1903,-56.75984643167713
1904,74.85002320416208
1905,71.0351112847394
1906,169.87873203079192
1907,6.734452633154701
1908,6.084369399702763
1909,119.7111883847069
1910,6.358568913776519
1911,4.927528751118038
1912,4.065999328890903
1913,73.54226625614041
1914,-18.394537151014987
1915,7.199098868128463
1916,1.2839244585997482
1917,3.3695803887263014
1918,154.33182831737403
1919,4.768345571896758
1920,4.657095443143171
1921,72.42647767092113
1922,3.0792287339012905
1923,6.576845713152522
1924,2.7828473600915506
1925,4.429012988660713
1926,99.45924082114053
1927,136.43118414536622
1928,3.775122770301561
1929,48.41329737412758
1930,2.7754789419184647
1931,5.962264761606457
1932,4.656197295573717
1933,2.8803377529728795
1934,253.56415640174328
1935,6.292694883653582
1936,5.001278222021408
1937,39.28243815102508
1938,-22.680831527404326
1939,2.671877728470612
1940,254.40872766620262
1941,3.074706022987099
1942,241.7727749011583
1943,3.6566226678604092
1944,228.20853126584478
1945,290.0050446259419
1946,5.716154420248768
1947,86.87326506620843
1948,5.768462327858671
1949,17.80714554178223
1950,24.319159004309128
1951,2.548003177502851
1952,44.59121739838871
1953,396.02706825688097
1954,2.7446852079877404
1955,90.7751978463125
1956,1.998304871918494
1957,124.659072974109
1958,4.2313570903639715
1959,172.9166336451503
1960,48.13993282040029
1961,1.053206312869169
1962,4.151251366953343
1963,2.9562774425471745
1964,4.854954670186675
1965,98.37681485954653
1966,3.0955662481480157
1967,5.038936970809161
1968,272.55360432274733
1969,59.749415851686784
1970,5.660496052190491
1971,1.8923794143535781
1972,106.69171199931287
1973,-35.36153037158137
1974,2.79813421780852
1975,3.021252643197364
1976,306.50148393281756
1977,1.6565179250930235
1978,213.76372254804238
1979,88.14337151594401
1980,268.00620290334666
1981,191.94603334067517
1982,116.88368846286355
1983,69.69635541239103
1984,8.43156625267307
1985,4.848010509105162
1986,3.8580841896386064
1987,6.1487727992729795
1988,1.2126154992908678
1989,5.850992428392811
1990,4.967968225560716
1991,18.5375485946502
1992,4.317652998425882
1993,30.479610895832344
1994,1.9317714276912121
1995,107.3914113598964
1996,3.7295314257977887
1997,2.5724449516136687
1998,5.655991008583903
1999,320.02951029459973
2000,5.858836498570998
2001,286.94306413534537
2002,-63.37439017530771
2003,6.72579013072668
2004,338.0253412400892
2005,64.83372155466898
2006,4.93690281743444
2007,46.16928304164759
2008,225.82949702657962
2009,144.82116111146894
2010,314.69314856090784
2011,6.108147577299289
2012,174.71001106427093
2013,-36.97997883489296
2014,280.55761689207714
2015,204.61725386960342
2016,34.60285615172464
2017,2.657190581216236
2018,88.57643409405762
2019,76.36831312976713
2020,6.7415663938762185
2021,4.411991197466381
2022,185.26103491426417
2023,107.15791188561116
2024,2.720249066703734
2025,4.187527155502458
2026,77.57475324606116
2027,5.915144178151331
2028,6.298138795339859
2029,48.27329228586947
2030,305.30362868518625
2031,92.33653531901697
2032,284.05290022330183
2033,230.14500400662055
2034,2.5571750864201155
2035,57.432061653499865
2036,187.62668072821182
2037,5.353519846159435
2038,3.161932570376747
2039,2.8961006756086145
2040,135.76533271153616
2041,230.33411695199695
2042,4.232611846702054
2043,189.29010613988302
2044,2.754419344059647
2045,94.34527743590827
2046,285.62176671119437
2047,5.338271818731066
2048,-25.412832002248628
2049,1.9485982285536083
2050,344.6964512961424
2051,3.7262475568648616
2052,3.4116910128811826
2053,249.93218652172982
2054,4.64415821248028
2055,3.630935119632991
2056,-46.29386106820198
2057,187.1998422063035
2058,-16.94048211910406
2059,5.200605448666749
2060,26.726517824512037
2061,2.299312638901792
2062,191.8944073158808
2063,3.511897503699319
2064,3.705506518882127
2065,3.6987564643400264
2066,1.9596889262624246
2067,6.071749662199531
2068,3.0099483068459616
2069,1.6834016271259826
2070,282.1349879389768
2071,299.4064300862959
2072,4.487174633386743
2073,206.48088600006625
2074,374.15782811725626
2075,247.43344235148987
2076,3.600736925866875
2077,2.708393935242311
2078,3.892476756890312
2079,4.4945126216558675
2080,2.4171057141813064
2081,3.173684794008281
2082,5.76948181361666
2083,37.54286410555534
2084,2.892242230275709
2085,5.186301049601131
2086,107.6719365079756
2087,94.18215912828953
2088,17.7203148480215
2089,83.09421327803591
2090,247.97327890969962
2091,195.41032503200802
2092,-94.33931218636648
2093,5.40479250396825
2094,3.8260603281293353
2095,105.02620862323383
2096,50.13383206497032
2097,111.1584007072286
2098,5.535448741905254
2099,-27.858530066586514
2100,19.897649131208514
2101,5.810006196865856
2102,6.960092533533885
2103,79.58202703132625
2104,61.34041008946765
2105,17.693632291388333
2106,314.1366509538941
2107,7.167609011728168
2108,6.922714980394179
2109,5.9114133631226675
2110,241.74827159024875
2111,3.7816656268104394
2112,44.75178917819456
2113,92.019989678186
2114,2.5019940142819235
2115,47.42407305388196
2116,3.8141754164607056
2117,3.5766268471193214
2118,3.733907922868792
2119,112.86571025739315
2120,4.012689466138961
2121,194.0684938547512
2122,236.2527079788323
2123,2.9226689281564866
2124,1.6380122540283863
2125,4.854619438697129
2126,6.054965947651506
2127,54.658251590552204
2128,193.7687049713017
2129,1.7806306399500025
2130,2.1527090558675335
2131,5.471247794286468
2132,5.995446147452201
2133,225.57441885821697
2134,51.50656726739875
2135,227.741898881334
2136,29.80637445228342
2137,241.52337905117645
2138,3.1987092172365337
2139,64.21371117442682
2140,51.47707107405377
2141,52.276097898309544
2142,5.485248941937122
2143,-4.119967414999113
2144,164.2982372187927
2145,44.1072306961381
2146,4.261316340998991
2147,4.643550671060785
2148,88.91307278900328
2149,-58.68693095159885
2150,-1.0672443458919196
2151,58.433310846906174
2152,4.831590830830368
2153,3.447724339371939
2154,1.7890260409642118
2155,2.3784393456003277
2156,5.878223596875177
2157,107.5175963551529
2158,3.909997313646715
2159,324.0413167133439
2160,224.7398581366939
2161,317.7610953252631
2162,1.902244348627029
2163,303.643306512811
2164,6.432986141602937
2165,2.981298305353155
2166,2.1365387557916424
2167,24.38624163804974
2168,306.67122410419836
2169,2.19309260593538
2170,2.5687019729015197
2171,139.56819204002292
2172,5.416695401506615
2173,263.33421298337726
2174,260.4182253875591
2175,1.5834573665892395
2176,4.639973102437252
2177,-38.86485865323976
2178,4.191940576553842
2179,75.0255083957826
2180,275.71825676864745
2181,2.3958770006546573
2182,177.4221896046687
2183,191.94034743281537
2184,5.872607995032225
2185,1.9794324180923948
2186,3.007848937272121
2187,4.591395025074198
2188,251.077846239738
2189,246.45190880330642
2190,69.188488107176
2191,2.6184001801597727
2192,2.935087758194755
2193,154.49712743669807
2194,3.3652593323536104
2195,4.974273524994777
2196,6.5002987777333905
2197,1.9773974144194975
2198,4.2244405723248954
2199,3.342311090414508
2200,1.7370825342662346
2201,3.971973706388669
2202,71.69447457968991
2203,2.523229205235944
2204,1.9157181884210728
2205,81.41875067960143
2206,5.319005666744108
2207,176.70709203444454
2208,4.846739052598323
2209,34.02221719618676
2210,238.65570053538374
2211,1.775093921670848
2212,4.315889691979561
2213,6.529776725934569
2214,92.43010217579219
2215,29.880896222561496
2216,76.36376137783373
2217,4.965035322517856
2218,39.073151631307496
2219,2.6922711378354145
2220,5.528457133442879
2221,3.4126023308342845
2222,-63.47863428443884
2223,212.00150399276285
2224,-29.137850959290915
2225,171.86105381062038
2226,-22.175063071123738
2227,58.750740364621606
2228,133.10844310957114
2229,192.4504454866783
2230,3.1854124710974094
2231,5.485851054814635
2232,4.406994106907505
2233,264.26342829265946
2234,211.97230581096244
2235,217.33938285781787
2236,3.4011920510786315
2237,3.167852321588879
2238,256.39060604990624
2239,97.761986144919
2240,245.0631642577708
2241,2.7581226621349275
2242,253.73349971573026
2243,6.248321604890928
2244,95.73100394332056
2245,228.89346822102175
2246,128.4673282012352
2247,245.92159909836388
2248,6.112859372283856
2249,289.2669721471311
2250,139.68638622000117
2251,5.259452129375619
2252,240.7817200919834
2253,6.072526444050016
2254,190.13675950553284
2255,-93.35063459597302
2256,38.61997980751066
2257,1.8141757220130175
2258,3.2655778402927553
2259,83.02676288882836
2260,6.609070825028009
2261,87.82984582565891
2262,2.2026241725146782
2263,69.82276138882011
2264,-22.50344408023681
2265,53.961002756494594
2266,2.3841334817907196
2267,2.9956063773212094
2268,5.851248403853752
2269,4.236974788238913
2270,8.537888499281149
2271,185.83178035403452
2272,47.01633744582779
2273,3.407337274300142
2274,6.109145823868537
2275,6.750127911928878
2276,4.527628504286044
2277,2.851267390985705
2278,1.3302240082024182
2279,5.8642517755653945
2280,2.7226522064261616
2281,190.415800128956
2282,1.949736085117834
2283,4.015287630482306
2284,233.4144380360765
2285,3.2207423113317364
2286,-26.033474135941887
2287,5.374595741192505
2288,3.2990157972066885
2289,6.319631668905826
2290,-32.576060918533145
2291,52.04108524679193
2292,5.163787064682596
2293,1.9578305398888558
2294,0.38931314833682273
2295,2.6012342052564246
2296,5.0342949314642835
2297,144.50862180409854
2298,-34.631348486521446
2299,42.912449622397276
2300,3.660271282661643
2301,5.812400365128058
2302,-94.65710284744233
2303,171.79645812966254
2304,5.357556223586945
2305,47.56586542759181
2306,288.7340294934455
2307,28.858922695417494
2308,50.83219043606961
2309,5.984457242578074
2310,178.45464061851038
2311,-50.74487636907644
2312,70.26799616234038
2313,4.244187046626127
2314,4.612515962518243
2315,196.6353160082082
2316,7.36602956936138
2317,3.639361838569468
2318,234.21970239278977
2319,6.583224663894786
2320,106.31003386506805
2321,3.5263791803871802
2322,231.85902851721275
2323,175.7057944312908
2324,2.008010446102301
2325,32.07727673124855
2326,3.3320990710849427
2327,110.50617077963996
2328,3.86784878496006
2329,336.800318203291
2330,181.58125579696724
2331,0.9075468335297703
2332,279.02929982479696
2333,-15.6295529431782
2334,2.6451993502457807
2335,5.452047215572296
2336,42.80310353287769
2337,149.3026731516668
2338,188.7382245882432
2339,33.86440824176082
2340,48.04390029215678
2341,115.63174802200645
2342,2.533723727223037
2343,6.135777821277584
2344,241.88940884012695
2345,5.903967660457596
2346,71.13769506345682
2347,134.2057154445144
2348,1.8117268987589936
2349,271.646980861647
2350,51.69563308859771
2351,5.065705323116062
2352,4.938674011674399
2353,1.5771210232034982
2354,-23.201425121295053
2355,138.43750008987655
2356,3.761319194606349
2357,122.01617207809149
2358,6.258217222174975
2359,6.887345701792195
2360,4.739274666085434
2361,5.9438366442138815
2362,248.2890312051292
2363,4.230519681341227
2364,215.4536040435077
2365,96.26445691231343
2366,41.51714005074789
2367,29.639538081621815
2368,-62.66796210723561
2369,4.364582643523945
2370,228.95429426058382
2371,35.846833234299865
2372,76.00945899834196
2373,1.981561628633539
2374,-55.559949574382
2375,2.0305001840005774
2376,136.48682553002618
2377,109.79222573356988
2378,5.580393460124412
2379,6.454684290337568
2380,28.40459591973343
2381,142.1625764746678
2382,175.85811595349765
2383,46.90425734305227
2384,3.378877912846624
2385,245.21392090064705
2386,5.847323092519997
2387,18.821878206159305
2388,256.89365443433684
2389,77.70940586153606
2390,1.9960659671346828
2391,120.02525723370415
2392,20.312065399633255
2393,77.58673774026065
2394,142.16297985415372
2395,5.982467614307536
2396,2.6754299222268205
2397,295.7883888922803
2398,284.7002334191733
2399,4.430094183589807
2400,197.89977460604285
2401,62.35812687184675
2402,233.5153360380851
2403,6.298144413509078
2404,1.985590229126347
2405,5.137459122886888
2406,2.4462526933422897
2407,68.96887907368952
2408,250.08889386900296
2409,171.87862566407983
2410,4.269071560016479
2411,6.520742295424592
2412,311.7863593406983
2413,-5.501444941964573
2414,4.084932982694412
2415,81.45644937185325
2416,258.294950836425
2417,26.053114120150383
2418,3.256096735977711
2419,4.05137668473917
2420,1.7963059544987523
2421,6.549818594039847
2422,197.74947674106593
2423,2.501706074186454
2424,186.51838810924573
2425,6.278162464640539
2426,-10.176932400827129
2427,166.6118144409474
2428,25.334312875888422
2429,2.609280662329918
2430,6.177628341900418
2431,3.304380016126566
2432,314.19575875119403
2433,259.1066319201776
2434,4.672748610237781
2435,59.311008037684694
2436,231.4481268499673
2437,-67.04550066983634
2438,5.646879524206339
2439,7.257896661749596
2440,168.45937496622207
2441,6.406000581177455
2442,5.812714961282682
2443,4.670216353005767
2444,-69.35506780056815
2445,6.491915450296059
2446,5.58380699962378
2447,231.22001361106766
2448,6.867786179850781
2449,6.345103212577932
2450,18.55145387250855
2451,2.830879273784645
2452,4.413823626020846
2453,37.4942950660178
2454,289.3819791673983
2455,119.64665330610495
2456,3.219375307899933
2457,247.0427649694472
2458,6.0615470784272745
2459,1.969851782615282
2460,5.774665528021601
2461,68.610002248217
2462,52.60669718808672
2463,6.266790863785375
2464,-64.29762450951377
2465,21.22826077147283
2466,192.3458091677307
2467,147.51856237329883
2468,268.32050913119974
2469,266.63568042431575
2470,5.789712759194986
2471,124.20711511464663
2472,2.76919412635541
2473,21.9824772214884
2474,195.86267999404197
2475,6.378725092000193
2476,102.13944331406455
2477,149.05540436509966
2478,151.83845319614312
2479,5.360677780741647
2480,49.01907813803071
2481,76.55564503575522
2482,2.399216748464664
2483,5.076064483910674
2484,124.95422360778639
2485,126.4103770641351
2486,6.744775222978411
2487,5.504225326855187
2488,-43.415450602039144
2489,168.68711275991097
2490,5.606539803272501
2491,138.47553855037336
2492,44.519950999051034
2493,64.04862094019185
2494,5.917114795564244
2495,5.4638783966774325
2496,95.44075061974752
2497,69.77069231633665
2498,2.497185700766284
2499,6.711639042595378
2500,1.892847463824615
2501,81.7549785967459
2502,270.2234881036276
2503,129.76208823203774
2504,347.42316170051356
2505,3.5334512574053707
2506,4.917090880727431
2507,272.56760950639614
2508,200.0742166896575
2509,87.61675808276263
2510,6.589315717790108
2511,208.6908195098162
2512,83.72884083155256
2513,168.73971712819184
2514,224.03126814415327
2515,309.12077464935885
2516,2.002079662655065
2517,2.396138403664598
2518,290.42473564426587
2519,4.366451132831733
2520,108.91371576680713
2521,120.85067082232091
2522,1.6253701893109869
2523,5.646521362015616
2524,5.084021473793541
2525,295.2832280709139
2526,3.1536380333941327
2527,3.6663957458161125
2528,232.23175680381323
2529,82.10055659401479
2530,235.93550381997665
2531,287.80222895836266
2532,63.69462936556497
2533,1.8865252667944878
2534,6.047403291542954
2535,5.858836498570998
2536,3.687222910275934
2537,6.392830144973133
2538,5.985520706289989
2539,169.53057737084538
2540,2.4457552678055774
2541,1.6789696197034987
2542,2.829928699451115
2543,5.690345542262912
2544,157.95398612443398
2545,2.3952683277670346
2546,294.12168694484376
2547,22.277880932305074
2548,16.827746578386897
2549,155.50920183325428
2550,115.9792225247848
2551,-36.25342128646218
2552,1.9766370708032914
2553,285.6765126237799
2554,2.4261803216262403
2555,67.53893800642356
2556,126.97915067854066
2557,4.500113167685165
2558,-7.03703862451285
2559,6.342440794855014
2560,213.07970449476417
2561,2.427070755692407
2562,216.91281423433372
2563,239.87742031329378
2564,274.28034569262405
2565,4.685488122278992
2566,4.3219597699994665
2567,269.76755774963164
2568,66.76032166304003
2569,75.1431729369595
2570,3.497285685210707
2571,89.54120412347714
2572,-57.08105063243435
2573,192.4571885800163
2574,2.9954430643060856
2575,4.252881833791151
2576,3.269874799229572
2577,6.650937725558764
2578,33.01223567789179
2579,5.933443009006878
2580,5.252985590008792
2581,3.045802326779478
2582,-40.24277574311968
2583,2.6067114997680467
2584,6.468081610661857
2585,50.63851999564936
2586,4.96731024184641
2587,199.17556975281093
2588,216.62134270130457
2589,4.682769596860817
2590,40.16150652457115
2591,1.6743326966259855
2592,115.71278828822801
2593,56.271953950860315
2594,89.21815153921403
2595,50.328335907864954
2596,47.60280643111315
2597,5.399041450453806
2598,6.28364558143814
2599,-0.2791869436886927
2600,3.7883555179532236
2601,220.89281624659134
2602,6.057782929000631
2603,353.65280497183835
2604,141.49114586525002
2605,38.18728057453714
2606,3.9750288022349305
2607,34.65471778551033
2608,194.73640858612853
2609,30.607198214316888
2610,2.66246694739017
2611,-8.388255724604884
2612,3.5477612517918393
2613,4.356662328627738
2614,2.9957852133301555
2615,111.95637216068283
2616,135.93224208916536
2617,275.86792481878024
2618,197.6040236171883
2619,4.87803323050856
2620,2.5200668977737704
2621,4.506766434696649
2622,2.5592114273456508
2623,1.8096370776664266
2624,6.7387286233316575
2625,115.33132604633552
2626,283.0735589960659
2627,49.32958154624457
2628,138.9417391679749
2629,52.928621440305605
2630,115.54426010022885
2631,28.41810203606046
2632,5.965962264311022
2633,316.36015357223357
2634,57.487001324422934
2635,166.1728022844825
2636,-40.2201254036525
2637,3.368313312325916
2638,-61.05208047667601
2639,-50.90007480632029
2640,186.5086193632983
2641,3.9192316313366486
2642,5.911683387868392
2643,160.15261263802893
2644,158.04143305892507
2645,208.9344582126216
2646,2.6525034900425446
2647,3.6357867193812012
2648,4.450463603176253
2649,6.538188776964141
2650,271.51742284147315
2651,222.05707453041893
2652,49.289071790727604
2653,3.5278160073189793
2654,37.106197097681864
2655,224.85863758878074
2656,241.17492456106976
2657,2.9332276879977512
2658,15.47407014414601
2659,289.6525999702916
2660,1.8206649220057418
2661,273.8181045279417
2662,125.16666736224818
2663,6.023233035424541
2664,73.34480281671424
2665,277.2103192376205
2666,237.06905282259828
2667,-39.200112923349934
2668,34.87030659108478
2669,6.749281880833669
2670,102.19608787002224
2671,193.19724508201122
2672,124.50054318096161
2673,258.54528450710364
2674,233.98006489903105
2675,1.7486933141514887
2676,-40.093908250654465
2677,353.45469328038155
2678,4.494262021612977
2679,5.555176965228269
2680,64.337863248768
2681,5.147983340185557
2682,2.374080923820683
2683,2.4298136759808724
2684,2.445485348146689
2685,6.492476349339175
2686,18.453295400273255
2687,65.52214662456892
2688,52.48149802965773
2689,42.37400114400205
2690,157.95243618556816
2691,76.04875271777729
2692,54.496146277489544
2693,118.43722210153891
2694,112.4848834677731
2695,6.505442823237996
2696,155.0067080465471
2697,3.726760295192281
2698,2.4444591880418955
2699,4.150397399386378
2700,193.89728893379373
2701,66.36787868655476
2702,37.94749315219228
2703,3.852337953588796
2704,179.10190863753982
2705,3.1920253609158498
2706,5.344564214401303
2707,189.25217463256251
2708,3.0277866670391327
2709,67.30530241535448
2710,5.628898013798718
2711,184.07296771781313
2712,1.853670289019881
2713,108.36078706590203
2714,-46.106073382536024
2715,4.668637033764582
2716,2.6556860025152287
2717,293.16345032196836
2718,3.591195340198958
2719,3.2058309544360584
2720,6.758241927849101
2721,6.218143346761822
2722,4.010846483566387
2723,219.41775838243493
2724,6.503129233642545
2725,31.096861786381687
2726,10.674323119246425
2727,316.89010687911247
2728,35.85193403034426
2729,185.8099469646436
2730,159.46865880651922
2731,172.52648696884393
2732,6.087322406798139
2733,218.22242699645284
2734,117.05434774790542
2735,89.33959722256516
2736,82.67356128865077
2737,165.2904877606902
2738,142.63954479766392
2739,116.90027125585883
2740,5.4860176909717655
2741,56.56717361837031
2742,1.4846520312547953
2743,28.88580009667791
2744,-7.172541559844438
2745,4.448353032837129
2746,209.60195607860516
2747,176.55978639242358
2748,2.6632589978834678
2749,5.29920765741486
2750,216.94760439033485
2751,257.8759703715177
2752,2.6910479881281244
2753,120.19617010601382
2754,0.36054455036974914
2755,38.66836760722562
2756,282.41204413738734
2757,5.933959806344066
2758,268.7697185446923
2759,43.19376820879838
2760,192.17918504045252
2761,6.517353808490863
2762,3.866916108472645
2763,113.66853640133326
2764,4.838975613876858
2765,123.98777572474788
2766,1.9949109376126843
2767,269.50629078169163
2768,4.41418109041043
2769,2.665825564842374
2770,225.8607891177507
2771,164.78553671502277
2772,6.936461602557187
2773,3.239534436701401
2774,4.4567602673718145
2775,5.715701835889206
2776,4.130786351837572
2777,263.23423975358804
2778,32.35000957316504
2779,2.115258770827331
2780,2.6439316346167234
2781,248.41381899266952
2782,219.64768548155052
2783,6.001907893094791
2784,7.994752868647506
2785,5.722556494868732
2786,3.588152491975107
2787,42.92346720406087
2788,5.245522638739689
2789,174.52832552441112
2790,206.088082426252
2791,76.82699512762133
2792,168.73716253176275
2793,171.00286381447054
2794,185.02164854025904
2795,46.87790625523381
2796,243.14794509115194
2797,100.79676500399646
2798,36.52202156591775
2799,31.623449659920944
2800,5.168468668240698
2801,4.174915396908458
2802,3.26256342086994
2803,13.43183315517844
2804,3.813844024521079
2805,50.288243850385655
2806,7.24826918837201
2807,29.029540709213016
2808,91.32469667195002
2809,6.508971530809146
2810,5.432493072562193
2811,160.24290908428736
2812,6.013691820809589
2813,7.593396622909604
2814,5.984606279130185
2815,273.04983985676677
2816,64.71399032343169
2817,267.99698574786635
2818,105.35822793487657
2819,43.489505716176936
2820,143.8550581747974
2821,44.37118734216984
2822,6.2784120488634905
2823,48.19288896146334
2824,249.5649944709354
2825,153.1655217484644
2826,-62.365391791566964
2827,6.237691556986481
2828,5.673635445949779
2829,4.712894904462354
2830,5.998503597943341
2831,6.230498286606253
2832,6.185759609361282
2833,137.05235061098188
2834,3.9029255201230724
2835,3.2237131925393916
2836,3.3961997418995193
2837,3.5088506839298397
2838,5.829537417188156
2839,1.9739420620348758
2840,58.760451924608034
2841,45.452779644165794
2842,284.3273404471188
2843,6.037681732712928
2844,174.32352086477812
2845,293.780511483935
2846,3.487003299153248
2847,81.48843283801352
2848,-15.601662803275243
2849,-49.34529929194103
2850,6.527302392272576
2851,7.096345688932103
2852,-41.61872410523684
2853,142.35667672403406
2854,2.3405300609076614
2855,65.20093567365782
2856,5.915949562833726
2857,49.520822481230674
2858,232.73500007905523
2859,1.3802633892914014
2860,145.39554635224118
2861,285.83778860474763
2862,271.57239778270787
2863,2.9780597097536132
2864,279.22419328116825
2865,236.75660214873676
2866,2.095465053371032
2867,2.371925312737794
2868,71.43368322060198
2869,52.841046190438206
2870,192.70962133146486
2871,6.220449320833213
2872,254.50413483487162
2873,4.865689706513005
2874,18.190823297717657
2875,4.342215444339538
2876,-33.5146080892729
2877,279.1413922582907
2878,-67.99886229121188
2879,5.066177082605374
2880,232.87274328305566
2881,5.976254912948664
2882,6.242731375625423
2883,4.249018156555131
2884,6.713589706709119
2885,198.90231564753208
2886,248.269412799801
2887,5.88559837494189
2888,2.0553408051522757
2889,6.380833106845571
2890,2.5536828451342264
2891,-50.30471355445295
2892,144.70555044681976
2893,-11.422383540588443
2894,53.305235055056755
2895,4.838369693598317
2896,2.5605143158664365
2897,5.23201436410653
2898,106.6215804896627
2899,31.71854280281306
2900,3.1389701482824166
2901,27.738193971253246
2902,236.2295231156515
2903,275.309430998855
2904,4.189866622628443
2905,4.0918494747386145
2906,28.080204121611253
2907,3.88774940250964
2908,4.926594125160769
2909,2.051416097295701
2910,110.30208360390606
2911,3.890681438720366
2912,2.0624547114984297
2913,6.432646601688544
2914,8.757157697181446
2915,7.732770379338955
2916,246.95180814710278
2917,174.99467416660445
2918,3.763807546107109
2919,358.56572092667375
2920,191.63605165064473
2921,5.452381541176544
2922,4.0104560590575336
2923,229.7645011990057
2924,5.226177303488483
2925,4.790242649951933
2926,5.9354863704537575
2927,9.082955405141135
2928,6.415776628549702
2929,171.71020655579576
2930,271.61322478092137
2931,2.384373167160741
2932,5.464398042372682
2933,-15.476027071667346
2934,103.82369117741723
2935,-9.150194145160258
2936,-65.22322857318515
2937,5.860237879272336
2938,19.619693424931597
2939,2.933155870138606
2940,189.5271882798309
2941,64.87459434443375
2942,96.16385618215834
2943,6.277961863936102
2944,6.5411222745198225
2945,5.607544692352418
2946,6.216020840527958
2947,-52.49035207196782
2948,2.4072755935426757
2949,6.606585074225726
2950,2.9508091554160454
2951,154.59445706274795
2952,142.08758552187211
2953,6.8910282577631135
2954,1.844537888116169
2955,18.45225618959646
2956,6.648063563771797
2957,121.8618635025909
2958,5.148751920711394
2959,187.90789822918964
2960,6.696483203080721
2961,158.7370708307542
2962,3.782196858099816
2963,4.028839823607125
2964,230.31549396700288
2965,188.4811354236795
2966,4.4089064683178805
2967,3.4786560724807956
2968,156.46908404991774
2969,-80.30892852724398
2970,1.9239271694429418
2971,222.0753340286712
2972,6.502244648098632
2973,217.35760974125873
2974,258.2178217977033
2975,4.431417382168262
2976,42.77732115880201
2977,38.85708209735789
2978,4.089805618860363
2979,4.500426190171422
2980,309.61236491643115
2981,301.17357325972796
2982,144.42254947422919
2983,125.45671114186838
2984,285.2259051847757
2985,121.46104846165676
2986,306.2552088173145
2987,225.4734067476922
2988,146.83402132574088
2989,74.39246538041289
2990,37.43980759033596
2991,7.216383472216236
2992,2.852066525672706
2993,5.587705156944015
2994,65.68440886402738
2995,1.944566486586208
2996,3.818661163348253
2997,3.2724793560123553
2998,128.70281995239148
2999,129.3818869363687
3000,74.78986797524064
3001,2.9013884614357197
3002,293.29005311488936
3003,4.410966071378458
3004,282.3052283292511
3005,108.68730336639874
3006,94.60238402542043
3007,6.370164667282609
3008,2.9856705236148784
3009,39.69298763408654
3010,4.1793462176930385
3011,84.07613998585276
3012,5.2456368867933225
3013,196.3014032172422
3014,6.503930244288906
3015,3.4403216634073917
3016,5.851207973541329
3017,6.59886390940863
3018,4.466315664313619
3019,231.34493257963715
3020,3.4595843402526505
3021,216.94488782717718
3022,265.650540449781
3023,2.8311074019200273
3024,85.79618387066628
3025,237.87671814583626
3026,157.457298243269
3027,6.103368916024839
3028,5.3710995291748755
3029,-25.252307545542713
3030,-41.96412636939931
3031,6.1840149918925835
3032,6.424119346663911
3033,4.8915982700544856
3034,120.43161178902706
3035,147.30768029009994
3036,224.5180025835491
3037,5.708807256679989
3038,2.2121940322727074
3039,-25.66206119059865
3040,211.24044277651254
3041,4.892269567028668
3042,-3.513010827565921
3043,5.8032905114340005
3044,232.0507499918678
3045,165.68207629862732
3046,4.45062594262627
3047,3.9267091655125075
3048,53.54675475985506
3049,5.957048116055324
3050,268.2629800221305
3051,94.44616097628166
3052,6.602943709644346
3053,4.099896716568129
3054,113.84115535709343
3055,187.57212368197304
3056,59.794212700523275
3057,3.212735568105086
3058,100.74801830253253
3059,1.8548645306679874
3060,255.27764502308293
3061,5.139607701045122
3062,227.86819109064268
3063,121.04384693263856
3064,234.02434702217943
3065,254.6140248194079
3066,138.49722201444575
3067,20.94080991567354
3068,5.741264936715582
3069,5.951439570349448
3070,3.8175050634482943
3071,6.260354672992097
3072,197.23913058251958
3073,127.24870155421027
3074,6.297348929849678
3075,5.937422124029587
3076,158.4089805233162
3077,-3.721329422428317
3078,63.944880328149694
3079,5.6805561481195594
3080,3.1401960315317483
3081,36.20528528809855
3082,95.89906288145028
3083,140.793733380375
3084,1.3608292813157075
3085,5.522259764732466
3086,204.67173097338514
3087,3.0845279432390607
3088,111.14419634577968
3089,3.4210762776039494
3090,297.14351692430597
3091,193.73625236889626
3092,97.14056445923117
3093,4.288881869946678
3094,192.95449872509766
3095,256.6030485976558
3096,146.10420002577317
3097,4.739487789602864
3098,6.13737562552507
3099,23.63095268678968
3100,85.03912876740414
3101,3.8070816222382184
3102,2.3982004413835716
3103,3.1305153220953037
3104,38.04370598215914
3105,-5.051092846458314
3106,41.80035176660693
3107,1.430356110199579
3108,2.7133175523282613
3109,5.420268277610319
3110,255.85879021844295
3111,2.377074938737416
3112,223.32886584215308
3113,5.429700170059955
3114,-7.512545318435196
3115,271.1870839098066
3116,110.29465506059529
3117,-47.74698704343754
3118,252.98195084360225
3119,4.51654963438306
3120,43.39365280645187
3121,32.768158989822695
3122,132.3554532460931
3123,3.8897183575001533
3124,2.561532302685458
3125,3.6526819285927146
3126,226.36324714733587
3127,276.7251513315474
3128,39.51590459192494
3129,364.9818170060881
3130,2.1089506890850496
3131,104.15449433447208
3132,191.5363237335839
3133,135.30113388170895
3134,238.14929831476886
3135,1.6854443827531773
3136,311.4054908447332
3137,2.927097203123217
3138,153.48734338696374
3139,5.975157789984948
3140,2.358472493039409
3141,42.35595802827929
3142,3.1639659482087747
3143,111.55217515790821
3144,260.8896112511315
3145,5.024777669664998
3146,286.25563121672485
3147,107.32349211095239
3148,96.98843179986184
3149,-16.201064816795707
3150,1.6590311009683063
3151,249.11446192969947
3152,7.084086969446862
3153,237.9574081079869
3154,198.0874874569862
3155,58.57238356429954
3156,53.285022823431866
3157,4.9136666973205525
3158,281.03388844933664
3159,124.13651089759927
3160,273.94268578089464
3161,-32.623017199122096
3162,3.4266511898354013
3163,183.40427032069312
3164,2.921132691901119
3165,-3.7487993316468033
3166,32.744066824902305
3167,6.609710548490609
3168,5.528078622587072
3169,3.623208202185756
3170,220.88996989988533
3171,3.273449558908858
3172,229.1832977828756
3173,280.3665891888386
3174,63.41348149597926
3175,-57.632458231284474
3176,3.652347125747607
3177,3.21777939853202
3178,202.44250664019933
3179,6.378270726175535
3180,316.3178452536664
3181,191.31892003746097
3182,280.85368354812226
3183,5.978050611317003
3184,82.83604762482032
3185,6.704668793870433
3186,164.30261379636255
3187,284.11277414017263
3188,-64.6853725761516
3189,233.48657814727852
3190,4.3647991016425305
3191,247.10716910501782
3192,64.75124398765837
3193,6.337310722133327
3194,4.64442044065279
3195,5.914435327114079
3196,136.24859690183172
3197,5.414515889953429
3198,178.18745615329345
3199,182.07307879890294
3200,1.9386790894804635
3201,325.0715464056144
3202,4.642925883275369
3203,4.909259324689786
3204,1.5712995079371905
3205,6.49925133529386
3206,279.0515003478968
3207,5.872608073733997
3208,194.32404261341657
3209,-32.27862894238281
3210,7.592200605552579
3211,198.95949024597672
3212,216.34349080322
3213,2.962987650649342
3214,268.6427224108938
3215,3.186192751625987
3216,5.917209359444855
3217,117.90858450698668
3218,301.5015370762746
3219,74.70774676785571
3220,65.15810876154589
3221,75.56753896026262
3222,242.0790358448325
3223,351.8810344782124
3224,-66.00588066696538
3225,146.36432133626855
3226,6.0570720003130605
3227,5.944867378641028
3228,8.931571052652476
3229,298.8094721668417
3230,230.41533238429923
3231,6.332227455056398
3232,4.8378850651757235
3233,5.742812753460726
3234,4.127908238174124
3235,104.39091736116376
3236,142.96056931945486
3237,8.54718160913917
3238,312.89843072774585
3239,6.542575132351786
3240,67.69844553178038
3241,20.807173902249595
3242,2.49638342229075
3243,33.17038152527769
3244,218.89712956915372
3245,5.429158687130075
3246,256.1649732041489
3247,6.2821047640168155
3248,46.482332971604556
3249,-8.203194750736557
3250,221.67246237079198
3251,225.3861079835062
3252,120.80351228581551
3253,54.57335887000265
3254,157.0898430905829
3255,6.5201926175608484
3256,6.4168139059227585
3257,33.82868268501119
3258,2.357722105103231
3259,52.436236852884946
3260,5.878577763992922
3261,102.67941638955585
3262,318.73771691958706
3263,2.0226594118757557
3264,3.433717699697869
3265,155.30674555919893
3266,3.733917980131888
3267,6.68264754253803
3268,3.351706231271368
3269,4.551469269756578
3270,46.49025380799989
3271,225.22173882950284
3272,2.2202398376337653
3273,188.87190041902122
3274,209.51458689576725
3275,141.0321228733325
3276,70.42900674055466
3277,5.593101363746372
3278,6.428737484091118
3279,3.222970494788627
3280,180.62920156783167
3281,278.8875772912835
3282,2.7229330215291103
3283,385.9251893107578
3284,334.4555979929862
3285,95.1800142474008
3286,3.1137758499547736
3287,39.85289144949225
3288,53.2059109755004
3289,1.8385957829492383
3290,67.29519044316172
3291,260.5841566684743
3292,2.9861050925037427
3293,52.65729161623602
3294,212.70017387309687
3295,129.22033142634479
3296,31.130364623293907
3297,200.81158278060468
3298,2.321746667290713
3299,250.25610255294447
3300,3.276452881934082
3301,206.23014950632108
3302,209.60742968859066
3303,-7.140487199808688
3304,250.00657934824338
3305,5.465388519331438
3306,4.660723957599344
3307,187.51066589065627
3308,2.9968799552428824
3309,6.477510830131266
3310,-42.64113400394983
3311,2.2180386115036748
3312,3.867931542175782
3313,2.4679518341196496
3314,6.024139530017754
3315,4.65113285142317
3316,314.5267895459748
3317,304.35859951000515
3318,45.05407026141692
3319,1.9327038609839844
3320,2.115520526946855
3321,5.295314553152312
3322,133.2653143821682
3323,4.314896145428261
3324,3.591094125094675
3325,332.9309509732186
3326,83.2690635449798
3327,-52.00920665766324
3328,6.404595412674314
3329,1.8476855767227685
3330,188.56309191986088
3331,114.69469640552293
3332,3.2136178821054595
3333,237.24704142650165
3334,106.36681228875995
3335,3.3322665688718764
3336,4.454636110443009
3337,2.585764528277204
3338,1.745768280033549
3339,-5.8333691222493025
3340,32.09470090671663
3341,52.56001082837142
3342,202.72836120704454
3343,139.98517790164436
3344,3.5191385700866
3345,251.42448472207798
3346,293.4424858491881
3347,182.29708904108892
3348,79.02849018275569
3349,5.491075822054544
3350,3.777760571432043
3351,2.5211156884778503
3352,1.8699324240754467
3353,175.80348738725948
3354,73.64149455846072
3355,2.9796105265136097
3356,315.15397680241045
3357,3.616246457069626
3358,245.2741947197148
3359,70.39302843899335
3360,151.41826209358024
3361,3.0463778797542274
3362,2.8467962746233466
3363,2.7561620867585335
3364,24.970930515701788
3365,107.77512648958617
3366,6.007197139845817
3367,4.054786824196887
3368,69.30102293201881
3369,4.584559577097449
3370,69.51311280273814
3371,-6.889188390460061
3372,208.54246292134502
3373,47.02981269056738
3374,320.2277784587876
3375,2.5219354326995727
3376,2.3756440737447395
3377,102.62637553469901
3378,5.673222365584515
3379,8.465144389521555
3380,317.6491325914409
3381,6.563741242058993
3382,83.74517101993982
3383,6.216392511449627
3384,21.802140797612523
3385,3.935247812935019
3386,52.24603129598104
3387,2.1470035461363226
3388,180.94362697795293
3389,216.44907474980033
3390,2.4281204545531154
3391,5.736507533020451
3392,5.07293662682025
3393,180.8550590377563
3394,133.0986990640227
3395,5.2702805696120745
3396,5.463372260381313
3397,145.60330262072458
3398,2.0612543143061903
3399,199.12502365658943
3400,162.00155912673188
3401,5.260492646616342
3402,1.2548233399265607
3403,83.84514341309509
3404,90.15390007028566
3405,171.95013072696116
3406,177.0994744017926
3407,4.375715156601579
3408,60.79876555678831
3409,108.4214206791689
3410,5.765155113182889
3411,4.911677244577396
3412,51.5856473522431
3413,2.1713005027166323
3414,6.682148475218144
3415,117.77007722474119
3416,62.30234423492835
3417,203.88751302618365
3418,168.49829976087707
3419,-11.538804475543431
3420,21.600171372784587
3421,-69.53187810335646
3422,169.51331996582283
3423,2.004439399703643
3424,3.255879790212145
3425,11.592766853378158
3426,3.616481788070056
3427,58.21095599771209
3428,2.525883943109604
3429,326.3211110196431
3430,312.7222335820225
3431,105.33927808235201
3432,5.9480552018641655
3433,90.12277425199024
3434,1.888783843478026
3435,307.1826714591807
3436,209.27686866444841
3437,3.2777050834443906
3438,32.465252554762046
3439,278.14659492581
3440,6.666563853607607
3441,4.879829056634133
3442,225.12477718024704
3443,5.097133157721831
3444,206.34032048694752
3445,3.79924378942874
3446,5.993984172948622
3447,264.19598037814654
3448,5.363587175663017
3449,5.57861519793693
3450,92.56366496321004
3451,202.23610756900734
3452,2.21020577342423
3453,2.555540749359977
3454,20.17442312693492
3455,4.139592507610205
3456,5.30346982471589
3457,3.804228436905295
3458,6.219042975063798
3459,163.66836757856424
3460,-48.76268568185472
3461,2.4146683036698056
3462,43.92803201706492
3463,224.0849375660204
3464,4.6854954939054245
3465,2.693080568762871
3466,6.102215693438533
3467,115.74878192123448
3468,35.93078702052358
3469,310.66688408943503
3470,147.80060102416215
3471,23.56703719730968
3472,279.38213125322545
3473,6.2725194280893675
3474,3.376147152458374
3475,4.670801805621595
3476,40.009398617271636
3477,3.6215004731190077
3478,6.586744049622064
3479,2.6352219377038577
3480,112.5306032016216
3481,115.46582099203087
3482,88.68286774777005
3483,65.40015207853212
3484,181.0292474739985
3485,2.4303097024763107
3486,228.79149925453706
3487,5.828979272392746
3488,4.493848291443616
3489,3.5283728979151006
3490,6.184087498361059
3491,3.335528972592159
3492,2.246990301388077
3493,308.5609205301953
3494,166.2359982023952
3495,6.372691326307521
3496,46.47700096317621
3497,4.544086459518426
3498,6.63770632809006
3499,-18.4645901947558
3500,71.54790112900582
3501,284.3146184384347
3502,6.066164357506665
3503,3.1878807163229235
3504,120.32891259952673
3505,136.16872160498644
3506,97.430372202396
3507,6.29054661057557
3508,2.9963227641010644
3509,3.2050744761802763
3510,275.61446730112397
3511,2.012051901670298
3512,68.81480544078019
3513,100.0085569161794
3514,3.4195223781303214
3515,71.2088413268756
3516,3.6247066774828967
3517,188.8980043320958
3518,4.478860751250161
3519,234.2484639843912
3520,296.9682565552
3521,1.8914173030304804
3522,62.609022173947366
3523,4.575533423195363
3524,6.690990190751519
3525,5.23472492796912
3526,42.05412984488787
3527,1.675725057078823
3528,282.64946746903286
3529,205.65993948979317
3530,2.438773298885735
3531,77.21770019607354
3532,273.47450054340766
3533,42.8519090156946
3534,7.7250790648217995
3535,82.78709838045178
3536,3.484480660821583
3537,64.58729826029696
3538,7.081157274739592
3539,0.553511152596756
3540,168.50111312855773
3541,-64.21479193762319
3542,2.4255581503590613
3543,199.10493662862297
3544,42.26174174513716
3545,2.4589774406485576
3546,5.285892335805244
3547,168.9453568501305
3548,5.468304004532402
3549,1.7513604059269496
3550,4.451266157650139
3551,3.962639568061289
3552,5.734880378580613
3553,6.185988014926607
3554,163.7890550651977
3555,3.765624036824118
3556,1.9081980384471864
3557,120.62535698666474
3558,5.1109255713044766
3559,95.50686807254439
3560,68.70741557852621
3561,6.140159898721176
3562,28.10691399687633
3563,-50.29049094427353
3564,5.836978465655299
3565,4.973395614894512
3566,181.55976950745412
3567,1.979318442169288
3568,224.7590023665773
3569,164.11623501591092
3570,43.964941100398846
3571,197.86609556055265
3572,1.9901640777280507
3573,6.051970287790402
3574,5.8342832602802925
3575,2.1197416520903007
3576,5.207883714743088
3577,6.269251861992226
3578,90.19215117028837
3579,2.0941586392601095
3580,69.24578871069897
3581,244.577743574792
3582,74.72729892530978
3583,47.2392537067243
3584,6.894405136249592
3585,28.335107996556605
3586,5.800797093661728
3587,34.519788918295866
3588,3.1264702555840356
3589,228.78877354407683
3590,3.0900255030357013
3591,3.30767081307353
3592,182.85115064381455
3593,3.806536712447318
3594,21.364405904601924
3595,6.637008017722974
3596,32.91651232029848
3597,315.6099851545015
3598,87.08329474041689
3599,93.2971820723964
3600,2.5631955616816073
3601,298.08665975095266
3602,23.540452354495017
3603,5.194336264846223
3604,3.0214640838961304
3605,183.26137893104277
3606,2.116750034073403
3607,3.7582484658607846
3608,276.47013861192636
3609,211.50735225338843
3610,64.66078930234839
3611,5.150677858236525
3612,257.81315155284614
3613,6.404314834643262
3614,4.8307261000866895
3615,6.5189979618271305
3616,53.65894994844989
3617,5.003910986552629
3618,2.742738436073192
3619,-55.596303592903375
3620,-17.5068209588279
3621,64.45967236062776
3622,5.410508112829234
3623,265.80094246881833
3624,-10.965717172589013
3625,103.73416065692837
3626,30.064112669598675
3627,34.91983988393821
3628,6.391089636138624
3629,53.66093534299762
3630,250.715697175865
3631,287.2182310380561
3632,252.05041858976497
3633,261.08367963179523
3634,115.90568913425446
3635,119.04442421420501
3636,4.280120362588557
3637,47.05668364316677
3638,72.65626359963875
3639,4.918181104332765
3640,339.1718032089408
3641,223.0935047698959
3642,158.35214643055548
3643,183.48531922915882
3644,6.521048914230014
3645,119.18204958094184
3646,2.552881454425353
3647,5.849236184572611
3648,242.21125128193086
3649,23.106597143297968
3650,3.2321595505485554
3651,194.10591713968577
3652,48.93238085772586
3653,-4.741524044568416
3654,74.04507798131334
3655,2.0988885679061573
3656,138.69181295226224
3657,5.7660706947898
3658,7.794530544577925
3659,4.633425178523519
3660,5.803203870623523
3661,41.16364707364855
3662,2.1247675997619098
3663,5.677464920331967
3664,115.9595364679528
3665,4.654443935996133
3666,278.81338777773374
3667,245.18716351083663
3668,257.0549511951754
3669,224.80952723664694
3670,6.494612621672553
3671,6.3444178314570365
3672,225.70873473449683
3673,4.975349343326798
3674,286.9648699939812
3675,150.92866232555173
3676,49.32025517616559
3677,33.474441475515874
3678,-2.547054785885061
3679,4.529076737761505
3680,3.4052359242893657
3681,148.13185120047748
3682,75.66735058045515
3683,150.02578301692802
3684,27.484353771856156
3685,145.93894708240057
3686,276.9010622474644
3687,102.82228274986576
3688,276.3177933996852
3689,2.418850531722703
3690,213.3833691884468
3691,212.59420077923266
3692,286.2878383587673
3693,274.17315404906947
3694,1.5615863005936705
3695,246.27577618330446
3696,208.68522776374013
3697,0.8912990513593128
3698,-30.432633935433763
3699,4.288864970448802
3700,5.611833558349795
3701,351.57535219196717
3702,3.876262553629937
3703,4.0179146440753986
3704,6.142612563981508
3705,1.432918876438591
3706,57.77917623850237
3707,6.906950590574136
3708,106.10483406002965
3709,3.2240096809119905
3710,6.715191971401371
3711,346.3603871415241
3712,102.00716043929646
3713,5.492221044745879
3714,329.6053738442514
3715,2.360592334763242
3716,1.992648486168586
3717,151.00214309683
3718,70.34752832363213
3719,167.5252802404145
3720,153.98484402727132
3721,2.6729567045473477
3722,4.0579410857664255
3723,3.3756191602212384
3724,1.8813371983966443
3725,68.15073410077292
3726,1.7726726539762878
3727,223.66300332915574
3728,58.87823023334856
3729,-34.56913925412814
3730,143.71510610323782
3731,79.41327091313009
3732,3.5555166762229495
3733,-24.351689192061137
3734,3.04977692799281
3735,2.4760477585515623
3736,-9.534432580471119
3737,6.263602243627252
3738,192.82416726675177
3739,-42.82600751679771
3740,236.39685355794194
3741,36.288700472544264
3742,264.05192719313845
3743,2.361633685039344
3744,78.72794692643306
3745,-11.049430731621602
3746,4.942057072854096
3747,5.086407988200058
3748,191.7079528414036
3749,66.65549341639829
3750,1.575218343524952
3751,223.66862322239984
3752,77.61699812957123
3753,4.699616812010017
3754,3.6251207934361807
3755,0.018320129590870204
3756,5.52788015944491
3757,36.93050171654916
3758,6.124442924000992
3759,47.64602808019856
3760,1.9515355628339364
3761,6.483403296173225
3762,6.348273762978807
3763,116.81920458394931
3764,173.18264014729857
3765,358.2521098488045
3766,6.62765141124426
3767,279.42249541143804
3768,69.1706412113775
3769,1.6686532867822264
3770,138.50871661496433
3771,3.7040611079693018
3772,190.9340588701382
3773,243.93620480336725
3774,2.480181550672541
3775,4.081070501738868
3776,249.57880459890868
3777,6.22668022542177
3778,228.37323163883343
3779,296.78074273873085
3780,6.1078806893023145
3781,6.458387511801313
3782,2.099975874884233
3783,2.0795259700669964
3784,5.559706539448709
3785,31.406604747759225
3786,92.8999060663775
3787,6.115888362125734
3788,6.672765012879203
3789,283.5352190643329
3790,7.005093359501967
3791,6.3065581053357125
3792,3.812690929378201
3793,30.11482214214731
3794,-20.230079070380143
3795,190.54712393699913
3796,182.82364159711702
3797,4.796057141268511
3798,198.9290443338875
3799,-62.13160393859985
3800,242.42211741640443
3801,133.8764649379638
3802,139.76738883307414
3803,49.191506134003085
3804,54.002736849245636
3805,5.097706822246931
3806,3.008954922232182
3807,124.32074360439235
3808,3.879256133082875
3809,-34.56871578393128
3810,2.740499772277162
3811,4.356198064308989
3812,269.475995277021
3813,3.5747555542051046
3814,290.47671362414667
3815,7.129610262733628
3816,3.4959958142177
3817,50.43580090444269
3818,6.1197109125155515
3819,2.350386378133689
3820,143.91147997021915
3821,7.375112873034642
3822,5.4941610669082985
3823,255.95908654964157
3824,5.198301145562448
3825,252.39674304177208
3826,6.088586913426757
3827,308.71355017645135
3828,305.43572839378055
3829,6.573880539398017
3830,245.8503091318059
3831,68.01628593291329
3832,1.7720482892842264
3833,59.51680148286882
3834,24.080977005754868
3835,2.768421876679458
3836,5.15931387289959
3837,6.738016111352462
3838,5.876918790228633
3839,241.94248094592632
3840,5.714592195329759
3841,123.68484643167633
3842,3.4107544043904197
3843,272.48807409359324
3844,5.330858825514905
3845,5.5509082812100665
3846,6.569751583858863
3847,71.16726848973471
3848,109.84981982998082
3849,190.5648292652866
3850,17.35871189893021
3851,110.80352620030803
3852,243.58482940973653
3853,5.463578923382597
3854,250.1883805817797
3855,1.9353080221669012
3856,57.08865765745475
3857,4.022236323843899
3858,3.1809372296391767
3859,249.93060567795138
3860,6.257750593208661
3861,-58.406275852516686
3862,-7.607556567168876
3863,4.066357928463377
3864,2.8253997273449887
3865,291.6572605762209
3866,4.055166855554913
3867,200.83770543014893
3868,4.840709529218511
3869,3.0103564590566263
3870,183.2069198071179
3871,43.704347701349306
3872,3.5068063816431896
3873,22.339431303659037
3874,351.08216238473665
3875,275.27391293616694
3876,103.27953424587047
3877,-62.29035681916471
3878,211.7086600382804
3879,245.73983796554842
3880,6.3612538760732305
3881,4.221428026773366
3882,2.7200126405761673
3883,204.8535324414625
3884,150.07377397463685
3885,6.451773433226303
3886,5.51262648366361
3887,6.260439427871255
3888,2.67609191437873
3889,176.28778720074973
3890,1.765551666315254
3891,2.805217476709627
3892,179.29730740846801
3893,2.6137681573985394
3894,295.59025708631685
3895,-32.98440249141173
3896,32.96375613168458
3897,246.16464332099613
3898,191.4438625168845
3899,1.754969936798899
3900,88.25152442785014
3901,108.54657195629656
3902,2.8618689835783933
3903,35.35333639166448
3904,52.60363530387231
3905,3.379526490019891
3906,7.941754893073072
3907,200.39869546595872
3908,147.91571605623298
3909,3.3370724287805578
3910,3.841229082209848
3911,237.10806747917113
3912,4.975952229647167
3913,37.44332824291576
3914,281.9083815027732
3915,7.308161743770272
3916,5.876671022376852
3917,3.855860821158097
3918,-44.70434852304572
3919,4.520059341133351
3920,31.324052159720708
3921,55.04221350100711
3922,7.100500522625673
3923,3.7279670413249315
3924,363.2548370983474
3925,64.79136662890886
3926,2.0063852157510853
3927,249.06434237580856
3928,3.4102398491088692
3929,5.075842669423735
3930,6.349238834691283
3931,217.76742067065686
3932,4.667533537792476
3933,2.623027236217516
3934,6.624096459930903
3935,221.2459606907326
3936,1.8087145375712255
3937,3.366189775629893
3938,2.3341645182652604
3939,326.83893403471643
3940,6.084262669492559
3941,6.208298853916747
3942,5.460664779013621
3943,3.1823532141178097
3944,6.795749444335728
3945,332.6893094843442
3946,190.53644443939083
3947,26.960783793838893
3948,148.97063484787708
3949,5.308281318455301
3950,247.82111403737105
3951,1.7554644120010285
3952,110.49294299828259
3953,124.39251658299557
3954,2.3046383369708794
3955,6.1931009554208085
3956,188.46335825638545
3957,56.9784051549496
3958,69.28961546740355
3959,235.629273983334
3960,6.211605738865597
3961,6.082793454918489
3962,132.26808220947123
3963,5.891231969623072
3964,209.38173836263897
3965,6.142469186077674
3966,2.5622166036178067
3967,3.99763734505081
3968,194.97320923960388
3969,57.73901685131968
3970,2.379607332657842
3971,3.3570512865888786
3972,2.5213793952479158
3973,3.0452871500690204
3974,45.30731669455317
3975,49.10498610970555
3976,3.356867629854038
3977,4.180794977746605
3978,3.623295001558187
3979,121.48229467691618
3980,246.94300239201934
3981,255.228651706417
3982,5.3989930894122935
3983,3.5649386182285703
3984,368.78384007251424
3985,229.64005501939084
3986,177.7702099256245
3987,88.18294792411506
3988,3.2112993164652637
3989,13.033495994391266
3990,92.90489557853196
3991,256.7842279054388
3992,5.898432067330964
3993,6.154146209581409
3994,39.002964556215105
3995,121.92923998363747
3996,3.8466103515989314
3997,102.19608787002224
3998,2.439538902888402
3999,278.61154770929693
4000,5.230741143011634
4001,4.254498183802301
4002,23.656591786330885
4003,171.30164885562294
4004,2.264392273689042
4005,309.02472592156323
4006,68.08176761521914
4007,6.857314365660782
4008,3.356642050143121
4009,5.81214415880865
4010,193.34650470745362
4011,3.2569594399339183
4012,6.368058449916789
4013,242.93604890833575
4014,5.8817916572531415
4015,6.278690758452137
4016,68.11714099926685
4017,154.41824836205237
4018,121.70206829499642
4019,1.5587324947240417
4020,2.001997448815339
4021,132.3579156893408
4022,51.5593398367658
4023,3.6439675575842165
4024,112.3796762576134
4025,48.85153295806677
4026,51.65361783514838
4027,266.57461741372595
4028,102.97325545262828
4029,6.614261554417637
4030,2.602068679045874
4031,115.5515291505602
4032,87.64088975192504
4033,2.441939364537416
4034,257.97303310325515
4035,110.62407671291926
4036,4.169069223596708
4037,3.5638248659992167
4038,6.013771831331894
4039,5.847323092519997
4040,107.77519428648142
4041,325.420370014177
4042,60.92372946066422
4043,266.1711023854567
4044,4.434852186116149
4045,34.77111383498239
4046,5.83668174271263
4047,4.428984411490515
4048,278.94837946065695
4049,125.11382906832759
4050,274.3655750204232
4051,60.1885670074039
4052,2.658526865969496
4053,4.053054370508558
4054,5.227605319622794
4055,4.268403529338849
4056,268.7658818271476
4057,6.838318294293168
4058,287.4885820063382
4059,20.422258696910134
4060,266.72503333999157
4061,101.92577566098814
4062,3.9038269504044623
4063,2.0679035646506327
4064,224.0296819659829
4065,2.0566616258407118
4066,99.15024082140792
4067,201.3030833251615
4068,164.21908958297092
4069,346.41551783125306
4070,2.6861019900084777
4071,2.855774831025676
4072,1.6904133301830029
4073,3.292570551000796
4074,4.329177575311608
4075,-29.427038653200363
4076,43.67419558420521
4077,4.8374104337877
4078,6.343585702926837
4079,7.198522693974855
4080,280.73727262318795
4081,4.757225181977975
4082,125.80732894059736
4083,4.075552189680629
4084,15.543412100015058
4085,25.416267240231427
4086,-7.2543633519671245
4087,4.221131699972446
4088,4.940579398241675
4089,68.6537311685149
4090,141.47944159253046
4091,4.426038847835693
4092,73.91345917183577
4093,27.534295179410876
4094,5.052443823917383
4095,6.751162126251086
4096,2.4238640106635128
4097,2.6032070859427945
4098,3.009440666432069
4099,-42.28459578010556
4100,67.57686462866317
4101,5.759852088132886
4102,4.423375754753118
4103,67.21945936989994
4104,201.23945348916874
4105,5.917808008465425
4106,116.21517126612633
4107,87.22779261705183
4108,73.87496446954182
4109,236.12717213727072
4110,5.981426122107127
4111,51.25674628674392
4112,77.51979908529964
4113,3.3370515782694845
4114,5.138192169991152
4115,81.59943998967901
4116,91.88662741478429
4117,91.68432021933192
4118,290.74835739420433
4119,245.27203927380418
4120,228.4024898108392
4121,90.26709143521026
4122,-24.332180757367944
4123,2.1936754853007194
4124,138.75341649186203
4125,2.29552237192657
4126,55.04403161819862
4127,5.897930330252567
4128,1.823508245258488
4129,6.259357357242829
4130,2.102870846876304
4131,57.455844639493016
4132,6.099092061146509
4133,5.177017052325513
4134,109.04926832762253
4135,24.28334960421892
4136,160.9536459456636
4137,328.3738167860258
4138,-8.644128272182783
4139,102.81742553813486
4140,59.9160743028591
4141,4.132195630962724
4142,106.92163711796233
4143,310.1421873342249
4144,70.39379923114286
4145,200.6574906339756
4146,76.06633144893503
4147,66.99750466065638
4148,288.37368633525847
4149,59.011381398987474
4150,34.67790881322273
4151,50.59125457198799
4152,115.55694822363117
4153,4.164876846129514
4154,346.9563100221162
4155,145.9758744945268
4156,3.4320264313582776
4157,19.981165284566778
4158,4.035411085818589
4159,4.909272585508598
4160,146.13947720009412
4161,182.97817077731787
4162,6.305218312933926
4163,56.995152234367914
4164,181.97507099316806
4165,-11.112618487108612
4166,46.142421023138894
4167,100.66330435592118
4168,7.204201750841431
4169,2.430059301156634
4170,-1.8248217837992238
4171,93.85138355083097
4172,4.174465127158952
4173,3.949510470952788
4174,62.556787056640914
4175,116.32456285540258
4176,2.0139803096872293
4177,4.204686237301282
4178,13.806038360855716
4179,124.50450912489032
4180,162.5479169548263
4181,61.40733429470703
4182,63.39050103430154
4183,29.320762541989605
4184,194.17047126535016
4185,273.94153300654864
4186,2.440442649879171
4187,70.83812730535799
4188,4.203788731033996
4189,4.275345271437225
4190,113.7153178871427
4191,2.1582385908802957
4192,47.56428018480938
4193,52.18189731781395
4194,5.922482682076073
4195,4.2236554550716665
4196,130.09315586181793
4197,6.398996836069791
4198,3.247822549928178
4199,5.040788309697579
4200,299.78242890003526
4201,248.64905090542345
4202,174.07822045645338
4203,5.678620799902804
4204,105.19694358701565
4205,4.885923053897399
4206,7.722796114259192
4207,123.50696895161057
4208,156.84659288816493
4209,229.9073143125737
4210,-52.69573316337942
4211,1.847939117213778
4212,5.847634965121907
4213,-10.961786716117537
4214,7.371789107361263
4215,3.0877165061511933
4216,1.5833598276305392
4217,3.283740851756228
4218,5.9198148319238095
4219,51.54025682135885
4220,67.33147324533176
4221,2.2235972926984355
4222,110.63821174799651
4223,3.028055586270203
4224,6.275846541918064
4225,5.171257193098348
4226,287.60784925240966
4227,1.9978839174914687
4228,209.35592101038634
4229,115.7232020506624
4230,2.7928907077109093
4231,2.7873675867169854
4232,55.371573038060504
4233,3.2593591650128686
4234,-5.823052310517928
4235,67.43040924311074
4236,248.202868049727
4237,175.47090020221168
4238,3.3066204771582837
4239,76.19409841568886
4240,3.2887508314749034
4241,35.09316163621661
4242,234.39263877355353
4243,-56.15405983751185
4244,328.33576249636553
4245,5.067444706310489
4246,1.9442929834024198
4247,3.9266948377813087
4248,4.128314272725948
4249,-19.86477124673527
4250,2.9216545383171866
4251,294.2464778301699
4252,6.658772366571436
4253,5.998338835249562
4254,5.128942391531524
4255,-52.01601422491902
4256,1.9686331510565531
4257,110.65261861173255
4258,2.320321512097702
4259,1.5759573200775447
4260,85.2395044155308
4261,2.4238434344682247
4262,286.167001058245
4263,94.09951218531972
4264,2.6556669729384583
4265,44.230488763119126
4266,4.074083952133445
4267,6.25351325952847
4268,5.6220961106782035
4269,207.976904414226
4270,169.29631294492225
4271,153.12712820532585
4272,4.52357154200784
4273,7.986531902313527
4274,103.39150143706925
4275,6.830976082812857
4276,288.0468614191583
4277,234.93810948851325
4278,377.76474037672295
4279,310.62181402618234
4280,121.1723420942681
4281,89.30034151656278
4282,12.330056745539661
4283,6.346710738566696
4284,4.371280807794724
4285,109.76479224231684
4286,307.55061078929964
4287,1.773843059317899
4288,206.91439886344682
4289,207.53216041899714
4290,175.9857504366609
4291,2.918906105294027
4292,5.033923701272462
4293,6.070353175977141
4294,-30.46489631998287
4295,1.1490978655576947
4296,5.29554401422068
4297,6.4714664275982505
4298,5.788441616169509
4299,58.368865258983405
4300,46.416642002857806
4301,0.3969563080819496
4302,102.37276170327002
4303,1.4503115845283818
4304,-39.04279010928891
4305,3.665231019919059
4306,291.56021540451036
4307,2.7546633588548692
4308,17.505478769329592
4309,4.545374854807826
4310,2.967458979444599
4311,9.753364790073961
4312,309.9740946163731
4313,2.96755658334789
4314,3.184368709883025
4315,229.60036101394655
4316,1.397402131701102
4317,194.0684938547512
4318,6.1695822613555
4319,53.34791760573911
4320,96.945470129137
4321,4.72324302114085
4322,295.05750791194987
4323,74.00245241967538
4324,3.420521145562663
4325,6.725333488752835
4326,3.423986643914636
4327,103.62921478956719
4328,131.7121386086174
4329,197.7248322024251
4330,-11.429653845676246
4331,2.505965783454822
4332,2.238814361364338
4333,245.12559396004679
4334,3.284432450318752
4335,3.653689706153156
4336,2.174042435254677
4337,5.807171158392095
4338,0.08012722055224719
4339,5.734426965519078
4340,-34.68233148675458
4341,62.28255917883116
4342,186.77506817495876
4343,171.46162250057904
4344,109.03411221145856
4345,5.883632667612151
4346,4.656685472642035
4347,177.44216373842775
4348,5.52194946165336
4349,99.83325705641786
4350,-48.125076089070106
4351,116.75617514979231
4352,198.4402037061779
4353,5.058347397708692
4354,115.94723309250797
4355,121.16375240584851
4356,1.890908224330004
4357,5.265593905744921
4358,321.2650991027856
4359,222.88535143441177
4360,3.528498465318068
4361,-4.279363833802498
4362,1.3787966785971428
4363,3.880420128177076
4364,4.416353348402878
4365,1.6551015903223185
4366,3.3601912682095385
4367,256.595037545631
4368,-30.386640610362313
4369,80.14735070184268
4370,6.358988367725787
4371,198.4373293995855
4372,80.34412966617371
4373,324.84911882280414
4374,6.2235809529251975
4375,226.57797153905625
4376,279.0091793073543
4377,5.41089653850276
4378,5.787943501691605
4379,169.68757711120526
4380,2.988007463515694
4381,2.491614584643523
4382,6.643737376441699
4383,28.563594493530683
4384,4.925793066662171
4385,196.67234844812435
4386,35.55113056308147
4387,290.63813791565053
4388,67.8750161039109
4389,6.658120374874108
4390,4.468790700919239
4391,3.8316584576388353
4392,2.4578858401826276
4393,84.04218042956086
4394,78.64319177408677
4395,3.1547804507035804
4396,19.259340559053175
4397,2.5248522425374267
4398,6.397277613959521
4399,3.669749429414128
4400,252.35118794114996
4401,6.808914624446606
4402,238.48233977203216
4403,246.86577585766582
4404,239.50704459146198
4405,357.5459956131962
4406,47.90278292720335
4407,96.27016539478551
4408,6.403655532236364
4409,111.5103469390964
4410,-91.84902695476603
4411,2.751985806274549
4412,272.9878384903806
4413,221.62322288929468
4414,3.754551389194871
4415,188.93879393080613
4416,66.50697313545182
4417,2.675540954558671
4418,231.24994599184907
4419,263.9408534378392
4420,371.3792787151375
4421,325.9828771372537
4422,12.084068312365861
4423,2.4733705038754814
4424,50.551011378468274
4425,187.8541889318476
4426,5.467332807676221
4427,215.26247392643882
4428,6.579992863612485
4429,5.0647745781549
4430,5.122164163027627
4431,177.74855524576432
4432,3.843539572303646
4433,3.8045512102622263
4434,102.56320073844273
4435,5.633344379861669
4436,6.54023673523985
4437,8.530454526433033
4438,81.09806759613276
4439,7.070137220781443
4440,271.7534057747498
4441,2.1064213418967164
4442,280.1522088883306
4443,6.198743097783035
4444,277.21574529784976
4445,3.9860189061366222
4446,3.716268144170998
4447,147.5143607658153
4448,5.365787455362098
4449,-13.404465710471882
4450,67.20944400495618
4451,102.74464645085612
4452,284.8146386813437
4453,248.0448838216961
4454,4.504116627707191
4455,4.932453895633912
4456,204.19195984541295
4457,4.017358825139402
4458,6.76933688045667
4459,83.31824739616494
4460,0.6890895164763935
4461,85.41241210505879
4462,154.81823343521626
4463,45.72356044782069
4464,4.2409850885960525
4465,98.18798364383113
4466,4.55706603326922
4467,-3.9737877282940675
4468,1.7928925948758392
4469,2.120661430147327
4470,4.820082096883054
4471,3.0773520290548997
4472,255.79701284024873
4473,3.1378773908207913
4474,251.52265033917962
4475,4.532913408239978
4476,94.08600709285658
4477,5.910058725851378
4478,3.969657053467518
4479,144.18328613238947
4480,289.55774210727446
4481,3.676396729570953
4482,194.6924413366117
4483,69.16895983900156
4484,315.38729867879465
4485,207.46812004308188
4486,2.42512338380282
4487,114.84535934892423
4488,53.17391853024551
4489,-44.73004845307578
4490,103.82678830417221
4491,5.213939660300208
4492,262.5334551742552
4493,318.66329807962796
4494,-1.3743726605352853
4495,2.677590682366864
4496,102.6158124568828
4497,6.694020111292659
4498,194.25416596625783
4499,312.1028230003353
4500,162.53563160600407
4501,5.42036224102854
4502,5.982626984635961
4503,195.41440363788848
4504,13.193957519663446
4505,67.79714478735264
4506,2.9378254409109923
4507,-5.856951235259115
4508,122.07134365418194
4509,39.67799442649695
4510,2.2388895114097673
4511,270.13580576663793
4512,56.77734210081702
4513,107.88318532519386
4514,2.9743992151495395
4515,2.6511399068963586
4516,3.35152610609944
4517,5.087599979294571
4518,2.159474578398667
4519,112.60988044186871
4520,53.70457792070791
4521,2.605455364915079
4522,58.3272814194041
4523,6.660430253515777
4524,231.80459990917765
4525,19.73307684913903
4526,2.2640817856132758
4527,116.73728413872433
4528,134.70612787687907
4529,101.57109662410294
4530,146.46633385655502
4531,3.9368478782002443
4532,4.1054862022870955
4533,4.668649271103575
4534,62.34088668765602
4535,5.766144469069095
4536,1.8626503761797815
4537,1.8461744479926003
4538,6.456032863469629
4539,285.95895212532173
4540,171.84907596164408
4541,3.308481576860482
4542,2.774182403106109
4543,205.4634256925683
4544,34.345891352040866
4545,5.229494637724482
4546,30.167569265874192
4547,6.01270071908441
4548,178.64345344388425
4549,4.849009072178141
4550,244.6470864997579
4551,27.06056994179167
4552,130.59321648343337
4553,123.83404025436374
4554,4.454932802231481
4555,191.61453554030885
4556,289.1457632743564
4557,5.125088880826699
4558,4.354805614881759
4559,71.7455700259238
4560,7.336756722456155
4561,5.264265993996533
4562,185.52223991643916
4563,45.75001411681859
4564,212.76545819930823
4565,71.8823553240826
4566,222.77955871820012
4567,270.28219670429684
4568,135.83324712959933
4569,4.615872902566694
4570,201.7185588743751
4571,261.04868359083764
4572,4.939788807883232
4573,3.0520690022392793
4574,1.8063526239364625
4575,5.271382969832812
4576,143.18912073477983
4577,257.3452696437082
4578,54.99436929898607
4579,8.219738729425686
4580,0.6457437567121329
4581,350.5592446149098
4582,32.48680739970301
4583,1.7415636308938445
4584,272.00384362178625
4585,39.1406439649761
4586,6.720426625064541
4587,4.061910324746644
4588,1.3650325826311873
4589,4.237081862340529
4590,2.8964719150519374
4591,77.1587167245568
4592,5.360097300541836
4593,89.90000865262975
4594,-18.21379457640312
4595,2.891944532247875
4596,71.39707000137273
4597,145.07858052965219
4598,4.287496748525216
4599,-44.00302293430255
4600,85.18995073282605
4601,6.953079773764221
4602,5.306490134327778
4603,5.298004941682703
4604,69.1649413110018
4605,1.8386587137917925
4606,155.2823143677232
4607,51.09981336857686
4608,4.65230206514928
4609,217.58954842071466
4610,142.99138923390453
4611,101.0666152171051
4612,3.6576643657529004
4613,-68.53455675396457
4614,75.94180316680601
4615,-45.561432740499846
4616,4.778278897859955
4617,4.969662344414744
4618,3.9413115906859604
4619,6.225288051950789
4620,6.652656803857587
4621,68.00657300580914
4622,3.9063681066893983
4623,6.312348481762044
4624,1.464271127527464
4625,87.33728695560634
4626,49.17545661533304
4627,5.590138893485054
4628,5.842333302954726
4629,63.41931567669484
4630,5.444963856931985
4631,-12.85017676804706
4632,6.655848688934241
4633,221.35907775300592
4634,5.98256254526483
4635,6.0874151764603885
4636,36.763044244613944
4637,6.947205894234289
4638,397.9031067679939
4639,274.5377640506313
4640,2.071753280912885
4641,208.62950464993807
4642,122.29707901320484
4643,61.77007499429433
4644,69.04168613193684
4645,5.805018257635711
4646,46.989989405855795
4647,22.585102283440307
4648,198.00336670884028
4649,126.92670045393193
4650,123.11715244064135
4651,44.15731556004383
4652,4.5807168057196455
4653,251.90302146739174
4654,-4.67557476088836
4655,5.610876200674881
4656,2.4470049206213993
4657,3.150931749605452
4658,6.209830686404652
4659,83.74148425297557
4660,2.9072082202505625
4661,2.6428954952517865
4662,3.418411689610727
4663,116.04137085246394
4664,5.872608152435769
4665,137.27609652559914
4666,238.89719992591694
4667,1.847714235983259
4668,95.95386597736422
4669,256.07180249683506
4670,45.490778601738576
4671,1.9159573049473682
4672,0.7208863808654957
4673,69.30332291345681
4674,297.62268781483476
4675,1.757626895404893
4676,132.94468670978236
4677,61.11717495357463
4678,5.489455522658244
4679,69.1746363134563
4680,4.078305590347514
4681,1.5761594920507522
4682,193.75959894555933
4683,140.07115011804308
4684,97.02749554094437
4685,242.82052126268647
4686,4.469134008717936
4687,218.91902026896503
4688,341.0945588248959
4689,79.47025557354861
4690,6.0087440344099665
4691,6.977541260307552
4692,4.19200306410545
4693,102.60158194128095
4694,4.2210851837714705
4695,374.96718079664424
4696,4.449042070668776
4697,2.4789723294514276
4698,4.793647470081844
4699,4.20562611376711
4700,94.64792835227523
4701,5.16958659384623
4702,2.0060416303011745
4703,3.6940307020903287
4704,5.145534345688509
4705,283.68387405994685
4706,3.442910057201425
4707,4.9497334979932415
4708,3.2871307383824377
4709,75.06218757647639
4710,149.94321946795884
4711,6.2723043107982965
4712,242.5267735905258
4713,3.595021464763639
4714,5.6913412285436795
4715,74.1783057941727
4716,77.25853071581619
4717,7.290574894040574
4718,5.478704580660209
4719,191.99484416162045
4720,155.6658007226879
4721,6.177278402373448
4722,3.7874371650456795
4723,6.281414398349252
4724,70.88092297772684
4725,177.21518778243967
4726,3.526111661608544
4727,262.44791676550733
4728,244.6997314837003
4729,3.813513922777848
4730,177.4722083612435
4731,59.961129317963824
4732,-59.3695862320068
4733,5.49793835788647
4734,6.22859856924421
4735,5.259229519485028
4736,3.218186432481437
4737,66.00116163884107
4738,-26.19247854571742
4739,191.78550383087415
4740,310.10352867734935
4741,5.149403605887185
4742,81.91832025293121
4743,5.292968911099057
4744,267.4344478094323
4745,40.76145452761229
4746,3.843596349916269
4747,2.9399148628683367
4748,3.1725265189679632
4749,5.640391389718236
4750,5.780660913778934
4751,3.6507228806893943
4752,98.7072111570447
4753,154.42840075461817
4754,135.0254509666388
4755,3.9616230036041866
4756,2.0271450350998848
4757,3.205029314293171
4758,78.4595310835746
4759,113.14467004854467
4760,5.075008357216854
4761,3.297974038083069
4762,186.64606958686653
4763,214.83070957220156
4764,2.3456178066202114
4765,332.20017903303176
4766,24.018907937146892
4767,17.534622301182146
4768,24.755597806443568
4769,-26.167798516349826
4770,50.551942065261855
4771,30.97125241287108
4772,3.755094439005967
4773,4.184059014663376
4774,137.87776655476628
4775,2.41304152057859
4776,2.498257079506044
4777,194.22355669575842
4778,5.102728888701429
4779,40.39740382923163
4780,1.5983911459887807
4781,56.30029156583511
4782,4.851049028076249
4783,3.886603303717857
4784,2.469200756714155
4785,63.47031091702535
4786,68.68345641034134
4787,5.494973128218287
4788,3.713958143688501
4789,2.9032608392606924
4790,125.8425930581468
4791,171.6505786202545
4792,4.415918945483682
4793,164.6035047059462
4794,58.97810760008622
4795,227.59762309355827
4796,3.375983103633084
4797,138.78283548725383
4798,5.8782238329804954
4799,4.059352948620541
4800,354.07313215250304
4801,3.825189679746044
4802,4.9842775363407
4803,273.0450530496656
4804,1.6423459723567813
4805,229.52947559161947
4806,3.969268972198099
4807,3.260373521400801
4808,62.13875417652953
4809,114.0047786179812
4810,1.6420126965411834
4811,2.105028434278006
4812,5.421064449608322
4813,258.6192147174264
4814,239.28409888119347
4815,2.834035491224697
4816,2.729595637018436
4817,6.298570089034364
4818,1.69220416239803
4819,87.4040927864818
4820,2.7276197671483096
4821,189.00223788242653
4822,126.17762199842984
4823,5.0774711765096745
4824,2.928843513117373
4825,269.32172748040045
4826,4.537429092020452
4827,5.975912935325564
4828,216.77519257264692
4829,119.13589342791076
4830,93.7903812287768
4831,212.90977029464455
4832,6.846909954788801
4833,3.671541077622802
4834,110.66066334724636
4835,3.8523555733986337
4836,6.317914665534991
4837,201.9599885788814
4838,36.01094733336774
4839,306.48453454059984
4840,2.4968487122552263
4841,107.95896250788635
4842,29.11374019127004
4843,2.373892011811579
4844,3.823878975156689
4845,4.607832186826408
4846,7.103387155811038
4847,3.985844933475506
4848,2.4232494854220517
4849,4.265226885143599
4850,6.756369403190345
4851,5.878763908743999
4852,106.14203036586198
4853,293.4454202875473
4854,2.8229098789727978
4855,3.1761287659401023
4856,199.51575759138558
4857,246.88279631446255
4858,241.1519043902481
4859,134.80172062648677
4860,246.97025284345582
4861,-15.827591683912232
4862,120.47801001914844
4863,6.912029202851079
4864,5.9129737807300895
4865,1.9197078732507498
4866,1.299357635793058
4867,3.4504361228896587
4868,67.94293746141159
4869,0.9948991251322892
4870,141.45306810942725
4871,6.731685751435402
4872,2.3410502439906056
4873,288.82464949032374
4874,7.418261731910762
4875,3.392484754109234
4876,225.70720329151834
4877,6.312458472620756
4878,85.11273733219443
4879,69.8019495504071
4880,5.950959835584785
4881,6.307304976435948
4882,24.09132467375296
4883,1.8110559614434023
4884,137.04228045118535
4885,-52.5117319695106
4886,241.73719850510167
4887,5.050362244613975
4888,297.64495584431864
4889,53.591522213192285
4890,217.95827815019052
4891,125.86271747344153
4892,2.023233502480863
4893,5.8292366984069
4894,102.37047850962502
4895,6.729732490027056
4896,5.816193814545117
4897,5.441780408424012
4898,5.881955210833475
4899,206.70008886851727
4900,1.9866438521749161
4901,275.89379628784707
4902,4.131418729542162
4903,152.25328720746563
4904,379.08591004152686
4905,84.36999124944874
4906,154.4477037524287
4907,186.73929314144823
4908,4.356478613012635
4909,140.5296502523612
4910,151.0214622957255
4911,87.04794619398444
4912,5.5178441262801705
4913,179.73008737974777
4914,183.4853996739303
4915,4.258288262813474
4916,4.630267476668135
4917,6.381165900586184
4918,2.5201944996114856
4919,-1.7926372840924083
4920,2.152692028893551
4921,-8.52673446453855
4922,168.58669178695897
4923,208.52941109671698
4924,5.770113086175877
4925,2.3683590509334804
4926,1.3859678092793646
4927,5.138730140943621
4928,3.1709559549240183
4929,72.9874263156209
4930,101.64759717726766
4931,-24.45366988896258
4932,5.977321079212247
4933,236.11017638414484
4934,-52.07093871424297
4935,50.404502193979376
4936,253.32849101642296
4937,24.0615139399849
4938,73.93583361332642
4939,61.139226585723335
4940,3.898542942132624
