id,target
1,4.242168360892637
2,2.6109540203986006
3,309.72561501746225
4,-45.68847206105544
5,4.3155588734228285
6,6.663957134111501
7,4.942139078147733
8,71.9655632961402
9,69.85298764439227
10,63.50308643421128
11,29.88820454407534
12,5.690732795881328
13,269.09979931818344
14,192.1497277919928
15,3.6530775493468797
16,267.3632258995255
17,3.3406534571327264
18,102.67419653918017
19,3.501426427319561
20,6.7225697539691005
21,-62.90903103401598
22,53.922468320850186
23,4.423298875611429
24,2.5841457607656535
25,35.380501223332814
26,88.22074523620988
27,1.2534819674098474
28,165.15579882766565
29,49.12602776085796
30,3.2722629636355522
31,6.340955687468062
32,30.977270889593015
33,46.5923331617305
34,3.628575113550954
35,2.3469688895452627
36,6.473782390853472
37,245.76683688436583
38,244.3392976220495
39,55.26102229164878
40,128.49333154280433
41,-48.6727788081796
42,3.0892734913327358
43,5.681495694779219
44,4.4344110564183605
45,145.76921746169427
46,52.17308998720712
47,3.3158343668181827
48,-73.53188208480987
49,4.425569623712467
50,1.8745029422179162
51,249.12408813768747
52,3.1053269228060136
53,2.3469194215651297
54,72.46094302524666
55,2.8968661625055425
56,4.435180709423914
57,5.689253157354509
58,174.46349556111758
59,239.7825551031664
60,6.969495701878677
61,2.410510302044186
62,213.64604847437533
63,6.649865092529815
64,2.51454438536009
65,2.047109423707748
66,4.01855747136699
67,4.90349586798021
68,191.49972344352332
69,124.71214585052397
70,2.3520419119021634
71,2.6091326577330385
72,2.136207799447753
73,27.112020884456967
74,254.07593167634582
75,214.5643756246095
76,6.358818816945573
77,5.812908239138404
78,127.93037062352039
79,275.9751637502903
80,3.834918557011589
81,51.689051095565
82,4.460369802759952
83,172.51348631741303
84,53.40025647976622
85,-4.935447722092878
86,2.271069126428969
87,57.78881566254441
88,169.31730537419557
89,6.090323897580557
90,5.126696230483102
91,50.32234622630907
92,54.861452703147926
93,38.33142946101251
94,4.587421418311449
95,4.00738456834906
96,3.1842396295571054
97,7.236239191553023
98,210.82306703994027
99,74.3349344414232
100,281.7345967763573
101,5.285763573606317
102,253.16975223253672
103,4.274118239614284
104,6.63346491290177
105,167.9922798895132
106,23.75039680820663
107,294.6543628103084
108,2.5374405617285802
109,192.56589302743492
110,3.4647475018280924
111,60.91124593030636
112,2.01142630213091
113,224.65617321761582
114,6.177673187816431
115,5.14818214232276
116,379.71939994962923
117,193.40004539872658
118,199.61984794286744
119,241.54343315625502
120,334.1979806463711
121,163.70186930633918
122,3.2571632067581984
123,140.4077677920149
124,269.98899780288156
125,103.6358365877523
126,6.359750510946702
127,128.3305710811459
128,3.7829637091180244
129,259.37051469854225
130,86.97121578969316
131,60.22378127700607
132,4.30865298715935
133,-49.34679868515791
134,319.5670254764501
135,6.198107087273186
136,2.249215896823765
137,120.66869335086812
138,5.800969016951244
139,211.02001991868576
140,304.9305800627277
141,47.56813847251569
142,9.212001062001988
143,31.4456921210653
144,19.560720880885277
145,6.635952284497206
146,196.6253324209934
147,224.38285946238125
148,2.1183305336430323
149,168.02512551079022
150,73.72725582107405
151,286.15233715074385
152,231.70162961620449
153,182.34279136850785
154,47.19183858725442
155,4.424243002675609
156,204.99044210261178
157,145.26181461700287
158,102.04234368360319
159,142.28836159712014
160,6.486263887736155
161,43.426460180057944
162,4.655236628819331
163,270.75851415255516
164,3.1180387166059713
165,93.86663243083414
166,210.05345030684092
167,340.53124164959775
168,7.150631797767399
169,1.7524136932551557
170,233.09473368324134
171,2.944789582425044
172,4.408607848131901
173,-54.72691317515146
174,3.7568733609586626
175,5.56534529384088
176,147.13935953469786
177,75.55041743703507
178,313.04193820161015
179,138.42389902697403
180,220.90367354292943
181,6.3076073475249235
182,2.081667129952322
183,289.537462905235
184,6.357283431726428
185,1.6471025052342818
186,3.4051954304285044
187,2.805551530732992
188,3.9046327122788176
189,88.651120812349
190,4.207784787862789
191,2.0981409710877488
192,33.85795976601325
193,3.490048085023271
194,327.61749827179824
195,87.08478963125401
196,266.92739241446026
197,112.8233172457356
198,215.4312034689931
199,51.18448807899901
200,1.9675040533764767
201,3.268058156815149
202,89.72737329801132
203,44.29199007429178
204,4.311727305062835
205,274.2011560634414
206,57.29614250357572
207,208.61742413761635
208,137.09764106484343
209,65.70641105355776
210,175.86159111545146
211,66.53701924420628
212,102.49005937384031
213,274.9666234727282
214,60.67141044305048
215,7.62335465786076
216,205.34388502047844
217,72.69490986105549
218,165.62728480333953
219,202.3397077492973
220,6.056003322138158
221,231.30926714833856
222,179.97839933101625
223,2.9154792358352424
224,162.07593024653005
225,272.1655848241888
226,220.65234773805744
227,43.97560536615279
228,272.5828791769492
229,251.9060284755764
230,1.4443337278740405
231,216.06924577168937
232,53.65309282398455
233,56.84893737923443
234,245.42941741580154
235,120.06287689483375
236,2.280389088515559
237,5.969270631615364
238,38.310421348843654
239,6.363366608118474
240,181.5591164545008
241,309.4949384915367
242,233.30711877570081
243,4.229992577832755
244,3.3364845593430124
245,51.97655302401421
246,125.11080780193012
247,123.1616166405599
248,6.273714074914446
249,5.970969968697556
250,71.17461757606702
251,49.1923481242228
252,186.02966769999665
253,7.777906158684251
254,183.26420668567596
255,-45.57817616318207
256,5.698075835922782
257,2.1473907216410155
258,64.22097287511716
259,258.6768323123536
260,2.531751477791342
261,5.6276113955729965
262,6.346357236590993
263,-42.92743121932959
264,3.6730331680295456
265,3.773935000710237
266,2.0996509622837123
267,3.266038862571622
268,1.9318351365069186
269,192.1313900224588
270,3.110537102082593
271,129.55983935589603
272,79.6186199146679
273,4.620424905662281
274,4.6429770190624176
275,324.37823307879955
276,183.8355369045167
277,207.0749822422607
278,-60.8299416563396
279,4.290344139142396
280,191.5263801118397
281,5.272286353943725
282,188.79478904526417
283,197.9888705613448
284,144.23686958460868
285,243.47021505389463
286,136.59375457815946
287,233.58175484357778
288,6.163832865787963
289,126.24529788838677
290,4.589104562792833
291,102.59383628737581
292,4.017409482579996
293,80.26911733150202
294,122.67834457998595
295,5.911104588676304
296,108.90148333219939
297,50.57184806026754
298,-39.33260495128809
299,200.75467364041276
300,5.885096488843374
301,4.382133232731851
302,5.040919363827337
303,4.304702940048159
304,3.935873217191054
305,4.769332477473844
306,252.44972816296573
307,3.7481636097319293
308,3.1897551070415027
309,78.6631512728597
310,2.2668182177559206
311,2.3141570854033935
312,3.8021496053644244
313,161.65612302082815
314,3.998827096884553
315,0.40052606530884893
316,1.2524586922459826
317,3.701636902290142
318,4.044931618448541
319,34.569397723341595
320,1.8693863082642652
321,6.259162687224636
322,3.2583309362277753
323,1.812967912269516
324,2.4936681480320937
325,4.522530884543064
326,4.9920054741059054
327,50.167582963395446
328,3.645181245409745
329,83.86201414304438
330,51.991175226588275
331,48.806663482461104
332,5.516826595840815
333,2.5294706769495994
334,6.735744403546757
335,153.90438602444362
336,3.724559539767496
337,2.388759336604843
338,143.50836652481502
339,28.49181891978457
340,294.84233551588903
341,134.96306167285417
342,53.62331496350561
343,3.7007970917658173
344,2.408680616441318
345,123.52407416972117
346,2.7326298614057434
347,4.668581688331843
348,63.04906889342037
349,-49.059270829993054
350,92.28315013100146
351,244.99576382714244
352,34.770599979491834
353,1.3384577138849048
354,5.972912363516192
355,318.7817058008326
356,223.16064601701856
357,3.3143232191770506
358,20.55904190129315
359,4.306354590334765
360,136.09755635221177
361,4.988923747693423
362,5.306345558494864
363,-7.0103056641264665
364,4.207176755381205
365,5.521588081904338
366,68.53895556613772
367,4.8180316415925875
368,236.74776473645113
369,5.836797570761304
370,-32.6649714201947
371,255.02036330502887
372,41.50483438937221
373,144.63295253055992
374,-8.149082809765156
375,96.8210544521838
376,2.8955460535516746
377,2.7341844526871624
378,3.684557484798348
379,2.8506408503431757
380,0.5966204462441203
381,6.107673606890117
382,6.271059563804428
383,130.05634958231468
384,1.794036001466857
385,3.651340673696352
386,270.6480892963065
387,2.2579151844360696
388,3.7291966943388326
389,64.13083995111667
390,4.587703800477058
391,163.1906961621512
392,6.314988133841906
393,3.824908107004985
394,310.49035461073345
395,198.89352100714217
396,2.7500762230558755
397,1.7589746836128022
398,6.094067151755385
399,213.5932072809893
400,231.36849541044114
401,1.6376437510116386
402,6.335796770196676
403,5.719342508823203
404,5.621795799229561
405,13.549137791880758
406,7.7290525646788035
407,-59.35188779906382
408,4.289369116559726
409,3.4171159652287924
410,3.904528234037296
411,2.8528215930723873
412,-26.679692576551282
413,329.53668894804366
414,5.856485969915536
415,32.56232290268716
416,3.3200883017330676
417,6.722236079452653
418,5.773643273462806
419,5.653274958478587
420,4.670580455499382
421,152.65387854348415
422,158.90158022354404
423,124.50839679195343
424,164.77121076066516
425,5.66215696268379
426,262.32154701849475
427,3.2214822054377774
428,225.11565675233803
429,2.3313866710123348
430,4.394808898607986
431,269.9239485529985
432,143.25361329410492
433,8.86795830921363
434,6.280774398318657
435,50.131234419178455
436,236.41113789593172
437,209.12198750854412
438,177.01582211197666
439,5.779451672862061
440,265.7975316501326
441,202.09032286737772
442,121.05874676464462
443,322.4370038878378
444,5.406251236751622
445,6.16345293821761
446,63.490339652162604
447,1.2415316704081387
448,6.290862889923602
449,316.38599853292135
450,275.4067431377979
451,154.00939839073635
452,233.4594117684785
453,1.8837427340164186
454,4.130224126092951
455,129.05128069209798
456,3.1385763001692
457,4.921290515183681
458,266.5582524110081
459,65.6483963900688
460,26.024843156296924
461,119.79273848552434
462,6.0719844907376785
463,191.87020800959868
464,5.11309305732442
465,149.4660779792399
466,73.51494454361563
467,2.3320487300193053
468,5.439672002016195
469,31.485670485518355
470,24.6620978088554
471,1.8163518859826069
472,1.9206190687239622
473,62.616555842139135
474,5.990859302230335
475,127.71509992362786
476,6.472033726294704
477,1.7893337351665468
478,4.438616610914259
479,213.5952171140792
480,4.942814715819313
481,5.6496405508714584
482,233.38399253621571
483,1.724825162799647
484,202.88390348467095
485,106.3455894158095
486,4.58098498021649
487,2.5216005964846966
488,203.15099536897208
489,2.780344926015329
490,4.815369414847732
491,6.342425016548624
492,3.8290041191453863
493,3.3521297632494225
494,234.92359624842538
495,5.81581394366455
496,200.65244918005152
497,5.625331367318153
498,5.977420543476526
499,5.814007535873733
500,7.6134534916873795
501,3.2249929949886154
502,324.66875447803005
503,114.26794910114057
504,-9.687263534362623
505,2.060020938759087
506,6.4973374578041625
507,326.6784853881498
508,81.03476869257749
509,278.1904813989347
510,4.2885157846547
511,100.59871810010998
512,207.1756804378741
513,207.859251771994
514,336.4750660835639
515,237.8369626288432
516,232.5707516610631
517,292.1226674078041
518,7.071381325579921
519,35.3249375886154
520,312.37938688752274
521,1.798412316319164
522,3.906843982149618
523,229.26937431465467
524,4.402149395366876
525,169.34076215954968
526,5.741521741055068
527,4.935343208248731
528,4.42033105476312
529,6.385029830715573
530,249.7667125793954
531,95.54827038027159
532,3.878255820799775
533,60.32244384681699
534,4.2079528480591595
535,6.8446436564179605
536,5.9706451709622
537,1.5559428592097384
538,5.202362937282752
539,269.4405747375119
540,279.8926024808296
541,256.14590682843397
542,67.47418246113111
543,102.46840237027367
544,4.913326093271218
545,4.1909556208083325
546,4.024764225798332
547,2.029089510437449
548,324.73668153925314
549,5.77955118164655
550,244.7381154801244
551,5.967877074353151
552,115.31815788468154
553,3.6726028742661585
554,68.20864941356461
555,95.44245535262714
556,245.85791498357477
557,198.34526421068196
558,5.413461152304511
559,5.669103846897795
560,142.48880994274998
561,94.85987956978266
562,176.29177377780817
563,2.9652529768215263
564,16.58332271189512
565,152.39606298698197
566,2.430213753299285
567,46.614982370031626
568,112.72885041846467
569,313.96241902624257
570,4.065205632361867
571,209.37762606192106
572,3.2457267018653315
573,81.53015105623055
574,117.04471256317316
575,7.442682229773127
576,1.820520738674162
577,2.9494314697729656
578,174.08306267150124
579,1.5685424634041572
580,281.96901557408773
581,63.265627773049545
582,81.10825618628638
583,5.374482281470705
584,2.9808020704874503
585,152.7610050798869
586,5.0627934573539415
587,219.5995189936139
588,3.109638472778796
589,190.34356084813896
590,303.7925585833552
591,148.85796426506238
592,6.901076853311936
593,237.37286407077787
594,289.14862192677765
595,38.547832635139315
596,5.331258561331142
597,118.98830455891046
598,2.5677719922492974
599,74.1173568460664
600,146.6302452824292
601,145.52284100465425
602,39.37187658869167
603,2.1098480503190866
604,245.5789403742749
605,2.415593112219809
606,2.844694331103681
607,6.64920456992592
608,51.1715024846427
609,266.83473486711284
610,47.94554248143816
611,58.78610578348935
612,-4.0761200041273105
613,37.38426032347787
614,50.43366355518206
615,1.8895397825859683
616,178.62292853369888
617,-52.668182948817964
618,232.04033647973927
619,4.792161705738446
620,5.883564850050211
621,174.04569075884865
622,103.7836032105956
623,188.90644063331257
624,196.2180393906819
625,2.457307779075304
626,1.5648965077350008
627,61.10254260377802
628,4.396274836845946
629,227.606211879853
630,4.349232698480842
631,2.1997403985445163
632,205.78316880118322
633,156.75285091878007
634,215.40738561213988
635,2.392496054566167
636,112.71117346943726
637,113.25356980854326
638,6.680656365267269
639,51.2925565868528
640,115.10214158514393
641,6.8505743723729156
642,3.188031623498251
643,282.90391748751017
644,3.6315490473273546
645,86.15877343606437
646,72.17631245059646
647,189.3550991013883
648,272.3441878842824
649,373.0168710562705
650,328.4250246137097
651,109.90323746278816
652,64.01770919842954
653,3.249824175648008
654,196.50827100200914
655,-18.76893512170992
656,220.9473350901163
657,185.6819179957351
658,280.3823427882814
659,1.8770737917096203
660,116.74316490235987
661,4.119535207022251
662,125.6951298707363
663,3.5018129102724123
664,-46.392751971081225
665,96.26201648637996
666,157.10956942383962
667,235.6641506406732
668,352.7446176456359
669,176.64588005834415
670,196.93231153025198
671,118.26531251512031
672,81.97605993908189
673,3.9177240676360063
674,5.375226050039358
675,5.741691385326301
676,5.218671443850138
677,0.20088208762529747
678,188.65448940059852
679,4.877200003344879
680,2.937820050455483
681,1.9312232044913715
682,73.55326867257693
683,5.866217335856939
684,178.73458407983867
685,219.5772307784755
686,6.038025830933714
687,360.01089156221275
688,75.01802844403957
689,85.95525473309553
690,340.8178202456594
691,3.731866256262303
692,79.83048688611746
693,5.018204206292266
694,6.517069085747754
695,-8.030652992354002
696,309.9405307038663
697,0.9190292495540575
698,230.05560568339823
699,1.82003962004648
700,253.30618969271057
701,3.611653322553865
702,4.869597216719567
703,61.60906212831716
704,77.11828751599495
705,157.15437484188254
706,226.95445970899902
707,182.69979144929135
708,66.24335713011466
709,87.40183928958481
710,214.67049841287798
711,245.22055002751927
712,6.668054890569875
713,31.556806685296067
714,6.583401423923375
715,241.16918716461527
716,2.850141402242348
717,85.83504987867417
718,352.7805829318143
719,199.86637621403548
720,4.6304838078203066
721,144.23080988006484
722,2.370031715460338
723,6.383742641962609
724,3.0196902565598673
725,2.687199901208273
726,110.16467656146666
727,244.59006808833874
728,43.21700917274674
729,55.17649503715171
730,50.42523817503651
731,281.46019743174713
732,4.462424197864544
733,6.461709556513252
734,24.751695566945497
735,252.46951732809242
736,52.4253266007465
737,52.02362815920708
738,122.73304536337372
739,331.35310360080246
740,133.95476018843564
741,32.26801207925273
742,276.542569747029
743,140.45764625455837
744,1.5975724334106183
745,284.6988856052478
746,180.8325534397415
747,3.5470675918972394
748,63.11407093111946
749,66.16979995782269
750,204.30295524971916
751,59.2733451286218
752,234.95539531732447
753,2.0099654042603485
754,254.19997036143147
755,5.794071787186876
756,6.036518252544855
757,187.74999731132232
758,2.5536195643141713
759,70.95986491902258
760,1.801961027884525
761,207.76950390031504
762,5.031949016699549
763,2.0887663853682255
764,92.46718853874765
765,4.668612702408834
766,27.748584413868368
767,1.114085727522906
768,5.037494305188009
769,5.858834166604359
770,1.9558140706814497
771,259.02972393991996
772,78.8354267018843
773,123.32039407929453
774,-11.52650780168392
775,53.632407291885656
776,4.176815559603413
777,264.02837354576053
778,-16.942791699255245
779,148.5950756199191
780,77.79053182254707
781,317.00442366968133
782,3.601536433229656
783,47.99097892709173
784,2.787532354081826
785,55.282487234937676
786,126.20734664707672
787,5.449959920123115
788,1.8854142524330604
789,184.37139147498124
790,61.01970224523905
791,-6.8095291426389295
792,84.8265571382029
793,-69.43921428690658
794,320.9089235936584
795,-51.66568681729208
796,127.417139632059
797,3.5415742563682997
798,65.25388243439977
799,3.385261228783606
800,5.918454021705074
801,214.94940017537905
802,73.61767555762343
803,143.22068673998518
804,6.727385773759062
805,2.1439789266409965
806,160.54706674841003
807,2.7173608402500804
808,63.198740434342014
809,1.6145007938774445
810,51.30067146131281
811,257.42105275541036
812,114.90338595886337
813,288.47734245191805
814,5.8460228696871495
815,4.639421773595417
816,6.977032376534863
817,3.192909933687378
818,7.804000881309665
819,5.191111842934825
820,71.00034958346733
821,5.872910808024826
822,2.034062862382805
823,45.327516538951514
824,68.17500253479909
825,7.010612305439045
826,71.47396161634185
827,4.027686500266698
828,6.124017947775762
829,48.77624458507046
830,158.69788339834662
831,113.84990475216097
832,6.121551643270589
833,249.39880355280684
834,194.76590054128815
835,156.61221700713352
836,2.120333182068538
837,83.69816583709158
838,139.91431596423604
839,5.985330958867856
840,205.443469526048
841,144.3897122337135
842,52.82541791379583
843,2.5342320689378606
844,2.886620171891071
845,5.325509090924718
846,6.423221395133641
847,5.454856489177022
848,172.8305753842749
849,6.191435851239817
850,82.97825951203477
851,19.478700230054706
852,34.98597355476238
853,96.65075005793861
854,62.98720040018421
855,7.335407035378497
856,227.68048135856168
857,79.85081139589016
858,82.05157889152298
859,225.3178677228828
860,2.0864473618010235
861,3.5237211507423605
862,2.8738451520724757
863,101.27974271893973
864,248.72679190089224
865,265.81924948140477
866,199.75381536177807
867,5.018147451588158
868,113.6265305821542
869,167.0608033205301
870,127.96893234393346
871,150.60869977786226
872,143.75149645514796
873,2.967801599990316
874,93.21089570383329
875,6.21155897294372
876,111.27973501862081
877,46.23602342536202
878,181.41646998525437
879,5.474041327793372
880,6.779195256342421
881,156.3809410880691
882,5.862422561205534
883,239.4383385625983
884,5.880692376890807
885,182.67097940290697
886,53.941181957192086
887,2.4885111388781183
888,2.1137672226845723
889,275.9209788033364
890,4.227233361260364
891,2.682118635800829
892,57.21932777826234
893,4.893115548108141
894,-11.549868200791384
895,3.478075869707719
896,212.3730586439065
897,2.5838602571314007
898,227.03392027770218
899,-55.74162225143887
900,243.3716536705773
901,3.9449428828721276
902,202.53796842542948
903,4.986006473755081
904,122.96462912037538
905,1.940973742135988
906,1.0906293376112917
907,202.70051736430253
908,16.20168167889698
909,75.32292519004572
910,2.3030402504299974
911,6.639462288475222
912,275.52315458807107
913,155.3419602481301
914,276.0308049987192
915,129.32541543013124
916,119.297193338503
917,4.113103916145583
918,2.2827705304524666
919,2.7403500928899187
920,386.5017346555197
921,116.3188593215904
922,198.80828284237668
923,2.4192757066171406
924,118.58804184577758
925,192.2421631325043
926,54.62543942390378
927,56.12618534071653
928,5.144688868277527
929,39.0874707645044
930,26.1027994217813
931,206.80747754062122
932,181.5647535562784
933,5.42791035765797
934,2.079818179647887
935,188.48946794793574
936,41.25828010897193
937,3.730986464697933
938,4.529956310804302
939,73.26673094831546
940,1.5278593384827324
941,5.82931766990548
942,4.8682932242778625
943,121.52417508585172
944,4.578474433251881
945,2.006449833213644
946,57.81081769227805
947,27.475768984676066
948,56.58077279592182
949,232.6956987164259
950,351.3483837873906
951,11.319433470791726
952,-14.321478898053796
953,6.246331019471149
954,257.15623799102235
955,198.49765964629654
956,144.45079903639606
957,2.6098211371769224
958,2.8761693739729073
959,206.57807589549014
960,52.61133035837436
961,162.6317531961568
962,3.281397198261506
963,6.307915117571745
964,5.0057542234714525
965,6.285316087004967
966,3.34210275503468
967,43.22443535421114
968,173.80711465148926
969,194.01315355799943
970,6.30656330739495
971,369.30454984083354
972,5.310419675310404
973,107.5416172781446
974,5.60949912129608
975,3.793777368427646
976,5.203930117209349
977,196.61586551771325
978,297.28798371972454
979,1.8944623086249548
980,1.8618202349806525
981,20.705334242835782
982,41.481718375026404
983,306.5674442737536
984,320.0847406191234
985,267.66558981680805
986,106.08252975215653
987,2.9459918773294875
988,243.349892092576
989,356.1581750840136
990,58.259565210816724
991,4.092104963715234
992,312.21364047491437
993,173.8426311483521
994,3.541968798203845
995,-8.774905458458807
996,-6.04283018014615
997,2.0626744970038686
998,41.994408247628556
999,62.876314107947074
1000,-18.25055455019171
1001,281.10814126286346
1002,148.33917983754134
1003,5.366428747805864
1004,1.2112613084654833
1005,1.9262084265886739
1006,3.826060176606018
1007,154.69237945017414
1008,1.9752178972869103
1009,6.359230252785132
1010,4.11620546262297
1011,261.98445843779444
1012,13.880732788634207
1013,200.883543158551
1014,45.449170333966165
1015,238.8608967979779
1016,6.554121437445312
1017,5.053837886614906
1018,3.5691183173668692
1019,6.550621766913292
1020,4.4868393297715485
1021,122.45294112264327
1022,85.29831937541155
1023,190.77725869052477
1024,185.92035580424965
1025,5.284764442888611
1026,4.2281431851403175
1027,4.966408133127139
1028,89.20118165558522
1029,3.8151056640106953
1030,39.3980628787939
1031,282.1342873516936
1032,3.059048680419541
1033,2.259218376141587
1034,245.26524616611349
1035,1.4234863627089451
1036,247.75893822649283
1037,6.978627720033224
1038,48.76518576473997
1039,3.582534702887692
1040,-28.5481075506993
1041,3.294736745358291
1042,3.279130904250433
1043,3.5749994950380755
1044,340.8187189856127
1045,136.7683341023756
1046,31.373663105795046
1047,224.57141200869262
1048,1.8416374062684986
1049,2.7199951727946714
1050,6.340758693998892
1051,56.55713098273577
1052,176.59420870754775
1053,254.56992569586725
1054,6.4024134943195365
1055,42.619387972465674
1056,34.37686931201568
1057,4.330323202678434
1058,2.92994801351429
1059,2.935337418944271
1060,89.23227269733084
1061,3.7548984833545527
1062,6.014217650924316
1063,295.6950851181768
1064,266.69190327903067
1065,83.51122606954243
1066,271.38325474171154
1067,265.02277885235367
1068,6.192567967174249
1069,4.411700637468575
1070,316.82387067705406
1071,185.27257727315904
1072,5.2089746360753555
1073,4.018831145195154
1074,6.285011259207549
1075,4.624900519649852
1076,294.73090626596274
1077,6.285827294839427
1078,154.5970416005569
1079,2.9425487423378396
1080,2.634418895003976
1081,5.834506512266204
1082,4.3028818050497755
1083,3.3181087985560316
1084,6.134221950128222
1085,123.8847252745941
1086,165.9275015146448
1087,48.29100396958145
1088,261.88383122925313
1089,8.435466059847045
1090,152.25287913686824
1091,252.10413406773387
1092,5.864920164084703
1093,4.477208062807439
1094,6.5989078557386325
1095,3.7623866670034225
1096,2.8710979793981464
1097,4.92153713079912
1098,80.47243269078535
1099,114.7267149649534
1100,5.459598856839374
1101,4.704688266237053
1102,6.299890087666231
1103,263.06494779608477
1104,4.620999398183794
1105,106.61649014905507
1106,5.799322391369211
1107,6.199759305423102
1108,8.88123231676191
1109,96.87541561797894
1110,78.89665961111683
1111,3.184933967782155
1112,213.26655013282294
1113,2.7655264542836133
1114,180.47980016685744
1115,-6.4831764363394235
1116,5.409813608263741
1117,288.8387177333349
1118,281.97399551792864
1119,4.797741970670586
1120,53.91329567344391
1121,8.808139462708267
1122,241.0352952912013
1123,3.4867121446426053
1124,187.7046593641489
1125,2.6936439577327547
1126,70.38651712058453
1127,5.989275841550748
1128,-46.460790030616444
1129,144.57009782316317
1130,6.606569147379732
1131,33.81887564698617
1132,4.822844118333654
1133,-60.13706998624137
1134,199.46028627815167
1135,202.88262377943272
1136,-54.23807342005057
1137,3.9828164597208793
1138,53.127083840703676
1139,110.50774942765449
1140,115.71105083106345
1141,218.16663997043514
1142,139.19950095744298
1143,26.836350088332434
1144,-45.51131579928173
1145,120.76566563169243
1146,69.46249391906542
1147,4.427947570710329
1148,68.76403061241868
1149,34.22659702941556
1150,4.307057171103331
1151,1.2347340845928025
1152,3.49163921146766
1153,4.372653230458412
1154,33.949866618198534
1155,170.1819263632715
1156,6.6145243821138795
1157,80.8906934413508
1158,208.44578949367974
1159,108.84484759540337
1160,76.09719237518244
1161,1.7271153154680066
1162,5.663449252932753
1163,5.465158232931049
1164,4.916654258517742
1165,201.60040753503333
1166,35.0745755774945
1167,-28.76398185359596
1168,5.160355539739416
1169,176.57547596079235
1170,5.001008953325808
1171,4.277739512683346
1172,-28.302452538221633
1173,3.9511480912669854
1174,193.13973578941906
1175,-50.24246765566919
1176,246.7427082512379
1177,2.2593383645803424
1178,145.34953685132027
1179,2.760067745519819
1180,2.7090475357011714
1181,2.156524274645028
1182,129.57217447138316
1183,7.27598755717962
1184,4.169009202120221
1185,279.4320207494842
1186,134.01639268873004
1187,4.1300588302047885
1188,2.8680998190269165
1189,119.6390268490091
1190,3.3436923081744654
1191,2.9428846416558434
1192,4.954332074328268
1193,192.94638050499506
1194,5.497161523366225
1195,2.0988413703353452
1196,267.0262345504284
1197,75.16477533709498
1198,3.0479114481154492
1199,254.83905109516036
1200,42.56203491063492
1201,228.32222471870585
1202,85.06526071475902
1203,3.5161163142167533
1204,175.57657788152113
1205,1.8607884768610576
1206,161.8424429490426
1207,129.34067974264087
1208,238.6842089370411
1209,247.91200464988316
1210,200.5301620877325
1211,214.25110886269917
1212,6.137460127149833
1213,3.6944905222028535
1214,199.94149998939997
1215,120.97604734377944
1216,232.56191200014553
1217,182.2376437128431
1218,-37.0544208123553
1219,6.109879525870429
1220,5.721780101498245
1221,253.18322108579974
1222,6.184575728793771
1223,2.4917240034175734
1224,2.778036942793262
1225,124.83387240480188
1226,1.3773428188384562
1227,4.6794744701883095
1228,2.418594835769298
1229,37.43693818814633
1230,112.06703430523419
1231,229.9731408539181
1232,1.8232077276231355
1233,-38.40895279759698
1234,3.15252633871442
1235,14.77964134707163
1236,260.75111335357985
1237,4.197812565732488
1238,2.2155536548837405
1239,1.3318365507013652
1240,41.092730364168304
1241,2.0824825386293
1242,4.325444192282099
1243,5.406652424092409
1244,187.0883603390912
1245,3.890452565088654
1246,254.06982705715467
1247,5.405297281457541
1248,118.70356076770167
1249,148.77015162966734
1250,7.477014480892371
1251,39.67280089381698
1252,5.608662480951484
1253,4.045140346204547
1254,4.19027501557661
1255,32.943479138415526
1256,72.01756869832994
1257,134.79386276063263
1258,273.7264351870172
1259,51.02407519969376
1260,259.42749285021716
1261,5.702319010452616
1262,5.505537232530179
1263,188.86391726340747
1264,1.928379113283429
1265,11.731119720608374
1266,130.52679087029756
1267,2.3784088368146596
1268,6.49517718153094
1269,256.9173923646722
1270,-55.022401995244564
1271,225.19732741842668
1272,54.62543942390378
1273,28.57791204501607
1274,222.4087292786043
1275,156.90367200138374
1276,38.34550712861913
1277,4.074196521860344
1278,1.6628037604026686
1279,3.9257391852758996
1280,-62.234464165514815
1281,3.5053926195931373
1282,72.49398444451441
1283,157.4458452677511
1284,3.0147900756263732
1285,-54.05742951212356
1286,2.4295521367190824
1287,49.050924747955165
1288,145.04056664658404
1289,4.496294087107455
1290,224.2616573150022
1291,3.277720792776136
1292,48.66865180885445
1293,103.32138544400426
1294,259.7984798972964
1295,175.01726025214305
1296,6.1624812084624505
1297,46.63261461533933
1298,-7.11007597619299
1299,5.007130115606646
1300,167.0637433332969
1301,225.07940464214488
1302,202.3611947351448
1303,6.346911945801715
1304,3.546539005317405
1305,5.218407984773322
1306,56.96856735149638
1307,155.7123545801217
1308,1.8833510275808782
1309,4.834270728419205
1310,338.1963336040954
1311,2.7467184123649417
1312,6.885648952806888
1313,37.51298100497226
1314,200.41826405970352
1315,164.95277310276958
1316,268.217761251717
1317,65.63197624698425
1318,2.0849716077344285
1319,201.63549160055086
1320,239.4043469496553
1321,11.290384472097022
1322,53.268947567672804
1323,270.42502380268786
1324,241.05955993576438
1325,47.08633003271052
1326,61.51684312597824
1327,241.82840222986027
1328,3.198500420382535
1329,6.108929016515918
1330,125.30720264258396
1331,-13.43884191267539
1332,308.10559203747954
1333,1.24220164578665
1334,345.4178423287972
1335,1.8801267989015604
1336,89.50415186619017
1337,33.67073877993036
1338,243.90517618196168
1339,6.76432679132653
1340,199.9143258213432
1341,244.27822670190687
1342,186.8744036998827
1343,48.47052818799972
1344,115.22577071593773
1345,3.0290305923876537
1346,54.224855560259094
1347,88.1511396657186
1348,2.82054842486863
1349,197.59802949868137
1350,46.318500486709
1351,227.8343966931343
1352,2.725918063032123
1353,17.88935479324599
1354,4.655982048936133
1355,5.924324573105052
1356,3.5621831171979337
1357,5.621663645882418
1358,6.6756610826381895
1359,1.6534850303884747
1360,306.1050134981558
1361,4.4224206551198675
1362,6.434934486293285
1363,68.98997057048369
1364,3.260966571971207
1365,5.862301415646977
1366,6.55221664379701
1367,5.86463215061551
1368,9.760676031977129
1369,184.5847806427158
1370,291.57159352638746
1371,218.43433857787124
1372,30.45051215088985
1373,3.4601582101951713
1374,205.38191107253357
1375,162.57231220470672
1376,5.163236398266573
1377,4.897531601370486
1378,106.71398743952702
1379,91.82021802710105
1380,107.68921728173164
1381,240.78050977412067
1382,91.580949146483
1383,59.14176869650718
1384,-9.069096531091521
1385,153.49992733672164
1386,2.459201730169257
1387,75.50222618776718
1388,1.66239301048582
1389,222.65461904614068
1390,169.7899452189294
1391,89.89576523115579
1392,48.91550702022293
1393,279.11753881218596
1394,-20.658122689200866
1395,43.34086466095414
1396,181.6585182180973
1397,5.498126939321966
1398,196.32514499494638
1399,1.4786403917941415
1400,76.43638244394205
1401,319.7725282112122
1402,50.498219995145675
1403,295.10447525676335
1404,96.6207509204683
1405,117.14721056216284
1406,1.9476534693640883
1407,113.8237737159293
1408,7.714753853255974
1409,3.585023882762205
1410,244.12567841080218
1411,252.72590804463613
1412,-39.32517438550872
1413,123.9844976732562
1414,254.61045100136846
1415,2.1110704264097278
1416,2.7614632475518617
1417,4.2835328681313465
1418,314.92423374727264
1419,143.62252350086567
1420,4.498376243955557
1421,38.475369116363744
1422,6.7027078386948284
1423,3.1926215946202885
1424,5.5399768579535005
1425,2.227412897091617
1426,-16.38843730630279
1427,3.7232683073897412
1428,4.71470514529898
1429,3.129473477860452
1430,3.846716879155429
1431,6.3724885900673325
1432,194.05595748313488
1433,2.8992869678469644
1434,6.395879482290152
1435,4.593301045359859
1436,-54.86979652434587
1437,184.72710004784446
1438,138.04853232963563
1439,6.375756627547078
1440,2.740643945302591
1441,120.76609850559622
1442,179.53425430257445
1443,43.93707321205136
1444,5.728226240576913
1445,54.42544694209771
1446,273.68214142772524
1447,248.12528980727305
1448,-17.179126108610298
1449,5.87430414626996
1450,276.88647886464923
1451,138.2470605308102
1452,5.3778603574022945
1453,5.59865474513419
1454,174.52317640164438
1455,70.04706042307114
1456,-2.768936483854005
1457,7.889853300341761
1458,4.8227661303546805
1459,298.29584290685204
1460,335.4583558019535
1461,166.89187724851314
1462,-6.919255994567484
1463,80.82434170481619
1464,5.846022734659332
1465,2.9688105952397685
1466,236.16800717114998
1467,5.6865137934745125
1468,5.357942238773704
1469,33.33423681294153
1470,3.8425876600462825
1471,39.510983210998006
1472,6.755854126475586
1473,1.9533000762515083
1474,239.92912403958098
1475,91.57320027796987
1476,6.643621054417304
1477,2.4339825714229266
1478,138.19809659042144
1479,5.085308500315665
1480,114.36048613647776
1481,5.904916582186076
1482,163.67636495907533
1483,6.128700423171662
1484,250.5325782638291
1485,180.89839586913484
1486,6.62592619194629
1487,3.6122072825019758
1488,89.2192299784084
1489,-26.568337746385694
1490,95.21746878844976
1491,3.6921522081538134
1492,2.0476166158356564
1493,7.450864216610848
1494,5.491554898785816
1495,27.839644962545158
1496,7.63876473645918
1497,66.19196937904226
1498,5.730044779506328
1499,81.47997217457024
1500,7.095110672282874
1501,5.872381867718527
1502,111.38878933470062
1503,5.734836423633167
1504,2.070446672353845
1505,4.701499229515038
1506,180.5914901893101
1507,35.95766282062344
1508,86.04188308074622
1509,59.595616086496676
1510,3.211266863888852
1511,-20.16214287841347
1512,60.680630154673196
1513,5.1221723009921405
1514,249.1961954313359
1515,30.326704505151877
1516,2.8580064110179446
1517,341.9671929656962
1518,4.302332851092097
1519,240.50591522810385
1520,5.121476687622938
1521,34.85697848797639
1522,4.966295789266882
1523,2.997802962447354
1524,129.53712818751956
1525,-30.778703958240158
1526,2.5096776302899015
1527,5.366851537972929
1528,2.554550935282661
1529,216.07563312178502
1530,276.68247244697704
1531,3.6767585906081286
1532,5.919163869277249
1533,3.829809156946835
1534,10.725916533496733
1535,75.78586893123568
1536,5.945521376088756
1537,2.5971581019571146
1538,290.81125566870395
1539,154.18329018685642
1540,2.1359522455491806
1541,118.4711899848349
1542,3.3364220311801267
1543,21.81702484752811
1544,7.901216663754157
1545,3.572016913434312
1546,4.457231131581493
1547,-37.99749815930637
1548,199.91767241184047
1549,46.65419808485398
1550,3.7756085361525678
1551,2.3119021265234343
1552,236.5224314603405
1553,6.05050504978163
1554,281.01157744627295
1555,135.12656143095938
1556,3.800607779642542
1557,13.402080060778278
1558,3.689314543878117
1559,240.23096177269082
1560,206.36165148350997
1561,193.49430614648497
1562,244.8627695700908
1563,97.8532273391097
1564,3.2730550122007713
1565,92.45689530593015
1566,3.732566060434147
1567,20.565630763767864
1568,105.41636216215488
1569,16.968340051578064
1570,292.1893063887253
1571,2.884204258687566
1572,80.4624601730716
1573,2.2834907656286627
1574,5.004259265392218
1575,5.7288769117100315
1576,3.967767460340763
1577,5.544293980395349
1578,86.76713883858818
1579,5.108533179992521
1580,180.7171323574119
1581,272.2700318947067
1582,6.748538641880138
1583,295.04309381272867
1584,311.5123476932839
1585,6.337216166264838
1586,4.859448847277872
1587,57.81741287184506
1588,299.23887592539427
1589,7.171513762695902
1590,6.0095379948556875
1591,159.44215126131684
1592,7.1049291723359715
1593,124.71614018000241
1594,140.41963043597605
1595,128.7666728800898
1596,5.651856906746067
1597,56.26997754925817
1598,6.703250109928621
1599,3.745790448775926
1600,4.294956653889492
1601,2.7288606923778373
1602,5.901903068708378
1603,284.4209606610036
1604,39.60350310819769
1605,124.79063686888718
1606,265.905241196384
1607,-19.377500861974806
1608,3.432458224281034
1609,6.935905340119794
1610,4.192886634328973
1611,204.1266120677224
1612,82.72433538476217
1613,2.3394682460590692
1614,278.6596546815431
1615,5.755818920109614
1616,3.834345819168815
1617,185.332646269716
1618,226.24417091370034
1619,26.036545940411386
1620,79.75232716599933
1621,2.6324648576668443
1622,2.581801906031359
1623,2.742128547621909
1624,249.68220499191023
1625,58.34007090841976
1626,1.6377497506089107
1627,45.171212688284655
1628,3.5977537724258704
1629,206.06832796896845
1630,138.90617756510096
1631,3.2146455916817844
1632,300.4026104324312
1633,5.210775048776669
1634,15.566225618900354
1635,3.484684675115463
1636,4.864610933603559
1637,6.4766334765771045
1638,211.77397800610947
1639,52.39051306085279
1640,4.485978684562226
1641,317.12741286937046
1642,133.29202096840083
1643,194.3892594236739
1644,123.92658281153498
1645,179.3883415968462
1646,6.084101536379684
1647,6.629238060466223
1648,26.504140497724226
1649,4.390995611294022
1650,87.93670934871712
1651,6.480758045310235
1652,6.9998831079576735
1653,231.20196432390605
1654,6.508500411322551
1655,294.8364289444827
1656,57.64945007517737
1657,1.279006087521095
1658,295.1609168621891
1659,2.125661443276948
1660,-20.652678184153803
1661,6.688838698921899
1662,184.78382716849222
1663,5.873350559472325
1664,122.12404195134968
1665,1.1871622428412023
1666,97.46046404239851
1667,-64.23863626385727
1668,245.54736548897807
1669,53.42148770410004
1670,2.0240474161915594
1671,2.2360934478907257
1672,5.478096887600827
1673,4.381146237281877
1674,147.92530100797825
1675,2.137945305577075
1676,-58.09714690302544
1677,34.568876741264184
1678,-10.784642051798253
1679,236.68072439266982
1680,97.6913796975924
1681,1.3651682960661335
1682,3.167885744170847
1683,83.11157589149441
1684,14.089497333108643
1685,6.676297457505358
1686,139.82494908398485
1687,7.0781541171450595
1688,179.4189815387232
1689,279.01941253631054
1690,3.1087692679596257
1691,3.737969299582516
1692,4.097816405745344
1693,2.795804020812883
1694,70.54412099838243
1695,239.45121403452256
1696,142.31358844625274
1697,2.039808320687349
1698,218.7092859081276
1699,182.79053008951325
1700,126.03389409313868
1701,269.6066977818523
1702,-56.77277589014987
1703,5.559351580131123
1704,5.565008513735651
1705,2.9976530578345857
1706,99.32234887205257
1707,5.358531002381243
1708,74.89631381689159
1709,132.5519455799857
1710,6.4346207721714315
1711,70.37714943599062
1712,1.8711134781188847
1713,5.932071096723157
1714,-38.33833455319921
1715,5.1330176545846555
1716,2.275031368862621
1717,43.967420109759246
1718,121.61863193701541
1719,28.801100064804928
1720,6.235862555642241
1721,237.5528643196372
1722,3.7190365391378997
1723,141.58636217296134
1724,126.73275438301346
1725,4.012850206371795
1726,3.969648800501451
1727,256.7178707997574
1728,4.565625148276789
1729,3.652993312907103
1730,40.14852809056545
1731,220.9752198531366
1732,4.709627638715984
1733,374.67747283625437
1734,271.2038568336907
1735,179.1523535164831
1736,3.276363980240802
1737,308.5010988922834
1738,284.55052579561084
1739,236.02569495588216
1740,95.97898436444791
1741,82.15846116818771
1742,235.7571581055845
1743,5.282093568642045
1744,115.62570911911922
1745,22.18879097995564
1746,3.593962433127193
1747,7.338808025809783
1748,199.558359518374
1749,3.562911049611177
1750,95.72764255913901
1751,37.85656054519514
1752,6.914736054686771
1753,6.011377235305472
1754,277.0380590144571
1755,225.41836451921876
1756,1.9143820703711147
1757,221.86946088170328
1758,330.27166118064827
1759,5.050855387936629
1760,306.0818838967399
1761,246.31499070639234
1762,24.689005633158672
1763,34.20530610661397
1764,5.211469371361611
1765,4.685126033499084
1766,221.53316078413326
1767,183.8670057178893
1768,5.623023501251856
1769,58.13073647457132
1770,72.56329755111898
1771,2.6166791969090664
1772,226.54495884082388
1773,275.5685112604143
1774,6.50360452009758
1775,289.7055483994692
1776,2.2329242954912036
1777,-1.6504222265464463
1778,15.64778854112248
1779,-36.980290677201346
1780,118.45094177131459
1781,5.675435489442922
1782,185.56016299132614
1783,233.66594270422272
1784,4.019548903460377
1785,36.15211265823897
1786,3.0175088048689176
1787,67.26468780936065
1788,5.242009283713843
1789,2.3991899825771847
1790,25.690729142550353
1791,3.7461242038284763
1792,2.8896504489241117
1793,2.0599994052601955
1794,169.55063612682403
1795,189.16923732575407
1796,262.8928616276929
1797,148.49584593480165
1798,6.572178543310661
1799,212.32470760382597
1800,119.34781632181642
1801,4.829885149545711
1802,2.2578027172727633
1803,136.12691715682007
1804,4.023911793709641
1805,173.71079445986214
1806,5.715904627783024
1807,286.3925996460778
1808,165.26678935264664
1809,66.49888977526595
1810,4.572586959011093
1811,2.745632464420478
1812,32.74602767626138
1813,3.596896563240815
1814,146.65588568521454
1815,233.26324538212037
1816,5.513940686791935
1817,106.51076533112644
1818,62.289840526936985
1819,234.76167891356795
1820,6.905185586819069
1821,3.1598257521058066
1822,281.51825007649245
1823,4.964620061103806
1824,72.74354656894559
1825,2.4142326683655333
1826,5.947526447146752
1827,4.800721024413585
1828,2.131146403095912
1829,193.89080191899077
1830,223.7980540919899
1831,6.7551857768433505
1832,60.78329749873299
1833,3.1248006964350337
1834,3.72908665748582
1835,104.96203665159027
1836,6.475588629671586
1837,6.087288502224039
1838,5.8733504919584165
1839,120.9723144872022
1840,-2.3355068009432634
1841,-76.63376202812196
1842,245.88649834998097
1843,176.20850363257216
1844,254.61045100136846
1845,150.8429749825541
1846,44.90228810162982
1847,276.80098850926265
1848,116.88109412581863
1849,3.7343861968559073
1850,5.738082202820259
1851,-68.19829973912772
1852,6.555363999674563
1853,86.25376720896207
1854,58.21374079176279
1855,5.3793646633423755
1856,190.63131300146892
1857,2.5242722149128762
1858,4.991376079160414
1859,6.310474303796009
1860,5.803196545110335
1861,151.077849900243
1862,6.328969128416651
1863,68.04653066295995
1864,68.33046146883359
1865,219.09916258656298
1866,109.96274443354986
1867,75.91249086084414
1868,277.375815500735
1869,147.98083097455208
1870,3.428228417760387
1871,253.8162753332156
1872,43.04296157743586
1873,2.81097985957525
1874,23.170885275370907
1875,100.03131814933963
1876,3.365525078961372
1877,2.279237078608956
1878,62.14517489383829
1879,60.452973029577144
1880,249.94455378763078
1881,5.811275007309311
1882,101.02987786967529
1883,6.11802766956508
1884,74.1703392839579
1885,300.31108232856155
1886,271.750158208792
1887,3.2710341101233307
1888,194.85663972916916
1889,241.07841127817878
1890,2.329306985163417
1891,253.6874810081125
1892,213.82819232323163
1893,4.45870408358037
1894,2.0031567582593355
1895,2.0419064214142395
1896,5.915044620970391
1897,58.85505003640054
1898,-54.60851122353778
1899,3.0665309783677523
1900,5.871046912807765
1901,277.4843660722647
1902,233.5790697752468
1903,-56.29840964772676
1904,76.8818218941758
1905,71.68442624961853
1906,170.7318281335797
1907,6.736662102158488
1908,6.083238994808002
1909,120.15867546526573
1910,6.26586720063551
1911,4.94120073433142
1912,4.075075573535867
1913,73.05011171154882
1914,-17.627262778380416
1915,7.194390961359328
1916,1.2447490074968899
1917,3.3570772786319
1918,155.3064096322201
1919,4.783576497403698
1920,4.638883434211509
1921,73.16508909095721
1922,3.112607979061364
1923,6.504992799420177
1924,2.823043127280171
1925,4.429035689596091
1926,99.02070600989532
1927,137.17597903822025
1928,3.774913925348655
1929,47.99097892709173
1930,2.8076702654526837
1931,5.979279703822754
1932,4.666352356137439
1933,2.8923278081493167
1934,253.76128880704877
1935,6.303124953091228
1936,4.890941701067996
1937,37.54912983920741
1938,-23.409883883940985
1939,2.723062370000752
1940,252.32962930097568
1941,3.1220440892760988
1942,238.93421669941915
1943,3.7080887251737007
1944,228.60243889505313
1945,291.7149368291323
1946,5.693055115462036
1947,88.83071755031847
1948,5.767388586241835
1949,17.582401754398504
1950,24.33675523178146
1951,2.535093740025789
1952,43.26913360287975
1953,396.2518835767779
1954,2.759675517972332
1955,90.43033395568924
1956,1.983777869139721
1957,126.97519466643737
1958,4.262875214787458
1959,173.00444723114722
1960,47.517480495673674
1961,1.035357576013209
1962,4.16021557105022
1963,2.9381476093769967
1964,4.8777349645950645
1965,100.73953399304521
1966,3.074418297982023
1967,5.009723834775277
1968,272.8560800035764
1969,60.4292597748062
1970,5.669152724507196
1971,1.8529732723989016
1972,106.76651439690522
1973,-34.774594303840296
1974,2.822688245085205
1975,3.0061760879586323
1976,310.570397503495
1977,1.6543379333116428
1978,213.9987755969922
1979,89.40668794745325
1980,268.6339294561008
1981,188.90427470602594
1982,117.8817753774241
1983,68.98889361981713
1984,8.454314401864831
1985,4.847412031789521
1986,3.863686128510281
1987,6.1781200763755875
1988,1.210491682264891
1989,5.8186270419517285
1990,4.932461026054311
1991,16.560015901197303
1992,4.303666262226907
1993,29.842701296490766
1994,1.936504313609214
1995,106.92883557469733
1996,3.766913327274686
1997,2.6059201712404
1998,5.624526567473444
1999,319.2352061512016
2000,5.862301348133068
2001,285.7781548403291
2002,-62.675672144197634
2003,6.722236079452653
2004,337.1531024732678
2005,64.93672586086913
2006,4.941145700889243
2007,45.90271955690133
2008,226.16735210792865
2009,144.4612518977927
2010,314.3188073918907
2011,6.01741815287968
2012,174.14662974169642
2013,-36.17523897274123
2014,281.0235416859547
2015,204.13232265096332
2016,35.168595638805684
2017,2.677521827831091
2018,89.3044123299217
2019,74.54111565717488
2020,6.737314734711681
2021,4.413520791024357
2022,185.42990847550914
2023,109.20962805867765
2024,2.786112545376378
2025,4.097033774423308
2026,77.96668068765621
2027,5.911573023592312
2028,6.299175975481602
2029,48.56490185414905
2030,306.29246330541525
2031,92.45025993902289
2032,283.3025320997386
2033,227.44743689870808
2034,2.5599378519349134
2035,57.262617195619384
2036,186.9961227889052
2037,5.300449279715522
2038,3.1919604119039544
2039,2.893070301929704
2040,134.7644926902554
2041,228.80238067879225
2042,4.239658818005423
2043,189.780405919425
2044,2.7188726307702735
2045,93.18268887618534
2046,286.3530382553904
2047,5.3133178301071915
2048,-25.221948957755345
2049,2.010243241959186
2050,346.09535709081865
2051,3.7508556396820008
2052,3.553780357062281
2053,250.62509080647024
2054,4.632901208434406
2055,3.6808154457717985
2056,-46.68066549010541
2057,187.21331889929607
2058,-16.807432628672796
2059,5.138380239830892
2060,25.96217646574072
2061,2.3370735200571433
2062,190.9271818272793
2063,3.600463995084284
2064,3.617091872198306
2065,3.6979112763415114
2066,1.9670910893074793
2067,6.057984428138041
2068,3.0731710771444707
2069,1.6956823749240562
2070,282.9845901999658
2071,299.23887592539427
2072,4.515760756665261
2073,205.55162650693654
2074,373.98230496573956
2075,246.26918984714627
2076,3.618134776661006
2077,2.706094359245933
2078,3.9610889903464237
2079,4.442562725469173
2080,2.4324168443531926
2081,3.212994993750775
2082,5.684733008284326
2083,37.814411942498694
2084,2.883628651927737
2085,5.175013878948643
2086,108.66829898176519
2087,94.64112339364898
2088,16.906176610089005
2089,84.49991272141403
2090,247.81309874084081
2091,195.16486225719817
2092,-93.49887938382199
2093,5.362909085435336
2094,3.8273420314220097
2095,103.19558672313269
2096,49.70702598145752
2097,112.43630739384793
2098,5.547162030525095
2099,-28.493783130273457
2100,19.479901400253375
2101,5.808215248223153
2102,6.92555264921001
2103,79.30027058981517
2104,62.16731619242793
2105,19.060819847324407
2106,315.18237863382376
2107,7.19028872196605
2108,6.924615125823536
2109,5.8986114027389664
2110,240.5470283701072
2111,3.788494839134234
2112,44.53011873117328
2113,91.64787783414235
2114,2.4986403727542426
2115,48.03165882542807
2116,3.8402615124450383
2117,3.549062356467271
2118,3.6538015659212544
2119,113.31650555335793
2120,4.040806412711455
2121,192.83992188838334
2122,237.27097782104082
2123,2.9159987722025775
2124,1.6364953254483046
2125,4.8409631980239665
2126,6.0497120907955075
2127,55.99667496811419
2128,192.3450501123959
2129,1.7696122031421118
2130,2.126252345259612
2131,5.438054777579078
2132,6.007352673654518
2133,224.83229922103183
2134,50.058707278354106
2135,228.9149207564597
2136,29.74063662809231
2137,241.2550456048951
2138,3.255589343676913
2139,64.1647582745803
2140,50.18644285666972
2141,52.543447755677796
2142,5.484789638182679
2143,-3.4744304320302883
2144,165.54206301716283
2145,43.61493665556476
2146,4.280569248651069
2147,4.6056625813313925
2148,91.05918435709896
2149,-57.6643179466605
2150,-0.6846519961092867
2151,59.00572529577305
2152,4.8464438083873835
2153,3.38561660181443
2154,1.8378790106030551
2155,2.3774103119116923
2156,5.8733504919584165
2157,105.65848417265539
2158,3.8898960250207444
2159,324.3545598053835
2160,225.47332475026803
2161,316.13383865833987
2162,1.8954262064769365
2163,306.8657862713413
2164,6.4185862729356415
2165,2.962397548537681
2166,2.098228065756142
2167,26.9032715150895
2168,306.76723778854364
2169,2.211749604542979
2170,2.585615944054424
2171,137.74344530506278
2172,5.431469415483639
2173,262.8976634193941
2174,260.84424922600556
2175,1.593513645157381
2176,4.676095685138027
2177,-41.473888994104236
2178,4.231743186664373
2179,74.39689055711095
2180,276.35035782392794
2181,2.4433058667410203
2182,176.70656119763794
2183,191.46701516419103
2184,5.874304078756051
2185,1.9277332945123897
2186,2.9715650161940017
2187,4.657861682770035
2188,250.23309928386746
2189,245.40203386600186
2190,70.0491813812575
2191,2.6394549985405797
2192,2.9778721199353866
2193,153.07975569881273
2194,3.439267151596934
2195,4.937246182429218
2196,6.553774347108542
2197,1.9858463133458273
2198,4.170236387219477
2199,3.3693474285203555
2200,1.7375118782100354
2201,3.9713311417997463
2202,72.25712074398885
2203,2.5413141191522364
2204,1.9214253559625165
2205,83.05234719411212
2206,5.341892666021987
2207,175.8679886511039
2208,4.873576646270385
2209,31.188931335650196
2210,239.74410438181974
2211,1.7873485964663645
2212,4.35971327796857
2213,6.546273529314153
2214,92.39818761115356
2215,28.83781620903553
2216,76.0695538504853
2217,4.920114399632201
2218,38.31017747884897
2219,2.6873721673923168
2220,5.520855124585665
2221,3.406004459640501
2222,-60.219002253535564
2223,210.28920139683532
2224,-27.786280860446002
2225,172.39560462836636
2226,-24.067434571178772
2227,60.949961423737875
2228,131.39221151129874
2229,186.95849562872152
2230,3.1544852689394696
2231,5.491949002749233
2232,4.398131841934381
2233,262.40397382786534
2234,210.55059477883276
2235,216.17711199348093
2236,3.4609686306564775
2237,3.2963850433655724
2238,256.8157765395738
2239,95.09054131856882
2240,244.93993511943347
2241,2.7727651681902796
2242,252.76360715491097
2243,6.2105315470340186
2244,96.5986966742062
2245,228.06672996485318
2246,128.88909346034387
2247,245.6599523024142
2248,6.196669991421294
2249,291.51019572724397
2250,141.2477998399192
2251,5.229542499872451
2252,240.367962343138
2253,6.090092767214198
2254,190.61950521597578
2255,-92.91656105741828
2256,37.57991543403634
2257,1.863346898220066
2258,3.3207686983633566
2259,84.31603880240192
2260,6.5360099604487365
2261,88.34316781935524
2262,2.2204142212061533
2263,69.5353743439482
2264,-20.102062396395187
2265,54.7001356265299
2266,2.401087129997901
2267,2.989695319192249
2268,5.753613029976719
2269,4.259599775935433
2270,8.563020379301385
2271,185.64821957448382
2272,47.06919482289086
2273,3.3832926682256037
2274,6.100556624170361
2275,6.716157494162178
2276,4.585132894386306
2277,2.850318695735303
2278,1.2989932120184964
2279,5.86918186302218
2280,2.7640358090068373
2281,190.579961333918
2282,1.9922598069527053
2283,4.033137975562518
2284,232.5057424354489
2285,3.2490114223003372
2286,-24.910258830044448
2287,5.384442389762979
2288,3.324483360448625
2289,6.35801547641916
2290,-33.88001445710548
2291,50.06783008951521
2292,5.113010924079854
2293,1.9584042072702066
2294,1.8863388104110197
2295,2.645743105259174
2296,4.9323141112770825
2297,144.02579300250576
2298,-35.29759031413284
2299,42.18279418673734
2300,3.6672993733743464
2301,5.727713693207621
2302,-94.67856372150547
2303,171.71665675528993
2304,5.390598343798278
2305,49.216615063353444
2306,287.14183498497374
2307,27.162840975395163
2308,51.964654403369074
2309,5.964985703878246
2310,177.01582211197666
2311,-49.24154746314392
2312,69.72895148730967
2313,4.2087345656529
2314,4.629568676957082
2315,195.96445249689395
2316,7.3913848415099945
2317,3.648652024298016
2318,232.66011491838537
2319,6.573839015696307
2320,109.09664429413178
2321,3.509720494225484
2322,233.92305222177004
2323,173.92657393125282
2324,2.0028179467653198
2325,31.93636995893223
2326,3.371230765374109
2327,110.86446624400212
2328,3.8683743108567126
2329,340.36548043164186
2330,181.15005107163768
2331,1.1140580683824772
2332,278.80175985588755
2333,-14.915309949346842
2334,2.4745896798353573
2335,5.454317644659033
2336,43.67434178190635
2337,146.8319375595396
2338,185.74676577059927
2339,34.803515964257194
2340,47.03409223508707
2341,116.40199375921176
2342,2.6013649832675894
2343,6.165119579240628
2344,242.85997585195418
2345,5.8960690737557195
2346,72.13686873773862
2347,136.08684990975087
2348,1.8061065090145312
2349,272.6932867350605
2350,50.45155378328017
2351,5.06936336827464
2352,4.932200380145762
2353,1.5748686652142112
2354,-20.144604612319796
2355,138.83012749162873
2356,3.7796063605886863
2357,123.60952845099995
2358,6.310499327949069
2359,6.86066475225225
2360,4.6704191443278695
2361,5.872946254906763
2362,249.24343976872598
2363,4.284338472328502
2364,216.6132247638121
2365,93.71496760362547
2366,38.24970154977245
2367,29.208043891505724
2368,-62.196136470281935
2369,4.333274440960493
2370,228.43548906380943
2371,34.18719286870338
2372,73.93673779970621
2373,1.9823932813695126
2374,-54.59381926827861
2375,1.9990371184800084
2376,135.31600477526788
2377,109.31161281166959
2378,5.584666892656989
2379,6.473377864341367
2380,29.52832732225354
2381,142.13026846073888
2382,175.71765854444882
2383,46.964718651220274
2384,3.370388854714802
2385,246.26038859313877
2386,5.846023004714967
2387,19.862975285726964
2388,257.11862501836566
2389,78.24193476429508
2390,2.004664792368292
2391,119.9524510791906
2392,21.02373754883846
2393,77.97994095721916
2394,141.01681234805963
2395,5.989275696519581
2396,2.686263035096708
2397,297.5950528666973
2398,284.01942726601715
2399,4.451432210914575
2400,195.48266220508043
2401,63.23773649005123
2402,234.583855908317
2403,6.322637233067203
2404,1.9881838037478148
2405,5.116807650019364
2406,2.441860760596393
2407,72.74071205922301
2408,249.68781915329635
2409,172.95501295599254
2410,4.237144597394352
2411,6.526025516823896
2412,312.42228884519733
2413,-5.708062124518723
2414,4.06060533905855
2415,79.49602276432422
2416,257.4507546200545
2417,26.321263722965416
2418,3.2634913126752068
2419,4.075497040655455
2420,1.8059124686054489
2421,6.255321666303659
2422,197.77592447058464
2423,2.5220032200168525
2424,186.80500542280123
2425,6.23139544854378
2426,-10.6391078712542
2427,166.6965000187792
2428,21.863771371383493
2429,2.6561288562450582
2430,6.176443827124906
2431,3.2512200168049894
2432,314.9274981431172
2433,258.924458236104
2434,4.649764006007546
2435,60.74577667991096
2436,231.1563429682861
2437,-66.36509406300993
2438,5.675403148667918
2439,7.285878213891408
2440,168.31046898898185
2441,6.399329302901075
2442,5.816049355953673
2443,4.686571024269621
2444,-71.00032863777462
2445,6.457184301774285
2446,5.5701530326892055
2447,230.6177621879939
2448,6.873480928307481
2449,6.323388989802707
2450,16.0770923472093
2451,2.8237178628995285
2452,4.40930684455489
2453,36.96679582271213
2454,287.8769316677263
2455,118.89576483200887
2456,3.1810936518496686
2457,248.3526241895039
2458,6.058187028284641
2459,1.96157876512047
2460,5.774474615646891
2461,68.25255205190584
2462,52.534183782332214
2463,6.258676197468137
2464,-65.0935094117912
2465,22.160002580102606
2466,191.50820464104294
2467,147.40611436054195
2468,269.2353716958112
2469,264.4857271892061
2470,5.796638892200923
2471,123.3632814452607
2472,2.798865042910916
2473,25.062555024010464
2474,196.14722358253417
2475,6.409371630721513
2476,102.06435087710653
2477,149.72797407236914
2478,152.48154899144203
2479,5.361330775964851
2480,49.95362776487603
2481,78.34066170289312
2482,2.3856907096862097
2483,5.079316654605401
2484,125.29054406682829
2485,125.6936678700687
2486,6.722549456006741
2487,5.46737847013452
2488,-39.313103382292816
2489,169.2636968751823
2490,5.615021825804417
2491,136.82315557538422
2492,47.37098129939957
2493,64.0644321273912
2494,5.927606790414966
2495,5.416274701395481
2496,95.1179316587673
2497,70.60100540363558
2498,2.5323115183979787
2499,6.709507359839991
2500,1.9009430925148219
2501,81.94093851161152
2502,269.93840643949187
2503,130.19870648971133
2504,347.4842280503772
2505,3.5013998450420694
2506,4.918898667892301
2507,274.7035821143194
2508,198.36421430147823
2509,85.78809541749267
2510,6.601587783950855
2511,210.85672308262616
2512,84.16144049407002
2513,170.20971380227763
2514,223.92084007604524
2515,310.9667738048188
2516,1.9924613483769549
2517,2.3837670596212956
2518,286.4570371835264
2519,4.402077758654234
2520,109.8650420987503
2521,118.66868968199392
2522,1.6391265761122966
2523,5.6516706098105445
2524,5.020235125710202
2525,294.00306834605226
2526,3.1632452232758475
2527,3.675058962314276
2528,232.82636866558127
2529,81.11287720335889
2530,236.7063512266211
2531,287.4129718057418
2532,64.93256508752933
2533,1.8094880734588061
2534,6.0332524933984715
2535,5.862301348133068
2536,3.695251104595483
2537,6.3936647456930205
2538,5.985624818540309
2539,170.62472315649944
2540,2.4136362435350387
2541,2.9327752413948005
2542,2.2011413799898616
2543,5.633407793893715
2544,156.33705386468904
2545,2.3830567380417316
2546,295.0662753191383
2547,22.144439610101607
2548,15.586352677218557
2549,154.2071110557249
2550,117.02135452676073
2551,-36.07872942832382
2552,1.9648904234579248
2553,286.08727527809395
2554,2.4108191768895537
2555,67.89244060355362
2556,125.71744613076453
2557,4.537881308719271
2558,-7.333083941533566
2559,6.3242491729656525
2560,210.8089086662643
2561,2.4476885809799063
2562,215.93268557654633
2563,240.16370127132143
2564,274.6350460330989
2565,4.686784840574521
2566,4.380332195621867
2567,269.9284056106025
2568,64.09559279878901
2569,75.78629861825483
2570,3.5244009154788536
2571,91.03861987857178
2572,-57.66426130143521
2573,191.46777273887756
2574,2.971692569466201
2575,4.327420316332212
2576,3.2676995908979505
2577,6.645461598164499
2578,32.51465137083925
2579,5.961328447894113
2580,5.213407160576777
2581,2.963212965926024
2582,-39.10940325202212
2583,2.6593451453121695
2584,6.539498378032422
2585,50.255720957478786
2586,5.001273556278472
2587,197.18667827344785
2588,219.2057923291303
2589,4.605613100218123
2590,41.86450799108587
2591,1.69092535217167
2592,117.03799898985993
2593,57.013049498592906
2594,90.65488839364167
2595,50.636597701746346
2596,47.476741512399016
2597,5.436774988375137
2598,6.264141935193334
2599,-2.0383516172661604
2600,3.9361883510676936
2601,221.60660221785326
2602,6.074249339487288
2603,355.01008994241664
2604,142.43294119402628
2605,39.77314574159492
2606,3.9350795589775744
2607,33.91945985600819
2608,194.92216586493907
2609,31.583588717012475
2610,2.6972334071782744
2611,-7.973048019017477
2612,3.5506148356121914
2613,4.340561445472442
2614,3.0316950197826857
2615,112.26071588204593
2616,135.32792920136848
2617,275.26332023120426
2618,198.66622635672366
2619,4.74294106049871
2620,2.520226359393747
2621,4.545268806190048
2622,2.5772834041493144
2623,1.779731828898882
2624,6.724683268492703
2625,113.43337468339146
2626,283.13282390698157
2627,46.79684907598049
2628,137.76739897159825
2629,51.17568511059884
2630,114.26852045365926
2631,27.952865436834756
2632,6.00470327919891
2633,312.5597172797187
2634,57.11319452165719
2635,163.31882594924048
2636,-40.43579602354576
2637,3.413024392000308
2638,-62.631180940378634
2639,-49.61753203006276
2640,187.428325398467
2641,3.98425451293872
2642,5.872252679255464
2643,161.67730339426265
2644,156.26427272237407
2645,208.59236611169445
2646,2.64727173620546
2647,3.6055417907537324
2648,4.514877614250177
2649,6.554539198344987
2650,273.1743938424657
2651,222.12512163241587
2652,49.03639001567028
2653,3.536805162040277
2654,37.7138918630706
2655,225.70398354232492
2656,242.313058943266
2657,2.931898467576997
2658,15.079797076309754
2659,289.76683226998676
2660,1.8178471909583769
2661,273.96135094310927
2662,127.05986119258947
2663,4.958698856211407
2664,73.58643016771391
2665,282.09105262949623
2666,234.68989680485544
2667,-38.19755327332672
2668,34.43914563727433
2669,6.737373307491998
2670,100.99117548044451
2671,195.09070622041833
2672,124.12709604964257
2673,257.59602161792196
2674,233.8062797553306
2675,1.7293679217789097
2676,-40.522919067814925
2677,357.9073895700528
2678,5.295491548193637
2679,5.581723151886686
2680,65.12832961144056
2681,5.135963249068999
2682,2.430806529121118
2683,2.4662348943289336
2684,2.4423008622465483
2685,6.48217237152806
2686,19.44939112300063
2687,66.6554663727942
2688,48.96110845677893
2689,41.79888259859878
2690,157.19694995486768
2691,75.38150297005154
2692,54.512830025563254
2693,118.21323441300406
2694,111.75651579493058
2695,6.527119192545385
2696,154.6074434931977
2697,3.7425260349622707
2698,2.4588480807039375
2699,4.148635036043582
2700,193.90707849201377
2701,67.66808841284646
2702,37.11500210915837
2703,3.8704662170318347
2704,179.70157187264695
2705,3.2419787211023485
2706,5.368217868975297
2707,189.3555647967362
2708,3.031088004021247
2709,68.7850129233937
2710,5.600029193345074
2711,183.00773908484746
2712,1.8614011050591848
2713,111.17978113578911
2714,-45.108665870164494
2715,4.71825293970973
2716,2.682439267346848
2717,292.85181511774033
2718,3.538548999695638
2719,3.1747443769590644
2720,6.6979829965614694
2721,6.220488965692931
2722,4.041329005819073
2723,218.52281505502435
2724,6.5407698565431875
2725,30.3936370848046
2726,9.61277401117005
2727,316.22042889969293
2728,35.41798519602089
2729,185.28515679413192
2730,160.25614238535914
2731,172.8287025338601
2732,6.119889726623418
2733,219.6362630592191
2734,115.92835690444562
2735,88.16710517788584
2736,84.51956230373982
2737,165.45593165665724
2738,140.66555811425596
2739,116.46222690656697
2740,5.460853741367691
2741,55.21380152872761
2742,1.4624268915470668
2743,27.881456090073446
2744,-8.856349527012672
2745,4.489650069212317
2746,209.33350783672066
2747,176.4921123259806
2748,2.6681332342833715
2749,5.315744501210299
2750,217.70890229893877
2751,258.4056286064642
2752,2.7459598107913847
2753,119.3755726116174
2754,0.32626719318824626
2755,39.534929543125855
2756,282.1918435133166
2757,5.89302898877853
2758,267.86939933037996
2759,41.86990903589601
2760,191.39347766378367
2761,6.505959109250343
2762,3.938153731902493
2763,113.01954544921854
2764,4.789234298570706
2765,121.91443047360306
2766,1.9944275655015065
2767,268.8838230735218
2768,4.500337647137297
2769,2.616662017123016
2770,227.76418025646433
2771,169.4606392552779
2772,6.968669120370358
2773,3.230909042449958
2774,4.39085087605611
2775,5.7046786436843995
2776,4.120016798792332
2777,262.98407931878774
2778,32.300315872707586
2779,2.105380397438912
2780,2.667811354259402
2781,248.39825698074156
2782,218.3888244363342
2783,5.966220965850169
2784,9.063637874306599
2785,5.729908600775105
2786,3.584979728788878
2787,41.87904938479077
2788,5.303367654509759
2789,172.9541947880321
2790,206.97205071198314
2791,77.8611870397616
2792,165.71186451568843
2793,171.86242567457163
2794,186.37220761417598
2795,46.75112809570585
2796,242.9944612177944
2797,101.8701771477129
2798,36.10209881920325
2799,29.062140822365286
2800,5.219233020237815
2801,4.203349280305975
2802,3.2746586151798516
2803,13.753346552069418
2804,3.795700882231724
2805,48.85650958855902
2806,7.17936491964623
2807,28.965924592506667
2808,91.08900597594311
2809,6.459687192227708
2810,5.4182224207599825
2811,159.43860214240834
2812,6.024850566434301
2813,8.278543927362815
2814,5.984856031237477
2815,274.3516621402505
2816,64.93488711820518
2817,267.6245059652464
2818,106.26150659856961
2819,44.02413589835432
2820,143.00979240909282
2821,43.501125656114525
2822,6.193146912874644
2823,49.2532471975108
2824,249.57165339588465
2825,154.00937110964702
2826,-62.812804478874114
2827,6.271159093889869
2828,5.633789261445559
2829,4.751740181892112
2830,6.061300446427653
2831,6.1367682114508675
2832,6.185779788275131
2833,138.49050564044546
2834,3.900764230570096
2835,3.269672951556471
2836,3.4579006344988854
2837,3.479422827916378
2838,5.811810726500969
2839,1.9638226212980137
2840,58.36011240827605
2841,46.419059450976526
2842,283.714740356804
2843,6.034784178339697
2844,175.0814843315129
2845,294.2184791291019
2846,3.4766457912754802
2847,82.23508825105634
2848,-14.571076674994842
2849,-48.89925620963177
2850,6.547331233926583
2851,6.9981792068626305
2852,-41.27179195341887
2853,148.75638778031288
2854,2.30988053154215
2855,65.59347882637677
2856,5.903407897082863
2857,48.99382947160507
2858,233.56172482081578
2859,1.3653394015676728
2860,145.11062382719496
2861,285.2059632876506
2862,272.17411110113204
2863,2.983952813709112
2864,278.41507631745753
2865,237.52211242087228
2866,2.122483000289015
2867,2.3544655890949264
2868,72.40883619138992
2869,53.10139757071031
2870,192.57983654517187
2871,6.233137283838353
2872,255.42597154414304
2873,4.830497833101085
2874,18.405074670591112
2875,4.2774087746121285
2876,-32.74842255157163
2877,279.05469313701195
2878,-68.3561932067885
2879,5.065583579206908
2880,228.1022193388846
2881,5.99867997508587
2882,6.18860521443926
2883,4.245668199534064
2884,6.700396265994268
2885,201.54500751617763
2886,248.20872219598476
2887,5.881550589202741
2888,2.0480707321874703
2889,6.409512111773475
2890,2.5769741838631743
2891,-50.4116716892837
2892,145.0342733448643
2893,-10.990228391410719
2894,53.37720174685943
2895,4.935454834946611
2896,2.586005096148183
2897,5.300565207248291
2898,105.69398993633442
2899,31.430773775307465
2900,3.171570815373105
2901,28.112241121553627
2902,236.97846968226253
2903,274.561591681144
2904,4.201730179450484
2905,4.154638786749571
2906,28.228266278683883
2907,3.931310203343199
2908,3.6275560984266644
2909,2.0335950376875593
2910,111.51284440252456
2911,3.8912997121258037
2912,2.038720765836256
2913,6.445767512877227
2914,4.827223973553699
2915,7.801548462793757
2916,246.50881926897455
2917,175.57657788152113
2918,3.7489104892883036
2919,357.57377763083946
2920,191.71726709277544
2921,5.48559792262351
2922,4.023583334691892
2923,228.82204384000647
2924,5.269107376961735
2925,4.816961337808097
2926,5.955895015396713
2927,10.441228866255742
2928,6.458156537769367
2929,174.09849350302602
2930,271.34661099236746
2931,2.411938983423324
2932,5.43577791689035
2933,-15.98926102519394
2934,103.24404163494498
2935,-8.104767705307697
2936,-63.17925160659283
2937,5.857426978477679
2938,19.410811336451758
2939,2.9548801695848375
2940,188.34744248837177
2941,65.33792247808711
2942,97.39310687479208
2943,6.275245623173799
2944,6.523979064424225
2945,5.621223911491786
2946,6.23684193398036
2947,-53.15276635236563
2948,2.4345123925119623
2949,6.610150916645923
2950,2.9481848213618442
2951,154.07364413672497
2952,141.96418922749007
2953,6.818994701458473
2954,1.8481726522279671
2955,18.831270558268017
2956,6.603232585442338
2957,120.73407909533438
2958,5.166728194468089
2959,184.90527400070457
2960,6.675966369353121
2961,159.1906956944434
2962,3.8412897670771455
2963,4.048423078288721
2964,230.33572409856978
2965,187.89407037870268
2966,4.3985334684696245
2967,3.494471242643443
2968,157.60487190449373
2969,-79.51218865560958
2970,1.9209568625390616
2971,220.95226154606843
2972,6.445387120108856
2973,218.91681339159788
2974,256.6902249600944
2975,4.475427610610535
2976,42.38027486688678
2977,39.39413401537313
2978,4.149548716323395
2979,4.515350298072502
2980,309.1667497535319
2981,300.6020784493214
2982,145.968838183481
2983,125.48980923673159
2984,285.07999696918466
2985,121.06521338325234
2986,304.72962338308923
2987,225.65293673671493
2988,146.92092818721846
2989,73.62993673927079
2990,35.81082840824433
2991,7.246705773528731
2992,2.880149935520687
2993,5.64418970335563
2994,65.9450909442103
2995,2.119463736167679
2996,3.845654212603523
2997,3.267014440025161
2998,130.35283829471098
2999,130.57479266702407
3000,74.40975362820163
3001,2.9745743580868567
3002,292.9816055758328
3003,4.393872202344651
3004,282.78003409356796
3005,110.636352772186
3006,95.71447246082747
3007,6.378779766873594
3008,2.9959336680354967
3009,39.80748932304786
3010,4.198635651155794
3011,84.47490407886306
3012,5.276496103070082
3013,195.5964259339961
3014,6.466588556246615
3015,3.4883963468699757
3016,5.835497151846219
3017,6.5759114450943805
3018,4.458769614910872
3019,230.02326642098149
3020,3.4715036109891844
3021,219.55634313515742
3022,266.11124932051746
3023,2.86332669277153
3024,86.41922418265162
3025,238.10010115081417
3026,159.50724250769457
3027,6.13294179264361
3028,5.361377054530765
3029,-25.576223417951034
3030,-41.52215108120644
3031,6.185982214256399
3032,6.3922143060717165
3033,4.892728061846757
3034,121.28371480520994
3035,147.84864501054514
3036,224.57771738520387
3037,5.838713694825012
3038,2.24141301746477
3039,-23.708828540628254
3040,211.50098591155063
3041,4.893763821253966
3042,-0.6843652157131235
3043,5.80001184479928
3044,230.6679330773572
3045,168.9957037029336
3046,4.467089517924556
3047,3.9889292207842506
3048,50.163855473113266
3049,5.9374276426261225
3050,269.97221908366015
3051,94.61054432405754
3052,6.594455273111656
3053,4.090615256641968
3054,115.13384287913253
3055,187.67122990827832
3056,59.025342069758906
3057,3.203667692353873
3058,100.74850834700766
3059,1.8393486599219782
3060,255.26181534885666
3061,5.103458072751835
3062,226.80266865206232
3063,119.72802511876715
3064,232.50411815203807
3065,255.78837035122996
3066,138.3098669426153
3067,21.475214522224892
3068,5.7484393133271965
3069,5.971454593609189
3070,3.7778801469224703
3071,6.260278482728686
3072,197.01345386195914
3073,126.71446221860893
3074,6.295286843998697
3075,5.9321440145277755
3076,156.83657073773446
3077,-3.1900987928472526
3078,66.06638731532752
3079,5.689988462745248
3080,3.1686978289737286
3081,34.713701931107096
3082,94.78457116531719
3083,141.01565650364464
3084,1.3471996197448788
3085,5.540164702941607
3086,206.97095843249068
3087,3.0656513191302968
3088,110.07269768200553
3089,3.4211564268486723
3090,296.91706968562346
3091,192.175993581988
3092,96.3111103234495
3093,4.277657285992936
3094,191.4747569456926
3095,257.4934329395464
3096,147.44323136800597
3097,4.711449955249805
3098,6.120701287154087
3099,23.784594743596877
3100,83.89061718010561
3101,3.801819551108364
3102,2.360588309244714
3103,3.1252990168040293
3104,35.82740537571634
3105,-4.7006175996758355
3106,40.17007035904773
3107,1.4540892623633408
3108,2.6892723870014468
3109,5.458402125010505
3110,256.2744125714149
3111,2.380985230790436
3112,223.79118659652795
3113,5.463856571736068
3114,-7.035022084183833
3115,269.89753445404517
3116,109.73225783771946
3117,-49.88272562989242
3118,254.1977671665074
3119,4.591081346280405
3120,43.47335114877687
3121,31.78440002834897
3122,130.8653868679248
3123,3.9206463870537362
3124,2.579424054163895
3125,3.677769589217556
3126,225.58835988018802
3127,278.41289305635115
3128,38.97329741132512
3129,364.23171982722863
3130,2.079558636143609
3131,103.42938533528515
3132,190.16026534316092
3133,138.08600912032674
3134,237.05722919345436
3135,1.6801661732482742
3136,312.2602240895475
3137,2.950289492595857
3138,156.10938458034047
3139,5.988876735839697
3140,2.3068479101197172
3141,43.86857120707569
3142,3.1633261606372343
3143,111.29912018870374
3144,261.00117686249
3145,5.0849294146591
3146,285.9156649218195
3147,108.1616116863685
3148,95.70520746672099
3149,-17.430556531309904
3150,1.6571215329876947
3151,248.21499138677015
3152,7.113895635776232
3153,237.61026491216342
3154,198.0665707215109
3155,57.307176145716745
3156,54.9973725653542
3157,4.906869644213549
3158,282.6871981131526
3159,123.6521662394415
3160,272.59052561223245
3161,-31.803057515665127
3162,3.396635575966126
3163,184.33302041801926
3164,2.88526133573618
3165,-4.159131021320156
3166,33.37452076018335
3167,6.601430447935578
3168,5.517243583407057
3169,3.6176427417254806
3170,218.84519668018623
3171,3.2938719372904663
3172,229.69260043788816
3173,279.599823926054
3174,64.30605005521284
3175,-56.54343600253215
3176,3.609251980903734
3177,3.2493456433685126
3178,203.17618249730396
3179,6.376749009023905
3180,316.7509234515019
3181,191.3387667592196
3182,281.0226146491965
3183,5.955706975356867
3184,81.64577969909632
3185,6.694579639340208
3186,164.0466159222911
3187,283.9922125304962
3188,-64.76929084162508
3189,235.11906998195042
3190,4.329360406873135
3191,248.20931881903735
3192,63.380952945343275
3193,6.32406964015252
3194,4.68751044658895
3195,5.932378901261929
3196,137.2947318861663
3197,5.4273193895419265
3198,178.12590769606254
3199,182.56053909427715
3200,1.9798098731523175
3201,325.8954121946414
3202,4.626778799007996
3203,4.8981099436612885
3204,0.4007495604560296
3205,6.526883909054846
3206,279.3941264335009
3207,5.874303808700416
3208,193.94155192634543
3209,-32.14065789842558
3210,7.640604891088113
3211,197.38215722494252
3212,214.38311208542876
3213,2.9375149882551623
3214,268.1237408339451
3215,3.2106553313705577
3216,5.9234679903840455
3217,118.35520719160883
3218,300.7419140840485
3219,73.64419856984517
3220,66.44264713419702
3221,73.60348982890069
3222,242.12518522022435
3223,350.35748130024893
3224,-65.16114769251776
3225,147.5785944069554
3226,6.027144985666071
3227,5.926806027268265
3228,8.958279017736576
3229,298.3220952859085
3230,229.38246425585766
3231,6.372114308170097
3232,4.816167022247583
3233,5.720788336346869
3234,4.141471482838709
3235,105.63231054396688
3236,143.72358863731426
3237,8.329331635799184
3238,310.071233217408
3239,6.535672108127203
3240,66.1872990492116
3241,21.55140572867652
3242,2.4952916190009544
3243,34.049654339440465
3244,219.08338074219893
3245,5.445936827173718
3246,256.2587931833398
3247,6.2838237768376155
3248,48.37603469841013
3249,-8.318179374264504
3250,221.4781393647751
3251,226.46086719608047
3252,120.15364044154171
3253,54.88334658151689
3254,155.75156799225425
3255,6.512848459624633
3256,6.369126373774859
3257,36.942781039020815
3258,2.369538380818505
3259,53.3442206983363
3260,5.85810500269831
3261,103.18417232241029
3262,318.9410881706651
3263,1.9010739606448421
3264,3.4442770135550926
3265,154.9282808592909
3266,3.755832228070221
3267,6.6717683960748495
3268,3.3079170572514203
3269,4.530655902300092
3270,45.814997549952736
3271,224.67827715346203
3272,2.2768298470672708
3273,189.11892377157682
3274,208.8697528544298
3275,141.0360719439426
3276,68.67202776875382
3277,5.628103370281099
3278,6.437205607993555
3279,3.2147032918511282
3280,180.98592793651275
3281,281.24751889722745
3282,2.7126778341817044
3283,385.4075779879791
3284,334.7164483478663
3285,96.58836812209358
3286,3.122582252533724
3287,37.20981336101419
3288,52.26790774994977
3289,1.836350722477463
3290,65.81108922860338
3291,261.07340326903477
3292,2.9726859013357383
3293,53.2990142351707
3294,213.38997496526537
3295,129.44519357821275
3296,30.596869821521665
3297,200.1614426576679
3298,2.3585112164731776
3299,250.56487713423064
3300,3.3956955526800012
3301,207.28600147985594
3302,206.50171166226352
3303,-6.535937359850883
3304,249.04855419953407
3305,5.326796624616381
3306,4.600577962065328
3307,186.93282999561993
3308,3.001244828935299
3309,6.439752048674581
3310,-38.1227882057592
3311,2.226531770998487
3312,3.8808517848719575
3313,2.4620705061960537
3314,6.033467878162281
3315,4.724042109492109
3316,314.70497760656934
3317,303.2307181866314
3318,44.494078118684335
3319,1.9361913324252076
3320,2.2051010450239814
3321,5.29844885160286
3322,132.96535186165138
3323,4.310158918638016
3324,3.6030514044591415
3325,335.02096496534364
3326,82.31162066115895
3327,-52.67566632814132
3328,6.436495736628
3329,1.835577583806103
3330,188.8785508569523
3331,115.13225965190651
3332,3.209833914550313
3333,234.53061620403682
3334,105.14821316107047
3335,3.3076821314818385
3336,4.394790238078036
3337,2.6003179531153915
3338,1.7433216349380438
3339,-6.240087469769166
3340,31.638207369081986
3341,52.20108694990397
3342,202.6405343662104
3343,139.3824357712338
3344,3.525664875317091
3345,250.50086266203897
3346,294.09836673584897
3347,181.62401539714108
3348,77.1856194408266
3349,5.541985952574077
3350,3.791709338057866
3351,2.462510663282859
3352,1.8818194432460968
3353,178.76327955004444
3354,74.9738394869391
3355,3.002785314453144
3356,314.96417037586264
3357,3.7181896050225247
3358,242.5104101438149
3359,70.10441655979929
3360,150.7346912559608
3361,3.0488567597618115
3362,2.8208640633582047
3363,2.801674962950301
3364,25.98899518077573
3365,108.71343158124976
3366,4.122992958933608
3367,3.9979965645082096
3368,70.9103873343269
3369,4.619568745591038
3370,69.40120121017023
3371,-3.9637784627527735
3372,209.542454045336
3373,45.78632974367795
3374,321.916775525081
3375,2.5150224234020886
3376,2.4257022877728738
3377,102.78233873090514
3378,5.575333262366156
3379,11.656212108620347
3380,315.6489253571323
3381,6.581041116996843
3382,84.16396685526934
3383,6.250497735912201
3384,21.89452945170563
3385,4.064285791887893
3386,53.42791701581042
3387,2.157280839259755
3388,182.18845931341
3389,216.9742796199568
3390,2.5307742966431497
3391,5.754407211482858
3392,5.065326485369463
3393,183.54950727028609
3394,131.2888396683227
3395,5.210243875727166
3396,5.493003609673483
3397,146.09299633527138
3398,2.100242818291342
3399,197.58907011572984
3400,161.46593369860713
3401,5.2508962427849
3402,1.250320811014988
3403,84.34684803484677
3404,91.45686941952746
3405,173.1700347543882
3406,178.39649343666082
3407,4.347954662026506
3408,61.62274300865123
3409,108.32762790951061
3410,5.7758879690485365
3411,4.979510063938578
3412,50.67362798115438
3413,2.1769708388236246
3414,6.630531760014723
3415,121.05168007265988
3416,61.75835955753418
3417,203.62276666682143
3418,170.5730406405492
3419,-13.063948742672732
3420,21.248121929921847
3421,-70.85072660870831
3422,169.4368720704258
3423,1.9918661827022703
3424,3.14598764998806
3425,6.38369563705581
3426,3.623359604210659
3427,57.709105162917744
3428,2.491370920471519
3429,325.873240075798
3430,314.2318208948067
3431,106.11040795987316
3432,5.964582558339809
3433,89.81363948541512
3434,1.8877668777196557
3435,308.1476231341344
3436,210.42584864881863
3437,3.3326702216054978
3438,30.88256363879251
3439,276.63683398580577
3440,6.662965535315705
3441,4.935359390887955
3442,223.78287250413075
3443,5.090362812299433
3444,208.0784290115821
3445,3.857506731023
3446,5.871763682361993
3447,263.56691818096533
3448,5.352346175438921
3449,5.573139028820719
3450,93.29015463776557
3451,201.68582873986406
3452,2.1900100343337154
3453,2.5917841482882333
3454,20.802521770481114
3455,4.113984055228215
3456,5.274988853120215
3457,3.8266192357238986
3458,6.2176264909139185
3459,164.35019384326964
3460,-49.83354539527906
3461,2.584689016735984
3462,44.01737226289708
3463,225.3422535377554
3464,4.685406260043768
3465,2.676387972031212
3466,5.957003220408702
3467,114.56441633503074
3468,35.89794233039126
3469,310.14816826450146
3470,147.6855848225219
3471,21.22533358389945
3472,277.87852885416453
3473,6.248939492427139
3474,3.4587725650735868
3475,4.672835428551011
3476,36.53471925262846
3477,3.6516007868387934
3478,6.5885273615474205
3479,2.650282984153944
3480,112.88911955022597
3481,115.68270772232286
3482,89.51081083802961
3483,64.6596951891384
3484,181.28154989454958
3485,2.4402260770784894
3486,227.74726905583435
3487,5.830588831874314
3488,4.50381366879988
3489,3.5624761748171463
3490,6.1087260056971875
3491,3.354472127168128
3492,2.26712361265035
3493,307.9110864016871
3494,165.70060780010763
3495,6.358663294344853
3496,45.05603505763939
3497,4.551924358814759
3498,6.636675764358555
3499,-17.469508900930467
3500,70.37752840739763
3501,284.5440469710617
3502,6.0571692673507584
3503,3.0857104940816167
3504,119.55284641859865
3505,138.1711605490996
3506,96.359914377884
3507,6.290863092465329
3508,2.963593057794217
3509,3.2685861687699815
3510,275.6727619887989
3511,2.016003888784399
3512,69.19423616824646
3513,101.8365628645802
3514,3.441613384128174
3515,72.73252439970018
3516,3.583879192145454
3517,191.05675125044218
3518,4.444058400413269
3519,233.4872169066231
3520,298.32440295430297
3521,1.889180761683888
3522,61.81435137129499
3523,4.603736270707312
3524,6.677237596035849
3525,5.2477935469375225
3526,41.60292633476192
3527,1.6705513010339472
3528,282.17171978574567
3529,206.27794416439272
3530,2.4597476188988505
3531,76.09743300507272
3532,273.32124502669313
3533,41.012825995473065
3534,7.761474995477706
3535,84.35710406831078
3536,3.4980789497226814
3537,64.79130704175103
3538,7.003467031218165
3539,1.5696192851468567
3540,169.74935462894973
3541,-63.17412491479632
3542,2.4504186208123024
3543,196.94199902573166
3544,42.509075642249655
3545,2.4925616591460886
3546,5.346975130856132
3547,170.63372583764584
3548,5.446384927942212
3549,1.7493859990137695
3550,4.4626585204887625
3551,4.026310549269094
3552,5.734836558660984
3553,6.011144479659517
3554,164.71389592284356
3555,3.8454194840261113
3556,1.9721894947559937
3557,121.76384040075213
3558,5.0829667385771025
3559,95.67539439349144
3560,68.22471785953314
3561,6.142243448693157
3562,29.483521996265825
3563,-49.55459045723987
3564,5.844695878296852
3565,4.969060593679683
3566,180.63754822081248
3567,1.9676133580542494
3568,225.96327325774797
3569,164.28517713637143
3570,42.9256756431246
3571,197.99138461315107
3572,1.9781189947949265
3573,6.070381712922644
3574,5.816973776507611
3575,2.096141813586802
3576,5.2505430158509965
3577,6.224500687982745
3578,89.64727853506929
3579,2.086811130996983
3580,69.10641539936998
3581,243.20592589768847
3582,75.07205273205793
3583,45.85797927500156
3584,6.855634041440878
3585,30.061137540556985
3586,5.808738724899438
3587,35.77992061423862
3588,3.128200658327353
3589,228.18147885645502
3590,3.1956910581153624
3591,3.315687503740274
3592,179.8748117935638
3593,3.733629411022075
3594,20.156316129325138
3595,6.633687759127749
3596,31.857794936201685
3597,315.5479052250127
3598,88.28844530005361
3599,95.61401166654005
3600,2.592700855277796
3601,299.5503618429608
3602,24.64087184475057
3603,5.166795719693255
3604,2.9740835809614556
3605,182.99196352405914
3606,2.1222109077624918
3607,3.769623877051966
3608,278.44759691016833
3609,208.2681807650996
3610,63.391902174700036
3611,5.201749647820161
3612,255.9328935299419
3613,6.412386324260415
3614,4.765260312398181
3615,6.484115005148614
3616,53.48976761453313
3617,4.982433889369944
3618,2.7677801931887416
3619,-56.02543892815193
3620,-17.32597641255043
3621,65.03418622641554
3622,5.4198235916048185
3623,265.6963239693897
3624,-11.450933543426922
3625,103.56102165471005
3626,28.739691595325457
3627,34.08362147515793
3628,6.351564739794235
3629,52.28162321898385
3630,251.4598305207865
3631,287.9360422729753
3632,251.7791479208035
3633,265.00624381337684
3634,116.92871774152087
3635,120.42395335601312
3636,4.295985195126482
3637,46.30555240726104
3638,73.35503809576957
3639,4.918935449247146
3640,339.7692192153563
3641,222.61633779833403
3642,157.72448093895412
3643,184.78333227492567
3644,6.537306721013014
3645,119.19409891379459
3646,2.5121444288614505
3647,5.82720793860091
3648,241.70970919521062
3649,23.06353844481282
3650,3.2516966334218167
3651,193.32361047730774
3652,48.88135600250046
3653,-4.863382790324094
3654,74.4929747988445
3655,2.0809940229761246
3656,138.30871437715834
3657,5.783619948514419
3658,7.754461840197889
3659,4.633838735246962
3660,5.829423389765902
3661,40.33093569952602
3662,2.12413045812161
3663,5.637255328197627
3664,115.87226681843484
3665,4.70067088816181
3666,278.6246933451207
3667,244.44357012489166
3668,257.10904912030435
3669,225.47535928323447
3670,6.461824859801333
3671,6.3552859076361194
3672,223.3702350841765
3673,5.0069735193578495
3674,288.0824914308937
3675,151.51399021126025
3676,50.13638747138636
3677,31.50202026183799
3678,-3.179045537419337
3679,4.583525963397412
3680,3.427012741286007
3681,149.00206420719266
3682,75.82504252764014
3683,150.7276770596404
3684,28.897329940536515
3685,147.22114949598023
3686,279.1292120369319
3687,107.04927134298043
3688,277.5539259721769
3689,2.418614438044024
3690,209.00547224150392
3691,212.88060465345833
3692,286.13144451971175
3693,274.2716514412953
3694,1.5267333559371117
3695,246.80236405063843
3696,208.99230464602095
3697,0.8639155037682953
3698,-29.844081772562454
3699,4.267796679046376
3700,5.606853780086518
3701,351.02610202220797
3702,3.8876351610603637
3703,4.023666448797244
3704,6.166011409655159
3705,1.392212092965281
3706,58.000128745039945
3707,3.1254762821526976
3708,106.37521554770767
3709,3.2333506048048513
3710,6.663506850076365
3711,346.4929459578449
3712,102.27262009259104
3713,5.537368639376732
3714,329.91850017910144
3715,2.370902810820384
3716,1.992348674167448
3717,150.12900964836018
3718,70.77134426408907
3719,167.5936803437421
3720,155.56437725464693
3721,2.6998450440887822
3722,4.053066594116976
3723,3.362408496752435
3724,1.8922333920892533
3725,67.47956443503965
3726,1.7823882587387418
3727,225.1698223515927
3728,58.03161609707639
3729,-33.669853224440274
3730,145.94034537378195
3731,79.85619132392256
3732,3.5459672142772805
3733,-23.563059358508667
3734,3.0518464055077175
3735,2.462699738033826
3736,-8.628881922167043
3737,6.243041467145979
3738,192.99013909052002
3739,-43.2857247406894
3740,234.4787216790946
3741,36.32843917838025
3742,264.3058055304868
3743,2.3383513043099375
3744,78.68431690706055
3745,-11.206103000437867
3746,4.996164672045251
3747,5.0453746161627295
3748,188.76295179421263
3749,67.75509608508344
3750,1.5835995153351556
3751,223.39343818926216
3752,76.07521357789724
3753,4.748959858230546
3754,3.6244079665693443
3755,2.71652428789471
3756,5.548666187226631
3757,37.96985339973602
3758,6.091723676201645
3759,47.673031393050195
3760,1.942774062014072
3761,6.463859571743785
3762,6.340620104150445
3763,117.2272366502788
3764,172.73485934648
3765,357.97371840701277
3766,6.57933606666786
3767,281.32870771000944
3768,73.49112149341167
3769,1.6627292018751767
3770,136.17262323685267
3771,3.754976797291507
3772,191.24581463267765
3773,244.81235309235964
3774,2.496227921415363
3775,4.055661555280842
3776,248.08595679002343
3777,6.177252033853717
3778,228.5461164706856
3779,290.36402041199847
3780,6.106660311458473
3781,6.44490677037726
3782,2.0989612023220077
3783,2.1001570018580336
3784,5.521638181435754
3785,31.627147724880686
3786,93.01623785137815
3787,6.092174829536582
3788,6.6690379968761455
3789,284.8877039750622
3790,7.008498186223747
3791,6.284109506606791
3792,3.7807313365619075
3793,32.07818029369108
3794,-22.371782568630152
3795,192.57910566188548
3796,182.83114584578635
3797,4.794008775060002
3798,196.2435858593883
3799,-61.664824858843815
3800,241.26937102564952
3801,134.02825778897696
3802,138.73781907332722
3803,49.22147573035262
3804,54.549088539467114
3805,5.155810446735182
3806,2.9999170910856536
3807,124.36212924062619
3808,3.876816045361223
3809,-32.30631804147347
3810,2.7927976382105966
3811,4.343859432055841
3812,268.3184283492956
3813,3.5818367735518697
3814,290.69902034718325
3815,7.1342073447103544
3816,3.537397159406434
3817,50.1727959418953
3818,6.1493470940600385
3819,2.3545383782146065
3820,142.99268074507398
3821,7.338800179231633
3822,5.487265549869463
3823,256.600834097486
3824,5.20835213683476
3825,250.12043825585974
3826,6.064626438020298
3827,310.58971660930126
3828,308.6481724220398
3829,6.594320756621975
3830,243.60212709727742
3831,68.40600757369742
3832,1.7704333022826502
3833,59.95570331935346
3834,22.42289152322772
3835,2.7562890569587246
3836,5.165200981871129
3837,6.732395174559992
3838,5.889524245245127
3839,242.4168696623891
3840,5.700735270670749
3841,122.72408245511818
3842,3.4386079984818094
3843,270.2666302585792
3844,5.3586318646276245
3845,5.572718298276745
3846,6.557258827386583
3847,71.94630107705544
3848,110.0708106280769
3849,190.49590500753771
3850,17.453275818466942
3851,110.32685462212112
3852,241.84937336748072
3853,5.486055007505523
3854,248.9057412696131
3855,1.9199000113830667
3856,57.27965400709118
3857,4.021839583228726
3858,3.1799431055055383
3859,250.04402474320744
3860,6.245756010407664
3861,-59.63321850452853
3862,-7.8395966575467435
3863,4.104560327008877
3864,2.8683500934529995
3865,290.9206629763713
3866,4.047505129751911
3867,199.38359544494358
3868,4.810325557385709
3869,3.0099704274067864
3870,185.282833721586
3871,44.12175406699306
3872,3.495566283132759
3873,25.65890637232132
3874,352.13466924017973
3875,276.5852097665386
3876,103.42322775205386
3877,-62.84231526769284
3878,211.27971808266204
3879,245.03098843520678
3880,6.49448798006693
3881,4.169336497223954
3882,2.736526431632392
3883,205.61198537392752
3884,148.53625207157256
3885,6.431566684204253
3886,5.500190966553026
3887,6.247239895869808
3888,2.6882568718265905
3889,176.51174348653115
3890,1.8115088737351905
3891,2.8363549233972494
3892,179.6112520269645
3893,2.6307415042726343
3894,295.74330007610547
3895,-33.538436021394716
3896,30.323923605990927
3897,245.29558951964498
3898,190.63154310992002
3899,1.7541861561965368
3900,88.93817297769233
3901,107.77666124450624
3902,2.8974024572555583
3903,36.432306769329074
3904,52.007820729566774
3905,3.403897866571238
3906,7.964416566989534
3907,199.35740994139184
3908,149.08381175867262
3909,3.2669358986885526
3910,3.8465350514183294
3911,235.69927391352704
3912,4.870101188574274
3913,37.18311886387944
3914,283.11083886784894
3915,7.325697032315894
3916,5.870138307501632
3917,3.801945516653375
3918,-44.99017735050186
3919,4.557086469785622
3920,31.433908094509796
3921,53.154888738827225
3922,7.021665764453068
3923,3.682099576084436
3924,362.8803585493911
3925,65.67305257606836
3926,1.9411340905145118
3927,249.0274244474636
3928,3.440212795007379
3929,5.103619303178791
3930,6.349287765619646
3931,221.99611123509317
3932,4.640823549023435
3933,2.6315528605184406
3934,6.587830472338001
3935,221.84858014282165
3936,1.7958164026007244
3937,3.406460078561083
3938,2.313910071294784
3939,325.513211413496
3940,6.09158642132661
3941,6.191240677386192
3942,5.403447611018466
3943,3.1874798762036463
3944,6.6685714566329635
3945,331.48685420461175
3946,191.81100871791142
3947,27.82115504121792
3948,154.01005608690804
3949,5.2608020156687285
3950,247.40487674045713
3951,1.7504058570074914
3952,110.28741014915093
3953,124.60988513633347
3954,2.3125604475997807
3955,6.1928294781248745
3956,187.84590704333877
3957,56.60925083621112
3958,67.7816303795433
3959,234.21329281724314
3960,6.190130864799749
3961,6.124809813896903
3962,132.5637371145428
3963,5.879423303810136
3964,207.3802355343035
3965,6.141489323182181
3966,2.611627021805609
3967,4.126338160236841
3968,195.80339417413606
3969,56.81227837499168
3970,2.3794844926274044
3971,3.3739355621119937
3972,2.5487059640625613
3973,3.07894028510117
3974,45.25200975323254
3975,48.97187920644875
3976,3.3915028213201706
3977,4.190589159839448
3978,3.608866068455252
3979,120.00032873887466
3980,246.58597151832853
3981,254.90334569270004
3982,5.415915335838754
3983,3.553161239642855
3984,368.9894322829927
3985,228.5649385730507
3986,177.80809192592298
3987,87.93892397722459
3988,3.2315635246404155
3989,13.974769731782773
3990,94.08682088843733
3991,256.0273129753045
3992,5.8952594105664025
3993,6.146672957158083
3994,38.23035350303404
3995,121.82420824421692
3996,3.8308759988065972
3997,100.99117548044451
3998,2.4295753867210212
3999,277.63832083167233
4000,5.240026865035029
4001,4.2487476325169276
4002,25.63009238671194
4003,171.6414523779727
4004,2.260012630259967
4005,309.16365602969694
4006,70.04550366165923
4007,6.8036082031470455
4008,3.3694055859840084
4009,5.8321209793412745
4010,191.23940396096071
4011,3.3116188969651423
4012,6.361412202307065
4013,241.62372565732548
4014,5.870349950930338
4015,6.2613842011609115
4016,68.14216430071707
4017,154.64947393411424
4018,120.40950082979268
4019,1.4268925166731554
4020,2.0053893780075422
4021,132.0584052206354
4022,51.25903394456323
4023,3.624280087895357
4024,112.03204374597149
4025,48.367136739524355
4026,49.79590676468256
4027,268.52743461034737
4028,102.477553040093
4029,6.612511239891405
4030,2.556141122158974
4031,115.99525278204068
4032,86.8448365107952
4033,2.496829418896645
4034,256.3577872385548
4035,109.14610116079068
4036,4.217940793360762
4037,3.6040781657383576
4038,5.982789869791266
4039,5.846023004714967
4040,107.86204906260295
4041,327.4338698569936
4042,62.07439226949077
4043,265.44984476767155
4044,4.447475320502239
4045,37.65985691316988
4046,5.844092228019054
4047,4.456560740869214
4048,278.30692398446547
4049,125.26790943492513
4050,276.35578290985256
4051,63.18285002783743
4052,2.6832716555799285
4053,4.01632594506907
4054,5.219928836921797
4055,4.3419139793611
4056,268.61214273911537
4057,6.833505758723925
4058,289.6106641009143
4059,21.104050266271937
4060,267.01276405823694
4061,101.09432175051259
4062,3.8406909962836577
4063,2.1303910806402575
4064,223.58055329676526
4065,2.044224110176529
4066,97.43937841123866
4067,199.31290077348524
4068,165.71752191515657
4069,347.1003611992253
4070,2.685634940110992
4071,2.8456792770033488
4072,1.7161484787880252
4073,3.300439972657247
4074,4.279336995526637
4075,-29.25459204639416
4076,46.113170051757706
4077,4.82864061218908
4078,6.320009125965923
4079,7.171533601872325
4080,278.81611972316404
4081,4.799259527352788
4082,124.8333763920752
4083,4.127356546188814
4084,14.925282325348837
4085,24.547568948216536
4086,-7.781927715380341
4087,4.266286717396219
4088,4.923884977390187
4089,68.5555962378164
4090,141.23770765110314
4091,4.472637861900999
4092,74.18187706534263
4093,24.3196412620404
4094,5.011260601780249
4095,6.741173382424559
4096,2.3990599942241944
4097,2.6141164359609594
4098,2.9994422000596597
4099,-41.995639638374215
4100,66.0912002490339
4101,5.757962708181509
4102,4.436515280879641
4103,67.39616265458895
4104,200.48225346836136
4105,5.8257721543045
4106,115.99978633425064
4107,87.01740748005838
4108,71.80396580564565
4109,237.5406002686575
4110,6.039207424398447
4111,50.30781751533874
4112,81.21787242179892
4113,3.346817992185448
4114,5.105262826842783
4115,82.10251897475473
4116,89.55696054758383
4117,91.09531674365918
4118,289.7681840237255
4119,244.5478725705589
4120,230.05067879662738
4121,91.04541056374484
4122,-24.393553239547742
4123,2.200049377755446
4124,140.0900998715358
4125,2.305850033524788
4126,54.38799311743996
4127,5.897382777200665
4128,1.7707500644182326
4129,6.247183959316886
4130,2.140814720807799
4131,57.682748870380784
4132,6.099045043363156
4133,5.181905358059263
4134,113.51078711785286
4135,25.768273723962984
4136,160.5872844094411
4137,327.0415505124232
4138,-8.640426992841043
4139,103.75837687869978
4140,59.855293434840405
4141,4.121621403555127
4142,106.99086494650965
4143,307.422983831926
4144,71.28317884023721
4145,200.8620689780786
4146,76.18161521471066
4147,66.10605201389833
4148,288.83154629739204
4149,57.78214304040833
4150,34.60904019327384
4151,53.24975104662269
4152,116.03779000332196
4153,4.20244603996885
4154,346.99450240401256
4155,147.20450132604572
4156,3.459503891837389
4157,18.571656327052217
4158,4.049575756531949
4159,4.959967258221082
4160,146.0776156896669
4161,182.96359063065375
4162,6.305432548616997
4163,58.58755427471095
4164,183.23694527015556
4165,-10.546850681181681
4166,45.57599812088068
4167,100.03132998474044
4168,7.144236075511782
4169,2.428411544650241
4170,-3.8670066885229537
4171,92.85848286730383
4172,4.249757773119889
4173,3.9660001355699275
4174,62.90468983268394
4175,115.73752576622869
4176,2.015174619798976
4177,4.169940617004484
4178,13.72724541613113
4179,125.45316546501007
4180,161.20589759738033
4181,62.56611137534518
4182,64.02842381014813
4183,28.22412178160536
4184,194.94307163945356
4185,272.0093172356356
4186,2.4559354832406965
4187,71.72571414056097
4188,4.203844945713058
4189,4.308181618552859
4190,115.09741230455461
4191,2.1411417596425775
4192,48.37849982446049
4193,51.36228387325032
4194,5.916334214458134
4195,4.225426250099171
4196,130.16856442828043
4197,6.394791140816341
4198,3.2341410039483236
4199,5.058607172401735
4200,299.20603437427917
4201,248.37155178568963
4202,176.45399733468878
4203,5.737876061441913
4204,106.1004708962553
4205,4.888904677813388
4206,7.729878117874704
4207,122.93878427771693
4208,157.3095047357184
4209,229.92378080809738
4210,-51.34924889286128
4211,1.9148239281627606
4212,5.848012143354392
4213,-12.069180328113749
4214,7.343658985566998
4215,3.1102193860180956
4216,1.5582370783840613
4217,3.3023840209531494
4218,5.9166850986709285
4219,52.72157850235277
4220,69.43438155215254
4221,2.1971509768288566
4222,109.09909506262514
4223,3.043745695145854
4224,6.277480153963459
4225,5.1836962419789465
4226,288.05233478790296
4227,1.9616647763574222
4228,208.79706706802818
4229,115.5714554526892
4230,2.804236330417207
4231,2.8340577775828764
4232,55.00576079100219
4233,3.2453931134145684
4234,-7.484549086302733
4235,69.81004158965973
4236,247.02141175788702
4237,176.00477351699493
4238,3.316463526840984
4239,79.66738019705453
4240,4.406247555015563
4241,34.5257129006787
4242,231.71084090218937
4243,-56.153978517315444
4244,328.5436485838451
4245,5.072920033172055
4246,1.936377397181612
4247,3.9106971198198033
4248,4.1426636756453235
4249,-20.58991167033365
4250,2.5163748035089277
4251,294.6905405339538
4252,6.644908498202259
4253,6.01395971145206
4254,5.15677995953147
4255,-50.61345965388667
4256,1.994893247658845
4257,111.24557652306896
4258,2.344520991378525
4259,1.5921158648334035
4260,84.99628948652233
4261,2.4115191378377356
4262,283.24982082233925
4263,92.82926862773374
4264,2.6773610146402707
4265,44.94466783108282
4266,4.14827530193757
4267,6.2774823011967325
4268,5.594818121120795
4269,207.97516459156998
4270,171.25934948252177
4271,149.6408245964254
4272,4.561189537238224
4273,8.079211489806404
4274,102.9082813840364
4275,6.7486119405063825
4276,287.5295554305328
4277,233.88084774307754
4278,376.94577745388483
4279,309.2445378773096
4280,120.79064446979787
4281,90.3629921126972
4282,12.695581132867407
4283,6.340961156336176
4284,4.4321706051437
4285,109.42680229917536
4286,309.4361466721982
4287,1.7774143280714667
4288,208.07971922183918
4289,207.85417287824453
4290,177.10157441046726
4291,2.9387410354271455
4292,5.032391800556447
4293,6.568952546537613
4294,-29.2664848917548
4295,1.1027148290571376
4296,5.322898436656095
4297,6.450764361255725
4298,5.752639667140027
4299,58.40765614566074
4300,46.776217158871475
4301,1.2687071474211722
4302,97.30223420021508
4303,1.3442286822612413
4304,-40.83606840834874
4305,3.682577430335847
4306,294.25565180197543
4307,2.749370028591636
4308,17.320386797966215
4309,4.614701551439728
4310,2.963104061196144
4311,7.823149450322161
4312,307.47119752375835
4313,3.011423925118942
4314,3.19860922893914
4315,228.95266738686055
4316,1.4280193727542496
4317,192.83992188838334
4318,6.16135258531613
4319,53.422639784887366
4320,99.29700837594805
4321,4.788117598919078
4322,295.44164227636895
4323,75.91347232775783
4324,3.432438129994499
4325,6.685321179126215
4326,3.4274464025282603
4327,102.76680675142214
4328,131.79290103057622
4329,197.4038585452106
4330,-11.00289013582401
4331,2.576354887686814
4332,2.2683935064157996
4333,246.08029299950442
4334,3.2753863904524456
4335,3.603762944688447
4336,2.16726740271677
4337,5.81841927832634
4338,0.7326639829521093
4339,5.740731123186619
4340,-33.720097542859975
4341,62.69207711194905
4342,189.69744151095526
4343,170.99093875959295
4344,106.41675955203235
4345,5.880692511918625
4346,4.679109690517855
4347,180.25859991392548
4348,5.552569795124901
4349,100.6559846607484
4350,-50.62475711104242
4351,116.22315154775316
4352,195.76037287788603
4353,5.073670731146814
4354,115.67040394932954
4355,122.62327067871006
4356,1.905558089071439
4357,5.305779543158326
4358,321.67116418374246
4359,222.490602931475
4360,3.5022586713495256
4361,-3.334328909831619
4362,1.180583750569959
4363,3.907461178398842
4364,4.398840020547471
4365,1.6525416899499827
4366,3.336052564764598
4367,257.4670534884203
4368,-30.624469252097928
4369,80.09620229683787
4370,6.358905674199915
4371,198.52619761110736
4372,79.86128443913734
4373,324.63131872858304
4374,6.263681207919875
4375,226.3062135934863
4376,277.5129759064221
4377,5.456440854372465
4378,5.771294168758105
4379,168.51690114317225
4380,3.0106662846393473
4381,2.4556749666908306
4382,6.6542249738911385
4383,27.92405328759952
4384,4.935356561774662
4385,195.74941790747596
4386,35.633888050113676
4387,288.2205692420398
4388,67.23113299298416
4389,6.666313060144853
4390,4.443003190674326
4391,3.885508224766914
4392,2.4445097343963615
4393,83.85861111860112
4394,76.4899190453144
4395,3.1755570403946627
4396,14.79731252811183
4397,2.516004033814529
4398,6.397558935862058
4399,3.751868012448477
4400,255.37876722712465
4401,6.819371567930613
4402,237.75216749309692
4403,247.93852164613443
4404,239.77439863779165
4405,356.82040786272114
4406,48.00788133346744
4407,96.52435697802935
4408,6.370442794814908
4409,112.02751789318592
4410,-91.75756182448092
4411,2.7523747810209898
4412,273.6244650739251
4413,222.5400820179495
4414,3.798897723854774
4415,191.43929400983066
4416,66.05376765670032
4417,2.6909938988471453
4418,231.09419841734635
4419,264.0859131088202
4420,369.89352687096573
4421,325.47757547714934
4422,11.71364156863699
4423,2.4839997353509444
4424,51.08507388906486
4425,187.74431550934418
4426,5.470757968395854
4427,215.89234697334302
4428,6.533291163139285
4429,5.066172887105112
4430,5.154964938040031
4431,178.4725204949805
4432,3.907558097537447
4433,3.7935715085724597
4434,102.8686572687132
4435,5.657421974960505
4436,6.499003045966996
4437,11.227035276622228
4438,79.67570239798158
4439,7.065424021675398
4440,271.40753460460235
4441,2.124171482877192
4442,280.4118873870973
4443,6.222136308291094
4444,277.5311320908555
4445,3.978347539328574
4446,3.7277797363105747
4447,149.114122655941
4448,5.268430852371207
4449,-14.111445059184316
4450,66.0722130398853
4451,103.84956494170325
4452,286.7278017586872
4453,247.2349210753179
4454,4.5801785921478615
4455,4.993583873289187
4456,204.23806815469152
4457,4.030503187329256
4458,6.793116920116219
4459,83.80223154296462
4460,0.6783113935913478
4461,84.06217679713738
4462,153.67342683645018
4463,45.23656964749421
4464,4.259431092840688
4465,98.94621876884437
4466,4.52726492594773
4467,-5.447092520555118
4468,1.7882829885985554
4469,2.1544378293516053
4470,4.828063388844386
4471,3.0836187600548763
4472,258.10249466062356
4473,3.1728232876763665
4474,251.29686860629053
4475,4.527717849173123
4476,94.53057447111101
4477,5.901277946203788
4478,3.9909911643312865
4479,144.411037938667
4480,290.57787235259514
4481,3.7111915048571347
4482,194.56497336761765
4483,69.40314026762
4484,313.31423375559837
4485,205.63914453607214
4486,2.425546679957084
4487,114.02781028839242
4488,54.79644790915096
4489,-45.005465010383524
4490,103.98378682048782
4491,5.235160023702655
4492,262.82717894267336
4493,319.85819961516347
4494,-1.1430046012588226
4495,2.6737786742822744
4496,102.30858952017734
4497,6.695230069533597
4498,193.77058853668598
4499,310.6844695098982
4500,162.02481873671803
4501,5.501348360182929
4502,5.955637473477745
4503,195.70519081066573
4504,13.894585260329873
4505,68.43106998626371
4506,2.987551918855271
4507,-3.6535740506132024
4508,122.05906353281276
4509,40.562846825207544
4510,2.262685575060088
4511,272.4016450123849
4512,57.57839980266138
4513,109.54660425116865
4514,2.9746765758294433
4515,2.6293210524805914
4516,3.355489151580546
4517,4.997227288175955
4518,4.506401521923375
4519,113.99821260105782
4520,54.29514535600665
4521,2.6083345041157737
4522,57.618971073826714
4523,6.665384084825263
4524,232.02767407562283
4525,19.243553204583385
4526,2.250822984014836
4527,117.82169609777009
4528,134.07305949394623
4529,100.2985251820478
4530,145.07992087585953
4531,3.9254629660188853
4532,4.0857193238086325
4533,4.6213416428375895
4534,61.98773892042068
4535,5.7487663901130475
4536,1.8672784486940712
4537,1.8462851488104788
4538,6.41876804290173
4539,285.5580886146048
4540,173.10551705771024
4541,3.3172573032383648
4542,2.777948185070068
4543,206.4054025544615
4544,34.03134195391248
4545,5.19285306436686
4546,30.985154142497393
4547,6.008590334204595
4548,178.20001536026146
4549,4.767714654140309
4550,245.40478937180686
4551,26.34987313532076
4552,130.7731931969
4553,121.91838860696774
4554,4.472352441835401
4555,192.78764818215313
4556,290.0114684630639
4557,5.125738950994869
4558,4.4168599222999125
4559,72.25703479458505
4560,7.359790577870077
4561,5.271191672862401
4562,185.93102182727608
4563,45.701907667795155
4564,212.31664911275666
4565,71.13721638747316
4566,221.1192920117204
4567,269.90426539782527
4568,138.4357853023933
4569,4.656059192708511
4570,200.0356448056204
4571,262.6259954950506
4572,4.993059089655982
4573,3.0384728403352943
4574,1.7933296233709672
4575,5.2323458880539855
4576,146.1383041664057
4577,256.71826692594595
4578,54.64075147816992
4579,7.459602273645933
4580,0.6522009889608589
4581,349.16912144461105
4582,32.895537556632775
4583,1.5519893461128638
4584,273.2567151754309
4585,39.376864310298224
4586,6.694946990604063
4587,4.18097643419359
4588,1.3482356801213768
4589,4.2472190647362495
4590,2.9814489604131644
4591,77.28318742031738
4592,5.357470615237665
4593,88.80975115777014
4594,-17.49680790559073
4595,2.9023035694415373
4596,72.67311245013263
4597,145.46093648920265
4598,4.337070004711879
4599,-44.141371885719806
4600,85.18007885591561
4601,6.943694934592022
4602,5.320193797046144
4603,5.289786623911028
4604,68.6090805130182
4605,1.9114683353387145
4606,156.8768854043015
4607,51.0576535314601
4608,4.598355590218367
4609,217.40260702355403
4610,144.08291810463714
4611,100.25555636703228
4612,3.5774797422054356
4613,-68.93262222746264
4614,76.64979500314658
4615,-45.673306229621446
4616,4.796427459224207
4617,4.974067318727696
4618,3.980694129319602
4619,6.220223833527497
4620,6.661105977558153
4621,69.23582445323555
4622,3.925195181456366
4623,6.318097666016414
4624,1.2729853730412284
4625,88.31622246881273
4626,48.29863992540843
4627,5.606628835886729
4628,5.890672191623244
4629,65.20575272143427
4630,5.446112085323107
4631,-10.970182731053727
4632,6.654398157328253
4633,222.4311675080799
4634,5.942040738137445
4635,6.045531948016148
4636,39.60957006808982
4637,6.968912401611595
4638,397.2035823344604
4639,275.5147069772212
4640,2.0721019252249784
4641,208.35375910325442
4642,121.50619929808653
4643,61.63535773268728
4644,68.30559885053034
4645,5.75501560585024
4646,47.18299413090494
4647,22.23401162417152
4648,199.3737854189132
4649,127.3864294923016
4650,123.65645729433486
4651,44.35226053969054
4652,4.598386384016761
4653,251.24308432352984
4654,-4.982182874927585
4655,5.564343336828824
4656,2.452901421980161
4657,3.1618259402488222
4658,6.2188935707034805
4659,84.63029053195709
4660,2.826601138589505
4661,2.625307736379531
4662,3.462941382008925
4663,115.58639321794068
4664,5.874304078756051
4665,137.32304693724967
4666,240.64029224223847
4667,1.8425956788632631
4668,97.54384000387854
4669,254.7206239087609
4670,45.23886502828894
4671,1.9095453169452998
4672,0.7037507500390237
4673,69.74901855556975
4674,298.394572904954
4675,1.7520805410683633
4676,134.93116297438465
4677,61.53951875345695
4678,5.489755393625916
4679,68.8014293999867
4680,4.003619626454478
4681,1.4560640946933838
4682,194.07366705453865
4683,138.3004503041057
4684,97.55502045949314
4685,242.14801562727087
4686,4.378170910748129
4687,216.83487453780663
4688,339.2586462391409
4689,79.39659222355823
4690,5.948965581070884
4691,6.938037362854118
4692,4.206872247316019
4693,101.73165450459203
4694,4.1960934398130485
4695,374.2364452790007
4696,4.505733661320853
4697,2.4912663723498008
4698,4.744221888798506
4699,4.110003249500477
4700,93.97276350423667
4701,5.216969084031907
4702,2.0115673431445718
4703,3.7241137419885555
4704,5.1530878663021085
4705,282.4072268032983
4706,3.416395810235225
4707,4.938556644964494
4708,3.254257914755134
4709,76.15428051359612
4710,150.03309042636926
4711,6.274985695221735
4712,243.4815541170366
4713,3.6138034231253644
4714,5.6877563672879905
4715,75.23922617281907
4716,80.0914762281464
4717,7.3497006594588115
4718,5.46930748050517
4719,191.67644996702467
4720,157.73354524216649
4721,6.199061804532151
4722,3.810318466135741
4723,6.327227982532959
4724,72.06576570038166
4725,177.39792159342767
4726,3.4876221573376625
4727,263.33706382076787
4728,245.33414828006266
4729,3.7809118400771924
4730,177.2373162954703
4731,61.260761620726015
4732,-59.03328355156611
4733,5.473307649254616
4734,6.22868204136118
4735,5.274177305257394
4736,3.3094566017562395
4737,65.92435024894209
4738,-23.27945352452366
4739,189.1222483631991
4740,309.5541454290576
4741,5.081583515881709
4742,82.1795616352545
4743,5.331250316430348
4744,267.4192595701851
4745,39.80705170438441
4746,3.9163935473708444
4747,2.892194518582637
4748,3.1441860657775944
4749,5.649600908550163
4750,5.782688964647612
4751,3.6627966440801654
4752,98.36808036524886
4753,155.29505478781198
4754,134.40897509352814
4755,3.9803326027955954
4756,2.0251048553703344
4757,3.223154769847067
4758,79.10516536425415
4759,114.5130208175644
4760,5.085747575872088
4761,3.3314280440720365
4762,187.00894164355122
4763,214.44344817143406
4764,2.3802656525986006
4765,333.4147881897819
4766,25.734069452678888
4767,17.563441440215822
4768,26.201505070413255
4769,-26.265131725208946
4770,51.27205773590866
4771,31.59296425747489
4772,3.7399449160295
4773,4.17284295323473
4774,138.58479513141873
4775,2.4396508290455072
4776,2.492483602290378
4777,193.93349001614752
4778,5.063446833407132
4779,39.58140139856073
4780,1.3070963724348876
4781,56.9534471185691
4782,4.888665610232258
4783,3.8670869228123763
4784,2.4746611970874106
4785,66.21705564098687
4786,68.92158941088738
4787,5.523244773752735
4788,3.7377695846553065
4789,2.885135553912386
4790,126.46336463659232
4791,167.59038596372397
4792,4.422180273217209
4793,164.34321102043594
4794,59.87043139237048
4795,228.4093823857857
4796,3.3764479536017866
4797,138.3337673076005
4798,5.8733504919584165
4799,4.075470106611904
4800,354.91476070021815
4801,3.8345027167332955
4802,4.999225048441791
4803,272.50950495899076
4804,1.6284187888139314
4805,230.1242830724746
4806,4.015486914866299
4807,3.2795529842672737
4808,61.12903265160507
4809,114.75932828744742
4810,1.6361584816369195
4811,2.115078786699142
4812,5.350596293085666
4813,259.08789612660007
4814,238.76565188955436
4815,2.812424433052487
4816,2.709457855947776
4817,6.231608064569098
4818,1.698443391223147
4819,87.36941574753688
4820,2.7160017784390758
4821,186.95344572427018
4822,125.89578270025048
4823,5.059327458739155
4824,2.942208930908384
4825,269.6746992278347
4826,4.502899671112463
4827,6.014389779384494
4828,215.6800764968266
4829,119.08450154756767
4830,95.49743544776427
4831,213.82000371030233
4832,6.860398471593165
4833,3.716103585138238
4834,111.75667211280552
4835,3.8391310890800443
4836,6.406018438278279
4837,203.54925866016944
4838,35.14835902361257
4839,308.88434920837096
4840,2.4955261471735892
4841,109.21314164588352
4842,28.349780560840323
4843,2.3462433055788727
4844,3.7988899350951018
4845,4.5462501853656025
4846,7.141563468267888
4847,4.009908647537942
4848,2.3972287039950193
4849,4.338285570426754
4850,6.696465753490358
4851,5.822646965881946
4852,107.88914449633761
4853,293.52056906781854
4854,2.7596665322227962
4855,3.206897350180131
4856,199.2678845584029
4857,246.71050124370382
4858,235.74465557094527
4859,135.10146722961034
4860,248.8864836899469
4861,-14.83885157625971
4862,120.92962899302054
4863,6.954510103944203
4864,5.9170144302715855
4865,1.9138267306009082
4866,1.281198848659161
4867,3.5214905155077147
4868,67.69296337650144
4869,0.9605338690039706
4870,142.675395686959
4871,6.720198669430516
4872,2.3160659787599767
4873,288.3572620116166
4874,9.836298052041263
4875,3.4202493476516906
4876,225.16303530363504
4877,6.323571666538271
4878,85.11004338414551
4879,69.98828420417001
4880,5.920712262353487
4881,6.30181963820623
4882,23.437041809575884
4883,1.8161108606190657
4884,133.95173601306823
4885,-51.815192064065705
4886,241.99044754436085
4887,5.20475173631719
4888,297.58100753173983
4889,53.165840828235915
4890,217.74814996598707
4891,128.067180682995
4892,1.978018918255227
4893,5.798207099738571
4894,102.94466900766179
4895,6.710694982886592
4896,5.823569253184882
4897,5.486094848783477
4898,5.129056106840112
4899,206.6752381811825
4900,2.049889919327335
4901,276.97449527300296
4902,4.108428597425595
4903,153.225037344182
4904,378.0119627630014
4905,85.15274968922708
4906,154.41834849221644
4907,185.5695079078751
4908,4.383697013025031
4909,139.72154730934852
4910,152.23768838694343
4911,88.48968344049038
4912,5.571478520366007
4913,177.44123563256056
4914,186.4637044641047
4915,4.376042953533453
4916,4.680558390102871
4917,6.3849907570291204
4918,2.541678318790773
4919,-4.073554394594476
4920,2.175759184038135
4921,-8.125255315064944
4922,168.28816330837157
4923,209.55501639518332
4924,5.825958126414124
4925,2.3535742885137174
4926,1.4297083207984111
4927,5.194055988433823
4928,3.118836628018755
4929,73.50466038596275
4930,100.31770799416418
4931,-24.70936985895086
4932,5.95515149386655
4933,239.01326933996302
4934,-52.526751971462744
4935,49.71935069083109
4936,254.48828762938365
4937,24.516133350526253
4938,74.0277440847295
4939,60.66136014323905
4940,3.883186620968826
