id,target
1,4.291176443223684
2,2.5865783283288266
3,311.87990681511707
4,-36.37171668425498
5,4.278535180848143
6,6.74163444959908
7,5.422356115620897
8,71.14680956921964
9,78.49107257970253
10,46.235319060666555
11,30.946056596598947
12,-5.488205349637601
13,264.7945988726886
14,195.551432979716
15,4.067893392551096
16,270.1843228113395
17,2.881401585913831
18,96.90426202489913
19,3.145411400509954
20,6.032712938519503
21,-69.47386162712066
22,58.16245219394815
23,3.5262500306840687
24,2.3891596514102607
25,36.63411221403192
26,79.5451282251104
27,1.3359514306304
28,157.1272678931864
29,43.5557100303035
30,3.4653578524124438
31,6.4184311728879075
32,30.653905695353128
33,47.55246676199766
34,3.984200240479821
35,2.311047061314222
36,5.753818531209542
37,266.1452566526762
38,245.02503170152144
39,65.93147559549566
40,115.45031514623986
41,-51.42059549867518
42,2.6378100000728812
43,5.968195174965803
44,4.551625852423488
45,123.49226561492844
46,39.2525077955053
47,2.612721407466882
48,-92.16352363501704
49,3.99901394907547
50,1.8303808488988578
51,252.67781351475932
52,3.057420025927313
53,2.589957584232406
54,69.67691361543172
55,2.848984050501949
56,4.124152285044247
57,5.5324635410677745
58,149.4091804984035
59,240.72359652960012
60,6.762805920013621
61,2.2402473773749443
62,225.79982559879525
63,6.676978185465857
64,2.6683365405063295
65,2.2628678980764803
66,4.427108896049512
67,4.528282941467335
68,183.88194289328308
69,136.14425676501628
70,1.9409524542815209
71,2.3538348384449113
72,2.1361881905839124
73,27.344720931081703
74,252.9144297596337
75,213.03806287004812
76,6.687701362600855
77,5.840007892670292
78,143.99213848611748
79,270.82254721149496
80,3.74415298755243
81,37.46659891543641
82,4.340277807680763
83,162.8669350887283
84,38.07929612076258
85,30.45415806358278
86,2.2399541224980015
87,56.92014581237065
88,192.8072296671137
89,6.059872834139023
90,5.304667215521203
91,49.31663800343283
92,38.019890749077305
93,30.545101542374788
94,5.051033880670377
95,3.7603358799629705
96,2.8529339598929724
97,7.979177695842946
98,215.01027560298584
99,94.31115573624425
100,285.8502671294353
101,5.900439819292961
102,247.92098767585784
103,2.932207994412588
104,6.908048004562035
105,141.50053075005206
106,-3.6630778779191333
107,288.1024317210293
108,2.6855392405243785
109,188.13942575454135
110,3.339889166741301
111,51.84453062068729
112,2.1741082769183815
113,206.36455406547284
114,6.719904538578398
115,5.2995334729684975
116,391.09669986056815
117,195.87367847326257
118,138.77335604639484
119,236.73675935143632
120,333.79583312550426
121,148.55547761926746
122,3.7847124257620686
123,109.92497966740704
124,260.9111106453332
125,134.28644634352287
126,6.388297129573473
127,127.45453559136902
128,3.7464722629652436
129,220.9752084164232
130,87.97558464462108
131,77.83979131889815
132,8.596156881410234
133,-100.28800938731236
134,304.4000423943682
135,5.9579003458100095
136,1.9902328154854443
137,145.72344044986247
138,5.798871320891064
139,197.47805665696478
140,292.3376859525062
141,61.31499611284073
142,-22.836001135397588
143,81.69783304238017
144,22.401495966330256
145,6.226472393904573
146,166.8350730826118
147,217.12616714443544
148,1.6048324079124634
149,232.0716464509739
150,76.64425079762525
151,279.4599418097096
152,254.17031641636177
153,180.35065883207267
154,9.963921471778608
155,4.370287784466149
156,220.43333592523356
157,129.4740513093745
158,119.22914103113138
159,132.63797996479988
160,6.432144343263841
161,63.715193891043604
162,4.836236648314143
163,291.40040557205316
164,2.9595504672812853
165,20.4259166012167
166,211.4582742440645
167,315.63698952588743
168,7.084036714270676
169,1.849464594778795
170,227.28390945819302
171,2.9809344645759572
172,4.435322058011888
173,-43.60912212692209
174,4.121326259448342
175,5.487171367000801
176,149.67971638833862
177,80.74144688730868
178,327.19345341507824
179,136.82898355208326
180,235.50457392089976
181,7.068898370649129
182,2.4601432258244413
183,309.9634648634444
184,6.7715106618565315
185,1.6374002143430042
186,3.5861133698340293
187,3.3266410573395753
188,3.9964278795981407
189,88.42740916919863
190,4.370315204592149
191,2.4586317508861764
192,34.84842291260175
193,3.059395801054872
194,319.90181352304523
195,100.66242265577402
196,280.9074256778002
197,122.3870473314278
198,226.79065437833646
199,87.19998553816414
200,2.0380459171271155
201,3.2975811534904254
202,82.03012849413608
203,36.691975805989564
204,4.321030846507583
205,269.5193571204261
206,78.73408091562351
207,228.68907687981016
208,131.221790592169
209,70.36928110774484
210,157.07255375318096
211,44.83295185875837
212,111.21816523337849
213,269.69040432763677
214,64.69823208271622
215,20.75329115976291
216,145.81876754229887
217,92.59460791335692
218,150.83061291348073
219,211.33711182900396
220,5.750384556884711
221,219.99480384539044
222,161.60153082188404
223,2.915031731930947
224,191.43696322618965
225,275.3590511230298
226,199.9461894902703
227,34.618970037996334
228,269.536590241851
229,252.00407043700397
230,0.42250895315449305
231,225.21213131304
232,47.27570827099706
233,56.727669209981464
234,257.17636327493653
235,104.77719644726513
236,2.0473901782495467
237,6.396598360057172
238,40.75935169101746
239,6.322807857528944
240,175.6151930129007
241,315.31803655115135
242,230.0090291656816
243,3.9744732251986865
244,4.03126230899201
245,55.99454927535627
246,131.74008327610153
247,137.49170893337592
248,6.412947446020659
249,5.865809719046555
250,59.33109668595201
251,68.78673373396313
252,205.69695699088243
253,7.844877623748493
254,212.31025892282764
255,-65.62413085757257
256,6.395173795645265
257,2.0519548097918014
258,76.66625006064959
259,281.68406895766725
260,2.325792419221781
261,5.722420445026088
262,6.217691906432937
263,-17.60629625153751
264,3.606463343747446
265,3.3192255483629056
266,1.9874115788399318
267,4.190408274118853
268,1.6103544474608222
269,202.66601755889135
270,3.1073554647403734
271,147.17656713431472
272,126.90764877827398
273,4.641252143988347
274,4.728314996082957
275,328.90855477703013
276,174.29113503217638
277,192.51171638976112
278,-64.92388099089132
279,3.8334004159986392
280,192.07323583716345
281,5.095292462786345
282,194.15585117269814
283,189.52315080573177
284,145.40364926593242
285,243.95871486111585
286,147.15867450938046
287,244.26710670257364
288,6.272656840302222
289,135.42918152900717
290,4.920707876278348
291,65.34352184481324
292,4.14049400663561
293,81.31509680480968
294,110.57922485295538
295,5.006305411108682
296,126.25338690116423
297,46.991354646004325
298,-27.55156849140112
299,202.12610083999934
300,5.761165318111582
301,4.02159107831176
302,4.819637299200371
303,4.4991177389925
304,4.0075169411416525
305,4.818407759486635
306,245.36581617126836
307,3.1847305984906535
308,2.962944881109035
309,146.396361450595
310,2.172319424588884
311,2.413984350794621
312,3.4130076735944637
313,135.9411340798363
314,4.041299564530589
315,0.08555315981408676
316,3.119443593282521
317,4.052855358209664
318,3.995809096215812
319,59.78909608469696
320,1.7587178309530587
321,5.927106896422851
322,2.7859348856437163
323,1.8009315232465262
324,2.5904266724521565
325,3.004565698111794
326,4.9346842083885845
327,42.943925702595045
328,4.951923170355808
329,100.02748432180591
330,51.36640331313169
331,2.9169584386226015
332,5.5581406518740515
333,3.3723303693675226
334,6.778934694942237
335,128.50002957537512
336,4.048515070015815
337,2.2923280660705396
338,122.07363946539796
339,29.919146357048664
340,285.3149239467117
341,103.62133821948412
342,61.67771332339813
343,3.413713887499854
344,2.5545249828575307
345,122.31746123717943
346,2.9602354965442346
347,5.436060476103174
348,42.244747860464976
349,-64.11489377654914
350,127.87086000146381
351,242.96845417481734
352,26.584177142117298
353,1.2070010587794686
354,5.939174088644097
355,320.0599282394902
356,223.88768950319732
357,3.172968266445809
358,11.602091478246976
359,4.509333837844571
360,124.25220277283614
361,4.229105753539826
362,5.184946417654911
363,48.98098190473916
364,4.47229753467981
365,5.380217372027602
366,76.8848715372073
367,4.421432248337943
368,246.93741689205763
369,4.8356471896194915
370,-12.89567647453754
371,258.47226217214376
372,30.600227544912954
373,150.04641550201057
374,-13.954742301965204
375,109.54929396742442
376,2.8669768857682807
377,2.906046391940372
378,3.896828959996951
379,3.1593348377172186
380,0.7210019934274465
381,6.110423173323347
382,6.478421566459485
383,168.2407994253973
384,1.7770037695570415
385,3.699587753566519
386,270.3349201325068
387,2.7515044453469857
388,4.040250195068295
389,75.2254248896698
390,4.841159838572517
391,171.16754872661562
392,6.596873120796016
393,3.8143031288712606
394,314.9462436728469
395,188.99367564941335
396,2.4873813439163834
397,1.696964799844775
398,6.678497104408881
399,170.0727698420955
400,238.75795256442518
401,1.7031791374937408
402,6.468113829304972
403,5.548489261323268
404,5.846529192832739
405,11.126782829245673
406,6.9558304360788625
407,-71.44106209630068
408,4.40431539615631
409,2.848173534937273
410,3.5547100751400103
411,2.814231128532093
412,-7.409678544504174
413,332.9717077451602
414,5.78931160521395
415,50.6014058543589
416,2.999897176051893
417,6.768005777640477
418,5.211853559318633
419,5.7145224913683474
420,4.396848840121128
421,137.72644575021815
422,163.00268603978807
423,183.01372150582932
424,132.70035949281592
425,5.786938246495171
426,235.3825802947814
427,3.5872177281462294
428,213.73333760505895
429,3.319469063626068
430,4.435229684027338
431,264.64387809805635
432,141.96964274531936
433,13.266079643594697
434,6.832003096493717
435,67.21084176012302
436,243.16855146967058
437,233.78635224080404
438,170.5190154715529
439,5.923333209802699
440,254.19411585762197
441,195.03434550026876
442,130.13919513163083
443,318.1668651733941
444,5.795585887882815
445,6.658800150499815
446,63.153792157878286
447,1.1891226740893572
448,6.327519750069466
449,317.77042569069084
450,275.04976636149274
451,151.88493759409755
452,233.00354228069105
453,1.785307323349555
454,4.437966847563795
455,130.11475339724805
456,2.5611380152959065
457,4.839111123914003
458,266.23188590023676
459,71.83543268234384
460,16.112787318699873
461,127.93962361740662
462,6.780139947925799
463,193.3146986213524
464,5.10858943259518
465,142.68850863196224
466,70.20957554294583
467,2.073135251651488
468,5.4859671815967825
469,30.806540983759696
470,45.9629122963725
471,1.7821801938835644
472,1.8640189015463837
473,39.303529105120845
474,5.975392186291458
475,102.57718356669501
476,6.553798521664082
477,1.865081879153767
478,4.418504300757394
479,214.69565836959706
480,4.285806073135697
481,6.154766778827089
482,222.71543357644612
483,1.6598295347019547
484,213.33410391298827
485,112.33765666694342
486,4.705466456824973
487,2.479345223697308
488,208.7356555480508
489,2.547348920051564
490,4.668343586274896
491,6.726539124999649
492,3.876059822062711
493,3.891323720821646
494,226.4310614496824
495,5.830565333138119
496,176.15888281068536
497,6.446399900316157
498,6.001844399241797
499,5.4550706180288655
500,5.307410462192458
501,3.391277111050025
502,320.8516947148667
503,98.76950866097668
504,0.29550192195683866
505,1.8105016627676982
506,6.470869222142632
507,327.5635902802539
508,46.149544183603226
509,285.1363083120562
510,4.202360766332953
511,136.87980891018066
512,190.36567301028612
513,233.19259817170047
514,312.49830140888514
515,294.9157396504078
516,235.87057411304517
517,296.29194162528506
518,7.328641619283518
519,48.977933458722774
520,287.44022255304156
521,1.4673027700799013
522,4.005116029813464
523,227.08527216481698
524,4.392094996719535
525,166.21544093193123
526,5.836160375570712
527,4.712332895379134
528,4.046359797904863
529,6.425160237944909
530,257.61884553860705
531,68.06749919529277
532,3.6875804822764446
533,122.30330926144244
534,4.306594168570497
535,6.609087457902539
536,5.9071689675733365
537,1.605112414236042
538,5.101901976572837
539,271.1997917444809
540,252.53922528692948
541,228.1285981660793
542,60.804645718929166
543,106.13036405764541
544,6.2852117921026505
545,4.003812188419733
546,3.471164227791615
547,2.1171967409763055
548,330.4098102899279
549,5.7837074292113915
550,247.99724099485996
551,5.923484046619492
552,125.60483995977033
553,3.9461454486530685
554,76.09753794486676
555,120.15290625283563
556,239.37569390537448
557,204.24356157249585
558,4.589452019867619
559,5.975867172026038
560,162.67358239564965
561,189.10690585298295
562,166.73252255362502
563,3.2631219478867375
564,36.329113389498474
565,172.1440122020223
566,2.985308424387172
567,55.148861050798885
568,107.37965719100539
569,312.57207868338776
570,2.988535888243774
571,206.93865899217107
572,3.4978402308343943
573,85.8644528462467
574,104.74601356208845
575,8.0342613530917
576,1.749236415289957
577,3.1813906083072343
578,164.14111116854113
579,-3.242917048443986
580,292.0298819804458
581,64.33528755640408
582,79.92560575807859
583,5.436454436467076
584,3.0657564345971884
585,162.04289742297115
586,4.607926308195846
587,212.92391016316185
588,2.892154808761175
589,196.01166347667518
590,273.2220299343568
591,138.44193751381707
592,7.054460573574749
593,242.49212071108616
594,272.9846967639144
595,36.29073459803472
596,5.5110505928850335
597,145.97841435528585
598,2.229507471089479
599,76.56853955934838
600,173.62837418373024
601,166.56177329164387
602,37.109723450644005
603,2.082009829036269
604,255.3091731052984
605,2.588202784091102
606,2.517901822804313
607,6.2956191612493715
608,43.355555880876295
609,288.1124064640559
610,42.89174935678263
611,60.31439640119001
612,2.9977842608656693
613,3.346301182108886
614,54.69186254960093
615,1.8588373938399567
616,188.45499710865516
617,-60.241650224594245
618,236.98689840797093
619,4.560460723808634
620,5.240015296782892
621,183.36699886403161
622,104.66068890136061
623,172.55049293932547
624,205.15626213961957
625,2.3772003519635487
626,1.5748730346340276
627,78.09081039653444
628,4.434652532572484
629,215.92673291887107
630,4.475247112825507
631,2.059386235129371
632,203.5513045786782
633,143.73036309346966
634,230.78443327763262
635,2.5171883617790396
636,104.0608814708785
637,99.22540894445922
638,6.690743643617152
639,27.848446789684004
640,123.5902465272841
641,6.836599718995935
642,2.89341696317345
643,293.7214033652322
644,3.3451873492357427
645,83.95668944544174
646,81.19973163717775
647,176.72942343070565
648,271.31715840238365
649,381.6822003274526
650,347.26919777776163
651,121.12115234592461
652,49.19148059711326
653,3.146252723781763
654,184.84432984209982
655,8.886182095777839
656,189.17010940813293
657,188.86047509924026
658,276.0654111366563
659,1.861885640148632
660,132.61733194169895
661,3.9214424464365347
662,123.18619913851693
663,3.809528707571715
664,-50.58540331832085
665,91.20158020602648
666,146.34034849418418
667,248.46183729303348
668,340.7321854363953
669,133.8664622527296
670,208.6606356598493
671,117.70342701588221
672,94.05626926281846
673,4.14096365724648
674,5.51660673887957
675,5.613110791279367
676,6.35130957270129
677,31.688598975183517
678,182.1765881570066
679,4.784133865806355
680,3.0297555858666763
681,1.9132668151543792
682,70.3585405370806
683,6.273650759563495
684,173.03804034712033
685,224.84549150593392
686,5.964042391234123
687,374.29106572688494
688,78.73414724028763
689,95.30536589495371
690,342.8093858908244
691,3.9487132376877705
692,80.64892177630945
693,5.25108197646143
694,7.147350358511253
695,17.158940169728815
696,280.37547469222267
697,0.9481782551453908
698,222.38524491278008
699,1.3800797448899824
700,246.5806765805984
701,3.5073564202811283
702,3.197008790542282
703,59.236250944941816
704,88.61812555311607
705,179.55217080832054
706,171.36204314488867
707,144.19505698330872
708,61.69158209345458
709,87.28764426538923
710,204.2689443776462
711,236.2614395897113
712,7.866409597805285
713,-1.9490353854327722
714,6.4070235716141095
715,249.32435295967466
716,3.0147785522601285
717,75.3045845700014
718,369.7534590092591
719,208.90254065832508
720,4.250542310430559
721,148.09937562598427
722,2.590768842073906
723,6.375410414435927
724,2.1300284393683233
725,2.7172083873557744
726,110.3224074919601
727,246.26765851294493
728,36.66404204795972
729,72.53988369041167
730,34.12066288031597
731,282.7268710440481
732,4.7330398817975174
733,6.588985718411959
734,19.03858433171614
735,247.97977101825205
736,58.35937787364677
737,35.740969438293035
738,133.86565686416148
739,297.9903096793716
740,138.75907939932665
741,31.41042108938735
742,263.0324640179174
743,152.62463033577083
744,1.9837457957183684
745,293.7787956333427
746,178.90764411426477
747,3.722742516690286
748,65.52337454903734
749,89.9919039613288
750,193.93916460046793
751,59.502212018832594
752,249.0705299622727
753,1.7606325364522344
754,249.02256408418768
755,6.446837960613736
756,5.963689898403154
757,209.5970204165403
758,1.8415518477954969
759,87.06004491885885
760,9.386691862970189
761,229.15362432226206
762,5.060541673165214
763,2.231510550534779
764,63.99375900568845
765,4.40177530856004
766,37.090738003775485
767,0.9427910608070742
768,5.008613983811589
769,5.7752179962966075
770,2.1571333626951863
771,261.7510085508954
772,73.44099855474217
773,120.34442513937917
774,-14.432011393885576
775,31.97635632240364
776,4.264506971469944
777,229.89189806705056
778,-16.193175712906605
779,167.76090250179544
780,70.76502942805949
781,313.6156670545531
782,3.677147862094256
783,46.63927435108528
784,2.6824994798772313
785,41.76131480918075
786,149.47519794087523
787,5.526316477218215
788,1.8569218712959026
789,164.9076267899172
790,83.26006647113586
791,-14.355969917229892
792,113.94638527914904
793,-76.56356770487831
794,321.9419188640199
795,-60.80238708868029
796,123.66643915073836
797,3.3269150332600854
798,56.79829420483233
799,3.1512071926624965
800,5.872461013966228
801,227.2293960054907
802,84.22895563189327
803,171.0274712087517
804,6.631864571925345
805,2.1062258475130826
806,178.34575703957194
807,2.642778973513435
808,69.96637644269494
809,1.5983391992760125
810,50.93449222926935
811,253.44714383727302
812,70.99634098298696
813,269.7532016823718
814,5.879271241306417
815,4.648340802592817
816,6.794641225778754
817,2.641776420021703
818,9.069032288732252
819,5.096434440427253
820,68.06380194842205
821,5.570370900651868
822,2.0069460222861086
823,37.06227664335617
824,70.31266524334819
825,6.659085362400387
826,78.90547858417675
827,4.014375363050619
828,6.320082494410842
829,54.832883636468715
830,162.2836879601684
831,106.21458012340533
832,6.0589748471531
833,264.3021761536279
834,190.90261054586134
835,123.15473159613549
836,2.323721976674404
837,48.337339736393446
838,167.14819503496528
839,5.848981897040523
840,205.669418100917
841,151.9034724437462
842,65.5320335899222
843,2.9785984494810807
844,3.5566412225745037
845,5.346786172102416
846,5.613891970539353
847,5.5885366310913245
848,148.07667591018836
849,6.380772464343205
850,86.26477151818827
851,5.532466204310498
852,29.714008849750122
853,94.34626730729444
854,1.5434103813215732
855,6.7811185943453465
856,242.02829445537316
857,94.6908655301697
858,75.53865014128955
859,195.64868357198552
860,2.0982035588900474
861,3.682093043610286
862,2.9167639967992245
863,113.78008927914026
864,251.7341673152646
865,262.5062093065617
866,209.84645773827833
867,5.493569941498663
868,125.59610036775848
869,165.18766267830992
870,128.4972638407242
871,144.4918772758634
872,161.75210357598917
873,2.8318937539924587
874,76.21083265893259
875,6.628392500571033
876,104.52196079989868
877,40.92375073124772
878,120.48410450021373
879,5.1096854700117635
880,6.804199517176054
881,163.3277350337445
882,6.004244625477893
883,249.57737577276842
884,5.912278358921972
885,168.0177477442501
886,69.80622313029747
887,2.3263677620095033
888,2.142139725902728
889,248.2054093255703
890,4.175873390195716
891,2.7645074897273667
892,59.22105166266032
893,4.86008730924622
894,-24.01487198323767
895,3.560956739002146
896,217.07115905142643
897,2.5052719379708535
898,225.45056378096194
899,-49.92157037307075
900,249.58617261128978
901,3.932389301926037
902,189.185439717641
903,5.173950805759975
904,130.95865890376035
905,1.981105366436597
906,0.8031269808211552
907,219.09226095956058
908,30.645491998387907
909,89.16368808404127
910,2.5615719339938745
911,6.752473774136014
912,302.4846050971593
913,126.69886260863285
914,293.55824144716166
915,112.65609065177138
916,127.51132163156485
917,-4.5259600548523355
918,2.3139421347221556
919,3.142594548185912
920,399.143246636476
921,139.1312781526572
922,209.7575497273765
923,2.328658585132259
924,88.65436077121633
925,180.7703665895428
926,52.79370760922256
927,57.570978237335176
928,5.30373339410119
929,24.55433623827298
930,13.631045541624992
931,221.8319355804626
932,185.79341563171215
933,4.899882199242884
934,2.104371767664384
935,207.9540326637682
936,39.250557352499925
937,4.0392577372589304
938,4.659641574706819
939,130.3041541059208
940,1.3453789902261484
941,5.816220932679574
942,4.722154832446456
943,109.80028128279713
944,4.320700427187976
945,2.0123238181759535
946,73.14123469748739
947,49.641705377861186
948,40.31618360343317
949,226.65465663399812
950,370.00846322410297
951,15.801612140535422
952,-21.88698992870713
953,6.3042560675072945
954,253.27070754681193
955,180.17619173562477
956,134.17765203640855
957,2.1604483551745055
958,3.141025905857457
959,210.04871278273228
960,60.22538400169563
961,157.9433684447686
962,2.8835084830540945
963,6.39899426669445
964,4.985063604907334
965,6.598982511221685
966,3.8948726068811017
967,45.465118761511874
968,160.02550734310154
969,197.34229407183633
970,6.282142051419091
971,377.3629487434675
972,5.499476240556742
973,109.85308954377432
974,5.230451784169686
975,4.460720507866543
976,5.293268641423509
977,179.7136979931765
978,298.74154401320203
979,2.4735935836108536
980,1.8611042137751537
981,-16.549230933277084
982,43.71066109110066
983,309.79223532803104
984,307.3950387744626
985,253.67919570242927
986,89.42881746359045
987,3.5102742325369154
988,237.9306836566358
989,331.56611180426796
990,125.21346234240956
991,3.9794295502747317
992,311.6565930048746
993,194.6065654151654
994,3.2173063462046367
995,-11.575345930227009
996,36.69977198647308
997,2.0915757343805357
998,37.313133958040986
999,80.69336188751979
1000,-36.600498997561004
1001,284.5058732709334
1002,171.28231552353844
1003,5.662603130737043
1004,1.1200267508675046
1005,1.8459786598778862
1006,3.8628472169361174
1007,149.63394724727834
1008,1.9428662839302409
1009,7.297359342921453
1010,45.2398726481556
1011,259.89392239431453
1012,10.534806890272703
1013,224.02594107834028
1014,57.549537045210954
1015,234.9919823447011
1016,6.628746592840794
1017,5.048152316458109
1018,3.433079408918376
1019,6.121769766061308
1020,4.2597098515663046
1021,145.6188522660459
1022,82.76131998337249
1023,183.5417688796923
1024,173.30942034987697
1025,5.321678140127813
1026,3.6494009527992595
1027,4.951950648180289
1028,84.04709464001682
1029,3.8185552074474565
1030,24.762444339906047
1031,292.7087081008465
1032,3.037227668814403
1033,2.4024174876427282
1034,238.55054237140354
1035,1.8591162458004475
1036,235.8839488286103
1037,6.754007978150564
1038,55.427401242336025
1039,3.4818801109492274
1040,-1.945634149761994
1041,3.049542348377862
1042,4.33504520405863
1043,3.5517357392454314
1044,329.17500765995237
1045,141.90076375028983
1046,34.64692835419432
1047,207.8666130310797
1048,1.8707442629830873
1049,3.347152639347597
1050,5.094669322344098
1051,59.42754713058506
1052,175.81898476236336
1053,260.3246691998665
1054,6.419279583408765
1055,33.80463250154247
1056,30.534826933719334
1057,4.500178779303816
1058,2.8275021120039288
1059,2.757848080069931
1060,127.760946190013
1061,3.246239919701334
1062,5.781991073401494
1063,300.28325023002793
1064,229.18351355262706
1065,55.36304667412382
1066,270.6665605737334
1067,264.9826367128438
1068,5.4016907620073455
1069,4.462370712933709
1070,318.80053655257836
1071,171.6922411202541
1072,5.698945273647298
1073,2.8525420705090756
1074,6.250263026596433
1075,4.844881846335456
1076,281.59629659080264
1077,6.180346289103169
1078,192.3910947939322
1079,2.997987904204248
1080,2.613355832412479
1081,5.8801555170245425
1082,4.059682820970451
1083,3.4232133046006283
1084,6.202400213930238
1085,142.1873645412427
1086,198.37293375967684
1087,53.689815317441536
1088,285.828029382734
1089,8.318668734761008
1090,129.33831530435396
1091,282.1977203391735
1092,5.728606910279227
1093,3.7916753936467598
1094,6.564097740228914
1095,3.059169534795572
1096,2.673197460600941
1097,4.678751144798533
1098,83.26437291084623
1099,121.02869725980182
1100,5.484117541684671
1101,4.8471496830196115
1102,5.928942509391313
1103,258.91380351416484
1104,5.248720060616139
1105,116.63519583459616
1106,5.328310358025957
1107,6.245998563422097
1108,20.59613082827579
1109,107.37045033521602
1110,119.69249915169488
1111,2.9012726524962966
1112,218.75054487806113
1113,2.7048607116989234
1114,165.37224302448666
1115,-12.903374344774859
1116,5.757302067975157
1117,292.02737569343435
1118,285.84941273178026
1119,4.771264122734432
1120,48.945446000666934
1121,9.570412977934193
1122,227.919883620402
1123,3.38936743327025
1124,183.8191361917948
1125,3.017366676175427
1126,71.59421380194503
1127,6.320216779149688
1128,-50.730033054837286
1129,179.85184533852677
1130,5.805450308317891
1131,45.582396998564576
1132,3.9395361014079375
1133,-92.48527163153989
1134,175.765346071388
1135,199.39362555343632
1136,-53.42999255861691
1137,4.350128670924373
1138,40.49515647223001
1139,99.0996630742831
1140,127.68776020557286
1141,203.21409743455456
1142,158.2178362125709
1143,44.772447248925474
1144,-53.686949999649876
1145,126.75089611547908
1146,35.07199801122621
1147,4.662795189352861
1148,106.92082517726425
1149,36.845420099221265
1150,4.350159444514895
1151,1.231176303380903
1152,4.148271212802688
1153,4.202210911888006
1154,33.348763731762666
1155,161.62903503105045
1156,6.759814220017652
1157,82.86835255683373
1158,211.98326513053237
1159,116.29140832706193
1160,139.8473878492936
1161,1.7450142275990956
1162,5.306553488198643
1163,5.659311636100454
1164,4.86883836804445
1165,194.91096300309127
1166,49.289336953353995
1167,-24.443285786126093
1168,4.868358894214927
1169,157.15287997203438
1170,4.883458487167513
1171,4.444555897248843
1172,-7.179632816596982
1173,3.6375820656577234
1174,194.59219577265563
1175,-59.83607071885253
1176,232.040348605064
1177,2.1543221209911687
1178,145.1366887423529
1179,2.2613487538607973
1180,2.389926052093482
1181,1.8024017534490466
1182,150.45995716841531
1183,7.045089896488038
1184,3.7841236936425626
1185,282.3151121601126
1186,130.021990509185
1187,4.093781851876479
1188,2.7276762445229994
1189,159.12173574356876
1190,3.6721058620513713
1191,2.9273532475993336
1192,4.897105856812414
1193,158.3817253604257
1194,5.599285696777521
1195,1.8129004337914314
1196,273.0574257954577
1197,84.44245992372299
1198,3.3282553760658704
1199,270.5519046722149
1200,65.73819696029474
1201,245.03304932878567
1202,74.03326760038442
1203,3.346299665526921
1204,148.48792427643448
1205,1.7715823035329583
1206,157.07586926296412
1207,121.32639472137076
1208,250.183668005097
1209,258.477657426842
1210,194.0609277962829
1211,224.80666621351128
1212,5.704750090338355
1213,4.067348461001062
1214,194.57494307069808
1215,122.25082579100106
1216,245.85683049104256
1217,188.3277002915858
1218,-44.73379701387401
1219,6.089954006272964
1220,5.786632430789238
1221,244.4119152383617
1222,5.855042656537069
1223,2.24550299765564
1224,3.2062164378096534
1225,131.0043481150077
1226,1.5006902274505878
1227,4.635502140406169
1228,2.434640430041894
1229,39.426681297171136
1230,106.8217183306626
1231,237.4962103498106
1232,1.7332658868517485
1233,-20.21732665807507
1234,3.094752048312881
1235,14.222877060807106
1236,260.66048118234175
1237,3.7524640849359088
1238,2.5180783140202165
1239,1.7500259263742781
1240,46.62148756941912
1241,2.171578677443904
1242,4.458449531109704
1243,4.921532438223746
1244,176.9481716459804
1245,4.314325739175673
1246,264.2201457496308
1247,5.254860519367014
1248,110.89408651670803
1249,141.59416920121274
1250,7.303347289215472
1251,25.130171531219744
1252,5.792829137998791
1253,4.039148877514468
1254,4.342624811319299
1255,27.646218941440633
1256,71.35393567906495
1257,145.48061463709905
1258,261.7251337532738
1259,36.09456075071282
1260,267.98359815312324
1261,5.630036495364932
1262,5.359266891609565
1263,197.43179271923475
1264,2.3317810605193046
1265,25.9021346724034
1266,131.93251951503856
1267,2.1270986457968024
1268,6.336272609883649
1269,265.1238988293031
1270,-59.960278285627915
1271,269.57909250556645
1272,53.03456292913444
1273,8.045376787182075
1274,220.3844396592192
1275,201.7572592614467
1276,43.01247267996077
1277,4.265003000350239
1278,1.2907207324371288
1279,4.050328582917851
1280,-57.86026464353493
1281,3.785151272127372
1282,112.49642014458183
1283,183.1192252816247
1284,2.5778409517780676
1285,-53.15501214230432
1286,2.936316417983462
1287,51.448925985518976
1288,114.65158981218185
1289,3.979485003341623
1290,217.51526967832325
1291,3.271619401188465
1292,37.90940593198977
1293,112.9115336929976
1294,258.564160999493
1295,188.36502043947945
1296,6.152936508281197
1297,65.68139533046092
1298,-12.62673782758402
1299,5.993347099087729
1300,183.3559815779085
1301,254.42080529134267
1302,206.74453185340687
1303,6.0976848341600975
1304,3.448569717947904
1305,5.053985482860149
1306,52.46693618352509
1307,150.9376658270053
1308,1.8608549484167356
1309,4.988263407265812
1310,349.7079505954835
1311,2.6051515703434767
1312,7.0495122731902375
1313,45.78818885536483
1314,147.82636997188175
1315,218.8344466161873
1316,258.61679191855677
1317,69.34277864437531
1318,2.3082960507267627
1319,223.5563593464175
1320,272.17963280269663
1321,16.263119701016937
1322,51.293182736018125
1323,260.1646672818855
1324,223.584931509226
1325,44.310856590799624
1326,69.57035324615954
1327,227.84749846404543
1328,3.425186569769594
1329,5.196748719660142
1330,132.39537785011603
1331,-20.752288032130636
1332,302.0059492502094
1333,1.9550212180160484
1334,344.5393284101451
1335,1.8292560123983823
1336,105.88172654443318
1337,32.20611472594233
1338,247.55619414926636
1339,6.358559948689336
1340,179.36429563818507
1341,232.66655651553114
1342,208.07378352041243
1343,45.0325289942233
1344,116.9541970313718
1345,2.6080712479723953
1346,78.62943654266243
1347,100.81521489518316
1348,3.083478072779515
1349,213.5981395659632
1350,35.50645546582476
1351,221.84002079987158
1352,2.433329461754942
1353,9.898582230146966
1354,4.762508272594052
1355,6.364047170591861
1356,3.55847931978
1357,7.00545234602548
1358,6.677437805143732
1359,1.6813580356965916
1360,301.1179922810678
1361,4.713327513648281
1362,7.353002783371495
1363,67.53278602303556
1364,3.726388707748636
1365,5.9017852326907025
1366,6.7762535570561235
1367,5.980280970106426
1368,8.851116182375412
1369,190.2874787726081
1370,285.1834265461438
1371,227.4124590804323
1372,30.822197036678915
1373,3.637783448125954
1374,192.83618077843747
1375,136.76923235607788
1376,5.428508664783763
1377,4.956932030041469
1378,117.50627558595556
1379,80.92620466364089
1380,123.68759336829886
1381,242.6649876623429
1382,83.22731355879738
1383,49.85115243674352
1384,-9.838997868310834
1385,159.64075185933658
1386,2.160598463370722
1387,63.294053036626686
1388,1.6820895250519876
1389,207.62711345424526
1390,176.8535092869606
1391,58.027684007251736
1392,51.45560039551202
1393,265.0802000963505
1394,-9.118130185765658
1395,47.151428013408655
1396,182.23260484286203
1397,5.3970894387809265
1398,196.71651152159865
1399,1.5900754169309186
1400,107.73171448690702
1401,337.5435223079695
1402,56.375930059105904
1403,305.71426726836637
1404,91.40697951169953
1405,119.82281383332162
1406,1.9099662810858513
1407,119.8128381052898
1408,8.125741155002924
1409,3.776749112127893
1410,265.3339235170607
1411,280.56543768522215
1412,-38.301716956103895
1413,133.23744358455957
1414,264.8655830665254
1415,2.3526003611176023
1416,2.4521722685512155
1417,4.26126816989082
1418,339.06210697623317
1419,150.41372412209012
1420,4.572406478486359
1421,45.89494314723473
1422,6.654982087869192
1423,3.3807057865395684
1424,5.559086132276815
1425,2.0598167502550657
1426,-17.68097227285015
1427,3.6711451643786326
1428,4.595671817312662
1429,3.1831614771638157
1430,4.140398955449085
1431,6.515779222928881
1432,154.48407350989189
1433,2.814662532922116
1434,6.110124735650175
1435,5.066202007051109
1436,-57.21888362879426
1437,159.85334917029064
1438,116.60018299498827
1439,6.244596199606877
1440,2.4250468494793687
1441,133.99641649007134
1442,185.8508594714924
1443,49.053690407199575
1444,5.909044506680391
1445,51.71555857535658
1446,287.0876435485899
1447,236.01688505390064
1448,-42.4373445814024
1449,5.911570357088285
1450,270.8523889214325
1451,166.49424580165112
1452,4.692113664832667
1453,4.711874968543027
1454,170.9831661764431
1455,69.89862689404511
1456,-7.068343019323143
1457,7.677873884893258
1458,4.959310316306096
1459,317.56925605502255
1460,353.4692597549181
1461,160.67773053978704
1462,-29.286758577485713
1463,87.71979673563438
1464,5.864226133877708
1465,3.1953052736846663
1466,235.26148245266214
1467,5.747804198267576
1468,5.6012928659859185
1469,33.40745675898854
1470,3.456010185680733
1471,21.89207190521053
1472,6.744865448362473
1473,2.6773184159731156
1474,248.9917002834979
1475,104.34625376100429
1476,6.77402513111456
1477,2.414414190655377
1478,156.13830163621296
1479,4.664788387015497
1480,109.5017442975286
1481,5.815937033884625
1482,150.7638249951003
1483,6.13642261701263
1484,247.37164651820768
1485,184.978394134593
1486,6.545132589399055
1487,3.793935814621226
1488,85.07382062176336
1489,-3.8390810606468286
1490,87.82803124875554
1491,3.077610569137404
1492,2.0394951614688135
1493,8.081910939046011
1494,5.400198010641174
1495,33.846790295235635
1496,8.289090970108077
1497,77.7793657799042
1498,5.914262464931974
1499,86.18316339217284
1500,6.89155912992224
1501,5.736132421978835
1502,71.08875083327027
1503,5.662149080203008
1504,2.0494439604894628
1505,4.82370034640858
1506,207.29821105358036
1507,54.56315400825164
1508,102.79395344146165
1509,61.633649417090915
1510,3.372764817726927
1511,-4.198593504531217
1512,69.59524037001806
1513,4.919992589885179
1514,288.1141608608759
1515,49.846407488142574
1516,2.4924185984654406
1517,362.6896675213144
1518,4.50719240213098
1519,265.2782301364331
1520,5.82249037016726
1521,54.85056479712243
1522,4.890845009604344
1523,2.7801608204251913
1524,104.2673512276761
1525,-25.370615461615074
1526,2.2060893673999815
1527,6.017200055084198
1528,3.6219603285653195
1529,211.7028242411362
1530,288.5789470535287
1531,3.3103510976392014
1532,5.7150262304064
1533,3.6581871057557493
1534,-2.9373830382274457
1535,85.37164635704234
1536,5.45716806888744
1537,2.580183481676851
1538,290.50342386451166
1539,176.22108460480018
1540,2.042863642607052
1541,137.4667408241525
1542,3.170854575048479
1543,20.66721047201985
1544,7.33976010262099
1545,3.503855898144461
1546,5.80659473249317
1547,-37.96378772547626
1548,213.50727115931028
1549,45.1325578813064
1550,2.94999158843488
1551,2.2901215913938016
1552,236.99339185225537
1553,7.401793651968707
1554,299.7890734164836
1555,150.68405840240905
1556,4.0114338697882
1557,5.484745497845199
1558,3.478986046187588
1559,241.79571841946813
1560,191.71085680291378
1561,199.84734280523327
1562,238.94080906185508
1563,79.65564105829628
1564,3.4866470066864976
1565,90.44118980365283
1566,3.6802788355889122
1567,-4.227006670383358
1568,93.22291138405183
1569,15.683082049105703
1570,275.4119809054552
1571,3.477213227550369
1572,88.50211752691891
1573,2.357392399412984
1574,4.323449319882817
1575,5.87041495616651
1576,4.0439759990349735
1577,5.754059493083826
1578,90.74139659508738
1579,5.02430187993452
1580,186.21612921438143
1581,220.6016403828534
1582,6.773384225045679
1583,290.39004395256455
1584,305.6802899136081
1585,6.2334974903363705
1586,4.690071067385921
1587,51.04047596271267
1588,296.94023169643
1589,7.350718517507841
1590,5.997924892781973
1591,151.03344148660807
1592,7.541901219994772
1593,106.32708138328898
1594,145.53831649971792
1595,121.57210140341897
1596,5.43379073910372
1597,65.7816299016759
1598,6.741195485356259
1599,3.504770952101418
1600,4.454494210327805
1601,2.3578256541957736
1602,6.177724933386591
1603,286.1961345815524
1604,37.6253170729567
1605,105.56785160526505
1606,270.96715500515336
1607,12.453670858807754
1608,3.370935719465033
1609,6.524939192609007
1610,3.0940020615922674
1611,192.25839374310632
1612,89.37278874444937
1613,2.66033109508348
1614,262.88148181841746
1615,5.782568771641675
1616,4.1107064371710385
1617,201.51251725560738
1618,225.87300937074116
1619,5.301880713218513
1620,55.335752237241664
1621,2.1198287871688013
1622,2.5779555915155257
1623,2.545812300210623
1624,258.58370459172306
1625,55.261465117711694
1626,1.663562839945407
1627,35.6847268962213
1628,3.8195210962793986
1629,218.9726965517723
1630,91.30459168249774
1631,2.20872669711945
1632,295.0592900936937
1633,4.930109077859639
1634,-6.465192034485559
1635,3.448977206957599
1636,4.551832421110668
1637,7.342104617088402
1638,220.80203315625158
1639,34.54550372959158
1640,4.635262101927174
1641,324.90394366543
1642,148.31559474549576
1643,188.22410831743116
1644,108.75066372751614
1645,186.86989919876444
1646,5.726637559724598
1647,6.452336948190024
1648,42.31302549043983
1649,4.244731972759491
1650,85.60058361046003
1651,6.5299132342396815
1652,6.100253004075237
1653,219.1029695605286
1654,6.68784332686316
1655,324.4184551560924
1656,53.44625139839629
1657,1.1589635038814259
1658,270.73119516600605
1659,2.1235254024945385
1660,5.574831427967681
1661,6.605532282931049
1662,191.06702677542347
1663,5.937739322471284
1664,139.7327517870034
1665,1.0525800561278487
1666,112.39198409008111
1667,-63.348758263693796
1668,255.6783643247258
1669,56.492244687102655
1670,2.141935127012897
1671,2.418715524877392
1672,5.375556930843921
1673,4.565316463630165
1674,117.86722814560589
1675,2.1456074583926887
1676,-63.30145023926738
1677,28.420331679893973
1678,0.9949089868116738
1679,233.07762743306358
1680,87.84215833151075
1681,1.404932343957797
1682,3.2261640434363956
1683,69.38642919344858
1684,23.001029173390567
1685,6.736112871093773
1686,140.40574721815034
1687,7.647279931162237
1688,203.09834650414462
1689,262.40365250613297
1690,3.177027215322805
1691,3.7747293431198177
1692,3.891010029528605
1693,2.6235316815347485
1694,75.4758481625063
1695,226.52269154929658
1696,117.12638671216797
1697,2.1147815792536653
1698,212.4730482296407
1699,182.39627404138065
1700,112.79890840418162
1701,281.4535843201767
1702,-109.69679198217274
1703,5.880134325139152
1704,4.7870495724516005
1705,3.2032253513502447
1706,78.74031773998138
1707,4.824923427957235
1708,79.7397145173967
1709,126.94533075658988
1710,6.340911804555768
1711,76.5162914640076
1712,1.8714632354447567
1713,5.833042111150931
1714,-60.72989098569472
1715,4.988519740785773
1716,3.0396232150239104
1717,19.343142414771897
1718,134.16597792199448
1719,20.833892424236293
1720,6.337836720478982
1721,250.37436961157402
1722,3.6880718193884574
1723,158.75899197753924
1724,138.2646957678452
1725,2.487450313296462
1726,4.1798810278645515
1727,257.89453903514203
1728,4.285309431821451
1729,3.534417995324316
1730,58.616081737405864
1731,211.40371261094415
1732,4.687325985046313
1733,376.46411659012017
1734,270.33133588640476
1735,217.93350231807383
1736,3.395052564918034
1737,302.48690496448745
1738,291.61834953352695
1739,197.08320856636365
1740,94.6693062738323
1741,144.24139023720116
1742,252.10231503056912
1743,5.2670637888506056
1744,126.77492593768342
1745,26.486305335663985
1746,3.552426251638623
1747,6.927810043289792
1748,197.003444345048
1749,3.332621939483768
1750,75.07138460672492
1751,20.805630240242177
1752,7.274833777991812
1753,5.995298311177521
1754,279.00761065917357
1755,225.2027493524153
1756,1.8564102040513426
1757,227.82151023892305
1758,344.90905844051616
1759,4.7996039391786
1760,287.88180553219917
1761,258.25942611600794
1762,20.843766818078002
1763,40.745247335253595
1764,11.119925999663723
1765,5.001149071156072
1766,241.51508618145002
1767,173.15576206707792
1768,4.465312236808006
1769,96.21987809495123
1770,50.226265016010636
1771,2.9923867894844705
1772,212.4642835338148
1773,244.39335964970965
1774,6.716923572875729
1775,285.4148204907859
1776,2.8124755574050533
1777,3.9390861059310116
1778,30.786569859496623
1779,-20.07253770530919
1780,109.1048506496255
1781,5.765634308125185
1782,175.08823340082998
1783,231.45815168692684
1784,4.010331216335321
1785,86.75105304086753
1786,2.8527530278356594
1787,72.64242159300477
1788,5.102549757185056
1789,2.4623756704411917
1790,41.31259419033238
1791,4.474081347525712
1792,2.528489263050864
1793,1.9476216202098264
1794,158.1406534050163
1795,185.5331478492843
1796,277.60975052657676
1797,137.24228683501667
1798,6.905469892571377
1799,230.06337887961163
1800,138.1643702664573
1801,5.102500978122516
1802,2.16441175709558
1803,141.18356391100602
1804,3.766012404263406
1805,176.47291505709967
1806,5.851827999181052
1807,279.46335938092017
1808,171.19872034357087
1809,71.11271809620177
1810,4.3192683978350015
1811,2.698768028353154
1812,21.13267674914629
1813,3.745073527877392
1814,183.58103703052245
1815,257.2075524946442
1816,5.628233936766892
1817,127.85797157209792
1818,55.0770355463981
1819,229.13300480198768
1820,8.22680698174801
1821,3.3285690013144595
1822,250.3784682843456
1823,-9.654297601028414
1824,41.12857633096046
1825,2.296522255179576
1826,6.043910085364274
1827,3.6232579302175543
1828,2.1373200233140737
1829,204.5514976144559
1830,228.90130680058914
1831,6.872762877498841
1832,52.07733093816954
1833,3.7763536960405637
1834,4.3865492776615636
1835,100.211826755144
1836,6.5892024680978345
1837,5.851807787205468
1838,5.910468494773649
1839,133.02316127377276
1840,-31.70115365955204
1841,-89.38611527827987
1842,243.1759158305753
1843,173.25157752212016
1844,263.42935544503644
1845,146.50541175827948
1846,33.605057411257235
1847,274.55595865134
1848,150.54643646971658
1849,3.808538800892431
1850,6.020601498954508
1851,-76.4111148043252
1852,6.46623790602012
1853,63.90338003110924
1854,88.1901840182647
1855,5.23079695826043
1856,202.03070950377554
1857,2.5897635276641
1858,5.109655744954631
1859,6.071479029179237
1860,6.053828787988149
1861,152.40478277178286
1862,6.302643268551836
1863,77.39801954001555
1864,62.613608338556126
1865,203.74324322378396
1866,124.47521859400561
1867,86.81336705310478
1868,275.88377753346396
1869,152.6913312403955
1870,3.3804192686047
1871,197.5157489738005
1872,54.693248740399156
1873,2.6457989261996735
1874,22.046490193462557
1875,88.5018288217915
1876,3.195970031975551
1877,2.9040088742966788
1878,58.39634057517627
1879,50.73218685379991
1880,278.9953334548173
1881,6.472937894267189
1882,90.07660659711426
1883,7.021869304727687
1884,80.24317177740082
1885,313.9193118145331
1886,267.01358934369483
1887,2.9758334340194366
1888,227.55139318081552
1889,238.75602431752847
1890,2.243958047079289
1891,245.76160160819427
1892,207.76539899268045
1893,4.289620169056248
1894,1.9743156712018692
1895,15.913908100493678
1896,5.902000182513268
1897,49.18109863258266
1898,-71.25192143235631
1899,2.866498878819904
1900,5.832454082500829
1901,265.4329952692426
1902,223.89203787144373
1903,-61.45054950785409
1904,66.77221177897472
1905,51.60601574992276
1906,181.8227506791946
1907,6.816225941593597
1908,5.9952205857177665
1909,107.62558399568152
1910,5.7153677051726
1911,5.06590429829525
1912,3.9518613433481438
1913,71.04295193802731
1914,-18.97980177182887
1915,7.54418738784205
1916,0.5975032566641185
1917,3.2017828786600635
1918,164.34439790430707
1919,4.882597331643888
1920,4.649471744267126
1921,76.06229645358415
1922,3.1284382835118176
1923,6.347698738001255
1924,2.6998246739480143
1925,4.531280865486502
1926,97.33963053720805
1927,146.4988760182295
1928,3.4856772219274976
1929,47.21691402684681
1930,2.5388661851150753
1931,6.053232719691968
1932,4.798520087922294
1933,2.750042160141362
1934,246.1204098084791
1935,6.362822099977776
1936,4.716842872957937
1937,19.03980573549444
1938,-21.09222041878346
1939,2.638585411371171
1940,274.88626816049236
1941,3.5177897309056725
1942,219.38728217474196
1943,3.703738982995692
1944,223.6122977339406
1945,293.1801527892227
1946,5.950701802293366
1947,112.32109091213195
1948,5.49484980860752
1949,-2.298493049086
1950,33.138330985243726
1951,2.695941850252066
1952,47.160227420679675
1953,420.22500173108864
1954,2.855706968827295
1955,109.02058088351238
1956,2.000929473827099
1957,108.90788046617433
1958,3.396781132092444
1959,171.22527186612203
1960,67.54000074789147
1961,1.0639649991248703
1962,4.062291351271757
1963,3.1499647152451393
1964,4.987143387537853
1965,101.01176856486275
1966,3.703123143298624
1967,4.81994975578822
1968,272.43431084068555
1969,39.71292838029958
1970,5.632510090239954
1971,1.7455877219230937
1972,106.1746320569857
1973,-35.23244645227713
1974,2.4989442539273132
1975,2.881210560082176
1976,335.19275450097473
1977,1.6991220739532444
1978,214.20939708096077
1979,79.46686264534718
1980,269.4999042230348
1981,184.26242902104812
1982,112.64310307757283
1983,75.25180411272746
1984,8.89179411542966
1985,4.700354680927662
1986,3.7361678171644597
1987,6.120040042410294
1988,1.1878984768445062
1989,6.2011749994800835
1990,4.707416391600364
1991,7.086203491221875
1992,4.001853433635417
1993,34.610129071754216
1994,1.838819763634589
1995,102.18477271116015
1996,3.9635593298687195
1997,2.587512259827265
1998,5.634190451134748
1999,301.9515233453823
2000,5.877776216308798
2001,288.98788671493764
2002,-57.201625272654425
2003,6.656827150408605
2004,338.0969941659412
2005,72.30426113369873
2006,4.757536734209116
2007,46.7633103317829
2008,228.88442831116475
2009,140.21843956258894
2010,251.73619559714652
2011,5.565819224714683
2012,172.80640453306174
2013,-34.13179710640923
2014,279.32952334598275
2015,185.3389635388107
2016,34.86156476513668
2017,3.0212384698908576
2018,33.4890325140981
2019,92.37085414110997
2020,6.7829757673533075
2021,4.498923605659662
2022,184.53356200087603
2023,67.79368560252324
2024,3.071140055578828
2025,3.953205879795849
2026,80.17747323968686
2027,5.913506646014886
2028,6.329523173073565
2029,47.26046925247031
2030,302.6251393289794
2031,66.05813691740597
2032,290.4692870538659
2033,221.3601767323844
2034,2.537748266555157
2035,68.9159675541534
2036,191.9990159898516
2037,4.687853586670777
2038,3.231098828719784
2039,3.09632588552767
2040,142.26180883725488
2041,256.399251339056
2042,4.1027317742939
2043,180.15209470813593
2044,2.376458288413725
2045,97.952960543354
2046,281.02983449571315
2047,5.538138916694252
2048,-45.73341978127811
2049,1.679541380437696
2050,361.62214015100346
2051,3.6847536093763207
2052,3.162710575641403
2053,236.25320280662302
2054,4.7690696125063
2055,3.9172698299534594
2056,-42.42850972550487
2057,198.3605307206443
2058,-19.91243731905455
2059,5.249140678147772
2060,25.005547963127555
2061,2.294273350154247
2062,161.33885703332803
2063,3.660257745776301
2064,3.78958235948963
2065,3.4020625340165815
2066,2.0557037902126463
2067,6.466146476193871
2068,3.5204093198303235
2069,1.9179467009797768
2070,281.49994702049696
2071,294.6824726360148
2072,4.51565729146448
2073,208.75384607132483
2074,379.0466198443894
2075,252.3114659593165
2076,3.487268704288505
2077,2.724040187907956
2078,4.204441658933763
2079,4.115110264962368
2080,2.625497100473805
2081,2.990948389182484
2082,4.358854947351079
2083,34.06990019055776
2084,2.5447546205784066
2085,4.877958757344534
2086,124.28854808453177
2087,96.34837186123713
2088,23.759618898678045
2089,64.50633422992317
2090,245.55324172886432
2091,184.05105810433804
2092,-101.98846629694944
2093,5.197829943771582
2094,4.063992642428784
2095,87.8525525403786
2096,38.581875909425406
2097,103.92441734858963
2098,5.644908183698023
2099,-30.012239599031595
2100,12.215551299251967
2101,5.819781268619497
2102,6.169394565591491
2103,43.23182021016238
2104,61.993950629913236
2105,57.45244633940858
2106,316.4217682542939
2107,6.970624428302424
2108,6.63048209109625
2109,5.751539691319251
2110,252.23027707898163
2111,3.719305174284763
2112,58.633482339096
2113,98.09403429488839
2114,2.638849189227167
2115,55.267046986052826
2116,3.8462837847395335
2117,3.563887740207033
2118,3.6869576553014065
2119,107.83723934569518
2120,3.702100326005328
2121,177.67804227282892
2122,224.34550475860382
2123,2.7042019176618877
2124,1.608216643666906
2125,4.358445672232164
2126,6.110093976027225
2127,58.53234860997355
2128,229.99824754810433
2129,1.7990374615988582
2130,2.3153717640381215
2131,5.731947761135347
2132,6.003589320204823
2133,232.0785559681757
2134,50.895430789325914
2135,209.83895735184961
2136,33.4792704380817
2137,226.2051702585827
2138,3.3494629375589224
2139,77.8703479152508
2140,55.506296047058584
2141,48.0729827599953
2142,5.6545285193725405
2143,-22.0802501557401
2144,162.51334306861716
2145,49.6357174649062
2146,3.919617651739764
2147,3.9531701299801143
2148,69.65817039743239
2149,-57.4849891621335
2150,12.564472474202061
2151,60.31623719590647
2152,4.956354083982854
2153,2.9266746407710738
2154,1.5579501810017211
2155,2.361581102212649
2156,5.926452034414285
2157,138.8282147118407
2158,3.567896883770532
2159,329.72717028261224
2160,218.85926887495998
2161,277.4662091026867
2162,1.8930562818450156
2163,319.0223544360203
2164,6.321005272789467
2165,3.247326569464271
2166,2.3994706179753336
2167,41.363934485544085
2168,308.1076397336917
2169,2.305050169684283
2170,2.249308529781451
2171,153.041403082877
2172,5.381675974360009
2173,251.3484345993632
2174,259.30391619073976
2175,1.9468852768931124
2176,4.540161913754564
2177,-43.30951816381098
2178,4.025960420260392
2179,67.00145125070603
2180,274.6900268747869
2181,2.446849446096792
2182,164.0863132373399
2183,186.36464290906832
2184,5.91839976738522
2185,2.6557887713500024
2186,2.769866916063151
2187,4.770326719393533
2188,256.08564836531644
2189,241.38717537494287
2190,75.83030337240214
2191,2.6385108659830037
2192,2.8704387271289358
2193,153.0012848121799
2194,2.887430600789293
2195,4.881630792836213
2196,6.429754071086135
2197,1.9112643067928203
2198,4.72690870021497
2199,3.2341449303989607
2200,1.685873379712131
2201,4.075962243594904
2202,68.98507439081337
2203,2.6554683007077693
2204,1.9701757207564765
2205,130.93237836880067
2206,5.365675123532083
2207,165.47625244170928
2208,5.1239613076552795
2209,23.31338325909629
2210,250.48668601530247
2211,1.801431976423285
2212,4.567160444323345
2213,6.229026427935291
2214,106.41716376934882
2215,26.321495576173415
2216,74.18681430895269
2217,4.441080939244961
2218,36.98528924251611
2219,2.4080371777481373
2220,5.728520106191239
2221,3.3172289895130533
2222,-36.55221743318955
2223,199.73848612406297
2224,-53.79749710128666
2225,171.09994742435396
2226,-7.954057861323621
2227,85.2660839941349
2228,143.06081960279946
2229,167.22856194663024
2230,3.194953693983365
2231,5.342900576593866
2232,4.253797945525477
2233,260.7766405885479
2234,222.75046943991822
2235,232.63121967801672
2236,3.276209321911698
2237,3.3769369221271126
2238,239.3067128816434
2239,93.49075181690738
2240,243.28792688656438
2241,2.659765605355564
2242,227.98168911626183
2243,5.909872262455161
2244,92.2005314457716
2245,246.25193792982813
2246,115.2288001731071
2247,241.54669867539974
2248,6.225539253990428
2249,303.5163044264333
2250,144.1749214122094
2251,4.847418210775313
2252,266.05620068574893
2253,6.208545663881769
2254,175.7117803070091
2255,-95.5718329168817
2256,37.642512837864295
2257,2.5218594787122304
2258,3.179265193361523
2259,84.21301487987003
2260,6.2898137390079585
2261,85.37258671816713
2262,2.2891933440690346
2263,77.26898551716802
2264,-18.08785301276273
2265,51.7363077134763
2266,2.390918087499338
2267,2.732097063099237
2268,5.390526433697805
2269,3.8392200653559247
2270,9.911647408429936
2271,154.63121507419396
2272,45.91644291340233
2273,3.4403297194850246
2274,5.990884226594114
2275,7.531168952063332
2276,4.496328048887765
2277,2.31745568480124
2278,1.3151273670143329
2279,6.091126817052989
2280,2.7182748475962293
2281,200.43742790683314
2282,2.2311688993550067
2283,3.926025131766538
2284,222.91390121426667
2285,2.9888973154495626
2286,-9.654980279224521
2287,5.5191746168749845
2288,2.813979599663336
2289,5.580751145538478
2290,-32.765894016583786
2291,43.68501605759486
2292,4.946922016919487
2293,1.9391421634270474
2294,8.848563844562275
2295,3.0271217316263064
2296,4.472928186398391
2297,120.23909204654392
2298,-39.318876233301154
2299,64.41934805779955
2300,3.8948082069742282
2301,5.394085214078942
2302,-93.13449806092315
2303,163.1713505912784
2304,5.282398857759742
2305,48.83525651720623
2306,299.69534905883467
2307,25.55184381094815
2308,45.66421444828255
2309,6.035999224054502
2310,181.51545166092828
2311,-60.29083916502488
2312,94.71373623676085
2313,4.2347925888167826
2314,4.687548407943054
2315,230.66671689143456
2316,7.731750183616372
2317,3.829799704079953
2318,248.25763856251353
2319,6.624418461045642
2320,80.44965838882996
2321,3.7570870278333093
2322,224.77786584367158
2323,161.6024230657014
2324,1.9867304885450916
2325,39.54086634310546
2326,3.686257745813616
2327,115.94678556829578
2328,3.884668533690791
2329,346.88923123054497
2330,176.8333513300742
2331,0.8826071396976732
2332,278.0978572393693
2333,3.5990770551469997
2334,-14.049928069670173
2335,5.381359068113528
2336,58.21300248008534
2337,151.10812954015736
2338,174.8546044586665
2339,21.465178221639356
2340,59.19963976654668
2341,136.88317859366214
2342,2.287462315412744
2343,6.309071747506337
2344,299.6924631811737
2345,5.972269124145489
2346,112.97551102289445
2347,137.79919813876776
2348,1.8791908273571492
2349,265.5753536811389
2350,37.423722072825626
2351,4.879603777647831
2352,4.989462183822241
2353,1.6707887013880158
2354,-13.923841183505662
2355,136.07016928970884
2356,3.6892967740931706
2357,101.48847855231651
2358,6.759396933549522
2359,6.773194800525874
2360,4.3826323541922605
2361,6.351698353513957
2362,255.15160975433508
2363,4.302141012826237
2364,245.35831159477138
2365,99.16392708148682
2366,67.35053122524897
2367,37.88539538932404
2368,-57.88784302446493
2369,4.5031707438327055
2370,221.0571408248957
2371,38.957582544191155
2372,61.173715665371624
2373,1.989663383360874
2374,-61.79293962524322
2375,2.005411164589477
2376,142.7377238092546
2377,105.72495516615696
2378,5.427883420689934
2379,6.575836426795474
2380,39.98197308289494
2381,158.81174410144973
2382,159.08603474445638
2383,47.37770875244662
2384,3.2231027366777703
2385,241.42516021773534
2386,5.873924037042293
2387,53.63948684750823
2388,255.4352565525467
2389,88.80223010552616
2390,1.9012182250902185
2391,99.42569087184249
2392,25.106003893558615
2393,46.10959363137857
2394,150.78717521475534
2395,5.690557483738322
2396,2.5140860691346836
2397,297.78229966992217
2398,275.24397696400314
2399,4.424330435696327
2400,191.57854393774605
2401,46.57486923940823
2402,238.5035771211308
2403,6.76029011203994
2404,1.9620553710393691
2405,4.886051307775282
2406,2.913381268711699
2407,93.26954865634659
2408,271.15930804930053
2409,160.99331663064615
2410,4.256912726160003
2411,6.705422786730932
2412,305.47244448707875
2413,-6.948080820673464
2414,3.979050741703829
2415,70.84748197545514
2416,262.35443519463286
2417,25.250716949407195
2418,3.128410845153826
2419,3.8408898664878373
2420,1.7729908525046418
2421,8.285285726684116
2422,235.25222010903295
2423,2.5624668844951333
2424,195.00636139036956
2425,6.075043347815535
2426,-19.595097065193514
2427,162.2851286802498
2428,36.92548537097446
2429,3.025520676798018
2430,6.195555971170412
2431,3.53281109062582
2432,315.83006256252605
2433,242.95850181058358
2434,4.4761107062364
2435,55.18813550232731
2436,242.3857931582731
2437,-82.18782020684992
2438,5.753585510066144
2439,6.512659668827264
2440,161.42072227736728
2441,6.43925101293469
2442,5.924263327531293
2443,5.027811520758801
2444,-69.09804252519635
2445,6.26912144705706
2446,5.223223634124277
2447,256.9376106324268
2448,5.875883005783968
2449,6.258280970356089
2450,33.85280095706857
2451,3.2356912108876053
2452,3.739646255890611
2453,30.358293466768068
2454,305.37470979183814
2455,128.87368085162205
2456,2.895548270097668
2457,256.1819486447413
2458,6.289829983007127
2459,2.1267828425482
2460,5.8708317685780935
2461,66.23870466019258
2462,56.751574295635905
2463,6.257232515243162
2464,-75.02013918155636
2465,9.143615881149472
2466,205.25930932067396
2467,154.00789735412113
2468,259.12304539174426
2469,249.6087037371429
2470,6.071556067463481
2471,125.08009538441124
2472,3.0491855047459286
2473,38.87310505941286
2474,182.29138245509583
2475,6.2219274932309325
2476,103.6441767230498
2477,147.45994858698316
2478,162.12944765191742
2479,5.443219413555428
2480,35.226883965612636
2481,49.66645481632577
2482,2.4562408650897423
2483,5.006573688960738
2484,123.40898864993365
2485,132.37162856512157
2486,6.87648007400502
2487,5.114142824478819
2488,-15.867845687338326
2489,186.67210522880353
2490,5.829107424497282
2491,131.67326646918048
2492,45.70746567009582
2493,42.27978023671647
2494,5.918425187498517
2495,5.0778895476071995
2496,50.078386130390086
2497,88.66230002377571
2498,1.8727665752065787
2499,6.786063427915552
2500,1.8619896299798324
2501,100.79596628673607
2502,269.0011028643075
2503,101.98714269097377
2504,357.66628382104284
2505,3.4308610178466528
2506,4.5226128493802635
2507,271.7951799188234
2508,192.7629523937714
2509,114.10464521992881
2510,6.389851316722558
2511,192.23844664719527
2512,82.98112349445697
2513,137.9569982244559
2514,227.63938866422362
2515,301.2400782522729
2516,1.4955969967924962
2517,1.9915757415960218
2518,291.8149845950241
2519,4.4267729847751625
2520,104.08112273371118
2521,139.6315760549355
2522,2.203064740963248
2523,6.229134118789294
2524,4.79247592179089
2525,295.03063157897736
2526,4.4795772023637115
2527,3.4978913417023114
2528,226.7309936240412
2529,102.37026065485811
2530,237.22916108812694
2531,290.1035775823739
2532,47.92857368631718
2533,1.8992145456025875
2534,5.7821220400743
2535,5.917081525446957
2536,3.59603862689566
2537,6.69660436350644
2538,5.909412151599473
2539,160.8733383907304
2540,2.1365152494922452
2541,-3.9664150601879538
2542,-18.694703534536124
2543,5.4813513547851045
2544,185.5742339619038
2545,2.401810068202972
2546,284.3085855674309
2547,21.27350729688574
2548,39.37637566000926
2549,152.6355097142128
2550,129.78947690751494
2551,-39.56041185358347
2552,2.3391454863685497
2553,285.19401679893775
2554,2.616533568012296
2555,54.38388347560436
2556,133.58788461980242
2557,4.651627722328917
2558,0.6705499344214716
2559,6.456213971185497
2560,230.72745164870076
2561,2.2440477170897655
2562,220.82741737242506
2563,236.60270859816438
2564,283.99541368044066
2565,4.839474355538804
2566,4.94326078084918
2567,252.66050788871306
2568,83.35008377014269
2569,67.6507587033117
2570,3.584158680806841
2571,93.77457547657556
2572,-53.7302824338993
2573,189.60844770277635
2574,3.305573605952577
2575,4.484468586564536
2576,3.268848172692693
2577,6.209852209528875
2578,51.87597143423102
2579,5.915588268210921
2580,5.267415023939957
2581,2.992283961131051
2582,-48.17007523048737
2583,1.4736802903370654
2584,7.175108481818331
2585,49.41066135107662
2586,4.720918354996843
2587,250.5319829435731
2588,183.91109568417585
2589,4.389816619307338
2590,53.08264470535135
2591,1.7763518154669373
2592,126.34142973820872
2593,62.58826232132335
2594,68.75168832044939
2595,52.76063724025499
2596,42.32982890627191
2597,5.726032218630597
2598,6.60900751702557
2599,-15.424498671642578
2600,4.23441173989803
2601,221.08150837587888
2602,5.998082370950093
2603,368.5011351221931
2604,155.559368149312
2605,45.11871882620092
2606,4.384550603344231
2607,42.95581630836067
2608,197.47075068333413
2609,24.3544762892369
2610,2.473773011190867
2611,-13.42495774285923
2612,3.4729041383369115
2613,4.524756829663553
2614,2.9656797031589517
2615,107.56318449685219
2616,146.27367593561476
2617,255.9752518822767
2618,206.84844678730053
2619,4.56115268295176
2620,2.3657753956216747
2621,4.247166230786463
2622,2.627355060207506
2623,0.316819714465421
2624,7.044389620573807
2625,104.2540186850063
2626,293.2015465516657
2627,43.67683177133074
2628,159.95549349893332
2629,50.93038819158464
2630,110.85879902476628
2631,13.9662753993317
2632,6.303437076305032
2633,287.1689930076295
2634,51.06994805604275
2635,166.82002578525524
2636,-46.959348623601265
2637,3.1203815591214514
2638,-70.67156070337704
2639,-64.51508349997493
2640,202.5008809846634
2641,3.5221058838279795
2642,5.558776591339257
2643,187.9198394617158
2644,147.63995195044583
2645,207.1448855783096
2646,2.8242185844736003
2647,3.3443907080309048
2648,4.9462145376386175
2649,6.822082540821512
2650,281.58939255330375
2651,204.65690848026406
2652,63.268323070301676
2653,3.6618009087341026
2654,40.3159612220456
2655,226.88273385416542
2656,244.49947446454468
2657,2.9356434683191788
2658,15.603333447538231
2659,276.5259160959473
2660,1.8349970704333336
2661,269.3516035970732
2662,93.92859475285448
2663,-1.1024673453904592
2664,88.89310184033852
2665,269.64028474948765
2666,223.35847680110982
2667,-34.65432472904274
2668,36.375963929937335
2669,6.904767585826961
2670,111.34005467585015
2671,191.49206931030665
2672,122.17767394373445
2673,255.0565371610753
2674,233.8583034558029
2675,1.4971010444996997
2676,-42.37416406139157
2677,353.1495714136993
2678,14.280922581351405
2679,5.5159287002957464
2680,70.55407640775428
2681,5.226486018141394
2682,2.975758564825771
2683,2.349967797473006
2684,2.7332955158004144
2685,6.5374866044058955
2686,16.99756974646721
2687,43.99785879708041
2688,70.01812183308098
2689,43.50901703511078
2690,165.49453669856612
2691,81.7721032765259
2692,53.803346476903066
2693,134.04466762433276
2694,128.59634121113916
2695,8.270059189887908
2696,158.2012989568839
2697,4.368329505004618
2698,2.6271535950702503
2699,4.366268126538888
2700,209.3193205718443
2701,70.56178743806217
2702,50.144468814988166
2703,4.252512386641249
2704,163.22180496306987
2705,2.9538008886756257
2706,5.516148755365845
2707,212.32653792291376
2708,3.1986540069816525
2709,54.82677470926198
2710,3.976276711444936
2711,190.91355079551454
2712,1.8443516509263007
2713,146.4661619900356
2714,-43.18878000203652
2715,4.685630844048562
2716,2.8728336841192137
2717,277.359296527698
2718,4.284175289882714
2719,2.987529808522243
2720,6.789822496498462
2721,6.716202500433785
2722,4.630354217950226
2723,231.42851887998467
2724,6.786894164371213
2725,34.702539600525185
2726,6.8350155797206344
2727,304.68722631702445
2728,52.55107521743829
2729,186.8679816442095
2730,188.23389225506654
2731,165.03484970485513
2732,6.466344223939302
2733,196.11228412927605
2734,120.96710098420586
2735,80.77918910178896
2736,87.13345674805336
2737,195.72530166409447
2738,150.1470682371479
2739,98.04299952109004
2740,5.726838901568268
2741,61.820383180655
2742,1.524657213050172
2743,-11.22725286430578
2744,-22.605416740171666
2745,4.907412777268737
2746,214.97426382401832
2747,177.42276446862232
2748,2.8072682889812857
2749,5.494292914000044
2750,206.11869069038156
2751,259.38719975590914
2752,2.1934404978561233
2753,112.89765263619837
2754,0.42207430449926475
2755,28.409769038452502
2756,299.0833019425585
2757,5.827028379018581
2758,288.410421470394
2759,57.62216677020571
2760,172.96550869861144
2761,6.488401242987348
2762,4.235548342114924
2763,122.16650102944914
2764,4.58848743135143
2765,123.33505074793413
2766,1.9184112850525645
2767,256.32388773763523
2768,4.071988940016297
2769,3.6605687626892887
2770,223.15730760516817
2771,134.76283719097165
2772,6.975847636510792
2773,3.055495922848444
2774,4.585718993147458
2775,6.5112098380309105
2776,3.8894109666793852
2777,266.2887267301725
2778,29.1305762619304
2779,2.1934390135240998
2780,2.8490158905293104
2781,248.91485671030466
2782,215.9294915477664
2783,6.013027800796218
2784,7.633958856399976
2785,5.8631989493633725
2786,3.2592322254360178
2787,43.31817154170203
2788,1.9119386376484173
2789,146.72535273438902
2790,220.09882416468292
2791,86.92223546189491
2792,131.1313052132955
2793,177.7293655312822
2794,169.97366842980384
2795,54.074358637021916
2796,253.5576515614218
2797,103.77772279968713
2798,39.45092992894719
2799,38.57583287041471
2800,5.600139904600558
2801,4.182072478445921
2802,3.268812330809173
2803,64.52616504436078
2804,3.730890212255417
2805,62.211985919288935
2806,8.618629295110136
2807,38.27285662729872
2808,95.15653203875968
2809,6.063208351259291
2810,5.707999069752892
2811,203.06986365803397
2812,5.805370971498017
2813,9.004242709456134
2814,6.00457181038062
2815,283.95636412316117
2816,64.61172175793169
2817,273.0473411237126
2818,120.70974258305493
2819,57.63072419709459
2820,154.1816800733101
2821,46.60114118465193
2822,6.028281322667107
2823,53.28121322119475
2824,257.78567879910554
2825,121.12425029575294
2826,-65.22064668675294
2827,6.54803053308491
2828,5.41871356553392
2829,5.17135150699807
2830,5.759115925771912
2831,5.9557573134833515
2832,6.3593779085664774
2833,147.62482474984674
2834,3.6245789965453534
2835,3.5339508174254695
2836,3.463960871553796
2837,3.3750478457095885
2838,5.744815808073987
2839,2.0162494659303456
2840,65.21246567908466
2841,51.99623054175249
2842,287.6906757417058
2843,6.099853747733905
2844,178.8534936296674
2845,289.0682479687479
2846,3.5868837187928206
2847,78.51006923474787
2848,-3.0734933316450848
2849,-46.387721635990474
2850,6.717097775191882
2851,6.684808136085489
2852,-23.544510821221664
2853,59.33537836133942
2854,2.302325815624848
2855,65.70103180822954
2856,5.967363215884883
2857,46.311424110341676
2858,216.51967248300747
2859,1.233995330918985
2860,143.78223390007454
2861,295.91967296349725
2862,263.2747579554229
2863,2.706273782491021
2864,273.78035526336083
2865,235.49246592547743
2866,2.0935717140453893
2867,2.510656803851947
2868,91.59847286545667
2869,49.165019544193584
2870,184.56955489668348
2871,6.464664951962532
2872,260.0887316869283
2873,5.174719837585021
2874,-9.219225845026227
2875,5.133269110491623
2876,-41.61720474306443
2877,293.53065501265826
2878,-77.00887192150404
2879,5.044699090893791
2880,224.05500776037644
2881,5.7855439498502905
2882,5.903815947817696
2883,4.049500097234182
2884,6.628545098135615
2885,173.26624474289764
2886,254.69542972062487
2887,5.899376658815117
2888,2.092624804820613
2889,6.585899813756967
2890,2.4448570804208765
2891,-63.417149927263516
2892,150.8520398250879
2893,27.228191055130118
2894,72.7296496515384
2895,4.8596680883924375
2896,2.6593218910318153
2897,5.58764901839407
2898,109.64339726116711
2899,28.390112508648674
2900,3.0627949365592175
2901,21.976928180495335
2902,231.6447719533291
2903,266.683530270572
2904,4.420589409662362
2905,3.627004305420676
2906,29.73215172073982
2907,4.071736857092411
2908,25.39874808997811
2909,2.12286435029415
2910,115.94251148003094
2911,3.584274767466826
2912,2.3548166874364607
2913,6.725123573174677
2914,44.034130992057705
2915,8.446578038878076
2916,214.35058308686578
2917,149.41678529212672
2918,3.8588647987766524
2919,368.4489448013289
2920,194.45469611055447
2921,5.441008172712248
2922,3.689703851910018
2923,212.0541856159313
2924,5.615683541259878
2925,4.9857592441605405
2926,6.003989056858585
2927,18.688578295796248
2928,6.239838975107497
2929,166.64417256400728
2930,263.347503025384
2931,2.2436085267189814
2932,5.566956177460947
2933,-7.973405236589965
2934,108.08201554552289
2935,-10.475484756703896
2936,-62.781266190414534
2937,7.351581948355888
2938,23.378623874225102
2939,3.078885096846087
2940,174.09307784878285
2941,89.83883108539887
2942,71.35364194095985
2943,6.106944072355312
2944,6.530728513498939
2945,5.773016261275776
2946,6.393632649299765
2947,-50.27224360925906
2948,2.4353084817748942
2949,6.739925260981924
2950,2.8608367647352675
2951,149.01630995872208
2952,131.49408757401466
2953,8.286794810886269
2954,1.697729966512589
2955,-1.02438633314132
2956,6.529132681349195
2957,88.40514980444289
2958,6.311057983725895
2959,193.10588891719138
2960,6.596624622165174
2961,216.6613164042577
2962,4.034126309926807
2963,4.377253132682402
2964,215.27682902165287
2965,187.55468650754986
2966,4.665004912761067
2967,3.7152458003885886
2968,150.93617214899754
2969,-87.28774873970958
2970,2.1601358049519477
2971,216.31469693454147
2972,6.67792919956514
2973,202.0526050473436
2974,259.00212887629755
2975,4.6270761055374665
2976,49.22745764248502
2977,43.03748325610928
2978,4.45646030212965
2979,4.504340031591742
2980,312.4004155098306
2981,330.350335139652
2982,149.21615292389856
2983,141.04336422210218
2984,281.1172866939389
2985,120.44188832823242
2986,293.46627448634433
2987,225.18744863270445
2988,129.59423879343697
2989,155.44198588091072
2990,37.186719311572034
2991,6.781899807124931
2992,3.045953446466504
2993,5.27376710818876
2994,19.884413151883997
2995,7.513251614122603
2996,4.124042678964689
2997,3.735722611888302
2998,104.23676090003735
2999,137.81564159147524
3000,67.57674347903365
3001,2.9134724942411623
3002,302.0165963557897
3003,4.404798385175901
3004,290.869105553097
3005,90.58966803188342
3006,130.66308541903933
3007,6.488692882777843
3008,2.706167511827122
3009,31.046513137537943
3010,4.087957941084241
3011,67.65368117941586
3012,5.316455231434144
3013,199.81618732287157
3014,5.709728625921319
3015,3.687504894665829
3016,5.919488308735509
3017,6.111473823376138
3018,4.301537024475551
3019,261.229667791982
3020,3.1744611825997726
3021,233.4799585258514
3022,272.16796038480464
3023,3.078480680549866
3024,103.45800181568848
3025,243.28900610708132
3026,166.8007407146474
3027,6.4455487827685545
3028,5.447401552690538
3029,-19.57863577457686
3030,-55.15176379463248
3031,5.873967786052609
3032,7.465093507898234
3033,4.832970517963294
3034,122.1430562364522
3035,143.46275625884275
3036,211.61933503711435
3037,5.400079720132906
3038,2.1395061191809606
3039,-34.71272067955808
3040,171.89735835853264
3041,4.790674783160141
3042,16.885980204175915
3043,5.813940659297053
3044,225.21286492948266
3045,173.72033081665754
3046,4.583511429671497
3047,4.1799083252410565
3048,46.420671390541926
3049,5.690912913455635
3050,244.3759043441138
3051,106.10897917125368
3052,6.47947975590799
3053,3.703612026858008
3054,129.72906096383124
3055,195.48872769601297
3056,60.51420225784771
3057,3.394952217704614
3058,108.05231123957678
3059,1.8675347888039833
3060,257.98594218114766
3061,5.171388176569135
3062,220.99258778266852
3063,145.61720019581193
3064,232.6837257775244
3065,245.45595961340697
3066,144.52001359124938
3067,36.91554267760163
3068,6.187897353274678
3069,6.0611269441501205
3070,3.6389227192480513
3071,6.188408684540309
3072,204.9291926833201
3073,138.4978981868526
3074,6.330740508947786
3075,5.967723985648589
3076,157.7780156579068
3077,26.276429746398403
3078,80.84561263882392
3079,5.7203592011532765
3080,3.454192612437488
3081,2.703591951092151
3082,93.02390249321593
3083,103.78447954997726
3084,1.1091149437961993
3085,5.406656979216839
3086,218.34187616190965
3087,3.063747260883005
3088,98.77579451806608
3089,3.5653022556226923
3090,308.0189317836495
3091,143.57645011917157
3092,98.89332352266078
3093,3.957471851027632
3094,210.32530230873184
3095,259.9996176227678
3096,136.2191586093755
3097,4.738155922811589
3098,7.147388775494237
3099,21.920129716971562
3100,92.8874763442179
3101,3.5584163237815014
3102,2.537437111909672
3103,3.277617702597766
3104,53.8114823165119
3105,8.705465669229806
3106,46.39349438026105
3107,1.265600205721547
3108,2.482178943479874
3109,6.884591567550986
3110,235.7291900588465
3111,1.986881195492962
3112,204.49007140291408
3113,5.517098368390013
3114,59.416374740820906
3115,271.0361086187256
3116,96.27499294777016
3117,-9.84514048483507
3118,264.73849950970873
3119,4.6054003431263055
3120,53.99520706639479
3121,46.40338844394826
3122,136.7604671548034
3123,3.8743947965653804
3124,2.46137616634311
3125,3.847902860714808
3126,220.97494063962645
3127,256.1204323560321
3128,45.4007564597357
3129,374.7580530583656
3130,2.100108115390983
3131,114.38575642578785
3132,201.57260896305772
3133,124.16845107666718
3134,232.92568594918853
3135,1.6400227291013318
3136,300.1994700995206
3137,2.7971083818357507
3138,181.42582049639253
3139,5.802132480421705
3140,1.798846244665083
3141,22.65430473901305
3142,3.128892916692565
3143,106.73478931296228
3144,259.04374855861056
3145,5.183749382407282
3146,288.4617671159556
3147,123.60657272659088
3148,107.82341480754785
3149,-23.066538615414864
3150,1.8724153862843038
3151,242.57048445175613
3152,6.586294624222955
3153,230.74466955634585
3154,182.5968387258087
3155,57.885001469236215
3156,47.573980758224614
3157,4.8756030184308266
3158,298.1106235330592
3159,102.4310083580274
3160,253.3050743293205
3161,-44.92118579240731
3162,3.5927312618726046
3163,187.6008040788043
3164,3.359207207739523
3165,-8.643183489217945
3166,52.18843936975835
3167,6.517885079614198
3168,5.389585404877838
3169,3.486703348793571
3170,228.1796522537103
3171,3.129163860291684
3172,240.3978160403534
3173,265.7157721190181
3174,43.415664511711114
3175,-64.71558678636364
3176,3.867121991835906
3177,3.2033842044593634
3178,179.55096778220087
3179,6.389190300676408
3180,312.9260962919534
3181,226.68491096420775
3182,297.8389720254153
3183,6.9958025613162445
3184,145.4720827166025
3185,6.9473373192136405
3186,191.62501256815608
3187,289.8332556587561
3188,-45.14796234832677
3189,249.05703144044426
3190,3.814287193861244
3191,250.41770422053935
3192,59.50690664008563
3193,6.461498067665792
3194,4.443682144031367
3195,5.59119184637928
3196,142.3455525943184
3197,5.50090236348725
3198,175.49504802642693
3199,186.83761558910874
3200,1.9070865717356664
3201,294.05361877755615
3202,4.064639678335021
3203,4.819837710463194
3204,2.4155311609778654
3205,6.534959532418947
3206,271.81493851363985
3207,5.894607721691311
3208,179.33642677022038
3209,-37.58399004365571
3210,7.439817912176131
3211,195.25524134006986
3212,210.13614083541844
3213,2.5236347833602397
3214,253.27530241942256
3215,3.2125765880705677
3216,6.071490363063005
3217,134.98258560020415
3218,262.51948371927955
3219,77.10286232511939
3220,71.94574148686017
3221,105.99281725292451
3222,235.54932562558514
3223,368.4046384216875
3224,-75.10007351973822
3225,129.83566767121243
3226,6.001833017253398
3227,5.8661859258907505
3228,16.05970278659889
3229,305.49672927815783
3230,224.19536606656507
3231,6.678443313890534
3232,5.092303854201333
3233,5.789744318278073
3234,4.206824532672015
3235,110.59895465064521
3236,141.32573930301587
3237,19.362196460780737
3238,296.1468519589294
3239,6.599945010759699
3240,58.19607943959879
3241,15.949645190562697
3242,2.5164243323375532
3243,38.49482827944821
3244,189.14623175187987
3245,5.1879629831280845
3246,244.74293480159736
3247,6.298478367820556
3248,56.93721976875402
3249,-19.33266503520651
3250,227.43945268110576
3251,239.814920208827
3252,124.30009861166108
3253,55.235505928528625
3254,153.02039718908438
3255,6.581004478416593
3256,6.35579136616777
3257,0.32448106295941237
3258,2.501179054157051
3259,30.71201991476412
3260,5.820771415569672
3261,112.63638547836639
3262,331.2299565274925
3263,1.8085911700773014
3264,4.019688824248772
3265,159.50253367488924
3266,3.6487005137971313
3267,6.803628310133616
3268,2.806100256294075
3269,5.1203275277501
3270,65.16641423438814
3271,210.74790837455546
3272,2.3842948633264314
3273,219.85385038764372
3274,210.57336243819108
3275,127.20889561629937
3276,114.71325918981313
3277,6.422648871685259
3278,6.30868931352175
3279,3.1662263698154938
3280,167.89037652392543
3281,287.7134969391167
3282,2.7697367656880645
3283,382.03376890887614
3284,351.94546044397435
3285,99.71113999932147
3286,3.0596523820923798
3287,-56.90959940638079
3288,37.73353533970321
3289,1.7542668790151792
3290,65.88878903991973
3291,240.68244603034483
3292,3.1332729153026895
3293,50.74791881615995
3294,201.67428540809317
3295,142.0426777128838
3296,35.83282551214606
3297,203.7753292572533
3298,2.167647213293541
3299,245.23478199787886
3300,2.5489293883535304
3301,202.6087612292983
3302,187.0363867557239
3303,3.812789408779947
3304,231.8503295615563
3305,5.567374942094759
3306,4.383781510876891
3307,187.63863355149243
3308,3.0220021375781485
3309,6.4976074281044
3310,-56.7500124944597
3311,2.4434934499112733
3312,3.861304470687298
3313,2.5361936121958224
3314,5.740252513805612
3315,4.184501985334543
3316,317.5434446342097
3317,304.1602308597548
3318,42.72882440160025
3319,1.8496135730233345
3320,2.0031292493352963
3321,5.162740704266711
3322,163.0121215879778
3323,4.5202651565302485
3324,3.82308232404879
3325,394.0686656235565
3326,78.59879275005885
3327,-69.36320419507588
3328,6.46410187203443
3329,1.8774979674933272
3330,178.07296383930185
3331,98.44371540912148
3332,3.6533414549715704
3333,244.29441032413033
3334,110.88390726326507
3335,3.4044750083788244
3336,4.457465959748738
3337,2.5650062799043183
3338,1.8061085114016235
3339,24.661541337220534
3340,38.723160077100346
3341,66.35199754909611
3342,234.07578361290285
3343,125.6034101274712
3344,3.3913449037443453
3345,250.08751441543106
3346,286.5883369855053
3347,176.66503788280352
3348,76.85036808305911
3349,5.504049562415797
3350,3.870670433019771
3351,3.0937872560508337
3352,1.795048879294825
3353,144.76817595666847
3354,73.9406210834714
3355,3.1646124422746342
3356,316.27223964666115
3357,3.677103793604902
3358,228.40838122965772
3359,103.37326024651607
3360,169.89285293564998
3361,3.438132310754457
3362,3.482914038015238
3363,3.2432459699602503
3364,15.812291925603665
3365,102.5391476810417
3366,46.29010513184503
3367,2.6102749650695722
3368,122.4694466354171
3369,4.549510234898913
3370,66.1424999605967
3371,9.094195908177312
3372,212.08156993663565
3373,73.40290433726952
3374,319.5023904039183
3375,2.2447157826479804
3376,2.809604338482081
3377,96.59792252048427
3378,6.338647415970425
3379,49.48391564326282
3380,334.6664833984012
3381,6.703843502717971
3382,98.28454836756454
3383,6.550490951715788
3384,62.449213851694836
3385,4.112639526803044
3386,63.81383249018781
3387,2.142300381547249
3388,172.09889174819378
3389,218.22639936090394
3390,1.9957634240608344
3391,5.239319206527002
3392,4.614915060326881
3393,169.3457747911679
3394,117.90693961050498
3395,5.367677293134978
3396,6.130698894745903
3397,165.00219567246387
3398,2.1343072050492315
3399,203.4463031410719
3400,191.32848653622642
3401,4.91481174984597
3402,0.49286557271288056
3403,55.20906623280612
3404,127.4145341598849
3405,167.5643483883836
3406,201.119956559852
3407,3.9841913357472527
3408,115.93655666380667
3409,125.0758668381295
3410,5.899571248447611
3411,4.968530382634497
3412,56.461139647777514
3413,2.229479722569352
3414,6.711810118390804
3415,131.13057630946295
3416,82.46044475036814
3417,198.60236422688644
3418,164.4409741999175
3419,3.4473993000139544
3420,-16.36713201010499
3421,-66.61859575572777
3422,193.01725093784106
3423,2.076438443380091
3424,3.4927220198477285
3425,44.74413061336368
3426,3.3168045513225177
3427,55.33375304335694
3428,2.2830589720036167
3429,320.4041326821254
3430,300.5360395153791
3431,106.85435481029934
3432,5.921086530119367
3433,96.19250209180315
3434,1.8381995028377702
3435,313.86628932489003
3436,218.99690401082685
3437,3.1742942681514226
3438,28.2432287892069
3439,280.767462271276
3440,6.5679525368631
3441,4.834281071823327
3442,243.99656237765436
3443,4.99839550129096
3444,196.15122781551875
3445,3.19272561987835
3446,5.9883321734069614
3447,256.1885161628754
3448,5.466691288671883
3449,5.7479482812387985
3450,117.11575688853128
3451,195.75821648680918
3452,1.885071023839005
3453,2.7153110434773002
3454,9.023633678527935
3455,3.9578092111366288
3456,5.756373934921115
3457,4.023756095369231
3458,6.165978618427689
3459,173.85808628568861
3460,-43.97656445665739
3461,2.75409605619866
3462,41.992982361124305
3463,233.32360595119482
3464,4.483113560319111
3465,2.869081659272526
3466,6.849967031822245
3467,106.29301649563573
3468,32.09460843290827
3469,312.92443679805154
3470,155.65896462751058
3471,21.040057091914356
3472,278.6089687011283
3473,6.825716696638832
3474,3.047423531867889
3475,4.585330739159588
3476,43.44291821724767
3477,3.494811117256864
3478,6.614812136418443
3479,2.8181951649066677
3480,134.08952631336336
3481,137.67366802715705
3482,63.577817386235
3483,67.15124003485725
3484,175.69606464565337
3485,2.358095202021667
3486,217.79740180671757
3487,5.758588266708652
3488,4.701318282253248
3489,3.0894025132094183
3490,6.660024470103071
3491,3.147769405731146
3492,2.2484775156954293
3493,298.6519789449897
3494,167.48616887675678
3495,6.3414657656265465
3496,17.770574433510504
3497,4.493969793421319
3498,6.831650628147909
3499,-13.597303563026694
3500,105.966017631295
3501,298.76395518263934
3502,6.366853004189405
3503,3.670405129735993
3504,131.695632725834
3505,129.7745461084695
3506,99.42512826358127
3507,6.3420007287233515
3508,3.4954798514166896
3509,3.0601928362931474
3510,273.49626838959756
3511,1.9558062226423951
3512,62.71342613025863
3513,79.29426523342508
3514,3.263177553885827
3515,84.84162949195192
3516,3.236828007489989
3517,202.64706258894097
3518,4.26224468154634
3519,259.0278786927748
3520,308.0510874794772
3521,1.858806952142282
3522,82.38006191633606
3523,5.035567843660213
3524,6.633188669041118
3525,5.237234529068022
3526,40.961569790812746
3527,1.6718232732483933
3528,281.219130760923
3529,188.90941765060137
3530,2.807166303993566
3531,98.48813884277511
3532,274.9177019013873
3533,24.490707924947756
3534,8.594160434286028
3535,87.53542389970784
3536,3.47937970644618
3537,71.37884463251298
3538,6.4424024156188295
3539,44.116761743789525
3540,144.34973574380714
3541,-67.52281435257419
3542,2.8888571086945944
3543,184.55655708058234
3544,28.31303477635688
3545,2.41644017344191
3546,5.349736411167414
3547,175.94797095408344
3548,5.060478451379065
3549,1.7569169561935305
3550,4.619902274138116
3551,4.385557067210181
3552,5.650642376283991
3553,6.816925125935229
3554,177.31863105011305
3555,4.041012378129107
3556,2.212265598064625
3557,113.31932965048247
3558,5.343956191784762
3559,81.6300070914107
3560,61.33815189699101
3561,5.691593206800312
3562,23.242830906118865
3563,-42.954039194789445
3564,5.893382897534509
3565,5.045704756314837
3566,166.01278653294594
3567,1.9083617020522938
3568,237.80244704300935
3569,164.8525792638251
3570,45.07260259211873
3571,205.2576941519438
3572,1.8048357123569705
3573,6.013481159088991
3574,5.668826471945856
3575,2.2457172857176992
3576,5.1625224228475926
3577,5.845242872185984
3578,74.87649354539718
3579,1.9876895117933862
3580,75.09782872556619
3581,251.98680777645293
3582,37.67530578004658
3583,96.41497766264045
3584,6.649485593054735
3585,33.103844855314584
3586,5.61227784649419
3587,36.87909173372339
3588,3.283096569200696
3589,217.77145340758486
3590,3.0152318040252557
3591,3.4856040908993347
3592,188.91015018288275
3593,4.987978493184397
3594,3.3695260767642097
3595,6.705695485194117
3596,32.79661127314463
3597,316.2170083993204
3598,79.52483044100211
3599,88.16158512466858
3600,2.7318426958410824
3601,288.1955725983589
3602,17.302884801903808
3603,5.34679660956232
3604,2.5713083472428586
3605,166.61347471949563
3606,2.1898982384134897
3607,3.7850778340179208
3608,279.126653607105
3609,193.77603041381465
3610,46.79330469854809
3611,5.44817322818189
3612,278.71266950827777
3613,6.4794824332945
3614,4.812443014256963
3615,6.818359947953974
3616,81.13712956762127
3617,5.267549287802992
3618,2.8965248709803806
3619,-48.28432357063595
3620,6.841505834044151
3621,65.59185757399712
3622,5.336280940038543
3623,262.37061961176505
3624,-10.4916476618008
3625,101.43564269405194
3626,55.9443121856491
3627,30.97855525609925
3628,6.513641454250255
3629,35.80283120751501
3630,249.585195581475
3631,304.35775361257157
3632,252.73151961753922
3633,248.11416619155403
3634,99.43094583930709
3635,136.01306534517406
3636,4.681643356956489
3637,40.522707114647034
3638,56.92957943104888
3639,5.043356545908915
3640,359.28619613480396
3641,219.57842573813883
3642,164.31751555547476
3643,202.5025573576145
3644,5.950413419899292
3645,116.79370700232876
3646,2.4119395782826545
3647,6.103417515446148
3648,229.74088617303877
3649,5.139452412241628
3650,3.096079797491943
3651,202.03159610990437
3652,49.24456000684048
3653,-0.21091412724276548
3654,72.62525246690635
3655,2.044952140355784
3656,148.9147588037913
3657,5.822373686329172
3658,8.061833399485195
3659,4.430767661699189
3660,5.582436452842246
3661,34.631764772847
3662,2.0429495292959206
3663,5.856997269008224
3664,127.81975661165471
3665,4.423209407693658
3666,278.67406519623756
3667,237.9855853981596
3668,256.82068256012735
3669,240.10038859127516
3670,8.084164315554519
3671,6.717981915185615
3672,221.2023389893967
3673,5.001786914343497
3674,286.14925395402213
3675,152.1379940695353
3676,50.86235454501003
3677,41.685207110410296
3678,-13.671566483022213
3679,4.0810509879707215
3680,3.6687367142890164
3681,139.1206564914948
3682,83.31040674616962
3683,165.86030957439777
3684,44.868200040007025
3685,146.78146056213518
3686,290.9484373930261
3687,102.88204431067093
3688,283.72815778208394
3689,2.2473764614082863
3690,188.9423735317275
3691,171.49764661134432
3692,307.05213939517637
3693,266.7732816041747
3694,1.4746556303206189
3695,246.3633920781082
3696,210.60061391776085
3697,1.0632106501706575
3698,-33.06658157801008
3699,4.1150875159175975
3700,5.489068336224595
3701,356.6587337921142
3702,3.867919955018273
3703,3.7697825586895655
3704,6.460294502444129
3705,1.1830308613562275
3706,76.71793756805212
3707,2.2489096370832034
3708,129.16610483505775
3709,3.106917684002323
3710,5.40359662316192
3711,344.32431527502035
3712,74.13628813048197
3713,5.421275331679519
3714,334.580155063018
3715,2.516085412352232
3716,2.002389121120271
3717,135.97446917188847
3718,73.6975708515745
3719,161.35070367792235
3720,163.00849856755883
3721,3.257096657707301
3722,3.722717744873757
3723,3.4612412298273902
3724,1.8385447082221127
3725,69.33959653770178
3726,1.750968879636733
3727,230.9154026343594
3728,49.54405700577604
3729,-43.67027199911291
3730,132.78554082454653
3731,72.90108566828579
3732,3.434626691751659
3733,-55.235352102202725
3734,3.0341489039096023
3735,2.0865717867480043
3736,-0.5473528372767272
3737,6.660024595405159
3738,197.6239436356008
3739,-47.78746883981224
3740,253.02924216799457
3741,23.814222129874466
3742,271.2138694168609
3743,2.3444686672355477
3744,80.15069671948791
3745,-4.684796267465021
3746,4.823166049602326
3747,4.759481912501696
3748,220.59424928714148
3749,82.15564462660646
3750,1.5444664878790053
3751,219.9662780961326
3752,102.65972680819033
3753,4.742443457061404
3754,3.906667885961044
3755,26.88286220592015
3756,5.558204640561584
3757,24.86556845460091
3758,6.021442566932787
3759,46.03968244996293
3760,1.913425023867599
3761,6.883502451048356
3762,6.172903265412283
3763,120.60494192789248
3764,170.21318325700338
3765,370.5439486551653
3766,7.739309646314869
3767,290.7781684227687
3768,58.71714960356357
3769,1.6617462242717682
3770,193.83535414088644
3771,3.5348832529944167
3772,197.6653877969912
3773,250.57678932717354
3774,2.4536775709593592
3775,3.5667813452217163
3776,221.38190789073397
3777,6.33954323588861
3778,240.6316248027836
3779,286.249832570569
3780,6.142564943469681
3781,6.458936390614435
3782,2.236855209424797
3783,1.7121941715873807
3784,5.497847087852376
3785,26.418293134244855
3786,74.5764802926409
3787,6.037316413362792
3788,6.715063997505105
3789,297.9014928641721
3790,6.749219155280485
3791,6.502241055425618
3792,3.6704303379784355
3793,23.94570941041182
3794,-8.040869940421285
3795,195.37852408533527
3796,216.3560006890518
3797,4.772713220832044
3798,183.82488156721703
3799,-61.92738491941888
3800,231.95487123625446
3801,126.88211663115537
3802,167.44577441507553
3803,54.24787559413398
3804,55.13272109763242
3805,3.9982839979844234
3806,3.283824109503457
3807,70.61307012619169
3808,3.6284504912557902
3809,-40.34568938961729
3810,2.549810784502501
3811,4.821404803594506
3812,265.6554886559889
3813,3.6438389799811177
3814,290.68942250132267
3815,7.351987477704498
3816,3.8088904778918393
3817,51.590293351952845
3818,6.439688571873107
3819,2.2855639016448
3820,128.4915219598516
3821,7.857595544311832
3822,5.357849525121487
3823,261.4606517080067
3824,5.081268051591479
3825,252.29424398694346
3826,6.031321871414009
3827,306.94676507729093
3828,302.34022134555954
3829,6.4484876147215315
3830,222.65942564911578
3831,60.53842111501306
3832,1.7890114816896172
3833,51.949869247856384
3834,79.27638805079584
3835,2.530635490912536
3836,5.144099003764388
3837,6.874501262899136
3838,5.815218453000554
3839,213.67710202397342
3840,5.640508216886556
3841,133.10267850971394
3842,3.6532893061897305
3843,246.07854626453198
3844,6.350001513778115
3845,6.532565003851335
3846,6.53233099143633
3847,81.20923684588391
3848,121.01705917597553
3849,199.322975990685
3850,14.827050180184008
3851,118.19236248990202
3852,264.88948235305185
3853,5.454583093574048
3854,234.7970749661746
3855,1.9046850599172216
3856,57.760048100701646
3857,3.7543600249953486
3858,3.0187430588032087
3859,254.441557045514
3860,5.950652887454448
3861,-65.95833819458494
3862,-10.058347604202133
3863,3.4770631468087507
3864,2.9917257384323626
3865,303.14846802601625
3866,4.3234229760546725
3867,199.4300770137842
3868,4.752934414119133
3869,3.0366137275109057
3870,139.0997724856625
3871,47.969217147941286
3872,3.7885508198047817
3873,30.34935072426671
3874,338.9326259266188
3875,268.9812819702594
3876,100.24748709025803
3877,-81.81984403800591
3878,183.81275820404386
3879,273.7586131380305
3880,6.389414376917982
3881,3.733840717463229
3882,2.4757286503653098
3883,186.8288722887259
3884,155.94513491386945
3885,6.32009099465879
3886,5.483476974720946
3887,6.270567416250849
3888,2.5095021080359383
3889,195.85906712445563
3890,0.12576426534491392
3891,3.1536273684976877
3892,149.24008526836695
3893,3.5324835543216047
3894,320.62250920297436
3895,-27.828939073031666
3896,33.206780393205584
3897,238.43393977799013
3898,196.97110605384486
3899,1.7263137022061943
3900,65.48007225523675
3901,126.95125045666981
3902,2.847703286397642
3903,38.961478836295676
3904,54.6934123244267
3905,3.464791317527515
3906,6.905381547606253
3907,206.73129579823492
3908,142.29508314555937
3909,3.1255843154413436
3910,4.256189681604366
3911,213.82274721592202
3912,4.236120183398626
3913,36.91654051167228
3914,285.1878438934035
3915,5.855945019144554
3916,5.792869708541696
3917,3.753397045037973
3918,-41.51176937602764
3919,5.1958333413649065
3920,37.392183004096054
3921,73.46453946852318
3922,8.434937124539351
3923,3.375209163206187
3924,353.5774481328359
3925,99.53853601942915
3926,1.8598829148331386
3927,248.8530735628948
3928,3.4767733822210634
3929,5.45368896528442
3930,6.313937582189688
3931,197.249877084256
3932,4.395146534300997
3933,2.7345693345685396
3934,6.668514001394087
3935,233.4613618491596
3936,1.774614471599999
3937,3.0414286263451236
3938,2.9405285484858976
3939,291.55471421250195
3940,6.280525827862165
3941,6.25977893826698
3942,5.7909371005925685
3943,3.2244827715696496
3944,6.38670922648521
3945,346.52646073802106
3946,215.81890426690856
3947,31.708747763539442
3948,147.84486566120688
3949,5.473700345816689
3950,229.12489704414307
3951,1.8737779314009582
3952,83.54627958548424
3953,132.60795756699693
3954,2.310215667425314
3955,5.984620744521117
3956,143.70267059920556
3957,60.17922017695737
3958,81.13649789905956
3959,223.25105484096002
3960,6.023918306520069
3961,6.249575084094885
3962,96.60781326187393
3963,5.823067531997174
3964,169.27274142224545
3965,6.36492728606876
3966,3.232592051869737
3967,3.3365259948049517
3968,155.4443845083208
3969,58.31906544712929
3970,2.2954177965416545
3971,3.542297934073703
3972,2.9957723764476403
3973,3.2711257811261425
3974,38.28354710734943
3975,43.7697780215706
3976,3.534265722425616
3977,4.206547436281632
3978,3.2985826393505504
3979,118.61930365216051
3980,242.83441000144663
3981,254.3689757613395
3982,5.507030981579615
3983,2.889945013569016
3984,384.67433416244586
3985,229.659820724504
3986,167.03127887697977
3987,101.71898428092308
3988,3.2656698097954195
3989,-4.72282096160378
3990,93.6775090506072
3991,259.09626355631997
3992,5.872228867016665
3993,5.702168192353085
3994,37.144673955746825
3995,124.39444837585044
3996,4.211776106264426
3997,111.34005469536915
3998,2.530019179881033
3999,268.86221388589377
4000,5.344142994602133
4001,4.387283349881574
4002,49.57380097159139
4003,163.11408261617706
4004,2.368098949336748
4005,306.8129847927856
4006,91.12185555573171
4007,7.008980677767671
4008,3.478328563768631
4009,5.708001132634887
4010,196.45015061784952
4011,3.2041524017458984
4012,6.456466858481245
4013,252.91940240623896
4014,5.837397733116661
4015,6.206886227922273
4016,73.75140851410697
4017,147.9307830776482
4018,115.4832246687178
4019,1.2351174519519006
4020,1.9448377167058546
4021,131.6684381099022
4022,56.507630790979015
4023,3.9037370081033607
4024,122.328091017246
4025,73.47690125566633
4026,56.97699645647006
4027,271.6001673722533
4028,94.69953907692742
4029,6.488985092983741
4030,2.513038969576896
4031,109.79131114634218
4032,85.30307966066721
4033,3.255551183660822
4034,251.21212079023968
4035,136.32534459058144
4036,3.217863591775407
4037,3.7036069411075125
4038,6.108735892104428
4039,5.9028205017108295
4040,113.06916407676293
4041,323.88368429823055
4042,52.883034799458954
4043,262.78493055262544
4044,4.383844770310787
4045,23.93662037811492
4046,5.873089138744832
4047,3.826130185903412
4048,273.9859847693641
4049,114.37926186134247
4050,278.0465706782598
4051,45.45975976860408
4052,2.7970295051875085
4053,4.045313277924336
4054,5.824875923139187
4055,3.972257364781128
4056,259.35363526632824
4057,7.243886026882545
4058,263.4637819188352
4059,28.03630845484075
4060,250.773738069716
4061,103.22774546989108
4062,3.9496179788307444
4063,1.9500790668566876
4064,184.7924915487025
4065,1.9429379483267395
4066,86.3682496129804
4067,189.15641815407065
4068,205.2208137334393
4069,344.24954953000207
4070,3.1154958101286985
4071,2.552439332169233
4072,2.0501140433383807
4073,3.206245596360358
4074,4.025484372620008
4075,-25.897608385298554
4076,26.76279798339145
4077,4.738502822088851
4078,6.294089157779901
4079,6.828997035436282
4080,281.3989670598707
4081,3.500063569030466
4082,133.22096197940039
4083,4.09340532211511
4084,4.574759869160651
4085,31.589059912061657
4086,4.132145471937433
4087,3.9333248655762256
4088,4.685061600746842
4089,81.70845382585472
4090,141.15625975214758
4091,4.18861632247669
4092,71.45632857435389
4093,31.839831304060525
4094,5.069979524882687
4095,6.871347846816153
4096,2.760698560711501
4097,2.4129472808345946
4098,2.271928105809861
4099,-43.69709528850942
4100,33.172554978002836
4101,6.673266944517201
4102,4.403679546384277
4103,70.23337007620927
4104,218.73224758984085
4105,5.702141221789024
4106,117.67800648510749
4107,94.25947327728532
4108,86.91992788263302
4109,270.9482235725632
4110,6.333087021367031
4111,71.90665438294093
4112,87.02895862303292
4113,3.0438293237218654
4114,6.005565299297117
4115,79.83600758599584
4116,136.65321582955153
4117,80.84868948638749
4118,278.731008030224
4119,261.3029303458452
4120,229.17359282039502
4121,89.782235799661
4122,-21.568052406780563
4123,2.21577785155898
4124,92.5969370545315
4125,2.391684443305624
4126,63.40924382786663
4127,5.907659618725671
4128,1.664671852590818
4129,6.223037161521829
4130,1.9570542255565486
4131,64.31052459679935
4132,6.208632538793069
4133,5.120781397153954
4134,114.02027006888495
4135,-3.170732962021079
4136,157.73631516777297
4137,348.61820634859447
4138,-10.643256639020466
4139,98.12480209712662
4140,68.07935837701983
4141,4.155678021077001
4142,117.10933331697068
4143,305.6191786810113
4144,79.88668681600808
4145,242.08270293921277
4146,63.17301182676
4147,57.08825046116457
4148,270.31219607132647
4149,45.71447266560918
4150,25.73234624983252
4151,62.565798314854895
4152,142.5796053705308
4153,4.065127810953528
4154,359.25514908574087
4155,153.23754635882548
4156,3.1685788443219973
4157,-7.365061656504299
4158,3.9150248622337576
4159,4.29496542153904
4160,159.9181369460818
4161,178.453318259439
4162,5.894524603436943
4163,64.2851448293974
4164,169.25394413790096
4165,2.470572817180229
4166,41.00158733286598
4167,90.25016854485588
4168,21.29226027910493
4169,2.561725662516663
4170,1.8383890312912134
4171,89.41131887539493
4172,4.466912842812026
4173,3.500236797966812
4174,77.97845821846752
4175,127.33828676236107
4176,1.9762789191985675
4177,3.9699734752552627
4178,31.930317091147106
4179,133.97986712953883
4180,178.4724527982374
4181,66.5048846337875
4182,61.249230186642414
4183,47.57990819177012
4184,180.60784056349826
4185,278.4615057707813
4186,2.796093232087545
4187,69.53595887722284
4188,4.000869523629734
4189,4.063409471306703
4190,122.60634044682963
4191,2.099456791698338
4192,37.22221918127744
4193,51.32524947078427
4194,5.904628737016861
4195,4.155531998935003
4196,135.89793250933457
4197,6.744474852323685
4198,3.189346781356288
4199,5.139005750987153
4200,294.49636832178123
4201,247.3766551395707
4202,157.13657430169442
4203,5.650518369629321
4204,98.87072125101274
4205,5.463655980386474
4206,7.831465348908505
4207,151.51234278874784
4208,135.19791660839053
4209,231.0778670526631
4210,-53.974679976852705
4211,1.5707803210506472
4212,5.653356746008671
4213,-23.146387934987473
4214,6.5670071257253415
4215,3.220613319849557
4216,1.7248546809466008
4217,3.0149340497457606
4218,5.735971793360805
4219,31.50422049828395
4220,68.70970131859308
4221,1.9540924128710608
4222,111.59500678893112
4223,2.8134440103669816
4224,6.635367908452956
4225,4.857497267049139
4226,286.22863808514336
4227,2.61943465908208
4228,216.33935972837693
4229,116.05007214274163
4230,3.0424964073453227
4231,2.160626584474924
4232,43.846200105230274
4233,3.2044154061908015
4234,-5.5777278971691295
4235,84.55356795205796
4236,248.80644296627344
4237,160.9267404759025
4238,2.879353578304403
4239,52.974927098245224
4240,13.769021251091061
4241,46.47704669606067
4242,232.61922540185958
4243,-72.95431753536494
4244,349.49468542869585
4245,4.900265048260185
4246,1.9668089374778397
4247,3.7376609243454686
4248,4.08215290157203
4249,-32.530327104792356
4250,5.1739639395734365
4251,289.7275448163729
4252,6.351639809196647
4253,6.277814655413135
4254,5.306625246675925
4255,-61.240414207696865
4256,2.3358140664167584
4257,109.52057550932795
4258,2.5488912630363854
4259,1.5864138738213216
4260,82.48021995075142
4261,2.3487125015884542
4262,290.7388652341238
4263,87.47939559635056
4264,2.6229053976900305
4265,30.03050999995819
4266,4.036676384023595
4267,5.3924667924385234
4268,5.688696894466833
4269,183.5179976968131
4270,192.68243308836483
4271,136.47325769103207
4272,4.649415987393972
4273,8.131589158246701
4274,71.4687789890137
4275,7.022350538027583
4276,307.9463123852649
4277,232.10109375751227
4278,370.974391990792
4279,321.3711442429614
4280,121.3930338936424
4281,37.02874775306887
4282,16.138136757029734
4283,6.73236870611063
4284,4.782205302027057
4285,109.98949774281992
4286,305.9328607453263
4287,1.8774106336750835
4288,173.76445359052107
4289,209.29459672864118
4290,166.60622261794748
4291,2.842338612369513
4292,5.054278092250768
4293,-9.821788353451822
4294,-54.4986195209212
4295,1.0523938439094689
4296,5.485165730542316
4297,6.693727233700608
4298,5.977962934768445
4299,54.63813191596161
4300,46.51168815369282
4301,-38.25037774925182
4302,166.6558433778656
4303,1.7861027024135168
4304,-61.09263339748898
4305,3.95132940145221
4306,316.39936823373665
4307,2.8176911282558037
4308,62.89248849260193
4309,4.274602603084371
4310,2.9076247796707673
4311,7.787910918271443
4312,320.5166182546912
4313,3.445847631911762
4314,2.5819822060685946
4315,227.0041202564106
4316,1.6764837111795992
4317,177.67804243359774
4318,5.8596342345982
4319,45.85175809082491
4320,119.39923219510662
4321,4.854575906793971
4322,299.59392036504727
4323,100.68421090262201
4324,3.325373381431241
4325,6.245642852002467
4326,3.86270692298808
4327,105.80234799812506
4328,138.35081311544712
4329,213.1090269367565
4330,28.55574255277366
4331,2.6985557368375526
4332,2.257591401289841
4333,251.28382018009196
4334,3.7079866885691373
4335,3.2128090163601977
4336,2.1620398143245585
4337,5.9676003650958735
4338,6.975566776261093
4339,5.647832683204266
4340,-40.49142492188597
4341,66.06239884779826
4342,180.27331214590305
4343,180.37740057148653
4344,144.76031184503583
4345,5.9128374370963765
4346,4.7908703910800945
4347,221.1975292755257
4348,5.549853613074677
4349,155.2804491215862
4350,-26.396543372837158
4351,110.11591411648105
4352,185.08265357593334
4353,5.1590873809417275
4354,125.13095575785421
4355,146.97737589580316
4356,1.9812881245161083
4357,5.1503634720466005
4358,310.28239847768594
4359,216.67621606326287
4360,3.428647627085411
4361,13.227436927956816
4362,-0.16404465361161863
4363,3.597451052066256
4364,4.948187454858797
4365,1.6365452557004678
4366,3.011717070793657
4367,241.7105930211926
4368,-18.855972864966677
4369,80.15146998399865
4370,6.43801981360405
4371,198.0098824068019
4372,90.85486723018164
4373,313.57276485187583
4374,6.659164986012364
4375,226.6908704321551
4376,283.922494365594
4377,5.196977002080343
4378,5.535397580838903
4379,204.99694964699182
4380,3.1371629485655284
4381,2.8714731749923423
4382,6.767079916788348
4383,33.9639503483883
4384,5.0996774165095875
4385,219.2840698187651
4386,9.615158637916343
4387,312.1109957445341
4388,95.40242067523543
4389,6.735024888773364
4390,4.245933337170166
4391,3.61193599382382
4392,2.4786577785131847
4393,110.28110416106864
4394,88.11498536626098
4395,3.0743297735543234
4396,5.951749697263526
4397,2.48661554486917
4398,6.420467755971095
4399,2.871962299488348
4400,260.85452577790613
4401,6.832768775631838
4402,225.84697859105762
4403,279.6164229176727
4404,235.15021743469327
4405,342.4968202584698
4406,20.336455973545796
4407,84.72625328011434
4408,6.413601314586751
4409,111.10414527354838
4410,-90.93625168189007
4411,2.6857229444387563
4412,288.16097485943004
4413,212.48238049551014
4414,4.104220477912573
4415,186.77748040503909
4416,59.09492150562495
4417,2.512711731665891
4418,215.63857361803903
4419,232.37606981858926
4420,349.07426598422745
4421,341.75288771445224
4422,-3.18339100785414
4423,2.008573569525619
4424,47.78780353482822
4425,182.65486841175863
4426,5.334354655756344
4427,215.17715538629747
4428,6.11277289591475
4429,4.807478023661093
4430,5.125870923896575
4431,183.25885373022905
4432,3.8645544458667436
4433,3.8600466693305506
4434,122.58203797439839
4435,5.712119522061524
4436,6.426294022623722
4437,-34.34303117954648
4438,101.21042759923982
4439,6.818295378517914
4440,252.1837945681668
4441,1.9878714706215308
4442,260.26217833406497
4443,6.53812330034821
4444,266.21260694154745
4445,3.8189245267309007
4446,3.721745966082799
4447,110.57573417136047
4448,4.928099413723638
4449,-11.85185809588436
4450,83.48067405941822
4451,114.08477247691798
4452,286.01592262417
4453,267.049804050981
4454,5.0451292125499005
4455,5.943632913969638
4456,214.5553039746407
4457,4.124484181217739
4458,6.6267978314461145
4459,71.87048361070428
4460,0.4350456839638097
4461,93.65291793653842
4462,152.60041692049097
4463,45.697143921584704
4464,3.914484824415656
4465,116.40193328426606
4466,4.535636800431854
4467,2.834956143890661
4468,1.679610700225626
4469,1.9220442497416863
4470,4.822531547202158
4471,2.561128524431919
4472,242.33419860369958
4473,3.6223100763956233
4474,255.18455714531999
4475,3.9580719773932436
4476,85.65775661140809
4477,5.858358402025889
4478,4.127700231942571
4479,112.03054044134413
4480,284.71004534572035
4481,3.8707056984325283
4482,209.959194406288
4483,68.09318338545998
4484,294.43383541935737
4485,215.85462354960995
4486,2.3899788122754853
4487,101.42024639213345
4488,51.59881963969954
4489,-46.69289520296672
4490,102.23784341781287
4491,5.518753942265527
4492,254.89078882897195
4493,315.8011198125862
4494,20.444898806831887
4495,2.4265881874168858
4496,74.88207315998714
4497,6.814301673088205
4498,214.84573785367806
4499,314.484636167257
4500,139.3331066578496
4501,5.344296803196725
4502,5.997393402962509
4503,185.27167479696558
4504,31.921892948599474
4505,65.67043363998603
4506,2.42618861433011
4507,-26.289155217142444
4508,156.93992111137325
4509,42.968476789362384
4510,2.2816911000504483
4511,262.20660517170757
4512,57.804427698082414
4513,114.52460527941307
4514,2.8218143388395727
4515,2.907994168638476
4516,3.44237211964754
4517,4.759378479290399
4518,31.506523618135535
4519,113.04890236792528
4520,53.26191280150531
4521,2.7284005251816543
4522,82.11803223030326
4523,6.730968607305791
4524,227.93220216464422
4525,11.59484795487166
4526,2.315357945705511
4527,107.70268479384556
4528,151.29757617960513
4529,132.0982911265638
4530,210.8171272503231
4531,4.1483253518358465
4532,4.269628773354224
4533,4.466111843583947
4534,58.54919565904355
4535,6.075164047690261
4536,1.6688584207731518
4537,1.8791339234045952
4538,6.330087326679418
4539,306.35471099926076
4540,153.68842738928646
4541,3.3494161211014446
4542,2.8878973663597116
4543,214.70341677870925
4544,30.383415731161385
4545,5.315606202149133
4546,27.383380986915753
4547,5.74155941783259
4548,173.04207886794256
4549,4.548738950895728
4550,236.4468106356179
4551,22.924298010398648
4552,92.0395648172527
4553,120.23005071359823
4554,4.430660335685157
4555,201.30729121714526
4556,288.13712430114276
4557,5.019724824402886
4558,4.504318273909504
4559,65.55113229638421
4560,8.05686038800435
4561,5.776328982160922
4562,198.7706362005984
4563,48.2203991165708
4564,233.82913229954755
4565,56.28736853407789
4566,210.6526809058867
4567,275.7526054453799
4568,141.4054841021212
4569,4.906067535545127
4570,219.39140626033947
4571,266.7410606779839
4572,5.211996747977159
4573,2.772257091205696
4574,2.0908848545625114
4575,5.255479983570913
4576,143.22274921898
4577,240.11480368291444
4578,76.96962735464145
4579,22.846326431751617
4580,0.12576426534491392
4581,356.5174297625686
4582,42.7712757980225
4583,0.9315370610993001
4584,298.3547224772196
4585,36.56547026132248
4586,5.9068266564977545
4587,3.853776404695111
4588,1.2143876546717096
4589,4.06214913068361
4590,3.2241935795077024
4591,66.70220887197588
4592,5.316150724903209
4593,115.84702634331136
4594,-11.097828221321194
4595,2.5960687746709388
4596,49.37857703849753
4597,147.42081631865014
4598,4.5896998368287765
4599,-28.31529298227263
4600,81.60734389691395
4601,7.058030654155062
4602,5.637463498143419
4603,5.177781882657106
4604,74.12175966117368
4605,1.8372024825051312
4606,138.0561906243296
4607,20.805731102778783
4608,4.434665824028683
4609,212.10140887530403
4610,96.82566223328043
4611,108.92012696890174
4612,2.495871113141358
4613,-70.36718495145759
4614,74.94858264820297
4615,-37.35699396313076
4616,4.182963572557157
4617,4.766776871028258
4618,3.980434809901357
4619,6.356202083793488
4620,6.700306250439904
4621,98.96708754888282
4622,4.264511085830502
4623,6.186013403376148
4624,0.3050683819971941
4625,87.83850189144442
4626,49.834690978618546
4627,5.1155808349535095
4628,5.905516282763052
4629,59.89665503881765
4630,5.2983126364622715
4631,12.33276675358317
4632,6.687069074391619
4633,235.34353190850175
4634,5.763332364999476
4635,5.774014227347402
4636,91.32655531366302
4637,7.112937059810892
4638,420.13992875454477
4639,278.0289035204248
4640,2.049836328589517
4641,197.80404264731746
4642,140.1339315510322
4643,50.0682060786088
4644,43.73551664032667
4645,5.84672549441097
4646,37.79420091730706
4647,30.007514130778265
4648,194.44747614181588
4649,123.73076562230496
4650,123.34452594332902
4651,56.36667190620689
4652,4.900688591109942
4653,249.2583346131392
4654,6.167602974872226
4655,5.543208397673327
4656,3.0720320175130773
4657,3.107449621373344
4658,6.821671745806558
4659,66.89066010522411
4660,1.9653891192284405
4661,2.520596056752274
4662,3.98978228168684
4663,124.51230998562717
4664,5.997618449823977
4665,170.79225225933342
4666,220.1385579642337
4667,1.8452871154933945
4668,104.6623189377898
4669,267.97438620588895
4670,36.36140807028582
4671,2.0588825371856267
4672,0.6032050019019191
4673,75.38306228139153
4674,280.9393401918447
4675,1.8004017417727527
4676,115.31767448353585
4677,53.10379955384293
4678,5.840203181396421
4679,90.28074253759023
4680,4.142298945161559
4681,2.13049434297717
4682,207.78763174701845
4683,156.26912245911237
4684,99.38307062397412
4685,254.01414297229448
4686,3.54022214876216
4687,221.07727897017367
4688,335.75309810683774
4689,113.17602373439134
4690,6.28868781085554
4691,6.739173365598717
4692,4.367351057384968
4693,71.72762265728466
4694,4.618256812288647
4695,372.86575719046374
4696,4.726074192613486
4697,2.6620917948689704
4698,4.663257395746392
4699,3.7664704600678904
4700,87.12683361375623
4701,5.7636289243671746
4702,1.9530580423909347
4703,3.1647671866523006
4704,4.604709722766195
4705,284.7026320122272
4706,3.3797588566369057
4707,4.846012027224852
4708,3.047731940660517
4709,71.89238156627118
4710,150.71852102629703
4711,6.369040869978756
4712,237.20422996287982
4713,3.824038721969527
4714,5.642928867430429
4715,73.14013647129984
4716,73.95633161353281
4717,6.894075789856316
4718,6.285203937792436
4719,201.8250787636441
4720,182.89603416481452
4721,6.013836236646375
4722,4.097903771674947
4723,6.69170304351829
4724,64.4665484031913
4725,181.2355770677779
4726,3.3612169796762976
4727,295.6260549392238
4728,248.44262964014976
4729,3.7385737910942285
4730,171.72962962669754
4731,106.47571525141062
4732,21.771133825366338
4733,5.613272202630088
4734,6.355089605344969
4735,5.46407027591165
4736,3.347300384882347
4737,50.00839687107186
4738,-19.89913882132688
4739,164.84690050637744
4740,307.8243474751822
4741,5.343100894202215
4742,90.97696741077064
4743,5.582695478956528
4744,256.4041326676644
4745,40.91449584371087
4746,3.6477715208002963
4747,3.0223839562307804
4748,3.115223525443532
4749,5.812446670786572
4750,5.6562808112885925
4751,3.920534051362021
4752,111.88029008016998
4753,149.60287964331158
4754,136.03616262786562
4755,4.195791771598462
4756,1.9406627500794214
4757,3.6163132150233155
4758,78.52118224640468
4759,106.29956854539688
4760,4.690320141414299
4761,2.9742019508337627
4762,174.90020226060352
4763,218.40739726500263
4764,2.283615001764425
4765,327.4003929050903
4766,28.010912178177634
4767,31.749159102616588
4768,22.20196634992805
4769,-35.683533579511355
4770,42.53157681860227
4771,41.50835641210258
4772,4.047149213996007
4773,4.188894075941113
4774,149.6646483518473
4775,1.977157160932543
4776,2.6333318780386765
4777,190.56968654067555
4778,4.735086416857373
4779,31.043676211322623
4780,2.0379832845874404
4781,56.449180676561575
4782,4.8426718302105565
4783,3.969533442688598
4784,2.6565226115557614
4785,36.38651779315198
4786,73.74929710051116
4787,5.6902508478352685
4788,3.7804105578649185
4789,3.01641642335003
4790,121.21947175087104
4791,214.9294172824986
4792,4.5161875932908
4793,169.5531850035148
4794,64.91072143110172
4795,220.19463164899278
4796,3.235050527122904
4797,149.30538401678828
4798,5.946426162415891
4799,3.919983088434174
4800,336.0963964876853
4801,3.7551064142745014
4802,4.9105460892611985
4803,284.20541247785474
4804,1.605452774061534
4805,246.47198403132015
4806,4.205347373720716
4807,3.0235784286081033
4808,64.8721675876305
4809,100.63511060846058
4810,1.6120743527173222
4811,2.013825448141304
4812,5.4078851153599015
4813,280.7107782528579
4814,239.08036280178828
4815,2.7653716089211633
4816,2.7905446534685954
4817,5.957649732085936
4818,1.6622789217342426
4819,87.10527412804753
4820,2.382583786884543
4821,198.15490793390092
4822,118.93058775875576
4823,4.5664501832964
4824,3.007443627592944
4825,234.52853590390035
4826,4.876217242806415
4827,5.725911987062875
4828,214.20891172646287
4829,131.4431255448119
4830,98.95408421063885
4831,171.67855342052982
4832,6.485120383624555
4833,3.7258839697852233
4834,108.20678889562029
4835,3.77440772345346
4836,6.6114426944212825
4837,216.57794225311545
4838,29.535262029914637
4839,306.131385089642
4840,3.067547138945563
4841,160.41329022366602
4842,26.915729307026183
4843,2.0816310720641984
4844,4.008651433235342
4845,4.646551479684133
4846,7.253459256081831
4847,3.610141768408872
4848,2.3348491769924062
4849,5.047789644393954
4850,6.802152357702218
4851,5.687672952060674
4852,100.68759872355838
4853,292.45372365971184
4854,2.567722258264513
4855,3.0095637241245585
4856,179.04000118612564
4857,242.54902017527473
4858,263.95521001686944
4859,138.39388992459178
4860,268.93023195428833
4861,-1.3807815967774428
4862,106.61939849970278
4863,6.4042746956544265
4864,5.917220124573103
4865,1.865685153731607
4866,1.184267405200927
4867,3.7491891502863446
4868,50.31605138695452
4869,1.2546697915354768
4870,130.44779670337132
4871,7.295960531750819
4872,2.353578891619416
4873,290.31175663497703
4874,1.7465680923516764
4875,3.3784568676200477
4876,219.20885755254574
4877,6.327734033541865
4878,82.21957634980961
4879,77.25528990052084
4880,5.6555621940459835
4881,6.132280693576435
4882,49.71173634699847
4883,1.7500978725349936
4884,138.1723665577804
4885,-61.02456223027043
4886,240.3576016250651
4887,4.82295277225745
4888,286.09181340708926
4889,29.879155061871398
4890,217.13724445072657
4891,146.37771740391665
4892,2.0580448389209067
4893,5.735115434768903
4894,99.15301403589906
4895,6.706626963836026
4896,5.846888131616336
4897,6.883436885114361
4898,4.043789095895267
4899,208.7060176908377
4900,2.718047859660289
4901,265.35054603723654
4902,4.203824494090687
4903,151.46981904149982
4904,400.56981060835966
4905,98.90032393141286
4906,155.75025576653957
4907,194.17606118287563
4908,4.354887266695873
4909,178.1462645370795
4910,156.12904986626748
4911,91.70000611284138
4912,5.168485240518011
4913,212.64305368555918
4914,190.29723020969917
4915,3.681602614611446
4916,4.972385750845264
4917,6.5273686140902365
4918,2.7383668618337094
4919,93.99743908605859
4920,2.089866990243114
4921,-7.427064567002641
4922,188.42862799741278
4923,231.09448299122172
4924,5.8380878933835225
4925,2.7180319672908664
4926,1.2816600360608186
4927,5.835364961987948
4928,3.149684738340716
4929,74.3269036745207
4930,97.6862500596982
4931,-23.555577865920938
4932,5.916707999526317
4933,229.11200152232922
4934,-58.31611502045355
4935,70.62898841342151
4936,230.64613625744488
4937,33.19691101928877
4938,89.25914248953198
4939,53.33221759751136
4940,3.680168623072771
