id,target
1,4.207104849451526
2,2.6307269859515356
3,307.638062268319
4,-49.583649084304085
5,4.448662993916598
6,6.695017724920339
7,5.067784421036641
8,74.20852480546836
9,70.54766470011427
10,73.35716200798555
11,36.788511128657525
12,1.0435866847424462
13,271.96951151769815
14,187.54118825804363
15,3.713351361247014
16,272.849012195385
17,3.1101704380601607
18,90.48479395347749
19,3.356806233024144
20,6.719271537578884
21,-65.07527156369926
22,60.4280978706247
23,4.594405890776314
24,2.6966972450429894
25,40.49609258460062
26,80.96701288832458
27,1.3742244948637592
28,176.36772216610302
29,50.548686173594994
30,3.2903743090835906
31,6.253040039102968
32,31.892576593195116
33,47.94084872378973
34,3.9254340849083205
35,2.3924180399721906
36,6.597428403436074
37,253.78783200253807
38,253.66159301361805
39,54.0734856246429
40,125.91510083891826
41,-48.54656063262764
42,3.2555266682244026
43,5.798706213022664
44,4.446674928415261
45,147.89960585364105
46,64.62181947410693
47,3.135214435080986
48,-75.97486567642792
49,4.70477042075148
50,1.8750641321496742
51,261.71442035844916
52,3.133193003855173
53,2.5133924831816907
54,108.12697935498846
55,2.922187489902111
56,4.352753686450394
57,5.690266808675109
58,173.28693081181999
59,240.19203090718804
60,6.740840753300946
61,2.3763281929514655
62,200.62252027569093
63,6.716964312601931
64,2.56135459997511
65,2.054213736658747
66,3.7551778286518385
67,5.013391438714278
68,192.87487910049282
69,117.63721420418437
70,2.6271841609398616
71,2.5449506940840303
72,2.2623227291667094
73,25.85049183624921
74,248.74308552507702
75,216.40854540399965
76,6.208003722924156
77,5.810460408424467
78,140.3015772445309
79,269.8595553092125
80,3.6334740076776355
81,58.104863359311224
82,4.401648969723768
83,183.70631756637187
84,51.88405981880764
85,-19.58491134688216
86,2.327795160300793
87,57.112359851768986
88,174.93136314898123
89,6.012317678822628
90,5.347244191711934
91,51.458813227301356
92,17.300674313165633
93,28.905127398864003
94,4.902441123963876
95,3.9399136021737533
96,3.094498438270602
97,7.087291644121834
98,224.12493213859642
99,78.7771102328991
100,275.3786298653724
101,5.22704798142859
102,259.62254070803226
103,4.470759133590507
104,6.629981982438844
105,147.8963631074193
106,8.91086891013724
107,291.726503395585
108,2.501996335524298
109,190.8360029200898
110,3.481000318075775
111,62.1036607199367
112,2.022138098334777
113,239.5196747163532
114,6.501989161251794
115,5.203609947569582
116,378.36377092869463
117,190.6955545047527
118,174.83128735921633
119,248.94702626612528
120,343.13469300539384
121,144.50664374396501
122,3.653049620910409
123,137.02463852759192
124,278.88188571718024
125,114.58009173542783
126,6.335356467611112
127,128.7891426590736
128,3.638502325570674
129,262.3377381760364
130,101.3641933959061
131,71.50970969437914
132,-2.3844442214450905
133,-64.24247382827582
134,334.1571155173999
135,6.245654678175038
136,2.2224512600966877
137,119.3979099975131
138,5.84208479192423
139,218.59232004875673
140,299.683777580751
141,57.75770189254081
142,9.801199271455687
143,22.91099425939344
144,15.938690668791352
145,6.642900899252027
146,190.2009954721858
147,223.96187420638387
148,2.059300789814282
149,175.69995298188144
150,70.446093838605
151,289.1475111546055
152,237.87747016954472
153,181.04076750385974
154,19.98554619817717
155,4.447494373849562
156,204.7577312416597
157,157.79130490103137
158,112.80861547557731
159,150.8154768749431
160,6.2993227189377805
161,58.13659178594492
162,4.763346457791625
163,256.86276694158636
164,3.078961921632381
165,65.78612251451784
166,210.74196140796343
167,336.66088593409825
168,6.9767935477555
169,1.894680763105931
170,233.18255309013122
171,3.046777958331753
172,4.519095921871731
173,-52.27569736764194
174,3.823859371209595
175,5.656057390861092
176,142.77999070218286
177,73.03719291653582
178,327.7015132817834
179,136.31413159907217
180,218.5256230899953
181,6.45226582908847
182,2.35675518909024
183,289.5836920958678
184,6.625445126669609
185,1.6393842688494402
186,3.4160258657989004
187,3.1125483923954094
188,3.9897354366374698
189,84.46065494018316
190,4.210136470065406
191,2.087065066915252
192,37.94458739254179
193,3.461108789633796
194,326.2799919627547
195,96.21311455825682
196,269.1975515413049
197,123.51041679133957
198,215.45342885780968
199,54.41609541392718
200,1.935092779802338
201,3.2456854619344266
202,102.31187242926768
203,52.109367582684555
204,4.536036817008944
205,272.04629567621123
206,51.450637490368585
207,220.58381558204005
208,137.84035621373903
209,62.83354658297728
210,176.1127911241157
211,86.16408853463435
212,103.96526986567565
213,266.36193358838693
214,62.83264916628197
215,15.282136375418727
216,214.92610968197184
217,68.79542217761941
218,173.03367754009378
219,199.9374984946412
220,6.301081649620844
221,230.1797798982402
222,181.72127455656567
223,2.847252465667266
224,161.90046230601885
225,266.94060449584765
226,209.9687879101719
227,45.93392114553242
228,269.7623368091793
229,258.61579131036734
230,1.3322638651002892
231,220.62481056116366
232,55.530474260383386
233,56.304886400828124
234,240.36509973848177
235,116.91214386764706
236,2.202624329912018
237,5.962068458738084
238,42.0424777251293
239,6.281415925290971
240,187.63236509040712
241,307.56849780796927
242,232.29832719673988
243,4.2614456610880005
244,2.7704254368651777
245,52.14252842562202
246,121.10616905898569
247,142.86068629505968
248,6.53485366484785
249,5.85629347227007
250,62.625570817437094
251,58.394798836711814
252,186.22153915862708
253,7.9317428958399265
254,190.9985981727604
255,-48.28817272202957
256,5.4567668080484015
257,2.0873210713500256
258,62.59762490261021
259,257.4448143722617
260,2.502384500124924
261,5.598135455683725
262,6.284036779617929
263,-38.6857668500552
264,3.7728300980528475
265,3.633264179639971
266,2.1973843567340863
267,3.655272130721359
268,1.664475553654209
269,194.3653880126388
270,3.0045021092370927
271,155.20704971097965
272,93.19646670799413
273,4.729291402448949
274,5.182868777477489
275,319.51358777436275
276,182.59063519197267
277,222.32856808010723
278,-61.12294901513468
279,4.252765526288431
280,188.3245405404079
281,5.207512292679719
282,175.18263514855698
283,191.0473246714526
284,144.884139178539
285,242.71473910036195
286,137.5494387900406
287,236.62028589079605
288,6.231427175378352
289,103.00035195180175
290,4.816589721720926
291,105.92179974433637
292,3.9134675642938834
293,52.40158385721714
294,126.93377673295402
295,5.349740602163946
296,108.90258844215413
297,55.12366894347
298,-41.02142549329919
299,209.31452249987467
300,5.860598191996214
301,4.384005581385389
302,4.984016612392246
303,4.3256506259373975
304,3.976337887249245
305,4.834818602881178
306,253.3151951471823
307,3.6146763100043175
308,3.1978042985097304
309,99.59062369463973
310,2.1995920053471085
311,2.18848360359899
312,3.7717571424768024
313,142.20672810735047
314,3.8681839704949197
315,0.6637045026578812
316,2.2043350040912664
317,4.347145370643906
318,4.022626909672309
319,34.82171431915751
320,1.8331583832485876
321,6.332969104517196
322,3.3401584196875276
323,1.831046004179497
324,2.5875891090217578
325,3.916070151753713
326,4.934740642275877
327,55.277708758319086
328,4.2106322907562515
329,77.55605736206269
330,55.228594713054605
331,47.16556647504078
332,5.542636260034712
333,2.946388304196668
334,6.728728286768356
335,153.95943137596953
336,3.73736657824883
337,2.3715233309009394
338,141.8918076936837
339,55.32060869216056
340,297.0018095742175
341,120.88993641080336
342,63.66943208778439
343,3.7440740752686663
344,2.31565584584129
345,121.04636680768405
346,2.6466791059661894
347,4.762205937328288
348,63.19786629747274
349,-49.02688901123021
350,100.1472595463462
351,245.2510126548356
352,32.937886774687236
353,1.311630595001025
354,5.918879984663404
355,316.2095448786621
356,216.8142558436129
357,3.0868558964565613
358,113.85777727034127
359,4.391194768684739
360,128.8643247905778
361,4.892249628215384
362,5.475384806405415
363,17.096399815803448
364,4.23140625817485
365,5.435655634505003
366,75.99209966160765
367,4.6091260304602395
368,239.85129768574345
369,5.152442595270871
370,-36.1347192553807
371,255.3185531813032
372,45.10272482535203
373,151.31262312720924
374,-13.3645781264064
375,96.66002234065454
376,2.8524845252061657
377,2.8384828789083683
378,3.8927902586696006
379,3.122486626714642
380,0.8015764693699609
381,6.0168249529854565
382,6.346252553969649
383,148.78785413739615
384,1.7741882559134563
385,3.8305724683041955
386,273.5516427197781
387,2.659962460797303
388,3.828361757675296
389,54.15061933370555
390,4.863614195764699
391,165.41740630488437
392,6.450168222123878
393,3.9129828808567533
394,310.438799331607
395,209.50947114872395
396,2.904227710835368
397,1.7726752996394348
398,6.577972146779935
399,190.06057762442867
400,234.4035859786928
401,1.6722123071430202
402,6.424425492176619
403,5.033555389773021
404,5.824324252428497
405,11.408340580122722
406,7.4156157526575255
407,-62.54910027175548
408,3.8259331017132814
409,3.5146065720172075
410,3.591911996560775
411,2.4650976506846263
412,-29.836712483221113
413,333.14158185989595
414,5.826001734243597
415,36.25653878484313
416,3.2391640341131023
417,6.734125761171752
418,5.634901346421977
419,5.578389905734934
420,4.739797069545036
421,159.55885589977441
422,160.04762966142903
423,118.98181331775177
424,161.61032718877513
425,5.807440680517267
426,259.64467079526605
427,3.226550715272679
428,226.6380499009461
429,3.3129994592495255
430,4.539842408000423
431,269.7244781134548
432,144.75847002426536
433,11.30831352757377
434,6.20378500473856
435,48.03367125535294
436,240.81811638275263
437,199.46807581271548
438,173.5528276650271
439,5.811653788774562
440,263.95458138322016
441,206.00016588757316
442,127.81875306021091
443,318.183389709196
444,5.4307190309532025
445,6.2607767368418346
446,61.5709255041627
447,1.392971152912353
448,6.282754112677865
449,312.81273901758516
450,270.22567691226186
451,156.9515829107009
452,231.78651023923715
453,1.8560101179453428
454,3.9077805548045714
455,126.06707355168854
456,3.1984620966812987
457,4.902208330014931
458,268.9238325768555
459,67.61956010688948
460,24.339801403412434
461,113.20536192303064
462,5.822333608115111
463,207.64548067527016
464,5.194853086540585
465,151.90859711969907
466,67.61740978375488
467,2.2636958461797025
468,5.324213135337871
469,25.96050743431347
470,21.02038557927629
471,1.8120347658364753
472,1.9128780770476819
473,54.00139761653736
474,6.0818947703125374
475,108.16586516875495
476,6.3182716090580655
477,1.9931170722236078
478,4.504403216320142
479,216.58525564978254
480,4.76133193130192
481,6.026682430246589
482,236.88096052569793
483,1.7308223856161349
484,206.14569781983505
485,107.0883953944322
486,4.559872508035103
487,2.603972414343012
488,191.55198788586796
489,2.6458434754614664
490,4.621544416778001
491,6.35078387516752
492,3.8460526737471654
493,3.652816886142801
494,240.87049409672517
495,5.849156625500086
496,204.32456823814363
497,6.083813941532592
498,5.813831606281649
499,5.7027282380663005
500,6.782875515279608
501,3.3644470333060914
502,315.22712821357317
503,111.41383152026894
504,-5.702239276624551
505,1.805408811415081
506,6.48259872945788
507,330.9616877427596
508,77.68727783848126
509,270.32452722427587
510,4.370785094866547
511,106.21233463375785
512,204.08878489228965
513,219.10992183108306
514,332.4396465489253
515,249.15247904467753
516,232.02514604591605
517,280.1636242883304
518,7.121994232061297
519,34.61973491298809
520,308.07959667404333
521,1.5320018044030568
522,3.9393603482462316
523,237.27725819409284
524,4.60335163135038
525,173.80546126887137
526,5.594984612934261
527,4.962893939804827
528,4.642365844843081
529,6.2694980045651185
530,247.17518049572757
531,103.3332395093457
532,4.122203206045613
533,70.15769377581643
534,4.2320287774835155
535,6.969586571766863
536,5.947328291793233
537,1.6285137142676969
538,5.204713245510579
539,268.387539454024
540,270.60794732797143
541,235.54195406493858
542,57.99414506258084
543,105.60652265802626
544,4.896122558754507
545,4.35630686317531
546,4.02014456204034
547,2.038619012818751
548,331.13620068195826
549,5.759389424580426
550,255.82441924092436
551,5.900098900065759
552,108.06398158575416
553,3.6710985572466743
554,71.32805700185523
555,99.04165004131856
556,237.65666639272524
557,196.45637718991554
558,5.040384196360298
559,5.616749348750683
560,148.31238620503626
561,112.19213422310916
562,165.19497229689586
563,3.173708226981635
564,26.48956776855976
565,157.55922658153276
566,2.6897497393540037
567,52.03712095329689
568,113.85080870385974
569,298.1336049026828
570,4.13184116991974
571,208.42433105402597
572,3.1598940946045024
573,71.68494262902078
574,106.99341175365221
575,7.1972389764228595
576,1.8513733331819056
577,3.438973028436228
578,176.29500570355458
579,-0.35045946331124045
580,286.5782131100334
581,64.56133833076039
582,95.82537551094026
583,5.09452206768524
584,3.120137279638718
585,152.68160007229773
586,4.7720986927457325
587,220.8952286227092
588,3.0511974872004703
589,189.44452185292346
590,301.04929881843606
591,149.6340554570053
592,6.793145481711174
593,230.8935214630512
594,288.54592462392304
595,41.12151785768731
596,5.314140555844479
597,111.9055449991555
598,2.60857882100642
599,69.91422770671163
600,158.1748470577222
601,135.28955440259256
602,41.84728200201632
603,2.1349624663774724
604,242.9294536851168
605,2.5590322735929667
606,2.747475781148615
607,6.728280420456914
608,55.96230405838733
609,271.6665590022102
610,26.50131507728957
611,58.46207653013665
612,4.968571549767767
613,-1.0427398211515828
614,57.40591708150596
615,1.8764086431188653
616,177.36778689498368
617,-52.039556120659995
618,234.94296305400744
619,4.760147732991021
620,6.092249285386554
621,180.45940817609073
622,107.68768815060092
623,188.91983370110583
624,184.62669708779316
625,2.4139242653353286
626,2.0988750961810747
627,62.47118218790227
628,4.338789258274241
629,227.23959797842298
630,4.425295777232012
631,2.338582659351216
632,201.10627435784787
633,152.58913758841535
634,225.29238503184203
635,2.48346739046667
636,111.74971068192232
637,116.74969074251244
638,6.798652818250532
639,34.95233157750779
640,111.3226595057475
641,6.830291100740027
642,3.067663966217707
643,281.98762973140146
644,3.759634368203941
645,81.54827907826487
646,72.88976742312643
647,197.3230141603538
648,265.00769484427167
649,381.9229774408186
650,322.51327376837
651,112.98207140792277
652,60.88887699362968
653,3.291032458017722
654,197.43225059003225
655,28.87329608414724
656,222.3875980329571
657,174.94205364177384
658,286.99744911369606
659,1.9133187598048051
660,111.11181977404578
661,4.055914162872787
662,132.98116943226935
663,3.580610058212975
664,-37.12100531975318
665,96.27369252531864
666,138.3251092700089
667,233.9261565574178
668,353.61262523636486
669,188.0890724667237
670,206.65485232415313
671,123.69611962213637
672,77.70452608538454
673,4.292691237824249
674,5.04403022607009
675,5.895035762245047
676,5.0782473027297215
677,32.93895019434581
678,209.90523573184927
679,4.834036912697026
680,2.8252372405094244
681,1.931682088008833
682,79.50591041467239
683,5.67152521080964
684,167.2656802992235
685,220.36949832381796
686,5.78488969149784
687,364.7735772991455
688,73.45563337076669
689,110.64986044760978
690,334.1011064431008
691,3.715905317954893
692,72.76396084212716
693,4.995664153974988
694,6.623120408605178
695,-29.453360416489225
696,300.5071228735618
697,1.0942552549205087
698,229.8375882000554
699,1.8753916353459834
700,257.21193881526847
701,3.7705546327457036
702,4.435913408612908
703,59.388862502528866
704,75.1378219806526
705,194.7998396349974
706,243.90783993354506
707,168.2769177406052
708,59.92425008408573
709,81.39089962656564
710,210.56486466123437
711,264.12859436507915
712,6.603706599746062
713,37.61411096821023
714,6.74846308299566
715,239.0273305108633
716,2.9342243470164506
717,80.4197454773784
718,357.9397147083747
719,201.79401746197027
720,4.912948334074621
721,143.18596044003834
722,2.365949975647353
723,6.179334802421682
724,2.622274921899763
725,2.5966812101905683
726,105.23314916673658
727,256.1167962213582
728,58.00854003034965
729,56.262720443755356
730,53.231606010931884
731,282.6208396921407
732,4.662375014014458
733,6.516400825609465
734,29.04283239623237
735,252.3086528253054
736,52.74504678050728
737,44.470316626708055
738,121.77071101966011
739,332.87324819255963
740,148.5041338911084
741,70.08375300226794
742,267.9052229399884
743,146.52911600601414
744,1.6981280640193264
745,287.49103961625855
746,180.51457263602612
747,3.2912958571206152
748,60.322404184449326
749,75.11135556373806
750,206.69267895592986
751,87.6146342065708
752,227.86746898149863
753,1.965015965149234
754,253.78873779991596
755,6.1469907008015925
756,5.968471083108213
757,191.1017142090745
758,2.0567977000780875
759,65.39686423099639
760,14.602031354249634
761,210.88333457955105
762,5.035821753699446
763,2.1145346528981666
764,70.84395670526499
765,4.677958368709901
766,25.88142796088802
767,1.1987302857941744
768,4.953827329859199
769,5.841257890294644
770,1.9908625613011792
771,260.632219549047
772,70.94456604277201
773,123.941842475453
774,-9.725193875198533
775,54.19010916003503
776,4.248433808500484
777,237.38832625338188
778,-21.379603235756566
779,158.5524196065394
780,71.1088503807919
781,318.86999757851964
782,3.9341468233213206
783,49.59182039311359
784,2.8551842851744675
785,38.11550610165473
786,112.59812898872721
787,5.495546656000898
788,1.8888549224162428
789,182.52915898233744
790,65.52593333375884
791,-4.032477374291028
792,94.72584892546612
793,-64.43210042109965
794,326.0640525754835
795,-46.81525668054903
796,126.69299643889678
797,3.766528488555222
798,63.5871969741793
799,3.466281242038346
800,5.884777146813123
801,215.2244649818526
802,71.76167923631544
803,142.8953258144516
804,6.702563362117644
805,2.161577243578094
806,172.3797361109681
807,2.714926977536999
808,65.93757450578963
809,1.5819274909473353
810,52.71052959671184
811,260.8247068998626
812,114.40423690584544
813,289.9330711850679
814,5.842631267525462
815,4.6679192572114605
816,6.8849791552468105
817,2.979882612420357
818,18.165228011219046
819,5.318536042996663
820,69.38996985071537
821,5.76296395087482
822,2.0354013096054486
823,43.28419120645897
824,63.46718442619455
825,6.988357607230873
826,75.46605790276516
827,4.079021921466046
828,6.109149825658311
829,49.297716326862286
830,173.43936456556108
831,115.9343267251796
832,6.0393324367482
833,248.45270496115546
834,203.35106327551176
835,169.54134099326114
836,2.2957332670797492
837,75.0463172902856
838,154.6711162946146
839,5.787647267632221
840,192.25977487417921
841,132.06657911399716
842,61.87655934505244
843,2.3944912943564707
844,3.013415883911904
845,5.3785544088408646
846,6.434726098576016
847,5.4674173738100205
848,172.60597049114244
849,6.123827801107083
850,76.83886605755295
851,16.020914120049763
852,37.46954050325806
853,96.76581495374495
854,40.18502673584021
855,7.131683925996361
856,229.6036133540592
857,99.89947528896285
858,72.26046711170945
859,219.91784196363204
860,2.1281509404673002
861,3.3908194163880134
862,2.932956345684934
863,111.33180409532477
864,242.4161943885456
865,274.32638210367463
866,203.068109723096
867,5.381952432072136
868,116.08026446595109
869,155.72200719223562
870,119.605641785919
871,162.59718156617242
872,125.9703400167354
873,3.124236099586275
874,84.61247220617108
875,6.5184269609381005
876,103.29436913894499
877,44.744122055873206
878,146.8041800187156
879,5.433922841057433
880,6.765036460973696
881,160.78142944547608
882,5.738695312928819
883,242.1649889401168
884,5.877481224589544
885,168.12036573489974
886,44.7363099527596
887,2.4470774449146373
888,2.098918364532327
889,257.36397087765886
890,4.390701487316341
891,2.856604811134914
892,54.27165568271934
893,4.936377656112581
894,-20.169212523183944
895,3.6344510450902012
896,219.63506880781716
897,2.4885758277013434
898,226.48998875164307
899,-55.82975647297349
900,241.87339876042574
901,3.855734314641555
902,200.8544646861139
903,4.960658676830678
904,123.68543761467541
905,1.9611399948066648
906,1.3048281091429157
907,199.20529670222257
908,52.56465543475596
909,76.95239363952598
910,2.2557987183191006
911,6.676017998841791
912,271.24814404447466
913,154.93406217490627
914,272.89867512306535
915,117.03154295489792
916,133.80545698885945
917,-33.600701650582195
918,2.4501022553706533
919,2.6584337011130037
920,384.8025165411825
921,111.91399292727156
922,227.14281896695798
923,2.469759363048467
924,103.72057850246671
925,192.55105456518197
926,53.20059430727099
927,52.84076901459163
928,5.252905516948487
929,30.597927971767767
930,8.929878391279656
931,216.05509565601233
932,188.10842412137052
933,5.216669517985001
934,2.129593265014658
935,175.7042083803977
936,52.26049168886032
937,3.456266407646549
938,4.638652155061697
939,85.82057131746899
940,1.4579954674201854
941,5.731339800809925
942,4.947430114230027
943,111.0973103234726
944,4.533665371874421
945,2.0298017741872676
946,65.60334135546454
947,27.61186779808778
948,35.63567974083878
949,236.4743791450133
950,352.6129786619025
951,12.091633426826926
952,-14.846293340802692
953,5.566669513419599
954,265.1070609876975
955,201.4302438392828
956,145.93977292974546
957,2.839510702505246
958,2.9559336651813792
959,232.61051400435218
960,54.122420807564794
961,163.8627043208258
962,3.476835196356867
963,6.545577879301067
964,5.001669238781863
965,6.414752100959518
966,3.309159006291655
967,34.396813080451125
968,168.83934413993552
969,194.9727350133418
970,6.198650673193939
971,369.19891959172094
972,5.199833990562727
973,109.99766930196674
974,5.302952322361152
975,4.065852626391745
976,5.220631916461352
977,205.4468923508968
978,294.82301239760733
979,2.0882612522929676
980,1.853954958995867
981,2.224513081170909
982,57.35321594238563
983,300.5826551016451
984,316.19055394861994
985,267.2052076325209
986,107.55065747370642
987,3.209502665335985
988,238.0441766377603
989,362.6474926909266
990,70.16644411389967
991,4.198697662040339
992,312.86892451263725
993,177.84323020428917
994,3.305068240674414
995,-9.007794559839592
996,23.42100544645495
997,2.063685326665704
998,34.960493407620206
999,65.09521427749735
1000,-15.987800807250851
1001,295.6430693245755
1002,153.97932605398353
1003,5.412109332508632
1004,1.2627854629582584
1005,1.7031781866485225
1006,3.863068028524494
1007,151.62345779370133
1008,1.8226559094967016
1009,6.65074152380156
1010,3.914312000800102
1011,261.7195183270648
1012,17.537845938080032
1013,200.6298300328757
1014,48.588624660793656
1015,230.73935063348523
1016,6.5563092660892615
1017,5.130824400414878
1018,3.5471634652590125
1019,6.497126543796888
1020,4.666739001844433
1021,130.5168412486978
1022,73.5373961509415
1023,193.15538227108178
1024,186.74710080756293
1025,5.34494866408637
1026,4.33522317842511
1027,4.843400561448966
1028,82.4775706902663
1029,3.7104877060828287
1030,32.201569182669175
1031,271.77008155636776
1032,3.096703216823702
1033,2.4135324719846762
1034,251.0318732609539
1035,1.3498226960952036
1036,245.5451408216442
1037,6.739533299432791
1038,49.97875422515371
1039,3.64067760739856
1040,-26.42750756267214
1041,3.605123174887705
1042,4.575108386369707
1043,3.7926625640552114
1044,344.9581263205659
1045,134.63505943762075
1046,33.91647440267168
1047,223.83539420544952
1048,1.8322746289978453
1049,2.745116691747179
1050,6.343839767471913
1051,61.461347298768445
1052,171.56575322046342
1053,252.51036732480893
1054,6.36377034152796
1055,36.13403739579363
1056,30.597953516835496
1057,4.3940373848864756
1058,2.8154068934872334
1059,3.030406997927855
1060,85.01558280368452
1061,3.5892661125455687
1062,5.850519444247354
1063,293.2663709614612
1064,242.44056388865545
1065,75.57491754298512
1066,271.29668076519647
1067,260.98851794024273
1068,6.347913610138412
1069,4.251142050528791
1070,323.5973294814602
1071,192.36529806223712
1072,5.546892202208209
1073,4.582312821338919
1074,6.374931273788226
1075,4.857402090135382
1076,295.70512501097636
1077,6.24684882779241
1078,151.5170660483542
1079,2.825681074322713
1080,2.484104332900285
1081,5.836987637591729
1082,4.231589961693958
1083,3.4383125385771915
1084,6.17089970754591
1085,129.9446541772789
1086,192.69598560043386
1087,57.072680768357195
1088,245.17908999207324
1089,8.425897748384646
1090,161.3865138108632
1091,254.50653520767227
1092,5.816767569062835
1093,4.486669296631646
1094,6.6662317950880405
1095,3.468573950424954
1096,2.9074103778022176
1097,5.091053803641256
1098,76.89211990801365
1099,108.32303827916407
1100,5.9257812818469855
1101,4.677525922131581
1102,6.367329959768751
1103,263.80302679536476
1104,4.658899051298079
1105,111.99204404318326
1106,5.21372896857144
1107,6.221308882299723
1108,12.269130881448877
1109,113.86330658072492
1110,79.50884936009977
1111,3.5074788248127553
1112,205.1063095155206
1113,2.6559303409186477
1114,171.23227559652304
1115,73.80146815552484
1116,5.121843444043467
1117,284.8735308925515
1118,288.61221388274043
1119,4.451627885165751
1120,58.603154108158066
1121,-17.068289920854077
1122,259.02132428909806
1123,3.432937272943845
1124,190.23005193802265
1125,2.6902972147977016
1126,66.82310320480768
1127,5.953350665067708
1128,-45.91999089212838
1129,134.91950587580016
1130,6.174811061980842
1131,43.20610351581203
1132,4.246533775679527
1133,-73.21459103153163
1134,177.27943878437475
1135,201.39530654648576
1136,-52.83589739392498
1137,4.068249646614634
1138,53.47402111926277
1139,111.40585879343263
1140,112.88971760065829
1141,225.1027730934825
1142,137.51062564822132
1143,18.306490010433112
1144,-45.8263453004571
1145,106.91728341958405
1146,49.382690148781805
1147,4.35612213709869
1148,87.2594908191999
1149,41.989171749081365
1150,4.147218345497258
1151,1.3099796048926031
1152,3.7140591951081094
1153,4.40582385086307
1154,32.411347558121385
1155,178.32894892853653
1156,6.679901880445732
1157,72.19545339619324
1158,203.0741261700666
1159,77.19194692980466
1160,92.03440479993864
1161,1.7151569840366991
1162,5.23103627766496
1163,5.488689771506947
1164,4.862622415732801
1165,207.16811383053624
1166,43.11884842235919
1167,-22.671880766673446
1168,4.918057272174891
1169,159.3302650502118
1170,4.796373575747151
1171,4.3739455858517315
1172,-32.720467450183875
1173,3.8647064344351696
1174,194.4887397974024
1175,-50.186247961591405
1176,248.21144269098798
1177,2.31965067846533
1178,140.5385087460111
1179,2.71829908307864
1180,2.520212164351732
1181,2.136776924314102
1182,127.21342441826991
1183,7.474654478592094
1184,3.918533650732672
1185,280.61115151454186
1186,133.25726006184485
1187,4.505493570841335
1188,2.969440468023519
1189,118.21613751158964
1190,3.447980786044461
1191,3.135707194021743
1192,5.0090851180811855
1193,162.2732305177193
1194,5.5250558403991405
1195,2.164592863845476
1196,267.8756964923455
1197,87.08426286515908
1198,3.1987137040533167
1199,269.84221527731876
1200,48.93694824272945
1201,204.70595508313033
1202,95.12103367591766
1203,3.3682799307499867
1204,176.557618926285
1205,1.8194077373942696
1206,162.231769769987
1207,124.55099757669564
1208,208.13515489563605
1209,245.17764705197055
1210,205.31444638412137
1211,215.67834327988297
1212,6.12566479055619
1213,3.7969098319197556
1214,203.8857420140306
1215,119.02337894850926
1216,234.9324211679198
1217,182.42003312612314
1218,-37.2908771048794
1219,6.152787015608451
1220,5.807069147469484
1221,255.68122485435185
1222,5.973344378929058
1223,2.5407784052935014
1224,2.9242227451276896
1225,127.96753694795783
1226,1.3707905722945921
1227,4.601612617152424
1228,2.450212096419016
1229,35.95200387279746
1230,120.6249911125116
1231,230.70643976004504
1232,1.83313539162761
1233,-35.396421714193224
1234,3.212417709329719
1235,16.573923319322475
1236,259.1083763562099
1237,4.431157309007533
1238,2.5395384021906775
1239,1.5845513741255948
1240,38.55300372285792
1241,2.118541572526564
1242,4.39371569313569
1243,5.459829283240144
1244,156.39830098413773
1245,3.9606685764332545
1246,255.2931778371096
1247,5.299553288388285
1248,121.73395314824516
1249,147.71841441129837
1250,7.294832524903104
1251,51.114617726962344
1252,5.76461098005948
1253,4.143182111575591
1254,4.589890996162329
1255,52.67305920605573
1256,79.7154591604936
1257,132.71039918780227
1258,275.3993443826923
1259,44.67482541462887
1260,261.72232810880297
1261,5.766683033348038
1262,5.406150620623706
1263,194.01936539506903
1264,2.0973635757892404
1265,85.56301620987976
1266,121.96013327417292
1267,2.4601907726807086
1268,6.437924515316215
1269,267.1487194044237
1270,-53.97823987615547
1271,224.2353641154819
1272,53.20059430727099
1273,26.756797278880065
1274,222.3149917057989
1275,192.97404879352683
1276,41.927460404203615
1277,4.285683478026844
1278,1.765646930746654
1279,3.9298975507117646
1280,-63.97879958622073
1281,3.329951442649236
1282,63.851496747794826
1283,161.46704712156355
1284,2.8944498027840417
1285,-52.53118146922455
1286,2.4303282076494406
1287,51.64030648204657
1288,148.11521953144683
1289,4.541954979265659
1290,216.29300772133402
1291,3.2209012308217813
1292,51.92574424674177
1293,103.45220348333737
1294,261.4457093819818
1295,176.95540854384268
1296,6.599832041275615
1297,60.49712655775228
1298,-6.917117687806156
1299,5.448268557917707
1300,173.76608952385462
1301,237.7729217672915
1302,207.43524222003265
1303,6.155221340487071
1304,3.7113390075672026
1305,5.148739352424067
1306,60.97659623896776
1307,136.6820906282791
1308,1.8810565264667116
1309,4.956271483767088
1310,341.14647125454235
1311,2.75950575866278
1312,6.710158677633107
1313,28.47948485147981
1314,192.5698447971211
1315,159.14832954944146
1316,266.77403413974315
1317,63.139639019658375
1318,2.1063499161260144
1319,219.37534334963019
1320,236.011344125133
1321,12.111467483893394
1322,53.07548195308907
1323,262.3993671772289
1324,236.9808907302716
1325,45.04696658647748
1326,58.74514487683668
1327,251.5000164315994
1328,3.0727954986664527
1329,6.012828356292248
1330,124.36932740685558
1331,-18.893769009347597
1332,318.0125808176599
1333,1.2768070272110128
1334,344.08886822243363
1335,1.8466865408408988
1336,98.00361399085561
1337,35.03763154682531
1338,237.85504574815022
1339,6.67450906107804
1340,196.858934966594
1341,238.71046730831202
1342,182.0196299333325
1343,42.506127592588555
1344,118.89522961464108
1345,3.312594867794164
1346,52.81673885588326
1347,96.90544090871352
1348,2.906833263982773
1349,206.18483106791712
1350,57.61978449808932
1351,228.68243351018685
1352,2.6112404397702234
1353,17.091565960025065
1354,5.040568717857205
1355,5.960510623481331
1356,3.5354311177691957
1357,6.606593095882719
1358,6.7171157244007595
1359,1.6516523715304234
1360,304.24839283682843
1361,5.104367800722139
1362,6.3988076051395115
1363,63.99419773949485
1364,3.3096761934252648
1365,5.872801308292527
1366,6.559369259305576
1367,5.868112405366869
1368,8.63662009451653
1369,186.5862106611358
1370,290.77300753809425
1371,223.60045664927256
1372,24.190262880505145
1373,3.7410968297305667
1374,176.69504421750685
1375,169.443464816152
1376,5.273586518703327
1377,4.865991583821516
1378,113.12899873370417
1379,102.31232047706864
1380,84.9396893235443
1381,239.6213650919305
1382,81.04623837753616
1383,58.520172177949235
1384,-8.948870283671855
1385,159.7904071754363
1386,2.5176433238341938
1387,74.45298577068226
1388,1.6394308980966186
1389,220.01990119629735
1390,173.39012527478653
1391,103.71431782622014
1392,46.785136180883235
1393,268.4004474984639
1394,-8.730306414367279
1395,32.69687607658839
1396,189.34942609707505
1397,5.420436559372729
1398,192.78345333586734
1399,1.5326763708202074
1400,65.88406456950672
1401,320.0497480906563
1402,56.33103894261521
1403,294.4882889104293
1404,94.92734464344485
1405,116.17844127230416
1406,1.966160676194297
1407,129.2087856708496
1408,7.651517750259783
1409,3.688008200727719
1410,238.00538894876703
1411,245.01214373326553
1412,-32.52711351587077
1413,121.86782085161182
1414,247.6695762481686
1415,2.048158754444699
1416,2.517074791560356
1417,4.512384508310543
1418,311.20249201578986
1419,152.14808214364837
1420,4.652759350287642
1421,37.45593059200671
1422,6.650840575153876
1423,3.1224461209560808
1424,5.601898696401162
1425,2.3439690535448303
1426,-20.929438729298603
1427,3.712013349669445
1428,4.7794818486516695
1429,4.902250192584027
1430,4.1382825178605405
1431,6.537233788023463
1432,190.21722421664202
1433,2.7488124981360733
1434,5.3398439385600565
1435,4.63345945823461
1436,-54.873052884545345
1437,186.18759267433745
1438,117.29597702639546
1439,6.32407964633737
1440,2.654400595954625
1441,109.01510574669638
1442,178.86376841483445
1443,43.48466389869627
1444,5.943264741662025
1445,54.78951736381695
1446,277.1734238532915
1447,244.32243958112662
1448,-42.382193164056666
1449,5.8733185561589085
1450,285.3684509532688
1451,142.93120223615017
1452,5.085047944497764
1453,5.764811850253055
1454,178.71740008569725
1455,70.92534399587889
1456,-5.5064294251497845
1457,7.699240302633802
1458,4.843823927808474
1459,300.2723290969856
1460,342.63238183601266
1461,189.13357169599152
1462,-17.02720179591603
1463,73.79740126841239
1464,5.842631253027356
1465,3.1918171534759026
1466,233.86949816711908
1467,5.813929592902081
1468,5.356688438347659
1469,31.301421897184035
1470,3.8002775340989747
1471,52.69836835917328
1472,6.736353941628964
1473,2.216762976209953
1474,235.69206283637354
1475,99.9719002003079
1476,6.687960882345731
1477,2.5911968009982935
1478,119.50058024896643
1479,5.197966055709745
1480,109.4758654231791
1481,5.849006950002087
1482,175.40503227374774
1483,6.25826504841702
1484,245.62296486980628
1485,176.08286963085283
1486,7.450148248344526
1487,3.5021887627451553
1488,60.956857617291156
1489,-12.262230592283345
1490,109.15226419307695
1491,3.5064830766744732
1492,2.0274505395194424
1493,7.1369349160368944
1494,5.4585140305631406
1495,33.58991389721321
1496,7.388940028228605
1497,66.05302494348653
1498,6.287412676087982
1499,84.20192288240011
1500,7.137183165182214
1501,5.8092010368283
1502,110.75358789147722
1503,5.708149132150991
1504,2.0892389808826954
1505,4.79404638879772
1506,188.20455143170773
1507,34.10590871319603
1508,97.37724386682657
1509,60.200265168844126
1510,3.259115966267564
1511,-23.202785633675393
1512,61.14576298249881
1513,5.266826402989429
1514,262.00305230901984
1515,41.03908245595585
1516,2.9730256154821566
1517,354.4644609819956
1518,4.418211945848741
1519,247.15004445049985
1520,5.151416837200138
1521,45.46154734090693
1522,4.976042248415087
1523,3.0447177618180907
1524,141.75904315051423
1525,-34.52421125780896
1526,2.5898751001347553
1527,5.802400666663539
1528,2.9642749885901516
1529,212.84575324223204
1530,274.70400197401
1531,3.417221521100312
1532,5.888231238437606
1533,3.485495568650573
1534,-8.582498109605536
1535,80.3460136599626
1536,5.896713402903527
1537,2.6347432725225444
1538,289.2054200243791
1539,159.5719318905572
1540,2.1899914707452304
1541,115.48970209679473
1542,3.3068742573995187
1543,29.731541406577406
1544,7.9151062334492055
1545,3.5542366787071025
1546,4.500110938235225
1547,-32.442121185177605
1548,210.64875216194412
1549,46.25789608280644
1550,3.7685057333342487
1551,2.334657232328194
1552,242.20719402662462
1553,6.537327015342196
1554,271.06838123609856
1555,102.27188405367608
1556,3.9807055989555535
1557,23.747574224076985
1558,3.7132573327060485
1559,246.74663590938687
1560,179.9870750627806
1561,194.025454576656
1562,242.91685143974718
1563,97.75367672236568
1564,3.258945642904169
1565,103.67944956039
1566,3.848831894929189
1567,4.3185042155037205
1568,107.60090639594205
1569,16.151582852312135
1570,279.4534543606011
1571,3.177819786189306
1572,75.87196785814749
1573,2.0914033949178403
1574,4.445192029405767
1575,5.742308561179622
1576,3.9589434491219135
1577,5.652496003425206
1578,83.5639687713567
1579,5.167212251502439
1580,169.15264860070505
1581,279.12765210515727
1582,6.732400473712692
1583,289.58298238506416
1584,306.2649855874736
1585,5.882848850347255
1586,5.22502991753624
1587,63.073255100198075
1588,290.7899118053249
1589,7.046576984228737
1590,5.859567569259047
1591,164.0161280567387
1592,7.129446665464724
1593,125.67339369414476
1594,145.00614289340174
1595,121.6823897194316
1596,5.730886276288706
1597,63.30787517656782
1598,6.2159856264995375
1599,5.231839876966809
1600,4.452414404371162
1601,2.578989459242412
1602,5.897272992950314
1603,267.0075432612146
1604,51.31495413285954
1605,146.7124422870681
1606,264.44875053923914
1607,7.569008966039329
1608,3.2434443280874428
1609,7.090837601238977
1610,4.945487498459027
1611,195.3236822273612
1612,90.62514743373734
1613,2.2883168535036598
1614,283.26257893449247
1615,5.694173266079529
1616,4.139193802997412
1617,183.27144092364233
1618,231.22308637713093
1619,16.364535500150865
1620,83.26645010757537
1621,2.5122478626954363
1622,2.8548077521727
1623,2.7599377277759487
1624,249.53800151541265
1625,73.98106056395612
1626,1.6539246942407713
1627,49.188575600187626
1628,3.703104338768059
1629,205.15064525818872
1630,115.96290052676
1631,4.330368216673895
1632,289.07796533618637
1633,5.128749228778744
1634,-1.3319427230447882
1635,3.3935485233623814
1636,4.902957379530468
1637,6.691911498791381
1638,213.21872625739047
1639,61.82846099052491
1640,4.277386416167852
1641,317.16149620504973
1642,137.91254409727833
1643,196.17033608937987
1644,130.3739479683969
1645,182.17010945471577
1646,6.248544384529193
1647,6.554512717007952
1648,26.180581950602136
1649,4.354804197750312
1650,92.86683730837892
1651,6.636990287768703
1652,6.409215763872353
1653,223.20391188323737
1654,6.59768273780439
1655,299.89638975098984
1656,59.43270855975953
1657,1.3270619097123482
1658,290.99712787919316
1659,2.199601798278891
1660,-22.77506799649484
1661,7.092713242428603
1662,184.83379361386176
1663,5.8751777828005824
1664,126.53810065092301
1665,1.0948479495663497
1666,68.92036417790011
1667,-61.989778184926635
1668,241.28994616532628
1669,58.03474014582248
1670,2.026504590814672
1671,2.447902637242837
1672,5.291560295455062
1673,4.208930234376778
1674,145.2905157041343
1675,2.1804089470002803
1676,-55.73982532643045
1677,31.61088228884229
1678,2.48361461208167
1679,236.19949162791377
1680,95.40692529516039
1681,1.5124225315869317
1682,3.217822298058271
1683,78.05534301645136
1684,19.004453904960307
1685,6.713229894991313
1686,136.44082891597628
1687,7.351864711340577
1688,185.12392626155537
1689,275.8578564293945
1690,3.1678448711831133
1691,3.6597923913761594
1692,4.186074829988403
1693,2.54272175281218
1694,63.22304792112098
1695,226.18834563992326
1696,150.4891640405932
1697,2.041421902612928
1698,223.69068082908373
1699,187.17434566304092
1700,116.91592391330414
1701,273.59456463910465
1702,-46.39361383907479
1703,5.701843606967175
1704,5.525544673062118
1705,2.9151943574483137
1706,95.11748997261589
1707,4.926692934096187
1708,67.28461331054056
1709,135.6621882649664
1710,6.326542311198544
1711,70.6933419984585
1712,1.8640041080293397
1713,5.8182116482075905
1714,-54.955827551799835
1715,5.09401922634364
1716,2.2605171443571885
1717,25.226231936873784
1718,116.56287976321897
1719,28.773042983325833
1720,6.219771517034627
1721,240.00480031298147
1722,3.50547150015357
1723,124.58752411362842
1724,124.29658744950785
1725,3.6228188475591923
1726,4.067071969310481
1727,262.2720880748123
1728,4.2023361624816715
1729,3.6366439297737108
1730,36.303015864208696
1731,223.75890384231832
1732,4.788275906837216
1733,376.3472510949249
1734,274.8916813987529
1735,180.1187575338126
1736,3.295638602433151
1737,306.21169372148154
1738,288.1179792780974
1739,219.3536936601381
1740,89.9196347135637
1741,106.40586028964046
1742,235.75069878620616
1743,5.27322672155776
1744,117.28757220001748
1745,62.981982401916866
1746,3.5028804969151905
1747,7.431812972246685
1748,210.36066009986092
1749,3.5774829883172257
1750,97.19687270180486
1751,38.467588743486715
1752,7.044101358980831
1753,5.964458496104878
1754,277.9334064287568
1755,229.6482331982106
1756,1.8718047678298282
1757,212.63576601385756
1758,340.47407331838053
1759,4.934646977353948
1760,303.49058218383607
1761,253.86941217646353
1762,22.01415561936238
1763,46.285911191609415
1764,8.357566961892648
1765,4.874335601455059
1766,222.27807281295344
1767,184.93578214809855
1768,5.839670186134404
1769,62.09470867912887
1770,72.60128465481736
1771,2.5627090402481225
1772,228.00812658980595
1773,269.98939475013
1774,6.4926262921421305
1775,281.10420426733026
1776,2.7194851554603754
1777,-9.749941574464824
1778,-16.97100086643625
1779,-37.703448063962924
1780,110.43332735347308
1781,5.723605968131757
1782,185.25699678867804
1783,242.23498163480377
1784,3.9747249004693574
1785,55.73437616411455
1786,2.840401588475924
1787,76.88695021377893
1788,5.250335291039116
1789,2.5323381460923216
1790,25.43657989663337
1791,3.940279760222588
1792,2.816301648518099
1793,2.053791958659124
1794,176.87866973505461
1795,187.8326508334701
1796,271.66181585558667
1797,147.39521292822374
1798,6.566439217616599
1799,231.7826403777756
1800,116.50461794130916
1801,5.021995419999932
1802,2.3268944347847498
1803,126.83888479681582
1804,4.067109180177219
1805,175.86424482887588
1806,5.7443454170623385
1807,294.1535865479305
1808,171.10678825131862
1809,59.646480817295824
1810,4.4024008734776405
1811,2.718078706328693
1812,30.917463209004254
1813,3.627889390335834
1814,155.73629829738633
1815,248.5747473887412
1816,5.576566038093737
1817,111.51245377664983
1818,59.81157641478163
1819,232.3650598004116
1820,6.124542409742478
1821,3.218928211662834
1822,268.6016539320395
1823,6.166987068832469
1824,78.86471008740074
1825,2.331024363383605
1826,6.1101421586351865
1827,4.033869361616407
1828,2.088131394853772
1829,196.55601291899399
1830,229.41305704898372
1831,6.762533973668607
1832,49.71572057953543
1833,3.237838389780573
1834,3.832771529127255
1835,110.39463000554184
1836,6.33233879733632
1837,5.976059690581785
1838,5.875177811796792
1839,116.10733344247436
1840,-32.051234610161
1841,-76.24167294497883
1842,247.73286260570876
1843,176.3503459805587
1844,247.6695762481686
1845,153.6358939166208
1846,50.24006158411727
1847,263.8603055939426
1848,117.55685237781088
1849,3.963949216566807
1850,5.487582225939613
1851,-68.46209644871965
1852,6.380256519400772
1853,87.30883998541869
1854,74.24212399751949
1855,5.286613117701981
1856,191.74910963531784
1857,2.318561955415691
1858,5.046422803144116
1859,6.228632581192186
1860,5.7363824542092265
1861,155.39038216232484
1862,6.240764284918068
1863,103.18948745487864
1864,66.86537168354315
1865,214.29237351939463
1866,109.95819233848358
1867,84.83085255532615
1868,273.293929832991
1869,145.94824524589916
1870,3.465527707341845
1871,245.46357626538529
1872,44.158081867728036
1873,2.800557748496699
1874,24.068956324720133
1875,79.84747446238451
1876,3.2368418353362225
1877,2.622747986322948
1878,60.167228916094345
1879,59.18431161197902
1880,263.05795956566953
1881,5.973602716769285
1882,106.53503180154112
1883,6.524348668297438
1884,83.88815305721658
1885,289.5437346709221
1886,265.80883971856906
1887,3.2721476826145235
1888,198.52770968122934
1889,225.80426466035675
1890,2.5173205906746436
1891,249.28870581922217
1892,216.52096135614306
1893,4.348320920118734
1894,2.0165532611088666
1895,11.10244123004668
1896,5.901956263514515
1897,60.97203636184846
1898,-50.00104724496586
1899,3.0371619850806706
1900,5.849576839251274
1901,273.54141664364465
1902,233.93384509762936
1903,-57.03685762034103
1904,88.50132028626126
1905,66.84063213577454
1906,171.21504257041806
1907,6.714980439904214
1908,5.990769828786874
1909,117.11479135717872
1910,5.876562309853728
1911,4.7989835197189326
1912,3.919987970062658
1913,77.5323298446444
1914,-23.287634945302177
1915,6.985553665326188
1916,1.2769155773435519
1917,2.970422940811086
1918,156.96579008787103
1919,4.78386553332575
1920,4.693015032921536
1921,68.2127817440855
1922,3.1454138780799354
1923,6.489254406224441
1924,2.673865537985895
1925,3.8531554557780874
1926,89.26633134907348
1927,140.25460036270837
1928,4.1602629895610255
1929,49.59182039311359
1930,2.7875944358455884
1931,5.9692026224257555
1932,4.856402307408575
1933,2.988325831620111
1934,256.74314936322145
1935,6.329895539106989
1936,4.81549713820915
1937,46.0643953769009
1938,-23.08572245844997
1939,2.940453969116972
1940,254.49065057871923
1941,3.321399848671472
1942,224.24086897429632
1943,3.674055621733192
1944,227.76967242994914
1945,289.1057858577476
1946,5.874311755513817
1947,101.16173547030202
1948,5.839260983468471
1949,24.29223205677529
1950,25.194089816462437
1951,2.5350710628375763
1952,44.939743154122965
1953,399.3633070496684
1954,2.7393330855614324
1955,97.13185490561074
1956,1.9951539052647103
1957,127.49387433065286
1958,4.473161946505338
1959,170.63219968493053
1960,61.40852511743252
1961,1.0499262746149316
1962,4.111295826537101
1963,3.296899020250595
1964,4.944318349539186
1965,94.81339997183699
1966,3.121551287852295
1967,4.909025680989189
1968,272.3491447644718
1969,63.17094214302041
1970,5.687483472574675
1971,2.059554275231717
1972,100.43353634855553
1973,-23.91813616001057
1974,2.6870721773490214
1975,3.009365182729754
1976,326.3960957633328
1977,1.6667556754448354
1978,219.59770646982562
1979,93.25840807945042
1980,267.5143678988301
1981,192.7971516914057
1982,113.2132509218442
1983,65.27251767556308
1984,8.387677044188084
1985,4.632401643028373
1986,3.843528343668332
1987,6.305245697887111
1988,1.3620777349046171
1989,5.5899452174024375
1990,4.899536399574604
1991,43.70340429397579
1992,4.461652079917769
1993,29.780875623372587
1994,2.008918715139176
1995,104.99705995316648
1996,3.7565130919522476
1997,2.6745928182304004
1998,5.240510769569646
1999,307.21579783934317
2000,5.872801308292527
2001,281.5979437172657
2002,-49.870625265296454
2003,6.734125761171752
2004,337.4078902104998
2005,59.66943727404913
2006,4.8520432091752586
2007,48.63275065456841
2008,227.98353363786495
2009,149.42685617743697
2010,293.184445754031
2011,6.33807055857292
2012,182.97754312771457
2013,-29.789862708629293
2014,279.4091266839362
2015,199.33640418640024
2016,34.466704504754645
2017,2.7798275587653656
2018,47.237719713120775
2019,82.1701438817004
2020,6.73672688217243
2021,4.573621148841809
2022,182.8561463623487
2023,94.64738201047328
2024,2.941046238044091
2025,4.07262171137641
2026,80.1082582470923
2027,5.85389189368368
2028,6.296800874387429
2029,44.1313514322492
2030,301.90274424878567
2031,83.97244834271517
2032,284.7452204533001
2033,228.2543321145656
2034,2.6394649111634516
2035,59.96320858785954
2036,192.07392358939325
2037,5.226025774298934
2038,3.430830290437857
2039,2.9413050069123035
2040,128.21561597233642
2041,235.34212228676478
2042,4.168907849896327
2043,185.93849476260152
2044,2.5315542324215823
2045,86.79215178676591
2046,284.7998849761518
2047,5.104493550531858
2048,-42.69652776765822
2049,1.552269783825568
2050,353.6017215862838
2051,3.8158876974628666
2052,3.341126433988137
2053,234.41174106191733
2054,4.4750157795709855
2055,3.676172144005566
2056,-41.94225889973683
2057,184.39299991502412
2058,-12.519398134960849
2059,4.938511126576687
2060,29.726458567260494
2061,2.303284872312717
2062,199.98212901904478
2063,3.575984779306987
2064,3.310438230646485
2065,3.6938896401419967
2066,1.9196236314941753
2067,5.950935269845144
2068,3.051651824676566
2069,1.6200518764411984
2070,285.3249533725349
2071,290.7899118053249
2072,4.5876618739529285
2073,201.02258139232902
2074,378.591561747652
2075,247.85414783290258
2076,3.6373411559174205
2077,2.8189341259018716
2078,4.6107214438643505
2079,4.1685520234725875
2080,2.5646872569009256
2081,3.19123795017785
2082,5.577630191831065
2083,40.46045726737526
2084,2.7695890268600287
2085,5.099013029391816
2086,112.34058986046017
2087,96.48493438941667
2088,20.541273362775758
2089,61.99861734251862
2090,250.70897102749694
2091,183.27930172025924
2092,-93.47844540465331
2093,5.22652706655941
2094,3.646555332850649
2095,99.09501308075946
2096,57.28958582867783
2097,108.85515505733349
2098,5.789254202433066
2099,-41.84845008824661
2100,14.119188351546875
2101,5.822298474135486
2102,6.805895559654266
2103,75.39568163529718
2104,65.34761072563397
2105,37.50472068231694
2106,308.91150582258865
2107,7.2571448811073616
2108,6.98486918463994
2109,5.872492277111345
2110,228.8570054485721
2111,3.649826388095468
2112,35.980562160325306
2113,78.69919503112195
2114,2.471738110340925
2115,42.794919656706114
2116,3.632800602777743
2117,3.515790231819742
2118,3.664421008758139
2119,112.63108994824591
2120,4.17796245610022
2121,189.70234628473617
2122,226.17878738265512
2123,3.0119982899491458
2124,1.6341206349361594
2125,4.751511720458273
2126,6.084313015843115
2127,66.68581966444246
2128,197.89593407086608
2129,1.800226984392756
2130,2.3864856470611375
2131,5.320009213852998
2132,6.055485690431235
2133,220.780727986886
2134,46.4890397343287
2135,225.69351449681216
2136,26.423979902428457
2137,237.3505319491866
2138,3.328976580030141
2139,58.37769159224689
2140,48.46298031814213
2141,56.50398421065725
2142,5.612907954988429
2143,14.034356308007599
2144,168.2599928343115
2145,33.23249800760301
2146,4.26697866013232
2147,4.220257322887568
2148,73.56764498771153
2149,-65.80266927866904
2150,5.169043729815778
2151,68.99885947295384
2152,4.922872364403231
2153,3.1130933167516313
2154,2.0712396475559025
2155,2.374065682049513
2156,5.875177826294897
2157,109.39244901681647
2158,3.9634021928582235
2159,327.7168519807013
2160,224.8870796945116
2161,315.8528856576875
2162,1.8534081491867536
2163,299.3592836930979
2164,6.362849505567679
2165,2.9287627277780612
2166,2.409220754853088
2167,30.41619201185627
2168,307.0647683146219
2169,2.201933631566625
2170,2.344510656179043
2171,152.3629452983
2172,5.396765063931937
2173,244.954566283824
2174,262.6245383290224
2175,1.2393261560890105
2176,4.8517366773000825
2177,-46.706448485951896
2178,3.6780164458699334
2179,70.06916054401242
2180,279.3011780724918
2181,2.3348015814307925
2182,180.1836141091096
2183,171.72983107437966
2184,5.8733185561589085
2185,2.1903150284651667
2186,2.798475501679762
2187,4.8011690068585295
2188,237.30059010486542
2189,250.2491989008711
2190,72.40848929035624
2191,2.67150804628508
2192,3.0749557415291564
2193,146.16267731713424
2194,3.3741294213729547
2195,4.957262296450784
2196,6.644289146300315
2197,1.9262199950506216
2198,4.122831929833441
2199,3.3742379602975032
2200,1.7522025092779703
2201,4.096326758718079
2202,80.62569671882332
2203,2.647864600581503
2204,1.9656304747908082
2205,93.32097777657538
2206,5.354869771726098
2207,174.7530423077069
2208,4.814565850908391
2209,29.31257292418262
2210,241.47569532053004
2211,1.722751067224982
2212,4.676435598288243
2213,6.5415021684007915
2214,104.40604570927141
2215,44.7135645093595
2216,96.51019816646186
2217,4.852673296243811
2218,45.70592018029005
2219,2.6370370497251003
2220,5.487998490343468
2221,3.7344018959144294
2222,-38.69790568704191
2223,206.18462823738594
2224,-51.05570962526631
2225,172.85612021571933
2226,-29.71907852049726
2227,66.16719325054855
2228,121.54298791916955
2229,203.13139940112706
2230,3.185941725966401
2231,5.41608177163377
2232,4.618655550213487
2233,261.8179335540411
2234,208.30354175334605
2235,230.39479969464008
2236,3.5758827400658637
2237,3.39899874257274
2238,253.54354919384912
2239,95.42651941205547
2240,241.02381872018344
2241,2.255508232207862
2242,223.37549105426922
2243,6.258372002633953
2244,94.83155838144191
2245,231.21648586158693
2246,123.88746595790931
2247,245.53177246332766
2248,6.258740958006713
2249,288.885869683557
2250,139.10982422361744
2251,5.118015876601941
2252,250.13010949422562
2253,6.202318438348823
2254,180.76484331812014
2255,-87.90382065566547
2256,34.57508887722009
2257,1.6816190651981837
2258,2.939175983839361
2259,78.23709554038129
2260,6.295224991941142
2261,95.42465330603812
2262,2.0825963234495264
2263,64.20800666168867
2264,-24.14013308806429
2265,54.927784949681936
2266,2.3875703894962887
2267,2.8600096660118783
2268,5.574295049412099
2269,4.147732034779599
2270,8.390668667155126
2271,177.96759738057307
2272,48.36030823446461
2273,3.595525955448351
2274,6.130618494728219
2275,6.5869172290871685
2276,4.784674084653128
2277,2.7436015139221457
2278,1.3735934580400124
2279,6.086517242922651
2280,2.8199071756034373
2281,194.87653886947362
2282,2.3345668553126635
2283,3.979360398957664
2284,228.87495666266807
2285,3.302296086297389
2286,-19.57885779132794
2287,5.695261847517819
2288,3.133673299252482
2289,6.329615594132917
2290,-19.09701870808574
2291,54.0960624454946
2292,4.940732676360833
2293,1.9786169722292495
2294,8.5129733102745
2295,2.398653681643248
2296,4.917345830867053
2297,143.4010287769172
2298,-40.920788894990146
2299,39.091184121622504
2300,3.7405014956105034
2301,5.548699479760752
2302,-94.10477479065538
2303,168.8244807269192
2304,5.529175617553133
2305,43.541907039081124
2306,277.3713660860999
2307,34.738482270486294
2308,55.365205723706666
2309,5.77543978290629
2310,173.5528276650271
2311,-51.71930978008406
2312,59.25873545601685
2313,4.212627998870645
2314,4.80587040290659
2315,205.71878183649937
2316,6.875930934692089
2317,3.6791310177958643
2318,234.15031178562884
2319,6.472540245513833
2320,108.75221608331137
2321,3.1781246395168554
2322,239.79467126425436
2323,176.17667100369016
2324,2.02236481960903
2325,30.58463121227839
2326,3.3088456201999747
2327,107.77359899100779
2328,3.883124311041389
2329,349.5071833865983
2330,178.470327860496
2331,1.039570085843775
2332,279.31928622918554
2333,-5.13328332962759
2334,6.8191502345238195
2335,5.468571348539818
2336,34.49183811231833
2337,147.37140151417452
2338,193.20835323054365
2339,27.86642668066456
2340,41.14667326252291
2341,122.61300474972322
2342,2.38395219282082
2343,6.137367818007667
2344,248.47569261434344
2345,5.918711502148994
2346,105.14671522667642
2347,146.61376152384776
2348,1.8287315115289315
2349,272.5896137658626
2350,51.49571450290017
2351,5.070251456349216
2352,4.923858599728348
2353,1.7221357406107112
2354,-29.240241970656953
2355,135.5598470110416
2356,3.834786009796374
2357,99.51378639180257
2358,6.167356810588608
2359,6.727664026598112
2360,4.579950240601998
2361,5.751916644606476
2362,254.324023912737
2363,4.276011951232644
2364,218.61570256602516
2365,95.56458269529233
2366,39.816642045971776
2367,43.811340286138716
2368,-58.43500057191309
2369,4.498112111037209
2370,230.21590326310468
2371,32.88189310638377
2372,65.60033717009887
2373,1.9765398392924565
2374,-58.91997489238644
2375,2.138621434271589
2376,142.2398579444391
2377,105.73652834973328
2378,5.588879368369308
2379,6.526813259430947
2380,31.290233375864204
2381,136.86356051875157
2382,175.12244533429302
2383,53.54377754525621
2384,3.2486421292446703
2385,251.82594784159463
2386,5.842631282023566
2387,10.518120480242457
2388,261.5297178222185
2389,75.06745478476316
2390,1.9844211798716536
2391,113.41831542526052
2392,19.85292172905975
2393,66.26029098019652
2394,137.75886308740309
2395,5.879201347041602
2396,2.5351932568126148
2397,293.55915007929207
2398,282.1021107763806
2399,4.5773549123369985
2400,192.56677014300908
2401,69.24794285709714
2402,208.4761979770045
2403,6.315210540641892
2404,1.9658816141591384
2405,5.162143322773592
2406,2.53527021851264
2407,74.1713260323897
2408,253.32396421334414
2409,178.4047312225946
2410,4.265078183374547
2411,6.591094890924123
2412,310.8234549477686
2413,-8.372713034169886
2414,3.914659493177038
2415,63.662113478839935
2416,258.4719605331434
2417,24.115839731300255
2418,3.066385829819728
2419,4.071493734994621
2420,1.8169407998825184
2421,8.171195486398629
2422,201.87051981515697
2423,2.568168915537185
2424,188.40660584375428
2425,6.239417850733178
2426,0.8611958264912216
2427,167.1311391070995
2428,18.369763616279577
2429,3.5066489340115714
2430,5.922989021513299
2431,2.507591451726131
2432,312.4437252242113
2433,266.72930145500675
2434,4.428833002297828
2435,57.391671269668834
2436,225.91738302771125
2437,-62.77214768997214
2438,5.724229349160186
2439,7.292862300054763
2440,168.57082177940237
2441,6.359006341406532
2442,5.85267214314665
2443,4.986622689188273
2444,-80.36674749052742
2445,6.764049489349617
2446,5.434290454378764
2447,245.6850038400055
2448,6.801380386195678
2449,6.169805172313907
2450,19.078974355395886
2451,2.8030397703793954
2452,4.264157338212932
2453,41.194694871567776
2454,292.3688833359842
2455,120.23410327185516
2456,3.303326949632824
2457,253.95380384077725
2458,5.785401588281732
2459,2.2822853443172706
2460,5.928827505972476
2461,65.01035426248686
2462,57.79708143707484
2463,6.256307740161439
2464,-68.92379141381326
2465,23.867756561573515
2466,196.06312533223144
2467,153.17945657980056
2468,273.6079495570497
2469,265.66849415427106
2470,5.810529681366445
2471,123.47709735104394
2472,2.944578683225704
2473,28.480312753795694
2474,192.07656244252775
2475,6.575615785673046
2476,110.05060060350833
2477,143.49345331715412
2478,179.75737061137738
2479,5.229468690926392
2480,51.10996679540192
2481,59.949629425357514
2482,2.1974185716272925
2483,5.03894215335315
2484,119.48094385362765
2485,128.17292748262474
2486,6.740170181250607
2487,5.409911216226942
2488,-35.02681129388574
2489,175.10576538874426
2490,5.629188210496416
2491,145.4299003698406
2492,41.99966200723894
2493,69.54659170160504
2494,5.813346133499467
2495,5.489011688256231
2496,103.6086499941025
2497,71.0599308741456
2498,1.6549244410198916
2499,6.7334699428132945
2500,1.9059020137222218
2501,79.2089164993506
2502,267.80817274990625
2503,84.46464776819542
2504,350.06324899410265
2505,3.1161760936600684
2506,4.761882234716795
2507,272.5089120757891
2508,198.43841860799023
2509,85.65944579879617
2510,6.6008500619654855
2511,216.7230802250337
2512,77.00855688246831
2513,137.42214685407265
2514,224.1453965010546
2515,304.8635319762817
2516,2.0690615918916375
2517,2.2103163816280005
2518,286.4608039974261
2519,4.177943658659597
2520,79.65491839191105
2521,116.3295153241408
2522,1.5638801416876642
2523,5.336684458570197
2524,4.87150404243498
2525,286.15837416983015
2526,3.234052090362219
2527,3.9513778320208965
2528,235.5500157631484
2529,107.82272351355422
2530,236.06082181798575
2531,277.5126159912863
2532,78.69566086961633
2533,1.8009014664113199
2534,6.0791296283652505
2535,5.872801322790632
2536,3.7987212709326394
2537,6.356167440144759
2538,5.938622352155297
2539,171.57599748412514
2540,2.3332419741203307
2541,-0.35790259633444255
2542,4.53599253472523
2543,5.621971629204215
2544,171.1322604577109
2545,2.433093670716199
2546,290.01941348955245
2547,21.70736392401185
2548,16.70265430693823
2549,176.87123090076534
2550,109.12267346981051
2551,-39.38856454684025
2552,2.042874192735769
2553,284.73390955607306
2554,2.319495452141438
2555,62.35168743399276
2556,128.06347291323112
2557,4.624880719671552
2558,33.94707439422894
2559,6.389356448690563
2560,225.6111617277823
2561,2.394325842554802
2562,215.0236786659171
2563,240.91968290840714
2564,265.5085644158373
2565,4.813198211005433
2566,4.673550352028078
2567,268.30861829193856
2568,26.069537475856134
2569,70.18297156478151
2570,3.720534776715939
2571,88.68668875434068
2572,-58.912426302641194
2573,184.321971027004
2574,3.069588340581083
2575,4.746771228745294
2576,3.518563980749218
2577,6.49523766279834
2578,25.350304737948644
2579,5.918709242883182
2580,5.180869559102305
2581,2.8943023088332134
2582,-36.62397102175967
2583,1.9951032699973088
2584,6.834516115249745
2585,46.532247173830044
2586,4.931428904823246
2587,204.42785329065435
2588,227.28593954042174
2589,4.865607040089497
2590,40.41634746408153
2591,1.7891695892583908
2592,109.93506464620066
2593,58.4287606017284
2594,86.47077333324488
2595,53.4264495185673
2596,53.250158897044756
2597,5.509309929620968
2598,6.2885391961802855
2599,2.2752039857968867
2600,4.335061249518862
2601,210.98507113460795
2602,6.149309416827215
2603,357.22942269134455
2604,143.58039923825618
2605,39.33197778509301
2606,3.812450867536339
2607,35.32524596430872
2608,188.84359556032018
2609,31.33345290859664
2610,2.6080712754701656
2611,-14.380388839261776
2612,3.63968610086367
2613,4.38585513933549
2614,3.0272817737649365
2615,114.0647788528331
2616,147.59036606800484
2617,272.3649082822085
2618,201.07644540045078
2619,4.51666698050235
2620,2.468510818567659
2621,4.4888409150600985
2622,2.6238563007924576
2623,1.4251185762929865
2624,6.808790424890487
2625,112.34218472347715
2626,286.1649949517911
2627,53.053756429024446
2628,130.30182485905382
2629,54.79870205321137
2630,119.15857853471624
2631,33.617061713172845
2632,6.153993828286563
2633,308.9744752552646
2634,57.99865258738248
2635,148.24472915158213
2636,-39.242048401775754
2637,3.499118515522962
2638,-64.33903151270556
2639,-50.754645250151725
2640,186.4227753103707
2641,4.251705595312691
2642,5.659418251344158
2643,164.45761786411367
2644,170.69088084391177
2645,205.61352266465104
2646,2.4137753713685646
2647,3.5756335016933085
2648,4.782384866318487
2649,6.265391481842808
2650,256.97644853662956
2651,211.5882502741684
2652,48.955342026407926
2653,3.5160089910714847
2654,29.719128812385332
2655,227.45399250640418
2656,239.85764567766532
2657,2.9016962102709676
2658,0.43952114587275304
2659,285.6994616532826
2660,1.8386192739076752
2661,277.58727835674443
2662,91.17364727361726
2663,-7.80141171076797
2664,74.50087349218482
2665,274.645787629337
2666,231.24413826645196
2667,-46.1765918994651
2668,36.98689510109398
2669,6.757988242475764
2670,111.00543803627659
2671,198.030575810541
2672,116.69647025380502
2673,241.5901890742229
2674,236.67386603543153
2675,1.7937018818681105
2676,-52.644415560498295
2677,370.9379649291503
2678,9.371579888298506
2679,5.664969288521006
2680,86.41047880162782
2681,5.042573374899003
2682,2.782573358315012
2683,2.396117122744216
2684,2.5173600547246444
2685,6.502732200682514
2686,15.004700416670833
2687,51.579790792223804
2688,36.80675172268749
2689,43.55435603617856
2690,143.832757842665
2691,81.00984364984873
2692,52.3613293997341
2693,138.43122300241944
2694,97.53289626674501
2695,6.5892741407932345
2696,122.51994966036094
2697,3.7954771345225367
2698,2.372317741615487
2699,4.089152758495866
2700,188.97522638869276
2701,64.47493668176384
2702,-2.0886244400979956
2703,4.036943258321487
2704,157.94825764162204
2705,3.0140638510532423
2706,5.234943657923289
2707,188.67968249712197
2708,3.135430697114167
2709,61.36360368579812
2710,6.147157192080955
2711,188.69556148440427
2712,1.8582249565351194
2713,82.79634830782891
2714,-44.54370814770168
2715,4.687098925712422
2716,2.721011468088132
2717,284.5349400643914
2718,2.6717212772906542
2719,3.1209600975537857
2720,6.74075417434736
2721,6.212637044759878
2722,4.284238421257257
2723,214.02781899121516
2724,6.593705729592009
2725,31.80842423389957
2726,11.604987492636507
2727,313.2763486880036
2728,45.08054567037061
2729,177.111885971584
2730,163.76255383583475
2731,152.1021543709305
2732,6.253566668906867
2733,228.3206539729648
2734,110.17847482635644
2735,83.04253569164305
2736,90.2692670978963
2737,170.98876573054628
2738,139.09068567562178
2739,115.52652951335742
2740,5.574633092475976
2741,51.00472348628263
2742,1.3089489648544035
2743,35.81512472479513
2744,-34.7018149319452
2745,4.752905205035158
2746,203.03302526215208
2747,181.36190410624098
2748,2.6286109547396643
2749,5.4259502423657455
2750,222.85973398201946
2751,261.8486022465053
2752,2.995864726709679
2753,100.48201425812807
2754,0.43002232601224494
2755,32.50120416420397
2756,270.94212167618184
2757,5.765584515505717
2758,283.7286133851916
2759,44.26955643406373
2760,184.32797598741934
2761,6.532272050670369
2762,4.011474609018651
2763,110.1969094799111
2764,4.478970444638893
2765,124.03848352507285
2766,1.9289864332748268
2767,273.68043198944446
2768,4.742628217017935
2769,3.2760399611100213
2770,196.90809175512004
2771,155.07336777247866
2772,6.948949064923735
2773,3.1301674429184803
2774,4.871086936807346
2775,6.086964387104195
2776,4.061839045562735
2777,264.87119429937707
2778,28.473805968878906
2779,2.0918002650466256
2780,2.663579327058529
2781,241.54653798272824
2782,221.85389170591765
2783,6.25378006352583
2784,-24.01786800928477
2785,5.725765844177829
2786,3.776078177110074
2787,44.32158835630602
2788,8.384606885902187
2789,162.94546495938204
2790,215.97506546068786
2791,91.85159440588598
2792,185.05644830432863
2793,174.79688305952774
2794,193.64188874974474
2795,51.87391255878728
2796,251.12510346896352
2797,111.2454022548819
2798,34.617500906956934
2799,29.549376286467833
2800,5.212873949850943
2801,4.3072424827891185
2802,3.261894074019644
2803,13.761020481012324
2804,3.7091139506365636
2805,51.27099676923487
2806,7.0554325642305935
2807,29.872421951649798
2808,100.67919464412842
2809,6.12220730883569
2810,5.227021181255489
2811,165.40891449239246
2812,6.014444604978583
2813,19.357226793412572
2814,5.950353054422344
2815,263.74269598742706
2816,70.05268791949817
2817,266.51772795114675
2818,124.54076199158337
2819,48.13882053275074
2820,160.93672145561894
2821,46.20795547432115
2822,6.019174776793301
2823,60.72551200074102
2824,247.96362405757156
2825,172.78788142193832
2826,-57.647635814254855
2827,6.458682259742199
2828,5.541690705504108
2829,4.764017529118232
2830,6.547544655499617
2831,5.823808403501094
2832,5.804752635555833
2833,125.47896571048486
2834,3.886177698599247
2835,3.4285087559632483
2836,3.5588964668534926
2837,3.5136022599232595
2838,5.776202440644689
2839,1.9728144933906406
2840,57.164641809799264
2841,50.292420201274645
2842,286.22488972962935
2843,5.953742039683982
2844,174.82707029260735
2845,282.5570606399833
2846,3.4852121412230836
2847,68.7455300753404
2848,2.0368686992250886
2849,-56.04226237537143
2850,6.659931659479229
2851,6.701130632596781
2852,-44.68868847347825
2853,155.86065513405782
2854,2.329905267093279
2855,69.18551694375992
2856,5.9137449680563
2857,58.52910694461066
2858,223.63675930605385
2859,1.5004318518704252
2860,143.24060684089386
2861,286.1247145885005
2862,281.15101238347995
2863,2.981734495581059
2864,278.70798746572603
2865,233.83421132352095
2866,2.2035278859757303
2867,2.4525345903996234
2868,79.671394084414
2869,56.39719242753889
2870,187.5654748590262
2871,6.171732492542845
2872,253.69509044191136
2873,4.352945053354672
2874,12.871860345664839
2875,4.3390050635618564
2876,-29.667507488700934
2877,267.7759730518164
2878,-68.04783990845866
2879,5.027791087894816
2880,230.56358676538605
2881,5.62972473928995
2882,6.095650981482657
2883,4.12131922414419
2884,6.667798877536258
2885,190.13572382932188
2886,255.1673067014467
2887,5.877905097816175
2888,1.9864391314140044
2889,6.037764139974487
2890,2.3331989959346187
2891,-49.039016737008936
2892,172.48604714139452
2893,54.798745149676066
2894,60.23868606568967
2895,4.883680005996169
2896,2.536503761694594
2897,5.42808119094246
2898,109.52701784148212
2899,30.701642796313607
2900,3.277212427547595
2901,35.293628627422706
2902,236.96975090655513
2903,277.4052531462827
2904,4.0499900418948505
2905,4.333348507893516
2906,27.741103912642338
2907,4.084727725365214
2908,2.9613288900413828
2909,2.0970960122294646
2910,113.14213628651973
2911,3.7823469813219392
2912,2.158807025786297
2913,6.368196441380912
2914,3.57706237109878
2915,8.046348081583437
2916,255.05249382950146
2917,176.557618926285
2918,3.8552660248167987
2919,364.9397284397453
2920,191.7207397229576
2921,5.252678540574955
2922,3.7404461989783417
2923,228.61683595698912
2924,5.362821495134077
2925,4.964619292630225
2926,5.843115366288947
2927,52.260123283249186
2928,6.432657734774247
2929,175.5169167423074
2930,279.6258615764221
2931,2.388326018150601
2932,5.4932973365026845
2933,83.53230183999733
2934,105.63538572446893
2935,-3.520985723112402
2936,-61.8324822977975
2937,5.895498751441366
2938,-6.865156757912549
2939,3.0710631463847182
2940,183.13703570353675
2941,62.96563957749281
2942,119.71577708721017
2943,6.172215391594352
2944,6.563557381825634
2945,5.701574050117983
2946,6.393779183169666
2947,-52.07041773646567
2948,2.5599832736526125
2949,6.688967761393373
2950,2.7895460655972606
2951,148.37153171679284
2952,137.98854555845656
2953,6.621311786571825
2954,1.6124717063855178
2955,14.249683679640956
2956,6.533281894202791
2957,119.77013565585764
2958,5.177827816527765
2959,180.83853685272788
2960,6.37428810096668
2961,156.53340254354092
2962,3.8684275921904008
2963,4.278554447299656
2964,242.1499320917066
2965,185.56201948493106
2966,4.403823696349381
2967,3.6306613700538026
2968,163.828184201838
2969,-72.28945860952501
2970,1.9264389608745505
2971,208.86225569687724
2972,6.615881983025992
2973,211.24001884669946
2974,250.3916259409749
2975,3.9094208121669936
2976,38.95234321059266
2977,38.57856511928593
2978,4.304875672051507
2979,4.686046300907224
2980,313.33707560558935
2981,306.3020299870456
2982,150.90992875118928
2983,121.23892618034148
2984,276.689630866953
2985,124.26343216814168
2986,307.9421018138584
2987,228.91340361257457
2988,146.9375429764472
2989,77.69122791888971
2990,55.35393846990755
2991,7.166936053834224
2992,3.0201217169120813
2993,5.357507672867003
2994,54.21862185069274
2995,2.328593906897016
2996,4.230578773897279
2997,3.2713834359275795
2998,97.48797522139762
2999,137.23720360519695
3000,73.61375542946729
3001,3.1313563617298708
3002,305.55473874229216
3003,4.541787743638106
3004,282.35108436338555
3005,110.45648686932131
3006,107.4562480447814
3007,6.342244907040223
3008,3.0613784474842185
3009,31.85477730129066
3010,4.119793584883715
3011,89.66361396393214
3012,5.313917979240149
3013,192.74667923958327
3014,6.526352008104501
3015,3.221309611573646
3016,5.89713854697679
3017,6.193621346679186
3018,4.3329443742373375
3019,220.6713652239871
3020,3.6471481919544653
3021,229.72757550874343
3022,274.2702656152275
3023,2.7151836431058465
3024,89.76138833937061
3025,244.61542730212557
3026,157.25516862249881
3027,6.119036478531479
3028,5.436385908953326
3029,-25.748355144927505
3030,-44.60142514437805
3031,6.12976285445998
3032,6.392867227524017
3033,4.919429510581418
3034,119.22388188851312
3035,148.55949827204813
3036,223.85504146146764
3037,5.605680882015383
3038,2.1969070132956703
3039,-28.58608662636904
3040,209.42452672046144
3041,4.848122352770783
3042,3.221419343987468
3043,5.859874646892739
3044,225.7143006882459
3045,172.14002822136675
3046,4.416873860164927
3047,4.17049724394069
3048,36.09913371135797
3049,5.805209565770616
3050,260.85761566617873
3051,95.19430964135336
3052,6.585527462500718
3053,3.966589465622877
3054,125.34255010222839
3055,188.94947068898682
3056,58.63201638078577
3057,3.041999827093294
3058,94.1783016614686
3059,1.8669416007458792
3060,252.9308061273646
3061,5.0252082741151725
3062,216.98640213435255
3063,130.53608520854877
3064,246.58344775081952
3065,246.30372542898908
3066,138.2951585891242
3067,25.82982381348026
3068,6.073009198503688
3069,6.06228333297428
3070,3.8332901040940026
3071,6.2213932106427094
3072,202.07864019106518
3073,124.30104066305366
3074,6.297252570599273
3075,5.874221291568986
3076,170.65937930042327
3077,37.74453824500145
3078,60.09422069415791
3079,5.4510110140842265
3080,3.3003563397020628
3081,27.99813134776098
3082,89.69402466548863
3083,143.43815276872635
3084,1.2486962577594483
3085,5.472620747572664
3086,186.75353948964135
3087,3.1385092715591805
3088,96.80104195592094
3089,3.5722392668132477
3090,303.3540791196381
3091,171.1803569244226
3092,94.23557617910268
3093,4.069721588155932
3094,195.85124587321985
3095,265.43418572837805
3096,121.07878648390238
3097,4.695588041468097
3098,6.232039102403153
3099,24.802073537666228
3100,80.27810418854585
3101,3.643554633848529
3102,2.3874158620172925
3103,3.2169655199962763
3104,36.19348931293287
3105,-2.89370543950513
3106,43.97554492640815
3107,1.5067063904925047
3108,2.5513405287352087
3109,5.78043421145198
3110,262.8328296434866
3111,2.1295535873616354
3112,209.76287948848977
3113,5.513000599675243
3114,24.752076180378836
3115,273.3956766559548
3116,118.72815150796694
3117,-10.329625749041009
3118,258.1366498054037
3119,4.657520713173682
3120,38.75652491602595
3121,37.93922182843281
3122,124.86174835002232
3123,3.998346476950915
3124,2.5266838908676057
3125,3.7589641670440725
3126,223.23418499101587
3127,264.83994896258986
3128,44.246376885371106
3129,366.5730929268945
3130,2.133480311305972
3131,103.65114740127913
3132,187.59927314593182
3133,121.37107593590255
3134,234.97905779935618
3135,1.6907714020254823
3136,309.9736265397494
3137,2.8809195341181133
3138,173.7613292915903
3139,5.939592008908264
3140,2.3259176723396533
3141,16.148952684472867
3142,2.9840427871046904
3143,110.59694280205512
3144,262.83365397357346
3145,5.400449511222099
3146,292.8165866294228
3147,83.53855962982163
3148,83.6214979221772
3149,-12.757299382719044
3150,1.6949402626457024
3151,248.61235300295124
3152,7.1827413029039855
3153,234.73982748632105
3154,199.07141100834065
3155,58.662112536899436
3156,55.7793790940611
3157,4.835973823486262
3158,276.9996576027031
3159,104.70006095257486
3160,270.72829477148423
3161,-36.432706297002596
3162,2.727782758142644
3163,191.82949831146203
3164,3.028066296038432
3165,-6.63106453157857
3166,34.62488465012774
3167,6.582646761967298
3168,5.441296958970423
3169,3.652656837078092
3170,199.99420923035518
3171,2.9236420034948334
3172,230.07833891929968
3173,281.67194529447795
3174,65.1616483245183
3175,-57.9333265266111
3176,3.5050481779455325
3177,3.2780780113284087
3178,196.4246435965958
3179,6.2877623471890445
3180,320.6644689271723
3181,186.29986967292245
3182,287.7922181259308
3183,5.9129497015849735
3184,48.535536494905614
3185,6.718614068305234
3186,149.4570871365724
3187,282.32298987563695
3188,-64.30099847861328
3189,235.77813513190932
3190,4.447521832228839
3191,245.92171638783415
3192,63.45872803971747
3193,6.39281813789162
3194,4.394461038098332
3195,5.9591137689074465
3196,138.4990650364312
3197,5.462844653992473
3198,138.21665722669525
3199,179.03054423772636
3200,1.9723538365473225
3201,307.4748521040368
3202,4.47833973096547
3203,4.877602776587097
3204,5.672323378407852
3205,6.618121040539342
3206,272.0505210466371
3207,5.8733185561589085
3208,191.36244675609748
3209,-6.047133478834173
3210,7.632462021676899
3211,195.86134447811807
3212,217.37234714015005
3213,2.6752045412944754
3214,263.8390281965673
3215,3.3454742184859008
3216,6.110074320463159
3217,121.14580652391305
3218,285.07526495843956
3219,76.27872686630275
3220,81.52606546766772
3221,77.26396222110449
3222,248.10307592806151
3223,350.2317249214219
3224,-72.95893271234414
3225,146.68598260853062
3226,5.9658507461843024
3227,5.887851535117042
3228,8.059036107383882
3229,292.9326418984463
3230,232.3296854449796
3231,6.219168188081245
3232,4.872512416115704
3233,5.7057843613578285
3234,4.148796097315077
3235,124.76056907826003
3236,130.52766115016288
3237,5.182347801912126
3238,308.38654485675676
3239,6.554084703628504
3240,65.83463382574108
3241,14.417827077704722
3242,2.5714029371171194
3243,39.80679003412696
3244,209.96290194732444
3245,5.470583829777433
3246,251.5648922035146
3247,6.15909737788329
3248,37.15352669871622
3249,-16.526883284394923
3250,229.04202246879584
3251,231.15901415741803
3252,122.6693102364763
3253,55.550521010746095
3254,155.0107542837152
3255,6.390781875282991
3256,6.2824059725540735
3257,23.674730461265504
3258,2.6381629334459316
3259,60.4436291473797
3260,5.877529682409048
3261,119.0402337495471
3262,315.5094629888471
3263,2.1417512067124904
3264,3.6317226353623067
3265,154.9847946375674
3266,3.6547625717941994
3267,6.678497240310002
3268,3.2668353317899523
3269,3.443490924933922
3270,48.2846990430802
3271,223.45283447733328
3272,2.374676345070601
3273,186.28505936109184
3274,210.8413227032095
3275,129.9898034077064
3276,71.92705439522305
3277,5.878089340648545
3278,6.473964126602054
3279,3.3513346161410635
3280,173.21613549589622
3281,273.072984440328
3282,2.797206423404905
3283,393.2098462489589
3284,351.4004337185171
3285,82.54646378137264
3286,3.10771910174495
3287,11.497183662309673
3288,109.6557800136815
3289,1.817086382672167
3290,56.07119150389053
3291,260.0593458914541
3292,2.9218253014522855
3293,50.02756887469582
3294,218.1987620260188
3295,126.43810269765562
3296,31.820575951256686
3297,200.60702534703663
3298,2.342246714570222
3299,243.41440802492144
3300,4.823067667181952
3301,202.16000755393364
3302,218.5074392053322
3303,-10.594944980867938
3304,255.09470478326247
3305,5.1807634822833455
3306,4.336141286494111
3307,190.82754455820856
3308,3.122974752285957
3309,6.346733202989938
3310,-41.91318854407835
3311,2.4676564376319208
3312,3.5494948561361532
3313,2.480077454159519
3314,5.982936644508374
3315,4.707506018283554
3316,313.8523493564651
3317,300.2460530423831
3318,45.686157822424136
3319,1.9303277447900704
3320,2.213536534322015
3321,5.123499046134269
3322,134.80308171584988
3323,4.76366119283465
3324,3.8278460412466373
3325,342.2860590230688
3326,74.93147105925416
3327,-59.23711460248971
3328,6.437329708073304
3329,1.8366914700975223
3330,185.12007950454486
3331,113.9827935620724
3332,3.552631287991639
3333,233.94747022837714
3334,108.02851104255403
3335,3.383224480549852
3336,4.677510507276451
3337,2.6460966023070025
3338,1.738091098147836
3339,-10.912265217513152
3340,29.421956023748248
3341,57.44631690672753
3342,203.0443712485043
3343,154.75537438226183
3344,3.413818613509224
3345,250.37068693754955
3346,294.8363610328477
3347,179.2942778536081
3348,67.87687675096707
3349,5.678400266041022
3350,3.6956545858130645
3351,2.8788774641410244
3352,1.824900312532309
3353,151.7496236360666
3354,73.25117471993593
3355,3.011462196823502
3356,309.7303143276861
3357,3.5539202279713704
3358,241.9679210930022
3359,72.86880977922726
3360,145.03593493181882
3361,3.034752729605583
3362,2.961500103324646
3363,3.1417590045836077
3364,24.480918635383496
3365,101.24222491819603
3366,3.3621325660489934
3367,4.3558878585811955
3368,70.66667108909715
3369,4.969190984155387
3370,67.25590819757622
3371,-11.264310425062428
3372,211.7626826057255
3373,53.99921497532037
3374,329.0185370656253
3375,2.4229225810208592
3376,2.370053669220397
3377,117.88631203269003
3378,4.567944161671818
3379,16.69934767921926
3380,323.9921299662909
3381,6.674229218764059
3382,82.30432659154025
3383,6.243768808957011
3384,20.04445011987023
3385,3.7472377074734746
3386,53.086797915737804
3387,2.116138744097379
3388,179.98571038809726
3389,209.29098840153017
3390,2.1721029120839717
3391,5.7327608116744075
3392,4.993884687917053
3393,184.11535972557633
3394,134.5707216629532
3395,5.1858740946190345
3396,5.564428653679057
3397,138.30682946441013
3398,2.220783797868899
3399,195.0264484905776
3400,161.43404638373815
3401,5.038329360352408
3402,1.0474394863747856
3403,88.60216289515711
3404,104.38022511665085
3405,171.99485484763878
3406,166.21766496176272
3407,4.527291355469224
3408,67.0101651804201
3409,103.187044329428
3410,5.9612343037329705
3411,5.641339810737151
3412,40.33947083020732
3413,2.2168878599455226
3414,6.6880271602153165
3415,89.26398280384902
3416,93.0533018178134
3417,201.6015311311373
3418,174.44530790859125
3419,-27.59673337318041
3420,41.524123961556455
3421,-68.22192053143979
3422,164.89455406987142
3423,1.9607862749380174
3424,3.555555785611046
3425,17.47504289073462
3426,3.6464371559473316
3427,57.822506487094586
3428,2.9629084270850807
3429,320.94381934362315
3430,303.35257687890646
3431,95.26579526158727
3432,5.982878042487972
3433,79.69785066524264
3434,1.914727509895551
3435,311.7924648074836
3436,218.64821440182754
3437,3.3441558081683227
3438,28.844099353834043
3439,262.84809257715415
3440,6.618632964048049
3441,4.943711982310378
3442,234.05886188523453
3443,5.037336621792494
3444,207.01972826634767
3445,3.7985497039693907
3446,5.685006573596116
3447,245.2504977820743
3448,5.274206210779559
3449,5.750090311865271
3450,104.53569742237522
3451,199.6343829129808
3452,2.207491417973529
3453,2.9564147177188937
3454,20.241697541242743
3455,4.04903126671144
3456,5.538053601387871
3457,3.8663141221717434
3458,6.180127575500492
3459,166.95163574321867
3460,-45.821837916776516
3461,5.527329009045217
3462,37.05716514329386
3463,219.4332955962335
3464,4.491532441060343
3465,2.5919885788234636
3466,5.401806212898466
3467,111.00540932808542
3468,29.291640773892173
3469,309.93761543204755
3470,140.79355027403258
3471,22.07706527285636
3472,278.5774987617932
3473,6.31877434888662
3474,3.346168136941353
3475,4.8040917472003155
3476,34.04545245299374
3477,3.7847524342360948
3478,6.7221350639075474
3479,2.6213710005025854
3480,82.96193978866324
3481,136.09553276870366
3482,87.51394608652782
3483,58.168788003088764
3484,187.02839155992314
3485,2.3829132649651785
3486,228.66024956680076
3487,5.842112670438347
3488,4.538387432864131
3489,3.3635297590655586
3490,6.523109668459891
3491,3.230784200975137
3492,2.415829431756574
3493,305.2827589274086
3494,153.65341759390026
3495,6.353960433590079
3496,27.29491605104603
3497,4.460106062758031
3498,6.6935757138124075
3499,-28.0491051844981
3500,80.45559400948133
3501,280.41582558998704
3502,6.070281264382016
3503,3.460385172527965
3504,55.71012507658002
3505,126.17403303703573
3506,94.02581194593205
3507,6.282754112677865
3508,3.34217325376107
3509,3.051260680875158
3510,286.5512039550795
3511,2.0085204627323248
3512,71.45618389631308
3513,86.38692633681032
3514,3.402169679917133
3515,58.38993930867142
3516,3.515946698744835
3517,196.24245750998475
3518,4.345777984692679
3519,230.15190806044228
3520,292.1403303163495
3521,1.8995834125483995
3522,-5.0111315444662115
3523,3.8882905349133496
3524,6.648630686923533
3525,5.276465764643858
3526,45.832249335566246
3527,1.6924576105929368
3528,288.46599792566724
3529,215.85010753585783
3530,2.389292421984524
3531,68.54411496947077
3532,267.6074988044623
3533,38.58815371529158
3534,7.818256581582082
3535,91.97655843833394
3536,3.558019047864895
3537,61.836077957018986
3538,7.094552067581057
3539,-10.41372655536426
3540,167.97880360870053
3541,-63.05402521758764
3542,2.6434579793705124
3543,194.72011836388822
3544,35.575822830463395
3545,2.5442685015191016
3546,5.411805123038121
3547,173.8385127551647
3548,5.697818670140557
3549,1.7500220706336562
3550,4.559751733997499
3551,3.996265656635325
3552,5.7081490886566755
3553,5.439053999128143
3554,193.59211844087272
3555,3.8401049024037173
3556,2.046329017908915
3557,125.38223963940192
3558,5.188667696939919
3559,96.7395577414942
3560,61.85028031821741
3561,6.181561329348936
3562,28.826965107127116
3563,-47.08283253956371
3564,5.881661389291955
3565,4.607391494057511
3566,178.92131555727423
3567,1.9864699174325913
3568,212.68493992709534
3569,166.33501033312933
3570,33.95997873428761
3571,204.63026859923986
3572,1.8539478465080736
3573,6.15990343097277
3574,5.7038146551584115
3575,2.037893125054734
3576,5.1558828616475445
3577,6.251350351494239
3578,92.48261032513147
3579,2.0884657889080924
3580,68.50004051212206
3581,248.5522519237017
3582,89.87893745430154
3583,52.52387425144481
3584,6.638328968688539
3585,32.388468620943
3586,5.789840641989927
3587,32.94234643289049
3588,3.3421139892383156
3589,223.7763591256991
3590,3.216729199138196
3591,3.517502164898838
3592,182.91801954687713
3593,3.9178107659430763
3594,26.188541758840998
3595,6.669885981531998
3596,28.73871943215653
3597,321.64744841925017
3598,74.31725976806344
3599,97.43302806751853
3600,2.6288311856623015
3601,296.3632519207363
3602,25.596298100894835
3603,5.158133372020783
3604,2.908462608034238
3605,179.56454360436322
3606,2.116230009701944
3607,4.00355833048613
3608,276.0390149001057
3609,202.43117759162914
3610,67.08270916122294
3611,5.3806857884185435
3612,256.3212963195837
3613,6.3577908317103855
3614,4.845862734196944
3615,6.505587883769019
3616,50.405689147055305
3617,4.952771254844437
3618,2.539374460299483
3619,-51.070095665680775
3620,1.652726626804716
3621,68.34189778278413
3622,5.468416268719391
3623,266.7572894686901
3624,1.2581868793242168
3625,104.64333759593927
3626,27.666706564509155
3627,33.52123225342771
3628,6.3755409345733
3629,46.60394116581979
3630,252.40941965072278
3631,286.9520830094052
3632,253.3532628466209
3633,261.2503481159811
3634,112.88092996054982
3635,127.39870374567414
3636,4.534429640637481
3637,45.994847250586325
3638,63.512596918232944
3639,5.076672005519629
3640,348.92380273877586
3641,227.3824377982274
3642,156.220281356337
3643,188.44349147303052
3644,6.57689464316779
3645,125.83587070415783
3646,2.507754923020711
3647,5.838356982161339
3648,236.12956533184342
3649,23.860778072396975
3650,3.182256901609175
3651,192.68674624331322
3652,48.74205571513861
3653,-6.778131149291228
3654,69.9169599938475
3655,2.0839440360094716
3656,145.52456600110904
3657,5.854134345850445
3658,7.783779447421285
3659,4.641279371794949
3660,5.800095033627007
3661,46.47191226547868
3662,2.1192801709708613
3663,5.483861632110304
3664,118.49145660797694
3665,4.946625959570799
3666,277.91929759075776
3667,250.11539574955816
3668,267.8809955595998
3669,225.34618860467987
3670,7.000484802614364
3671,6.857006180970078
3672,226.95307931224625
3673,5.192231898795217
3674,288.43283040116273
3675,146.13228664042282
3676,35.799628751983846
3677,40.5359402785666
3678,-4.615760520016941
3679,4.555591366245999
3680,3.23476731610707
3681,145.1290142740673
3682,88.87494944427756
3683,163.80340129199578
3684,29.347474331306515
3685,153.25658642521594
3686,255.66273791990662
3687,121.48079106428825
3688,269.972282373291
3689,2.4339439807902346
3690,195.92397655330592
3691,204.57867743128253
3692,284.79476525692337
3693,271.332366519588
3694,1.565870314436378
3695,243.76795633634498
3696,207.80456087742613
3697,0.8309158800076896
3698,-19.367718333407645
3699,4.310789674966264
3700,5.555149026787809
3701,365.1128801180464
3702,3.8540099225862763
3703,3.863700232887577
3704,6.098794427603807
3705,1.4877722783901783
3706,41.395841915445956
3707,19.261814095319217
3708,117.11808159973172
3709,3.1463326313306723
3710,6.639379232637962
3711,348.08145085650085
3712,102.40736254212857
3713,5.65021988729788
3714,337.766194256856
3715,2.5417639894692856
3716,2.012209397543227
3717,145.09694980668627
3718,73.90678241804498
3719,165.21528981970934
3720,163.21818411003267
3721,2.4419526130432887
3722,3.9203635892917212
3723,3.3508057247312335
3724,1.8588880341964167
3725,67.96133317103713
3726,1.734723216995901
3727,225.13225880189293
3728,57.4885241295395
3729,-49.48228507013686
3730,143.4165661974908
3731,75.72979738729686
3732,3.4023197559858414
3733,-32.87807598735701
3734,3.1240559785060826
3735,2.3892441104249853
3736,22.65102865590747
3737,6.297052826119383
3738,188.35152395881892
3739,-48.087529451057804
3740,235.52748239259154
3741,13.474937258589273
3742,263.69500441521336
3743,2.4063572335463945
3744,76.58176408643195
3745,-7.862253172175572
3746,5.289869126816054
3747,5.015160725439106
3748,171.03379409121754
3749,77.61506354311213
3750,1.572806930146612
3751,231.57457286344805
3752,80.59913735938551
3753,4.868093866281804
3754,3.8501346351298373
3755,-7.810947770932165
3756,5.635356247567097
3757,25.659592373144456
3758,5.991270753017712
3759,50.23591466074788
3760,1.9431828553818042
3761,6.091985035108099
3762,6.345540682536795
3763,119.65643158674204
3764,171.47583002233176
3765,364.160896819782
3766,6.44536768339664
3767,291.83965861966925
3768,74.04585072922859
3769,1.679401760332393
3770,178.33457051095118
3771,3.7270989627815174
3772,202.17015557115474
3773,239.9719400925536
3774,2.570850351444057
3775,3.901306983913262
3776,257.30613165665306
3777,5.958962450351292
3778,214.8825433213957
3779,292.8762051338453
3780,5.717961132504735
3781,6.551447500217075
3782,2.020584212460768
3783,1.9720315730223898
3784,5.511216904445526
3785,28.50089250338173
3786,92.02123315405277
3787,6.018451187503963
3788,6.68709444312057
3789,281.66208523953054
3790,6.876017427443307
3791,6.257086024447479
3792,3.7211129282840583
3793,23.632026799346487
3794,-29.858792250477954
3795,205.13199104626202
3796,194.10281408929626
3797,4.897863024017543
3798,162.23235037687527
3799,-63.25652264947391
3800,247.1267990921799
3801,118.71539016131624
3802,130.55054675205704
3803,44.136905087563235
3804,67.2911027165641
3805,4.6081726410471
3806,2.978434831853084
3807,136.4143373284339
3808,3.7799909402678558
3809,-34.139705156738984
3810,2.688042162678622
3811,4.5620557484217965
3812,266.2802054308902
3813,3.646685242824157
3814,283.3549571662601
3815,7.401285630977499
3816,3.805711745139949
3817,53.66664287686677
3818,6.358722647118382
3819,2.323582029931554
3820,114.22955071027539
3821,7.530223708909391
3822,5.504071495156449
3823,263.1403393455563
3824,5.190422754136082
3825,256.02088205916095
3826,5.988039449151465
3827,304.95890779963435
3828,307.2610761750608
3829,6.569435291441539
3830,243.22098179158252
3831,63.19470967942534
3832,1.7939666377738053
3833,62.28716288950324
3834,32.249386489612306
3835,2.7583217563191575
3836,5.141582248523005
3837,6.732891794459959
3838,5.93055793352653
3839,229.2617839146295
3840,5.600522231648366
3841,127.7237194923114
3842,3.6944723193578675
3843,269.6676890358227
3844,5.425048048002875
3845,5.997504992850497
3846,6.525376655912147
3847,70.90379077245072
3848,100.72657364050656
3849,191.79041492614755
3850,26.256703952586896
3851,125.7700556985055
3852,258.5493473449892
3853,5.553120325918246
3854,253.34005922523417
3855,1.9588850816441217
3856,58.64286010421223
3857,3.858887705326439
3858,2.987712945891964
3859,250.2431473445452
3860,6.224734683066869
3861,-60.815863443184426
3862,-7.4098249604767386
3863,4.055507122253456
3864,2.6543407993238715
3865,288.1175699907034
3866,4.317273835743816
3867,195.03533339036028
3868,4.852946597867558
3869,3.087068714638819
3870,164.1697782032217
3871,33.14625155872468
3872,3.59181613049344
3873,33.22667021186093
3874,341.2610231621011
3875,273.4276863566612
3876,103.9819168368334
3877,-61.33050167069195
3878,180.64756572755306
3879,238.44710056490197
3880,6.604329721777562
3881,3.9931878873482316
3882,2.850094101304383
3883,206.73164238290974
3884,145.62487107027985
3885,6.401873005616329
3886,5.44104123153512
3887,6.3339114479834855
3888,2.6516800368297835
3889,176.49890211394978
3890,1.811095489743204
3891,3.1315589785221634
3892,192.07623557943884
3893,3.4300902673831897
3894,298.3252171713471
3895,-25.40488934860042
3896,20.001347303150553
3897,252.55593285732644
3898,184.52245630911273
3899,1.7335051647126547
3900,98.91125216624219
3901,100.01605196303456
3902,2.882105570490258
3903,39.831717028867416
3904,44.32511798750434
3905,3.6582704935461754
3906,7.579416448991227
3907,201.76116240691198
3908,139.77643135051338
3909,3.1550220894367946
3910,4.011045843039073
3911,244.08925116798443
3912,4.1216052502091856
3913,38.97807980695213
3914,280.04970549557663
3915,7.230823415030256
3916,5.819608507523886
3917,3.7841734991254894
3918,-50.15787098543926
3919,4.8690356345574335
3920,30.75765893710416
3921,55.53283097656196
3922,6.930182209977179
3923,3.471522521180933
3924,360.38858919437587
3925,58.797656581781254
3926,1.9226918076042574
3927,250.3149079721322
3928,3.3947908843814165
3929,5.380145500293295
3930,6.359322588268222
3931,223.0255022983119
3932,4.678021369438215
3933,2.6674289505548314
3934,6.593303837837976
3935,221.58733992066905
3936,1.8197057568628436
3937,3.1997653281508125
3938,2.9077611914468786
3939,323.37446940874406
3940,6.110587726098096
3941,6.258514172176669
3942,5.177164168357488
3943,3.226049858680224
3944,6.76214819419321
3945,326.3596635852782
3946,218.30776753812134
3947,29.137728549281306
3948,176.71122320161047
3949,5.334585748596364
3950,234.87165250503986
3951,1.7071049715535629
3952,137.38730661744358
3953,131.1796836082274
3954,2.989124944601957
3955,5.915847941939464
3956,181.0014921304088
3957,56.87217321938366
3958,70.05705937520965
3959,229.41548743628263
3960,6.09108472349714
3961,6.058441357161769
3962,125.1403624158431
3963,5.84841771773183
3964,209.62983213925958
3965,6.1890338229546815
3966,2.9214065060620755
3967,4.38692870140401
3968,198.24351124858637
3969,47.66339435524061
3970,2.4849772683557596
3971,3.494406590386008
3972,2.9843376887712973
3973,3.303094372517295
3974,32.219098113342596
3975,44.65525691693672
3976,3.7513578299110546
3977,4.202533490787937
3978,3.6490287685788063
3979,134.32923724240305
3980,247.04672072599232
3981,253.92800568735206
3982,5.486090918640377
3983,3.080681115227203
3984,363.98555086099793
3985,225.1696607837548
3986,172.89738165798738
3987,91.73394466918178
3988,3.3191942464380073
3989,18.421593800661626
3990,89.87052696618599
3991,248.87729652504805
3992,5.844032761175624
3993,6.183238326125046
3994,38.03256771102202
3995,122.04969026220138
3996,3.3709896327906463
3997,111.00543803627659
3998,2.3620938970478793
3999,276.2750854661243
4000,5.286733878286688
4001,4.237378036316567
4002,20.41191938617783
4003,166.48180339835181
4004,2.28811605929834
4005,310.8581541398325
4006,76.51797497631418
4007,6.9497009617546865
4008,3.3977951518020513
4009,5.882400159910725
4010,192.58659631577314
4011,3.7067524534415437
4012,6.359495241729075
4013,242.47375458896454
4014,5.846994267508904
4015,6.206290773772452
4016,69.5841176179669
4017,192.7915375877083
4018,122.72970502164624
4019,1.6490707342726565
4020,2.012690992227104
4021,123.85781819480499
4022,33.19634780606214
4023,3.6895117587226203
4024,110.24480154336538
4025,37.73406969581238
4026,-2.5994241610656865
4027,252.1423372794575
4028,114.70501081445425
4029,7.3201623344377476
4030,2.6116085959803343
4031,115.18055281547873
4032,79.31424679636399
4033,3.01472686420313
4034,259.96900054679594
4035,115.89361177964602
4036,5.086175736019831
4037,3.6058063015899697
4038,6.213327119190577
4039,5.842631267525462
4040,108.2116141715214
4041,323.36709321499245
4042,58.52260607414269
4043,265.09628285930864
4044,3.861523959366073
4045,29.793078373749026
4046,5.84595309315335
4047,4.669880333985981
4048,278.5803082613144
4049,118.37201139961718
4050,272.895938185881
4051,72.8986053419556
4052,2.7016842831977232
4053,3.919610564795381
4054,5.330110891286313
4055,4.344244345789718
4056,267.4045011909928
4057,6.908822365856794
4058,278.97408348672866
4059,20.26269629618494
4060,260.31438392303664
4061,111.87409227257527
4062,3.7959362718229257
4063,2.1623556677767155
4064,219.39095418297907
4065,2.0345965215634427
4066,97.7874133244535
4067,198.7475816096883
4068,175.4062573112173
4069,338.09721426298387
4070,2.720367025278268
4071,2.8096450464657403
4072,2.1036847510260728
4073,3.4260376012460556
4074,4.122976771351903
4075,-35.909742668362654
4076,50.66075738309025
4077,4.813568867575782
4078,6.284304247920053
4079,7.012998689026061
4080,289.3522875670544
4081,5.0339210784310655
4082,123.27714172940402
4083,3.9800115252807453
4084,15.063345871996585
4085,9.244761867331231
4086,6.715471441443682
4087,4.020768357869791
4088,4.848896657446911
4089,73.85148396681056
4090,133.3416014697796
4091,4.487645071317972
4092,69.67188380627401
4093,29.01633001913437
4094,5.0066555900964635
4095,6.704021084374889
4096,2.3813163820471948
4097,2.5128253475960776
4098,2.7120491673328373
4099,-42.17534343329419
4100,60.41260873088437
4101,5.693318467589095
4102,4.7512322096260995
4103,66.78615068085071
4104,197.57239755929237
4105,5.709282246365577
4106,120.55126274458229
4107,82.72450908043783
4108,66.1917686330025
4109,243.2055658733986
4110,6.3875696657720935
4111,66.65627217645354
4112,80.47853083440647
4113,3.1013140496915463
4114,5.0868034206395745
4115,87.06382264707631
4116,98.83253121879318
4117,87.3069514567365
4118,291.11804360822714
4119,241.90276915938466
4120,229.08096696167354
4121,89.2465600776107
4122,-22.910884539943318
4123,2.3248597288948596
4124,165.44402185555253
4125,2.2755911336167074
4126,56.37993414299002
4127,5.912756966668258
4128,1.737455284403135
4129,6.199141010692048
4130,2.048634448148116
4131,57.05592242367595
4132,6.026134629947585
4133,5.179751792277184
4134,109.2292823913672
4135,9.826720819038313
4136,169.70841444079772
4137,324.73109650461254
4138,-22.595101186146614
4139,107.46061250644505
4140,54.33156692738871
4141,4.130637198070779
4142,122.6068420020855
4143,310.98935922834386
4144,65.2390728118804
4145,195.7828788919373
4146,84.73116328797735
4147,62.712117056209024
4148,288.01961998091735
4149,50.82794105251181
4150,52.73052899527387
4151,60.26669657384692
4152,116.84917112149084
4153,4.172431960113324
4154,352.3366774490788
4155,150.7645041458935
4156,3.479890313554531
4157,60.6961005214991
4158,4.154871728207304
4159,5.021024687493913
4160,144.25570505812786
4161,188.01943219900505
4162,6.275175117854801
4163,68.21731989337414
4164,185.4326060409117
4165,0.8238935583114939
4166,44.53610703584849
4167,100.30253799615468
4168,19.792988876469067
4169,2.489832388209704
4170,1.423980992869307
4171,90.93367565465941
4172,4.647863081031078
4173,4.207691631873437
4174,65.32978986062756
4175,115.05047311048838
4176,1.9882420301422563
4177,4.046771646000158
4178,31.747398764403798
4179,116.78357024020418
4180,176.19469156563207
4181,67.19328496421025
4182,50.816460013931646
4183,22.147413402930326
4184,185.7361239243209
4185,279.29273383710785
4186,2.5897086004591046
4187,61.652130356380084
4188,4.229885578486333
4189,4.1063825285899505
4190,121.3850975595812
4191,2.1332017873609272
4192,35.12582968573056
4193,54.08518207738462
4194,5.915364095410557
4195,4.125670598778701
4196,125.7142130261067
4197,6.530775758285247
4198,3.218719663490503
4199,5.001520738903466
4200,295.34076838524686
4201,251.41008789489206
4202,195.0864099074945
4203,5.45883416290979
4204,114.32108592758948
4205,4.838224910656269
4206,7.626997109155216
4207,124.638224320456
4208,159.9913347714275
4209,225.69656329300165
4210,-60.514991332898745
4211,1.6080688847007512
4212,5.89762575700167
4213,-11.905273133357168
4214,7.402082686574314
4215,2.919408372934436
4216,1.5787808209640863
4217,3.4257065910178666
4218,5.8086704589576375
4219,62.72453415656444
4220,61.44260102732626
4221,2.218638311320757
4222,89.67067309410135
4223,2.8865607409125706
4224,6.341437714468606
4225,5.166966318928862
4226,279.15537977980404
4227,2.042403976877592
4228,210.30620016476234
4229,114.28444339391783
4230,3.070560930623212
4231,2.3048684046741315
4232,55.42007864982454
4233,3.1500911732252415
4234,-6.9458307226787745
4235,85.31636369895351
4236,253.1611274596217
4237,172.2811745248141
4238,3.4213481986425625
4239,54.19766241965048
4240,8.766090721668682
4241,29.801592988213145
4242,237.9877652748586
4243,-53.84250274906633
4244,324.962661587752
4245,5.072400574367869
4246,1.9444958721893477
4247,3.638698698412241
4248,4.190918910975097
4249,-17.829683014234018
4250,11.93028984083945
4251,287.12570773071405
4252,6.616329406130202
4253,6.132851660481271
4254,5.415304040868976
4255,-47.32404687030014
4256,7.100216755012253
4257,118.94956868583793
4258,2.4620508471821942
4259,1.5814315467586817
4260,90.97737317605936
4261,2.473516574118722
4262,291.5298723731416
4263,71.44614183024076
4264,2.651687283124266
4265,40.172612581621294
4266,4.063746491171114
4267,6.19480437835899
4268,5.664680664461643
4269,204.41460790683723
4270,178.85001497676876
4271,183.43288766697225
4272,4.570534234221055
4273,7.766230891272773
4274,111.02810319146619
4275,6.42997108827925
4276,301.49185735225353
4277,232.8832470518866
4278,376.22506359101385
4279,308.15286924744436
4280,111.73620779831927
4281,76.4179442916089
4282,10.445976924967201
4283,6.312772441586672
4284,4.541311059374721
4285,115.44894873906406
4286,303.333671091422
4287,1.833581097337003
4288,203.01323181453216
4289,207.73644471803917
4290,180.74344790653498
4291,3.246736038927632
4292,4.994887306460916
4293,5.756322217383291
4294,-35.841637051928764
4295,0.9545434357684864
4296,5.399116167966442
4297,6.391686575487812
4298,5.930443555204185
4299,66.24950551271867
4300,46.29801924458819
4301,-11.68998727357626
4302,84.456686038389
4303,1.383734664972094
4304,-40.300088681318385
4305,3.748589539080239
4306,296.63097824791237
4307,2.743339575706421
4308,25.745352182083234
4309,4.544562470192156
4310,2.818713331116588
4311,9.221305788194794
4312,298.22385809093544
4313,3.3096622270244165
4314,3.181653225475486
4315,228.6851427986121
4316,1.470668989473957
4317,189.70234628473617
4318,6.1146287404893895
4319,54.0061677431232
4320,87.58866252945937
4321,4.832043925592308
4322,295.71471297091773
4323,76.06165092229264
4324,3.58311823663212
4325,6.645750550042149
4326,3.7993333715138458
4327,104.1373572540044
4328,138.56691005386926
4329,200.56529215396466
4330,16.57468608968454
4331,2.6536591200440593
4332,2.306076696826684
4333,262.3080642088051
4334,3.248945906583642
4335,4.336691237065998
4336,2.1685393779869826
4337,5.871414284171223
4338,-1.4738450723518384
4339,5.660396520250256
4340,-36.347447175927876
4341,60.125685397790285
4342,195.6793838000386
4343,160.77483682689785
4344,112.06473851745872
4345,5.877481224589544
4346,4.6350846773248
4347,199.19382113292318
4348,5.629781917787633
4349,107.90862464719464
4350,-40.5196320134852
4351,140.19111944783805
4352,191.26714030104336
4353,5.118752521436468
4354,138.18723287616208
4355,128.26730915415675
4356,1.8748199833994947
4357,5.308656221684144
4358,320.55938222298664
4359,229.48139811622553
4360,3.281948281626361
4361,-2.529238225677697
4362,1.1435283771328226
4363,3.794310642573573
4364,4.39503801241377
4365,1.6435332259696689
4366,3.591758315497314
4367,260.257755005401
4368,-35.99161785245246
4369,87.56798384595393
4370,6.346121479690674
4371,196.26111463771215
4372,88.47829324628368
4373,327.03898982155346
4374,6.152035186818466
4375,227.44228411804806
4376,292.4539539919957
4377,5.528536651858669
4378,5.759644959382586
4379,159.35137556096734
4380,3.097889283508467
4381,2.3040997677981823
4382,6.684776655311003
4383,24.860254929499874
4384,5.056983241705344
4385,199.37020177434843
4386,43.31547744079694
4387,302.47819807410224
4388,62.51414347408763
4389,6.696121335161403
4390,4.230324864362806
4391,4.086632102046585
4392,2.3608424980085503
4393,92.99149085275604
4394,72.00402326279197
4395,3.1729426494001562
4396,29.620964301604474
4397,2.563858658688024
4398,6.315673620395249
4399,4.027865056657577
4400,239.26778501590064
4401,6.779455024920052
4402,246.07099174085326
4403,257.92742644389955
4404,234.4601220370712
4405,351.69982116615313
4406,27.559791215349897
4407,107.82825195111494
4408,6.339246992456259
4409,108.25580884579165
4410,-91.69727933075819
4411,2.7519942437245937
4412,277.04986079245015
4413,204.65490512155992
4414,3.8188429279220664
4415,187.976928113119
4416,67.32706925036845
4417,2.7399175228907797
4418,227.42321192192367
4419,254.25197176510056
4420,365.755963069221
4421,326.02783596010755
4422,16.285168365671133
4423,2.46979576471199
4424,50.12557764952429
4425,186.91809261550588
4426,5.3046997429228036
4427,222.7679217736841
4428,6.359654505248463
4429,5.0864905661451765
4430,5.143113470987881
4431,175.8656041933102
4432,3.6902525676258247
4433,3.563532270403079
4434,106.35727676935423
4435,5.713654006633536
4436,6.450617441756135
4437,-6.161484327876862
4438,88.76591825850878
4439,7.520071423342545
4440,280.23901848145516
4441,2.257039225611401
4442,259.021203426786
4443,6.140089624571533
4444,281.07038973807704
4445,3.847178984363667
4446,3.677230672800193
4447,177.42204423580517
4448,5.01636074720186
4449,-2.077509692028865
4450,88.53101323972132
4451,106.15507751858902
4452,245.86828046305106
4453,245.88290605474094
4454,4.972961023950562
4455,5.4247998804767885
4456,199.47541772451677
4457,4.090574235975241
4458,6.5937787513228105
4459,75.47439350883835
4460,0.5633242214536405
4461,76.05096421821554
4462,156.64602428367593
4463,49.60249809408218
4464,4.284524596061315
4465,100.00681576731532
4466,4.378212252363506
4467,-14.354369095902628
4468,1.814319707676951
4469,2.0535577612025353
4470,4.889319373485855
4471,3.1623408889515607
4472,262.19140552027307
4473,3.4572636472331153
4474,247.8158345978175
4475,4.8084550881216614
4476,90.75786484863384
4477,5.872388108084083
4478,4.510460478123475
4479,128.07190587934707
4480,289.99560525028966
4481,3.695972752521246
4482,202.71745479532274
4483,69.98718195587291
4484,309.3708183134353
4485,217.0367830067919
4486,2.466298597859624
4487,112.14935534209486
4488,54.56985753523489
4489,-39.671321966550536
4490,110.15521124158451
4491,5.258634298633279
4492,266.4986984072538
4493,314.2272580045767
4494,23.73323591642153
4495,2.840969124966423
4496,111.44917311388352
4497,6.727736749533385
4498,195.20123316434075
4499,309.13314762227424
4500,165.2155366681936
4501,5.505361477651898
4502,5.905716247982574
4503,191.90645033941655
4504,7.048245142774683
4505,63.2513702021015
4506,3.100457656407963
4507,-23.00318986725385
4508,121.91941569172377
4509,45.506316318983636
4510,2.2036918562796233
4511,269.89095069038547
4512,55.994316620425224
4513,97.88013887408395
4514,3.06436184936559
4515,2.6248582829634204
4516,3.422906750243566
4517,4.857788070019099
4518,-7.408521573782492
4519,116.92976766521053
4520,57.60849393743626
4521,2.6421131388338472
4522,62.73090747956701
4523,6.714944100442026
4524,203.26242386995932
4525,17.904297642021085
4526,2.226394892073096
4527,110.56907413166962
4528,128.77025072434438
4529,106.50576718861753
4530,147.96586410226325
4531,3.779402034804694
4532,4.292257563800415
4533,4.429301506186712
4534,62.02229323476078
4535,5.980388672597141
4536,2.0520404498295237
4537,1.8190892258395965
4538,6.3351155798848895
4539,285.55467568919966
4540,176.42213020969302
4541,3.32511299198857
4542,2.6985118376370503
4543,218.59699113171297
4544,36.34934668754673
4545,5.047190648304438
4546,26.378088897316488
4547,5.898968522368763
4548,178.78735183737578
4549,4.698286998762117
4550,239.5439836599837
4551,25.61159285529542
4552,131.57045825916634
4553,126.16221466053022
4554,4.656534959540694
4555,193.63104293309857
4556,288.1924650451983
4557,5.178586362730399
4558,4.588449058789433
4559,80.24900844852685
4560,7.411524797943946
4561,5.240025122434902
4562,188.92454541088148
4563,46.44600113479096
4564,226.51225822153077
4565,49.121794968405254
4566,221.51972557835717
4567,278.70119126191753
4568,143.78968069712263
4569,4.790285214507158
4570,204.12090739161144
4571,264.1804484202994
4572,5.297489215982297
4573,2.9490328072506964
4574,1.7249593922502164
4575,5.345613569691405
4576,149.16187006731306
4577,253.4434964211915
4578,38.564073265676775
4579,8.606239522163115
4580,0.8413173737369115
4581,349.7969675887
4582,47.44510065688155
4583,1.6261166237439926
4584,266.9853601084741
4585,39.27775800564062
4586,6.038633824883479
4587,4.102102502425246
4588,1.4676550213600212
4589,4.311654545286302
4590,2.790061718320775
4591,71.02673486069492
4592,5.34907734492203
4593,94.80053376773691
4594,-20.716603860455255
4595,2.6965592255521997
4596,59.44753073055329
4597,142.1827548019992
4598,4.110705934832135
4599,-37.18671519492105
4600,99.31856087307524
4601,7.025154074634045
4602,5.294407184859175
4603,5.483000083791625
4604,78.13490820954708
4605,2.286292288410159
4606,155.41775189877188
4607,45.140352212070226
4608,4.620394578228568
4609,212.73613204094903
4610,150.46996964702925
4611,100.8226812527988
4612,3.419571036876531
4613,-65.59703911276226
4614,82.82596720419194
4615,-41.19853906714431
4616,4.749295585645584
4617,4.820216204831383
4618,4.412827276148697
4619,6.035203447107872
4620,6.634226981433761
4621,67.20636704026397
4622,4.189003226238308
4623,6.071943349791516
4624,1.169196791732606
4625,84.98944957842956
4626,48.13190795312382
4627,5.341125429198916
4628,5.866465997858967
4629,65.09290944439333
4630,5.481038795537556
4631,2.7771655308627
4632,6.663208572410966
4633,214.6207950157883
4634,5.803569043635104
4635,5.90823707060272
4636,50.190219405559915
4637,7.032000926476183
4638,402.5873780077576
4639,277.7910458821609
4640,2.009482316713952
4641,212.20417236944843
4642,129.18296565237983
4643,61.9443514794454
4644,58.01882412283307
4645,5.544785533681902
4646,46.82482421545275
4647,12.6712412956289
4648,196.22049605604354
4649,122.04317235115998
4650,127.35933099979681
4651,33.842171750444166
4652,4.712915704358652
4653,236.47429025931
4654,7.71330597728263
4655,5.524894084265528
4656,2.766285223808104
4657,3.160370883132158
4658,6.544793904101741
4659,100.26775199665323
4660,2.710734450775476
4661,2.6990189644110156
4662,3.7920213696807274
4663,119.56674458805375
4664,5.8733185706570135
4665,127.56249307165734
4666,237.73496781726155
4667,1.840561179379005
4668,108.3453494822158
4669,252.9639529580246
4670,11.718713274791934
4671,1.9257832640112742
4672,1.0100219418906016
4673,71.16757957369552
4674,286.76896367716677
4675,1.7738840451651678
4676,141.58753364785554
4677,59.495261212415244
4678,5.464213905776802
4679,77.56503327225556
4680,4.499001137350589
4681,1.9158855109195736
4682,169.3293565965762
4683,145.65443127556418
4684,101.60622166151363
4685,243.67481064744342
4686,4.264662199976916
4687,218.32467759004226
4688,344.51445787870495
4689,98.9222977623163
4690,5.8434908610246685
4691,6.744723731903266
4692,4.346257830083528
4693,104.5375073375874
4694,4.263841827771709
4695,359.8539050547514
4696,4.544113564426246
4697,2.535642428061138
4698,4.688160417657469
4699,4.27394050401061
4700,105.0209364832821
4701,5.546259713064115
4702,1.973517899830181
4703,3.681334124327659
4704,5.079597293108995
4705,285.6345158933366
4706,3.2856311882739924
4707,4.988707675042549
4708,3.1191391958474233
4709,76.58812069082707
4710,158.46792706209396
4711,6.304280201434668
4712,240.87967214857082
4713,3.7387175567105304
4714,5.750747326795247
4715,68.55697646314266
4716,73.01571097576601
4717,7.405521065046032
4718,5.934316319908268
4719,181.6207724743795
4720,170.14456479073758
4721,6.202932111103924
4722,4.080148881071444
4723,6.382711266265314
4724,58.0954518438144
4725,183.8667648230895
4726,3.6752670541816572
4727,267.5685081111143
4728,242.65872102225342
4729,3.9088824293450632
4730,174.43232760726403
4731,25.63595526908039
4732,-53.102368544851146
4733,5.493781755859096
4734,6.306106464265543
4735,5.545760382667067
4736,3.2447493154906937
4737,58.65806998850109
4738,-24.15316116696652
4739,165.66795843556406
4740,296.4609763857439
4741,4.64125124033292
4742,85.53123133297272
4743,5.531441234377863
4744,271.8147297208602
4745,49.9911956800551
4746,4.031017100598937
4747,2.8450374767051594
4748,3.1398816372161953
4749,5.743186151361882
4750,5.7408395014866835
4751,3.731012287823467
4752,104.12254064919517
4753,159.3926065328601
4754,140.83873546779853
4755,3.9507363283968537
4756,2.001055581829638
4757,3.4518511543231645
4758,74.94259609502183
4759,106.9902550712639
4760,4.995096989502098
4761,3.6018538979534447
4762,187.05325423560188
4763,213.41258026810556
4764,2.3564616853849447
4765,333.1551972558882
4766,27.087811542369586
4767,18.56914385318934
4768,15.061142538196894
4769,-24.039774544147768
4770,32.67794101275043
4771,27.571340207350598
4772,4.0410364344135505
4773,4.168449297769497
4774,150.86988627007437
4775,2.3547239360575793
4776,2.472394142024199
4777,200.83640297880135
4778,4.83260604649093
4779,44.310363018721674
4780,1.6149586589355704
4781,57.79879112387695
4782,4.866592815718205
4783,3.850825847004475
4784,2.615669004506989
4785,56.37001494421825
4786,73.56333862078995
4787,5.649810297714911
4788,3.615524438693328
4789,3.051335214641837
4790,137.07506500618305
4791,195.3072991385852
4792,4.471759313277401
4793,168.38641695241375
4794,54.77770183680261
4795,229.70949979691312
4796,3.356135493320333
4797,132.97786397205812
4798,5.875177826294897
4799,4.029550852904213
4800,348.58072413805587
4801,3.785221071199328
4802,4.985525770907231
4803,274.94100952208566
4804,1.6671751280547975
4805,231.05045557599192
4806,4.06028954737034
4807,3.4305382234867334
4808,64.36881794986756
4809,114.90543385369364
4810,1.6537154626269746
4811,2.1205343473352842
4812,5.088454642140676
4813,234.10268293870493
4814,234.9757686369462
4815,2.721264870537175
4816,2.673813578497928
4817,5.973483673770902
4818,1.699914293596731
4819,77.75840457722092
4820,2.400172152354459
4821,188.83552439460527
4822,126.67737394615109
4823,4.989024122725457
4824,3.299050973204401
4825,259.82667404470135
4826,4.803290953947595
4827,6.076266810900866
4828,228.23620331424368
4829,120.1426328692743
4830,99.27828598051804
4831,210.38704238428045
4832,6.93986854880899
4833,3.6905195765429664
4834,105.70027278925733
4835,3.825846936189518
4836,6.703099867044771
4837,194.38708038146774
4838,33.10961749615845
4839,302.47833591983925
4840,2.6490195349230303
4841,125.58958985102797
4842,39.45339557021237
4843,2.1718925020100235
4844,4.191238066313037
4845,4.50419336569841
4846,7.057245791197189
4847,4.003174010428773
4848,2.39855865613967
4849,4.135023184955877
4850,6.6941637559987
4851,5.801643893067223
4852,99.39132287099497
4853,289.766382379135
4854,2.6244446399456636
4855,2.8775741755773003
4856,198.91325758753828
4857,247.57813581587288
4858,275.235881986276
4859,129.86664430825823
4860,248.06572381464338
4861,-39.003184807301736
4862,113.58949438356294
4863,6.73475709630549
4864,5.967740691230597
4865,1.890278694416772
4866,1.237641820362229
4867,3.3109141558043866
4868,61.39774427466581
4869,1.1349061239586313
4870,149.8262145404192
4871,7.008205015634358
4872,2.312951702694819
4873,304.20726930597107
4874,-3.403223791581353
4875,3.539098137195319
4876,221.4512213182196
4877,6.353725157065384
4878,90.98981513406324
4879,67.33825647822914
4880,5.850640892590239
4881,6.081352217413178
4882,35.66784407799878
4883,1.8149096572253973
4884,121.96073616181519
4885,-62.64220458943641
4886,244.96761142643305
4887,6.194296359552575
4888,290.9110155684046
4889,57.258072338509365
4890,223.90067192292906
4891,146.3086270078079
4892,1.8757290785879865
4893,5.603366641092673
4894,100.0427713358749
4895,6.637216073032272
4896,5.811787602761418
4897,5.767816754815902
4898,12.79345827404906
4899,200.81691920668638
4900,2.4202873630981507
4901,272.9300909371738
4902,4.058296591857923
4903,151.82506028310058
4904,383.0023560923768
4905,91.23137956585106
4906,153.01618967488739
4907,180.2333606918886
4908,4.399155045695563
4909,128.41988546304887
4910,145.1259493401577
4911,89.9418127916802
4912,5.754713684316211
4913,190.56758706950785
4914,134.12407686326014
4915,4.579190797083639
4916,4.762326277545238
4917,6.458954580445289
4918,2.9221418802021333
4919,-7.88809223327136
4920,2.09231961040284
4921,-7.397951608706822
4922,174.45573595453254
4923,215.84111694647476
4924,6.212375815255051
4925,2.347375291953976
4926,1.3297533076976975
4927,5.5074171359458735
4928,3.08890402354922
4929,89.28111848899788
4930,102.0594251808773
4931,-21.054783415764177
4932,5.877311294296186
4933,286.0487653034405
4934,-57.72434769223207
4935,65.30366595330369
4936,266.81278193852296
4937,29.70709340851863
4938,79.2494592292517
4939,65.42129416026161
4940,3.9350687524589465
