id,target
1,4.2378528914085605
2,2.6054871005992255
3,309.93324007190023
4,-44.96655883129546
5,4.312523748495654
6,6.662976533982227
7,4.9835839345063375
8,72.28876526302605
9,70.47546612596776
10,65.03812858023645
11,29.811475159361958
12,4.46627314271892
13,268.8554186362144
14,193.5058989418995
15,3.61992713243124
16,267.4119177491139
17,3.348951099873185
18,100.69406424899788
19,3.458651085465212
20,6.686276228719902
21,-63.99663944303131
22,54.92369486820715
23,4.439203669939171
24,2.5757820997649867
25,32.16292826547497
26,88.63102846302743
27,1.2920625459961343
28,166.31914560036282
29,47.536553437677014
30,3.266703240280024
31,6.332318079750737
32,35.1643611356884
33,47.21627743736991
34,3.6591962184740323
35,2.392847272116493
36,6.502364727902222
37,247.96082017753417
38,242.87932682905188
39,53.896580825457974
40,124.24197829031843
41,-48.292101661333184
42,3.0980373826378944
43,5.683290689390618
44,4.427996857781835
45,144.86031995821085
46,49.224399964299025
47,3.3224594760794837
48,-75.61217215794795
49,4.402771131430444
50,1.875221918032341
51,249.98552579465678
52,3.0923807174346725
53,2.355167852345524
54,72.77886382743989
55,2.9027619169830623
56,4.414151627712057
57,5.678940064317542
58,173.03274477422872
59,239.32013653521975
60,6.975723163238875
61,2.421291217852227
62,215.71222901069544
63,6.645541695849779
64,2.5135815272484665
65,2.092318686195772
66,4.030004595255301
67,4.950240228382849
68,191.16121758999816
69,124.62110522721017
70,2.3841273948084796
71,2.605614906788167
72,2.1439060217272243
73,26.390666573987993
74,249.16857989681273
75,212.74572515570594
76,6.322212280432806
77,5.813779023505441
78,127.93028709664304
79,276.83980789991784
80,3.8557176064524614
81,52.04531175653087
82,4.458450008681015
83,168.45143894790473
84,53.787341290358526
85,-6.309222934806639
86,2.2761509955123076
87,55.167475287754066
88,166.09320129830672
89,6.08628675993173
90,5.097392365522923
91,50.593825016622816
92,60.895043204013746
93,39.582957198703966
94,4.613197369215171
95,3.950435478457393
96,3.151762204699914
97,7.212158371573871
98,212.17993655022167
99,73.78108541275196
100,278.95381380235443
101,5.286357132788463
102,254.00340217151916
103,4.208697985160861
104,6.639805384271243
105,167.89376946033093
106,14.97518922176216
107,292.2374548346437
108,2.5247661860640833
109,194.26116858091524
110,3.4635404442683306
111,64.34259469248137
112,2.0108928935994705
113,225.2119064030441
114,6.152368067447227
115,5.1147821220415
116,381.6687690890361
117,191.69615819154177
118,204.67803740339343
119,242.60255303859077
120,329.1429017668818
121,166.85487725837436
122,3.26589679259319
123,141.5931323359739
124,267.80898198152084
125,102.85485290326946
126,6.3619750363825815
127,130.03875715368852
128,3.77289069626344
129,259.52610168808815
130,85.4668054116469
131,61.38736224099205
132,3.599532884312689
133,-52.680524099483726
134,315.96516577566
135,6.2071649625725716
136,2.236744137770108
137,121.02025996920632
138,5.80418923521241
139,209.15535328660073
140,302.68281919823096
141,50.91552706422082
142,8.445240695888572
143,30.31780681658354
144,16.61814801693727
145,6.6418170247020285
146,197.1492714778912
147,223.2680070957502
148,2.162124314842204
149,168.64469490624745
150,73.05204541337885
151,287.48252892328685
152,236.05295458530668
153,183.7818646349171
154,50.233724362446296
155,4.397142643307481
156,204.27753202321327
157,140.72988534271434
158,104.8419569843673
159,144.7099692532791
160,6.498549110089711
161,43.7426318296104
162,4.648389874745521
163,269.89103039188694
164,3.1213555974867795
165,99.17717382766918
166,211.14538783486216
167,332.9565733579949
168,7.147700545215127
169,1.7376605302444763
170,232.51051816773463
171,2.9443643596931
172,4.419237911929333
173,-56.19547572069018
174,3.754572220755473
175,5.56696913236507
176,146.99815969421144
177,74.32186571137089
178,310.192317076124
179,139.93796740055592
180,223.22076615848266
181,6.334678639535179
182,2.087243109206475
183,299.7695804106274
184,6.32315625457229
185,1.6546373773620837
186,3.400583671773698
187,2.8261562724653135
188,3.9061930131077776
189,85.67539331357185
190,4.223907458086971
191,2.0386275635509765
192,34.63667818488521
193,3.4887154675208367
194,333.6454278560426
195,91.58401082446204
196,268.601769788102
197,112.4939252012995
198,216.05357733190357
199,50.955828279702985
200,1.9707524371723382
201,3.2589507713555834
202,89.9883151709995
203,43.87266724845324
204,4.308096559563969
205,278.3432450049829
206,56.32374182941695
207,209.82166560072142
208,135.25133638200617
209,65.39266314487963
210,174.90335019736594
211,63.302721454685226
212,103.82396017090822
213,275.31411179446894
214,61.62235699114652
215,9.033965978395887
216,209.89799904754207
217,71.20324275127842
218,165.7668464737871
219,200.32257688075111
220,6.047575533812334
221,231.56582611287
222,181.00882114450195
223,2.9115395870895577
224,160.1751052921092
225,270.7489371792682
226,218.56223072729767
227,47.819710681160856
228,272.7818641384797
229,249.93859160983033
230,1.4484187467249234
231,215.8057036834505
232,55.44519968070858
233,56.49838916893978
234,243.89457929152462
235,121.61955345071283
236,2.2896267467347498
237,5.948938227857427
238,40.49939532464777
239,6.38083165888686
240,182.3850628064273
241,306.0945610167478
242,231.41473342630582
243,4.209119258637223
244,3.3238713153434905
245,52.10301961241985
246,133.23488604713873
247,122.7120175970577
248,6.288294512262753
249,5.971553513756915
250,68.56385798382368
251,54.39960039778799
252,189.73219273689
253,7.73004943842373
254,185.172385021628
255,-47.7890550003371
256,5.70969139734657
257,2.155528927429839
258,66.41573998921709
259,255.49255495379361
260,2.549611594692489
261,5.631309539385983
262,6.348163616300299
263,-41.863608562938474
264,3.678193901492471
265,3.7732247333794566
266,2.0980592038769315
267,3.2712356471690285
268,1.952352610483344
269,192.02813662234746
270,3.1146656347869066
271,123.53640397751187
272,79.0766405252732
273,4.634557247509967
274,4.6745078053287505
275,330.27484769948535
276,183.41066173487025
277,205.13142285906002
278,-59.32333271227246
279,4.330484187605355
280,190.77336401396963
281,5.260003701047307
282,187.3515224988526
283,197.32835561396286
284,143.14807447647652
285,243.50923175993287
286,136.40400016149223
287,234.5286826105323
288,6.135487452640795
289,129.69036878488487
290,4.604028215289095
291,111.45618910216749
292,4.02098391785481
293,79.0015134395277
294,122.04378479557023
295,5.924485399625704
296,107.00888140371534
297,52.02140506059773
298,-32.93558091235113
299,202.8054284324184
300,5.874819363974803
301,4.400674916477433
302,5.062274500439852
303,4.309087063316584
304,4.0122855009320135
305,4.754794637430139
306,250.2077145107152
307,3.7365176813497887
308,3.179705125330976
309,78.46740972507767
310,2.264045999256346
311,2.305972612615405
312,3.803774096713564
313,163.9826688971745
314,4.009846525280409
315,0.39724826019363524
316,1.2758005563593722
317,3.6966095570691078
318,4.00422693734607
319,39.67500090510737
320,1.8672848308288195
321,6.256179388314727
322,3.2874617758759577
323,1.8153594732457146
324,2.4700803472710056
325,4.540060419486923
326,4.990342935742767
327,48.92939692848688
328,3.6455534726713106
329,82.08485818904546
330,51.824642434962215
331,49.536613544365665
332,5.520816212217941
333,2.547020709461562
334,6.738192789507713
335,152.8945173937604
336,3.7066589572006627
337,2.378060835643857
338,144.15350140183742
339,27.744032870237945
340,291.58188642204937
341,164.99215373573068
342,55.675597991697344
343,3.6827403443098543
344,2.4868496689802866
345,125.59801202887398
346,2.7283427944815353
347,4.6373854201242715
348,61.562106079936186
349,-47.511498275563056
350,91.98999497796788
351,246.23874412342957
352,32.65626572791275
353,1.334040051108826
354,5.977086438398318
355,313.37885017169356
356,223.81466163035213
357,3.339298960768531
358,22.211882697139256
359,4.318770197849021
360,134.835376865103
361,4.988045190503055
362,5.305944188748088
363,-5.606072967040788
364,4.1973145280928055
365,5.528111843783309
366,67.87024007732825
367,4.821483934225689
368,237.2447273649252
369,5.838266310867189
370,-28.83190791261118
371,254.05716610231156
372,48.35870537121862
373,143.66279729609394
374,-9.088385089031128
375,97.01668574877121
376,2.901489124901329
377,2.732959254921459
378,3.6846376332093485
379,2.8475893056441155
380,0.6279520694512738
381,6.1093973560061805
382,6.243421861014056
383,130.63969719570528
384,1.796491123779884
385,3.6588326915193843
386,273.7363728601075
387,2.242383262350347
388,3.741001333257705
389,65.38175893769959
390,4.5900016494749405
391,163.5109186647382
392,6.326121367059695
393,3.820569801132633
394,317.69207222377736
395,196.49608133965833
396,2.7711873496554693
397,1.7587060541984783
398,6.060876070190915
399,213.11369643501547
400,228.9825157292827
401,1.6353456956207573
402,6.320542630087804
403,5.737631476331746
404,5.619563516986768
405,12.964364365496179
406,7.701816901299579
407,-58.36040846508574
408,4.286700082976325
409,3.3917723946758738
410,3.9276075618092836
411,2.8535408731157816
412,-22.58179103208447
413,324.5682941896842
414,5.85625982909443
415,30.6141503594964
416,3.2844357189415874
417,6.7189493915090175
418,5.806910169506417
419,5.6649667834919715
420,4.667672297437218
421,154.4403668496451
422,159.16809706343204
423,125.59612314096282
424,164.51098153164253
425,5.666094736679482
426,257.56261478632547
427,3.2278070434855684
428,223.1263842942937
429,2.3295434098790717
430,4.401728329974385
431,269.689873036736
432,142.18817628595536
433,12.883504868235516
434,6.238922727738776
435,53.344358762209005
436,236.14296130338997
437,211.53308228399084
438,175.41874120367964
439,5.780190529477986
440,264.2311639038857
441,205.12359672933468
442,117.75362891337608
443,317.78807316838964
444,5.432204893982585
445,6.173753106454079
446,61.749083489580194
447,1.2673838407096956
448,6.29005632479609
449,316.03603474557406
450,274.58156854526555
451,152.2897085952054
452,233.08322850453052
453,1.8848807503522969
454,4.106618126479281
455,130.99654101293225
456,3.1361966888706854
457,4.923388760960653
458,266.81954504460936
459,64.54157778259415
460,27.13432036861925
461,115.79313487900731
462,6.084224406922976
463,187.52596045307965
464,5.09706468821855
465,149.6345978622188
466,71.21360203176944
467,2.3098827668524216
468,5.441055097102778
469,30.869383453215278
470,22.630709139181942
471,1.813777498997884
472,1.9313516337999315
473,57.79933065714023
474,5.997601861935394
475,131.5998216092888
476,6.464672074311467
477,1.766735839862426
478,4.429435076589749
479,218.88022099382954
480,4.938372037242403
481,5.846816641248388
482,234.5574482078116
483,1.7206665305488056
484,199.11903628511095
485,106.06106206397303
486,4.622797430502004
487,2.526629022010563
488,202.49115290099593
489,2.77802414988521
490,4.829752222520732
491,6.34188217482134
492,3.814081187324391
493,3.3523883660371534
494,234.46378504260966
495,5.819555055312778
496,197.40153542683703
497,5.634159057787276
498,5.972631188674825
499,5.783040043254884
500,9.925293387546139
501,3.2254416720700325
502,325.1285777984961
503,116.66497791519348
504,-10.737858926253757
505,2.0187051953862376
506,6.501696405866335
507,329.622201066223
508,80.64791009577357
509,274.8266936588009
510,4.29046849241954
511,104.9442831194979
512,205.62344603389062
513,215.53754205435314
514,340.9953780205569
515,239.930686529203
516,235.13575917561593
517,291.4531131243834
518,7.092891011200438
519,35.84409948884479
520,309.8941076021881
521,1.7496628025361645
522,3.890276755994216
523,230.04469511756764
524,4.3911460869053505
525,168.60318245485973
526,5.744784912779285
527,4.928557579039846
528,4.432848909752678
529,6.387477090759605
530,250.2385152842121
531,100.31959457904208
532,3.875053438770366
533,59.46902434933439
534,4.147625047198244
535,6.825931247690411
536,5.97391800199491
537,1.550446125754433
538,5.2040726692446215
539,267.2585339138053
540,277.9968092257068
541,257.445592320026
542,67.05609601566765
543,103.1087698208749
544,4.949982028132771
545,4.1877458249527635
546,4.052318231509017
547,2.0214409230454926
548,322.99411893851254
549,5.7784680402385895
550,248.91991484035083
551,5.976156531783671
552,115.72385971088306
553,3.6774424511335626
554,67.21149228725088
555,95.87531329153254
556,246.24950850490634
557,198.55418196539205
558,5.39309888699827
559,5.6588513183677795
560,142.07272619809993
561,96.57908297374865
562,172.93113217026624
563,2.9603197268686885
564,13.246992731361521
565,152.98271533775858
566,2.454318139996281
567,47.839454803288355
568,112.03959847691448
569,321.12134001335323
570,4.088772960873458
571,208.69681290016166
572,3.198921867276816
573,80.89853182487701
574,120.67489841930526
575,7.43205859822967
576,1.8141400061805861
577,2.9304760849960676
578,179.02001799135758
579,-0.3278361994387944
580,285.6122910080601
581,62.14168291320332
582,78.70638483177446
583,5.360652666730891
584,2.9714743874080725
585,155.4403177683418
586,5.050030356564657
587,222.92600136083917
588,3.1116694070371977
589,190.185630178133
590,300.94956296540397
591,145.99127599053318
592,6.888495491686864
593,239.42134166747536
594,289.63806920979283
595,37.5876326792811
596,5.328902749880582
597,118.37112249705953
598,2.5942990798889594
599,72.30532876537697
600,142.54007799198092
601,149.6995838533444
602,38.073039800076316
603,2.1128059358029905
604,243.26876858509956
605,2.413176476622159
606,2.8364777533026713
607,6.617652177990281
608,48.16673564561374
609,270.37221395474114
610,48.26492541766075
611,58.14737041406233
612,-5.571279304958516
613,36.26827321594125
614,50.14714961935019
615,1.8955550735126705
616,179.5909160875292
617,-53.37257851201174
618,230.43645068069054
619,4.800693169628847
620,5.905132853838916
621,174.15604850070022
622,106.32751206142558
623,189.13205680860872
624,195.79394902554432
625,2.4513472386203734
626,1.5885955104934602
627,60.23071506539708
628,4.37980150471418
629,226.9977986702405
630,4.358671198770412
631,2.1583435580740717
632,205.23832157117943
633,159.13806813113
634,216.0511002294433
635,2.3839648543286445
636,113.12506944442829
637,112.23819148446704
638,6.691914665249095
639,42.66234739475408
640,115.36874971066919
641,6.859427240933924
642,3.1987873049091755
643,283.5891022187715
644,3.646692024861806
645,85.12331774121787
646,73.32589667871922
647,187.68680923438188
648,270.2126382693199
649,372.60286849631507
650,333.57766295490535
651,111.47830494527152
652,61.825096928594505
653,3.246877341872729
654,196.3467511503722
655,-15.894420702289537
656,220.2729525171351
657,182.49315533116513
658,282.5693290194414
659,1.8729125914022238
660,117.92514880351565
661,4.0927751185600805
662,127.94224917894027
663,3.519103530844543
664,-44.163909849645876
665,98.24029614740402
666,159.41808992783905
667,234.26692424179365
668,352.4452573400059
669,188.7754963360518
670,195.31312230625795
671,117.25307869461741
672,80.96493843228595
673,3.9015480059072116
674,5.397336495702161
675,5.7416328779158405
676,5.237836936995848
677,-3.664896122396787
678,181.88144028428593
679,4.895142743291248
680,2.9235485774469883
681,1.9253354058820624
682,74.05361203827405
683,5.8339086963098366
684,180.4287004835249
685,221.32233158386884
686,6.038773745357963
687,356.2525069072489
688,74.41378532936216
689,88.10805022499608
690,337.84292118537707
691,3.7207007786679815
692,77.34737344920445
693,5.024136825457437
694,6.652071218419597
695,-16.685258430124204
696,310.50194335264257
697,0.9519701734961524
698,229.02487205666972
699,1.8018442646635213
700,251.75991960047855
701,3.612697026704554
702,4.897455089439665
703,59.04439310857681
704,78.49826857762515
705,157.18418547868868
706,226.2447334886882
707,181.19221677455
708,61.96376667953018
709,90.21487276273999
710,212.72201632456705
711,243.18906520212727
712,6.6673099771808175
713,30.80803396103005
714,6.568581120075178
715,243.72291824477372
716,2.8446147122025947
717,84.83910649229126
718,353.8273558512336
719,201.77951406526824
720,4.6468073695478225
721,143.60755936640217
722,2.3395591143377077
723,6.366805234072457
724,3.0555087948079067
725,2.667543646102893
726,111.10681931858142
727,245.67132196229448
728,46.13984896298153
729,54.344627917204235
730,48.003356543657915
731,281.1024958635371
732,4.470751767612854
733,6.4661353586501065
734,24.04141641831248
735,252.6164090450187
736,50.14450938320844
737,53.38214269146688
738,125.30722162246737
739,331.9623761139891
740,131.62829266887587
741,39.933648106045005
742,275.94417312514884
743,140.05081559592765
744,1.616310487804323
745,284.95143417982854
746,181.039574230497
747,3.5381312920915047
748,64.65023774364585
749,52.17550872622881
750,203.57676884960682
751,60.37298523833964
752,235.91022088440982
753,2.0196238265440476
754,254.4449204095943
755,5.8100343098003115
756,6.032066403984417
757,186.8421521362581
758,2.514390705327518
759,74.98643765222955
760,5.6211659352636065
761,204.66211956095285
762,5.027214570107223
763,2.0932012624404837
764,94.21303939136926
765,4.668645550330378
766,27.72007780153543
767,1.1363639036304851
768,5.034039024743461
769,5.8581402916881045
770,1.9602029367636717
771,260.77197192242426
772,75.23300982191392
773,125.49671595045118
774,-11.178555027841252
775,53.09817772856801
776,4.185713288613609
777,264.32775457343485
778,-15.872666659205121
779,151.7675666714769
780,74.33893847829751
781,317.24454321015594
782,3.6053687731318975
783,48.33812155116895
784,2.7515886152170763
785,57.0242812683078
786,126.8675959354648
787,5.444996238358112
788,1.8881911061638024
789,183.2005066271521
790,61.23394963560396
791,-7.772963019180736
792,85.26555273048194
793,-67.2927799397913
794,321.93040848554244
795,-51.80340462969173
796,130.22853866388022
797,3.542337123386986
798,63.19335544936628
799,3.393296832222538
800,5.925470301617816
801,215.49267567434117
802,70.18614213762939
803,142.65463730547134
804,6.758657839119358
805,2.1535298783059016
806,163.35066667563808
807,2.717340276935253
808,63.01209382100347
809,1.6179896013823327
810,51.11280082343724
811,258.21163563232676
812,114.74469136490139
813,289.0428617547446
814,5.8447965923662295
815,4.659725962104554
816,6.9726316280600935
817,3.2206120395601494
818,9.681732692425374
819,5.170004928787377
820,71.98087809923712
821,5.896683013595819
822,2.0394336774597757
823,46.11383673703983
824,67.46387812959892
825,7.048423781438955
826,71.60366588615499
827,4.050653799558567
828,6.122038101950013
829,48.82793650520924
830,158.37240861654897
831,114.19232010734834
832,6.119689323710208
833,250.60310420944958
834,195.22847267486327
835,162.5831870248927
836,2.108646861157005
837,81.86765679746316
838,141.8125580538711
839,6.0111477673809866
840,204.03459269338006
841,140.92019223988547
842,52.997946701475556
843,2.5209785499834876
844,2.8730939497079584
845,5.328043979361366
846,6.4102501520795325
847,5.4500455060475215
848,170.13099696304022
849,6.20416268449342
850,83.62314280984674
851,20.764293931891793
852,34.63657744483504
853,97.76480892527923
854,57.875986208180464
855,7.374712503991533
856,227.34557236801163
857,80.17449386479086
858,75.4523276818739
859,215.27626565631286
860,2.0899456990960195
861,3.541417782733964
862,2.893123123538087
863,103.76288650312742
864,250.74517424939356
865,262.38436302085825
866,203.05081272406656
867,4.979263516330068
868,112.60726004580536
869,167.5376756333269
870,121.13534555148209
871,147.55616658372008
872,148.92050646126256
873,2.9700856502241764
874,90.79877860818361
875,6.191601162652756
876,111.94191069232767
877,47.434225322366565
878,163.0910265912206
879,5.459029320879048
880,6.795213030862518
881,151.0868331650517
882,5.851443708515023
883,240.31189994949833
884,5.877929419293881
885,182.59087553156044
886,52.9143331933864
887,2.5112605737305995
888,2.1079713198545846
889,274.732530828977
890,4.210970518327876
891,2.679508318919341
892,58.303099015963085
893,4.928477714106154
894,-10.039176007724
895,3.4826716243201097
896,212.97669646978693
897,2.603333038877887
898,227.94126631698538
899,-55.85274738109616
900,244.1091284896309
901,3.9206465716102876
902,203.1904222873892
903,4.978176847596986
904,121.39938891634617
905,1.939266263727545
906,1.0854883513401652
907,203.66884655132833
908,20.045418458267484
909,74.50511524384562
910,2.3018235160273814
911,6.637440619426167
912,276.6827536723383
913,155.36830352284454
914,274.8577683376737
915,128.242519998801
916,118.98488715648304
917,4.975241649917906
918,2.2832417348109204
919,2.7229072496906515
920,387.9920241706063
921,117.08362405144102
922,192.84706157355149
923,2.433631408434457
924,119.30759369782874
925,193.92092938706986
926,52.45573284063477
927,55.15866760722737
928,5.134653792746722
929,44.092996089197925
930,34.9949842135077
931,206.23056924569596
932,186.3012949634687
933,5.448279255505497
934,2.0748484834598306
935,187.20095536910148
936,47.36707528659842
937,3.7398201766610306
938,4.5176408978887626
939,77.06112896995535
940,1.4822414089291955
941,5.8333905540100375
942,4.874115189427332
943,117.1873069284096
944,4.557914879240748
945,1.997349867446442
946,60.813617253518956
947,27.670327295171283
948,54.463769628137634
949,232.03588531736432
950,356.3458981079389
951,10.099256136830462
952,-13.064267640206245
953,6.249074570101845
954,257.0272378681264
955,197.96179786032945
956,143.53772464092197
957,2.566312244433079
958,2.8674949495085245
959,202.38511836185427
960,54.01582332947325
961,160.72581528767608
962,3.2848852367950476
963,6.30964937163005
964,4.991444823942104
965,6.268367315065492
966,3.3589501815384626
967,43.72707616228365
968,172.3344853035352
969,194.678836448177
970,6.327782030138685
971,362.26430009197986
972,5.29210016380818
973,104.83540136806005
974,5.612467011955372
975,3.8298004825599072
976,5.203624025710445
977,194.21519307405248
978,295.45783205926557
979,1.8719871306230318
980,1.8593876637132674
981,23.965035838986015
982,41.431532725006356
983,307.0537169507579
984,320.8301437130456
985,268.23464686305454
986,104.37739173595217
987,2.9898936899899615
988,243.96896856204188
989,355.8365296691737
990,60.48310515209169
991,4.102018105572093
992,313.3390733017552
993,177.8041913120419
994,3.5369984015513385
995,-8.48171339167918
996,-3.7114320341785247
997,2.0643047779393617
998,43.143997359505946
999,59.12978147213156
1000,-18.304506440059267
1001,283.72136067362067
1002,145.65904735280685
1003,5.369454401435478
1004,1.2324355134409197
1005,1.9126396594605806
1006,3.8188677180325374
1007,156.09027239247285
1008,1.9725227619501156
1009,6.338213154664216
1010,9.911968539747914
1011,262.5978678216558
1012,13.764955750280219
1013,203.70664514848613
1014,55.975550027224855
1015,238.42679553331195
1016,6.552826595246632
1017,5.037772205274877
1018,3.559666577700241
1019,6.5371274947785025
1020,4.496712217728083
1021,124.95666205545717
1022,89.48023095656242
1023,193.6987129889166
1024,183.44660958735687
1025,5.274249458762766
1026,4.2391374726527395
1027,4.9884919888283505
1028,90.26376031127572
1029,3.8178621296455724
1030,40.223755430632046
1031,273.3771939835455
1032,3.0578882589947662
1033,2.2476224198142747
1034,245.39060116999104
1035,1.3955812209210539
1036,248.7901931994288
1037,6.982965586200882
1038,50.59588680079996
1039,3.620031027902116
1040,-25.250733924748346
1041,3.3229222611580687
1042,3.3219595641811717
1043,3.575020430902263
1044,340.7192510595532
1045,131.43772522599426
1046,30.31740023213198
1047,224.70397748681992
1048,1.840357117163001
1049,2.7276478506895594
1050,6.306248634488117
1051,53.681767581823976
1052,175.60917318131084
1053,254.23216837161493
1054,6.401216034008296
1055,43.9503158593387
1056,33.15816560109276
1057,4.319593447187557
1058,2.93891546778707
1059,2.9384703097087668
1060,90.3034511693317
1061,3.7636226722378465
1062,6.027452440467243
1063,295.03786838775534
1064,264.87058545948327
1065,88.82877713427122
1066,270.7983292168057
1067,262.6278487123269
1068,6.212156423771247
1069,4.408362238836782
1070,314.8004607651015
1071,182.59373700753343
1072,5.193975908840093
1073,4.007701936475854
1074,6.302313702824225
1075,4.6293914997011
1076,294.07192158936056
1077,6.2837393823551375
1078,162.44739307422674
1079,2.9254833067831965
1080,2.6428695920383714
1081,5.830433948949698
1082,4.29236081536936
1083,3.3081861135575967
1084,6.1488611583742605
1085,121.45641558082022
1086,162.41540815266745
1087,57.70563345293883
1088,260.2650260579076
1089,8.425162288759026
1090,150.09724620879672
1091,252.06778646369548
1092,5.8690915820616585
1093,4.487620103931034
1094,6.580952669374709
1095,3.731336138077494
1096,2.9272821815018175
1097,4.945104859788301
1098,79.02684586755109
1099,114.65564806895495
1100,5.407928824770285
1101,4.712898248831058
1102,6.300218226919622
1103,263.47330764227536
1104,4.621704816824444
1105,110.54593315382371
1106,5.769688628783268
1107,6.200993565420077
1108,8.79294736013729
1109,97.03396776609168
1110,79.13006659524865
1111,3.191267525643158
1112,218.44243177399127
1113,2.763767609426205
1114,182.09205592891192
1115,-2.6819883171853522
1116,5.416741520772221
1117,288.9630511435118
1118,284.0131537006318
1119,4.786925722028837
1120,57.49522946915302
1121,10.471252151931038
1122,244.97168441733623
1123,3.496569769504351
1124,189.53942086222867
1125,2.6757020672173883
1126,67.96254307686445
1127,5.982509434034467
1128,-47.76563472649413
1129,140.72548329276367
1130,6.598142648144341
1131,32.32049297532793
1132,4.8399057297279295
1133,-62.04102988293421
1134,203.0867814747113
1135,201.58207137764128
1136,-53.76943160494956
1137,4.014185151400103
1138,52.92368039630821
1139,111.09946589530463
1140,115.99477884806451
1141,218.76125633946222
1142,137.8922499563646
1143,25.109737287241053
1144,-47.37673082991394
1145,119.86439250760765
1146,66.10699236380498
1147,4.409499010400879
1148,72.1369618822954
1149,33.893348545725246
1150,4.305862739651391
1151,1.204145656264095
1152,3.427407398917511
1153,4.3857845299952185
1154,34.98603395090466
1155,176.31323803082813
1156,6.604440848143175
1157,78.34122133075925
1158,206.62398765219044
1159,111.05021698526625
1160,75.05141197074816
1161,1.7260295507437826
1162,5.6825632334809715
1163,5.453305376438852
1164,4.904449812426402
1165,203.3635124401228
1166,38.041715685583284
1167,-30.179924374736018
1168,5.177577681564234
1169,176.95317420795269
1170,5.000270630252944
1171,4.296884326059223
1172,-26.632689805919625
1173,3.959988330310466
1174,193.84531794031926
1175,-51.1926444108566
1176,246.54515201448154
1177,2.236525646860566
1178,143.01176110059913
1179,2.7639430599831623
1180,2.6926664925117096
1181,2.1636505670176516
1182,130.70354447674362
1183,7.272986717823562
1184,4.170006016756518
1185,280.75439692254815
1186,130.9309660601508
1187,4.134672022412446
1188,2.8648473577518674
1189,119.95654979867557
1190,3.326132272829182
1191,2.945144599923562
1192,4.960097963770408
1193,187.7407672702023
1194,5.49642617221015
1195,2.110859419276873
1196,265.95003694962645
1197,73.63869284078008
1198,3.041198476175841
1199,251.4423687796703
1200,46.63972436361537
1201,230.7988757850014
1202,82.21071026843441
1203,3.5254984511399723
1204,176.03761935036061
1205,1.855120230063647
1206,163.30747995442664
1207,129.19282792598298
1208,237.86372783508398
1209,250.08287153299122
1210,200.39558691311555
1211,215.42077782733162
1212,6.129576806892551
1213,3.694311543998535
1214,198.24871099406187
1215,117.05124345635038
1216,233.14674611317068
1217,185.7679544532981
1218,-37.03869137405404
1219,6.1005876169871565
1220,5.708283457282683
1221,251.44164362377813
1222,6.160167830995192
1223,2.4825411547879668
1224,2.74420945628441
1225,125.42129634474706
1226,1.3707776455643312
1227,4.666937391295933
1228,2.42672313028469
1229,37.31021559868545
1230,117.72276101464848
1231,229.5419158178044
1232,1.8198171897082713
1233,-37.69577479345327
1234,3.1354359602613675
1235,16.530632570064558
1236,259.29780461170355
1237,4.209776987041616
1238,2.2114770880889387
1239,1.299446665816153
1240,41.85956002816991
1241,2.0805610078100565
1242,4.32071918435473
1243,5.424260054887167
1244,184.97500477683178
1245,3.8926980106254025
1246,251.88333491630252
1247,5.4131794279159084
1248,118.61340530965369
1249,148.6473554491018
1250,7.491999559782369
1251,41.68759610667138
1252,5.6137878958086285
1253,4.043399426404253
1254,4.179830730370888
1255,37.41246362402965
1256,72.89443075068341
1257,134.08358298998667
1258,273.976441343569
1259,49.9758650562483
1260,260.353331851372
1261,5.716060613781995
1262,5.510716382977249
1263,191.9653223846228
1264,1.9266687535557634
1265,9.529719521661395
1266,131.6484375036877
1267,2.4184982598188802
1268,6.496916083871665
1269,259.713930216138
1270,-54.63472058670993
1271,232.2525694620537
1272,52.45573284063477
1273,28.903664626308903
1274,227.64141008940084
1275,162.42613762485644
1276,40.07378445378828
1277,4.0838642182895235
1278,1.6550101911635338
1279,3.936234834491765
1280,-62.6189479878161
1281,3.5063547387962384
1282,75.38013892438298
1283,160.04252216486765
1284,3.020979014668064
1285,-54.91414966474672
1286,2.39135507237165
1287,48.32191824468603
1288,141.36720315977755
1289,4.491210009543089
1290,226.02396032608522
1291,3.2514310968276363
1292,47.79973723157836
1293,103.18464346593974
1294,257.82660027417614
1295,172.8106308779494
1296,6.1291950721963655
1297,45.49232670275582
1298,-7.950691684448507
1299,4.966604498420116
1300,163.3458067603792
1301,223.67110089852548
1302,201.22001037912577
1303,6.371603162671374
1304,3.5091882720012535
1305,5.229170580637269
1306,58.23432580065746
1307,153.08820120483847
1308,1.8892992684238488
1309,4.8379602490879385
1310,339.6394159632704
1311,2.7534791752606145
1312,6.887215179924887
1313,33.7395719380835
1314,192.64462446228413
1315,164.09541789712392
1316,269.9465275811853
1317,64.62290957901965
1318,2.0845441929546213
1319,205.96240712806116
1320,239.7232642465941
1321,9.914271154257163
1322,52.12838073630222
1323,274.3238896226478
1324,233.35099630214864
1325,46.92663776738052
1326,61.05280566752437
1327,241.96626406974025
1328,3.2149802687714018
1329,6.123595159040853
1330,127.86093189678789
1331,-16.260311913064825
1332,316.2102522149202
1333,1.245883875538415
1334,349.1758160635354
1335,1.8770398115031988
1336,93.82118303886254
1337,33.18143325018489
1338,242.47923940704322
1339,6.784239362370022
1340,201.61316531597026
1341,245.5650869845332
1342,185.98830111737755
1343,48.33437537737299
1344,116.13313128572298
1345,3.029085683090133
1346,45.73079540680927
1347,86.8325732609892
1348,2.813173287268003
1349,196.17977236178623
1350,45.923590929035676
1351,229.8844224044322
1352,2.7157502749282467
1353,18.295191688229576
1354,4.661853341842296
1355,5.9406162715765145
1356,3.559028899604858
1357,5.661772012119682
1358,6.672934583703483
1359,1.6547960856060417
1360,304.97368872026266
1361,4.451011564106231
1362,6.425966296025588
1363,67.67644446245463
1364,3.269688300265704
1365,5.858874359656704
1366,6.553286725933702
1367,5.8623152102395615
1368,7.39171363322155
1369,184.24679997611264
1370,289.53396209465444
1371,218.36461511871553
1372,27.582319524970842
1373,3.448382668668505
1374,199.49275395928612
1375,167.95836303532306
1376,5.1517481823525015
1377,4.8814262236689
1378,103.76863977201313
1379,91.01841401027983
1380,104.12822464495073
1381,241.63290292583577
1382,91.72154312743777
1383,57.9648611733574
1384,-8.713009173631171
1385,152.09688208558083
1386,2.468628006698183
1387,77.29273461200661
1388,1.6612770416925857
1389,221.81686596234925
1390,172.5024133135342
1391,87.25757690822277
1392,50.15517838437151
1393,275.574959742434
1394,-18.164100859986128
1395,46.15925635654151
1396,175.87204526401086
1397,5.506586231506127
1398,193.5127830389356
1399,1.4897230246210276
1400,74.60046993820988
1401,321.98438219912146
1402,50.13932646556745
1403,293.52691104310827
1404,97.87613123916297
1405,118.32190800760588
1406,1.9479292248829194
1407,119.450423250039
1408,7.641638099849986
1409,3.605491002056265
1410,241.51569045667213
1411,251.39010835779442
1412,-37.418469046135684
1413,127.26604072854364
1414,253.56129211784136
1415,2.0860734394080467
1416,2.757455992614962
1417,4.279545187632854
1418,315.89615554790424
1419,145.273172350103
1420,4.49595352657059
1421,44.25269311167567
1422,6.692197642529607
1423,3.181252525193706
1424,5.529082203106077
1425,2.220090588431844
1426,-12.702950890058396
1427,3.7241571735299024
1428,4.7273889347179106
1429,3.125296810695474
1430,3.8619765829446013
1431,6.36204818149589
1432,191.20218444305547
1433,2.8825104330021594
1434,6.375961777127613
1435,4.567134880507115
1436,-54.620962271933074
1437,184.1495200938272
1438,136.1621397482443
1439,6.378783309721921
1440,2.7583343588614646
1441,120.19791312163261
1442,184.77986679376073
1443,43.08173915947939
1444,5.770046544869643
1445,54.99937217861792
1446,276.2001327589676
1447,247.93953934413744
1448,1.7856013132386428
1449,5.872620240345091
1450,278.4279958912527
1451,142.19469696493582
1452,5.371912837763789
1453,5.635196172958992
1454,173.42393018450434
1455,70.56495432461634
1456,-2.29854807087816
1457,7.87923826052489
1458,4.8434075011482
1459,296.4158073013563
1460,335.72867239436033
1461,161.62821958016042
1462,-8.00835036597591
1463,78.18568694956372
1464,5.8447965923662295
1465,2.9680843347772985
1466,234.71833324485596
1467,5.682861146418441
1468,5.390396015927155
1469,33.714902748947054
1470,3.846840524209429
1471,38.077583324205406
1472,6.75115905224435
1473,1.947796809383215
1474,240.2962440804734
1475,88.55879144153275
1476,6.6435341420126495
1477,2.4315485217874557
1478,135.42904076257418
1479,5.067037466981169
1480,111.37864924905512
1481,5.9017075922281865
1482,163.86081525318764
1483,6.168320398301233
1484,248.35287153914166
1485,182.52532370979566
1486,6.610775268661643
1487,3.615353147508692
1488,86.04190688582631
1489,-32.32615224604963
1490,90.70021375737218
1491,3.7091863680285417
1492,2.058835199785132
1493,7.457075857274807
1494,5.489260854660198
1495,30.224341869675904
1496,7.652157666444396
1497,67.36411566534653
1498,5.687306638896006
1499,82.65029785308045
1500,7.1060740625974015
1501,5.864797896641588
1502,113.11310832627129
1503,5.741491034509113
1504,2.072636997898491
1505,4.7102483925496905
1506,178.9332211233341
1507,37.60675352706489
1508,85.6042049431125
1509,58.09691730295698
1510,3.1483883216333877
1511,-19.162005833322592
1512,62.27873483932632
1513,5.087833728385139
1514,249.0312654511269
1515,29.88813169920674
1516,2.846980003846699
1517,345.8067806459411
1518,4.296587730970525
1519,237.55094103196527
1520,5.137474244102386
1521,32.58477456115072
1522,4.96337773234968
1523,2.990692228360945
1524,127.26850694652101
1525,-32.63841227526297
1526,2.543934767168632
1527,5.34067541470954
1528,2.5215363777862647
1529,216.22366807627682
1530,273.91266950225753
1531,3.709672004149763
1532,5.926406796160954
1533,3.844910862689246
1534,10.189289617200746
1535,75.95098327563264
1536,5.969722500455138
1537,2.6461363478417663
1538,290.2288279586411
1539,153.55507036277288
1540,2.1372752007217724
1541,119.50464338718882
1542,3.3616661048338154
1543,23.068906870315438
1544,7.823184474640542
1545,3.5771499803622375
1546,4.578902830677677
1547,-38.36078442907413
1548,203.04150656968648
1549,46.37285062567659
1550,3.7655852475136253
1551,2.307134802532978
1552,234.08326010879313
1553,6.036852729664882
1554,277.7484275224159
1555,131.6766216339446
1556,3.8368157790468542
1557,15.622802761920745
1558,3.7119524544595257
1559,241.03569021227722
1560,208.70265211757277
1561,193.9377266580432
1562,245.98109950367638
1563,98.49122832122539
1564,3.265729924686096
1565,93.37116642904223
1566,3.7429267951160803
1567,22.608383383472415
1568,105.53215894687739
1569,17.83646560419233
1570,291.65557536847643
1571,2.922929151919637
1572,81.38990066307457
1573,2.267733260337458
1574,5.008703756368918
1575,5.709127825968663
1576,3.952572092129219
1577,5.520629099791216
1578,84.88811677031322
1579,5.101544081987997
1580,184.47127670254827
1581,265.2391339195847
1582,6.74883729496137
1583,294.0759023291912
1584,310.7457541127924
1585,6.34157458663735
1586,4.92604403124783
1587,58.72849639213547
1588,297.24242164813484
1589,7.146672814323054
1590,6.014038183957331
1591,155.20179479011955
1592,7.109389512376376
1593,125.99531668431135
1594,140.74379886016237
1595,127.92012153199519
1596,5.67545274134552
1597,58.774159350363476
1598,6.712882814746971
1599,3.7543803885752136
1600,4.301923864875057
1601,2.7538859168728367
1602,5.916997475864436
1603,283.2132346927531
1604,35.394088546662964
1605,126.8589913557872
1606,265.5622917175511
1607,-16.741828922063206
1608,3.443120478849412
1609,6.926614547765677
1610,4.1876138395778675
1611,203.27432130906533
1612,81.43893520075085
1613,2.3607248800617997
1614,277.20071525343906
1615,5.775185341741484
1616,3.8593558568260153
1617,183.90002724416166
1618,224.74284485458756
1619,24.628910237975024
1620,83.85565053724662
1621,2.643485404050219
1622,2.595500712710365
1623,2.7298638888530533
1624,250.6157564390779
1625,55.481893843324514
1626,1.6398713388806592
1627,42.43504476901457
1628,3.6109957067574943
1629,212.68236214635292
1630,136.19431093839518
1631,3.180972996949908
1632,297.68914506386443
1633,5.210899763232518
1634,17.98155945746037
1635,3.4820248561229503
1636,4.873628270975464
1637,6.600346860361759
1638,212.3810478849768
1639,50.89294905775637
1640,4.479997543904285
1641,318.21221308059864
1642,131.84199693560373
1643,192.57761346242881
1644,125.57378309923524
1645,184.0740348096402
1646,6.196036615072198
1647,6.620395393398994
1648,26.84447935174112
1649,4.373713113066294
1650,82.09629545781284
1651,6.5042025010562945
1652,7.048261222369302
1653,228.99854541538622
1654,6.511040257388707
1655,297.20216183841166
1656,56.11570050784856
1657,1.3002832630738126
1658,293.55850985314964
1659,2.121342195082918
1660,-21.288586520288888
1661,6.699754409464109
1662,186.89259847358056
1663,5.870698035027328
1664,126.3728608315397
1665,1.1740311112695552
1666,101.6766875433502
1667,-65.0531318690712
1668,247.8732266662663
1669,56.48157107435294
1670,2.024417044110596
1671,2.253784960698013
1672,5.487372598173826
1673,4.373097038063361
1674,141.81356208429463
1675,2.137491707557431
1676,-58.17388973115347
1677,33.858422464172975
1678,-22.30314266162338
1679,235.96126983560777
1680,100.62707635164634
1681,1.3625759833349358
1682,3.169516629806573
1683,80.38033946252928
1684,17.500162928783162
1685,6.6632341226610485
1686,140.50429952688603
1687,7.041462149708373
1688,176.1855056139667
1689,276.871131298035
1690,3.114769030008524
1691,3.6865979838394995
1692,4.09268728731808
1693,2.8055628641998918
1694,65.27757858461128
1695,241.36702990886016
1696,139.54710892840313
1697,1.9966148456774024
1698,219.82584269002146
1699,182.46922529134076
1700,126.64826735262056
1701,270.9994344157517
1702,-54.1536212366083
1703,5.55855101316784
1704,5.558912583844433
1705,3.000376200342286
1706,97.2244112989501
1707,5.250708377266861
1708,77.52316031863754
1709,132.31010711778825
1710,6.438622368643568
1711,70.85146128843813
1712,1.8711025086676822
1713,5.931708051474318
1714,-41.0291452577235
1715,5.1367130997584525
1716,2.2687011889076363
1717,42.2900185470844
1718,124.28026161574903
1719,27.498163287927458
1720,6.241591455756437
1721,237.36344643235304
1722,3.706697026012697
1723,141.65177274576044
1724,125.00481618758073
1725,4.047797195229823
1726,3.95181556669325
1727,258.30273053185635
1728,4.566295085870026
1729,3.6519631948122484
1730,34.83905768399086
1731,220.75021884116933
1732,4.723330352126702
1733,369.5514814390632
1734,266.8839737160649
1735,178.21385314889847
1736,3.2873244171858866
1737,308.14068594292047
1738,287.804931644391
1739,240.10617471434853
1740,95.59307849945303
1741,89.60943217738603
1742,232.5935273069843
1743,5.276245897558958
1744,116.73376853077971
1745,31.293145244581275
1746,3.592204002575231
1747,7.3164133968211305
1748,197.66216192946044
1749,3.5642773158997954
1750,94.42237207543462
1751,45.601244666807865
1752,6.920851316503151
1753,6.018028083218993
1754,277.73271116666217
1755,225.36533714439503
1756,1.919113327144447
1757,221.58884227945828
1758,328.84508109815283
1759,5.031547662404455
1760,304.12264956177455
1761,245.90376206513685
1762,23.86791647391275
1763,32.73940078770337
1764,5.108967856676321
1765,4.672390838561334
1766,225.3168064844178
1767,183.42782838076104
1768,5.6606191300384
1769,55.03365988940166
1770,75.28509198766733
1771,2.6215158220874977
1772,228.70233498109462
1773,276.2075018411703
1774,6.510856420714623
1775,288.09940831260974
1776,2.2484696899085423
1777,-5.230761578877854
1778,17.103572639983152
1779,-38.32538224074109
1780,120.05482572889855
1781,5.67532559314232
1782,186.004528386401
1783,236.5403108167872
1784,4.031994740486037
1785,38.644955375475334
1786,3.0305757759115686
1787,65.27512065216031
1788,5.254493274162181
1789,2.392627185660812
1790,28.80980256763106
1791,3.734032465595128
1792,2.8878495658653227
1793,2.071536893459674
1794,168.8986474686594
1795,188.87105352226155
1796,262.21649333654585
1797,145.78815725293956
1798,6.562999279729219
1799,213.71578281620768
1800,124.20617293262401
1801,4.853254859774322
1802,2.268697608166931
1803,135.1077652029721
1804,4.042600804066872
1805,179.91472154793115
1806,5.723892011615169
1807,288.5785626577168
1808,168.1050532565675
1809,65.30625536037175
1810,4.596214934266933
1811,2.7399852962077227
1812,34.98229119356273
1813,3.564289692697171
1814,144.17566417279122
1815,234.2298184690581
1816,5.491991136529263
1817,106.2920316265402
1818,61.382107096480894
1819,236.17005110755048
1820,6.872871080532423
1821,3.1517433652749256
1822,277.91826218171263
1823,0.8647121742911343
1824,70.7519190547611
1825,2.41647984427762
1826,5.9301618549106365
1827,4.827775362810191
1828,2.141221847283592
1829,194.21700590694314
1830,225.87190461950695
1831,6.750889307491111
1832,47.34618365514257
1833,3.1560382322531177
1834,3.748572522250297
1835,104.6651768435903
1836,6.449640177762296
1837,6.089147834522755
1838,5.870698106039892
1839,121.72813288676011
1840,-2.387962439873025
1841,-76.61529906830094
1842,246.35079781831493
1843,173.7270315961984
1844,253.56129211784136
1845,147.94595997155096
1846,45.70935833518489
1847,277.4022283360325
1848,119.82008393965071
1849,3.73704204599387
1850,5.739250957017098
1851,-67.75477228778787
1852,6.520936885796324
1853,86.13164458051213
1854,64.24657976534036
1855,5.384712332038225
1856,190.05289428852245
1857,2.4987243591778503
1858,5.000279774430356
1859,6.294660761693544
1860,5.803784967748269
1861,148.74145818477317
1862,6.321268351831957
1863,69.68623418282257
1864,67.25405582742572
1865,220.7136927005588
1866,108.40770530652122
1867,79.0307626251346
1868,275.53445098151894
1869,145.5683998179914
1870,3.4297131623942794
1871,249.30013839740553
1872,39.340570463912535
1873,2.8312698478866496
1874,23.960825470389764
1875,101.62247575683325
1876,3.372236709455704
1877,2.29359091127964
1878,63.2398141286135
1879,59.6792342454249
1880,247.20094749294174
1881,5.819395072825262
1882,103.22208346538967
1883,6.246494376883067
1884,75.66583582419054
1885,305.6462091115238
1886,274.21077581240985
1887,3.283919820098701
1888,198.83853194458655
1889,239.30440020173296
1890,2.320070863907321
1891,252.40759201484002
1892,213.2012477880051
1893,4.477796516466387
1894,2.003907242818723
1895,2.620027596172993
1896,5.920611434340849
1897,57.7647484080009
1898,-54.184051226338724
1899,3.0739447148673866
1900,5.871147415819401
1901,277.0885739748725
1902,233.0997010305988
1903,-56.45745544000836
1904,73.96029625604223
1905,73.87104058370234
1906,172.18876793513857
1907,6.744443346998252
1908,6.094693676025793
1909,120.01893921346462
1910,6.259683440627199
1911,4.925916840428674
1912,4.062729958522755
1913,74.19123818727378
1914,-19.705340314248435
1915,7.226904140255626
1916,1.2726245037515067
1917,3.3795147583637055
1918,156.68555761214142
1919,4.766672034758837
1920,4.641415823303924
1921,71.7542885324641
1922,3.129825417369968
1923,6.506757265112874
1924,2.87763034961832
1925,4.442273115859932
1926,104.9069219324994
1927,133.57579241121675
1928,3.771140721889937
1929,48.33812155116895
1930,2.8161752297349945
1931,5.961888440574972
1932,4.656290497854827
1933,2.878500863801395
1934,255.7060996326031
1935,6.299849161592133
1936,4.843871849610555
1937,39.6120877446793
1938,-23.04074778372076
1939,2.7132936253530247
1940,253.78462535902258
1941,3.123285126621684
1942,229.28087400144955
1943,3.706922919305879
1944,229.79479782533167
1945,290.72173896370225
1946,5.693050506404457
1947,83.72744838062326
1948,5.741143543945173
1949,15.377301041954041
1950,22.764105041631655
1951,2.540424084287373
1952,44.283351287696505
1953,395.01915989622
1954,2.717601491566382
1955,89.67746503503332
1956,1.9793450122722032
1957,126.32807879162729
1958,4.275298773619137
1959,171.13145600107333
1960,53.90616892365925
1961,1.0745518090856268
1962,4.155889101719872
1963,2.909935524981597
1964,4.8747082412057665
1965,95.9900846992501
1966,3.063487871252928
1967,5.00849471036778
1968,269.400741777122
1969,59.022893981815606
1970,5.657510922928019
1971,1.84259472567489
1972,106.25740218758392
1973,-36.58281326376228
1974,2.826181885713576
1975,3.0269808647889427
1976,307.09846263900135
1977,1.6544249312547024
1978,215.77353781848154
1979,94.53362326827826
1980,266.7183943244142
1981,189.47599407082265
1982,117.27289409719435
1983,69.07734714072667
1984,8.415422630928054
1985,4.825377462248278
1986,3.865532319300015
1987,6.188622178306575
1988,1.2459101338785503
1989,5.861501380326276
1990,4.939002212208231
1991,16.853221070344517
1992,4.328830108508316
1993,26.93170380902565
1994,1.9513224580218265
1995,108.17427475299687
1996,3.7480350995094525
1997,2.5938917505093984
1998,5.613078810094903
1999,321.16089103022284
2000,5.858874501681832
2001,287.7976061276595
2002,-62.311567297370175
2003,6.718949462521582
2004,337.30125267963456
2005,62.41580715281748
2006,4.949634534740765
2007,46.339307271965374
2008,226.24862885200412
2009,141.1401170677716
2010,319.5763024919877
2011,6.188719691611724
2012,177.68519074970578
2013,-38.65910266991559
2014,278.8143796078625
2015,207.6945899647254
2016,35.80904330783345
2017,2.677378609898395
2018,88.2004194180233
2019,70.65182175085101
2020,6.736477657504694
2021,4.405588240517824
2022,185.6859803662372
2023,111.25984552033309
2024,2.817836948810659
2025,4.085255438674406
2026,74.57177024966478
2027,5.910213116781401
2028,6.301110812501316
2029,48.33267987375449
2030,306.9300087177703
2031,92.31676771624029
2032,285.3513090982626
2033,229.3561696188818
2034,2.5591462914959586
2035,58.488968276338966
2036,185.0172344132235
2037,5.298686254143246
2038,3.204187125191833
2039,2.8844742876659524
2040,131.73859488963615
2041,229.74617467300166
2042,4.24162504394555
2043,187.61522021773624
2044,2.7291241222746083
2045,94.33314626660987
2046,285.7804639181219
2047,5.345448331565322
2048,-29.43127547605595
2049,1.9470076405288474
2050,348.4768586746626
2051,3.7552151806788476
2052,3.547307111056261
2053,249.16693659498574
2054,4.637537082300115
2055,3.6715955444803248
2056,-47.34668320895268
2057,187.6470398151277
2058,-17.21357366490964
2059,5.126455958934353
2060,24.895985329663908
2061,2.3463334378076275
2062,191.44759863636452
2063,3.5568744485087205
2064,3.6192997157213074
2065,3.690036408267088
2066,1.9691640325710307
2067,6.073007593606535
2068,3.0718792786402123
2069,1.6960379784753947
2070,285.2139736861212
2071,297.24242164813484
2072,4.506287488681181
2073,206.09445819574384
2074,376.12347513045756
2075,249.1904041699323
2076,3.618079170451471
2077,2.6915008735442902
2078,4.023056626001285
2079,4.444774886130836
2080,2.423405714934622
2081,3.20573545795104
2082,5.595848223018248
2083,36.72375532147408
2084,2.894809511132606
2085,5.133115976405817
2086,104.74678987533935
2087,92.7132542351971
2088,18.089022199015496
2089,80.32683155688312
2090,246.40022412711693
2091,196.87062429969924
2092,-94.97598787673003
2093,5.3636342060303885
2094,3.8319540971708936
2095,105.56617632594273
2096,50.72383687794097
2097,105.98296151004926
2098,5.524451270189461
2099,-27.387360398844216
2100,15.923759411742395
2101,5.817784593065535
2102,6.959334579771605
2103,81.68454263319245
2104,63.626073644250724
2105,17.871121384908164
2106,311.53426999656534
2107,7.177438883669641
2108,6.937775951330743
2109,5.906996945598732
2110,241.3150386157278
2111,3.795379904755257
2112,47.255671874959745
2113,89.97118716003672
2114,2.4916792777402885
2115,51.49623693176626
2116,3.8289799029751714
2117,3.5547613412843
2118,3.6085004656159634
2119,114.24003052691387
2120,4.029666623694073
2121,195.39718745106447
2122,234.59365109123894
2123,2.891454110337161
2124,1.6409192150987277
2125,4.844002565802096
2126,6.055447275819487
2127,55.43353470473404
2128,194.40211978995666
2129,1.7739993596755321
2130,2.1270350634546373
2131,5.4397659226173865
2132,5.99639349517183
2133,224.93937226530312
2134,43.83943390910228
2135,229.53120108955477
2136,29.703181894316714
2137,241.61326028898412
2138,3.248898952126924
2139,64.59555185341357
2140,51.67052192326936
2141,50.314500297338355
2142,5.471639479183004
2143,-5.988309579930151
2144,167.50354088555048
2145,44.715396370584486
2146,4.240245470746042
2147,4.6028137394406965
2148,88.26398566744864
2149,-57.80203452589968
2150,-0.34429530722967083
2151,57.39159595206309
2152,4.840120867201912
2153,3.398301254097711
2154,1.826719152917521
2155,2.371269252275071
2156,5.870698177052456
2157,105.48130654588189
2158,3.874956585595127
2159,328.1975508867636
2160,220.79241660646912
2161,320.20203105268706
2162,1.899490640064496
2163,306.2257165374253
2164,6.424367409891136
2165,2.9691484148114853
2166,2.09489503101242
2167,25.37918661297352
2168,304.88972196187956
2169,2.1699709184415497
2170,2.5700677973842296
2171,135.14098934052282
2172,5.431983194736619
2173,259.7444538488144
2174,260.62495379144855
2175,1.6310147949561657
2176,4.673860302557294
2177,-37.62562758279032
2178,4.206465446388909
2179,74.39127901034236
2180,275.7256540275637
2181,2.4418628964590785
2182,179.3833173308911
2183,195.4338347646338
2184,5.872620382370219
2185,1.9262628511320985
2186,2.9882837773500346
2187,4.636317471295847
2188,248.46860401574293
2189,246.17766308480458
2190,67.91464767571001
2191,2.6222452763473267
2192,2.9725811897183503
2193,156.06128854340517
2194,3.4620488330659436
2195,4.929179529887511
2196,6.54912638342436
2197,1.979410934132723
2198,4.188087642060586
2199,3.3669303374990323
2200,1.74244570348972
2201,3.968197922208738
2202,72.377122473567
2203,2.556954655441787
2204,1.9262104082618308
2205,81.30954865636518
2206,5.336213491196546
2207,174.9942646142104
2208,4.894336538823794
2209,33.64628006153205
2210,240.34652673066773
2211,1.7960990173366298
2212,4.356167471177796
2213,6.539546491402875
2214,91.79126977175305
2215,27.690037878130063
2216,82.66765816808456
2217,4.902179827070698
2218,30.33589788847363
2219,2.6702382067260726
2220,5.546395777439126
2221,3.4169152428249134
2222,-63.47894536547301
2223,215.07048781517523
2224,-29.08723919646416
2225,170.20024109689865
2226,-18.386526760642766
2227,60.932314380986085
2228,134.60993010620024
2229,184.86281949632576
2230,3.1732823718628955
2231,5.475341822371674
2232,4.406024209923311
2233,263.93391349049955
2234,211.9785049498641
2235,216.7145129791977
2236,3.4801261890340047
2237,3.3637752983098217
2238,257.7029977971207
2239,95.20662485185375
2240,246.19557935526717
2241,2.76852836719623
2242,251.33708373761596
2243,6.23215233878577
2244,97.12235687456253
2245,228.27389684287326
2246,128.91023334277475
2247,245.25268005693766
2248,6.169075452144978
2249,290.3333557909466
2250,140.81429516269853
2251,5.220366578090353
2252,239.7621906129267
2253,6.08385690957629
2254,196.50566746474314
2255,-94.07862017991627
2256,38.24820991771287
2257,1.8132657237807461
2258,3.297960416148153
2259,81.56545826124811
2260,6.5584551907334045
2261,87.4808773943922
2262,2.197535614331505
2263,65.2915152813293
2264,-23.567455362259835
2265,54.474864041449905
2266,2.397339924235119
2267,2.9842051876032194
2268,5.739082712247472
2269,4.243209037181199
2270,8.568778653438061
2271,181.3524037601099
2272,47.23251352834336
2273,3.3926862547374803
2274,6.118072116993017
2275,6.7236255134359935
2276,4.622509488365445
2277,2.872441751634541
2278,1.300544369950393
2279,5.868058835801114
2280,2.770410689877699
2281,189.53597319731915
2282,1.9580647714552866
2283,4.043093148075173
2284,233.80157256655994
2285,3.2706123398342912
2286,-22.371136570559177
2287,5.405144924134729
2288,3.3505225539553587
2289,6.372097888193075
2290,-29.353066724800286
2291,48.465187344588855
2292,5.129696468157991
2293,1.95988708541191
2294,-1.0671114231587882
2295,2.5602826703296775
2296,4.936898372261818
2297,143.14686068300847
2298,-36.60285346376667
2299,46.84714661023365
2300,3.668309296138278
2301,5.711407123206163
2302,-94.49713067760945
2303,171.98951276505164
2304,5.436456046443958
2305,49.29260473676473
2306,286.45076427645745
2307,17.45711614869157
2308,52.63398501832964
2309,5.969724435661192
2310,175.41874120367964
2311,-49.92092128562247
2312,69.32236276521928
2313,4.202231642821445
2314,4.636132834496725
2315,196.68600519670167
2316,7.436005292049142
2317,3.6720458250298407
2318,234.86250671212628
2319,6.587590592324941
2320,114.18149398106812
2321,3.4581059224394464
2322,233.15490322927985
2323,175.01940638261124
2324,2.0029218447128905
2325,26.724643849884533
2326,3.366245521626423
2327,110.06515685185141
2328,3.8764572733892626
2329,340.8807531471671
2330,182.4448237716624
2331,1.1034792287799173
2332,277.86826644589087
2333,-10.049356190148309
2334,3.8600716325811124
2335,5.465144107246385
2336,43.06153185676235
2337,146.71127665790505
2338,186.727840801043
2339,33.405212099702055
2340,48.19099077729254
2341,116.88535992363953
2342,2.5531216648314032
2343,6.14772140028417
2344,243.105523454751
2345,5.890398162381949
2346,73.83157302040824
2347,128.98357575172113
2348,1.8027593172176504
2349,272.61159695118766
2350,49.14851031491024
2351,5.0647536266288
2352,4.911833399523523
2353,1.570943768948463
2354,-18.021680418027252
2355,138.28964075421592
2356,3.754458736178119
2357,122.59683092335283
2358,6.327181501673417
2359,6.876578369952995
2360,4.651963780905431
2361,5.851514155445431
2362,250.6374271525661
2363,4.295652590390216
2364,214.98975682045938
2365,94.30086411925437
2366,41.87014215958824
2367,30.689900868816657
2368,-62.5261418596874
2369,4.352864082734942
2370,229.7432831484531
2371,34.76711884523025
2372,72.96994969197476
2373,1.9852786586246995
2374,-55.35903051749743
2375,2.0009886728835076
2376,136.88030912572117
2377,111.77563960273505
2378,5.596793903580693
2379,6.462529127120336
2380,25.046702860185007
2381,142.7987807961342
2382,175.84924607030106
2383,47.32926233323836
2384,3.3783150513497837
2385,245.15312345238698
2386,5.844796663378794
2387,8.481635094743595
2388,257.05330436193753
2389,78.12915337807877
2390,2.004919268762368
2391,119.38727188157283
2392,20.052176782445805
2393,76.63380242495441
2394,139.71392617904888
2395,6.01022183992414
2396,2.6979183313296184
2397,295.4745392889922
2398,283.58857757000965
2399,4.458318093186614
2400,197.70618183055902
2401,62.89859513939915
2402,236.21754880667106
2403,6.330822958589805
2404,1.9882725606618123
2405,5.129582493264517
2406,2.453938882313418
2407,71.82898236032736
2408,250.31048610350916
2409,171.70499837612596
2410,4.248226037466828
2411,6.520290713767023
2412,310.5823487135015
2413,-5.184692060653797
2414,4.0554297143198035
2415,76.11168062567613
2416,258.7957520327878
2417,24.906062421594854
2418,3.2611025252408874
2419,4.1036100067182755
2420,1.8100420505388013
2421,6.186323033346714
2422,196.1834216513363
2423,2.5034324347500867
2424,186.8994035114226
2425,6.245480304598868
2426,-8.755014791906756
2427,164.9061694316099
2428,17.027571693978434
2429,2.6944852848638075
2430,6.1863260664271476
2431,3.265285839032106
2432,317.1611648704255
2433,258.49288910165455
2434,4.6240157110163915
2435,60.28152182454555
2436,232.423473486124
2437,-67.79539853830569
2438,5.699117365345359
2439,7.278299686205645
2440,162.66179741028736
2441,6.4068234477066035
2442,5.817443466172923
2443,4.694641708764778
2444,-69.7447553842529
2445,6.505647617064678
2446,5.567892502551894
2447,232.56290169318754
2448,6.861326823659587
2449,6.3300943318203515
2450,18.209417885727262
2451,2.840890691646835
2452,4.397725526971592
2453,35.818913318611166
2454,290.5164983851788
2455,124.59289502475248
2456,3.2181142138091703
2457,247.52719997124285
2458,6.057318601827862
2459,1.9393450521746272
2460,5.778029502058185
2461,65.6748384556034
2462,52.749867054496164
2463,6.268832609476479
2464,-64.4850110539823
2465,21.55380726552277
2466,192.32706255270944
2467,148.09219272739773
2468,269.20385099184233
2469,263.27540571484985
2470,5.785729729209396
2471,124.26361589076413
2472,2.7721526435420625
2473,24.231480858031134
2474,196.68636676166722
2475,6.387308550623488
2476,105.0645278315644
2477,146.01290383273684
2478,157.4441105981917
2479,5.37342438014635
2480,52.861596971370645
2481,77.98913191592877
2482,2.389592953430042
2483,5.082668822123381
2484,124.03153200221894
2485,125.16213480506238
2486,6.723218566997274
2487,5.4796515983414205
2488,-43.86242027170484
2489,169.7781723690366
2490,5.607226250387823
2491,134.90428449345274
2492,45.221471618207886
2493,63.364133375759494
2494,5.918705705072544
2495,5.482332375699432
2496,106.12560292872163
2497,70.40656444541432
2498,2.4926397049566917
2499,6.70639820008818
2500,1.9001304027964738
2501,82.29177869455175
2502,267.34010713200047
2503,126.34750500651145
2504,345.1647841498751
2505,3.5047191201324392
2506,4.851566836895327
2507,275.092477007432
2508,196.51884134145038
2509,90.11661656418892
2510,6.59674530052215
2511,210.2805197528534
2512,86.06833034466175
2513,172.86454051693727
2514,225.5025304805859
2515,310.06827377381575
2516,2.0085143054819676
2517,2.393781465847058
2518,287.8928160343289
2519,4.398162979844338
2520,102.47597201362777
2521,117.3666007305923
2522,1.6635083578309322
2523,5.651397020079024
2524,5.030702889267973
2525,292.14126224708156
2526,3.1614912880293833
2527,3.6964822996273026
2528,232.60125569819368
2529,82.8277963077404
2530,236.59373335328542
2531,289.5216399668411
2532,59.15412889549898
2533,1.792625874173376
2534,6.0476773462476325
2535,5.858874359656704
2536,3.7174408343145107
2537,6.411005840498095
2538,5.9925456930094345
2539,170.1201145297407
2540,2.4346674683542053
2541,1.7506666106250455
2542,4.156605668876007
2543,5.6265829989899805
2544,154.45358822557193
2545,2.3737021522197583
2546,294.21151416730754
2547,21.575953833336676
2548,16.615324780030583
2549,155.14399711736357
2550,118.86675300852728
2551,-34.28650681824344
2552,1.9685069595334854
2553,284.76991295942867
2554,2.405967015986721
2555,68.31381011396513
2556,124.1697668999426
2557,4.521369018828216
2558,-4.681085599094831
2559,6.310001707626762
2560,210.85559296183743
2561,2.4806626184697516
2562,216.1834230729167
2563,237.05701617596998
2564,273.8423609810824
2565,4.707465706609165
2566,4.380244385192498
2567,268.92145625603507
2568,57.23427584771661
2569,71.79954178120497
2570,3.516178061994677
2571,91.56576025259241
2572,-57.77210994501158
2573,191.31175535754346
2574,2.970715973479305
2575,4.323724903126816
2576,3.2526378049391975
2577,6.6695213417884975
2578,31.96644443742523
2579,5.966593064323088
2580,5.21671924959474
2581,3.066026961547351
2582,-37.54069851211083
2583,2.630309323664557
2584,6.5202675687895235
2585,49.807874659408135
2586,5.005725239455327
2587,198.1693252619505
2588,216.79980978036986
2589,4.625650651144894
2590,41.581280615215825
2591,1.6653200983396954
2592,115.87628310954494
2593,59.12711351940953
2594,88.20644080118629
2595,50.40778725161298
2596,48.11428136757515
2597,5.411715618819762
2598,6.261503542418684
2599,3.9313549151068683
2600,3.9322847219421093
2601,222.55490303746433
2602,6.065402112357004
2603,358.3922338108037
2604,140.83437302080046
2605,37.753032710149995
2606,3.9234834113468278
2607,33.82377648187741
2608,195.774779493486
2609,30.5419540610718
2610,2.7049440501980166
2611,-10.711157596093496
2612,3.532348286384688
2613,4.331699498992927
2614,3.035763045052656
2615,112.82611993350599
2616,142.77521175451784
2617,276.4895012712458
2618,198.24263853226915
2619,4.733423416394821
2620,2.5236750519097635
2621,4.561226382768419
2622,2.5735971162536133
2623,1.8090273236935512
2624,6.723590105305162
2625,112.04474578970816
2626,285.5668734788685
2627,51.7738973972255
2628,137.55240746839888
2629,50.66267725914716
2630,113.46561866651095
2631,26.70566582625858
2632,6.013629282209866
2633,317.0324860097742
2634,59.430502606525856
2635,167.47089609751623
2636,-39.161480848221345
2637,3.429090446446288
2638,-62.28300454367452
2639,-50.64053791929314
2640,192.3651621898267
2641,3.990368638145111
2642,5.88103369093458
2643,160.97314782717393
2644,158.31666683425618
2645,209.22114853197766
2646,2.6533902920732912
2647,3.6049499622613794
2648,4.523521265748812
2649,6.53346289642581
2650,275.7480736867376
2651,224.65244442045685
2652,49.644900672582416
2653,3.5482818143281376
2654,35.14116077934764
2655,226.5195377405108
2656,240.1427662524407
2657,2.931701148802847
2658,19.47093611495855
2659,290.2115653401894
2660,1.8102802047472077
2661,270.6723088422631
2662,119.21957624191552
2663,11.551107599980996
2664,68.19261226830265
2665,269.6173039808199
2666,234.65201899110883
2667,-37.70844761705674
2668,34.887771593525045
2669,6.733745934756053
2670,97.60582105978338
2671,195.56719448445295
2672,125.33049661688142
2673,254.9218044992919
2674,232.73550643143216
2675,1.7158785042461888
2676,-43.317658338783296
2677,361.4162622472688
2678,4.842021425282793
2679,5.590124075355726
2680,66.14585457739283
2681,5.089904411338617
2682,2.433780939329364
2683,2.4652588849295274
2684,2.4171885619412983
2685,6.4709797838785885
2686,14.92706221290123
2687,65.18008730830189
2688,49.03499813166836
2689,42.741226609078154
2690,158.3864452743577
2691,75.05429108617506
2692,52.338483824038136
2693,116.65934150794402
2694,111.90188173600625
2695,6.5041463653147655
2696,157.0291548270655
2697,3.7394576918148266
2698,2.460843051220704
2699,4.079907178107553
2700,192.55771300530571
2701,67.74131866090666
2702,35.015909538481
2703,3.8679442234994044
2704,184.5696852987801
2705,3.246105025561731
2706,5.3805981834247225
2707,190.93627371233097
2708,3.0249356826118667
2709,67.55576864184518
2710,5.619570639891186
2711,181.57497665051773
2712,1.8579522970767042
2713,110.53796046530293
2714,-47.12785129048392
2715,4.718551312472318
2716,2.680357190743846
2717,291.08405541231923
2718,3.5743941146587446
2719,3.179259938992995
2720,6.698774049868614
2721,6.234640045781147
2722,4.0220852920158165
2723,221.67660262247313
2724,6.450422355288691
2725,32.07784311042045
2726,10.273171010546886
2727,319.2567950414635
2728,34.51536588728207
2729,186.59152335334858
2730,163.1629027850243
2731,175.71321703808383
2732,6.113468531308116
2733,217.15565791619906
2734,118.62644027855993
2735,89.90868816614068
2736,83.50748582485795
2737,170.3891720544333
2738,140.78207715594675
2739,114.9103762332732
2740,5.4725519199324815
2741,56.73914773073447
2742,1.507830892167603
2743,31.072028523770335
2744,-10.80910940264679
2745,4.473230461305717
2746,211.86834606946624
2747,176.7885950136095
2748,2.6636611862759745
2749,5.313809240548876
2750,218.04221534445318
2751,260.2954055191692
2752,2.7491898496625287
2753,121.44892926764355
2754,0.3634334575573417
2755,40.56061988818778
2756,280.2167488124107
2757,5.8921733547240045
2758,267.6607093332888
2759,44.76714436543344
2760,191.1094473522682
2761,6.494902420319976
2762,3.952637260147939
2763,115.93359875405108
2764,4.801760225303965
2765,123.7014874569008
2766,1.984810646402556
2767,268.15431386121406
2768,4.483022756504109
2769,2.619574473824897
2770,224.1436404480188
2771,162.2044783825964
2772,6.95831968756781
2773,3.2391243000858227
2774,4.431779770423941
2775,5.708193850176309
2776,4.115993270254989
2777,260.1384023799966
2778,31.627043421483837
2779,2.100188660366528
2780,2.6717605223796976
2781,246.05405670870056
2782,218.37508945105486
2783,6.009331294963214
2784,2.3413334175555933
2785,5.729922551126437
2786,3.586330282336883
2787,43.44402396202049
2788,4.634910469336322
2789,173.3593299164039
2790,210.75620062911003
2791,78.8655722944201
2792,167.37684352922867
2793,165.45880779565823
2794,185.57938832327102
2795,47.839731466567486
2796,239.47624510619607
2797,100.2849054820243
2798,35.32927914853631
2799,30.270604417155553
2800,5.2308242011107
2801,4.206240818816573
2802,3.2810865945749264
2803,13.526636641603348
2804,3.82846783406771
2805,52.032696183221205
2806,7.176657714843156
2807,27.078407285730325
2808,91.01735361293447
2809,6.461633294474349
2810,5.438292712822468
2811,159.49375619923381
2812,6.025047235176848
2813,12.72408606229852
2814,5.996142707562997
2815,277.32678946010543
2816,63.4465214400959
2817,272.40847969317
2818,103.27758277578158
2819,45.68891163876765
2820,147.74758323051262
2821,43.768617204902114
2822,6.193724940161234
2823,47.51577914999727
2824,248.1342657750166
2825,151.58197175941154
2826,-61.7196606660161
2827,6.276571431980912
2828,5.6301119758368
2829,4.7312102209987295
2830,5.986442163086604
2831,6.110207374376273
2832,6.1904038253317
2833,134.40351365287103
2834,3.9064433080178205
2835,3.2485323015855063
2836,3.418278695865846
2837,3.4838790764696523
2838,5.806427826131709
2839,1.9663521025120387
2840,60.1604605642742
2841,48.37197243788489
2842,285.2969700354146
2843,6.026797786776991
2844,172.10256748135612
2845,292.6323734375958
2846,3.4977380792133155
2847,79.92303552903357
2848,-15.87612800433541
2849,-49.88752620023082
2850,6.5430675092518795
2851,6.995802964693052
2852,-49.527264785080376
2853,140.16136496342457
2854,2.3033943722300183
2855,65.51259824666133
2856,5.901179286485636
2857,48.877654735157996
2858,234.2673664251435
2859,1.3767415543442096
2860,146.21904880130526
2861,286.2608998085451
2862,268.3177311204797
2863,2.984369093193199
2864,281.83827106105093
2865,235.8676983460789
2866,2.1281132510709324
2867,2.348026909872448
2868,71.25993271373412
2869,51.190311367127734
2870,192.7684982768094
2871,6.2259654892771605
2872,253.41823757785698
2873,4.776248782280053
2874,20.609279722769543
2875,4.279674668290516
2876,-32.80176103156872
2877,280.14606037123303
2878,-68.54106912080006
2879,5.081075234322984
2880,232.40446520759252
2881,5.987086081133416
2882,6.200251038342722
2883,4.24651432130232
2884,6.701131544932203
2885,202.3580662036712
2886,247.3903229218376
2887,5.879026920497721
2888,2.0590271076817803
2889,6.42266125325847
2890,2.555091201682524
2891,-51.47565523369926
2892,142.31687110904392
2893,9.5902225731059
2894,54.85611019261836
2895,4.946140487298006
2896,2.5490640741850243
2897,5.292394867063777
2898,105.34745443820532
2899,32.21316981471959
2900,3.167004935233132
2901,28.009419589055994
2902,235.53553987775965
2903,275.4429495542851
2904,4.192469001415676
2905,4.153528045443634
2906,28.369876614247747
2907,3.930983167784387
2908,6.839099527580524
2909,2.0349142484920772
2910,109.99041868816845
2911,3.8828885241824276
2912,2.034576635679538
2913,6.4699017481843
2914,10.523889122154968
2915,7.781915180450326
2916,243.51085574749712
2917,176.03761935036061
2918,3.751765218498751
2919,359.79476780858215
2920,191.3401660077955
2921,5.48924870703202
2922,4.013675305944938
2923,226.95934756971752
2924,5.273784879381444
2925,4.808978092956233
2926,5.954611729662334
2927,14.133725445828109
2928,6.438496234151484
2929,172.59271616468845
2930,268.33170002018716
2931,2.374291363404259
2932,5.471319311401103
2933,-17.27413512786113
2934,102.55309381506716
2935,-8.50774477743959
2936,-64.18254361028258
2937,5.9157228263431545
2938,24.219217748022245
2939,2.948329888549539
2940,188.97272193099775
2941,64.07996181937997
2942,95.09578238302375
2943,6.289885433480869
2944,6.515363580038144
2945,5.625899642410728
2946,6.241297890290991
2947,-52.84252754907982
2948,2.4223101474910704
2949,6.60217480455068
2950,2.9516786599614013
2951,153.35412432982127
2952,139.31258757956448
2953,6.818814334498523
2954,1.841382943224004
2955,19.6293499142754
2956,6.6072497502232785
2957,120.36719871205858
2958,5.18255915149047
2959,183.1646838126225
2960,6.65278775088972
2961,185.6460694567771
2962,3.798135685740484
2963,4.03822710921162
2964,230.42363273732929
2965,187.15404848102972
2966,4.362609773079033
2967,3.4890154042753316
2968,158.00461731372963
2969,-80.18658409599675
2970,1.9263584075197708
2971,223.37286663059388
2972,6.425562068574444
2973,217.05537864286697
2974,258.25932856576213
2975,4.449043988531709
2976,43.00401828721883
2977,39.03517204118868
2978,4.157980645920201
2979,4.503836029430214
2980,308.8805803895091
2981,301.84659061166246
2982,145.96286508363008
2983,127.10210195139322
2984,283.0479577768099
2985,123.12408995868104
2986,301.13139602793603
2987,225.6481112207442
2988,143.0984350738813
2989,76.61345388439379
2990,39.570227872536634
2991,7.245359141156007
2992,2.8657935836694053
2993,5.555429976203641
2994,63.93879301404533
2995,2.908105067679611
2996,3.853889767098026
2997,3.27586977578979
2998,125.46382856043294
2999,130.60559425483322
3000,77.95441453456871
3001,2.9961518292307163
3002,296.3413548035528
3003,4.38776514275653
3004,284.40579436133726
3005,108.54353929614342
3006,93.54154999152922
3007,6.38086044288207
3008,2.9643900209003426
3009,41.328560450258045
3010,4.192175913976484
3011,85.53144428006068
3012,5.259064880315368
3013,198.1360023171789
3014,6.469682801549396
3015,3.4922702495375413
3016,5.839011325039419
3017,6.582647909119131
3018,4.464262325018441
3019,229.13570661888383
3020,3.4884218746667264
3021,217.00792876731686
3022,265.8040065759851
3023,2.8635696600477845
3024,86.34299969632869
3025,238.50965958120165
3026,159.5867920974585
3027,6.097126406448514
3028,5.366448372375647
3029,-23.40929132677986
3030,-41.42456732750777
3031,6.164126580110137
3032,6.410857785174945
3033,4.890138407249511
3034,120.92738031099304
3035,144.6754129410209
3036,223.79435569545515
3037,5.905622791669305
3038,2.2476852889754424
3039,-24.943341126509164
3040,209.66979770094719
3041,4.889358104714233
3042,-2.813008478396612
3043,5.798701792008233
3044,233.93743267060728
3045,173.65623873837433
3046,4.458381145108805
3047,3.9880852379705454
3048,53.78036649449796
3049,5.95205666234013
3050,263.3592191906935
3051,94.31632895259091
3052,6.588620526657994
3053,4.099000823832901
3054,114.8618604103522
3055,184.8023697419751
3056,61.14420847080805
3057,3.204739660395489
3058,101.62665467570612
3059,1.841057257869703
3060,253.10371144881188
3061,5.123377864536673
3062,227.95446671226532
3063,121.27091641546144
3064,234.7204086651112
3065,255.24673613542248
3066,133.09320235852252
3067,22.901539995669467
3068,5.755438067684919
3069,5.977436894059643
3070,3.76294288263871
3071,6.256136786849915
3072,194.7456987523062
3073,128.66048851722854
3074,6.296999208832385
3075,5.931008387302855
3076,158.21843753075106
3077,-0.8744225619299714
3078,65.54962060629379
3079,5.690246283983711
3080,3.1732003385203393
3081,35.134236489597626
3082,91.61141736095028
3083,133.95060872024717
3084,1.3664312907740759
3085,5.558399828015373
3086,207.51885485153974
3087,3.066009780165051
3088,105.61243572078882
3089,3.42504886911666
3090,293.76055961327774
3091,193.52754042518006
3092,97.48777975203728
3093,4.277920160828887
3094,196.57329786043826
3095,257.5410629165516
3096,144.5269263503028
3097,4.739162558246437
3098,6.136464297760173
3099,29.257661828795484
3100,85.25315242254266
3101,3.795635178391766
3102,2.3938648261634996
3103,3.1408868157828014
3104,46.24441960040679
3105,-3.4664451321322405
3106,40.958426818201026
3107,1.4326764506041405
3108,2.6961776418051002
3109,5.449100803355742
3110,255.71848737368276
3111,2.405945952586189
3112,221.9641682374727
3113,5.454966166594813
3114,-12.322848670308792
3115,267.7178211877976
3116,108.57155551734769
3117,-49.798754096864215
3118,255.7018037578018
3119,4.597691790798899
3120,40.57120454999216
3121,33.74304594675569
3122,135.851917106442
3123,3.9104085714897865
3124,2.595799154377462
3125,3.6844935157031315
3126,225.151367245688
3127,274.343477801484
3128,39.40649353238228
3129,364.24819517524855
3130,2.073808901194579
3131,103.69231451329
3132,192.97862331262996
3133,133.4615234281516
3134,238.6916693020737
3135,1.68267455022386
3136,312.54549930649443
3137,2.954417924085109
3138,155.6099837099702
3139,5.964261604478823
3140,2.286978420729737
3141,44.14386329106598
3142,3.1276596301438717
3143,110.51973753083901
3144,260.2241580389202
3145,5.084141665132709
3146,284.9633288368846
3147,108.14152538972546
3148,93.351567922365
3149,-17.254680536139972
3150,1.652852966970042
3151,249.6521434724058
3152,7.109118337932803
3153,237.7691012983066
3154,196.28823110447706
3155,56.84630111707481
3156,54.743859310603995
3157,4.900969947327872
3158,281.54165678635053
3159,126.6196549755481
3160,269.79918828088955
3161,-28.802754947285656
3162,3.45115387855312
3163,183.6706400842412
3164,2.8785979276438014
3165,-3.2761797542105495
3166,32.549749566393096
3167,6.615717059285073
3168,5.515200920153524
3169,3.619197753031223
3170,219.38120019431454
3171,3.2724308091367207
3172,229.3069264089239
3173,281.5518624139934
3174,64.90331986047383
3175,-57.56931623063755
3176,3.591745284725864
3177,3.2552439885717224
3178,203.219855454099
3179,6.373925982399866
3180,316.27692705211444
3181,190.189903735576
3182,281.7597415690268
3183,5.969187951523911
3184,76.84267268932228
3185,6.716146236396098
3186,156.5835858870122
3187,284.9718997656301
3188,-63.032386795563994
3189,234.81651631541393
3190,4.333528203666816
3191,243.94280246786934
3192,64.57717899101739
3193,6.337009216213781
3194,4.702240968156623
3195,5.943764686492708
3196,137.8156326888603
3197,5.424888297615382
3198,185.84899943699318
3199,182.84837699780303
3200,1.948031016037447
3201,324.03089682042395
3202,4.61995395358849
3203,4.872925012745924
3204,0.699002782178893
3205,6.526773606612743
3206,278.28978315977815
3207,5.872620524395348
3208,193.7446443485211
3209,-28.507831280872225
3210,7.614284781958415
3211,197.2870467714543
3212,212.91904289485575
3213,2.9459496823299416
3214,266.99428960373496
3215,3.2159636232799143
3216,5.908215502742337
3217,119.42580935091766
3218,299.1877473890064
3219,74.39928670220564
3220,67.91669729855987
3221,75.29548881953575
3222,241.53356039426967
3223,348.88550534800936
3224,-67.40730190061463
3225,147.85415401857108
3226,6.02498074282303
3227,5.927806668392449
3228,8.296396983850588
3229,296.78154267707663
3230,230.8827794106084
3231,6.357679158227963
3232,4.824224016090574
3233,5.724508305086491
3234,4.139983962291993
3235,103.69540851607088
3236,141.5452773028273
3237,9.229438681037218
3238,313.17660926907945
3239,6.5364682188431935
3240,65.7108981737015
3241,18.211933796461146
3242,2.4763214136907683
3243,34.31494618738501
3244,216.86608012617472
3245,5.470256371943247
3246,255.70985986004007
3247,6.289435249907916
3248,45.7660922862122
3249,-12.106975562291261
3250,221.06746857544346
3251,225.50203129383516
3252,120.4389967536721
3253,52.02142312174427
3254,157.4784898931187
3255,6.504632008831378
3256,6.366151447809236
3257,39.14676840667458
3258,2.36943908770708
3259,53.296505542985344
3260,5.85409603648689
3261,104.09304838423401
3262,318.8006518161028
3263,1.876833585105239
3264,3.397970487690596
3265,155.48872146623185
3266,3.7817398578654666
3267,6.667952923912987
3268,3.3112346190170383
3269,4.578558308659357
3270,48.39961580333238
3271,221.64764746497747
3272,2.2606765499365116
3273,192.6353928247202
3274,208.14919206374915
3275,135.62242167252796
3276,74.70542041200797
3277,5.616593719815678
3278,6.450688208382404
3279,3.20440386649815
3280,182.74107110141932
3281,277.8110804535938
3282,2.6990425692222946
3283,381.1083730825599
3284,339.69390769121486
3285,93.09842164673285
3286,3.1130433852990524
3287,42.72335851821225
3288,49.96798732548072
3289,1.8387824518247378
3290,66.65470104851386
3291,262.38589296429757
3292,2.9819448477775974
3293,55.61578084272591
3294,214.1551744312697
3295,130.03281093478847
3296,24.995730043870765
3297,198.8565504620014
3298,2.355716317216777
3299,251.6701979655351
3300,3.3712658062828833
3301,207.04797790454563
3302,215.72539412352555
3303,-6.799745826979754
3304,247.87049276565153
3305,5.337583673829102
3306,4.643096069923402
3307,187.32159412831288
3308,3.017697975503277
3309,6.442046352930651
3310,-42.73186294556205
3311,2.216119918533935
3312,3.8598540755101105
3313,2.4501043021182944
3314,6.0394800271071265
3315,4.732818149263716
3316,309.0132704228253
3317,301.88616533349455
3318,43.55295533979485
3319,1.9409530537315633
3320,2.2152882530904603
3321,5.304535040744843
3322,137.44326148118245
3323,4.318887927065012
3324,3.6068080847626867
3325,332.8175265710653
3326,86.21806882220442
3327,-50.346069214700755
3328,6.438320164780572
3329,1.8203220892410454
3330,188.7794201414512
3331,114.67991235429953
3332,3.1891720609514076
3333,239.6277175046892
3334,105.86478692264839
3335,3.305011928201819
3336,4.431159018289397
3337,2.612265461460858
3338,1.7392502942659915
3339,-6.890320588387109
3340,28.421820719514066
3341,52.896180236631395
3342,205.2169025049069
3343,139.90804808422982
3344,3.519174323072856
3345,249.22329948292096
3346,289.9189672493934
3347,180.61455447605508
3348,76.89942896841075
3349,5.534788674682515
3350,3.8101253625883813
3351,2.4487633654260463
3352,1.8849605310544402
3353,175.92532028661154
3354,76.0290057109579
3355,3.0003423367350077
3356,316.601043951854
3357,3.650656728147863
3358,241.7427105743875
3359,70.78580315960687
3360,153.55457389439954
3361,3.0427583254658845
3362,2.7883332735436355
3363,2.790798193201689
3364,24.221634980064238
3365,106.70848007201013
3366,10.052882006489195
3367,3.975583429758057
3368,64.71876623458643
3369,4.650532832649092
3370,67.96402094537001
3371,-5.084643921409128
3372,207.47340189649748
3373,49.72355171405883
3374,323.61394228320967
3375,2.535517968233802
3376,2.4172373760686288
3377,101.83883175517198
3378,5.624946725709953
3379,11.508723277127334
3380,312.43888033146067
3381,6.574243108861916
3382,86.18075618682195
3383,6.253656467099026
3384,40.224764983615486
3385,4.060197669393142
3386,56.13938293503477
3387,2.1497937114035373
3388,181.3084724598382
3389,214.2801202352402
3390,2.4709453650073288
3391,5.753022223915162
3392,5.079133842476899
3393,182.0818340512095
3394,131.09690318130407
3395,5.2214058231201665
3396,5.481802987800489
3397,148.37648378137652
3398,2.116391080402939
3399,196.93200876837474
3400,162.74737218855802
3401,5.258776121911327
3402,1.3059412356325082
3403,82.75393848447527
3404,94.44693426465027
3405,170.0606833248379
3406,169.91576408204395
3407,4.366129647415488
3408,62.694600959732
3409,106.44683329577342
3410,5.773663572883523
3411,4.986705528844097
3412,53.05995855602626
3413,2.1778154337079076
3414,6.632507600544749
3415,115.69550284538765
3416,64.33938945764179
3417,204.92260463484064
3418,171.40612593077384
3419,-12.017071263144832
3420,28.00976678663656
3421,-69.82581657357078
3422,166.20745379254254
3423,1.9903947682977288
3424,3.244757031337896
3425,12.422559104451066
3426,3.6535076260782384
3427,58.33863939059765
3428,2.4922913017853587
3429,328.9642713406188
3430,314.03217280681713
3431,104.45607962584295
3432,5.95800980080275
3433,98.33400985242011
3434,1.8854924280515177
3435,303.75204458789733
3436,218.55837828239186
3437,3.3006543514528985
3438,27.09077541752582
3439,277.41523789874236
3440,6.655564255724519
3441,4.9305711255711655
3442,223.72433399535237
3443,5.08748210874042
3444,207.2987033224299
3445,3.8275900081847114
3446,5.879885499975705
3447,258.76960780308144
3448,5.356310234985244
3449,5.564747008147318
3450,93.26762623220446
3451,199.86437581635374
3452,2.204060414287847
3453,2.6065822460884673
3454,19.77790970420682
3455,4.107833839547939
3456,5.260809447065609
3457,3.8521853926062772
3458,6.212645288198091
3459,168.01960337139366
3460,-50.63369380010462
3461,2.6178304726910806
3462,44.516375370653385
3463,224.4597285843668
3464,4.606139647713031
3465,2.6713286275115227
3466,5.939717105779794
3467,114.3589266514777
3468,33.581091636208406
3469,309.1207216422413
3470,149.62530362912088
3471,22.689489378625673
3472,279.6379676255242
3473,6.218004875653569
3474,3.4764339747366164
3475,4.6732465927207025
3476,33.99749104458961
3477,3.642010251824786
3478,6.603477125792731
3479,2.6393656793990283
3480,113.01889818451068
3481,113.14617370182205
3482,83.78430619904088
3483,66.8340777315776
3484,181.41660908224858
3485,2.431948141487849
3486,230.06562673539952
3487,5.835236360521526
3488,4.517876310972358
3489,3.557249668548308
3490,6.158912578878322
3491,3.352682391670946
3492,2.2739022171300025
3493,306.4496370653414
3494,176.12354134524992
3495,6.36476906430333
3496,42.76963651536066
3497,4.555227878713183
3498,6.64249516191747
3499,-21.031199612223322
3500,74.55118414944141
3501,283.3702707946376
3502,6.053762717906255
3503,3.1161559457614585
3504,118.97888884743692
3505,137.74699940968713
3506,97.58685950655195
3507,6.290056253783526
3508,3.022087850841979
3509,3.2924305589392304
3510,276.3969262789961
3511,2.013894899869825
3512,66.87937467747712
3513,99.58032954552112
3514,3.4494959258374784
3515,79.17637362854592
3516,3.567188056117856
3517,192.17134800761724
3518,4.462966345712193
3519,232.79083920013358
3520,298.4067959430485
3521,1.883571038754834
3522,68.68961172487371
3523,4.610917107896351
3524,6.672806780410285
3525,5.249449549519409
3526,39.696825463071946
3527,1.6730831352750115
3528,280.7259064348318
3529,213.7441172354125
3530,2.4274399972110894
3531,76.79291750453731
3532,274.65098278211224
3533,42.3865441566129
3534,7.739749608090321
3535,83.89892304863542
3536,3.4975175653169854
3537,66.38967634378214
3538,7.07261950905124
3539,1.664876746157847
3540,168.37651757943098
3541,-63.7174618679694
3542,2.455821413373881
3543,196.0710266985878
3544,44.680070575481984
3545,2.491678569949372
3546,5.307775758014079
3547,167.581896939265
3548,5.442571460741173
3549,1.7513271813449323
3550,4.471512568254649
3551,4.200292139244641
3552,5.741490892483984
3553,6.004129219133227
3554,173.87535207357254
3555,3.8370652236472935
3556,1.8923986735853853
3557,121.68217489501039
3558,5.09907006122609
3559,95.66012892467533
3560,63.669045141529736
3561,6.1660285877324785
3562,22.40386034277848
3563,-51.21968902950654
3564,5.840433653678964
3565,4.950640746873917
3566,179.68181003967706
3567,1.9710888494659353
3568,227.2107291934432
3569,163.9188715906502
3570,42.36828155123141
3571,198.66564214374807
3572,1.9722377614151858
3573,6.086509680216324
3574,5.8358807091032
3575,2.153593153323954
3576,5.238065082062375
3577,6.216668817470499
3578,85.59676136159662
3579,2.0876373399346964
3580,68.15457986037961
3581,245.5187724998287
3582,78.18208463423309
3583,42.17476641467853
3584,6.867534872165415
3585,29.169040209815776
3586,5.810191232917855
3587,36.79253762961604
3588,3.1631384009550283
3589,227.8811157570122
3590,3.1437407046510764
3591,3.311631869379976
3592,179.25757018771662
3593,3.7404043639649887
3594,17.778015710310132
3595,6.633203644074252
3596,32.023027237182376
3597,316.95363903851546
3598,85.61777562521556
3599,94.82839227731937
3600,2.5865208139032445
3601,294.5291925947889
3602,21.969072351336646
3603,5.229823898031343
3604,2.995865067596695
3605,180.1287840406274
3606,2.1269945095902707
3607,3.778281343320519
3608,281.15724726010325
3609,210.91238373856953
3610,59.25959614670663
3611,5.193437116889193
3612,257.44639411848016
3613,6.405755082599444
3614,4.763956337261664
3615,6.501944969484811
3616,57.152470382800985
3617,5.003103027767601
3618,2.769748012838317
3619,-54.381762098880586
3620,-15.107857479109732
3621,67.00126439301326
3622,5.42492524246684
3623,264.4669005401188
3624,-6.575814977315597
3625,102.83644819212063
3626,27.27314664237219
3627,31.946280964263497
3628,6.328949117918208
3629,51.7182603499029
3630,249.01899887897997
3631,287.3413770370887
3632,253.11514126310607
3633,263.1258222257837
3634,116.49499080194555
3635,122.05956379600207
3636,4.314756158306638
3637,46.35106116801251
3638,72.011384198288
3639,4.902561062289105
3640,335.69903328959344
3641,223.92392825037626
3642,160.39691483975145
3643,182.6997705662925
3644,6.534206676372451
3645,118.56966074089131
3646,2.563847892531143
3647,5.819947926899134
3648,241.7186174248785
3649,16.194026827899492
3650,3.2442963081066907
3651,193.45440643032583
3652,46.626937125619115
3653,-5.243665193908829
3654,71.30135566891987
3655,2.0758946971946397
3656,145.28888256869408
3657,5.797807969679617
3658,7.713084936994106
3659,4.651169527829623
3660,5.824208268318882
3661,37.95611718802341
3662,2.1211766159592367
3663,5.631196866142509
3664,115.25519005529412
3665,4.7065430315796934
3666,278.6438851598791
3667,246.220922135552
3668,257.2435717701667
3669,224.71236317842056
3670,6.389188568328076
3671,6.345200635310643
3672,222.91244141253736
3673,5.005285550510722
3674,292.51272670428443
3675,150.22683085118416
3676,53.39202412886513
3677,31.706543334970146
3678,-2.177559352131605
3679,4.570498627105197
3680,3.4533143308576486
3681,151.06757326377485
3682,76.66763916396394
3683,153.75183806833726
3684,28.38650627019606
3685,145.19662248678836
3686,276.9461431682604
3687,105.31785067817069
3688,276.6189515492942
3689,2.4247049129628757
3690,207.44813620364937
3691,212.89678673940176
3692,284.5251399910436
3693,273.07643685433754
3694,1.539742167146019
3695,246.23742530788886
3696,207.2739920755443
3697,0.8735088911898636
3698,-29.02368185756475
3699,4.275677977209741
3700,5.604637770543496
3701,363.4557056619361
3702,3.8693159181734327
3703,3.9884466332705033
3704,6.182619513671405
3705,1.424425420315375
3706,61.5707771297717
3707,5.142078584134916
3708,103.07225586248737
3709,3.2451703046155145
3710,6.725584200746613
3711,347.1434439936397
3712,103.15822156983691
3713,5.517843633719167
3714,330.1338142583495
3715,2.3679541364171097
3716,1.9923993826860218
3717,152.5925627147662
3718,69.52315996491879
3719,166.42672044346344
3720,158.79262247211872
3721,2.686613244791696
3722,4.065477825288828
3723,3.3907612791713655
3724,1.8933103230813182
3725,68.18696328075309
3726,1.7785067004563715
3727,221.96365698509865
3728,61.17889227605399
3729,-30.28709104135573
3730,143.16679522668684
3731,78.87989598317007
3732,3.5230732570642482
3733,-25.52041579219313
3734,3.0600377894585167
3735,2.4669595674032867
3736,-5.944785718812705
3737,6.242146303410431
3738,191.1333211503479
3739,-43.51303693843718
3740,234.53614891180627
3741,36.10251155008913
3742,265.6213146179026
3743,2.3280140226313515
3744,76.24969200670267
3745,-8.303603666446303
3746,4.9952653598925
3747,5.0404769432509635
3748,192.24096449296104
3749,70.90486986806675
3750,1.5825986542918726
3751,223.84511291909513
3752,77.58513116333624
3753,4.775951085870564
3754,3.6290672909567006
3755,1.792432438627026
3756,5.540412216175138
3757,31.8284194790613
3758,6.10331530647071
3759,48.34465155649651
3760,1.9453085927748301
3761,6.42013366316427
3762,6.342531450035571
3763,118.19468610584633
3764,171.8588659684106
3765,363.2665415226984
3766,6.569390860477624
3767,277.63129858188046
3768,71.92000064837052
3769,1.6648313912782422
3770,135.37915790590816
3771,3.758952242449371
3772,190.00929484179596
3773,241.3500749027199
3774,2.496230657979995
3775,4.063874805496971
3776,248.77078525012342
3777,6.197613594951118
3778,229.72654594546526
3779,288.4172575692652
3780,6.109370079275561
3781,6.434502506829883
3782,2.0609169097808757
3783,2.1015563614470514
3784,5.532319887309774
3785,31.390696995782378
3786,92.25597764733277
3787,6.1108599303675994
3788,6.657244545510606
3789,298.0980445060753
3790,6.980878116471363
3791,6.2715991581240385
3792,3.7807424267494794
3793,30.069432118139588
3794,-16.07526833976185
3795,190.81454483998715
3796,179.4081231496382
3797,4.772731847908785
3798,199.8251200317908
3799,-61.81962119087775
3800,240.762925836474
3801,132.756389653666
3802,138.2268687961414
3803,50.13959460925494
3804,52.96439694700291
3805,5.174165954931733
3806,3.0227274276074914
3807,126.53491962295953
3808,3.8824201583103717
3809,-29.862620174750695
3810,2.7913276282165977
3811,4.327674360977801
3812,267.623258701099
3813,3.589846203212906
3814,290.81310711349045
3815,7.112821538596708
3816,3.542794233153835
3817,51.46540972497404
3818,6.144712759516855
3819,2.3478964597325698
3820,142.58686255238507
3821,7.369212156473535
3822,5.486154986278013
3823,256.1597606570441
3824,5.203629517975916
3825,249.6692136573385
3826,6.063176766430465
3827,310.54351813867584
3828,307.04391887417137
3829,6.6054426347857955
3830,245.47456200971538
3831,68.02158238365419
3832,1.7735817304557238
3833,59.668117281781235
3834,23.33388006744726
3835,2.7268347751281516
3836,5.165677085681598
3837,6.733714860428739
3838,5.8677236680359375
3839,241.09251253825988
3840,5.7118731284899065
3841,123.12012206007734
3842,3.4519505879909573
3843,267.61619901678733
3844,5.339227505619269
3845,5.552402426143134
3846,6.538186074993051
3847,72.40006930835236
3848,109.73082979923005
3849,192.96624123803682
3850,17.859883461639292
3851,110.92508931995934
3852,243.01996036038588
3853,5.482265003863688
3854,247.6076089179483
3855,1.9094115228284787
3856,57.65330356574994
3857,4.0332666212188855
3858,3.187797598133307
3859,252.07422186848441
3860,6.213831774256635
3861,-57.9229893449879
3862,-7.4347863682045885
3863,4.116859970421441
3864,2.8577986797972548
3865,290.49740926586253
3866,4.0565816529346685
3867,202.7487726321405
3868,4.797081244016697
3869,3.0044410882644144
3870,189.18685440728882
3871,45.986378950490135
3872,3.485544500918147
3873,22.856582160260082
3874,351.70053322435666
3875,274.4628320106365
3876,103.38317879553543
3877,-64.85432024210297
3878,208.67021097173625
3879,244.29266834892945
3880,6.488089152570464
3881,4.157534738958473
3882,2.7061394383725976
3883,209.80883560411894
3884,147.1739688844467
3885,6.427041854577137
3886,5.508451444757796
3887,6.249301768016302
3888,2.6892413660525154
3889,173.84687415214307
3890,1.7028440959371975
3891,2.8430373480363746
3892,176.9551368084774
3893,2.5772128959366345
3894,294.4956927843047
3895,-28.822599029082397
3896,34.93228629924518
3897,245.20721520324258
3898,191.96784199948704
3899,1.7542034180580532
3900,87.98095173258179
3901,108.68089123158853
3902,2.89721091024838
3903,43.03011597054292
3904,51.99872971822499
3905,3.3945209587636764
3906,7.929408133935361
3907,198.01972439815762
3908,148.75907797912964
3909,3.281482887640376
3910,3.839459788483433
3911,235.8043270600039
3912,4.852244586831655
3913,35.95242580512551
3914,283.24393728873684
3915,7.338319609716454
3916,5.869180670449686
3917,3.8221936218663295
3918,-45.54708807036221
3919,4.573786513293568
3920,30.61001770681689
3921,53.60377933763818
3922,7.044998964134232
3923,3.6567638876448854
3924,362.4211729934146
3925,60.71353675193001
3926,1.9513790836973162
3927,248.76330823117442
3928,3.434310387392025
3929,5.087850442341888
3930,6.333143199413183
3931,217.44664338029202
3932,4.620823329031699
3933,2.656573781378807
3934,6.5746910280419755
3935,219.39359277580377
3936,1.8092956596581597
3937,3.416627148154288
3938,2.304641230773005
3939,334.57883813960336
3940,6.085983539841765
3941,6.160524995469845
3942,5.396314472340135
3943,3.1916089744256446
3944,6.619801909696189
3945,328.4978723655979
3946,184.92936153009674
3947,26.446883525282608
3948,151.70929460580106
3949,5.284027952476745
3950,248.23107773041232
3951,1.7529394289173033
3952,110.6953669578412
3953,126.74538948012618
3954,2.3422679281396084
3955,6.187029465943926
3956,196.91893627365374
3957,55.77721456255482
3958,69.52932208533997
3959,235.6604659705063
3960,6.180242187104774
3961,6.131941445102686
3962,128.0571956739724
3963,5.879599114659611
3964,204.96498828453656
3965,6.128214869619157
3966,2.606884877155262
3967,4.082617911071112
3968,191.45474150698558
3969,57.508505000458335
3970,2.3804199464862714
3971,3.3758008525097205
3972,2.5520960924648572
3973,3.090329829939032
3974,43.66784007079802
3975,51.83128391590791
3976,3.3998405344429354
3977,4.195410254481621
3978,3.6137491473973116
3979,123.58425718521497
3980,247.91178285228204
3981,256.1571551373203
3982,5.422631809333112
3983,3.566270871340948
3984,379.4562000405774
3985,226.7324769231853
3986,178.57555777720756
3987,90.58736909797582
3988,3.2451228929434466
3989,14.301948785911483
3990,90.03023944278829
3991,256.90248898697394
3992,5.896426933314224
3993,6.159733926530681
3994,38.27532861055981
3995,121.59245410961043
3996,3.8263140239497337
3997,97.60582105978338
3998,2.4371804881686256
3999,278.50368449576206
4000,5.240576705525686
4001,4.2576346819974935
4002,21.574381403208733
4003,174.89358404183878
4004,2.273419784642884
4005,306.625101568452
4006,67.95329611961107
4007,6.81422644947638
4008,3.3604445565087264
4009,5.817796708515708
4010,189.6171572463687
4011,3.324468749723432
4012,6.362884805541881
4013,242.092336927034
4014,5.870964066131101
4015,6.250695717037095
4016,68.97328404989818
4017,150.4056899588815
4018,122.75412078473752
4019,1.3830409171883873
4020,2.0192496048848447
4021,132.73731736483714
4022,52.146329563013765
4023,3.605650926289705
4024,110.1913915567559
4025,51.60214697315388
4026,52.899353268316304
4027,257.5676748126906
4028,103.22986535161502
4029,6.643983047792267
4030,2.6128422987501967
4031,117.46682327009037
4032,84.47631046059061
4033,2.5136172397133363
4034,260.3962908650578
4035,114.0126944581854
4036,4.328914456499991
4037,3.5617710098772015
4038,5.985829142118209
4039,5.844796663378794
4040,106.46291055126815
4041,326.3742107570457
4042,61.91754511096037
4043,263.5727259343319
4044,4.460871744192809
4045,35.13998016681929
4046,5.840639430370997
4047,4.448748228944744
4048,279.60001711826396
4049,126.74893172855528
4050,274.9363040257531
4051,64.05480291431196
4052,2.6260814765591594
4053,4.025103429518692
4054,5.232687095707852
4055,4.348733307937154
4056,269.2684182341042
4057,6.831536115502032
4058,286.1051333439757
4059,22.542771194595712
4060,266.7806041250285
4061,100.02800314175036
4062,3.8541886973226998
4063,2.1181001263542174
4064,220.54201871429242
4065,2.0429132584903655
4066,97.97009658013287
4067,203.50152938912368
4068,161.56287969241913
4069,350.5492690163061
4070,2.68199109013905
4071,2.8418200056396055
4072,1.705937994221503
4073,3.3431774586606466
4074,4.271434155089643
4075,-26.2866671331912
4076,41.66127072110599
4077,4.823795437400729
4078,6.319963946709938
4079,7.171413140170192
4080,276.07144525883825
4081,4.815615617883898
4082,121.44874573279245
4083,4.137511610181408
4084,16.349756551727904
4085,23.1322864651
4086,-3.330235344052417
4087,4.262711811356015
4088,4.907723390939563
4089,67.247087018982
4090,139.92613564819285
4091,4.477498412731736
4092,71.52234511706708
4093,25.464795434249588
4094,5.015877240582117
4095,6.740200191949224
4096,2.3809419651120507
4097,2.614236865129433
4098,3.0146974368091275
4099,-43.1069237281814
4100,62.61391960602093
4101,5.783416142984024
4102,4.438460025129369
4103,68.85142480266437
4104,202.1441695475375
4105,5.813185189401864
4106,115.76614583047215
4107,89.38504567968299
4108,70.02995262595715
4109,237.23366314364796
4110,6.0203614207228835
4111,50.60199513121676
4112,78.1727204973464
4113,3.3614889064348112
4114,5.14123704956599
4115,80.75257031244446
4116,93.61403351536293
4117,86.51978515586978
4118,285.632656669831
4119,243.99662489669342
4120,223.3102513160668
4121,88.74161837977857
4122,-25.952299985570082
4123,2.1911292702389327
4124,139.79413872538242
4125,2.301285762712274
4126,55.65659289682233
4127,5.899443904259583
4128,1.7737270049363332
4129,6.234336441673247
4130,2.1295523075224922
4131,57.34538531165058
4132,6.108257936484348
4133,5.185139767458605
4134,112.98920286544963
4135,24.746384792544312
4136,157.42875480740872
4137,330.9707879382878
4138,-1.6310169115626247
4139,105.28563500684794
4140,57.86654922635762
4141,4.102517067170687
4142,109.19566116904818
4143,309.91344712107076
4144,72.72801914726884
4145,200.71150591492443
4146,76.15087576553634
4147,62.21926153152037
4148,288.82329248201813
4149,59.16162960731373
4150,34.98700770184875
4151,50.55709184102153
4152,117.96962193253944
4153,4.211618642204216
4154,343.2843240792969
4155,140.90370177052125
4156,3.4446028740869696
4157,18.062899934025804
4158,4.026816220221665
4159,4.971233650087971
4160,150.2112190253888
4161,183.04920599533676
4162,6.293728513905708
4163,56.48057122389764
4164,181.0107294176103
4165,-8.391112078941154
4166,47.68669846880425
4167,100.04575729959389
4168,10.923990527418708
4169,2.4254338608551627
4170,-1.3333483069633252
4171,91.35028952669579
4172,4.243381499256507
4173,3.972258365527135
4174,63.70712548419041
4175,118.73596768732793
4176,2.017031989282442
4177,4.166262205090967
4178,11.51849940800511
4179,123.8569253789517
4180,164.26156558278058
4181,58.54350838632958
4182,64.95404339134288
4183,27.480804583883
4184,194.61670099423498
4185,273.4172403829625
4186,2.467034645095894
4187,69.42153904188152
4188,4.215541111737999
4189,4.345955641499147
4190,116.47047350685577
4191,2.136131936974177
4192,46.271088909371215
4193,51.29912363610311
4194,5.914024428256147
4195,4.226586829355133
4196,130.82721856895537
4197,6.395559636998671
4198,3.22266276137234
4199,5.050644294568359
4200,301.6307360385925
4201,249.65912138189648
4202,170.58141149723036
4203,5.761342353654209
4204,109.16358745181104
4205,4.862594121932934
4206,7.727750212127958
4207,124.53369347908894
4208,163.48908050846245
4209,228.86930430697527
4210,-53.467923627696884
4211,1.9909946059011694
4212,5.84779626519438
4213,-13.97527891446619
4214,7.3415725551193445
4215,3.1131374645749683
4216,1.526853332658693
4217,3.2887811008363634
4218,5.905890145767348
4219,53.15597999872329
4220,70.60501707833672
4221,2.202650451732564
4222,110.87295812960164
4223,3.0345847182254575
4224,6.283988516555349
4225,5.158158226338057
4226,287.3952487650745
4227,1.9394335812521013
4228,208.71606968144033
4229,116.48069616927482
4230,2.794901979080427
4231,2.8504989317248777
4232,54.120891317306516
4233,3.23137164624522
4234,-5.462921073265935
4235,67.70553353961311
4236,246.7339386075315
4237,172.68220089627417
4238,3.3179970902824314
4239,73.41957258926871
4240,4.334057009355656
4241,33.43388073030927
4242,232.66208204338417
4243,-52.42561571647311
4244,326.6089245497856
4245,5.05878234615577
4246,1.9331697755370965
4247,3.900543208166871
4248,4.127940721649128
4249,-16.668728013821763
4250,5.331187600693829
4251,291.5775756889472
4252,6.6494099626943495
4253,5.973047673190585
4254,5.1580279392295045
4255,-53.12376012942843
4256,0.9573440401007547
4257,109.67353616506936
4258,2.3524182566387744
4259,1.592200770346009
4260,86.23589529254613
4261,2.4025217132106187
4262,281.75856440671794
4263,93.21520739388924
4264,2.6793354337184723
4265,45.43046665282425
4266,4.1666689571998345
4267,6.263219700385128
4268,5.618350472845258
4269,206.68137879979702
4270,177.24371530780832
4271,152.22952200491608
4272,4.540789229802485
4273,8.075385922853885
4274,106.20128921457096
4275,6.746234542762783
4276,290.8193114509753
4277,232.93905071612818
4278,373.7831369867536
4279,308.00103067014106
4280,123.15201267830417
4281,83.04187854039387
4282,12.55827043838405
4283,6.3502903732555245
4284,4.420313496530184
4285,109.09466325694464
4286,305.97939092398457
4287,1.7761997845560047
4288,202.9026383770315
4289,208.96440012310902
4290,176.72941923686915
4291,2.9479396975681187
4292,5.028241290130311
4293,5.470040824252477
4294,-31.0787125469689
4295,1.1617741790816396
4296,5.318678785425177
4297,6.449161947688035
4298,5.770444382148614
4299,61.68215043702389
4300,46.35233422365852
4301,1.3073731122461956
4302,99.10717370029997
4303,1.4431775655977372
4304,-39.2121964086749
4305,3.6720623339936767
4306,291.1567883124212
4307,2.7426499827270545
4308,18.637120887056643
4309,4.536272290616167
4310,2.9645542231701754
4311,-1.2211180968208946
4312,302.89636251509876
4313,3.016984393500108
4314,3.208373366364694
4315,231.12158487013738
4316,1.3808452765636356
4317,195.39718745106447
4318,6.161046856138312
4319,51.89482491902365
4320,100.10822826864748
4321,4.803037680299699
4322,290.13494582891724
4323,73.46498586035389
4324,3.4259115105821545
4325,6.687474062684998
4326,3.428762729794011
4327,103.05190404938696
4328,133.23973619975214
4329,200.19994776826388
4330,-11.576324068494355
4331,2.5925487731467003
4332,2.2455225214554817
4333,246.16597316382627
4334,3.280965380637147
4335,3.638816195916519
4336,2.173939050291586
4337,5.823793284789691
4338,-1.5632710838143098
4339,5.689468042611846
4340,-36.694013144602415
4341,64.50031552900494
4342,186.17400949998398
4343,170.2131490873735
4344,108.53920598828797
4345,5.877929561319011
4346,4.680819635056313
4347,175.8366410780318
4348,5.558907242537993
4349,99.42319165574523
4350,-48.02690924256716
4351,118.43511076833002
4352,196.6360514959348
4353,5.065142044147023
4354,111.84276472862757
4355,120.9671355897296
4356,1.9079905071166035
4357,5.319522483231646
4358,318.5174205885351
4359,222.87184176231028
4360,3.5292318839525247
4361,-3.3800483909724175
4362,1.1706388799370973
4363,3.9316375616805495
4364,4.469823018562357
4365,1.6559674199247592
4366,3.275191926949544
4367,258.43295972200735
4368,-29.593962557080353
4369,78.5529526862041
4370,6.360797436999171
4371,196.73345927423267
4372,80.67331109961009
4373,328.6590653669299
4374,6.249817726595973
4375,226.7240638620741
4376,277.04698614868613
4377,5.4274042727674185
4378,5.780553579404382
4379,168.38059370467482
4380,3.007888034473792
4381,2.446206151618279
4382,6.651810166565282
4383,27.530664851276278
4384,4.952482674485701
4385,195.75529894748368
4386,35.39571472992625
4387,292.4930378113212
4388,67.035059293627
4389,6.6657065771746655
4390,4.45891580983288
4391,3.9003832624489814
4392,2.4754218412184157
4393,83.25342543341688
4394,79.77477097817967
4395,3.1722315580379483
4396,20.767193673982433
4397,2.5162263844371466
4398,6.381438912501427
4399,3.7334356056210622
4400,254.81194971225779
4401,6.830171642969852
4402,235.64324943438376
4403,245.060686416892
4404,239.86898681799863
4405,357.16603988583694
4406,50.00819866079038
4407,93.2441885702982
4408,6.365213997899567
4409,112.21271287890781
4410,-92.68037970925107
4411,2.756311687689016
4412,277.3352484039127
4413,223.64063059550284
4414,3.7902363452949714
4415,191.37035472021728
4416,65.23138424312381
4417,2.683560060005793
4418,232.62207483339049
4419,261.4021277538562
4420,372.48442199022924
4421,321.9472447361911
4422,15.186269900075384
4423,2.4630172310526275
4424,51.15566105371072
4425,186.27558481486682
4426,5.4718228715078325
4427,215.90743536441767
4428,6.543776419077798
4429,5.088272545941374
4430,5.176070660573353
4431,180.29155249159052
4432,3.8606155971546467
4433,3.7798721444194046
4434,103.09424669731897
4435,5.656016861721398
4436,6.4727374893530865
4437,14.734604377897739
4438,79.22723289294368
4439,7.051178095530218
4440,272.40453901880016
4441,2.0951986986492055
4442,275.8194219192158
4443,6.24085928100398
4444,276.10609906995535
4445,3.9762972263916776
4446,3.7137833514432184
4447,153.30903322647924
4448,5.273118679594933
4449,-13.014689953354305
4450,71.95972388703248
4451,105.50099159620795
4452,287.780565097508
4453,246.35248506667006
4454,4.574034978839758
4455,4.990034367728268
4456,204.88551344230655
4457,4.037816947335647
4458,6.803755061310629
4459,79.50158089419493
4460,0.7057485226871782
4461,85.82795512269595
4462,154.33814662210142
4463,45.72158605245124
4464,4.286463675650515
4465,98.8727552242684
4466,4.530340754673945
4467,-5.560415224286595
4468,1.7898754946317537
4469,2.1493664853370387
4470,4.8401519469335135
4471,3.0645931780849116
4472,254.40886048320738
4473,3.2037852750291695
4474,249.29982817705684
4475,4.538037564935637
4476,93.30908463375818
4477,5.9020023236480155
4478,3.971201168148643
4479,144.10626711878268
4480,289.43873280156174
4481,3.7032385558418035
4482,193.89852605944088
4483,67.9234658795834
4484,318.2552794188334
4485,206.05196941377795
4486,2.4175113674303255
4487,113.56800524060671
4488,53.290483074505545
4489,-43.93194920451255
4490,104.2709401986422
4491,5.2354848122332385
4492,262.131762123248
4493,316.41862700131117
4494,-1.369346062686091
4495,2.643785939341001
4496,101.97606898279327
4497,6.692878194067616
4498,192.67546295088488
4499,311.6481983280378
4500,164.69911633200869
4501,5.539806591300168
4502,5.9531852734253405
4503,197.15329959180514
4504,8.820280306017938
4505,68.21806473290653
4506,3.0087548877301833
4507,-13.858501802859905
4508,122.33734439081019
4509,38.87846019557145
4510,2.2687204631973565
4511,269.82995524589603
4512,56.610143137773626
4513,105.84690588757138
4514,2.9960997991840115
4515,2.634920216621583
4516,3.350731646859278
4517,4.999283313032913
4518,5.555751505937831
4519,113.51829688922254
4520,55.33370908618292
4521,2.620628719500956
4522,57.51769081816032
4523,6.660514273036412
4524,232.64277111904397
4525,19.774596438154962
4526,2.2442499760277506
4527,116.39104159372565
4528,134.2552775522607
4529,99.39987125314121
4530,148.11334704315996
4531,3.929736322021494
4532,4.094863224216029
4533,4.6288071671044815
4534,60.980622004848186
4535,5.7680276608492
4536,1.8624838300914464
4537,1.835303934337321
4538,6.42531660317282
4539,290.15227859378547
4540,172.34728291719614
4541,3.316735722405582
4542,2.774055696888035
4543,205.9382268093604
4544,33.76602108255078
4545,5.219740929750989
4546,25.213374823345717
4547,6.0288816500923215
4548,179.01826242969463
4549,4.760977978973605
4550,244.61022770862752
4551,28.274427439175504
4552,127.12726725178092
4553,123.40247224636869
4554,4.44239102004796
4555,193.96592056536613
4556,290.7383563925106
4557,5.137566115231219
4558,4.4372911433794435
4559,71.65942572823732
4560,7.325968699830023
4561,5.287432407329204
4562,185.16058068487115
4563,46.468202141654615
4564,214.79886986232094
4565,72.81817822015887
4566,220.27845250148152
4567,270.00417379023105
4568,135.62915541208235
4569,4.665730294104122
4570,196.05407496373806
4571,253.76110815419992
4572,4.992532774739474
4573,3.032322815958482
4574,1.8433742862288747
4575,5.235182714122532
4576,142.47488596834216
4577,258.6868443968318
4578,55.086009543923055
4579,9.640802415617372
4580,0.6568919043848649
4581,351.03167056116513
4582,29.93039936611491
4583,1.5698252769886722
4584,273.515419563704
4585,38.500245082236
4586,6.647103693413377
4587,4.0500498175128135
4588,1.3779297090146523
4589,4.228312480013869
4590,2.989979559736306
4591,76.34097095247722
4592,5.327217151059999
4593,85.54617570040466
4594,-17.590153861531178
4595,2.9294789312820635
4596,71.79315534760411
4597,145.50570347043933
4598,4.328818203481268
4599,-42.76766429144807
4600,80.550928019319
4601,6.935918950708201
4602,5.301052101768756
4603,5.258790378170256
4604,68.88370654955003
4605,1.8379786176818929
4606,155.75536169224753
4607,46.894384320568705
4608,4.5949169058260635
4609,216.36317068612465
4610,147.403871847215
4611,99.18690902359236
4612,3.6006517687604553
4613,-68.58085085378349
4614,73.76895661289933
4615,-44.58971375180949
4616,4.811703418344586
4617,4.970407702454747
4618,3.9906082892504253
4619,6.2056568517672055
4620,6.664680418406799
4621,69.11043777889446
4622,3.9180244650340827
4623,6.317309594408361
4624,1.2605458288394051
4625,87.78976805571851
4626,46.990069458766534
4627,5.603184628015654
4628,5.916674336895286
4629,62.90843246994747
4630,5.448318276215841
4631,-7.189395524191168
4632,6.6445992687155115
4633,223.83797358190537
4634,5.9473424212068355
4635,6.065439402919923
4636,34.72991125568759
4637,6.963278323152716
4638,397.52362160281166
4639,273.9534643974375
4640,2.0765786511633064
4641,208.09642544258185
4642,121.81099306882905
4643,61.64040501979491
4644,67.41291311016896
4645,5.751145963518885
4646,46.492115897752875
4647,16.5391940666528
4648,201.79826954803764
4649,129.08131800129672
4650,123.9548326228919
4651,38.9977921791172
4652,4.59639209017719
4653,248.52749266429944
4654,-1.5927939879726771
4655,5.563234207024346
4656,2.460764085375039
4657,3.1546473111518214
4658,6.198321235585845
4659,82.99641821561522
4660,2.865817889336398
4661,2.6200859312799745
4662,3.4259206050117106
4663,116.62308758273392
4664,5.872620453382783
4665,140.42978282935954
4666,238.16184069474565
4667,1.8390507968111973
4668,96.29534873689704
4669,252.7671169387886
4670,42.44916212881506
4671,1.9039035670808067
4672,0.7211950129161225
4673,67.8935293369235
4674,294.2097092111346
4675,1.7462502722158393
4676,132.13776348696382
4677,60.335881978154106
4678,5.484398594502306
4679,61.249791440969474
4680,4.025748225448147
4681,1.437143025069926
4682,193.41121513898503
4683,143.3847179704611
4684,98.54188537916102
4685,242.0012589894196
4686,4.3965830118199545
4687,219.67333391501472
4688,341.4837777886278
4689,82.16269271199141
4690,5.945429889893086
4691,6.958702891322519
4692,4.204464880754504
4693,102.98501571510786
4694,4.210097184728467
4695,375.29238102726913
4696,4.5033545889861575
4697,2.494205655785159
4698,4.74219590995835
4699,4.117659800203121
4700,98.72790792819906
4701,5.19299716200374
4702,2.0110513746225753
4703,3.6779973332012093
4704,5.17302708135248
4705,285.1611743981256
4706,3.4136219296228143
4707,4.951599017598611
4708,3.2513629626438636
4709,75.79085509093231
4710,150.22986105673394
4711,6.274623653083708
4712,243.83829576414456
4713,3.614715356438548
4714,5.664150959268662
4715,76.70970593185123
4716,84.67470197671003
4717,7.328114946035141
4718,5.475553862588351
4719,191.7900896697836
4720,152.03868054180165
4721,6.18240328910146
4722,3.8097616942549033
4723,6.398573502950429
4724,69.0360757391121
4725,182.560781778437
4726,3.5009575395064267
4727,263.97608319465314
4728,244.90297633048223
4729,3.8052860458619757
4730,176.0539393974612
4731,64.89051822980262
4732,-60.58382703853236
4733,5.496091656655306
4734,6.212667649470313
4735,5.246158850836566
4736,3.291301118069212
4737,67.25923873954471
4738,-22.71348441225676
4739,192.35985258333773
4740,314.46289413759814
4741,5.049314644295005
4742,79.35271884246568
4743,5.329519901877411
4744,265.1568586220254
4745,44.91095623777164
4746,3.9057329716028044
4747,2.9461731389251913
4748,3.143681324618698
4749,5.657693722431634
4750,5.787773723153261
4751,3.6631021981840153
4752,99.39354220752426
4753,156.8110393578806
4754,138.18145657838113
4755,3.977774779745946
4756,2.027401754511713
4757,3.253699966584482
4758,80.40618422511588
4759,116.14316493263829
4760,5.07634359296987
4761,3.303567670993365
4762,187.5868178127684
4763,214.651971230505
4764,2.38525616607382
4765,321.92153162536
4766,23.29569333184297
4767,14.297355036014828
4768,18.449951939497872
4769,-26.611695491263664
4770,51.05396607942126
4771,31.842725507152743
4772,3.739369800439703
4773,4.177343388596566
4774,136.0844309428937
4775,2.4090815417505524
4776,2.4894156775628735
4777,192.4421602480271
4778,5.130525946034684
4779,41.827488872089546
4780,1.2423299455583372
4781,58.86658791086981
4782,4.8807647750260745
4783,3.9136022448468584
4784,2.4767219095447657
4785,65.84994748080199
4786,68.50069243417606
4787,5.5168893017002425
4788,3.765287711044884
4789,2.8925761473000984
4790,124.96332655616143
4791,172.38578604279365
4792,4.427510916360937
4793,164.0411243556967
4794,60.54998308448065
4795,225.9524621600054
4796,3.38448924270196
4797,137.92302681417166
4798,5.870698106039892
4799,4.028026477919742
4800,357.4336999705234
4801,3.841900321494054
4802,4.980551548731051
4803,274.7146632477027
4804,1.653614650670973
4805,231.199033684497
4806,4.00521848856263
4807,3.2740462062068394
4808,60.782611394702656
4809,119.44383368777133
4810,1.6401266077992294
4811,2.117517724391233
4812,5.383808901866986
4813,264.189648965227
4814,239.12918569569604
4815,2.8014779774041134
4816,2.7073249086661946
4817,6.1915229475619755
4818,1.7027689401631376
4819,85.10899686661088
4820,2.7207651519051455
4821,189.3943588712957
4822,125.21357195116519
4823,5.06164625627535
4824,2.9809091346973546
4825,267.0089804862904
4826,4.543825023637592
4827,5.985457463733648
4828,215.6966130397394
4829,121.5226722878391
4830,99.30937227768928
4831,214.86280935615633
4832,6.868318080352319
4833,3.697135445897248
4834,110.29088224657008
4835,3.8239262000734073
4836,6.4156779299320155
4837,203.37778270961184
4838,36.34191006619605
4839,309.2854095953436
4840,2.486514911646169
4841,112.02931023834577
4842,25.93083848764278
4843,2.338259744740367
4844,3.837959399696501
4845,4.543360393346721
4846,7.12685818918432
4847,4.001822536667466
4848,2.4050901861622678
4849,4.345519371626851
4850,6.685811945593059
4851,5.819088041011852
4852,103.0147639757846
4853,295.15623777734174
4854,2.7657172742300107
4855,3.1832199750222845
4856,196.64647509641878
4857,247.8975942115622
4858,234.57635202238612
4859,133.41249865517068
4860,247.02476452290801
4861,-13.504374194390795
4862,121.1634334360264
4863,6.959625334432178
4864,5.910158852350998
4865,1.9177127981500512
4866,1.3086740587046826
4867,3.481312823770186
4868,66.67939496774947
4869,1.0067508097626456
4870,140.212969802427
4871,6.690046534782406
4872,2.3072670482646
4873,287.71937994349014
4874,9.348681253244907
4875,3.433253368036513
4876,228.91310213064898
4877,6.336591365054937
4878,83.24744068807493
4879,68.93040767678181
4880,5.9011292289842885
4881,6.343417433563856
4882,21.871889330338206
4883,1.8176057817522537
4884,136.98791672137648
4885,-51.46476674515473
4886,243.64324503206066
4887,5.184362266489776
4888,298.00880447281315
4889,55.16765987598562
4890,216.81740415669117
4891,125.99906045414646
4892,1.9609726724353123
4893,5.794647116986706
4894,98.07430541655799
4895,6.7161567060978715
4896,5.82532051952814
4897,5.47707119168847
4898,6.69011594944485
4899,206.62524199977696
4900,2.0342054445594253
4901,277.80160516035704
4902,4.126873290748197
4903,152.85898657881262
4904,381.29867325026
4905,86.8060867431343
4906,152.83148084060076
4907,189.7433402323041
4908,4.375071587106504
4909,144.68459439655152
4910,150.1353835345882
4911,89.5626341016403
4912,5.6135942519707065
4913,176.7610254575261
4914,180.70776142700248
4915,4.406778910936345
4916,4.686544807049443
4917,6.37018226523898
4918,2.563467041869634
4919,-1.912199882385066
4920,2.177734187655171
4921,-8.246451404508186
4922,166.4442508036443
4923,206.35954356254368
4924,5.8268666893618875
4925,2.348251956026691
4926,1.4365141615215915
4927,5.16399921594757
4928,3.1365586502554432
4929,73.54811790307993
4930,98.84372517415571
4931,-29.5232816249113
4932,5.966863416799773
4933,249.72387446120126
4934,-52.36117669606948
4935,53.156651421679804
4936,254.2402255945582
4937,21.528016208571938
4938,75.83894092857585
4939,61.60910046087501
4940,3.8856048656634616
