id,target
1,4.22929008539861
2,2.6160145597018523
3,309.144329364439
4,-38.382245504181846
5,4.321250371677484
6,6.652041580072002
7,4.955933858869751
8,70.77353732500256
9,70.1643769459246
10,61.64625857817734
11,29.91266697810584
12,4.188811971922739
13,269.82188064449946
14,194.74158949798309
15,3.6485604251699453
16,268.94318815237125
17,3.3420102737344446
18,102.35480997279433
19,3.5519209979310795
20,6.702118645952556
21,-62.8832822641125
22,54.04704937879358
23,4.391446103131434
24,2.5961838963345043
25,35.140275004243755
26,86.23656588556042
27,1.2712206060340334
28,163.79236966764478
29,50.21688242675471
30,3.2482612359690073
31,6.330609032712657
32,32.16630145273458
33,47.29782019642874
34,3.565020255041043
35,2.3606355268609636
36,6.500114980885607
37,244.28893707634617
38,242.53729927942302
39,54.5863795838749
40,128.49593733579053
41,-48.326440851824344
42,3.0836063129161904
43,5.703460604266706
44,4.467620686180336
45,146.37108525449733
46,52.656185490246656
47,3.2897154623663294
48,-73.74759658537019
49,4.42081236562041
50,1.874975375614149
51,252.93853806081114
52,3.1072756107710826
53,2.340693861029299
54,72.42886155038205
55,2.8853556052874216
56,4.456707161261707
57,5.68638715408876
58,175.41387804391735
59,239.08124064382787
60,6.961303705617874
61,2.4175714339489653
62,216.3793769041822
63,6.654178082759678
64,2.5082059221467206
65,2.0819017600670366
66,4.005576955307527
67,4.909932383357203
68,190.14143163135725
69,124.75378794773293
70,2.3830492061812967
71,2.6308718734204577
72,2.1240622652219403
73,26.998578268622207
74,258.55322229647646
75,214.6383358881546
76,6.336944278847593
77,5.815189817563079
78,129.8795582666757
79,276.205310851872
80,3.8345482867345253
81,53.2555612358172
82,4.44364099835809
83,170.61172274277268
84,53.59947327608019
85,-4.897391381088507
86,2.268453938772348
87,54.46083634350554
88,171.80908607081003
89,6.0844362486742245
90,5.13463723778885
91,50.25486016279582
92,50.21291760532414
93,37.649578029745896
94,4.656547856089612
95,3.9718022999861335
96,3.199445499138263
97,7.199288053828335
98,208.43087804272264
99,73.77659051524634
100,276.7369465789585
101,5.156064738945146
102,253.62158112805184
103,4.233713239546197
104,6.677612169704899
105,170.88583746151215
106,11.965330347881174
107,293.26478180579977
108,2.514972758209034
109,192.22562221951154
110,3.478572982733898
111,63.91339940052557
112,2.0012591162440243
113,227.19411388203832
114,6.1591059782132325
115,5.18565782879284
116,380.467884376572
117,193.79414620037207
118,198.01982949684265
119,242.5025390630126
120,333.56113580217925
121,165.49924789646104
122,3.2680234983237044
123,141.7353646998662
124,273.87280817374403
125,107.6495915478524
126,6.377423591050839
127,128.10141230880268
128,3.8042054100280356
129,259.16297137525646
130,86.8256861702763
131,63.25996942425233
132,5.017236794548555
133,-45.292111918526686
134,319.4797809734663
135,6.195068313224562
136,2.2531059921407217
137,119.79917385515765
138,5.801797470774465
139,211.70934628279895
140,303.0089470632936
141,49.133873938728726
142,13.361065382264858
143,29.294606368253262
144,16.986899272745262
145,6.610884171032421
146,195.75900677580432
147,224.40395760371388
148,2.073567647355616
149,162.9058365487365
150,75.25046881917257
151,286.4357964810698
152,235.0472243768378
153,181.88979096703645
154,50.792982602471284
155,4.345546939163196
156,205.31475282186565
157,145.60698829305284
158,100.01724680462704
159,144.911081048241
160,6.486920202358894
161,42.86057685599642
162,4.662774374736138
163,267.885849820447
164,3.1158775499458287
165,93.1128002863673
166,211.37584476486137
167,338.35255273025837
168,7.107393713209971
169,1.7427997927569354
170,232.66622009623333
171,2.9407578058606894
172,4.415001697485986
173,-55.00257438534972
174,3.7757002073780632
175,5.583659641993238
176,147.68165575358094
177,76.26072856648143
178,312.8772197196856
179,141.76025328748574
180,222.76450133560297
181,6.244203448873693
182,2.104835007051599
183,289.01636067715924
184,6.401378775751774
185,1.6536769429690084
186,3.3884860415832287
187,2.8166892078657053
188,3.9099676314792595
189,87.28625820712388
190,4.1783107266393404
191,2.058805343826438
192,35.345030324262225
193,3.456185625340371
194,328.5069296681135
195,86.67279006485995
196,264.1578927914146
197,114.52368240147852
198,213.596110550908
199,50.85813909969159
200,1.9980828326589137
201,3.2625721471582505
202,92.3773648479712
203,44.87230388519828
204,4.294993403140464
205,277.06161843237317
206,54.2973412324861
207,209.92720289091665
208,136.99153386270126
209,64.28731446597556
210,174.70922651781405
211,62.37388946820988
212,103.79844156018179
213,275.2737200376365
214,61.06554245446879
215,9.40705909671812
216,206.00476326630988
217,71.62649572652268
218,166.79254554744784
219,200.08986703201424
220,6.143785179663914
221,227.51609590792827
222,181.04615602877618
223,2.9071998812810325
224,163.08009936665897
225,271.9916435675922
226,224.29769583265795
227,45.38826495743856
228,272.98373716793446
229,250.98556590443448
230,1.4004179860711325
231,214.9926143332434
232,54.989391178484055
233,56.62757151991259
234,244.69641385093354
235,118.90432238106101
236,2.259370106446415
237,5.953540933235871
238,38.71691306218543
239,6.361690056585548
240,182.25750079514893
241,308.5292159028594
242,230.3776397769879
243,4.231351871215487
244,3.3639402218200924
245,51.6752327019031
246,126.97190144506709
247,127.1258903814718
248,6.329702312805413
249,5.98010673894899
250,67.46556664103696
251,48.68221627137246
252,186.92503944436783
253,7.76287905640503
254,186.16916124797632
255,-47.81241554120291
256,5.708071956371908
257,2.156144003126796
258,60.737128950857596
259,258.86106249335614
260,2.5431830387826384
261,5.62692968690971
262,6.335775744283737
263,-44.04978006922946
264,3.6887459960490765
265,3.7484772065792136
266,2.118536099381856
267,3.234076258322088
268,1.9192375717542278
269,192.83826159731177
270,3.111828376515857
271,129.2769440007154
272,80.2284501958718
273,4.6249294240421435
274,4.710599806205985
275,325.40360208437403
276,183.21432546170257
277,206.12135434600185
278,-61.04424688435651
279,4.282292556256392
280,190.09376206974508
281,5.2520834168788815
282,187.1249558005296
283,195.29414023539374
284,143.49102168563485
285,244.5409947854223
286,136.8519253791504
287,233.80516455940625
288,6.173602788394069
289,129.73559470532274
290,4.599084751527601
291,101.69822283116488
292,4.005951466069104
293,77.49838111920644
294,122.84138245674205
295,5.854384838545154
296,110.20760655355875
297,51.81142608927771
298,-40.19815316016048
299,200.28934990334346
300,5.889153864581605
301,4.391995160769872
302,5.081252736589571
303,4.2967106603351155
304,3.95556736110912
305,4.770168507737662
306,251.81881247048767
307,3.7297886712898194
308,3.1953861754490225
309,78.2168941266255
310,2.270296282944867
311,2.3216707382843573
312,3.8022615516952936
313,167.19527456036167
314,3.9933782154392907
315,0.4071404560776946
316,1.2783290258153102
317,3.6347917453908343
318,4.014840963542936
319,36.62788281801835
320,1.863286863046436
321,6.238295042348259
322,3.270319133034411
323,1.8126564420168636
324,2.490249474970477
325,4.471431794798848
326,4.980106158153853
327,49.26697348230928
328,3.648092269564751
329,78.32488436931592
330,51.84046026357374
331,49.17016544235579
332,5.523423684135436
333,2.5020814289432636
334,6.739354191139868
335,151.4702558012346
336,3.7382222616081644
337,2.3750125745979043
338,143.44170576211877
339,26.57549470060158
340,293.4380563100709
341,138.49688439381862
342,54.98141622289308
343,3.7072196480878117
344,2.335197666152757
345,123.90397509353346
346,2.742119266130244
347,4.640514395184102
348,63.882806694895336
349,-49.05263258499444
350,93.17859937925314
351,245.57741293048616
352,34.92890885121528
353,1.3287647364133484
354,5.97173342036918
355,314.315801858098
356,222.1204011697845
357,3.3087674401258127
358,13.820926109129175
359,4.326778290278019
360,133.84955199132108
361,4.947995653518407
362,5.294426571387449
363,-9.364074172319611
364,4.231355241677024
365,5.500780738681941
366,68.35818391996418
367,4.800976496199865
368,239.38977842439954
369,5.799823385963579
370,-32.014928077519485
371,254.63222126279138
372,43.73855271037725
373,146.99060249072056
374,-7.872906229819207
375,96.08638320853868
376,2.8843173387221084
377,2.707448488191843
378,3.6861542732062937
379,2.860070403379313
380,0.6181515170057215
381,6.121437662116528
382,6.282575190500578
383,129.749338546374
384,1.798960123112726
385,3.6479339972231872
386,272.76134218879054
387,2.2885138516796175
388,3.7541575559915907
389,64.71005736088989
390,4.5831439056325625
391,163.8839365341492
392,6.295858047357027
393,3.819962970567608
394,311.7627192248807
395,199.53790420452034
396,2.7404117816554123
397,1.7520676942400173
398,6.162311760170406
399,211.80411177344018
400,232.41094584835355
401,1.6355227849594052
402,6.36484690132201
403,5.712443373562385
404,5.645409295955075
405,11.646971304760026
406,7.6825097858028935
407,-59.258043488199505
408,4.257249951329571
409,3.3760625956352825
410,3.9283277216590045
411,2.858178661119256
412,-28.05068855947121
413,328.61337306057646
414,5.857661911303893
415,31.78837947716653
416,3.2949229855149946
417,6.727135936254976
418,5.881912200083344
419,5.645371234992556
420,4.702443609902174
421,147.47534892453024
422,155.21528828483335
423,124.13363559855676
424,165.95256677015232
425,5.669709831107447
426,255.3275599762959
427,3.2315287552195313
428,227.81688591164163
429,2.351286941794977
430,4.40333230110923
431,269.35068107017753
432,143.06035212289947
433,9.608669910231125
434,6.299067712107125
435,51.05597779512902
436,236.56048174798417
437,207.6880435849277
438,176.34659887064538
439,5.785169396591844
440,264.2556353985716
441,201.922500732735
442,123.09672725769647
443,322.5027908175322
444,5.385643661509922
445,6.15416544805282
446,59.89607765801994
447,1.2642940875991195
448,6.2943052940557145
449,315.7968420728789
450,277.0074340354465
451,151.6933318129079
452,232.3640209370889
453,1.888378315520751
454,4.1097256485104054
455,130.05362111209905
456,3.1104030279524646
457,4.932994301699626
458,265.69658165076913
459,65.25480819887869
460,27.961088581464885
461,117.29420075059524
462,6.105312947390779
463,194.15050508939078
464,5.080858206910607
465,148.8717416961701
466,73.1503797914437
467,2.3102059983162597
468,5.3826472106819825
469,35.587629084506474
470,25.134032606408784
471,1.8191534826101243
472,1.9192428373270745
473,61.68354731874791
474,5.9779435652017785
475,130.82883956067104
476,6.466723174571662
477,1.8016177555113666
478,4.409524745458137
479,217.8080348058076
480,4.84747881271913
481,5.609079691967375
482,234.35651811544568
483,1.720995517389031
484,201.9491490398463
485,107.87456379134287
486,4.561612552764305
487,2.5153260242646187
488,199.5398530266932
489,2.783331217838491
490,4.764753520806449
491,6.339890556374733
492,3.8276990706975327
493,3.336303373338402
494,233.44531966115565
495,5.810334154835919
496,196.55422467479207
497,5.70034583866523
498,5.9458572818333835
499,5.783621620605962
500,8.833256806622792
501,3.2166828843541975
502,323.1371572311256
503,114.46425644491092
504,-9.705694306927736
505,2.022630129908347
506,6.478429614291185
507,327.6545926763357
508,81.35293202440243
509,276.3117829733617
510,4.3004421036197975
511,99.23899314798683
512,206.80152746685354
513,211.35401189168306
514,336.3376495143462
515,238.31254210028507
516,233.2565715235512
517,290.0835588912651
518,7.051358147697049
519,37.214131178218416
520,310.58995857323544
521,1.76795358242475
522,3.903851318741976
523,231.66392318386187
524,4.372417959260965
525,168.55364048943602
526,5.738344418851288
527,4.909697885416037
528,4.412158966545573
529,6.371047648678463
530,249.5302683471546
531,96.30302864991502
532,3.865038882850473
533,60.00942887715334
534,4.193560177364223
535,6.829257532541617
536,5.9689044325387055
537,1.548336018453037
538,5.193134263795215
539,269.9726158239859
540,277.2546375525334
541,256.10652693905126
542,67.337217603677
543,100.2058521895695
544,4.96698527166309
545,4.183903355061237
546,4.004247217220003
547,2.0270774987321385
548,324.7672957761235
549,5.769204970394238
550,249.07734508537675
551,5.949643778469545
552,115.44504379301958
553,3.6521946762442488
554,68.73540656897778
555,94.95076628736373
556,245.13596112577886
557,197.69554173232967
558,5.419979640232663
559,5.700638036060933
560,142.11604067213074
561,102.66857316565009
562,177.9915552539968
563,2.9806898095528256
564,20.585944547106557
565,152.90210204071653
566,2.4309800102696233
567,46.64242520429418
568,112.52162870194753
569,313.5638294453646
570,4.0881307615297455
571,208.59412309271977
572,3.2035368791561574
573,80.36087927265885
574,117.24883012391612
575,7.451465393118272
576,1.8141083639556392
577,2.9125033120839117
578,172.88827828195576
579,1.5537237288620471
580,285.3551784458442
581,61.70086586565135
582,78.1984444022803
583,5.371043440022415
584,3.0231476458957323
585,150.46162269484415
586,5.094116835104739
587,219.79179653949637
588,3.105794006111158
589,187.88342063959743
590,305.0167558149999
591,147.08656036104736
592,6.9151068846135715
593,238.63471885829028
594,287.6430555886091
595,39.75183135967369
596,5.321648001908487
597,119.66493896873982
598,2.55805843130414
599,75.52210852851542
600,144.78168647248054
601,148.01438593819742
602,39.98842156631927
603,2.09561471419127
604,246.28399869224089
605,2.434418150378975
606,2.8280692357599038
607,6.674152439016083
608,51.3493869779567
609,268.7967493775734
610,44.83427880032198
611,60.24097604827644
612,-5.998270864872133
613,37.60017159158605
614,50.73565771930406
615,1.890605030124707
616,177.63337784473055
617,-52.07813614266681
618,230.72737969393128
619,4.794575919266447
620,5.8512691041586224
621,175.09460415517376
622,106.35849275895322
623,190.02870840863494
624,195.2642902728429
625,2.457465911518625
626,1.5755954584144096
627,60.90625964213929
628,4.419687261907858
629,227.64769921609064
630,4.3504796034956055
631,2.192880011422747
632,202.41075150735662
633,154.57315195948195
634,216.18871026201964
635,2.399943444531341
636,112.46326559365664
637,111.4705039737193
638,6.691619547279766
639,50.54710594271593
640,114.17695501141267
641,6.865648479516653
642,3.155651788001621
643,283.94962649977356
644,3.6103276952637646
645,83.22094277848939
646,73.90858174090761
647,192.78723164335028
648,273.3786207549923
649,374.14576159592957
650,324.42090128087796
651,111.13641778894026
652,61.066455773895356
653,3.241059730345082
654,196.52007714886244
655,-14.726426790225652
656,220.76076528758125
657,186.96038836048982
658,281.951748617322
659,1.8777663299512406
660,117.51261223891814
661,4.100554783939232
662,129.6635186835263
663,3.493798481374835
664,-46.17644023532041
665,94.72674805959186
666,153.75336616298594
667,236.260930304432
668,354.27643454817246
669,173.21860673601248
670,196.77024375107186
671,118.39778611159822
672,79.2330023815656
673,3.9065588084324174
674,5.350874959403955
675,5.701070683040559
676,5.266936710838044
677,0.5498826076320218
678,183.87458049626326
679,4.844629757314693
680,2.952824550684623
681,1.9302783875379057
682,73.12828125196066
683,5.86169239303276
684,180.00642135436593
685,219.95109000818852
686,6.043777793073135
687,358.0175702344695
688,74.06129971999883
689,86.08273542151353
690,336.1742281131842
691,3.6977304889719296
692,77.42305256974144
693,5.015643663845779
694,6.561370110359462
695,-12.722727461499385
696,312.41766655947
697,0.9340294339724189
698,229.80430866529676
699,1.8133148759751385
700,250.6880074402826
701,3.6043287635562655
702,4.81494856812846
703,61.83861356994788
704,76.96071867726033
705,164.52109252623376
706,228.17223814346195
707,186.1026178724388
708,62.72477675852046
709,91.00684477859639
710,219.58819248030545
711,246.12115692362391
712,6.6929263177656955
713,35.79187614434481
714,6.610042595198914
715,242.21485944257103
716,2.8841563403561574
717,89.24107991686279
718,352.8207925268323
719,200.6553292990522
720,4.639633095586479
721,146.5834390988442
722,2.3601321714643912
723,6.3790998583975504
724,2.958349357922917
725,2.6672797629373006
726,110.2735531541568
727,245.22773108947524
728,41.492337163597625
729,54.948057473113465
730,52.58113234539217
731,281.12822715230936
732,4.469789975201726
733,6.500348287525831
734,32.86640250866224
735,252.7168245690154
736,51.6093881023606
737,53.01788175805622
738,125.77773443488466
739,333.175169500901
740,134.05741958180164
741,37.43978727334675
742,275.8826132859838
743,140.59726695725345
744,1.6082278069366325
745,283.8417539968143
746,180.4936195927139
747,3.602701129985836
748,63.73060135848148
749,68.85773480715689
750,205.4729853895891
751,60.87989978592047
752,234.59211358464916
753,2.010695435278313
754,252.82498459746574
755,5.798699452035914
756,6.0204412821240005
757,188.01128291929456
758,2.524355525875107
759,82.60330738979084
760,8.219065751645953
761,210.07247025501
762,5.016236425803596
763,2.0899173756847853
764,91.96706053965708
765,4.666936941961704
766,28.66947372653207
767,1.1136066382339322
768,5.053881467408445
769,5.867273018277193
770,1.9659399393859442
771,259.5043232668554
772,75.6639613080059
773,125.19510203676597
774,-9.501683738155883
775,54.412537650330606
776,4.1796055222721895
777,264.3719593735338
778,-17.83843459470734
779,149.13187691381646
780,76.48613675330003
781,314.02952526804177
782,3.61857637009785
783,48.25193322840164
784,2.7789348377762977
785,55.47200166181176
786,124.6460857821256
787,5.4591902830403445
788,1.8894890944444405
789,184.58260927589285
790,61.60990045504752
791,-6.978173254027368
792,88.26644810699473
793,-69.88229685029997
794,321.69941095829085
795,-51.812128095351305
796,128.4761574059369
797,3.5272764429165973
798,62.491304509939965
799,3.375247359775079
800,5.91278052767672
801,218.80445849161333
802,71.8654453984483
803,141.28880858048313
804,6.69631852724207
805,2.142222763396496
806,159.32305714291113
807,2.7078136881697796
808,63.830092692798125
809,1.6231506326586498
810,50.932315068342206
811,255.72745726512483
812,112.54538528381909
813,288.8284393502222
814,5.85502043821712
815,4.639544210911106
816,6.971975952146238
817,3.1861865020323066
818,9.39233018603362
819,5.159717173264079
820,73.03544998545924
821,5.874878374292983
822,2.034147277186075
823,44.3899598389083
824,68.53287969281945
825,7.0245473920714225
826,69.62363488065137
827,4.036146516570865
828,6.11180797241814
829,47.18791721304686
830,161.05307231792443
831,113.54664157028944
832,6.121218525284425
833,249.90504853491578
834,193.5513441414776
835,156.9505124712653
836,2.163074767382482
837,82.01782344217092
838,140.23307258249093
839,6.0360827141237205
840,205.5900776879925
841,142.51052931802786
842,49.78774667281856
843,2.505701056554594
844,2.8219849687356495
845,5.320888000621052
846,6.447430395354237
847,5.464326158514826
848,175.25938080401164
849,6.167290170511922
850,85.51629759157143
851,21.153097679757003
852,35.62335705237317
853,97.00684062305841
854,60.12602253421868
855,7.317612593125295
856,226.78877076487947
857,82.18866109442209
858,84.88041492599862
859,224.587692269624
860,2.0941046027627164
861,3.4899578197880463
862,2.939750540530826
863,101.4297521938654
864,251.0889119603537
865,265.7905375666723
866,198.9327917331208
867,4.985555557516566
868,111.8138901349229
869,165.17220013028148
870,125.96292606872119
871,150.4568609409722
872,142.86123332988996
873,2.9616656031634316
874,90.08543874562702
875,6.441232951799641
876,110.70338512324633
877,45.74519468323871
878,166.65918728338147
879,5.449304396983116
880,6.768712576627492
881,155.08604234756226
882,5.842215864033395
883,239.32463123242957
884,5.882409814468056
885,180.87400339553
886,54.29654784316976
887,2.4691052530774553
888,2.10969818422567
889,274.9820969522409
890,4.257031002683377
891,2.6833801404158435
892,61.41825018704978
893,4.905516020642289
894,-11.328263047553634
895,3.500362340196194
896,212.47107968856352
897,2.61129113925314
898,229.33299319337561
899,-55.988283244163185
900,244.38446668805943
901,3.924814139371498
902,202.83771431265728
903,5.000968272553697
904,122.13374152771316
905,1.9415078776046812
906,1.0751238602531117
907,203.75573333625437
908,16.730564556233222
909,74.18135562871521
910,2.294326859336955
911,6.630722652122456
912,272.24063068612725
913,155.77416404565207
914,273.7719103601686
915,127.52767400324996
916,118.89269427189231
917,4.101754872089689
918,2.297381645936582
919,2.737016577946372
920,388.5254824715262
921,115.14198249696253
922,193.97917290134825
923,2.405018089027032
924,115.87636445435075
925,193.25393687641275
926,53.735959794442564
927,56.6690611620068
928,5.1557762300702255
929,40.27116416856519
930,25.372709838119974
931,204.5208293046715
932,179.97805309836411
933,5.403090160084604
934,2.079371825251056
935,189.6251173842001
936,42.47507187328215
937,3.729992825354776
938,4.518777420140745
939,74.67535933235155
940,1.50781975252929
941,5.837197060578401
942,4.868191705668426
943,119.20653248878065
944,4.590599007609013
945,2.003755890080783
946,60.827372582472364
947,29.014741839447524
948,54.11249931234967
949,231.0499762398058
950,354.4062942403925
951,12.128990439790808
952,-13.727573308692808
953,6.263959689349984
954,257.6590609598619
955,198.6609851148889
956,145.8158968604456
957,2.5720006359488616
958,2.890580167515312
959,203.7893433277395
960,54.4962671604698
961,161.92492259347478
962,3.2631450773276143
963,6.315269850395396
964,4.9883999787966555
965,6.297714789999623
966,3.3588536779973586
967,42.1620110402399
968,173.55616086712902
969,194.97903978963035
970,6.299781343985112
971,369.535566777024
972,5.278401607404429
973,106.37785148811128
974,5.582674824762151
975,3.782152828589989
976,5.179419070711397
977,198.0721652922252
978,297.0133464103579
979,1.8879503248875713
980,1.861431358927908
981,23.664001913806672
982,41.82351789389698
983,308.9262589409959
984,320.40168461067475
985,266.9757835168119
986,103.07219895139032
987,3.006292437022578
988,244.13484977850533
989,356.2739062860421
990,59.15602941003527
991,4.142947374866513
992,314.90463829824444
993,173.1533221657631
994,3.5426336443572866
995,-9.14586179903631
996,-5.110857446409333
997,2.065051134209301
998,40.84346703658518
999,65.81594040045637
1000,-18.521606157992746
1001,283.5747389543093
1002,150.11283788735392
1003,5.402174076757737
1004,1.2177956396326772
1005,1.895303813656564
1006,3.806091591586276
1007,153.38183404848692
1008,1.9707650197475517
1009,6.610026042009984
1010,4.426746133876287
1011,261.0154672141053
1012,17.186072910351353
1013,204.09146426256945
1014,49.220617044170154
1015,238.77669869623605
1016,6.5458386308765615
1017,5.033175987410634
1018,3.5493583934351625
1019,6.566842510112531
1020,4.506330515993543
1021,122.79500412322126
1022,82.56456157009694
1023,193.32523047959936
1024,186.63161570928742
1025,5.271083577841788
1026,4.197366527005078
1027,4.971576986909405
1028,87.21275723010663
1029,3.817171137486475
1030,39.52766863543157
1031,279.2575245481815
1032,3.0507090787579307
1033,2.271723754184595
1034,247.03812887868372
1035,1.4524583740235024
1036,250.44238614483038
1037,6.9741353168821885
1038,49.433444234543074
1039,3.6161688075788554
1040,-34.636539228654534
1041,3.2960179881227942
1042,3.2463835524200073
1043,3.4876965709213312
1044,339.43313476910055
1045,137.5965654442125
1046,32.764444145201864
1047,224.4127418384631
1048,1.8474356712986648
1049,2.6924016180166106
1050,6.443838806113999
1051,56.05055225670867
1052,174.98343280009254
1053,254.71396718836735
1054,6.401263961810866
1055,43.563996104152835
1056,33.547158958805966
1057,4.3344337639063
1058,2.9230443463351907
1059,2.8984626633275936
1060,88.75250318391471
1061,3.771100319319385
1062,5.977567556446688
1063,295.0370282272105
1064,263.6502157538695
1065,82.30363249284684
1066,275.00751649010846
1067,262.90010186644486
1068,6.145530961233207
1069,4.4328208573707135
1070,316.03047813633447
1071,185.81673950470469
1072,5.182055853384255
1073,3.9289128269774407
1074,6.300486172330206
1075,4.61276785554169
1076,294.02231725682304
1077,6.284344875918147
1078,158.89897214810242
1079,2.945732183506879
1080,2.656371442740357
1081,5.8477473635086925
1082,4.327404171748448
1083,3.3089268509307024
1084,6.134917492550112
1085,121.32386723934289
1086,164.20958393817472
1087,50.068756822903154
1088,253.80475406023396
1089,8.499731233862386
1090,149.0479911988817
1091,251.36196139881332
1092,5.848305803098093
1093,4.4809343988637655
1094,6.585160582886672
1095,3.8059752944801337
1096,2.913015813971919
1097,4.904843178850156
1098,80.34739649193475
1099,113.43603698463815
1100,5.4532791421538125
1101,4.713684165646919
1102,6.295412913373413
1103,262.422583500775
1104,4.695242411395955
1105,108.77050916378795
1106,5.8177242368133015
1107,6.1867065939225
1108,9.6243273670373
1109,97.70054575284908
1110,76.5652950807517
1111,3.1823485350891216
1112,215.6513609721153
1113,2.7662336730430646
1114,180.03644654289013
1115,-6.194663951989762
1116,5.397188400793074
1117,288.12886798279624
1118,277.29301699884866
1119,4.752552786981161
1120,53.23696653423575
1121,7.549075316853609
1122,241.86804481127297
1123,3.484770435373634
1124,188.12299584894146
1125,2.6870730328325143
1126,69.93656463380658
1127,5.962243214649638
1128,-47.84963523703586
1129,144.24234844777266
1130,6.54323898037086
1131,32.98822074335098
1132,4.784620459898793
1133,-58.909215597100214
1134,198.55280961068678
1135,202.241384457739
1136,-53.634663791051246
1137,3.934925267972959
1138,53.2618585425289
1139,107.5977125900315
1140,115.18254196859094
1141,219.47076151776557
1142,138.2233777798532
1143,25.35093626977537
1144,-46.51854377699469
1145,118.33421514245626
1146,71.15721587767239
1147,4.453102997732371
1148,72.17492583180572
1149,33.805542156061364
1150,4.319178211428286
1151,1.244164426605188
1152,3.469476069283387
1153,4.3337155634554705
1154,34.672363689920886
1155,169.67128985402786
1156,6.623656689349895
1157,79.12912209615627
1158,208.30135356708374
1159,110.56599132047687
1160,75.3391712611587
1161,1.7240800751161676
1162,5.716777144738781
1163,5.461975581804161
1164,4.9052352235183125
1165,201.87708245034366
1166,37.40169130648417
1167,-28.247984428097276
1168,5.132168603523169
1169,178.40277272475862
1170,4.999974899300993
1171,4.278010696398558
1172,-14.822487216262001
1173,3.9991917074479195
1174,195.1860977987406
1175,-49.58980894549654
1176,248.6037719013787
1177,2.2467824330915933
1178,144.33198256266587
1179,2.752032029370362
1180,2.633792724365943
1181,2.1317954736450697
1182,132.17882218434954
1183,7.29064013622382
1184,4.1512557880618175
1185,280.1757193498805
1186,130.50597566271426
1187,4.162769704299605
1188,2.8922240454138595
1189,122.88434367884668
1190,3.3654359744053197
1191,2.955367386451101
1192,4.959937462277226
1193,189.40696694398474
1194,5.504779603852073
1195,2.0961352251541223
1196,267.59914374872164
1197,72.511758219271
1198,3.010027529073638
1199,255.17028389857737
1200,40.77715518553981
1201,229.3214608505657
1202,89.05926259531245
1203,3.516371790604836
1204,176.51654301861385
1205,1.8462988774600306
1206,162.92367134294182
1207,126.79913087979438
1208,242.78665510360887
1209,247.5933134834132
1210,199.60203556097034
1211,214.14463130539303
1212,6.122919400099715
1213,3.663176182095774
1214,199.54909014255958
1215,123.77698185345045
1216,233.88384774499917
1217,184.14834701167553
1218,-39.22529810094272
1219,6.125135704553476
1220,5.722599805016406
1221,251.05566403618343
1222,6.168449687917672
1223,2.4939588031295004
1224,2.8144089541947572
1225,123.47892613617954
1226,1.3612095274685798
1227,4.690061663190526
1228,2.459201726281799
1229,36.3179103617551
1230,114.42371238473262
1231,229.6108202289685
1232,1.8202530632909197
1233,-39.3018966649492
1234,3.144800364381995
1235,16.68273136364649
1236,259.394914731826
1237,4.204818320355875
1238,2.2038719428630107
1239,1.3511854385415012
1240,40.87753026369767
1241,2.0730933881547142
1242,4.335193106117888
1243,5.388289020093569
1244,187.11870684531746
1245,3.930240171570645
1246,252.25834620492105
1247,5.397797687444736
1248,122.48867621400657
1249,151.81406138118808
1250,7.465881864765457
1251,40.3595890737038
1252,5.624033035187464
1253,4.0594290272358045
1254,4.168946021020989
1255,33.73978203958348
1256,71.50295914022337
1257,136.68406343056435
1258,273.35939899153107
1259,50.29146617619331
1260,260.4867181991743
1261,5.687551004382108
1262,5.499138808919569
1263,192.288546167319
1264,1.9333941976024378
1265,8.727142773314359
1266,129.47935158813374
1267,2.394464662587329
1268,6.511496115199932
1269,259.59301508706386
1270,-54.264800591532975
1271,229.63577553071806
1272,53.91767612506479
1273,30.08499303571047
1274,221.12544096818291
1275,163.2302475047049
1276,38.29280111313096
1277,4.056188646160195
1278,1.6785714091776334
1279,3.910499855511489
1280,-61.069938379135216
1281,3.5394467744661497
1282,68.95486514682764
1283,157.5232538341039
1284,3.001694854773063
1285,-53.847346619527855
1286,2.461031027946201
1287,49.24954147628927
1288,142.36167060243582
1289,4.494167144327366
1290,226.98225201106635
1291,3.258712068220472
1292,49.68316660035106
1293,103.47042956268606
1294,259.4619007433855
1295,175.9707897102846
1296,6.250383228269481
1297,48.68500079109914
1298,-5.464566316491489
1299,4.94263590747593
1300,166.28620061950102
1301,222.16211998689528
1302,203.13910177665093
1303,6.361768424224817
1304,3.576301176887534
1305,5.205989636516061
1306,58.415786731400246
1307,152.89105010407363
1308,1.8854765407798117
1309,4.77782006903587
1310,339.73005762002674
1311,2.727101291895059
1312,6.889907026619911
1313,36.105120841537484
1314,196.3383008526972
1315,155.11253415198934
1316,269.80995385515587
1317,65.40089162189415
1318,2.0792909638146697
1319,205.45376304247213
1320,236.47295631511054
1321,11.803351236312437
1322,52.52935362659689
1323,270.06447759294645
1324,241.03586455764773
1325,46.32522024438572
1326,59.90610264815247
1327,243.75595781360516
1328,3.145147110552875
1329,6.097391344659233
1330,126.4448573596921
1331,-13.087182980656124
1332,307.4432168145049
1333,1.2433682438358218
1334,346.0192610366645
1335,1.8807824600533707
1336,93.36819409567498
1337,34.69289627478596
1338,244.73191758501048
1339,6.741853841271158
1340,200.32938223779814
1341,246.31698380057406
1342,182.50984029608603
1343,48.65730698856265
1344,114.9953563379596
1345,3.0170560062570795
1346,51.587129351873706
1347,87.20581276647565
1348,2.8421222031039375
1349,199.29861712756878
1350,46.070311205718035
1351,228.77569638106337
1352,2.7220000543625313
1353,17.79717898929942
1354,4.702052212484325
1355,5.937834441402177
1356,3.5544521119900856
1357,5.611686871463871
1358,6.681982893432721
1359,1.6623192163807556
1360,306.1481709505524
1361,4.455274280702703
1362,6.4497257216616095
1363,68.41722980499108
1364,3.2610864859707194
1365,5.867477382851314
1366,6.557596924408257
1367,5.876373086190116
1368,9.043571418351268
1369,185.23474830920938
1370,291.0685955854489
1371,217.12563702905027
1372,29.44359754519846
1373,3.483707705285177
1374,206.04234254257088
1375,164.17621361799195
1376,5.199837224137689
1377,4.889087155285819
1378,107.43588460806689
1379,93.29133631010387
1380,109.20216387189393
1381,240.54687628204016
1382,92.05382216636065
1383,58.59923756753016
1384,-9.609731654206918
1385,150.31881874738878
1386,2.465542369181671
1387,71.67676135420211
1388,1.6697836999227105
1389,223.38204130100678
1390,169.87876736489153
1391,91.8902236448374
1392,48.04437473066791
1393,275.8891200424832
1394,-20.52419551609793
1395,40.03471835627019
1396,177.71279777716768
1397,5.492442766081785
1398,195.82270336950074
1399,1.503637436832807
1400,74.66445782316006
1401,319.6289590524847
1402,49.834803070101366
1403,295.5306034739391
1404,98.56219710313692
1405,116.84496290425457
1406,1.9474296646125508
1407,114.60048905599831
1408,7.732460713791364
1409,3.5800947296049497
1410,241.90683800221962
1411,250.07461447656453
1412,-39.184128206895465
1413,125.29445414930763
1414,254.42534180781888
1415,2.128298791623077
1416,2.7785783436194427
1417,4.297097017246843
1418,316.7794912229307
1419,148.3549513982943
1420,4.498795905882891
1421,39.4028752383344
1422,6.722626892290174
1423,3.1845660976438523
1424,5.485468212284901
1425,2.2267024322724187
1426,-15.478608916110769
1427,3.7340019959670023
1428,4.775213897912582
1429,3.1673531497541387
1430,3.869901238573955
1431,6.3619843483680825
1432,192.8999681470142
1433,2.889315548016929
1434,6.391854553747757
1435,4.617749628630349
1436,-55.03358503762926
1437,184.53005717719972
1438,134.02043561421368
1439,6.388891359448998
1440,2.766405080785924
1441,122.17826046542878
1442,181.59545486359198
1443,41.76611789356627
1444,5.718628246775759
1445,52.31746623861766
1446,274.8917352171438
1447,246.72207273180902
1448,-2.4125645311254775
1449,5.878979121999247
1450,278.43518116326493
1451,142.62846755576925
1452,5.3087904744489425
1453,5.52412351753289
1454,174.71140418451716
1455,70.20155380569034
1456,-2.73765324701779
1457,7.888891814324059
1458,4.856495864082252
1459,297.34754489667324
1460,336.251495206677
1461,167.15336485508502
1462,-10.753550721601538
1463,80.57309230811467
1464,5.8571457778091265
1465,2.9730175021357
1466,236.76295624845184
1467,5.691149717106575
1468,5.345546417499664
1469,33.87981894473893
1470,3.8294181428799385
1471,38.368940644014245
1472,6.760533664043655
1473,1.8883722562824254
1474,241.03693714445708
1475,90.3311878498552
1476,6.6504266301817765
1477,2.448381185414471
1478,133.8534545875994
1479,5.032298344976036
1480,114.82496867079429
1481,5.929015545309564
1482,161.34874955059462
1483,6.161027850111032
1484,249.2208504284657
1485,180.25209481319166
1486,6.6304901847231275
1487,3.6044183296222085
1488,84.39661318922565
1489,-31.96360795499256
1490,96.79728103398574
1491,3.652974563555358
1492,2.0569199265720326
1493,7.444824756516203
1494,5.489301873807099
1495,31.502705428125047
1496,7.589039217461386
1497,69.4300338709666
1498,5.856719334385097
1499,87.58200621651773
1500,7.060160082564443
1501,5.865221507420147
1502,110.32903418355147
1503,5.728958546565971
1504,2.0787518300462957
1505,4.710590001285773
1506,179.21371036182535
1507,36.51395926123046
1508,82.32071769195556
1509,59.02556921028537
1510,3.166665781514361
1511,-22.709881069506864
1512,61.48563800843165
1513,5.115857100549276
1514,248.885676609585
1515,31.86832740467745
1516,2.8468812655621383
1517,343.17826979316914
1518,4.289383013219204
1519,239.17149397470155
1520,5.134397580436943
1521,37.16346643189391
1522,4.95252648481039
1523,2.9811152010337634
1524,128.51118687773354
1525,-29.268116021270544
1526,2.5220239743332327
1527,5.355627006195399
1528,2.5216858852021837
1529,214.99429890018362
1530,276.21635211040734
1531,3.6940295301084576
1532,5.944318642350294
1533,3.8323348817410894
1534,11.295642358219885
1535,75.33560227325773
1536,5.954231143809849
1537,2.6112513192558766
1538,291.3739240269158
1539,159.19566422679642
1540,2.1281711024197545
1541,118.50875931638811
1542,3.3436139682481176
1543,20.34416294814128
1544,7.905407875044736
1545,3.5849499629648345
1546,4.3861922102347854
1547,-35.85858399504247
1548,199.50338685646364
1549,46.07954031011337
1550,3.7934640942321396
1551,2.300673280354698
1552,235.95848160861757
1553,6.395897274201621
1554,280.67169450169945
1555,133.54791981474563
1556,3.6850651975163844
1557,14.784868907645112
1558,3.701553838937484
1559,242.04400296794876
1560,206.90890267761083
1561,193.08510941093098
1562,244.72449727309078
1563,97.6116225984012
1564,3.2600403704602847
1565,94.94893196325086
1566,3.756836650824408
1567,23.25895223182721
1568,104.47803680160567
1569,17.80865047774676
1570,291.68811029777
1571,2.975966904314919
1572,78.56395940311276
1573,2.2603416425518983
1574,5.006430984256237
1575,5.721500026387394
1576,3.923976841709339
1577,5.553086499953415
1578,86.43550443850248
1579,5.0820508207704504
1580,178.89856301053072
1581,272.0876723377936
1582,6.747727874913173
1583,296.65122438175865
1584,310.4906770645411
1585,6.285968498933714
1586,4.965054756106867
1587,60.34251287714659
1588,296.88658738906963
1589,7.3297617905348895
1590,6.020221059022308
1591,160.14071561095994
1592,7.11904816731105
1593,123.67509605340268
1594,141.5779240757405
1595,126.99063473171438
1596,5.6423226266277835
1597,56.58045769770448
1598,6.714589105480753
1599,3.7536977218343335
1600,4.3540467680864365
1601,2.7101230858276977
1602,5.886958702400909
1603,283.4374029498681
1604,41.51310915811845
1605,136.67516698063503
1606,265.344222800048
1607,-21.474802448353618
1608,3.4218431464655246
1609,6.912830694220955
1610,4.159081435172375
1611,203.8678593987378
1612,80.61997191255509
1613,2.293589869842794
1614,280.01584877288093
1615,5.745069705817281
1616,3.7790500727055276
1617,186.3919657838691
1618,226.63065299506286
1619,27.22406754319334
1620,80.82717564588577
1621,2.7187073978809626
1622,2.5981691698112446
1623,2.7297064680182492
1624,249.1544152722116
1625,59.0115220761634
1626,1.6394839507086016
1627,44.45244245705737
1628,3.594971725055843
1629,210.66205741789048
1630,138.04692614145995
1631,3.0949944744547997
1632,302.051255070215
1633,5.2237892532923365
1634,18.341129097993843
1635,3.501917068259731
1636,4.797773709504826
1637,6.4881998326438985
1638,211.10290408004585
1639,52.77578325633763
1640,4.4707692314443355
1641,318.561235319189
1642,132.45527577547594
1643,195.00282041567868
1644,122.99643628893205
1645,178.80973324052687
1646,6.082816875070745
1647,6.61952669897409
1648,28.423049157463844
1649,4.379972886326253
1650,85.2300812403559
1651,6.4994040127905475
1652,7.0144006293093915
1653,232.62234405783656
1654,6.5191926648080045
1655,298.4581573214185
1656,58.852543639092836
1657,1.2786229340713051
1658,295.6088853087566
1659,2.121883343077211
1660,-20.656476155899377
1661,6.721059264749865
1662,186.78360441626364
1663,5.8819378769119695
1664,121.92171210287447
1665,1.1698232025221356
1666,100.55982532005416
1667,-64.27376748631009
1668,246.15701064739056
1669,54.26942669952878
1670,2.019316829184627
1671,2.2600060347522626
1672,5.47277119205623
1673,4.405796456944112
1674,149.25256986568638
1675,2.1313656512224273
1676,-56.39262798161015
1677,34.08934192299009
1678,-7.88042363612216
1679,236.03488397554753
1680,99.05252368208053
1681,1.3589201813919338
1682,3.1669886821315636
1683,82.84138335466062
1684,17.39885840491801
1685,6.698572930184447
1686,139.8477077822384
1687,7.0449802050485015
1688,180.05430533306856
1689,276.62304136291704
1690,3.0987506528927167
1691,3.721053438403154
1692,4.129237662538143
1693,2.778894001991053
1694,67.25223691746451
1695,242.68827403315157
1696,143.95192590056195
1697,2.023674331839592
1698,217.6368673619985
1699,182.22463040661637
1700,127.14654886988298
1701,271.11571999382556
1702,-50.44871343498656
1703,5.54716321721817
1704,5.544749161693608
1705,3.003946126898379
1706,102.79108603106376
1707,5.243062316164772
1708,80.0824953405981
1709,130.49499569325673
1710,6.4377714616205814
1711,69.3932133582873
1712,1.873834701138016
1713,5.950758556297064
1714,-38.401528380855865
1715,5.125746627683222
1716,2.3092760056082016
1717,42.366389141159765
1718,120.24758655127582
1719,28.498060574547562
1720,6.2414341098912285
1721,236.18914011287785
1722,3.708923523244443
1723,145.98138046658306
1724,124.8816553850472
1725,3.9980746642682767
1726,3.9738649852951915
1727,256.09684775762395
1728,4.6216767547030875
1729,3.6261927003811194
1730,40.67477347119966
1731,219.3299835380702
1732,4.694291188484767
1733,371.21397345091145
1734,265.92672198617595
1735,178.44974274797133
1736,3.2690639650098166
1737,307.3130360228195
1738,285.8066077797581
1739,237.66826546076706
1740,94.68513109562305
1741,76.55127147911946
1742,234.74659999449113
1743,5.287182241570484
1744,115.21339386728391
1745,23.306022620308347
1746,3.618109877261445
1747,7.345672892808514
1748,208.6732238562693
1749,3.540634191908725
1750,94.62061602893402
1751,43.12300289056339
1752,6.895863230711986
1753,6.007531135222395
1754,277.29322294179656
1755,224.67796958718017
1756,1.9242266591541364
1757,221.08403322747372
1758,330.48030257481685
1759,5.058831142688695
1760,306.3703863273214
1761,246.5176993557821
1762,26.129163151011515
1763,34.19891982555288
1764,2.4124269197172934
1765,4.732081338983332
1766,220.8890162517959
1767,185.23929588968105
1768,5.631268973930885
1769,57.754600128317975
1770,73.08411901176021
1771,2.6167710347738407
1772,225.48924297791666
1773,273.91622275207965
1774,6.500007957487174
1775,287.6796746684254
1776,2.2417368633640917
1777,4.699585408190062
1778,27.03720390428027
1779,-37.25956660296014
1780,116.06446992682187
1781,5.6785847872362805
1782,187.51558054571535
1783,235.26126973685672
1784,3.9979720858636436
1785,43.72778468182361
1786,3.016931452533622
1787,68.4542398292072
1788,5.205792331138358
1789,2.397342266771727
1790,24.88275863998099
1791,3.725848066162963
1792,2.886551380754402
1793,2.0490672507763596
1794,170.80691292872243
1795,190.51408642504634
1796,262.4607453121181
1797,147.38972492429562
1798,6.574411662512704
1799,217.51818138114527
1800,122.43505069097961
1801,4.863534090650477
1802,2.269963483437735
1803,135.3429720191046
1804,4.032080845237287
1805,172.47566629753246
1806,5.71198930404933
1807,286.96637977317766
1808,163.9542494469045
1809,66.38964912307807
1810,4.6105393514130455
1811,2.750113366195876
1812,35.39900638336814
1813,3.5694470636718707
1814,148.0186590814524
1815,235.574622842201
1816,5.461746340038935
1817,105.4714931595799
1818,61.355884720949845
1819,235.7119359867308
1820,6.989731086338756
1821,3.1592265217272577
1822,280.01610810524113
1823,12.162054618153807
1824,71.27824436467861
1825,2.4185800406286724
1826,5.967042642655835
1827,4.708882140030886
1828,2.1326026118230397
1829,194.56093085131678
1830,221.9825649789068
1831,6.758773535791558
1832,60.21615278041379
1833,3.141938226028233
1834,3.7066035914400173
1835,105.55731941410133
1836,6.436279793434355
1837,6.0651819481598634
1838,5.882820170301661
1839,119.68102578373761
1840,-6.524593074055323
1841,-76.24063449513682
1842,246.3958941455288
1843,175.94010811103325
1844,254.48259675118572
1845,151.9934808739725
1846,44.9879851042775
1847,277.4724276343986
1848,115.89890704703207
1849,3.75533030288047
1850,5.729673140086822
1851,-67.8311392926831
1852,6.575218823093276
1853,85.36833309507408
1854,62.15845221498777
1855,5.3813907821813665
1856,191.23368880087406
1857,2.4688643336894773
1858,5.00415687291604
1859,6.300897429794228
1860,5.803096864788704
1861,149.66212344580214
1862,6.309567084954339
1863,71.44093727810275
1864,67.71209882323981
1865,219.14727988005387
1866,110.64125046691917
1867,79.51961570065463
1868,276.79851000199096
1869,147.13798966527776
1870,3.4292742355629597
1871,253.64334788155264
1872,42.96772586503265
1873,2.7950513527363463
1874,24.48575884171418
1875,93.51381902505688
1876,3.3622340433526374
1877,2.2969825814953313
1878,62.52225281147328
1879,61.10682349683392
1880,248.83957852896663
1881,5.847494125700534
1882,98.84569502484703
1883,6.133017261425564
1884,72.08175326576983
1885,302.88863674697996
1886,270.565896866553
1887,3.2371069613566066
1888,196.27292022974962
1889,239.68710940598126
1890,2.3549019559309112
1891,253.40011434545931
1892,213.64846608147803
1893,4.461490499820794
1894,2.004436576375951
1895,5.858132856416892
1896,5.936617529488757
1897,58.462728491595755
1898,-53.91105031234567
1899,3.061166509082775
1900,5.8733148654519916
1901,278.8212000814508
1902,233.19186127976099
1903,-56.4663429916009
1904,75.69385976902385
1905,70.05174300515617
1906,170.7024474262921
1907,6.734695587617972
1908,6.076465797733668
1909,119.38997721149639
1910,6.230416786629988
1911,4.884767431740809
1912,4.080086834833863
1913,73.06635674833811
1914,-16.435279454109327
1915,7.177041493953061
1916,1.2883312842330712
1917,3.368605978324843
1918,154.63141099029554
1919,4.789494142296194
1920,4.672970975826014
1921,72.77113899618318
1922,3.1407186769216198
1923,6.514319379850136
1924,2.7908635140604403
1925,4.394732871507935
1926,92.81109790166575
1927,134.76399612174282
1928,3.740911165099062
1929,48.243378863193996
1930,2.7856587948498666
1931,5.987401678382427
1932,4.688325667535892
1933,2.898379924173377
1934,253.83501317397887
1935,6.310574303533347
1936,4.849512961851983
1937,39.67859963014284
1938,-22.24633509125695
1939,2.747623176822377
1940,253.28022155993182
1941,3.1168901807330194
1942,237.23050613744985
1943,3.6889347890424844
1944,229.0869649781598
1945,292.2197455273625
1946,5.725830783710149
1947,91.46713921358267
1948,5.791352551658318
1949,24.412386340970126
1950,23.24873821226496
1951,2.5386455160134282
1952,46.13355036386909
1953,396.4381691420143
1954,2.740271253218612
1955,91.67217465023779
1956,1.9830150679974325
1957,124.87433280121458
1958,4.241902281040916
1959,172.64197154588345
1960,52.01614319570194
1961,1.0546445311064818
1962,4.157265733468054
1963,2.9782761679323495
1964,4.892252399437959
1965,97.26189333072547
1966,3.0959915823364064
1967,5.00969321642367
1968,273.31713050133936
1969,59.0515007203406
1970,5.668449906859051
1971,1.8806787538846361
1972,106.9329173387884
1973,-35.541604728883435
1974,2.8011185364668836
1975,3.0270039208552326
1976,308.809859343197
1977,1.6491991360514138
1978,215.81684480952896
1979,81.7121116108571
1980,269.6107420660079
1981,193.07050468202004
1982,119.01073423313987
1983,69.76624899484551
1984,8.518146401218829
1985,4.8994742915166976
1986,3.8301399461941545
1987,6.145312719247022
1988,1.1974852721800513
1989,5.7915348992691085
1990,4.915552613941373
1991,10.651757061266446
1992,4.31244281234293
1993,30.030876245682315
1994,1.9181973486607395
1995,105.75568532507141
1996,3.7468982075846906
1997,2.6365151617942297
1998,5.635813475936242
1999,319.6709104157618
2000,5.867315442335889
2001,290.11676399885687
2002,-62.66664257387447
2003,6.727172784779317
2004,335.7480807454012
2005,63.40080418317744
2006,4.935176355677383
2007,45.99471676383739
2008,224.71139804278963
2009,143.14952039902923
2010,312.2122654637375
2011,6.093117288574349
2012,175.97149136750988
2013,-37.06143527875087
2014,280.8588288060107
2015,204.4211835373237
2016,35.39273405372395
2017,2.6909570217274426
2018,87.17546975979134
2019,76.0403102008058
2020,6.7412227182000715
2021,4.409429205868254
2022,184.54237655635416
2023,109.0411601224871
2024,2.7420755233725567
2025,4.124819836877225
2026,75.0803462236396
2027,5.9127135685462635
2028,6.303741150243034
2029,49.66513978714288
2030,308.3954927011673
2031,92.16520335337222
2032,284.5927456264284
2033,228.1229993561069
2034,2.566391250695212
2035,56.48446998952285
2036,185.73669850165817
2037,5.248841476192281
2038,3.238919077883691
2039,2.893704904283336
2040,132.36665356783706
2041,226.91217209888472
2042,4.236426041585542
2043,189.6203982183528
2044,2.729937908566933
2045,96.09373788920858
2046,285.7498566766113
2047,5.315221421230533
2048,-33.98938482535941
2049,1.9690970752122725
2050,346.4376392942803
2051,3.764629975195094
2052,3.589519487066113
2053,250.13719768930906
2054,4.636203364601697
2055,3.6564219406758367
2056,-46.989635956979754
2057,185.61463309159592
2058,-16.643343215999266
2059,5.094168097968174
2060,27.28555839325957
2061,2.343102198065446
2062,191.9494181444332
2063,3.554020279930224
2064,3.6752396952549944
2065,3.701088269711468
2066,1.9712276184498867
2067,6.049026592828312
2068,2.97732310596072
2069,1.691776673732129
2070,283.34322705681996
2071,296.8487589844326
2072,4.499344941922199
2073,206.0015716781948
2074,373.26535496955205
2075,250.06221461571357
2076,3.6196377548704914
2077,2.7209785922338625
2078,3.92260602925539
2079,4.464357122295825
2080,2.4453325635993526
2081,3.177595013944992
2082,5.765039928922026
2083,38.34780435134377
2084,2.908918644632405
2085,5.1618781044402855
2086,110.0211440144052
2087,92.76873099559025
2088,17.66913423060103
2089,86.35287660129903
2090,249.48838500574078
2091,197.8506381447258
2092,-94.50010785716148
2093,5.37230836461395
2094,3.8312732766999984
2095,107.95669970798521
2096,50.72472151734651
2097,109.13230937007675
2098,5.527130568181148
2099,-23.08147775431108
2100,17.51629252493053
2101,5.798820950313005
2102,6.921429506150481
2103,79.49890873328079
2104,62.31808985762214
2105,16.824116466636568
2106,312.56045992863665
2107,7.191734837109788
2108,6.944988275233268
2109,5.900109165598361
2110,241.25995160642174
2111,3.8192235422568546
2112,46.09305116668209
2113,89.13739617948893
2114,2.497318335599934
2115,48.96096505415851
2116,3.82240057518281
2117,3.5586901476134463
2118,3.613748087096949
2119,111.59266882445223
2120,4.048121160466877
2121,194.51174119202577
2122,236.6026868218692
2123,2.9344243705381743
2124,1.6373491172271148
2125,4.847729539443915
2126,6.064745806407453
2127,58.51788573021169
2128,192.88409426502247
2129,1.7777105937005786
2130,2.126101565255925
2131,5.418593090353683
2132,6.021454574981204
2133,224.46257053720245
2134,45.95331962456399
2135,227.81035203768727
2136,32.35989144801749
2137,241.54577834261076
2138,3.261134844117149
2139,63.310872868627314
2140,51.22305610446858
2141,54.36302519754632
2142,5.499340441082916
2143,-7.3699709629075745
2144,168.7831778432962
2145,44.76363177836695
2146,4.247838275919788
2147,4.595731434358694
2148,89.2751922683781
2149,-59.443408408553005
2150,-0.27494198149876015
2151,57.58505575210311
2152,4.871242366142466
2153,3.382593791375945
2154,1.859422108035215
2155,2.3714564066548203
2156,5.882834192228796
2157,106.65928141779425
2158,3.8831224636456687
2159,323.7012447032089
2160,227.5364641392935
2161,318.2826131251901
2162,1.9022765562301203
2163,305.74178563336204
2164,6.41567071547529
2165,2.981146590469691
2166,2.111208987967627
2167,26.688220007302725
2168,306.8215179113905
2169,2.191849350071958
2170,2.6207265618543705
2171,143.84765100853028
2172,5.432614228623645
2173,261.86677879064206
2174,260.9393810922125
2175,1.5865870509738194
2176,4.691941862015203
2177,-42.458474295006354
2178,4.229865033684913
2179,74.34193148930156
2180,274.783835594852
2181,2.490505152123971
2182,177.29262554232184
2183,188.99130233387854
2184,5.877818150985142
2185,1.9463359564157525
2186,3.0077144827105973
2187,4.652915642012565
2188,248.70505765637023
2189,246.7420076225332
2190,68.27772320878779
2191,2.6367117943583827
2192,2.9711026635701616
2193,153.53555277011273
2194,3.4099011449597203
2195,4.9349217795622575
2196,6.548513351181054
2197,1.9833320979876001
2198,4.212694432112199
2199,3.3838967141381717
2200,1.7416563482710887
2201,3.9789120578438846
2202,72.41027356397163
2203,2.56831710754426
2204,1.9230765104040028
2205,81.46363767779596
2206,5.34166163056314
2207,176.67551142449247
2208,4.876004753594197
2209,34.899125769575065
2210,241.1194541278696
2211,1.7826594195208934
2212,4.393581187798407
2213,6.553028253939049
2214,89.38362695854875
2215,29.0717532549433
2216,73.85605876673384
2217,4.914487721399996
2218,37.315103386072764
2219,2.6992997541973587
2220,5.509916011847683
2221,3.3968956334101676
2222,-61.64110091774613
2223,213.6251593066982
2224,-30.3671786319587
2225,173.33051061737638
2226,-22.466925687895767
2227,59.443812379544525
2228,133.8435891848217
2229,190.85653726034855
2230,3.167396185241498
2231,5.466179531097234
2232,4.4208809247105485
2233,262.511779886767
2234,213.118162943912
2235,216.57474470829106
2236,3.480569809899107
2237,3.182492842910035
2238,258.0646337385469
2239,95.57722902835734
2240,245.6302483537936
2241,2.7609712516349267
2242,251.6285078726559
2243,6.19630661560223
2244,96.15496837298264
2245,228.15899982494258
2246,128.53453121315107
2247,246.9362650581989
2248,6.118584937295676
2249,290.61103541040126
2250,141.13951262834826
2251,5.198821718646969
2252,242.93298346776953
2253,6.1006527917291775
2254,193.13335663400903
2255,-93.56717896221758
2256,37.728200636299846
2257,1.8470233262790812
2258,3.311848253679411
2259,83.46945289098738
2260,6.532802835151734
2261,87.4998764698105
2262,2.1985892929842485
2263,69.4236480928078
2264,-21.714234374272863
2265,54.85646873966199
2266,2.4005146917065394
2267,2.9977620059425116
2268,5.742974791646094
2269,4.225519228121469
2270,8.534393714213568
2271,181.2654538759332
2272,46.77857197761156
2273,3.365791523672783
2274,6.07662652844224
2275,6.696475038471998
2276,4.6127901421847275
2277,2.816091378678098
2278,1.289858236406678
2279,5.879405678155424
2280,2.7752240325730915
2281,187.9280922663961
2282,2.071811067611969
2283,4.0594073081207345
2284,231.36912557837007
2285,3.2193821000073743
2286,-24.54855402477526
2287,5.389795073511466
2288,3.318235796215659
2289,6.304961653230774
2290,-34.52000211226767
2291,51.737771444212925
2292,5.127467837808011
2293,1.9612765285110036
2294,2.111708021396713
2295,2.677120748641647
2296,4.964628432479107
2297,144.91822124531538
2298,-37.56818168814698
2299,45.84169874664944
2300,3.618738812076127
2301,5.724654942152671
2302,-95.19061921960886
2303,169.24201326496373
2304,5.427299401989307
2305,45.962805050205816
2306,288.3266440403788
2307,14.658737072487575
2308,51.73551975205201
2309,5.950855267352701
2310,176.3549220888081
2311,-48.54977810373572
2312,69.09638661093426
2313,4.2481919804733375
2314,4.585727646151878
2315,197.51575313830324
2316,7.411893657106199
2317,3.624358296739992
2318,234.2213995203076
2319,6.545485762197172
2320,105.87344918342356
2321,3.440189926960062
2322,237.58185460489756
2323,174.88946879743105
2324,2.0008558592094694
2325,30.469365102050983
2326,3.375331252971957
2327,112.50756715981188
2328,3.8699394331328762
2329,342.30060368049294
2330,179.31025513235886
2331,1.0465824215080328
2332,279.4827398185944
2333,-17.834562829226506
2334,3.2747588991482424
2335,5.487966652617338
2336,42.519781800488296
2337,146.6027438791946
2338,187.3577139102282
2339,33.18757337192995
2340,47.15249342093993
2341,116.62997665000398
2342,2.56059101600637
2343,6.165422788032869
2344,240.71207878185692
2345,5.9100120698164895
2346,72.91712293658662
2347,134.0121910522737
2348,1.8006382052550907
2349,270.871906224134
2350,51.21819228886859
2351,5.065088792545453
2352,4.933443204793875
2353,1.5647701136077559
2354,-22.958909576490782
2355,138.7958944293486
2356,3.7923162082707256
2357,121.33749890655008
2358,6.309332868858272
2359,6.835751056346691
2360,4.6646078985552375
2361,5.8631488831174225
2362,248.55206914719372
2363,4.330407738205546
2364,218.24557772403625
2365,95.56090076547966
2366,41.60833906715449
2367,31.519159803625882
2368,-63.2797352322538
2369,4.3613620860476585
2370,228.6867573091248
2371,34.75222136809438
2372,74.76624815664552
2373,1.9814706322400495
2374,-56.335192775447425
2375,2.012818410101394
2376,137.08959053064797
2377,110.94019783698258
2378,5.56839323589195
2379,6.475403869769455
2380,31.213109079251602
2381,140.08086540045085
2382,176.96407367771567
2383,45.89903976966998
2384,3.3559366707435223
2385,247.3137094229706
2386,5.856158060029198
2387,18.251076618094594
2388,256.3158739384475
2389,78.44921951284073
2390,2.0048048287647764
2391,119.57785234574959
2392,20.056200557567628
2393,78.06022396803066
2394,143.3791089422785
2395,5.988900583279846
2396,2.6910627222025396
2397,295.1878622078726
2398,282.47733922367416
2399,4.433620468483696
2400,196.1601674492407
2401,62.15359685426817
2402,231.3429828033644
2403,6.319025056099277
2404,1.9908441702230528
2405,5.128445875578652
2406,2.4446955871471836
2407,69.87355870229374
2408,250.76622111596973
2409,171.7426543341176
2410,4.227350877689368
2411,6.516539898077164
2412,312.9121571263239
2413,-4.004220370626575
2414,4.05460731767238
2415,75.77776866445589
2416,257.49108995868744
2417,27.139200783803997
2418,3.2587210706227783
2419,4.040744395611076
2420,1.8039839034093414
2421,5.219921182353341
2422,196.08644350151684
2423,2.5205387695147277
2424,186.83874948578676
2425,6.22992376685681
2426,-12.001930527100598
2427,164.94290766699518
2428,27.718392506527472
2429,2.658397797995714
2430,6.168732955800382
2431,3.2291644569005715
2432,316.20926444396457
2433,258.44663456929175
2434,4.618066230825978
2435,59.37317430482238
2436,232.56889399336535
2437,-66.50315193201476
2438,5.659219927609858
2439,7.222357900252629
2440,174.86311985124865
2441,6.391089810195144
2442,5.829795164816568
2443,4.695008792596438
2444,-67.98841819657916
2445,6.448596141375439
2446,5.56918149323678
2447,232.48541173239119
2448,6.877944451430084
2449,6.357845415519755
2450,14.335522370080165
2451,2.8301044202631265
2452,4.403080934701702
2453,37.15462883022765
2454,291.1876445675006
2455,121.53417178811758
2456,3.168931082962926
2457,249.4338273386714
2458,6.095847437942235
2459,2.018345471289468
2460,5.773451229053942
2461,66.2079060669235
2462,51.15505848031992
2463,6.2441876160631615
2464,-65.42984719453801
2465,21.584845429953898
2466,193.2626392690992
2467,146.86680116400373
2468,267.88360710042093
2469,263.51185435253393
2470,5.79675722372655
2471,124.68374361416062
2472,2.7583252871578208
2473,21.903208121750417
2474,195.51915338877387
2475,6.377104381777405
2476,102.82597114535311
2477,145.68867489994068
2478,153.28776866093943
2479,5.34813678854267
2480,50.62214631226797
2481,76.45861522926864
2482,2.3693811940711083
2483,5.0763956065340565
2484,126.6053471622071
2485,124.43839074541225
2486,6.717900627468411
2487,5.416488153509672
2488,-41.241386116051515
2489,168.99306257826026
2490,5.618716152113331
2491,137.72537543035358
2492,39.3086587203011
2493,64.01230937267755
2494,5.917904771324896
2495,5.3764558992722735
2496,101.90293583619416
2497,71.1068527263148
2498,2.5223282130018454
2499,6.715699021123461
2500,1.8988388461972219
2501,82.34784216896564
2502,267.9368505386137
2503,130.15657784931926
2504,348.83748874375317
2505,3.531071086022186
2506,4.929130035720332
2507,272.5326324665234
2508,198.836480822368
2509,86.8306391409977
2510,6.59854803577291
2511,209.7521936863821
2512,82.73107184489271
2513,158.76237610769206
2514,223.31981158808753
2515,308.60296272184803
2516,1.9972715127388423
2517,2.3383979287921606
2518,291.0437600552555
2519,4.465983745057638
2520,105.54825403757035
2521,120.0410698934048
2522,1.6458704224526226
2523,5.769264947161048
2524,4.990331263127277
2525,291.0304600372706
2526,3.1443228964148466
2527,3.6780553340474347
2528,232.09608360013726
2529,82.742963316552
2530,236.20379625810438
2531,288.6778281509899
2532,62.288533901900394
2533,1.8197598001044328
2534,6.035381283524725
2535,5.867035228270948
2536,3.704349827087647
2537,6.393642726020391
2538,5.997195086802061
2539,168.95110552409415
2540,2.4495584632388425
2541,2.7004293463024163
2542,2.5551660817152304
2543,5.598005732492078
2544,157.83817644961036
2545,2.3770251041504786
2546,290.4103472246135
2547,23.016896203856305
2548,9.753913283967478
2549,155.83263733690444
2550,115.49757269940855
2551,-39.61630707528599
2552,1.9784160904159762
2553,285.5484191580004
2554,2.429680146810921
2555,67.95008660676996
2556,127.57610576668209
2557,4.581305963075081
2558,-11.017821097561264
2559,6.316298028764365
2560,211.27296543188254
2561,2.4164853520627725
2562,215.90819250685416
2563,238.932217767039
2564,272.4746965050467
2565,4.68597254007665
2566,4.392898290306144
2567,268.94597129480906
2568,63.16252110542256
2569,72.4399612238077
2570,3.5271453449523404
2571,91.3227611746968
2572,-57.58661888871384
2573,189.13046660492134
2574,2.971728074895366
2575,4.362948437009428
2576,3.2766920434424107
2577,6.586886613909255
2578,33.64274708393316
2579,5.981851961602457
2580,5.2487033493295945
2581,3.030111974183371
2582,-38.011772922383145
2583,2.6238884262137714
2584,6.594347368331229
2585,50.36252679279754
2586,4.989480920775402
2587,198.24925860155562
2588,217.2442997142034
2589,4.651535798210599
2590,45.59195894109605
2591,1.669900373258054
2592,117.12663883808253
2593,58.13859950948538
2594,89.1348690059082
2595,50.96268037888244
2596,47.756230104239776
2597,5.424594483257906
2598,6.256304901454637
2599,1.6716655353633176
2600,3.933359407456054
2601,220.9707036631848
2602,6.081510048697263
2603,354.63370937304387
2604,141.7115178946469
2605,39.24616099392384
2606,3.8946387989583418
2607,34.384581885161076
2608,193.1551246416248
2609,32.41874164911532
2610,2.698922007600789
2611,-8.969321319311607
2612,3.5040076715687096
2613,4.340790481875127
2614,3.024244980837341
2615,111.76616585310981
2616,136.48050911934791
2617,275.44047826373446
2618,197.75272934029988
2619,4.7290303083151946
2620,2.498612237184008
2621,4.56964373909136
2622,2.581058742738389
2623,1.7370253758847594
2624,6.698585284591147
2625,115.12329999800576
2626,283.7740935305731
2627,50.32059441252446
2628,138.07633960249532
2629,52.94291848530803
2630,112.18043316492968
2631,27.182620119132963
2632,6.006249659006998
2633,316.524471372439
2634,57.688542212316015
2635,161.00395022149877
2636,-41.60572038862047
2637,3.36670588144197
2638,-61.645014052166374
2639,-50.486113043316294
2640,185.6904239379068
2641,3.909188839869704
2642,5.851545088938124
2643,157.84926424862886
2644,156.75547671943207
2645,209.23938089051106
2646,2.672933863122349
2647,3.5580734073165194
2648,4.53015123729708
2649,6.554634307004942
2650,271.04591722771505
2651,222.0506368948938
2652,47.772813267889745
2653,3.555163271907215
2654,35.021944442513
2655,225.06952806152043
2656,241.0328527455628
2657,2.925834839527154
2658,17.96439603234156
2659,291.05583274081766
2660,1.816973925902481
2661,274.43840894913615
2662,124.55143142159224
2663,6.6457387496115725
2664,73.57978549949641
2665,276.4139801210031
2666,236.0046541983827
2667,-34.38676941326304
2668,36.34970917769164
2669,6.741698387327635
2670,95.24104702456498
2671,195.4784582514963
2672,124.87913517052368
2673,257.68647972339386
2674,233.13473172764583
2675,1.7291806718429716
2676,-44.161644477773606
2677,358.30719510915117
2678,4.046423211371994
2679,5.592586425800683
2680,66.4810042393921
2681,5.145924839757022
2682,2.4166427280001725
2683,2.469617707069216
2684,2.5046928742232506
2685,6.488740293950695
2686,16.23731244517943
2687,65.14758940177418
2688,52.73360095752018
2689,41.668561666917796
2690,159.2665009317198
2691,76.16110915606703
2692,54.264040539849276
2693,120.75637938629615
2694,114.18303174504462
2695,6.500794515867957
2696,151.566787687482
2697,3.7359857570975152
2698,2.480437755908276
2699,4.115152467843628
2700,192.9868697836609
2701,66.54169519225559
2702,34.58768992893633
2703,3.9259778291786356
2704,185.4970099268869
2705,3.1958075404783477
2706,5.333060830178681
2707,191.54071989517456
2708,3.031714995896704
2709,68.27441110844035
2710,5.598242781433068
2711,180.61931651451667
2712,1.8592423120519506
2713,108.13655256599185
2714,-46.48988811634446
2715,4.726818295491137
2716,2.720870720923432
2717,290.9830972130778
2718,3.5473450591818594
2719,3.2086251214235766
2720,6.730970266211601
2721,6.222446770488297
2722,4.0730959670133124
2723,219.22744403336003
2724,6.48298696499345
2725,31.271689693996827
2726,11.040951430000973
2727,316.6373848689058
2728,36.002388392024656
2729,186.91603499137995
2730,159.89187234010979
2731,169.62628015236896
2732,6.1234829095952055
2733,217.37831411771285
2734,119.47579123617018
2735,88.80500674563763
2736,87.41558698492922
2737,164.23561681185103
2738,143.05982860667314
2739,116.14800788578043
2740,5.489354638218727
2741,56.42482045581769
2742,1.4805863367186944
2743,28.688904601233553
2744,-5.8802306136231595
2745,4.48670300128793
2746,205.7674395984049
2747,177.43326450918124
2748,2.668174713816363
2749,5.326032441136929
2750,216.9953044401754
2751,258.2377897276686
2752,2.7221032796158644
2753,117.91311423514233
2754,0.3787674426920354
2755,39.79911210670477
2756,277.68242313392295
2757,5.899413296784825
2758,269.0720861506977
2759,42.795564087554865
2760,193.48522375357584
2761,6.50835222707612
2762,3.9134579794104636
2763,113.27210305570067
2764,4.814665854487811
2765,119.05864357811038
2766,1.9882310394550688
2767,268.5255741296018
2768,4.466522573661575
2769,2.607683946529855
2770,223.04514672970865
2771,164.57085644585595
2772,6.932904970775292
2773,3.2078780025965594
2774,4.426011292685159
2775,5.715289708005798
2776,4.128766232467207
2777,261.396236478217
2778,31.422195240984397
2779,2.098355472934682
2780,2.6967368822928153
2781,247.12491736993246
2782,218.78479544975409
2783,6.003741339081108
2784,7.432169878723251
2785,5.746093237311456
2786,3.6026852788358035
2787,42.82515840859611
2788,5.420141831495424
2789,173.5316799571916
2790,206.97655538247452
2791,79.45983727988587
2792,160.77756251429855
2793,169.57382558169752
2794,184.9931238687047
2795,46.64292217395338
2796,242.4993967633954
2797,102.47284699288437
2798,34.48409948071883
2799,29.20818065418223
2800,5.23590492039629
2801,4.173153471064087
2802,3.2744904360794815
2803,13.635254905282292
2804,3.8290761168278027
2805,49.84160706105426
2806,7.148005116314638
2807,29.779804251691665
2808,91.29523125864782
2809,6.452678990925209
2810,5.420987941277588
2811,160.88764518033213
2812,6.034362224983211
2813,9.811605539367694
2814,5.969941222701436
2815,278.3686360633011
2816,62.913669510395195
2817,266.5413061062785
2818,106.66737994108851
2819,43.18329355971167
2820,146.02464950757707
2821,42.13472832049304
2822,6.1772652640600505
2823,48.25980800689892
2824,250.9145278028101
2825,151.80822350508777
2826,-62.75002684879762
2827,6.286423981039453
2828,5.62002614557645
2829,4.697861969246986
2830,6.154613405665007
2831,6.120143134378987
2832,6.217645764919384
2833,136.26488312010463
2834,3.9164981061381736
2835,3.238918614296541
2836,3.4549090201755326
2837,3.4364946667092493
2838,5.816285062914838
2839,1.9628986150662238
2840,59.63890303404513
2841,46.85481263263402
2842,284.69858125662284
2843,6.023778806107485
2844,174.34644862363405
2845,292.15949725038644
2846,3.510587403658713
2847,77.91841898429468
2848,-15.283009980281717
2849,-48.59338278349946
2850,6.565355003960464
2851,6.994093687133314
2852,-42.67238009296888
2853,145.29275499882613
2854,2.303002205210737
2855,64.46440332894552
2856,5.9175086148433715
2857,46.06575173312895
2858,230.5019340529284
2859,1.3864086581449362
2860,145.64680380769454
2861,286.48221351678313
2862,273.2905084420081
2863,2.966914223873531
2864,279.48189939294673
2865,235.1579898663414
2866,2.1312015368283173
2867,2.336659925649226
2868,71.9633938541632
2869,54.013136554546406
2870,194.07624675177215
2871,6.229070079206187
2872,254.11642488065706
2873,4.8028630190044534
2874,18.147984990537463
2875,4.3109104874890045
2876,-31.915008838574114
2877,277.2818757227302
2878,-67.92465253930008
2879,5.018911293130163
2880,231.28904170008985
2881,6.011816222425278
2882,6.200614801080917
2883,4.230167845174772
2884,6.6961131717924545
2885,201.63641151149312
2886,248.9298081058132
2887,5.886187787410624
2888,2.0788236531761903
2889,6.4208513582839455
2890,2.5799926036771863
2891,-49.62931222482244
2892,144.90372556161705
2893,-3.637998909311622
2894,51.72925253263186
2895,4.893796410096344
2896,2.576476532778349
2897,5.299054285184001
2898,102.18042924497315
2899,32.20803636366539
2900,3.191708164641316
2901,27.093066832213424
2902,237.9926918905971
2903,275.9745334940261
2904,4.209728244114694
2905,4.128523499463258
2906,30.25655881271195
2907,3.945993574674378
2908,3.782779327407567
2909,2.036813975400988
2910,111.4426159953432
2911,3.8796141247360243
2912,2.064592898936518
2913,6.389003192751393
2914,6.461973218173449
2915,7.8553011111211895
2916,247.4890904575057
2917,176.50987840040293
2918,3.750359567294797
2919,357.7676298699139
2920,191.75949755772433
2921,5.446839825918323
2922,3.9771060860139675
2923,231.74692567972153
2924,5.33261922050672
2925,4.816556421244086
2926,5.972230545108084
2927,15.438336238825787
2928,6.4259026872753875
2929,174.55715423160558
2930,271.65364191851165
2931,2.407701675759192
2932,5.4161411765015846
2933,-13.970949065218123
2934,103.30821489843754
2935,-9.27378472748662
2936,-63.476024960832554
2937,5.8753346072185275
2938,27.558175183492665
2939,2.9780596321532538
2940,188.3115697565525
2941,63.01777540086391
2942,100.08067466630912
2943,6.245201795592357
2944,6.533432661355344
2945,5.643174962017175
2946,6.262594392184928
2947,-53.22139866511272
2948,2.4419471210454082
2949,6.617132725894997
2950,2.928579874327776
2951,151.99246678790996
2952,141.0056635920308
2953,6.801027009976414
2954,1.8324714177906576
2955,21.243852323293353
2956,6.594821232030359
2957,122.85147168979611
2958,5.200824982551157
2959,184.321812598863
2960,6.632281186517653
2961,158.55773748384945
2962,3.7946792523298303
2963,3.9877521344797855
2964,233.05094692499256
2965,188.33352167249603
2966,4.386324203251154
2967,3.498512860728771
2968,158.24526128143066
2969,-80.52485615139904
2970,1.9337030884029929
2971,221.27559612099242
2972,6.442852899342888
2973,218.24011719510918
2974,259.40464971912235
2975,4.473108389150571
2976,41.78086401063261
2977,38.968570567633314
2978,4.0781158461287035
2979,4.50127135949686
2980,309.2119555264023
2981,302.6126642420069
2982,144.86751898308034
2983,124.92197498364848
2984,285.7365548891778
2985,122.37061804110151
2986,305.85608222789506
2987,225.10937248238818
2988,145.00529977217565
2989,86.17409446469351
2990,36.84837221116001
2991,7.245656149940496
2992,2.8825496051565502
2993,5.583314792352301
2994,65.18381276977541
2995,0.6567645517751856
2996,3.819677477853297
2997,3.2772544381969997
2998,126.88591626649699
2999,130.9213199430921
3000,76.70483963081432
3001,3.0252906859594413
3002,294.0192669159248
3003,4.404214156313395
3004,281.33800698685747
3005,111.22910937148248
3006,100.43201128389435
3007,6.400623156994257
3008,3.0111682266576647
3009,39.03520327148145
3010,4.261404285710617
3011,84.24610058227816
3012,5.268953920690855
3013,196.94223298353535
3014,6.458002598529187
3015,3.520268682078541
3016,5.854226352179162
3017,6.553553984746495
3018,4.4605285887085415
3019,225.5655826081649
3020,3.4611001166966373
3021,219.3976841283485
3022,261.65184477388505
3023,2.8642347107672474
3024,86.60729897972313
3025,238.77992285872566
3026,157.03376993940202
3027,6.131329645573376
3028,5.36043377939194
3029,-26.299450587054427
3030,-42.62622256711176
3031,6.198806750859073
3032,6.432496492908289
3033,4.879378643585893
3034,120.32056171665548
3035,150.45709334287596
3036,222.71926110515943
3037,6.095367595294569
3038,2.243317653762905
3039,-24.57038796302191
3040,210.15452108949222
3041,4.884827436198908
3042,-0.867578286649251
3043,5.806107846461945
3044,232.0991112698514
3045,168.31414343535832
3046,4.458387121985279
3047,4.013976932674257
3048,53.78364061087127
3049,5.9142331032005035
3050,271.6410082224893
3051,97.44203676528464
3052,6.634846288420018
3053,4.059621093918681
3054,116.89639360165293
3055,188.12658355100646
3056,60.71451266115331
3057,3.242326750291132
3058,101.09254949939799
3059,1.8391025963927934
3060,254.3952281334536
3061,5.0884413317493244
3062,226.97538218804334
3063,119.4815483007219
3064,233.30396580853187
3065,253.38904027152674
3066,139.63799155476113
3067,19.959286634286883
3068,5.757618754525321
3069,5.939593568931782
3070,3.796490538950208
3071,6.261293512282355
3072,197.20017208351345
3073,130.24862902328582
3074,6.299740365400838
3075,5.929234678188285
3076,156.6106971656924
3077,-5.197993926918522
3078,63.671323449851116
3079,5.739064220181689
3080,3.1481510362666225
3081,36.89609901104036
3082,94.93077469302861
3083,138.97573012330304
3084,1.3300545633923782
3085,5.580284138105888
3086,203.57303031945244
3087,3.073956870178188
3088,108.01547105816894
3089,3.4459857091148836
3090,296.6666489056224
3091,192.3201535643695
3092,99.22061465120031
3093,4.304994288531752
3094,192.84261140152353
3095,257.3699953030537
3096,149.8196015726237
3097,4.7658076267709735
3098,6.102451800018658
3099,25.163396591016863
3100,84.4451458739754
3101,3.791966549459422
3102,2.377562402648162
3103,3.1230644586928107
3104,40.82358557702753
3105,-5.915137689665961
3106,39.466154484975476
3107,1.4522908190667776
3108,2.6913182702777916
3109,5.424659179117555
3110,256.68307439088096
3111,2.388433103031689
3112,224.43647243812322
3113,5.466759609147971
3114,-9.324246304403424
3115,271.84160116773285
3116,109.75340282070373
3117,-51.02928006248935
3118,256.16104078831006
3119,4.590154475988124
3120,41.611854778773875
3121,30.587694343230567
3122,133.8687752122992
3123,3.921192872480109
3124,2.5987340736863893
3125,3.6288378575393994
3126,223.894985698137
3127,275.8955690115489
3128,38.68387068096391
3129,363.2375141366927
3130,2.0781354703079638
3131,104.42081055120107
3132,189.89012653837983
3133,132.35551525800884
3134,237.20987228845655
3135,1.6814449992596932
3136,309.2930479749591
3137,2.945535986868479
3138,155.23946058969688
3139,6.000385722561431
3140,2.226890657640706
3141,40.72168641916019
3142,3.1624995949746024
3143,110.30284344755083
3144,260.94885264808
3145,5.102376207831748
3146,285.5657983181054
3147,107.5677269224634
3148,100.64462366758426
3149,-16.00032990873324
3150,1.6502963816562863
3151,246.92095829164316
3152,7.108651443818513
3153,237.16426072888487
3154,197.7185572973272
3155,52.84768430965447
3156,53.546900620551725
3157,4.913698705288019
3158,281.32381944472456
3159,123.10849010007462
3160,272.19066811996333
3161,-34.98595445701677
3162,3.331336557229072
3163,185.88375701969244
3164,2.8988403015101474
3165,-3.840247462730704
3166,34.5438292487694
3167,6.596533250979114
3168,5.501289551754506
3169,3.589206034246243
3170,219.01351852998874
3171,3.2499126353487995
3172,229.99913804977496
3173,279.6734557197963
3174,63.00395135266055
3175,-57.21131867513624
3176,3.6067860621013432
3177,3.261976235729077
3178,202.69005605870308
3179,6.357298740069613
3180,317.14037696641833
3181,191.8570606410667
3182,280.1735209109264
3183,5.959683862909884
3184,82.29517898100421
3185,6.694472929645571
3186,160.16261817342541
3187,285.01578822253737
3188,-62.18037073906747
3189,231.80314342967785
3190,4.330648708200081
3191,248.7711175664483
3192,63.27064366348965
3193,6.318693888129692
3194,4.70035582978662
3195,5.942850033000473
3196,137.71863992463076
3197,5.431541484239301
3198,176.40396836160727
3199,181.60854302808204
3200,1.9624146149214718
3201,324.73749893339203
3202,4.4844221887703855
3203,4.88232544243852
3204,0.9062250182542189
3205,6.507449843063144
3206,281.09835276441135
3207,5.878997430104983
3208,194.3352932407031
3209,-31.209639204004983
3210,7.618253636227244
3211,198.77234628328122
3212,214.46592601950584
3213,2.941557513355777
3214,269.9255215523538
3215,3.206769119985455
3216,5.9467386798369155
3217,119.03791226822159
3218,298.2901389239123
3219,74.24844753073319
3220,68.17795629777731
3221,72.3560415834271
3222,243.13494369531594
3223,350.1258800809567
3224,-66.23065825227222
3225,145.65986484152722
3226,6.035667220509804
3227,5.9340487785213805
3228,10.341769449494105
3229,297.5040822941362
3230,230.65030350343147
3231,6.391039241980492
3232,4.819520587712247
3233,5.722238972596479
3234,4.130711371681945
3235,103.70126070409582
3236,143.02800437540338
3237,9.216636048642764
3238,313.6494926170766
3239,6.528472774312771
3240,65.82851664649577
3241,18.610837815375625
3242,2.503175170736288
3243,30.77694736171229
3244,214.85581766443397
3245,5.402032418722017
3246,254.56823826539363
3247,6.276806609560729
3248,48.853418429974
3249,-9.166863297426534
3250,221.80306213390838
3251,227.18327563297797
3252,119.6649155400226
3253,54.21033033677997
3254,154.4998572954874
3255,6.494315711279446
3256,6.387341648799554
3257,44.23170768567569
3258,2.364074816301239
3259,55.467885435971795
3260,5.863636962324332
3261,104.27745093629156
3262,318.97961173683217
3263,1.8565866997524516
3264,3.478924694061263
3265,151.7765527988292
3266,3.7356444893200758
3267,6.6763922951778465
3268,3.3044496381189674
3269,4.490584526431078
3270,47.3455912507647
3271,229.21293123537157
3272,2.2839045470872352
3273,188.8891522718122
3274,210.3874549714076
3275,140.66542660863553
3276,72.52505935208316
3277,5.618512001630883
3278,6.430380652146101
3279,3.2230808315376573
3280,182.22320758717544
3281,278.95768027330223
3282,2.7184622028437655
3283,384.063156185455
3284,333.2739946844452
3285,95.01715537478333
3286,3.119436239352871
3287,27.8968720578986
3288,39.09322487905864
3289,1.8243115683762354
3290,66.22191207042816
3291,260.2503359601664
3292,2.971455355860356
3293,53.94083925002481
3294,213.2172278288653
3295,132.46564351937803
3296,31.079044478735014
3297,200.48037390866324
3298,2.3491170011719724
3299,250.85329837288666
3300,3.2563507136456247
3301,206.59169577304806
3302,204.76060022849134
3303,-6.534648542348204
3304,250.3105870354487
3305,5.328209256862959
3306,4.623708323321527
3307,187.30708019573456
3308,3.02858899568709
3309,6.442124032447801
3310,-41.986451720793575
3311,2.270913487120163
3312,3.87262212154866
3313,2.4523731163502704
3314,6.026638348464382
3315,4.720418987776759
3316,313.9741883043873
3317,301.9404361400497
3318,45.43933395249085
3319,1.9369825718331577
3320,2.1995266941198794
3321,5.298488468966877
3322,134.19324712851588
3323,4.337250092665951
3324,3.573548619521766
3325,332.25741207250337
3326,81.8227539852241
3327,-51.989018406691365
3328,6.437830152297154
3329,1.8292578345244603
3330,189.1556248088221
3331,117.45891742715975
3332,3.1484574822215734
3333,236.84387671597128
3334,106.88765857436147
3335,3.314645293945908
3336,4.467653419545583
3337,2.6118688117702664
3338,1.741907731457956
3339,-2.735756668142804
3340,31.196939128209355
3341,51.410943793496116
3342,201.49744182309152
3343,139.36204666762043
3344,3.5493125681424007
3345,251.24256989387072
3346,292.9481124971918
3347,182.213290314988
3348,77.13555416686604
3349,5.523717986548827
3350,3.8237092193335367
3351,2.482355291895864
3352,1.8776253367828704
3353,172.2340267018261
3354,71.64022460350196
3355,3.0005228339242414
3356,314.9975166509545
3357,3.671819890316592
3358,242.18380233482532
3359,67.98564988615874
3360,153.15552106758182
3361,3.064862604543114
3362,2.883963115304347
3363,2.813659914482047
3364,26.806228443212422
3365,107.21230186686736
3366,4.632284506093287
3367,3.970737745721819
3368,68.95172645040813
3369,4.637089882149267
3370,70.04242013667282
3371,-7.462644705107991
3372,208.14865542392073
3373,45.93722040443092
3374,321.4657540497559
3375,2.528727816332563
3376,2.4900474858965596
3377,102.24495514217946
3378,5.563253210167524
3379,11.83125738851424
3380,319.40425410029303
3381,6.5935389007011675
3382,84.28914342040196
3383,6.273588009667173
3384,22.61211628841925
3385,4.023377603291125
3386,54.30915662856843
3387,2.152676399479646
3388,182.9228029653671
3389,215.70039737861325
3390,2.4730684010279766
3391,5.745766815296687
3392,5.0616176607846
3393,185.01086473840775
3394,132.52456120118308
3395,5.270434334135519
3396,5.478111364878737
3397,151.7992055247345
3398,2.131577048294029
3399,197.49878708151232
3400,159.85243646938693
3401,5.250727999452502
3402,1.2688533830628774
3403,84.0402235640475
3404,93.32465325115658
3405,171.9789933501288
3406,173.93791392980347
3407,4.323492047185279
3408,60.896885217922375
3409,108.05080451814877
3410,5.750967059481052
3411,4.9632305593276325
3412,49.82627001554975
3413,2.1809787105442946
3414,6.61143504206967
3415,120.7623346635157
3416,62.02160518723072
3417,202.72632375408654
3418,169.07791878931087
3419,-12.59238250446604
3420,11.888349457233122
3421,-67.61083082754229
3422,168.9204367015633
3423,1.9948790777612002
3424,3.2212515165013857
3425,7.10586781611166
3426,3.617474535044667
3427,57.458245292369796
3428,2.3824965262084463
3429,326.7191067929116
3430,311.7326495744333
3431,107.91295419683136
3432,5.981760643465911
3433,82.86381408283067
3434,1.8873907047128624
3435,309.6710503797715
3436,210.59233992746522
3437,3.32035726202888
3438,29.80220519059003
3439,277.24908764450186
3440,6.679242824455377
3441,4.871668862033252
3442,224.73102994717237
3443,5.103247777198916
3444,205.60376719343003
3445,3.7842356326224165
3446,5.839042156731464
3447,260.7539155504038
3448,5.313244961274617
3449,5.599726031767787
3450,90.00540762375431
3451,199.400639706511
3452,2.188001222286113
3453,2.5642526750367223
3454,19.89294627734545
3455,4.133423130569355
3456,5.219694583151518
3457,3.792089507388348
3458,6.217500025712816
3459,164.66529370447017
3460,-48.690323278347236
3461,2.5070060427874585
3462,43.428416650139795
3463,225.44176788605003
3464,4.69463867171494
3465,2.67977139865795
3466,5.98073697459604
3467,112.30618616595277
3468,35.97929215751559
3469,310.9118649332086
3470,147.9950697107853
3471,19.184954509690925
3472,278.44054183335277
3473,6.383551790206042
3474,3.4688473477561397
3475,4.7052360273700495
3476,35.93917398440427
3477,3.6252018508854675
3478,6.620522324090802
3479,2.672463336992026
3480,109.61387932341707
3481,117.42782246982917
3482,89.39278374060174
3483,65.24911344339775
3484,183.13765328808628
3485,2.4364652425865194
3486,227.89720199751355
3487,5.833161667696964
3488,4.505958801067154
3489,3.521637302910598
3490,6.128300473934379
3491,3.336339597470667
3492,2.2801798684073877
3493,306.8147262980777
3494,170.83518626680464
3495,6.370279587899761
3496,45.237223211471
3497,4.572339038123265
3498,6.649837375494927
3499,-19.79581375436249
3500,71.34317273873651
3501,285.23219484439187
3502,6.084729989169258
3503,3.093768810005167
3504,118.37977843407039
3505,137.10671009463326
3506,98.19866933595344
3507,6.294854996028668
3508,3.000763843661214
3509,3.2552944118213434
3510,276.0253216607959
3511,2.0134595208141595
3512,68.41223774393828
3513,101.14667272407434
3514,3.4288023156977046
3515,68.02271814739362
3516,3.5635715696705668
3517,191.36973542187718
3518,4.445068545852081
3519,234.6321356621556
3520,295.60996866666335
3521,1.8873982033176637
3522,65.1289967115411
3523,4.647976168279383
3524,6.668222470292898
3525,5.263628186681855
3526,41.87076513191356
3527,1.6735939307960692
3528,281.0333086238405
3529,205.73086565108065
3530,2.4517696479044675
3531,76.29287051357207
3532,272.8041134003598
3533,41.74301096508153
3534,7.837217567038271
3535,82.14465671517397
3536,3.52680636430036
3537,66.39251669881338
3538,6.98238726654135
3539,4.238945967726503
3540,170.16291641186507
3541,-64.83906963677649
3542,2.480831130544157
3543,202.27882822136937
3544,42.02172323793933
3545,2.4885718096908915
3546,5.334154717536281
3547,168.12408405092745
3548,5.471635959946564
3549,1.7530109745594966
3550,4.448751699806719
3551,3.9769871912298145
3552,5.728949300666418
3553,6.028972605121619
3554,162.4893069944036
3555,3.832799441597447
3556,1.94771907173869
3557,118.99206893776673
3558,5.121413322260217
3559,94.84504741818802
3560,64.11023784740347
3561,6.151763248154925
3562,27.989411086011877
3563,-49.40092883045193
3564,5.8538433538997765
3565,4.961797832234166
3566,182.00482639272144
3567,1.9713212748840345
3568,225.05437206058684
3569,164.74465728336872
3570,42.30479168365665
3571,197.79051035620984
3572,1.973388378326886
3573,6.069819629867366
3574,5.836293396597873
3575,2.0964018128202033
3576,5.286433384083816
3577,6.2176029116204585
3578,88.87715652849496
3579,2.0882862472122135
3580,69.73973081308495
3581,244.752815491916
3582,74.20954978228343
3583,39.86329889211177
3584,6.834906367318471
3585,29.766606316775885
3586,5.8163980096878936
3587,34.99062733066732
3588,3.0846626797226655
3589,228.91174680998273
3590,3.1937078331126028
3591,3.3258140482153267
3592,177.42217927981238
3593,3.687537941957724
3594,17.289471552609374
3595,6.641261642499064
3596,32.94640037346966
3597,319.2176556981838
3598,88.06398736383485
3599,93.11120375246108
3600,2.5886102998927596
3601,297.0474391541537
3602,26.042773183021396
3603,5.16153465268702
3604,2.9902895581798705
3605,184.22642123563426
3606,2.12367667531413
3607,3.7754211129672033
3608,278.0616287393136
3609,212.20004027783662
3610,54.70609565393558
3611,5.215822076651174
3612,260.61396904767946
3613,6.397519105655826
3614,4.785366072930301
3615,6.417299891680945
3616,56.89109080602145
3617,4.984504817048757
3618,2.7638749343460107
3619,-54.884871784966506
3620,-16.732624119485696
3621,69.29044796036291
3622,5.404765282712649
3623,264.1282824318687
3624,-8.781045437239142
3625,101.37651624462603
3626,39.41279887453638
3627,34.747684993848026
3628,6.345628864314854
3629,51.3125363208504
3630,252.45743099567767
3631,287.72398692351175
3632,252.59030437865832
3633,259.5226387219177
3634,116.1088024972355
3635,122.54594301611976
3636,4.296013402901579
3637,47.344875178000564
3638,73.90608900709805
3639,4.914837906684255
3640,339.87817767890135
3641,222.52800273468716
3642,156.21928227016454
3643,183.5017549312838
3644,6.521734438554105
3645,118.88397797209677
3646,2.5519102014091883
3647,5.843903036533224
3648,241.42519995459514
3649,21.871173103380833
3650,3.2391859324291286
3651,193.62675919017016
3652,49.87478031487893
3653,-3.6495595097501656
3654,72.59337770900467
3655,2.0881624608200076
3656,139.20114245771774
3657,5.789077956077792
3658,7.771930338952545
3659,4.612369429418854
3660,5.802166810349041
3661,37.59807801060948
3662,2.1167532358864007
3663,5.661631352141152
3664,114.93728550746746
3665,4.713031543276609
3666,277.9318475249752
3667,245.83627385356192
3668,258.87542209195715
3669,223.78172064191722
3670,6.469726526847426
3671,6.3397321583056225
3672,224.98262796610072
3673,5.0326020260813475
3674,284.57082348641507
3675,150.23305377260274
3676,46.734640907408945
3677,29.692378111295394
3678,-4.8011433759326945
3679,4.578717102452438
3680,3.3981792635347405
3681,147.882158994548
3682,80.7946621631012
3683,151.1417339677244
3684,30.831452863992038
3685,147.88348575656414
3686,277.90781654142063
3687,105.71412677329279
3688,275.70151719586545
3689,2.4110576896817117
3690,211.7692314661466
3691,214.1638473029064
3692,286.0908307837832
3693,273.5246440197835
3694,1.5339823222560023
3695,246.22927462228887
3696,208.5493319725182
3697,0.8787097209414108
3698,-32.85534570525467
3699,4.263402868794581
3700,5.578544397186789
3701,352.27507092371036
3702,3.8606836094691723
3703,4.014590013193912
3704,6.149967728370365
3705,1.4202177647386414
3706,57.54014471164185
3707,1.759012964303734
3708,104.76710840807073
3709,3.2154861609930965
3710,6.723199419433667
3711,345.696260693266
3712,101.56703642698822
3713,5.533157709526254
3714,330.7044422400539
3715,2.3583870738865413
3716,2.0019527276019344
3717,149.4804468520681
3718,70.70015426223148
3719,166.6964212400953
3720,156.86784247912084
3721,2.7207357619122563
3722,4.024768049176972
3723,3.354793008077275
3724,1.8896778876287088
3725,67.1395369990688
3726,1.778643928220545
3727,226.2403311192375
3728,60.20177120099804
3729,-36.100365378378925
3730,145.80888801208096
3731,81.53365235494067
3732,3.5769497147344502
3733,-24.539368820579213
3734,3.03793452997399
3735,2.441024630277397
3736,-9.006697508377776
3737,6.226178108764197
3738,191.87135430020905
3739,-43.114010545114056
3740,237.5736597518433
3741,36.02834639415079
3742,262.88361483697304
3743,2.33095009464916
3744,77.30397736022655
3745,-10.574093188955134
3746,5.018967041721032
3747,5.049735786033275
3748,191.6309425460173
3749,68.41415968532547
3750,1.586097034207507
3751,221.45872064322225
3752,75.47331810901994
3753,4.7673520151325075
3754,3.613446964634607
3755,2.8218144087449666
3756,5.56128432462854
3757,38.853504702094384
3758,6.073168590460012
3759,46.83617589370494
3760,1.9422140581814333
3761,6.481936265157593
3762,6.355515833353229
3763,119.7272651341614
3764,171.69316591738286
3765,361.1311877375542
3766,6.59343675281932
3767,281.91302882404693
3768,69.27618932589763
3769,1.6637373990674182
3770,137.41028142235012
3771,3.7470253281822865
3772,188.67957748067113
3773,243.71919357600484
3774,2.4910179147322165
3775,4.079904770642086
3776,248.57956334278492
3777,6.190485437882463
3778,228.77674945746952
3779,295.7376943381314
3780,6.146049554512063
3781,6.463346047687365
3782,2.0555180564171494
3783,2.0634715332859983
3784,5.501884091206553
3785,30.341504134246836
3786,94.32600684910582
3787,6.080786181175202
3788,6.688706029403493
3789,285.8230241474971
3790,7.040356384574574
3791,6.267925212750287
3792,3.804105895064186
3793,36.05918757706911
3794,-16.16805795503451
3795,192.50529154336755
3796,183.6352754895822
3797,4.795921209792795
3798,200.03956131953726
3799,-61.09845827055196
3800,242.4383936075381
3801,137.71996228909677
3802,141.08890340534685
3803,48.31397249898794
3804,54.423145883822535
3805,5.117189615476603
3806,3.0032267459516224
3807,124.50628098111119
3808,3.8446703751920346
3809,-35.4444542477466
3810,2.786122309587132
3811,4.337571332869809
3812,266.86193809630095
3813,3.6121813551969932
3814,291.9919231027769
3815,7.110186763508401
3816,3.4984845744346487
3817,51.81947508320728
3818,6.122900498201954
3819,2.357619589495531
3820,140.68183472988693
3821,7.348917447544396
3822,5.484481407967933
3823,256.2694654058231
3824,5.209828840371968
3825,250.6787996981523
3826,6.049636348571198
3827,309.40315089861065
3828,304.9706641894123
3829,6.607944448953052
3830,244.99248009138864
3831,67.08790231337821
3832,1.7717660136933338
3833,60.84899557721796
3834,18.023969327870617
3835,2.7655795601695567
3836,5.155746382647994
3837,6.735695458585088
3838,5.883931104364278
3839,242.40612362097937
3840,5.682333042059307
3841,124.12089042393023
3842,3.4100473884574414
3843,270.29184368586516
3844,5.3952032941424095
3845,5.585171709344762
3846,6.569479871495614
3847,72.70352225969874
3848,111.14370160501974
3849,191.31483848966957
3850,18.913248220525475
3851,107.73886114894445
3852,239.69532020220328
3853,5.508442989968308
3854,249.49044632249104
3855,1.9064125362174407
3856,57.55263876586285
3857,4.003399150207658
3858,3.1609856253633715
3859,249.84285679997555
3860,6.236521549877937
3861,-59.372725925833215
3862,-7.694031003555109
3863,4.036685846931157
3864,2.8981594694551953
3865,288.03307675373117
3866,4.113211095849235
3867,202.77081762043
3868,4.83152066298007
3869,3.0209325708051296
3870,185.56013306571668
3871,44.241109830593885
3872,3.536765226627712
3873,28.152842623112903
3874,350.27036684714966
3875,276.6012492876653
3876,101.25165353207522
3877,-64.20155123646647
3878,212.4478192122206
3879,243.90417412596605
3880,6.47581229579488
3881,4.201302723965719
3882,2.77222076981281
3883,208.93845242593966
3884,151.14578589861617
3885,6.427220121347101
3886,5.490656388576479
3887,6.254369419158989
3888,2.6930602903112986
3889,172.4835833687569
3890,1.755391095061532
3891,2.8425242526646795
3892,174.7475456607558
3893,2.5676748747768765
3894,297.8041468789786
3895,-33.330504765336805
3896,32.30840102357469
3897,246.360682816686
3898,192.4962044499573
3899,1.760680389575987
3900,91.19291859806327
3901,107.78805676206272
3902,2.913300128488139
3903,39.66115530285464
3904,52.52629641476824
3905,3.427082509730799
3906,7.946586256802456
3907,200.15352584671717
3908,147.06722175814213
3909,3.3016047636245553
3910,3.8453279474722857
3911,240.53801644082887
3912,4.79769646326922
3913,37.688635397220295
3914,281.8087330631326
3915,7.332770685585119
3916,5.872744902339548
3917,3.86142912939804
3918,-45.3111382726273
3919,4.532134748101464
3920,31.09269593035104
3921,53.639233341056176
3922,7.005245363873896
3923,3.6783138096513044
3924,364.4561131523627
3925,66.29030985275419
3926,1.9591066301697018
3927,249.88399276523182
3928,3.4550779798989577
3929,5.1108109689437216
3930,6.36685315298644
3931,220.091131827534
3932,4.653539736569785
3933,2.6431459254904133
3934,6.572766890411998
3935,221.75517885525562
3936,1.7955821207455034
3937,3.3715243290050543
3938,2.31211026596657
3939,325.5238007346621
3940,6.07895347669646
3941,6.169847708029894
3942,5.37215427924585
3943,3.1768714621663117
3944,6.637179944197821
3945,334.39082350253454
3946,189.72511029800228
3947,29.749359915482238
3948,149.44610239948162
3949,5.282919529744528
3950,248.7859114541211
3951,1.7526187619033315
3952,110.66625500209585
3953,126.57694169960622
3954,2.336973483464264
3955,6.2040981118276965
3956,191.4700955460671
3957,56.19936737757284
3958,68.29990899596079
3959,233.6355359482351
3960,6.196541926188779
3961,6.123963894396231
3962,130.54549279172036
3963,5.882193752814043
3964,208.95370261535362
3965,6.149949707072235
3966,2.6388849964756114
3967,4.108581496807858
3968,195.0823954155838
3969,55.27646018100164
3970,2.3450216926266716
3971,3.3235945579949
3972,2.565375246362506
3973,3.0837097461598595
3974,43.568460882370644
3975,47.613176994049056
3976,3.3711212906458963
3977,4.194697339081573
3978,3.5906326333681617
3979,123.37959915211003
3980,246.24413466486894
3981,254.89521170184588
3982,5.424336697139457
3983,3.535552381985779
3984,370.42777089772835
3985,229.24252296475385
3986,178.78544932322563
3987,87.32204196122643
3988,3.151429330715895
3989,12.873026207993869
3990,92.83261157330875
3991,252.43427513770084
3992,5.906394808246967
3993,6.1430929370637894
3994,38.464626549279544
3995,121.72450734552822
3996,3.846318798442546
3997,95.24104702456496
3998,2.4084273667170266
3999,279.5527990559858
4000,5.245251848155679
4001,4.252275431566417
4002,28.398122628998657
4003,169.14338334559275
4004,2.2591430111926187
4005,309.59197648026145
4006,68.43589696987338
4007,6.8533878429188215
4008,3.358041224203647
4009,5.8287597864049125
4010,191.8663681656153
4011,3.271562371221967
4012,6.363467982733733
4013,242.94624097230837
4014,5.876116013311312
4015,6.243037660252131
4016,67.39911428965873
4017,152.55656447719508
4018,122.056527236048
4019,1.4435578032066125
4020,1.9958976138139486
4021,129.77398738925922
4022,53.29223458659945
4023,3.6098455573547845
4024,114.36620650789577
4025,45.390860371613144
4026,57.51221022935904
4027,269.5882448012261
4028,102.05749650981349
4029,6.658946274874042
4030,2.5828909845519963
4031,115.8300737296945
4032,87.71578348962264
4033,2.4914339200197517
4034,258.74304545238886
4035,111.63957915552544
4036,4.2488723776494695
4037,3.5705024745140497
4038,6.0113978012476705
4039,5.857577704499019
4040,107.07964571041042
4041,323.0968311717929
4042,61.31906963114983
4043,265.22964373262846
4044,4.4070152300083745
4045,34.98802388924175
4046,5.853618804874429
4047,4.450487940755973
4048,278.3356157082544
4049,125.9248279507494
4050,275.64147092152314
4051,63.10785701540414
4052,2.686936420513435
4053,4.033348288970775
4054,5.208031230451689
4055,4.347453865677003
4056,269.41958637464154
4057,6.841854192068494
4058,290.4126925141202
4059,20.931274170076012
4060,267.74837975509905
4061,101.00853311174141
4062,3.8915610155221447
4063,2.128905544449222
4064,224.23500418252894
4065,2.0329274003114426
4066,103.48606879171857
4067,202.39970621194635
4068,167.45258808517173
4069,346.90571489335946
4070,2.688060062027059
4071,2.817501930309091
4072,1.7612311186720175
4073,3.3223827589974064
4074,4.23912640300665
4075,-29.235618900034005
4076,42.333715131586764
4077,4.815928085012752
4078,6.297189001526194
4079,7.178977610713976
4080,277.6779933060475
4081,4.768317046743622
4082,122.34132709001375
4083,4.1382848505150704
4084,13.320148031114439
4085,22.021256723128147
4086,-3.889663938984981
4087,4.277638106662584
4088,4.926846338656672
4089,68.85661385754952
4090,143.19961255321192
4091,4.477022468564993
4092,72.59573825616096
4093,28.91038208770206
4094,5.0063248122140855
4095,6.74890845451794
4096,2.375551027971563
4097,2.620404004779539
4098,2.9658866355182667
4099,-43.49724352249628
4100,67.22977425508597
4101,5.686426047965534
4102,4.3977311210545
4103,68.92882139218108
4104,201.25000958533798
4105,5.811781813189711
4106,118.43540893935383
4107,90.60594983573208
4108,72.15089504492357
4109,235.36750970647807
4110,6.172690152323778
4111,50.849067827549675
4112,77.9736855198206
4113,3.305157037725384
4114,5.085796481616844
4115,82.56172510081646
4116,91.74492425725583
4117,90.67732859944613
4118,289.22683329584845
4119,244.23747298414918
4120,227.86042286032438
4121,90.67300133612693
4122,-23.261009285661785
4123,2.2072165962638337
4124,141.20544501433568
4125,2.292414061913276
4126,53.82327818810342
4127,5.905466299923746
4128,1.7687489616548397
4129,6.229029500563934
4130,2.1208044110741735
4131,57.61030907008772
4132,6.112273749531005
4133,5.177567702530474
4134,110.47254660056566
4135,20.788056040070185
4136,156.70181418128084
4137,326.24238110885955
4138,-10.556658777302081
4139,104.51226307532954
4140,61.80469653568967
4141,4.161942519938733
4142,107.10059949712794
4143,310.1484426001661
4144,70.34398370762915
4145,190.99213198166393
4146,73.57199424464395
4147,65.93388267206585
4148,290.0210014889715
4149,64.90771542077094
4150,34.564319302029
4151,51.69508330898982
4152,114.85858943560817
4153,4.220754416466097
4154,344.5618814715963
4155,145.04325011961637
4156,3.4405449341330785
4157,23.911859749644
4158,4.047098832582871
4159,4.924486874103279
4160,144.3359599992241
4161,183.55714968336756
4162,6.283910432626586
4163,57.38538269341242
4164,183.03428324592159
4165,-9.668495275895992
4166,45.23994166102702
4167,101.45364539889103
4168,5.4240628963298985
4169,2.445199570219602
4170,-1.3977207799788092
4171,91.62055596713876
4172,4.21234373402711
4173,3.9740270327410974
4174,63.148636388546144
4175,118.34343996007385
4176,2.020403768964722
4177,4.220476547527186
4178,12.902773635825511
4179,123.71659472895793
4180,163.9928631663748
4181,63.9185914987553
4182,61.74343676570831
4183,28.001144531059225
4184,194.3531414087028
4185,273.904262775795
4186,2.5029747885246296
4187,70.639144689157
4188,4.18695663114676
4189,4.34328679782148
4190,113.4739005851265
4191,2.1305432295018356
4192,44.60646269079482
4193,51.89790285990341
4194,5.915364833494225
4195,4.221150822136567
4196,132.2865138614576
4197,6.404562137618749
4198,3.2122712743746087
4199,5.064191812133918
4200,299.06289657933553
4201,248.86594607955658
4202,175.38307516508624
4203,5.735329709259831
4204,106.71146740473327
4205,4.908059756793877
4206,7.743862383143769
4207,123.60070503165664
4208,156.60785402300127
4209,231.2443612060834
4210,-50.220736189538016
4211,1.9536760685279373
4212,5.820315537824966
4213,-11.631017046568623
4214,7.323433992580888
4215,3.1134969750796415
4216,1.5481616607919315
4217,3.3164244010121626
4218,5.8826380484090475
4219,53.99122270397392
4220,63.59562169297946
4221,2.1857252306299073
4222,108.99258551984221
4223,3.0182365266511804
4224,6.264285302883396
4225,5.207912792371374
4226,289.20456397172404
4227,1.950371162307842
4228,208.60572340273285
4229,115.35676277189887
4230,2.816781632265488
4231,2.8147115664839717
4232,56.80357789053415
4233,3.209555802655294
4234,-5.221989106818315
4235,64.83884381028537
4236,248.5758560082537
4237,176.4631183635487
4238,3.2995944678879496
4239,76.92162783231873
4240,3.671745885233753
4241,34.494073503065835
4242,232.26656862847835
4243,-56.30647732809278
4244,327.01089789162904
4245,5.110161833512463
4246,1.9376591013662106
4247,3.917028058658114
4248,4.147932493874611
4249,-24.698295115445497
4250,3.873514472689108
4251,293.65212179561365
4252,6.62473860090841
4253,6.065171845087939
4254,5.141784486254229
4255,-51.44690586215971
4256,1.015993773826707
4257,108.9361501491934
4258,2.3369377404404372
4259,1.5933081872663268
4260,86.77634698971312
4261,2.411122539149053
4262,281.015605394531
4263,94.54008155363995
4264,2.6724176982333203
4265,44.28160087324899
4266,4.216345681540275
4267,6.231351528128355
4268,5.658670106153164
4269,211.16722908797703
4270,172.55640073213652
4271,157.62627241076956
4272,4.440300504595195
4273,8.036695304227106
4274,102.13564655956631
4275,6.649388143098506
4276,290.91423726378866
4277,235.11187970995923
4278,376.73939590971355
4279,310.46426351099706
4280,121.33990794542336
4281,86.97636658635693
4282,10.454529455543426
4283,6.33362326091524
4284,4.452052693016324
4285,109.14852399473145
4286,305.25200816844773
4287,1.7733314421068385
4288,202.1180733677744
4289,208.12958866788028
4290,173.44732206709145
4291,2.984568976954437
4292,5.056274256404277
4293,8.207724788815725
4294,-29.409285711547234
4295,1.129398735448539
4296,5.333325050778889
4297,6.428071598871803
4298,5.759626215883539
4299,59.28892560686272
4300,45.656823148748245
4301,1.2764917127151107
4302,105.28055429116412
4303,1.3992316663415474
4304,-40.930658766362214
4305,3.667511494407263
4306,293.86099952866084
4307,2.746588114984309
4308,17.289114960392116
4309,4.584060917849834
4310,2.9593872235727257
4311,9.717534617822608
4312,304.00191774945597
4313,2.984332983162189
4314,3.172339384872082
4315,227.76665111112925
4316,1.3832944582763114
4317,194.51174119202577
4318,6.153153249400344
4319,52.91584081421277
4320,103.1581778348206
4321,4.765596904248275
4322,294.6240469275938
4323,74.48702072724114
4324,3.4490646809520173
4325,6.677574059454536
4326,3.41014802037824
4327,104.42358114365017
4328,131.44129145160625
4329,198.9169199105043
4330,-11.005323561110153
4331,2.559596279941016
4332,2.257931564011428
4333,247.69628453863083
4334,3.2792309124502497
4335,3.5874987234480304
4336,2.173179106144611
4337,5.808326443459634
4338,0.1721744685569302
4339,5.720514846600193
4340,-33.08279002502665
4341,63.62913042130613
4342,185.64903573983258
4343,171.1332183568543
4344,107.6557955137535
4345,5.8848802997984535
4346,4.702272769618516
4347,176.99772788976765
4348,5.5705882892991525
4349,103.06096288655186
4350,-48.05241420273839
4351,115.32605845450358
4352,196.4826593086654
4353,5.092488444877443
4354,113.22425368131601
4355,122.12318368776536
4356,1.908063951473756
4357,5.285554416086409
4358,320.5132920131145
4359,223.71122949334838
4360,3.509215941172023
4361,-3.242139253769138
4362,1.1434611807976964
4363,3.868621923097453
4364,4.385756731729474
4365,1.6559404618984526
4366,3.370901836122554
4367,256.26702859154375
4368,-29.994923855791626
4369,82.49002395560368
4370,6.3610397149496105
4371,198.19157797816797
4372,83.02593625518506
4373,325.7943059603151
4374,6.295045250358838
4375,226.91567818937727
4376,279.76230197047744
4377,5.426721926207819
4378,5.743142544454296
4379,170.76070669059166
4380,3.0126272036960557
4381,2.46640295288615
4382,6.643932937588797
4383,29.251290737324652
4384,4.887386003974274
4385,196.97890416466458
4386,36.663158836331604
4387,289.31982519977663
4388,67.81442734298432
4389,6.652245795962908
4390,4.464038167715743
4391,3.852828661337714
4392,2.41513400388252
4393,82.26381094895726
4394,78.71238823203049
4395,3.1501379629332473
4396,17.73566326900333
4397,2.513811592076461
4398,6.402817257676407
4399,3.820662790444203
4400,251.72714932171425
4401,6.824671836855258
4402,239.33027256713433
4403,245.83014425024547
4404,240.63253042675888
4405,352.7504757424572
4406,46.32446181313077
4407,95.98824304523666
4408,6.346899739047259
4409,111.57179087627148
4410,-92.47522548291334
4411,2.7507323301907878
4412,273.75470272746065
4413,220.6831440089259
4414,3.7981146699301935
4415,190.3120147442815
4416,66.37281282171315
4417,2.71446129249734
4418,231.54318136038168
4419,262.40606856431197
4420,372.38514664920183
4421,327.09968862956964
4422,12.495325270857583
4423,2.4886629090214036
4424,51.49201061682078
4425,187.9599302575072
4426,5.49454745255114
4427,214.89123673516303
4428,6.502313149455535
4429,5.008261275448508
4430,5.15997996262847
4431,176.3307520974057
4432,3.8815120599311275
4433,3.811796871907771
4434,102.0602913275251
4435,5.6601638358294135
4436,6.504062041932862
4437,12.722184236128662
4438,79.07439120120142
4439,7.077987067017704
4440,272.2517570668364
4441,2.114729924089923
4442,275.9216711364576
4443,6.212226658092661
4444,277.2039672154501
4445,3.9594547645856455
4446,3.6972283848967407
4447,147.5326250353571
4448,5.263258192619976
4449,-16.352249663034005
4450,68.75915316467018
4451,104.74444223821601
4452,280.15412982223745
4453,247.79974189298264
4454,4.6074747714652435
4455,4.972535134255967
4456,204.04868964097392
4457,4.044274648913028
4458,6.8026259020513775
4459,79.63076375619445
4460,0.6943005665330619
4461,83.08250191094467
4462,154.01439378130715
4463,45.408728161761395
4464,4.2820577752280125
4465,98.45562904828631
4466,4.530862153630601
4467,-4.035122868303894
4468,1.7886820424556151
4469,2.120237539493503
4470,4.835007940776013
4471,3.054836736368305
4472,256.353088022629
4473,3.1630224635983053
4474,251.83844991066775
4475,4.559665797181837
4476,93.87011956446511
4477,5.910174443763438
4478,3.9793106284934723
4479,145.5348885400586
4480,292.15478643737106
4481,3.709696487883257
4482,197.39372100002169
4483,69.30183641414212
4484,313.3909985613607
4485,205.33245043619155
4486,2.4157184099911593
4487,114.39878932638922
4488,54.39547642789246
4489,-44.1908085463201
4490,104.55559910492082
4491,5.27621804558035
4492,264.5814928899707
4493,314.33250273431474
4494,-1.1685739858108875
4495,2.652429989431738
4496,101.08015414684155
4497,6.703138193128639
4498,194.34830990631664
4499,310.77087417243126
4500,161.99445051454492
4501,5.523991761366864
4502,5.94292521390685
4503,194.54798677264068
4504,11.342402030430488
4505,67.96963950769373
4506,2.946021756238278
4507,-0.4193258475000907
4508,121.17545579081856
4509,40.29231325798194
4510,2.2727802645502146
4511,271.80445708462
4512,58.36950403983479
4513,111.84307688046714
4514,2.979352383941543
4515,2.630482676241475
4516,3.3698539562199374
4517,4.963567190004057
4518,5.032002598583227
4519,115.62511001202174
4520,54.185972383442646
4521,2.6471620320066456
4522,55.80516318310474
4523,6.672900285758228
4524,229.8778848353321
4525,19.0246556867163
4526,2.245815306692542
4527,115.34296470063578
4528,135.6329748235479
4529,103.74409145374375
4530,144.48108126665278
4531,3.920538707203031
4532,4.121942022519304
4533,4.591257428420486
4534,63.63460967962433
4535,5.747448317554097
4536,1.8693657917930255
4537,1.8356182978627738
4538,6.386776844416474
4539,287.5884559957327
4540,173.18752165799708
4541,3.344652156107664
4542,2.7759175100003524
4543,205.60939250716518
4544,35.03299796090264
4545,5.175069131251549
4546,28.09843502911495
4547,6.003132931124259
4548,178.57457525835912
4549,4.763114237217593
4550,244.63250017342935
4551,29.076673419364973
4552,129.27068206967425
4553,124.48827498587316
4554,4.328817463983576
4555,191.01750476968635
4556,290.2534851311459
4557,5.092860050918626
4558,4.392890680345033
4559,69.69307936622968
4560,7.376519010731888
4561,5.256576797277257
4562,186.06383323809598
4563,45.601363593730774
4564,215.75762316987002
4565,70.8228740815701
4566,222.49509634589091
4567,271.24084576221543
4568,136.91839256176684
4569,4.658000909655577
4570,197.37842980534916
4571,260.10834480651494
4572,4.997913944312709
4573,3.0176870168390293
4574,1.8078498716725173
4575,5.234466994265381
4576,144.75623678058446
4577,256.74256125899
4578,52.888616883164914
4579,10.340203958605944
4580,0.6492318286132827
4581,350.76290023642866
4582,26.82271558966989
4583,1.516824607905537
4584,274.0671084939587
4585,39.556011518058675
4586,6.708677840317502
4587,4.106063516279903
4588,1.3447307057987279
4589,4.263374145124923
4590,3.045228187623394
4591,76.72090486149538
4592,5.351384053200701
4593,92.38511268917696
4594,-19.841175257503536
4595,2.895925843803748
4596,69.67615974312646
4597,145.07287581939534
4598,4.31948191785765
4599,-42.21292641821596
4600,86.27011943002861
4601,6.955606821216456
4602,5.306628222403738
4603,5.237936162872527
4604,68.61999069015913
4605,1.8300135983573151
4606,153.80192797780268
4607,47.84931402215512
4608,4.589892894922075
4609,218.36394694865453
4610,143.70374390378754
4611,101.11970999287072
4612,3.5901561730587574
4613,-69.62969037849345
4614,78.16260297792003
4615,-46.30189953207919
4616,4.81311027129108
4617,4.972474914506377
4618,4.000347825151426
4619,6.21392181072211
4620,6.653283362574011
4621,69.07928618356743
4622,3.947106203648994
4623,6.321432960654019
4624,1.2005639100032064
4625,90.72692176246608
4626,48.66708964779344
4627,5.570749657534162
4628,5.937557839341816
4629,64.3337788838833
4630,5.468495157606979
4631,-11.672988638318838
4632,6.672922957788334
4633,221.68265321887515
4634,5.9185302125292925
4635,6.035284721562627
4636,39.82277336527177
4637,6.968936429255642
4638,396.0448523859555
4639,272.6064071276751
4640,2.0693925487074223
4641,207.7546571217124
4642,122.94511621166728
4643,60.73125188012911
4644,61.14104041549987
4645,5.716915008848887
4646,47.333797846152606
4647,21.7501959243258
4648,200.3831803345218
4649,129.0143029712704
4650,123.19848217209221
4651,44.71096094570565
4652,4.620750474062437
4653,251.20300249061802
4654,-3.6956801284572363
4655,5.524326707813071
4656,2.5012758088785167
4657,3.14772575766381
4658,6.398749523503525
4659,79.31671737429923
4660,2.8933300328370124
4661,2.6285500672294084
4662,3.4245906390543834
4663,116.71583150833897
4664,5.877755220336073
4665,138.44494811614118
4666,238.43570707767833
4667,1.8501504327442628
4668,96.31345850816751
4669,256.15513136289394
4670,45.03880493173004
4671,1.900471812526029
4672,0.7304663259447199
4673,68.73786907901517
4674,297.48664357738244
4675,1.7555224993588592
4676,132.77517794039835
4677,60.84747198160774
4678,5.487178271478593
4679,71.78834793621292
4680,4.02676558808942
4681,1.459085547869269
4682,189.41602421321525
4683,142.5116932043665
4684,101.94222148649357
4685,244.4846865603385
4686,4.340546262190069
4687,218.3767381211286
4688,340.6632855890195
4689,83.9560218095281
4690,5.973924342946237
4691,6.948543813576828
4692,4.208827320599839
4693,100.74858125901463
4694,4.199883614869081
4695,375.56334121011696
4696,4.506339883216217
4697,2.489780343093603
4698,4.7377826543347386
4699,4.079109016455022
4700,93.85379065558813
4701,5.220297168821757
4702,2.0102005352382792
4703,3.690198424360679
4704,5.069394539569397
4705,283.81174055518125
4706,3.399909245086354
4707,4.946213416847284
4708,3.2460414128085064
4709,75.55477073811339
4710,151.06350582125594
4711,6.279214674092054
4712,241.23056780432412
4713,3.583024195964077
4714,5.659073715169476
4715,74.42995862931143
4716,80.2961078375503
4717,7.26852763739105
4718,5.506227664785734
4719,191.84642765525086
4720,156.32324743176474
4721,6.208935090522511
4722,3.761895166402989
4723,6.423310563805992
4724,70.43501056759698
4725,183.4683217535019
4726,3.5228801503673997
4727,261.27950553281744
4728,242.08856875797076
4729,3.7506620423372907
4730,176.60056209009142
4731,60.53146269878448
4732,-56.82218954393724
4733,5.457924498422853
4734,6.2375129273132295
4735,5.243979592961518
4736,3.2436728271215003
4737,67.32821513500969
4738,-25.35066769385486
4739,187.00427127787592
4740,311.05144615889344
4741,5.023991266179309
4742,77.34860606812197
4743,5.330360377779491
4744,268.0495317182416
4745,38.93222190572339
4746,3.894656578587008
4747,2.934042090162424
4748,3.144611366449542
4749,5.637571281275646
4750,5.765955881353204
4751,3.662698982179072
4752,99.04356404494801
4753,153.4412433658046
4754,134.34432741726494
4755,3.936247053311131
4756,2.022004505427366
4757,3.194835700147579
4758,80.96007389295725
4759,112.73520355418712
4760,5.07909331975625
4761,3.344960501103257
4762,186.8160401616493
4763,214.24847329593678
4764,2.3888468747488583
4765,332.8669241735008
4766,26.441694074670604
4767,21.04766486319607
4768,25.2912461383646
4769,-26.53494506494588
4770,51.5806694679504
4771,30.890206528171987
4772,3.691808830229018
4773,4.187450335239586
4774,136.75133525753733
4775,2.431469904380106
4776,2.552560495198186
4777,194.9864276489762
4778,5.04666365322025
4779,41.14520937559659
4780,1.38104922436363
4781,57.57319429037015
4782,4.913388435192945
4783,3.88944393822159
4784,2.4877617887817847
4785,68.57331118586802
4786,68.06695045733815
4787,5.512744240488364
4788,3.7434904426057938
4789,2.916076088247533
4790,125.4655517420142
4791,173.3249805181217
4792,4.415814621606566
4793,163.9028125534413
4794,59.70960608665213
4795,228.74245985228657
4796,3.378258828098267
4797,139.8756229692758
4798,5.8831231418975785
4799,4.043610593979962
4800,354.68314416651674
4801,3.8797968854722806
4802,4.972128559258671
4803,271.36608636818147
4804,1.6299687691485036
4805,230.14392732979235
4806,4.022859177909421
4807,3.2835831760075216
4808,63.5625859374794
4809,115.31910872200007
4810,1.6361656386239951
4811,2.1214080285239625
4812,5.27564661324392
4813,257.0474954233375
4814,238.56130067367013
4815,2.824619896574401
4816,2.7105945984382167
4817,6.243987332290676
4818,1.7044740061254258
4819,85.60230719152624
4820,2.7399636846563933
4821,189.4703669115109
4822,126.61757262493236
4823,5.039936786769986
4824,2.945381748495178
4825,267.4770095625082
4826,4.4938304244162985
4827,6.01413325759825
4828,214.74053621982856
4829,120.39377210139382
4830,100.67730534723367
4831,214.5817977136714
4832,6.844424301571915
4833,3.6840404418680848
4834,112.21817221683399
4835,3.878885511220106
4836,6.413836802480284
4837,202.52132959383252
4838,35.57577296874843
4839,306.8735560419154
4840,2.5349681068980123
4841,107.66915734302316
4842,31.148885553377387
4843,2.352892644927453
4844,3.7831473949683567
4845,4.542827698509917
4846,7.125385917177844
4847,4.002718772169349
4848,2.390724016153082
4849,4.3811686126622
4850,6.69000900857565
4851,5.840317062013502
4852,104.77456191275166
4853,294.63365875511073
4854,2.7806979794750113
4855,3.2080512985438805
4856,199.33954169693789
4857,246.97428700978935
4858,239.55458575505588
4859,135.61165140243162
4860,246.70897905317315
4861,-15.730700742145206
4862,120.15934292960333
4863,6.945197542513813
4864,5.92504107735992
4865,1.919490193361937
4866,1.2629650127406196
4867,3.497038238561468
4868,64.53498037939507
4869,0.972079612534634
4870,141.02531752034076
4871,6.785090056259775
4872,2.3073436736308977
4873,288.6807532266679
4874,0.889213204650221
4875,3.4040300715325964
4876,223.76420696010726
4877,6.3097137655658955
4878,86.92251292318697
4879,70.10992216999165
4880,5.914559327113983
4881,6.318057463585477
4882,27.745912759413173
4883,1.816181056859702
4884,141.33914815527044
4885,-56.89188712526482
4886,243.09206509887025
4887,5.200695468062818
4888,296.77955361901365
4889,54.76978248663369
4890,216.28848024097448
4891,127.44729000884682
4892,1.99096245021498
4893,5.793010663233291
4894,98.46864056982784
4895,6.704834444209716
4896,5.834590000061098
4897,5.453098116233408
4898,4.186988490034501
4899,205.8967642199726
4900,2.0842893638186752
4901,278.423594276882
4902,4.156693403387841
4903,153.09321506670818
4904,379.276835452143
4905,84.30013183052313
4906,155.363711965765
4907,187.5348541097566
4908,4.380273483318693
4909,141.38043600017693
4910,150.2477611365224
4911,89.0910800539469
4912,5.633984784993064
4913,180.50147387423237
4914,182.40346932694257
4915,4.369995354404496
4916,4.704496234995261
4917,6.389825168153067
4918,2.5427371745911236
4919,1.0458912096110997
4920,2.166848673731822
4921,-8.767063371152155
4922,167.85056501458595
4923,209.76583812785762
4924,5.739692214760593
4925,2.3401536467537674
4926,1.4287982214628006
4927,5.201321011358319
4928,3.1241391712443436
4929,73.71688083394513
4930,101.38699605629172
4931,-25.284534420185643
4932,5.9479840415883665
4933,241.9273587525447
4934,-51.317435834480456
4935,48.82730064453852
4936,259.615634960918
4937,26.20674014214719
4938,74.41253919934275
4939,61.98669896899433
4940,3.872508560914675
