id,target
1,4.242291045445723
2,2.6111109010120717
3,309.72561650745854
4,-45.68847085710698
5,4.31556038913365
6,6.663851170433741
7,4.941681578256414
8,71.96556312197366
9,69.85298776003316
10,63.50308651009377
11,29.888204371610833
12,5.690732203642809
13,269.0997985836383
14,192.14972694700663
15,3.653113572230056
16,267.3632252886599
17,3.340882929569016
18,102.67419601106687
19,3.5031138092466767
20,6.722569743519446
21,-62.90903036039977
22,53.92246842661772
23,4.4231656575982194
24,2.5838544290244494
25,35.3805012774298
26,88.22074507420211
27,1.2545729179763732
28,165.15579926662662
29,49.126027676893784
30,3.2722660923901365
31,6.341106244850124
32,30.97727178486211
33,46.592332839041205
34,3.6282371183233266
35,2.347854669485328
36,6.473653989084646
37,245.76683762819977
38,244.3392970936892
39,55.26102268247742
40,128.49333189087497
41,-48.67277852591739
42,3.0896853315412995
43,5.6813352195004905
44,4.434573821822063
45,145.7692178423126
46,52.173088889163836
47,3.316183571652677
48,-73.53188196055187
49,4.425164246300497
50,1.875381959748
51,249.12408855071808
52,3.1053608283774046
53,2.346814476673221
54,72.46094325688085
55,2.8967307928211947
56,4.435402932532416
57,5.689266334431723
58,174.46349627869125
59,239.78255508005884
60,6.969956964172097
61,2.4119518617556057
62,213.64604893159017
63,6.649790894864811
64,2.5144980663531986
65,2.0471936106955395
66,4.01852726581698
67,4.903495920146537
68,191.49972377249898
69,124.71214577567606
70,2.351940409530734
71,2.609236380556263
72,2.1360246199805397
73,27.112020990785865
74,254.0759312582151
75,214.5643747772539
76,6.359074340898207
77,5.812833953377693
78,127.93037113858368
79,275.97516346739627
80,3.8351090345223344
81,51.68905053536959
82,4.460953469596733
83,172.51348499780482
84,53.40025595378545
85,-4.935447401748602
86,2.271390283066074
87,57.78881512806858
88,169.3173045622305
89,6.090485106793098
90,5.1261379667209965
91,50.32234637793903
92,54.86145450807323
93,38.33142926943103
94,4.587326216191206
95,4.00591146873443
96,3.1841906337018973
97,7.236239141123732
98,210.8230667980322
99,74.33493524969447
100,281.7345975415217
101,5.285562662176048
102,253.16975188184256
103,4.274562768219637
104,6.633203034053407
105,167.99227975326295
106,23.75039549345262
107,294.65436309507095
108,2.5373756829512923
109,192.56589343595772
110,3.464734084212274
111,60.91124558668984
112,2.0119736882438897
113,224.65617055421217
114,6.1772492014397
115,5.147346002244314
116,379.71939946019916
117,193.4000456987501
118,199.6198483925649
119,241.54343190869997
120,334.1979803140259
121,163.70186880739817
122,3.2568707354836794
123,140.40776721343906
124,269.9889982098118
125,103.63583527704148
126,6.3594742973705145
127,128.33057123137735
128,3.782824605125634
129,259.3705137636738
130,86.97121573971145
131,60.22378144198455
132,4.308653888540724
133,-49.34680046448494
134,319.56702429487314
135,6.198066188776372
136,2.249377991109828
137,120.66869358832025
138,5.8008963882082885
139,211.02001917250357
140,304.93058088920964
141,47.56813868334601
142,9.212001364435405
143,31.445692199792653
144,19.56072065485755
145,6.635952308576595
146,196.6253325986407
147,224.38285914100624
148,2.1190609465802677
149,168.0251271889872
150,73.72725516720897
151,286.15233777425
152,231.70162883583174
153,182.3427924839927
154,47.19183820974242
155,4.422450718767206
156,204.99044195846773
157,145.2618146965827
158,102.04234407358966
159,142.28836269230567
160,6.486626359229915
161,43.42646071186134
162,4.655118280575206
163,270.7585148866968
164,3.118346432609136
165,93.86663326234174
166,210.0534501741334
167,340.531241913949
168,7.150689554836934
169,1.75200277877107
170,233.09473284123925
171,2.9444961418754856
172,4.408374850179286
173,-54.72691356800472
174,3.756873135413719
175,5.5652449358397975
176,147.13935964656784
177,75.55041704597429
178,313.04193737901994
179,138.42389904744368
180,220.90367363519596
181,6.3053297059846685
182,2.0811003255598135
183,289.5374627897784
184,6.357109377081025
185,1.6485016572447402
186,3.405269087201913
187,2.8059545574408227
188,3.9045912426350244
189,88.65112005243887
190,4.208057995526062
191,2.0957519953826447
192,33.857960297987766
193,3.490218029657978
194,327.61749867229116
195,87.08478860379394
196,266.92739255406514
197,112.82331735140971
198,215.43120358220204
199,51.184488692293385
200,1.9676859522415575
201,3.2681700861482206
202,89.72737268006262
203,44.291989483103904
204,4.311988874734989
205,274.2011564918723
206,57.2961431634733
207,208.6174248984978
208,137.09764032871723
209,65.70641171239872
210,175.86159064527206
211,66.53701927715719
212,102.49005899686365
213,274.9666236610294
214,60.67141048953468
215,7.623353343494432
216,205.3438839688954
217,72.69490993281224
218,165.62728571554533
219,202.33970730245667
220,6.058298470086747
221,231.30926791357098
222,179.97839916123593
223,2.9153329790359237
224,162.07593022815774
225,272.1655848330854
226,220.65234651554556
227,43.975605511879394
228,272.58287952506464
229,251.90602823062517
230,1.4456102943230567
231,216.06924586577657
232,53.653091508931595
233,56.84893725371971
234,245.42941803254237
235,120.06287697805323
236,2.2804603934399044
237,5.968625592644818
238,38.31042107103488
239,6.363220882407335
240,181.55911641466508
241,309.4949390462697
242,233.3071191844374
243,4.229588607098975
244,3.3367645313796994
245,51.97655367607987
246,125.11080816563516
247,123.16161579729399
248,6.273472400892267
249,5.971189367474265
250,71.17461788224067
251,49.192348515901756
252,186.02966709769305
253,7.777906130012034
254,183.26420460127423
255,-45.578175976082385
256,5.697430546674072
257,2.1489946977804575
258,64.22097252162749
259,258.6768335256169
260,2.531756221809344
261,5.6274456903726575
262,6.346413110151648
263,-42.927430923175045
264,3.6732710335722425
265,3.774244313062216
266,2.0992717863089254
267,3.2661418139515628
268,1.9321418688659127
269,192.13138925702015
270,3.11097435691879
271,129.55983841429128
272,79.61862052208289
273,4.620420759319998
274,4.64239374661662
275,324.3782335144722
276,183.8355373193791
277,207.07498345621144
278,-60.829941535084004
279,4.290854459632513
280,191.52637988743203
281,5.272208737917679
282,188.79479022864484
283,197.9888695438694
284,144.23687025135274
285,243.4702145083437
286,136.59375397714987
287,233.58175420151872
288,6.16360986793832
289,126.24529729141634
290,4.589059216163804
291,102.59383669521816
292,4.017800490506192
293,80.26911764536123
294,122.67834452968029
295,5.912246539061751
296,108.90148352103029
297,50.57184745326817
298,-39.33260537921977
299,200.7546733539067
300,5.8852408430040075
301,4.382145056287274
302,5.0409193915030786
303,4.304612868263341
304,3.936052514133256
305,4.769119495685953
306,252.4497278845909
307,3.7486272709067823
308,3.1895691591667887
309,78.66315158408395
310,2.2668270614459516
311,2.3145429758957996
312,3.80251278873257
313,161.65612265973772
314,4.000431487439649
315,0.4005652758426941
316,1.2510502272107669
317,3.7014822400760004
318,4.044635271269478
319,34.56939823871186
320,1.8698021100081046
321,6.25916271743446
322,3.258576567528555
323,1.8135762027939095
324,2.492650807048254
325,4.523182262609252
326,4.9921366674820415
327,50.16758291080029
328,3.6459579051137427
329,83.86201423174502
330,51.99117507628753
331,48.80666299933414
332,5.516547028968807
333,2.5293229110151962
334,6.735732212488396
335,153.9043859878439
336,3.7245164858609936
337,2.386496907203043
338,143.5083665184654
339,28.49181880805957
340,294.8423352430582
341,134.963062935165
342,53.62331468791761
343,3.7011014608394213
344,2.409026125929337
345,123.5240739460816
346,2.732351797218715
347,4.667980479985849
348,63.04906927264698
349,-49.05927092638119
350,92.28315173073739
351,244.9957636313154
352,34.77060001594795
353,1.3381825882088316
354,5.973111648222025
355,318.7817049841974
356,223.16064400771097
357,3.3146683117639686
358,20.55904277549225
359,4.3061677934829135
360,136.09755684241512
361,4.98887598838826
362,5.306083905408208
363,-7.010304406172134
364,4.2068144649262385
365,5.521949535895434
366,68.53895559557154
367,4.818429140748597
368,236.7477643010837
369,5.837986746545816
370,-32.664970526115695
371,255.02036372534855
372,41.504833739306065
373,144.63295281268296
374,-8.14908364151458
375,96.82105402863039
376,2.895674134449586
377,2.7346479911240387
378,3.6844783110753534
379,2.850729499827586
380,0.5982218637291071
381,6.10794476790296
382,6.271387591896805
383,130.05634852282807
384,1.7928745488745514
385,3.651331465393583
386,270.6480904649054
387,2.257374544621808
388,3.7290139892590473
389,64.13083989942531
390,4.5880636921936295
391,163.19069592837047
392,6.314871436973137
393,3.824113779761152
394,310.49035377134936
395,198.89352127307816
396,2.7502497762307097
397,1.7597495632866167
398,6.093302717316914
399,213.59320800950388
400,231.36849501303317
401,1.637003958313037
402,6.335796752234345
403,5.718280984365293
404,5.6216685807310975
405,13.549137809117633
406,7.729052539609796
407,-59.35188808656493
408,4.289712445782728
409,3.4171562753850298
410,3.904816732143864
411,2.8527902567406085
412,-26.67969229147434
413,329.5366881690818
414,5.856599019120413
415,32.56232243087398
416,3.3214412211163236
417,6.722174173187941
418,5.772861649470164
419,5.653211409115048
420,4.670354610097542
421,152.65387849054454
422,158.90158056786925
423,124.5083977490948
424,164.77121008655257
425,5.662105134033644
426,262.32154807951696
427,3.22149181738883
428,225.11565717109954
429,2.3310150353459766
430,4.39441302286952
431,269.92394915818414
432,143.2536133050732
433,8.867958294321244
434,6.28077438016439
435,50.131234906107
436,236.41113751477957
437,209.12198933456813
438,177.0158226382343
439,5.779317998125658
440,265.79753197481364
441,202.09032236130963
442,121.05874704560118
443,322.4370040511336
444,5.406251278838413
445,6.163452919655549
446,63.490339652094455
447,1.241948143949819
448,6.290894289795654
449,316.38599943546046
450,275.4067429900072
451,154.00939821112667
452,233.45941101917526
453,1.8830401681936353
454,4.130777491875628
455,129.05128144067712
456,3.138611962658761
457,4.921293462834523
458,266.55825176274226
459,65.64839595188948
460,26.02484299818672
461,119.79273814342497
462,6.071303886609605
463,191.87020628077119
464,5.113027962470866
465,149.46607827650075
466,73.51494464607333
467,2.3320115716733376
468,5.440348451112973
469,31.485670147678473
470,24.662098388529778
471,1.815435549182097
472,1.920813544361637
473,62.61655550375532
474,5.991177039890783
475,127.71509935506771
476,6.471784485558327
477,1.7886946273238116
478,4.438870052591286
479,213.5952173503117
480,4.943032574699668
481,5.649605649538396
482,233.38399143425957
483,1.724885843194848
484,202.88390373938614
485,106.34558963350003
486,4.579335269720927
487,2.521450435394363
488,203.1509954960504
489,2.780482693220651
490,4.815716171971685
491,6.342385938025147
492,3.8286666521311954
493,3.351899994802224
494,234.92359572672586
495,5.815801942972138
496,200.65244928443548
497,5.6252793099546885
498,5.977351021394102
499,5.814181645754887
500,7.613453478699949
501,3.224701345156652
502,324.66875534505675
503,114.26794862992236
504,-9.687264777562657
505,2.0591188436569943
506,6.497383289271096
507,326.67848532380896
508,81.0347686999104
509,278.1904817029467
510,4.2884547616857
511,100.59872018452847
512,207.17568172159434
513,207.85925251096413
514,336.4750660100901
515,237.8369628909706
516,232.57075132519896
517,292.12266814110257
518,7.071351328304312
519,35.32493685996589
520,312.3793872864537
521,1.7970461931228923
522,3.906376331307433
523,229.26937217141693
524,4.40234880201801
525,169.34076180896386
526,5.741489500290124
527,4.935343218777592
528,4.420728152958354
529,6.385029818542867
530,249.76671303624886
531,95.54827120356875
532,3.87792933144807
533,60.3224439658177
534,4.207121782956704
535,6.8446436588233155
536,5.970806039019543
537,1.5556741742945759
538,5.202446855138863
539,269.44057459651117
540,279.892604377672
541,256.14590547621924
542,67.47418349684158
543,102.46840284581458
544,4.913326141513336
545,4.190852918996382
546,4.024609482746671
547,2.0286148763940868
548,324.73668114662075
549,5.77955513328387
550,244.73811510473195
551,5.968084039599367
552,115.318158157282
553,3.672478972346303
554,68.20864911606493
555,95.44245501301272
556,245.85791492261188
557,198.3452645075389
558,5.4135386567967565
559,5.668796415140433
560,142.48881063194636
561,94.85988182707979
562,176.29177409677902
563,2.964919242700292
564,16.583321626968804
565,152.3960627798221
566,2.430552020533757
567,46.61498272673703
568,112.72885019603589
569,313.962420130962
570,4.065183556576771
571,209.37762568456287
572,3.2442867084255416
573,81.53015115644789
574,117.0447121489498
575,7.442093382310145
576,1.8199683961793194
577,2.949943324354081
578,174.0830627782221
579,1.568541847023155
580,281.9690138217605
581,63.26562763556963
582,81.1082564975263
583,5.374348199824107
584,2.980852665305614
585,152.7610055665824
586,5.062808057260148
587,219.59951983981585
588,3.109855275104314
589,190.34356085882587
590,303.79255854373935
591,148.85796604218797
592,6.901076825422322
593,237.37286369086644
594,289.14862174858297
595,38.547832224033044
596,5.3312585755442985
597,118.98830397617752
598,2.5673817678501365
599,74.11735636771866
600,146.63024556696666
601,145.52284009577775
602,39.37187611523735
603,2.1105108193411675
604,245.57894017750573
605,2.415319424879285
606,2.844880748321402
607,6.649236062287466
608,51.171502436280775
609,266.834735491808
610,47.945542806464786
611,58.78610590213148
612,-4.07612031002271
613,37.38425932010349
614,50.43366286243487
615,1.8898814219352027
616,178.6229285178007
617,-52.66818343345067
618,232.04033648104178
619,4.791966992524348
620,5.883764631335852
621,174.04568991427345
622,103.78360238475616
623,188.90644043653987
624,196.2180389688383
625,2.4553579032043085
626,1.5650188137645609
627,61.10254234123806
628,4.395767921595214
629,227.6062115265251
630,4.349092613822385
631,2.1984177623257954
632,205.7831701430532
633,156.75285106207096
634,215.4073850325657
635,2.3922280652141956
636,112.71117368072831
637,113.25356970613853
638,6.680656382616272
639,51.29255552785405
640,115.10214153047009
641,6.851062609135733
642,3.187972107786795
643,282.90391693954274
644,3.631843763839563
645,86.15877372829002
646,72.17631249101257
647,189.35509879106326
648,272.3441882798766
649,373.0168698854692
650,328.42502493268637
651,109.90323642386672
652,64.017708744743
653,3.2499377231948174
654,196.50827057887233
655,-18.76893525573044
656,220.94733451197402
657,185.68191917718138
658,280.3823426382395
659,1.8769420204361178
660,116.74316493204915
661,4.118896523992632
662,125.69512879944757
663,3.5031829606996228
664,-46.39275217526965
665,96.2620164493817
666,157.1095687504884
667,235.66415086398234
668,352.744618441586
669,176.64588133893758
670,196.9323116521343
671,118.26531214642534
672,81.97606117356325
673,3.918084246970958
674,5.375504629504975
675,5.7417715308587525
676,5.2186714716676
677,0.20088188078136926
678,188.65448871272054
679,4.877487455391336
680,2.937653689558169
681,1.9304887483569315
682,73.5532686397598
683,5.866469093113755
684,178.73458475749308
685,219.57723082500127
686,6.038594135498098
687,360.0108912164818
688,75.01802772239874
689,85.95525451709126
690,340.8178209276339
691,3.7312931445574735
692,79.83048637215992
693,5.01824106788076
694,6.516938402315374
695,-8.030650397319818
696,309.9405313444886
697,0.9199961396494369
698,230.05560501646517
699,1.819947545567281
700,253.30618948392478
701,3.611410395974114
702,4.87038001143047
703,61.60906174968039
704,77.11828798718946
705,157.15437494711028
706,226.95445882651853
707,182.6997895580108
708,66.24335672936928
709,87.40183930144238
710,214.67049750835145
711,245.22054994810236
712,6.668054864765677
713,31.55680727124062
714,6.583407499027628
715,241.16918763469414
716,2.850083898743587
717,85.83505027118025
718,352.7805825813399
719,199.86637654963928
720,4.630670050474704
721,144.23081020859232
722,2.3702991613946036
723,6.3839151229490305
724,3.020356750724836
725,2.6872478169186644
726,110.16467678378342
727,244.59006769827712
728,43.21700968300648
729,55.17649503265999
730,50.42523813237307
731,281.4601978618417
732,4.462338889217463
733,6.4615315618197116
734,24.75169396072866
735,252.46951704691708
736,52.42532543138823
737,52.02362856885722
738,122.7330455559661
739,331.3531043977364
740,133.95476028262624
741,32.26801440704383
742,276.5425706354549
743,140.45764679095032
744,1.5974804180067734
745,284.69888590447283
746,180.83255309789536
747,3.547150458902573
748,63.1140708041237
749,66.16979914550528
750,204.30295627038905
751,59.27334517245842
752,234.95539594706742
753,2.01004774391073
754,254.19997009280337
755,5.793950535331577
756,6.036727440950612
757,187.7499971976353
758,2.5515488158532866
759,70.95986521851754
760,1.8019612581995714
761,207.76950314533542
762,5.032064921655055
763,2.0877681916286606
764,92.46718934476266
765,4.668695627596279
766,27.748584745256892
767,1.1135124030664276
768,5.037381042091931
769,5.858860007111393
770,1.955697951717406
771,259.029723847431
772,78.8354264204167
773,123.32039456550976
774,-11.526507282075645
775,53.63240704878198
776,4.17387324958316
777,264.0283744675701
778,-16.94279122903926
779,148.59507583431323
780,77.79053149452764
781,317.0044261424174
782,3.601630389328098
783,47.99097906632019
784,2.7878212949929257
785,55.28248764679407
786,126.20734794942928
787,5.449758030666816
788,1.8848239571033274
789,184.37139067833903
790,61.019702539595116
791,-6.8095291961990645
792,84.82655782498335
793,-69.43921560426996
794,320.9089238139197
795,-51.665686488935094
796,127.41714002839873
797,3.5414915812893657
798,65.2538823278923
799,3.3852784476328255
800,5.918583152808752
801,214.94939959741652
802,73.61767540338097
803,143.22068683130513
804,6.727820884780389
805,2.143865471378742
806,160.54706659902132
807,2.7174747349624044
808,63.19874086905279
809,1.6149125437356573
810,51.30067133181488
811,257.4210524991061
812,114.9033856854865
813,288.4773425583588
814,5.845978330986725
815,4.6394217961522575
816,6.976219407529197
817,3.194059579144304
818,7.803999689974773
819,5.190606438519741
820,71.00034933785304
821,5.87355825805561
822,2.034589056969705
823,45.32751673036024
824,68.17500299938384
825,7.010327991700434
826,71.47396204518294
827,4.028664381089487
828,6.124174412124187
829,48.77624429712337
830,158.69788344894235
831,113.84990425943843
832,6.121734246467659
833,249.39880293615178
834,194.76590105514273
835,156.61221676743
836,2.119632823763198
837,83.69816575137716
838,139.91431592109132
839,5.984655217933254
840,205.44347057776145
841,144.38971311417532
842,52.82541845473928
843,2.5341176418475246
844,2.8863246489235204
845,5.325314801798434
846,6.423221368563306
847,5.45461366104654
848,172.8305753853133
849,6.191703587775958
850,82.97825954793089
851,19.478699586273805
852,34.98597313631118
853,96.65074987294423
854,62.98719967660631
855,7.335087046228166
856,227.6804814929613
857,79.85081226856377
858,82.05157897494166
859,225.31786860224392
860,2.087371917245581
861,3.523814380527926
862,2.873625254709411
863,101.27974161272044
864,248.72679185767885
865,265.8192494670472
866,199.75381483450167
867,5.017917488349722
868,113.62652964684466
869,167.06080181753003
870,127.9689328517677
871,150.60869991417997
872,143.75149799589695
873,2.967773196296744
874,93.21089792074748
875,6.210863901974946
876,111.27973497341955
877,46.236023563020346
878,181.4164699661819
879,5.474802923714774
880,6.779463428283409
881,156.380940744557
882,5.862422548267055
883,239.4383387508883
884,5.880682870492922
885,182.67098016356184
886,53.941181635690306
887,2.488457826365529
888,2.112834601734375
889,275.92097912832475
890,4.226868162340741
891,2.682295235207666
892,57.21932794918095
893,4.892504550007257
894,-11.549869351737868
895,3.4779270319840667
896,212.37305863104456
897,2.584127193088407
898,227.03392003079324
899,-55.74162220990122
900,243.3716535011012
901,3.9450574678151646
902,202.5379687216646
903,4.985648772768678
904,122.96463000204113
905,1.941528060886201
906,1.090131097209571
907,202.70051776468296
908,16.201681435223197
909,75.32292573536341
910,2.302958923084116
911,6.639325693507614
912,275.5231542640769
913,155.34196329104662
914,276.03080552163465
915,129.32541480953597
916,119.29719325350874
917,4.113105226261347
918,2.282678723461402
919,2.7401376128140758
920,386.50173401770826
921,116.31885942331135
922,198.80828375568586
923,2.41905333696707
924,118.5880410521987
925,192.24216244440095
926,54.62543981181562
927,56.126185624054166
928,5.144111785959954
929,39.08747136253991
930,26.102800143036426
931,206.80747656724668
932,181.56475439310873
933,5.427910390997626
934,2.081695609485933
935,188.48946774232013
936,41.25828186514675
937,3.731492557859963
938,4.530211346414962
939,73.2667313933027
940,1.5268451088374742
941,5.829317675321121
942,4.868293232453106
943,121.52417549895115
944,4.577885088426639
945,2.006028326514944
946,57.81081776632928
947,27.475769111717614
948,56.58077295696779
949,232.6956973652628
950,351.3483837186593
951,11.319432820666718
952,-14.321478028852209
953,6.246349647225212
954,257.15623792710437
955,198.49765834626572
956,144.4507994400655
957,2.6101258235604003
958,2.875845675497863
959,206.57807514351424
960,52.61132994421298
961,162.63175233023554
962,3.281835319745898
963,6.307686141569376
964,5.005579547949534
965,6.285425516498725
966,3.3423063674745386
967,43.224435237222714
968,173.80711463507447
969,194.0131539505845
970,6.3065633035859925
971,369.3045493854984
972,5.310217295320027
973,107.54161673739162
974,5.609639825818585
975,3.7930683026402345
976,5.2041853985815845
977,196.61586547055688
978,297.2879841969376
979,1.8942551561360848
980,1.8617321451343753
981,20.70533443335504
982,41.48171705098829
983,306.5674441802985
984,320.08474077683445
985,267.6655896021416
986,106.08253000585941
987,2.9472847933621944
988,243.3498929188586
989,356.15817474885546
990,58.25956666558534
991,4.09233690392263
992,312.21364005561543
993,173.84263141419194
994,3.5420582192297148
995,-8.77490502040311
996,-6.042831210990123
997,2.0627752243104474
998,41.99440866975753
999,62.8763154049958
1000,-18.25055478893213
1001,281.1081398020765
1002,148.339179968145
1003,5.366087638991029
1004,1.211927947634479
1005,1.9257116344292435
1006,3.8249822740714956
1007,154.6923785461176
1008,1.9756066285607905
1009,6.358783859768696
1010,4.116203953983966
1011,261.9844580876103
1012,13.880731658605775
1013,200.8835428052729
1014,45.44917008097789
1015,238.8608964247032
1016,6.554107473776192
1017,5.05373607235361
1018,3.5699199587674424
1019,6.550621758027437
1020,4.486579046433688
1021,122.45294175346928
1022,85.29832011909605
1023,190.77725849001934
1024,185.92035493368957
1025,5.2844477972241375
1026,4.228096820813346
1027,4.966545795687896
1028,89.20118145568352
1029,3.814975082638793
1030,39.39806289401131
1031,282.13428713667145
1032,3.0589042546350775
1033,2.258697240332604
1034,245.26524550858068
1035,1.4229629550528955
1036,247.75893820608832
1037,6.979077385404272
1038,48.765186571506746
1039,3.5847715185920395
1040,-28.54810703643136
1041,3.295090466922128
1042,3.278793093471955
1043,3.5749934760956643
1044,340.818718646315
1045,136.76833383832405
1046,31.37366288926618
1047,224.57141159199296
1048,1.8415730248639077
1049,2.7201974861828546
1050,6.346781121847717
1051,56.55712942961965
1052,176.5942095298886
1053,254.5699257093567
1054,6.402669670700192
1055,42.6193874434865
1056,34.37686933456932
1057,4.330265371571004
1058,2.9303519985160627
1059,2.935346538675273
1060,89.23227424085815
1061,3.7553392632850535
1062,6.014749770497001
1063,295.6950860647556
1064,266.6919040055769
1065,83.51122636532662
1066,271.383255172604
1067,265.02277922894143
1068,6.190505136561084
1069,4.411315309855041
1070,316.82387055463346
1071,185.2725769814861
1072,5.2086355101177775
1073,4.018382191786728
1074,6.2847185678331945
1075,4.625228842997835
1076,294.7309066685025
1077,6.285930716081193
1078,154.59703991303644
1079,2.9427407657371476
1080,2.634629630076673
1081,5.834462751893371
1082,4.302648715276735
1083,3.3179693905209238
1084,6.134339306816219
1085,123.88472587320615
1086,165.92750190428816
1087,48.291003143020546
1088,261.8838326706293
1089,8.435466058755114
1090,152.25287877346244
1091,252.1041341617931
1092,5.865266580154394
1093,4.477486982955742
1094,6.598854430298059
1095,3.7624039371841445
1096,2.8701854935051556
1097,4.92116650169968
1098,80.47243213172734
1099,114.72671464561836
1100,5.459784129552699
1101,4.704820835323169
1102,6.299358393843683
1103,263.0649481384977
1104,4.621385565463911
1105,106.61649063519717
1106,5.800039016079812
1107,6.19973982375944
1108,8.881232114514756
1109,96.87541670659797
1110,78.89666001081517
1111,3.184527236388321
1112,213.26654952093907
1113,2.7655142638368826
1114,180.47980010061588
1115,-6.483175964949574
1116,5.409813633203207
1117,288.8387184395924
1118,281.9739957103237
1119,4.797787034947873
1120,53.91329594047457
1121,8.80814035266681
1122,241.03529520145383
1123,3.4868441176867107
1124,187.70465914387816
1125,2.693565182985896
1126,70.38651745250905
1127,5.9891103432182895
1128,-46.46079002499654
1129,144.57009871488856
1130,6.606912177477085
1131,33.81887483292086
1132,4.82355661153451
1133,-60.13707162687511
1134,199.46028645267802
1135,202.88262365083125
1136,-54.23807354985654
1137,3.982426733535309
1138,53.12708299186259
1139,110.50774976325914
1140,115.71105061116963
1141,218.1666393224274
1142,139.19950132785806
1143,26.836350310224823
1144,-45.511315906884775
1145,120.76566617709221
1146,69.46249172078926
1147,4.427615026609437
1148,68.76403104368596
1149,34.2265970502347
1150,4.306832241565386
1151,1.2344551458241702
1152,3.4898925251671216
1153,4.372815055632649
1154,33.94986635241749
1155,170.18192655798617
1156,6.614261720431076
1157,80.89069400376545
1158,208.44579018032078
1159,108.84484659967328
1160,76.09719279733093
1161,1.7268882483002606
1162,5.663670750061067
1163,5.465158231186182
1164,4.91679017115478
1165,201.60040707804245
1166,35.07457563173311
1167,-28.76398123480427
1168,5.160835126158822
1169,176.57547698545955
1170,5.001189002894062
1171,4.277635240072849
1172,-28.30245232467277
1173,3.9512360730048797
1174,193.13973553292152
1175,-50.242467013604
1176,246.74270860627433
1177,2.258982611216378
1178,145.3495369536344
1179,2.7596931086705445
1180,2.7091756364439052
1181,2.156477980736194
1182,129.57217357926783
1183,7.275987548105311
1184,4.169430992989274
1185,279.43202071722556
1186,134.01639211424452
1187,4.129917401715138
1188,2.868112174599796
1189,119.63902683846405
1190,3.3431237466552406
1191,2.9426249190742304
1192,4.954332064933052
1193,192.94638040392803
1194,5.497018740464686
1195,2.0989337750790393
1196,267.02623513474595
1197,75.16477536179781
1198,3.0476101253326657
1199,254.83905131015192
1200,42.56203520408131
1201,228.32222469882583
1202,85.06526014406006
1203,3.5164127626770942
1204,175.57657791003203
1205,1.8608213066948243
1206,161.8424428600738
1207,129.34068121963168
1208,238.68421061189144
1209,247.91200521991948
1210,200.53016175409982
1211,214.25110835092616
1212,6.13746011056671
1213,3.694573073708683
1214,199.94149974731545
1215,120.97604780120238
1216,232.56191163070056
1217,182.2376413385977
1218,-37.05441987808603
1219,6.109496044010939
1220,5.7218064271444895
1221,253.18322067450384
1222,6.184515567799853
1223,2.491470480948813
1224,2.77789622442295
1225,124.83387233437037
1226,1.377800840113393
1227,4.679546216943051
1228,2.418509479496796
1229,37.43693839438777
1230,112.06703435328197
1231,229.97314055692132
1232,1.8227635209257378
1233,-38.40895245344403
1234,3.152300774556733
1235,14.779641328588575
1236,260.7511134037195
1237,4.197287457097275
1238,2.2150135345437443
1239,1.3311364537119426
1240,41.09273102399054
1241,2.0823339530290683
1242,4.325553970067203
1243,5.406918655377234
1244,187.08836093914755
1245,3.8900678190591713
1246,254.06982750623615
1247,5.405192565818851
1248,118.70355948392753
1249,148.7701519309835
1250,7.477038100415051
1251,39.67280096104603
1252,5.608426666712855
1253,4.044766990541747
1254,4.189869577414021
1255,32.94347855542398
1256,72.01756891969163
1257,134.79386263574747
1258,273.7264349810708
1259,51.02407500513222
1260,259.4274925180867
1261,5.702352533769375
1262,5.505984166706273
1263,188.8639163673409
1264,1.9286026341987141
1265,11.731120872805352
1266,130.52679134185334
1267,2.377837028469859
1268,6.495276494903105
1269,256.9173921711199
1270,-55.022402025621176
1271,225.19732629437812
1272,54.62543981181562
1273,28.57791266068351
1274,222.408728676367
1275,156.90367209595587
1276,38.345507279889915
1277,4.074490455698047
1278,1.6624347793751988
1279,3.926024493947553
1280,-62.23446463764693
1281,3.505651286780527
1282,72.49398446587615
1283,157.44584566595043
1284,3.015022288173772
1285,-54.05742937446462
1286,2.4289432349126705
1287,49.05092463075364
1288,145.04056653725428
1289,4.495985166749978
1290,224.26165705890563
1291,3.277576591606076
1292,48.668651710425394
1293,103.32138433735739
1294,259.7984796260313
1295,175.01726013691135
1296,6.1615359022508684
1297,46.632614066722454
1298,-7.110076888048464
1299,5.005669554558034
1300,167.06374296737152
1301,225.07940466782497
1302,202.36119494383098
1303,6.347054374236337
1304,3.545322976286138
1305,5.218732872623927
1306,56.96856726289963
1307,155.71235518586212
1308,1.8839961750550942
1309,4.832332429421982
1310,338.1963333590106
1311,2.746860634713191
1312,6.88534105519431
1313,37.51298134179315
1314,200.41826424388313
1315,164.9527739023714
1316,268.21776077619893
1317,65.63197619287263
1318,2.0839109291156133
1319,201.63549201900452
1320,239.40434684671436
1321,11.29038359891501
1322,53.26894783818903
1323,270.4250235571925
1324,241.05955968481675
1325,47.08632982600291
1326,61.51684336190174
1327,241.82840238508885
1328,3.1987521772736685
1329,6.108929041635703
1330,125.30720325362819
1331,-13.438842277136931
1332,308.10559293347796
1333,1.241755272970096
1334,345.41784219735325
1335,1.8804166506876991
1336,89.5041519594847
1337,33.67073867202332
1338,243.90517613186037
1339,6.764529543597048
1340,199.91432729416618
1341,244.27822617655715
1342,186.87440477135783
1343,48.470527707142224
1344,115.22577105546051
1345,3.0288353660764087
1346,54.224854121818055
1347,88.15114047277004
1348,2.8203822532614824
1349,197.59802993179062
1350,46.31850033690281
1351,227.83439645256317
1352,2.7259590041089017
1353,17.88935501674046
1354,4.6556641102312994
1355,5.923871628775292
1356,3.561881543763202
1357,5.621309928422431
1358,6.6755655480104945
1359,1.6531933741075842
1360,306.1050134459914
1361,4.4222471418794065
1362,6.434934480863268
1363,68.98997081029228
1364,3.2609805041476854
1365,5.8622591878392
1366,6.552587065177338
1367,5.864587068121313
1368,9.760676185089034
1369,184.58478093242485
1370,291.5715947442044
1371,218.43433872334185
1372,30.450512208477043
1373,3.4601508280721918
1374,205.3819103382097
1375,162.57231506526736
1376,5.162619974975681
1377,4.897496384103296
1378,106.71398672546724
1379,91.82021687119457
1380,107.6892171340904
1381,240.78050936694387
1382,91.58095017357135
1383,59.141768157123344
1384,-9.069096296726922
1385,153.4999268344248
1386,2.459194960461951
1387,75.50222640066278
1388,1.6621188387445751
1389,222.6546184843607
1390,169.78994648492397
1391,89.8957646613679
1392,48.91550735496216
1393,279.1175399294061
1394,-20.658123290889524
1395,43.34086493101246
1396,181.658518125601
1397,5.498423123480522
1398,196.32514549606725
1399,1.4791798549307122
1400,76.43638294474647
1401,319.77252848558607
1402,50.498220012136294
1403,295.10447481608855
1404,96.62075128806876
1405,117.14721089147704
1406,1.9469881920444188
1407,113.82377326893584
1408,7.714753812643656
1409,3.5852801577045184
1410,244.12567872946966
1411,252.72590723370848
1412,-39.325174614425364
1413,123.98449791957296
1414,254.61045137746518
1415,2.110773921110663
1416,2.761517722560118
1417,4.283049469400854
1418,314.9242346136049
1419,143.6225229888111
1420,4.498589961092103
1421,38.47536974920571
1422,6.702691142716129
1423,3.1926911563694356
1424,5.536145937554178
1425,2.22713092045823
1426,-16.38843713296515
1427,3.7232826703029094
1428,4.714252902581791
1429,3.1290714459784352
1430,3.8463320950677913
1431,6.372200318344532
1432,194.05595723906546
1433,2.899157753161073
1434,6.396182391177444
1435,4.593535793426197
1436,-54.86979620356237
1437,184.72709979861196
1438,138.0485323147522
1439,6.3757913148737355
1440,2.7409037119650814
1441,120.76609743987544
1442,179.53425472368224
1443,43.9370735508241
1444,5.728244488154134
1445,54.42544642678156
1446,273.68214179026563
1447,248.12529057443444
1448,-17.179126590468233
1449,5.874295195865454
1450,276.8864781541652
1451,138.24706070962546
1452,5.378709813832067
1453,5.59519136724369
1454,174.52317560423887
1455,70.04706058169066
1456,-2.768936461506512
1457,7.890418772946932
1458,4.822500015650364
1459,298.2958420820737
1460,335.458354402839
1461,166.8918776552311
1462,-6.919255083119932
1463,80.82434263560624
1464,5.845978195598718
1465,2.9684407618396564
1466,236.1680068435545
1467,5.686475325290827
1468,5.35794229251507
1469,33.3342364880899
1470,3.8422155391480217
1471,39.51098236406301
1472,6.755881444819129
1473,1.9534045830143711
1474,239.92912433490068
1475,91.57319955855574
1476,6.643532783446265
1477,2.4335863292598523
1478,138.1980981948667
1479,5.084456849052639
1480,114.360486208589
1481,5.904694096190155
1482,163.67636521809044
1483,6.128611769472571
1484,250.53257801915544
1485,180.8983969906318
1486,6.625559481959526
1487,3.612298486206083
1488,89.21923171668352
1489,-26.56833656281207
1490,95.2174689283722
1491,3.692129233333765
1492,2.0479566137009737
1493,7.450286973030219
1494,5.4917504459512685
1495,27.839645125167237
1496,7.638764743157223
1497,66.19196843370463
1498,5.729869266868901
1499,81.47997195362885
1500,7.09459118029463
1501,5.872651744439314
1502,111.38878834564073
1503,5.734966832880904
1504,2.070891185047299
1505,4.701265984388815
1506,180.59149097954594
1507,35.957662767715505
1508,86.04188362788452
1509,59.595616174743355
1510,3.209805363458118
1511,-20.16214362883456
1512,60.68063010501706
1513,5.12173967994558
1514,249.19619577462868
1515,30.326704594448458
1516,2.8584496209441568
1517,341.96719413049084
1518,4.302311912114082
1519,240.5059151652743
1520,5.121476718000487
1521,34.856977273831774
1522,4.966390419636869
1523,2.9978757103444753
1524,129.53712853248658
1525,-30.778705005739674
1526,2.5093907600343157
1527,5.366744324949499
1528,2.5543297036979657
1529,216.07563241586658
1530,276.6824713119656
1531,3.67703239450182
1532,5.920208855613961
1533,3.8298873409277556
1534,10.7259173230008
1535,75.7858683199689
1536,5.94565488731403
1537,2.5984624679291386
1538,290.81125585516605
1539,154.18328897630727
1540,2.134441324840241
1541,118.47119031554669
1542,3.3359560631223
1543,21.817024241479825
1544,7.901216585259177
1545,3.571550597500928
1546,4.456350644972549
1547,-37.99749834371097
1548,199.91767304039683
1549,46.65419815805006
1550,3.7752536521482103
1551,2.312749451255725
1552,236.52243102218728
1553,6.049645458396279
1554,281.01157762438027
1555,135.12656142111206
1556,3.800344352740414
1557,13.402079852225398
1558,3.6898206227472876
1559,240.2309613324913
1560,206.36165113033866
1561,193.49430558090967
1562,244.8627693774407
1563,97.85322697922051
1564,3.2729800773882936
1565,92.45689481432316
1566,3.732775272326224
1567,20.565633369682992
1568,105.41636221846052
1569,16.96834010651273
1570,292.18930573874616
1571,2.883859150285394
1572,80.4624608857459
1573,2.283288344754384
1574,5.00430561398487
1575,5.728802044350742
1576,3.9675966136057514
1577,5.543746918159032
1578,86.76713894853702
1579,5.108596394510209
1580,180.71713173099357
1581,272.2700317259172
1582,6.748566517857375
1583,295.0430924223258
1584,311.5123478025322
1585,6.337958291807871
1586,4.860208051107001
1587,57.817412828313905
1588,299.2388762733702
1589,7.171738358241509
1590,6.009485900075713
1591,159.4421505206103
1592,7.104929160428421
1593,124.71614059918423
1594,140.41963025867335
1595,128.76667337015152
1596,5.651856924250748
1597,56.26997748491111
1598,6.704083444598733
1599,3.7457421129187622
1600,4.294087944380614
1601,2.728551491625222
1602,5.9019030860835535
1603,284.4209613596985
1604,39.603503166470134
1605,124.79063624779539
1606,265.905241312125
1607,-19.377500270433124
1608,3.432612494208434
1609,6.935513751103553
1610,4.192604472836269
1611,204.12661202686462
1612,82.7243359295198
1613,2.3395495703889746
1614,278.6596540097478
1615,5.755772844919553
1616,3.834236453733383
1617,185.33264647347983
1618,226.24416985040347
1619,26.036545707660864
1620,79.75232755438108
1621,2.6326123435158095
1622,2.5818643613047945
1623,2.7422612961736332
1624,249.6822053378557
1625,58.34007055354035
1626,1.6384639753933192
1627,45.171211781557204
1628,3.5979304328841817
1629,206.0683271022442
1630,138.90617684551452
1631,3.214685778992287
1632,300.40261059542564
1633,5.211194604711066
1634,15.566225718024352
1635,3.484757295458621
1636,4.862457730266184
1637,6.47319161894857
1638,211.77397791781357
1639,52.390511178595986
1640,4.485506498002451
1641,317.1274132122116
1642,133.2920206012787
1643,194.389259180007
1644,123.92658341214941
1645,179.38834238847636
1646,6.081278911383696
1647,6.629392952926713
1648,26.504140590391074
1649,4.39071465605128
1650,87.93670961475198
1651,6.480529415828636
1652,7.000454407025916
1653,231.20196349342555
1654,6.508372495468386
1655,294.8364284435538
1656,57.64944898101446
1657,1.2796731415721578
1658,295.16091691005556
1659,2.1265444807638563
1660,-20.652677990784653
1661,6.688838692312126
1662,184.7838279787119
1663,5.873324574218433
1664,122.12404139127167
1665,1.1866861166823037
1666,97.46046475600772
1667,-64.23863620222379
1668,245.547365504215
1669,53.42148743933974
1670,2.0243167517840712
1671,2.236893756601093
1672,5.478350837641351
1673,4.380546932337238
1674,147.92530117447905
1675,2.137490515432174
1676,-58.097146153729696
1677,34.56887684200552
1678,-10.784644163092736
1679,236.68072437496465
1680,97.69137922135675
1681,1.3646535056669151
1682,3.167789845750744
1683,83.11157571329511
1684,14.089497210107103
1685,6.676086709982181
1686,139.8249491082575
1687,7.077622042775374
1688,179.41898015463448
1689,279.01941315095905
1690,3.1086858011999388
1691,3.7377743251349984
1692,4.097517417509308
1693,2.796307064422212
1694,70.54412183261817
1695,239.45121313340238
1696,142.31358838082696
1697,2.0394844657348514
1698,218.70928559993683
1699,182.79053027727372
1700,126.03389480960371
1701,269.6066981562502
1702,-56.77277684867714
1703,5.559355886922733
1704,5.565008529556277
1705,2.9973066795342973
1706,99.32234771683392
1707,5.358971107744454
1708,74.89631385918887
1709,132.55194673996985
1710,6.4346207520004715
1711,70.37714916628192
1712,1.8706515383083628
1713,5.932266265070817
1714,-38.338333832096104
1715,5.133323628102983
1716,2.2748536720318038
1717,43.96742034178398
1718,121.61863286451842
1719,28.801099541662964
1720,6.235885146287738
1721,237.5528645736701
1722,3.7188980887774497
1723,141.5863628340855
1724,126.73275509394767
1725,4.013293241337278
1726,3.969454736801686
1727,256.7178707479932
1728,4.565515629911524
1729,3.6518829963422763
1730,40.14852796478369
1731,220.9752201133041
1732,4.709968171425811
1733,374.6774730761515
1734,271.2038571962645
1735,179.1523538767774
1736,3.2764312425651214
1737,308.5010993551425
1738,284.55052605895213
1739,236.02569441580212
1740,95.97898553851533
1741,82.1584617768507
1742,235.75715853982285
1743,5.281687162500011
1744,115.62570886857121
1745,22.188792957618325
1746,3.596095466010766
1747,7.338744926158741
1748,199.55835713791873
1749,3.5630613462861254
1750,95.72764266692118
1751,37.85656069041161
1752,6.914807818134095
1753,6.011543610588319
1754,277.0380591869878
1755,225.41836422263447
1756,1.91439995805796
1757,221.8694620506373
1758,330.27166150377394
1759,5.05055574985409
1760,306.0818838083717
1761,246.31499084764093
1762,24.689004765163467
1763,34.20530530909532
1764,5.211469897798635
1765,4.6848731119185505
1766,221.53315970332054
1767,183.86700400662647
1768,5.623023538868662
1769,58.13073690126615
1770,72.56329727735367
1771,2.6165356727149676
1772,226.54496006197127
1773,275.56851107733337
1774,6.503604518271752
1775,289.7055493755196
1776,2.2328293879663903
1777,-1.6504224193130588
1778,15.647788647134362
1779,-36.980291651581275
1780,118.45094214557605
1781,5.675364634310215
1782,185.56016366542576
1783,233.66594196629762
1784,4.019449852943391
1785,36.15211289243202
1786,3.0177455994800617
1787,67.26468756365432
1788,5.242507930747427
1789,2.3988484131274186
1790,25.690729520249107
1791,3.7459408409567487
1792,2.889753133195843
1793,2.059986722050935
1794,169.5506357125225
1795,189.1692374617607
1796,262.8928616419338
1797,148.495846868349
1798,6.572587458610249
1799,212.32470623809746
1800,119.34781640950919
1801,4.829538085124424
1802,2.2577150235404098
1803,136.12691711189228
1804,4.02361471152163
1805,173.71079435092815
1806,5.715893435791182
1807,286.39259941709736
1808,165.266789760562
1809,66.49889071536575
1810,4.5724713899001035
1811,2.745683114331529
1812,32.74602686883489
1813,3.5956802461612707
1814,146.65588571369773
1815,233.26324439035335
1816,5.513759774374768
1817,106.51076506326211
1818,62.28983981590983
1819,234.76167871368176
1820,6.9068477629942535
1821,3.1600909155885937
1822,281.5182511953393
1823,4.96461927564775
1824,72.7435472346905
1825,2.412798065984405
1826,5.947393243037698
1827,4.801725311818894
1828,2.1316919356003097
1829,193.8908023441989
1830,223.79805412522228
1831,6.755165489619001
1832,60.783297359875846
1833,3.1238857951099384
1834,3.72907196630677
1835,104.96203616929697
1836,6.475588639327173
1837,6.087666657856598
1838,5.87332450652443
1839,120.97231536802454
1840,-2.335504865687855
1841,-76.63376218977882
1842,245.8864980382618
1843,176.2085029768644
1844,254.61045137746518
1845,150.84297441278056
1846,44.90228773356546
1847,276.8009880237837
1848,116.88109437032264
1849,3.7343140979570393
1850,5.737714081514994
1851,-68.19829974926708
1852,6.5553639583058345
1853,86.25376842170634
1854,58.213742033740274
1855,5.379276539493145
1856,190.6313126929113
1857,2.524607233778538
1858,4.991376084052391
1859,6.310138666207704
1860,5.80319655214812
1861,151.07785020884273
1862,6.32909868197908
1863,68.04653017912597
1864,68.33046152162777
1865,219.09916297440697
1866,109.96274351124976
1867,75.91248971120382
1868,277.3758170340579
1869,147.98083106298265
1870,3.4282621426276085
1871,253.81627791106854
1872,43.04296172588427
1873,2.81103743403358
1874,23.170884742991394
1875,100.03131846256386
1876,3.3655631259577534
1877,2.2793307959871902
1878,62.145175066832515
1879,60.45297248575082
1880,249.94455392760946
1881,5.811274991848993
1882,101.0298790562004
1883,6.113933990444348
1884,74.17033862724278
1885,300.3110837467842
1886,271.7501592579512
1887,3.27128281810952
1888,194.85664012963554
1889,241.07841143208924
1890,2.328938414679688
1891,253.68748053298813
1892,213.82819215761072
1893,4.45908498039884
1894,2.0027387127358205
1895,2.041906611330706
1896,5.914869556414423
1897,58.85504940437923
1898,-54.608511412668875
1899,3.066681515426305
1900,5.8710817481435615
1901,277.4843655966041
1902,233.57906994852544
1903,-56.29840952162712
1904,76.88182155886078
1905,71.68442650359974
1906,170.7318285127143
1907,6.736696438532935
1908,6.0835448086509425
1909,120.15867563141299
1910,6.2664446505469815
1911,4.940160480666486
1912,4.075029622894979
1913,73.05011175843381
1914,-17.62726387712427
1915,7.19409419583249
1916,1.2451737020361155
1917,3.357496684645101
1918,155.30640857106476
1919,4.783328815380502
1920,4.6379966410957
1921,73.16508930735185
1922,3.112144764906178
1923,6.505639102045462
1924,2.8233162125207536
1925,4.4293680379102005
1926,99.02070729305794
1927,137.17597857917758
1928,3.775402372966558
1929,47.99097906632019
1930,2.8077638854892975
1931,5.979107413974958
1932,4.666002272352993
1933,2.8922058836896936
1934,253.76128806255133
1935,6.302987710082778
1936,4.8914669746552
1937,37.549129479937555
1938,-23.409883981353705
1939,2.7232484417564735
1940,252.32962955051602
1941,3.1216530979853916
1942,238.93421506585292
1943,3.707704283427443
1944,228.6024386276085
1945,291.7149370323875
1946,5.692870505801084
1947,88.83071787978588
1948,5.767388535335088
1949,17.58240111566262
1950,24.336755252563172
1951,2.5351828589462215
1952,43.26913428487714
1953,396.25188248298923
1954,2.758566039725464
1955,90.43033480083095
1956,1.983643847380533
1957,126.97519559839466
1958,4.262610490136543
1959,173.00444730301405
1960,47.51748043788055
1961,1.0362896329072204
1962,4.1605163508522365
1963,2.9378184615826433
1964,4.877473756266792
1965,100.73953380798592
1966,3.074543734050917
1967,5.009893799212119
1968,272.8560794255844
1969,60.42925994513435
1970,5.669152729851098
1971,1.8526780583251954
1972,106.7665144970322
1973,-34.77459428706522
1974,2.823037610384509
1975,3.006035884855237
1976,310.57039803260443
1977,1.654715426546058
1978,213.99877587598775
1979,89.40668781392375
1980,268.63392876636897
1981,188.90427404771177
1982,117.88177493210384
1983,68.98889383774345
1984,8.453125146493488
1985,4.8471313243597045
1986,3.8626513657120594
1987,6.178118023172461
1988,1.2110076606604685
1989,5.818627099030995
1990,4.932591326176413
1991,16.560016483253502
1992,4.303619872696844
1993,29.84270130829004
1994,1.9361677530869583
1995,106.92883499621803
1996,3.766312737094178
1997,2.6060031379106388
1998,5.624515918183142
1999,319.23520653324397
2000,5.862259120145197
2001,285.7781550249342
2002,-62.6756732391666
2003,6.722174173187941
2004,337.1531022676643
2005,64.93672600257773
2006,4.941059970468376
2007,45.90271948373222
2008,226.1673524507268
2009,144.4612523316405
2010,314.3188086267553
2011,6.015596490275721
2012,174.1466298963561
2013,-36.17523908274194
2014,281.02354190845944
2015,204.13232302059407
2016,35.16859524020806
2017,2.6772560288118097
2018,89.30441157905055
2019,74.54111513856634
2020,6.737289951795971
2021,4.413562271889445
2022,185.42990927747815
2023,109.2096271624699
2024,2.7861823777587986
2025,4.09789566460231
2026,77.96668062086131
2027,5.911667910063225
2028,6.299202651898739
2029,48.56490118882322
2030,306.2924636608762
2031,92.4502599482466
2032,283.3025324855412
2033,227.44743731683246
2034,2.5598797960051556
2035,57.26261810533896
2036,186.99612236672652
2037,5.301063354409211
2038,3.192012599932815
2039,2.892892154614995
2040,134.76449207636665
2041,228.8023806680456
2042,4.239664085399974
2043,189.7804056482068
2044,2.7189180574049434
2045,93.18268952968384
2046,286.35303848894114
2047,5.313317888472625
2048,-25.221949414793244
2049,2.0082126505593063
2050,346.09535700345066
2051,3.7507534123037383
2052,3.553497715532756
2053,250.625091187971
2054,4.633002675541045
2055,3.680762849890783
2056,-46.68066548545313
2057,187.2133196433844
2058,-16.807432348229547
2059,5.137883966949336
2060,25.962176217252097
2061,2.336780056546751
2062,190.92718139279484
2063,3.5993465451095474
2064,3.6178165984517285
2065,3.696383993382948
2066,1.967325383810859
2067,6.057668068982682
2068,3.073183806159363
2069,1.6958287163606682
2070,282.98459029782975
2071,299.2388762733702
2072,4.515879417544674
2073,205.55162646913175
2074,373.982305364372
2075,246.2691891108683
2076,3.6183215932016055
2077,2.7058881772151753
2078,3.961074858345352
2079,4.442988880057482
2080,2.4320209413609115
2081,3.213889240523743
2082,5.6889407004343315
2083,37.81441160483644
2084,2.8840984949835144
2085,5.175345344610665
2086,108.66829904981307
2087,94.64112409258468
2088,16.906177518206327
2089,84.49991256475846
2090,247.8130975245133
2091,195.1648626748064
2092,-93.49887879003246
2093,5.362817998266337
2094,3.8274885039572117
2095,103.1955862069668
2096,49.70702606220793
2097,112.43630749772024
2098,5.547165308802909
2099,-28.49378321928839
2100,19.47990095364049
2101,5.808312385903095
2102,6.925042198571669
2103,79.30027124439953
2104,62.16731619275781
2105,19.060819833603013
2106,315.1823790141516
2107,7.190288691418827
2108,6.92438642965473
2109,5.898731425086584
2110,240.54702825754293
2111,3.7884921048493374
2112,44.53011879073526
2113,91.64787893499984
2114,2.497049985581686
2115,48.03165915828046
2116,3.8395287925946313
2117,3.549225459560571
2118,3.6543624658727496
2119,113.31650622975619
2120,4.041231870141991
2121,192.8399216659549
2122,237.27097812529902
2123,2.9160158981171076
2124,1.6384170643663292
2125,4.840808289338028
2126,6.049802355785806
2127,55.99667519467811
2128,192.3450498036243
2129,1.7693429967354135
2130,2.1255959784911065
2131,5.437553295644394
2132,6.007160131916438
2133,224.83229867561786
2134,50.05870730811674
2135,228.91492118944828
2136,29.740636018535753
2137,241.25504546539236
2138,3.2552335399520542
2139,64.16475828213404
2140,50.18644251086271
2141,52.543448318923986
2142,5.484441678230755
2143,-3.4744300151660976
2144,165.5420639041126
2145,43.614936129283464
2146,4.2789580702622905
2147,4.606329111961374
2148,91.05918412695046
2149,-57.6643169924231
2150,-0.6846529839193818
2151,59.00572419685736
2152,4.846117910057643
2153,3.386279235071539
2154,1.8368890753371414
2155,2.376606590984184
2156,5.87332450652443
2157,105.65848424054971
2158,3.888769574965925
2159,324.35455991975516
2160,225.4733244447178
2161,316.13383916937505
2162,1.8967916338158157
2163,306.8657872996645
2164,6.418848343264169
2165,2.9625087486291215
2166,2.0976604668071355
2167,26.903271023949085
2168,306.76723784336957
2169,2.211355704752528
2170,2.585738708696014
2171,137.74344591460488
2172,5.431662659976047
2173,262.8976633978964
2174,260.84425034058575
2175,1.5938758591029092
2176,4.675781983368424
2177,-41.47389059069344
2178,4.2316549978329565
2179,74.39689048208828
2180,276.3503574203922
2181,2.4428196383860064
2182,176.70656119964246
2183,191.46701578389502
2184,5.874295128171451
2185,1.9281944675435065
2186,2.971949618513011
2187,4.657336908757892
2188,250.23309995537682
2189,245.4020335227326
2190,70.04918138852176
2191,2.6391531901780976
2192,2.9777180141205912
2193,153.0797562037497
2194,3.439488216679221
2195,4.937445387184729
2196,6.553449894601272
2197,1.987004929618468
2198,4.170911196701364
2199,3.3695382996504253
2200,1.7367020921821112
2201,3.9714074050641455
2202,72.25712008990368
2203,2.541075825891677
2204,1.9216472735770114
2205,83.05234765214888
2206,5.3417820302225785
2207,175.86798890058176
2208,4.873270535668947
2209,31.188931056418525
2210,239.7441046237714
2211,1.7876946446847166
2212,4.359414573510705
2213,6.546273513472386
2214,92.3981879148227
2215,28.837815625372038
2216,76.0695539976096
2217,4.92024144052165
2218,38.31017729927164
2219,2.6874861306985967
2220,5.5208551667786825
2221,3.4060570013677136
2222,-60.21900187985724
2223,210.28920009279628
2224,-27.786280169121284
2225,172.39560485484452
2226,-24.067434184711818
2227,60.949960831796105
2228,131.3922122311481
2229,186.9584943709662
2230,3.155112929896481
2231,5.491873897621666
2232,4.397767843128799
2233,262.40397354344003
2234,210.5505944922595
2235,216.1771109273873
2236,3.4609006545795626
2237,3.2965620305922494
2238,256.81577621847293
2239,95.09054033669756
2240,244.9399351286259
2241,2.7729903625332186
2242,252.76360874253598
2243,6.211018567539972
2244,96.59869699536357
2245,228.06673027339986
2246,128.88909363069578
2247,245.65995180114345
2248,6.196641159765317
2249,291.51019583059036
2250,141.24779992012537
2251,5.230074885126091
2252,240.36796258263897
2253,6.0899560483115245
2254,190.61950416626715
2255,-92.91656020498797
2256,37.579915386312194
2257,1.8621795869408653
2258,3.320498417365989
2259,84.31603805978708
2260,6.536683340060631
2261,88.3431682674434
2262,2.219510292117701
2263,69.53537430927574
2264,-20.102061556866758
2265,54.70013526438492
2266,2.399963345269697
2267,2.989675232483491
2268,5.754151467521893
2269,4.25922513803345
2270,8.56302037557733
2271,185.64821915480525
2272,47.06919480259609
2273,3.3835834839818624
2274,6.100556617388374
2275,6.716157542884435
2276,4.585322056647631
2277,2.8505890513601058
2278,1.2983457248000643
2279,5.869038440217771
2280,2.763853924993943
2281,190.57996123780043
2282,1.9913310187139168
2283,4.033045078244051
2284,232.50574267395854
2285,3.2495140693004805
2286,-24.910260224736405
2287,5.3846875932230915
2288,3.3245373767487223
2289,6.358020947375762
2290,-33.88001599858671
2291,50.067829937343504
2292,5.113575882271375
2293,1.9588146855256379
2294,1.8863387862204501
2295,2.6457718007923128
2296,4.9315727586082865
2297,144.02579316914463
2298,-35.29759038894365
2299,42.182794845339856
2300,3.6671248375839656
2301,5.728218109312323
2302,-94.67856299641281
2303,171.71665592821586
2304,5.390213850882144
2305,49.21661540634423
2306,287.1418352476429
2307,27.162839287628245
2308,51.96465325964376
2309,5.965325283810682
2310,177.0158226382343
2311,-49.241547701906036
2312,69.72895157136577
2313,4.208608407527054
2314,4.629192655776147
2315,195.96445312300713
2316,7.3908916421923205
2317,3.648282370318021
2318,232.66011463886906
2319,6.573875418217976
2320,109.09664400639768
2321,3.5101968519298956
2322,233.92305269402289
2323,173.92657382751327
2324,2.0025517222393354
2325,31.936370044493266
2326,3.3711538811291835
2327,110.86446702588329
2328,3.8684539604150916
2329,340.36548101452433
2330,181.15005203472725
2331,1.114670977070178
2332,278.8017590615434
2333,-14.915309412236606
2334,2.4745885433617576
2335,5.454434521765844
2336,43.67434151512373
2337,146.8319376648976
2338,185.74676537487304
2339,34.80351600636819
2340,47.034092565971505
2341,116.40199334139365
2342,2.6007786736749177
2343,6.164752869654338
2344,242.85997691658545
2345,5.896019329817925
2346,72.13687048057157
2347,136.08684974039153
2348,1.8032574279036468
2349,272.69328674946877
2350,50.45155289766629
2351,5.069538993279554
2352,4.932097054567798
2353,1.5747741863781224
2354,-20.144604096646756
2355,138.8301279069767
2356,3.7794508956450006
2357,123.60952826345971
2358,6.310241425462763
2359,6.86118190195686
2360,4.671570495219924
2361,5.8731916143494285
2362,249.24343959946262
2363,4.284325607628396
2364,216.61322539387265
2365,93.71496691394123
2366,38.24970153539261
2367,29.208043188516335
2368,-62.196135713798085
2369,4.333311153603049
2370,228.43548881050128
2371,34.18719236163295
2372,73.93673788067377
2373,1.9828857127731117
2374,-54.593819287419265
2375,1.9988833897114293
2376,135.31600488491182
2377,109.31161308549707
2378,5.584765860265537
2379,6.473048258712981
2380,29.528326565381604
2381,142.13026985801793
2382,175.71765881890198
2383,46.964718999720205
2384,3.3705234215263413
2385,246.260388525125
2386,5.8459784663747305
2387,19.86297559589999
2388,257.1186242517613
2389,78.2419352327111
2390,2.005280585455744
2391,119.9524511653016
2392,21.023737373096886
2393,77.97994047399104
2394,141.01681141027643
2395,5.98927569337549
2396,2.686417035238882
2397,297.59505325246846
2398,284.0194283536175
2399,4.451749814467816
2400,195.48266224960463
2401,63.237736335214464
2402,234.5838575521294
2403,6.322281023897203
2404,1.9879023435820502
2405,5.116807664589167
2406,2.4418882656169165
2407,72.74071227816302
2408,249.6878194016838
2409,172.95501365152288
2410,4.23723651613035
2411,6.525924607831383
2412,312.4222890184802
2413,-5.708062598091334
2414,4.0611256674073015
2415,79.49602232174948
2416,257.4507550907863
2417,26.321263223805616
2418,3.263515563037803
2419,4.073611142729099
2420,1.8062478790771355
2421,6.25532209015551
2422,197.77592501222557
2423,2.521691028242671
2424,186.80500476687416
2425,6.231669095116999
2426,-10.639108022359839
2427,166.69649990433658
2428,21.863770979870566
2429,2.6555945494900257
2430,6.176560777747827
2431,3.2517676407001126
2432,314.9274984378869
2433,258.9244578195122
2434,4.650306994633269
2435,60.74577693577709
2436,231.15634238934862
2437,-66.36509422941222
2438,5.67550575166085
2439,7.285878195310509
2440,168.31046768235046
2441,6.399428241771991
2442,5.815963370750145
2443,4.686239537527568
2444,-71.00032791308857
2445,6.4571843109667135
2446,5.570202122188185
2447,230.61776146430572
2448,6.873480897056188
2449,6.323587176093135
2450,16.077093023800764
2451,2.8240513308853377
2452,4.409749165165005
2453,36.96679613321033
2454,287.87693127677676
2455,118.89576476891759
2456,3.181590757699889
2457,248.35262488131738
2458,6.058072275989945
2459,1.9615605854705458
2460,5.774542300474938
2461,68.2525517219936
2462,52.53418396462295
2463,6.258815973465258
2464,-65.09350867121182
2465,22.160002895189763
2466,191.50820393085974
2467,147.40611423554907
2468,269.2353714792084
2469,264.48572705886403
2470,5.796638888080104
2471,123.36328143213166
2472,2.799137293747402
2473,25.06255509471884
2474,196.1472236102767
2475,6.40937162572155
2476,102.06435187241694
2477,149.72797506756652
2478,152.48154975741858
2479,5.361357352841903
2480,49.95362694930381
2481,78.34066243394724
2482,2.3860500252218872
2483,5.079316675957642
2484,125.2905444557282
2485,125.69366833158477
2486,6.722607477618541
2487,5.4678205403677484
2488,-39.31310249514341
2489,169.26369733343384
2490,5.614829842693445
2491,136.82315473923373
2492,47.370982658744836
2493,64.0644319086484
2494,5.9276067935780965
2495,5.415391048623237
2496,95.11792987477195
2497,70.60100636490071
2498,2.5308780909413544
2499,6.709422202335999
2500,1.9008254918382756
2501,81.94093808984077
2502,269.9384064155294
2503,130.1987064968543
2504,347.48422742959735
2505,3.5017738191359986
2506,4.919092280995145
2507,274.7035822746679
2508,198.3642142334864
2509,85.78809561605107
2510,6.601489238155309
2511,210.8567228525166
2512,84.16143983433615
2513,170.2097146312095
2514,223.92083967596147
2515,310.96677424962934
2516,1.9925288244739905
2517,2.384131881098358
2518,286.4570364591971
2519,4.401922821160739
2520,109.86504284351813
2521,118.66868973825683
2522,1.6384692116306496
2523,5.651407181288217
2524,5.02062529493966
2525,294.0030689233708
2526,3.1631568457360597
2527,3.675180310859554
2528,232.82636862501866
2529,81.1128764254953
2530,236.70635234306695
2531,287.41297227780024
2532,64.93256537946958
2533,1.8095957121166903
2534,6.03325249494185
2535,5.862259120145197
2536,3.6950360976228303
2537,6.3936642045172425
2538,5.985748622143959
2539,170.62472193356655
2540,2.413272823657284
2541,2.9327748333011403
2542,2.201141488690835
2543,5.633528033836124
2544,156.3370552741701
2545,2.3835129444750836
2546,295.0662757103154
2547,22.144439080844425
2548,15.58635264715441
2549,154.20711165787824
2550,117.02135410371861
2551,-36.07872896982075
2552,1.964800316556655
2553,286.087275942028
2554,2.411072220120545
2555,67.89244014024433
2556,125.71744353881147
2557,4.537510953382574
2558,-7.333082719298044
2559,6.324372436390608
2560,210.80890772835173
2561,2.4479424447227993
2562,215.9326851876807
2563,240.16370094558624
2564,274.6350465127474
2565,4.686799105227623
2566,4.379943298607828
2567,269.9284052157841
2568,64.0955920169459
2569,75.78629740630907
2570,3.524413770705567
2571,91.03861945195786
2572,-57.664261627870005
2573,191.46777360792734
2574,2.9716096178326312
2575,4.326764198586675
2576,3.2674842016925103
2577,6.645463504474232
2578,32.51465092063429
2579,5.961302766406007
2580,5.21384475469619
2581,2.9669391126130646
2582,-39.10940401539757
2583,2.659791059626908
2584,6.5384684436399985
2585,50.2557199076946
2586,5.001301767698671
2587,197.18667890997415
2588,219.2057914125026
2589,4.605596202588482
2590,41.86450862243245
2591,1.6907346686784193
2592,117.03799922764469
2593,57.01304915172315
2594,90.6548870975878
2595,50.63659737560551
2596,47.476741526183844
2597,5.436564551730636
2598,6.264141950158946
2599,-2.0383512213537327
2600,3.93579254806855
2601,221.60660205592976
2602,6.074186336321107
2603,355.0100910582057
2604,142.43294138251443
2605,39.7731452174884
2606,3.935029419234172
2607,33.91945991331868
2608,194.9221672327129
2609,31.58358844703564
2610,2.697376188767511
2611,-7.973049007187671
2612,3.5507656449123184
2613,4.340519240212345
2614,3.0317688727605177
2615,112.26071584504538
2616,135.3279297603472
2617,275.26332050251017
2618,198.66622702903533
2619,4.743703752057374
2620,2.5201257520962366
2621,4.544816217868215
2622,2.5771584932597684
2623,1.7803288095187486
2624,6.724880292249892
2625,113.43337418871803
2626,283.13282397487137
2627,46.796849284220116
2628,137.76739815314022
2629,51.175684860412936
2630,114.26852163245042
2631,27.952865091215173
2632,6.004480708260968
2633,312.5597173692254
2634,57.11319448693161
2635,163.31882616394722
2636,-40.43579541799792
2637,3.4130743448054535
2638,-62.63118093569459
2639,-49.617532019887356
2640,187.42832453603648
2641,3.9840809337095537
2642,5.872858439060072
2643,161.67730320475994
2644,156.2642720042512
2645,208.59236612361855
2646,2.647491237111628
2647,3.6057576422357576
2648,4.514479652292797
2649,6.554384049210485
2650,273.1743951430725
2651,222.1251215294374
2652,49.03639036623373
2653,3.5366161359954957
2654,37.713892374137046
2655,225.7039833054045
2656,242.31305883472766
2657,2.9319261844494595
2658,15.079797710451647
2659,289.7668315435575
2660,1.8169400012200656
2661,273.9613516517935
2662,127.05986217130227
2663,4.958699235505987
2664,73.58642977538062
2665,282.09105374334933
2666,234.6898966409621
2667,-38.19755445759017
2668,34.43914483895897
2669,6.737336687603769
2670,100.99117506574295
2671,195.0907060019044
2672,124.12709601164477
2673,257.5960216069251
2674,233.80627951786676
2675,1.7294057760549832
2676,-40.52291925575181
2677,357.90738920597664
2678,5.295491277331386
2679,5.581628489176841
2680,65.12832977266035
2681,5.135289598657641
2682,2.4304199753329097
2683,2.4662902471135304
2684,2.4419551525243373
2685,6.482188119291825
2686,19.449391085701123
2687,66.65546566335163
2688,48.961106843137415
2689,41.798882256276904
2690,157.196950300487
2691,75.38150308462862
2692,54.512830309255456
2693,118.21323428889707
2694,111.75651592765757
2695,6.524900666267833
2696,154.60744370168186
2697,3.7426061471723373
2698,2.458727669218593
2699,4.147539391683138
2700,193.9070794519811
2701,67.66808824097137
2702,37.11500146291863
2703,3.8702537416702767
2704,179.70157134370584
2705,3.2418463167609657
2706,5.368533746318244
2707,189.35556554644094
2708,3.0307237106729996
2709,68.78501314170362
2710,5.600029264430823
2711,183.00773896922306
2712,1.8605533606980673
2713,111.17978126416477
2714,-45.108665507298596
2715,4.718148437894882
2716,2.682110811562283
2717,292.85181564615544
2718,3.5390585517767965
2719,3.1750895491868203
2720,6.6980647752781675
2721,6.220416406074612
2722,4.040931071746419
2723,218.52281484543153
2724,6.541337155360416
2725,30.393636534110414
2726,9.612773511006274
2727,316.2204290466298
2728,35.41798575850076
2729,185.28515644793356
2730,160.2561426955204
2731,172.82870196455775
2732,6.119573544531407
2733,219.63626349018784
2734,115.92835632914536
2735,88.16710477838441
2736,84.51956243541427
2737,165.45593151299758
2738,140.66555835527151
2739,116.46222755304049
2740,5.460853743969809
2741,55.21380124454555
2742,1.4625795967017887
2743,27.88145676573113
2744,-8.8563502698467
2745,4.489206271448845
2746,209.33350830412087
2747,176.4921125321718
2748,2.6678874249878883
2749,5.315456007632248
2750,217.70890201426815
2751,258.40562836123746
2752,2.7459694448282703
2753,119.37557325512566
2754,0.32762669734122907
2755,39.53492953943384
2756,282.1918448255446
2757,5.893273880070309
2758,267.8693993803194
2759,41.869909081549544
2760,191.39347822335378
2761,6.505975967214671
2762,3.9381573409273094
2763,113.01954508890596
2764,4.78931193383054
2765,121.91442822274969
2766,1.9944406300141924
2767,268.8838232400883
2768,4.500292568472237
2769,2.616403821041549
2770,227.764181681766
2771,169.46063919380398
2772,6.968942954477109
2773,3.231106694105856
2774,4.391461917660801
2775,5.704628016987666
2776,4.120341327614809
2777,262.98407834483226
2778,32.30031591918993
2779,2.1047179159215164
2780,2.6675271012056103
2781,248.3982571938368
2782,218.38882420629028
2783,5.9674379644428015
2784,9.063639047826035
2785,5.729908124925844
2786,3.5851482592942436
2787,41.87904875574918
2788,5.303366493261146
2789,172.95419404989295
2790,206.97205106710584
2791,77.86118727241413
2792,165.71186479936645
2793,171.86242561414923
2794,186.37220803231753
2795,46.75112793910442
2796,242.99446121843815
2797,101.87017723413786
2798,36.10209905123439
2799,29.06214150799031
2800,5.2187948521216
2801,4.203186094253081
2802,3.274472108324768
2803,13.753346406132609
2804,3.7969524593635007
2805,48.8565095937619
2806,7.179364926024376
2807,28.965924425184305
2808,91.089006486821
2809,6.460310701210533
2810,5.418222464021468
2811,159.43860278744813
2812,6.0248505571582625
2813,8.278542680687167
2814,5.985213705750498
2815,274.35166158209415
2816,64.93488700756998
2817,267.6245062326659
2818,106.26150607683249
2819,44.02413607400142
2820,143.00979243426917
2821,43.50112551495481
2822,6.193659302930602
2823,49.25324682201936
2824,249.57165338817327
2825,154.00937088531487
2826,-62.81280537590074
2827,6.270940021455727
2828,5.634171177824621
2829,4.749316752173135
2830,6.060348696464586
2831,6.137271293185635
2832,6.185883913879959
2833,138.49050595723025
2834,3.9009019399527958
2835,3.2696831938452773
2836,3.4584888703578294
2837,3.4797146692943346
2838,5.811964635455766
2839,1.9636314056455189
2840,58.36011201477649
2841,46.419059558688076
2842,283.71474048503455
2843,6.034784187743821
2844,175.08148473600625
2845,294.21848078232773
2846,3.4766515020954003
2847,82.23508956412704
2848,-14.571077189637725
2849,-48.89925489240808
2850,6.546982583032167
2851,6.998466584985019
2852,-41.27179060048384
2853,148.75638830427113
2854,2.310038128756233
2855,65.59347926859324
2856,5.903424254921946
2857,48.99382980070747
2858,233.5617256838704
2859,1.3648591146100977
2860,145.11062344851354
2861,285.20596322975973
2862,272.1741100275573
2863,2.9839590512969663
2864,278.4150758765186
2865,237.52211269739047
2866,2.1221621962955863
2867,2.3539883574283444
2868,72.40883472487461
2869,53.101396572538555
2870,192.57983689811613
2871,6.233137262696533
2872,255.42597204225197
2873,4.830661690461149
2874,18.40507445990573
2875,4.277098000768953
2876,-32.74842204535843
2877,279.054694092898
2878,-68.35619331014372
2879,5.065813233635132
2880,228.10221818691792
2881,5.9986773639623925
2882,6.188954988308005
2883,4.246007172679729
2884,6.70057312129418
2885,201.54500730817318
2886,248.20872190980742
2887,5.881543139721663
2888,2.048032168754834
2889,6.409534735501304
2890,2.5759768504149685
2891,-50.411671795868415
2892,145.0342728875013
2893,-10.990229746495967
2894,53.377202236497546
2895,4.935194189799366
2896,2.585537945009346
2897,5.300317171331718
2898,105.69398870522349
2899,31.43077373007278
2900,3.171255007748936
2901,28.112241105470606
2902,236.9784693622551
2903,274.56159108967825
2904,4.2019657127621866
2905,4.154710597255981
2906,28.22826626492943
2907,3.931206207900595
2908,3.627556161873903
2909,2.0340998158334576
2910,111.51284437543782
2911,3.8910125539478715
2912,2.038456164897265
2913,6.4461302144722765
2914,4.827221898698431
2915,7.80028786590195
2916,246.50881893653116
2917,175.57657791003203
2918,3.748885611384611
2919,357.5737773222403
2920,191.71726664376223
2921,5.48534304882059
2922,4.0236384636436435
2923,228.82204398702635
2924,5.268729706934611
2925,4.816571149317271
2926,5.955737599564926
2927,10.44122870451585
2928,6.458156541809203
2929,174.0984935903453
2930,271.34661073400343
2931,2.4117153995534677
2932,5.435777967262409
2933,-15.98926133184702
2934,103.24404100554929
2935,-8.104769169987499
2936,-63.17925142994132
2937,5.857194748956429
2938,19.41081181230198
2939,2.954515757732875
2940,188.34744365984042
2941,65.33792250137365
2942,97.39310575363456
2943,6.275488263370322
2944,6.524007658803119
2945,5.620966478374893
2946,6.236667465388196
2947,-53.15276615812898
2948,2.433773391599885
2949,6.6098884733318695
2950,2.9484169871755572
2951,154.07364426763627
2952,141.96418927859455
2953,6.818994679532313
2954,1.8480256653751308
2955,18.83127046784644
2956,6.603462737544463
2957,120.73407831198247
2958,5.166771276386328
2959,184.90527396505038
2960,6.676062817093482
2961,159.1906972703846
2962,3.839897672114444
2963,4.047232163361033
2964,230.33572299752132
2965,187.89407062541795
2966,4.398736872180963
2967,3.494305032011768
2968,157.60487259094302
2969,-79.51218847841909
2970,1.9207510507828174
2971,220.9522617998128
2972,6.445582947844251
2973,218.91681330932818
2974,256.69022712164184
2975,4.475021369318837
2976,42.380275189517675
2977,39.39413374151783
2978,4.1491053390273915
2979,4.515025080359072
2980,309.1667496303929
2981,300.60207835569986
2982,145.96883870146718
2983,125.48980846419255
2984,285.07999683395224
2985,121.0652134819854
2986,304.72962322432727
2987,225.65293641278367
2988,146.9209278505046
2989,73.6299374885946
2990,35.81082816869322
2991,7.246705763636223
2992,2.8797681471624887
2993,5.647593336479185
2994,65.94509047943683
2995,2.119464090835592
2996,3.8455147869117345
2997,3.266978294494369
2998,130.35283881645313
2999,130.57479410903898
3000,74.40975344217688
3001,2.9742786066105573
3002,292.98160458853397
3003,4.393714469461001
3004,282.78003422081434
3005,110.63635172794868
3006,95.71447176132753
3007,6.378740975232301
3008,2.996042133978813
3009,39.80748908391305
3010,4.1983184394337485
3011,84.4749040324073
3012,5.276183629753518
3013,195.59642557754518
3014,6.466588557743209
3015,3.488405724935355
3016,5.835497156734624
3017,6.576106192166872
3018,4.459431200197187
3019,230.0232661452144
3020,3.4717604219441975
3021,219.5563425602361
3022,266.1112493653003
3023,2.8634762032720484
3024,86.41922426270426
3025,238.10010079196235
3026,159.5072430273858
3027,6.132941771308583
3028,5.361400478653291
3029,-25.576223082657158
3030,-41.52215139784919
3031,6.185982179708202
3032,6.392214335877771
3033,4.89259896156934
3034,121.28371506127577
3035,147.84864504977708
3036,224.57771729986808
3037,5.838356100860228
3038,2.240584526467613
3039,-23.708828775634704
3040,211.50098640209706
3041,4.89380773799159
3042,-0.6843668484047489
3043,5.799889027623053
3044,230.6679337663748
3045,168.99570388103194
3046,4.466641494447322
3047,3.988690521254682
3048,50.16385562871761
3049,5.937578261845951
3050,269.97221960667684
3051,94.6105450113446
3052,6.594501464661297
3053,4.091226637138297
3054,115.13384238797981
3055,187.6712305354464
3056,59.025341947165366
3057,3.2039686077859613
3058,100.74850814264336
3059,1.841229444225912
3060,255.26181470195507
3061,5.103458123018781
3062,226.8026688963634
3063,119.72802546103415
3064,232.50411735003513
3065,255.78837027499054
3066,138.30986623623534
3067,21.4752145253543
3068,5.748368734571087
3069,5.9715457554570825
3070,3.7781076927643147
3071,6.260281002891771
3072,197.01345340268495
3073,126.71446163140433
3074,6.295308723067952
3075,5.932255572455307
3076,156.83657134958355
3077,-3.190099065714057
3078,66.06638669487667
3079,5.6899016827752344
3080,3.1684563327992237
3081,34.71370140234514
3082,94.78457115721426
3083,141.01565675486293
3084,1.3476643054617363
3085,5.539922682443994
3086,206.97095977697137
3087,3.065778643822008
3088,110.0726976464718
3089,3.4209954797181195
3090,296.91706979698165
3091,192.17599309625675
3092,96.31110985579495
3093,4.278259723315098
3094,191.4747569782872
3095,257.4934331055001
3096,147.4432320132909
3097,4.711587916216783
3098,6.120701278326662
3099,23.78459557249887
3100,83.89061778722619
3101,3.8020517097081004
3102,2.3609355920275323
3103,3.1256383153000793
3104,35.82740485115349
3105,-4.700618141067176
3106,40.17007021570359
3107,1.4539047927389874
3108,2.6895334844765313
3109,5.458019663916202
3110,256.2744120180431
3111,2.3810001428608816
3112,223.7911863035926
3113,5.463669985513093
3114,-7.035022922881653
3115,269.8975343459624
3116,109.73225825942407
3117,-49.88272710030171
3118,254.19776616325674
3119,4.590728358403694
3120,43.473351696679934
3121,31.78440001449799
3122,130.86538754947307
3123,3.920602507020777
3124,2.5794955373546355
3125,3.6778584225869695
3126,225.58836006638734
3127,278.41289415472613
3128,38.97329706600944
3129,364.23171969233897
3130,2.079696162322966
3131,103.42938488137895
3132,190.16026525055253
3133,138.08600975574097
3134,237.05722936527076
3135,1.6804347450219874
3136,312.26022437372455
3137,2.9503202464851404
3138,156.10938267672398
3139,5.988881797586496
3140,2.3069803508544595
3141,43.8685709863852
3142,3.1632502935761906
3143,111.2991198127039
3144,261.001177180583
3145,5.084514447533862
3146,285.9156653055786
3147,108.16161182962381
3148,95.70520710560587
3149,-17.430556494103982
3150,1.6571274571142829
3151,248.2149904252662
3152,7.113895637810896
3153,237.61026451543523
3154,198.06657165070243
3155,57.307175943973135
3156,54.99737091540156
3157,4.906898576215055
3158,282.68719879307946
3159,123.65216624750428
3160,272.5905261383781
3161,-31.80305597265158
3162,3.3969409644794633
3163,184.33301991071397
3164,2.8850831632169376
3165,-4.159130948915928
3166,33.374521641529405
3167,6.601576222643298
3168,5.517537213736453
3169,3.617747307464265
3170,218.84519750311378
3171,3.2933608092692648
3172,229.6926001991231
3173,279.5998228074652
3174,64.30605019481908
3175,-56.543435631697406
3176,3.6093501891326314
3177,3.249105650739833
3178,203.17618318095703
3179,6.376865481194738
3180,316.75092327710263
3181,191.33876693326448
3182,281.02261460715386
3183,5.955707000152115
3184,81.6457778929514
3185,6.694913976940513
3186,164.046616741324
3187,283.9922118405801
3188,-64.7692905668697
3189,235.11906967777654
3190,4.329448867668382
3191,248.2093163736351
3192,63.38095207540448
3193,6.324431408843593
3194,4.687342617045336
3195,5.932378887814673
3196,137.29473268623218
3197,5.42711654979796
3198,178.12590741877952
3199,182.560539803597
3200,1.9779752641077217
3201,325.8954149551196
3202,4.627126131121897
3203,4.898029955019299
3204,0.4007490759775998
3205,6.526736829954597
3206,279.3941261645697
3207,5.874294857395439
3208,193.94155268632255
3209,-32.140657914711475
3210,7.640604829922172
3211,197.38215625386877
3212,214.38311200581364
3213,2.9376141950652297
3214,268.12374024938083
3215,3.2106399592651607
3216,5.923320365809676
3217,118.35520671485806
3218,300.7419139289467
3219,73.64419815805516
3220,66.44264718586945
3221,73.60349068337456
3222,242.12518536146706
3223,350.35748129141433
3224,-65.16114684732972
3225,147.57859282242558
3226,6.027298013525985
3227,5.926966143019584
3228,8.958278616243557
3229,298.3220953133448
3230,229.3824643466669
3231,6.372320474668577
3232,4.814614327280484
3233,5.720746209116267
3234,4.141287740180295
3235,105.63231027296885
3236,143.7235886394137
3237,8.329331836789684
3238,310.0712329036548
3239,6.535669552349283
3240,66.1872984546099
3241,21.55140576351785
3242,2.4952258417375837
3243,34.049653935614856
3244,219.08338057810386
3245,5.446153295458386
3246,256.2587924789033
3247,6.283978078079631
3248,48.37603470991557
3249,-8.31817778282819
3250,221.47813892208237
3251,226.46086726688273
3252,120.15364050858014
3253,54.883346417472836
3254,155.7515681993105
3255,6.512906950008371
3256,6.369452859674835
3257,36.94278305163583
3258,2.369564755931661
3259,53.344220082828535
3260,5.858076441327839
3261,103.18417320061154
3262,318.94108835704844
3263,1.9009987552676142
3264,3.442863741458458
3265,154.92828059021815
3266,3.7568866764725404
3267,6.67177845123288
3268,3.3084162329927884
3269,4.530480102599049
3270,45.814996987390856
3271,224.67827630700708
3272,2.276855979209298
3273,189.11892394488035
3274,208.86975189865217
3275,141.03607059145065
3276,68.67202828547256
3277,5.627909441105815
3278,6.4373746724203444
3279,3.2146584975474837
3280,180.98592767156174
3281,281.2475193164831
3282,2.712513246248945
3283,385.4075776988926
3284,334.716448524028
3285,96.58836876323569
3286,3.12247603193002
3287,37.20981592977575
3288,52.26790857967001
3289,1.8361741673513645
3290,65.81108930903885
3291,261.0734037056061
3292,2.97326494467665
3293,53.29901399476164
3294,213.38997483339637
3295,129.44519317192447
3296,30.596869670446193
3297,200.16144298861343
3298,2.358406210661302
3299,250.56487744774705
3300,3.3956874912165977
3301,207.28600177295664
3302,206.5017104744366
3303,-6.535937417173965
3304,249.04855416491762
3305,5.326389909273125
3306,4.601088398862433
3307,186.93282884939572
3308,3.0022458373503143
3309,6.43995577127623
3310,-38.12278726770104
3311,2.2258975609824505
3312,3.881050342478597
3313,2.4622834080494185
3314,6.033467881515239
3315,4.723795795811537
3316,314.70497805698494
3317,303.2307185254683
3318,44.49407788246134
3319,1.9369467392875088
3320,2.2047662145401037
3321,5.298780148726419
3322,132.96535105039305
3323,4.309604575941862
3324,3.6028939434947107
3325,335.0209643347637
3326,82.3116215845993
3327,-52.675667653777296
3328,6.436201282756387
3329,1.8334371809212455
3330,188.87855114807294
3331,115.13225904807243
3332,3.2096384417368427
3333,234.5306166479334
3334,105.14821265080982
3335,3.3077439756261775
3336,4.39535688165867
3337,2.600304376676246
3338,1.7432597929044524
3339,-6.240087177822242
3340,31.6382074489732
3341,52.20108744227012
3342,202.64053464888138
3343,139.3824343424282
3344,3.5249731829708963
3345,250.50086252814452
3346,294.0983669591036
3347,181.62401614886403
3348,77.18561864179092
3349,5.541820311498933
3350,3.791933032406101
3351,2.462277518991006
3352,1.882415697776684
3353,178.76328348653266
3354,74.97383932422856
3355,3.0024904707930196
3356,314.96417090908506
3357,3.7170113121419694
3358,242.510410653928
3359,70.10441650686234
3360,150.73469127718909
3361,3.0490706750434806
3362,2.820891321266706
3363,2.801231713194534
3364,25.988995228334943
3365,108.71343275737617
3366,4.1229911083593285
3367,3.995900730771357
3368,70.91038865268064
3369,4.619677054223844
3370,69.40120043482118
3371,-3.9637802868865855
3372,209.54245397565938
3373,45.786330210368014
3374,321.91677548829034
3375,2.515656545414048
3376,2.4254495824329254
3377,102.78233870300686
3378,5.575724774291315
3379,11.6562118890186
3380,315.64892661601635
3381,6.58071843138014
3382,84.16396719014867
3383,6.250127367435714
3384,21.89452919728972
3385,4.06446918143995
3386,53.42791713419106
3387,2.1573321210549383
3388,182.18845978996853
3389,216.97427949454413
3390,2.529193440472847
3391,5.754407199553798
3392,5.0653264899135095
3393,183.54950600094037
3394,131.28883880576592
3395,5.210243875159912
3396,5.492732962012893
3397,146.09299702383726
3398,2.100009912647951
3399,197.5890698228177
3400,161.46593398971726
3401,5.251062633105164
3402,1.2515851470895583
3403,84.3468478992715
3404,91.45686946900325
3405,173.1700339824231
3406,178.39649524480774
3407,4.3484218951229305
3408,61.62274370838643
3409,108.32762889858428
3410,5.7758489236813375
3411,4.979252841135228
3412,50.67362821515048
3413,2.1786816076481843
3414,6.630496452568627
3415,121.05168091000832
3416,61.75835960478372
3417,203.6227663962341
3418,170.5730401699912
3419,-13.063947830968651
3420,21.248121674179494
3421,-70.85072641707154
3422,169.43687171928542
3423,1.992472040508995
3424,3.149663770121064
3425,6.3836953224803885
3426,3.6235318011029194
3427,57.709105048484936
3428,2.4915772359741966
3429,325.87324138524593
3430,314.23182112893335
3431,106.11040782771408
3432,5.964399199755755
3433,89.81364053109496
3434,1.8881453191655126
3435,308.14762207383905
3436,210.42584837164975
3437,3.3337469327640714
3438,30.88256332263993
3439,276.636834680585
3440,6.662924756557199
3441,4.933757313112093
3442,223.78287162796067
3443,5.090286523206757
3444,208.07842981810114
3445,3.8557761085389908
3446,5.872552073234318
3447,263.5669191506958
3448,5.35263701610143
3449,5.572898585372048
3450,93.29015500589136
3451,201.68582799940054
3452,2.1903932375335735
3453,2.5919068601636637
3454,20.802521499734258
3455,4.114699237255598
3456,5.274991360273786
3457,3.8263340353221524
3458,6.217597914589235
3459,164.35019356341553
3460,-49.833545794779965
3461,2.5843281470010604
3462,44.01737213485494
3463,225.34225399045067
3464,4.688057890580016
3465,2.676374258640731
3466,5.958122851292825
3467,114.56441725207364
3468,35.8979423745821
3469,310.1481685949783
3470,147.685584169253
3471,21.22533311978527
3472,277.87852912619553
3473,6.248706520308838
3474,3.4586716945683387
3475,4.67262911096017
3476,36.53471946903532
3477,3.6514439117487116
3478,6.588550781465402
3479,2.6500734133182684
3480,112.88911931079795
3481,115.6827069038163
3482,89.51080931322662
3483,64.6596953905131
3484,181.28154911928095
3485,2.437870323509115
3486,227.7472689968152
3487,5.830576644283755
3488,4.501788968588439
3489,3.562495440328336
3490,6.107836634415446
3491,3.354560008957318
3492,2.2667397549831376
3493,307.91108683731227
3494,165.70060689003753
3495,6.358883425242404
3496,45.056034100519014
3497,4.552271409849405
3498,6.636617030877256
3499,-17.469509358670223
3500,70.37752894495912
3501,284.54404702017007
3502,6.057077196292818
3503,3.0863744302137435
3504,119.5528482656047
3505,138.17116230789333
3506,96.35991404290655
3507,6.290894492877662
3508,2.964951845797601
3509,3.2687622042541165
3510,275.67276127562053
3511,2.0173029207199646
3512,69.19423592017644
3513,101.83656290206622
3514,3.4417822968844107
3515,72.7325258158768
3516,3.583889519576358
3517,191.0567513273807
3518,4.444407226725417
3519,233.48721724748665
3520,298.32440451343183
3521,1.8892083105829067
3522,61.81434962146459
3523,4.603403535600368
3524,6.677373831122512
3525,5.247713003922399
3526,41.602925031346786
3527,1.6733569764727925
3528,282.171719330285
3529,206.27794435038248
3530,2.459816540697065
3531,76.09743334361185
3532,273.3212451337016
3533,41.01282578654666
3534,7.760351530427979
3535,84.35710424325487
3536,3.498184561878684
3537,64.7913073247895
3538,7.003148838879873
3539,1.5696177274087781
3540,169.74935402663723
3541,-63.17412474862807
3542,2.4498627168078215
3543,196.94199951417994
3544,42.50907590025055
3545,2.4924254644988304
3546,5.346723725562703
3547,170.6337258285298
3548,5.4461719922534195
3549,1.7500983048209717
3550,4.462335260323403
3551,4.025869951939838
3552,5.73496696826891
3553,6.012285067755286
3554,164.71389577364238
3555,3.845508010263339
3556,1.9697628339557203
3557,121.76384139573707
3558,5.082966766505633
3559,95.6753939703871
3560,68.224717417476
3561,6.142243484893903
3562,29.48352220994464
3563,-49.55459076591198
3564,5.844646183695209
3565,4.969290929586959
3566,180.63754910741653
3567,1.9679530920516268
3568,225.96327396717817
3569,164.28517755794087
3570,42.92567489153708
3571,197.9913843037395
3572,1.9790358195219644
3573,6.070493950801398
3574,5.81696515865748
3575,2.097759551131589
3576,5.2502206361960475
3577,6.224732317748831
3578,89.64727730469028
3579,2.0874570064002342
3580,69.10641537420345
3581,243.2059250626931
3582,75.07205255607383
3583,45.857979916774084
3584,6.85619171637265
3585,30.061136728192615
3586,5.808738716159844
3587,35.77991999588309
3588,3.1285834278358053
3589,228.18147790662863
3590,3.1942359710807917
3591,3.315398953979846
3592,179.87481168246615
3593,3.7342682302891603
3594,20.15631623533007
3595,6.633571771000193
3596,31.85779445115391
3597,315.5479052325254
3598,88.28844587374167
3599,95.61401378239754
3600,2.5922563256254505
3601,299.55036185051097
3602,24.640871236120425
3603,5.1667957962296445
3604,2.9738654841497256
3605,182.9919631800896
3606,2.1230273615431554
3607,3.76952834816781
3608,278.44759753041217
3609,208.26818075072578
3610,63.3919024900071
3611,5.2012955060940165
3612,255.93289418547627
3613,6.412318409478799
3614,4.7655288882333995
3615,6.483958852330741
3616,53.4897666217127
3617,4.982433937060239
3618,2.7676064912331153
3619,-56.025439594699606
3620,-17.32597489682021
3621,65.03418486560948
3622,5.419995673104943
3623,265.6963239255348
3624,-11.450934905027376
3625,103.56102121950954
3626,28.73969167707241
3627,34.083621259607995
3628,6.351764933248976
3629,52.28162314968809
3630,251.4598301109757
3631,287.93604301161156
3632,251.77914812969698
3633,265.0062448120485
3634,116.92871827128228
3635,120.42395331887813
3636,4.295764502490723
3637,46.305552055555054
3638,73.35503765428663
3639,4.918753307346861
3640,339.76921839812246
3641,222.6163370949871
3642,157.72448129382406
3643,184.78333183749686
3644,6.537306722060141
3645,119.19409911496868
3646,2.5131262982621116
3647,5.82713179656461
3648,241.70970918171224
3649,23.063537696574734
3650,3.251698319398632
3651,193.32361041018737
3652,48.88135579715992
3653,-4.8633834390946244
3654,74.49297385753094
3655,2.082298053941093
3656,138.30871364426258
3657,5.783336072570187
3658,7.753774542267834
3659,4.6325507861888555
3660,5.829423393293427
3661,40.33093668065827
3662,2.125655198653429
3663,5.637035584477074
3664,115.8722664057949
3665,4.7003557662979025
3666,278.6246935486797
3667,244.44356970829745
3668,257.1090487455903
3669,225.47535940425
3670,6.46144961365981
3671,6.355285925838775
3672,223.37023370448705
3673,5.006488628753596
3674,288.0824920595454
3675,151.51399068865845
3676,50.13638714959846
3677,31.502019760201645
3678,-3.179046089037443
3679,4.580416762101164
3680,3.4271628090767097
3681,149.00206499212072
3682,75.8250419126187
3683,150.7276761289579
3684,28.897329772617052
3685,147.22114915528604
3686,279.1292125911393
3687,107.0492721980145
3688,277.5539266405636
3689,2.418611405089446
3690,209.0054712508348
3691,212.88060442499744
3692,286.1314446567012
3693,274.2716510614433
3694,1.5264703322406215
3695,246.8023640235653
3696,208.99230454469355
3697,0.8646749444947529
3698,-29.84408124084144
3699,4.266277504215292
3700,5.607109563955834
3701,351.0261026114359
3702,3.886658018427126
3703,4.024718551956863
3704,6.166355079049779
3705,1.3927345400242377
3706,58.00012879332988
3707,3.125477320957785
3708,106.37521511880395
3709,3.2335194386299846
3710,6.666643820318971
3711,346.4929465340638
3712,102.27261930758233
3713,5.53730061267843
3714,329.9184998887839
3715,2.370553781879176
3716,1.992025227926325
3717,150.1290101697972
3718,70.77134431140014
3719,167.59368070373893
3720,155.56437760079064
3721,2.699807200155409
3722,4.0536441672082155
3723,3.362575248245068
3724,1.8922200334888573
3725,67.4795642803841
3726,1.782782217649193
3727,225.16982283334568
3728,58.031615006019884
3729,-33.66985195211862
3730,145.94034508030126
3731,79.8561913601856
3732,3.545998943841532
3733,-23.56305830619468
3734,3.052071762472295
3735,2.4630412524911804
3736,-8.628881624399053
3737,6.2429705003774405
3738,192.99013882256548
3739,-43.28572432148765
3740,234.4787219242317
3741,36.32843909166621
3742,264.3058056723599
3743,2.3374123907350115
3744,78.68431705560612
3745,-11.206103398666142
3746,4.995676047196877
3747,5.045469828843014
3748,188.76295217513444
3749,67.75509631101565
3750,1.5814543028653114
3751,223.39343747161558
3752,76.07521389439916
3753,4.748849195110921
3754,3.6242550999207035
3755,2.716524873161558
3756,5.548414718068544
3757,37.969853803098324
3758,6.092117003127166
3759,47.673031552460685
3760,1.9428221980572828
3761,6.463537327932403
3762,6.340902505499962
3763,117.22723591704164
3764,172.73485957779133
3765,357.9737188613546
3766,6.579336047963642
3767,281.32870672510944
3768,73.49112219755614
3769,1.663495696206111
3770,136.17262271288
3771,3.7548996266907997
3772,191.2458143770113
3773,244.81235329842465
3774,2.4961930913327777
3775,4.055759023977865
3776,248.0859566690168
3777,6.177712640384285
3778,228.54611714784738
3779,290.3640199632363
3780,6.106772936555851
3781,6.444864398005963
3782,2.0972306085080694
3783,2.1005540655639763
3784,5.522033517976586
3785,31.627147796376846
3786,93.01623685082458
3787,6.0926457920478825
3788,6.668845710127064
3789,284.88770438941583
3790,7.008498170548153
3791,6.284259600889346
3792,3.7808178636850758
3793,32.07818145998656
3794,-22.371782529136276
3795,192.57910610230783
3796,182.83114558063528
3797,4.793787516432763
3798,196.24358653590483
3799,-61.66482471501307
3800,241.26937099068567
3801,134.0282569990927
3802,138.7378191483582
3803,49.221475659289396
3804,54.54908700596537
3805,5.156144981958829
3806,2.999894092207363
3807,124.36212977538075
3808,3.8769763779429187
3809,-32.30631673920827
3810,2.7928009802729408
3811,4.342329771853831
3812,268.31842817039717
3813,3.5817687930358364
3814,290.699020441705
3815,7.134106905034004
3816,3.537427733903044
3817,50.17279555859966
3818,6.149227985612805
3819,2.3544176796806235
3820,142.99268149608866
3821,7.338533364815115
3822,5.487265557920807
3823,256.60083430565066
3824,5.208335499692023
3825,250.12043784144743
3826,6.06483118104627
3827,310.5897171354352
3828,308.6481724767169
3829,6.5944696387172925
3830,243.60212788920762
3831,68.40600704505262
3832,1.7685526631153599
3833,59.955703643849745
3834,22.422890840738482
3835,2.7563067871959004
3836,5.165200987293298
3837,6.732355147175083
3838,5.8895242393772715
3839,242.4168693526732
3840,5.7007352907363895
3841,122.72408248544882
3842,3.4387394013932053
3843,270.2666309018639
3844,5.3584442218172805
3845,5.572451499701958
3846,6.557241451609085
3847,71.94630083507329
3848,110.07081024220369
3849,190.4959052411474
3850,17.453275030607376
3851,110.32685518126868
3852,241.84937236649273
3853,5.485888309731282
3854,248.90574202442698
3855,1.9192874576172754
3856,57.27965368339203
3857,4.022323932387716
3858,3.1800743297586496
3859,250.0440251773548
3860,6.24570888270527
3861,-59.63321842842555
3862,-7.839596159164788
3863,4.104487646745299
3864,2.86810731371592
3865,290.92066225514077
3866,4.047118271886749
3867,199.38359543364822
3868,4.810146775875804
3869,3.0097265919790175
3870,185.28283427698435
3871,44.12175448859169
3872,3.4956763563544797
3873,25.658905370344463
3874,352.1346702794235
3875,276.58520917199303
3876,103.42322768997599
3877,-62.84231498559676
3878,211.27971775557106
3879,245.03098853159412
3880,6.4936827892901015
3881,4.169594315910992
3882,2.7366624527369168
3883,205.6119841748233
3884,148.53625058766633
3885,6.431655743382436
3886,5.5005914997245
3887,6.2471875614605645
3888,2.688410858151115
3889,176.51174364523362
3890,1.8089393449909594
3891,2.83613264210046
3892,179.6112509953548
3893,2.630679332920396
3894,295.7432996661497
3895,-33.53843587250269
3896,30.323922983293585
3897,245.29558917583432
3898,190.63154369032475
3899,1.7534209889924235
3900,88.93817304693684
3901,107.77666125761283
3902,2.897318481597303
3903,36.43230604767409
3904,52.00782089149332
3905,3.40379411819329
3906,7.964972085807458
3907,199.3574100605353
3908,149.0838122619005
3909,3.2672100750543622
3910,3.8459709367597026
3911,235.69927243028303
3912,4.870528594616162
3913,37.18311850805195
3914,283.1108399971206
3915,7.325697018881341
3916,5.870278518317631
3917,3.8028798779397697
3918,-44.990176773744196
3919,4.556813300418803
3920,31.433907985470558
3921,53.154889064817645
3922,7.019750957775113
3923,3.6825885563439202
3924,362.8803588031983
3925,65.67305289006242
3926,1.9406504634593542
3927,249.02742392533253
3928,3.4402515010064
3929,5.103269386816809
3930,6.349287755962397
3931,221.9961114028118
3932,4.641046755897873
3933,2.631303026442946
3934,6.587708850329324
3935,221.84858031449667
3936,1.7958389131134322
3937,3.4065598135905413
3938,2.313631759029608
3939,325.51321308211095
3940,6.091640511715973
3941,6.191234184411394
3942,5.403067062253373
3943,3.1875032496304945
3944,6.667989544093161
3945,331.48685386886615
3946,191.81100889258113
3947,27.821154676303802
3948,154.01005722654486
3949,5.260802077275034
3950,247.40487673901913
3951,1.7518308032221888
3952,110.28740964670621
3953,124.60988571932094
3954,2.312890797507132
3955,6.19291502091515
3956,187.8459064195604
3957,56.60925138147706
3958,67.7816297621456
3959,234.2132926346459
3960,6.190130853226748
3961,6.124477832940693
3962,132.56373671521152
3963,5.879473606864863
3964,207.3802336373836
3965,6.1412377976201755
3966,2.6108322621121562
3967,4.125856539372624
3968,195.8033948521894
3969,56.81227856371606
3970,2.3793329396638008
3971,3.3737198979898
3972,2.548744602344608
3973,3.0786523528977403
3974,45.25200952578689
3975,48.97187962856482
3976,3.391426902883855
3977,4.190628395974952
3978,3.608675757578531
3979,120.00032841004386
3980,246.58597128309287
3981,254.90334565058816
3982,5.415711504796938
3983,3.5537535582535016
3984,368.9894332183242
3985,228.56493818321314
3986,177.80809147978994
3987,87.9389239722336
3988,3.2319507895668975
3989,13.974770079298713
3990,94.08682029974356
3991,256.0273134059969
3992,5.895223409577168
3993,6.1464891108365185
3994,38.23035371161578
3995,121.82420850518689
3996,3.8312133498873795
3997,100.99117506574295
3998,2.4296418500686454
3999,277.6383198088713
4000,5.239928414726361
4001,4.248835761917726
4002,25.630091161711107
4003,171.64145225355423
4004,2.2603445348411397
4005,309.1636555361004
4006,70.04550481021633
4007,6.804117668975641
4008,3.3693705967802514
4009,5.8321209552688345
4010,191.23940382954783
4011,3.3118286530556826
4012,6.3615739690613875
4013,241.62372551906685
4014,5.870389588443102
4015,6.261540136367133
4016,68.14216388770035
4017,154.6494750969306
4018,120.40950017110237
4019,1.4262271906755788
4020,2.005676152544082
4021,132.05840553178012
4022,51.259034573992466
4023,3.6243105774202213
4024,112.0320439629383
4025,48.36713692199332
4026,49.79590551630558
4027,268.527436097007
4028,102.47755393156896
4029,6.611977130903334
4030,2.557169843477579
4031,115.99525272106186
4032,86.84483621121669
4033,2.496923955270739
4034,256.3577860082761
4035,109.14609985770838
4036,4.218227281875503
4037,3.6024526037957214
4038,5.983150928429833
4039,5.8459784663747305
4040,107.86204913316837
4041,327.4338708736606
4042,62.074392518432305
4043,265.4498452080806
4044,4.447476386647842
4045,37.65985752260717
4046,5.844094985065919
4047,4.456490539198459
4048,278.3069238236807
4049,125.26790938525983
4050,276.3557827698902
4051,63.18285081898196
4052,2.6823641381421224
4053,4.016758352330284
4054,5.2199288628656975
4055,4.341712305227648
4056,268.61214263474153
4057,6.8332841308072645
4058,289.6106638850142
4059,21.104050652849615
4060,267.0127638087154
4061,101.09432093035124
4062,3.840383599684868
4063,2.1303199376191424
4064,223.58055414682673
4065,2.043630724592772
4066,97.4393783963699
4067,199.31290124326296
4068,165.7175216684659
4069,347.10036116727474
4070,2.685668614361971
4071,2.8460279981725165
4072,1.7149255232614324
4073,3.3004003253222116
4074,4.279667651107805
4075,-29.25459128802924
4076,46.113170877755834
4077,4.8285322256178045
4078,6.320163399959662
4079,7.171258654829475
4080,278.81611954276906
4081,4.79944109958015
4082,124.83337678314396
4083,4.127256126698484
4084,14.925282721261567
4085,24.547569124023415
4086,-7.781928881279314
4087,4.265956347809847
4088,4.92362716649682
4089,68.55559654514624
4090,141.2377072790989
4091,4.4723244487717455
4092,74.18187718297807
4093,24.319641235213204
4094,5.011631061343792
4095,6.741038683283185
4096,2.3965410374773652
4097,2.614149485157614
4098,2.999718490396371
4099,-41.995639724963226
4100,66.09120003714509
4101,5.757873482778452
4102,4.436297772420785
4103,67.39616289876668
4104,200.4822537141249
4105,5.826285959581318
4106,115.99978544311185
4107,87.01740803359453
4108,71.80396582802248
4109,237.54059900467757
4110,6.038389792046443
4111,50.3078181807306
4112,81.21787310609966
4113,3.347135311545803
4114,5.1052628790293015
4115,82.10251897923956
4116,89.55696049700111
4117,91.09531561861903
4118,289.7681837593568
4119,244.54787331409437
4120,230.0506783573419
4121,91.0454097949497
4122,-24.393553456259916
4123,2.199642922451289
4124,140.0901001278774
4125,2.3057213345898573
4126,54.38799337976163
4127,5.897368246054456
4128,1.770680495964039
4129,6.247189217952696
4130,2.14067104598081
4131,57.68274874035842
4132,6.099064824572844
4133,5.181947835528143
4134,113.51078811749
4135,25.768272300278067
4136,160.5872832377113
4137,327.0415510761158
4138,-8.640426505364239
4139,103.75837689599496
4140,59.85529383733029
4141,4.12141573797574
4142,106.99086551894396
4143,307.4229841730163
4144,71.28317874760586
4145,200.86207315981915
4146,76.181615189849
4147,66.10605097255709
4148,288.8315465821392
4149,57.78214236574145
4150,34.60904030345062
4151,53.249751243033074
4152,116.03778981158365
4153,4.202438723467297
4154,346.9945016999926
4155,147.20450097058875
4156,3.4596433831588134
4157,18.57165574775317
4158,4.0494037528585105
4159,4.960062727779139
4160,146.0776149258577
4161,182.96359040614618
4162,6.305533262160045
4163,58.58755342960001
4164,183.23694605506876
4165,-10.546851639824949
4166,45.57599837773808
4167,100.03133003315068
4168,7.14423685558316
4169,2.428183431024397
4170,-3.8670062795970246
4171,92.85848328134018
4172,4.249178071974142
4173,3.965959668564909
4174,62.90468998174542
4175,115.73752531452666
4176,2.0153229090565157
4177,4.169930846614131
4178,13.727244419375161
4179,125.45316542209972
4180,161.20589757680244
4181,62.56610982947013
4182,64.02842430210158
4183,28.2241221887031
4184,194.94307229640958
4185,272.0093177541213
4186,2.455677822884485
4187,71.7257139442624
4188,4.203836549755004
4189,4.308045919590061
4190,115.09741355388573
4191,2.1413848843020302
4192,48.378498364664864
4193,51.36228354969795
4194,5.91636770462252
4195,4.225675895695355
4196,130.16856449069599
4197,6.394692452579799
4198,3.2341850940206083
4199,5.058459834719771
4200,299.2060347911596
4201,248.37155197597963
4202,176.45399726547925
4203,5.73780104277181
4204,106.10047034278799
4205,4.888904664799526
4206,7.729878097842876
4207,122.93878386041428
4208,157.30950501768373
4209,229.92378027823935
4210,-51.34924904027659
4211,1.9136019401806563
4212,5.848012146868289
4213,-12.06918079275513
4214,7.343437740397697
4215,3.1102560221012636
4216,1.5578765406602582
4217,3.3023996154643975
4218,5.916973676570464
4219,52.72157815242117
4220,69.43438281464891
4221,2.1970715290457163
4222,109.09909552599783
4223,3.044139281662555
4224,6.277718794036428
4225,5.183323504447312
4226,288.05233565935384
4227,1.9619700909326818
4228,208.79706652901797
4229,115.5714551221592
4230,2.8041437454963813
4231,2.8342060156369104
4232,55.005760619486225
4233,3.245365754570127
4234,-7.484550129610239
4235,69.81004274257846
4236,247.02141174900095
4237,176.00477398712104
4238,3.3165790728345854
4239,79.66738109743443
4240,4.406247351745802
4241,34.525712453336766
4242,231.71084051721348
4243,-56.15397808110062
4244,328.54364912250685
4245,5.072711963181465
4246,1.9360728771947278
4247,3.9105386337956034
4248,4.142627660475519
4249,-20.589911722287113
4250,2.516374349422537
4251,294.69054160818024
4252,6.644972629198355
4253,6.0137258546482775
4254,5.156592165521164
4255,-50.61345879154901
4256,1.9948928199395815
4257,111.24557718710905
4258,2.3443508270042646
4259,1.5902731359619804
4260,84.99628922206858
4261,2.4114762272285017
4262,283.24981969426267
4263,92.82926858842615
4264,2.677497862855915
4265,44.944667351547075
4266,4.147942838585295
4267,6.277571448469505
4268,5.596791893873215
4269,207.97516207414446
4270,171.25935070816928
4271,149.64082446546342
4272,4.561035240299604
4273,8.079211459348754
4274,102.9082817586196
4275,6.748922343884461
4276,287.52955557613427
4277,233.88084699157184
4278,376.94577688350125
4279,309.24453712963395
4280,120.79064410214457
4281,90.36299124737852
4282,12.69558119213908
4283,6.341061713934758
4284,4.431571683139557
4285,109.42680288849863
4286,309.43614728408124
4287,1.7763570081361382
4288,208.0797183269295
4289,207.854172869928
4290,177.10157367723096
4291,2.938540139254467
4292,5.032194064141008
4293,6.56895291585324
4294,-29.266484463991173
4295,1.1043215784463176
4296,5.322591589200558
4297,6.450556464841391
4298,5.7521683927899225
4299,58.4076561169722
4300,46.776217271585736
4301,1.2687089920472916
4302,97.30223688667854
4303,1.3476522574694436
4304,-40.83606902018014
4305,3.68245425873161
4306,294.2556512332938
4307,2.7489575429966546
4308,17.320386160723352
4309,4.611507076907033
4310,2.9632527503328587
4311,7.823147991067851
4312,307.4711969720309
4313,3.011009385080026
4314,3.198706354952373
4315,228.95266746873222
4316,1.4271257914401896
4317,192.8399216659549
4318,6.161422596354397
4319,53.42263951818113
4320,99.29700897180756
4321,4.787961187229393
4322,295.4416419515744
4323,75.91347266106635
4324,3.4323248743043546
4325,6.685692019853823
4326,3.4273845309228843
4327,102.76680616467038
4328,131.7929008790752
4329,197.4038590633932
4330,-11.002889052213206
4331,2.576223121889247
4332,2.268910068502425
4333,246.080291126357
4334,3.275461663619523
4335,3.604505994329781
4336,2.1676117313792105
4337,5.818318023623044
4338,0.7326645691461591
4339,5.743008708076387
4340,-33.72009633767064
4341,62.69207731637351
4342,189.697442165793
4343,170.99093876336778
4344,106.41675984969655
4345,5.880683005880928
4346,4.678929928985252
4347,180.25859962430337
4348,5.5524176671875445
4349,100.65598534689381
4350,-50.62475769633426
4351,116.22315110824269
4352,195.7603730440828
4353,5.07316741116525
4354,115.67040339516964
4355,122.62327069502459
4356,1.9065607993726252
4357,5.305793876330991
4358,321.67116386807004
4359,222.49060240090589
4360,3.5030260855958195
4361,-3.334330840207956
4362,1.1813077681953499
4363,3.907727062237002
4364,4.396793530454031
4365,1.6529829142452175
4366,3.335913397237927
4367,257.4670533880166
4368,-30.62446866288129
4369,80.09620216383595
4370,6.359009998761932
4371,198.52619746302003
4372,79.86128389147638
4373,324.63131878155053
4374,6.263250894156608
4375,226.3062132307445
4376,277.51297630547685
4377,5.456440843265705
4378,5.77145637556409
4379,168.5169016657049
4380,3.0103829213025217
4381,2.4560354364269776
4382,6.654105643128415
4383,27.92405271684279
4384,4.933894568146024
4385,195.74941675512127
4386,35.6338873704293
4387,288.22056943726847
4388,67.23113274244977
4389,6.666216807114243
4390,4.4435509578423265
4391,3.885412261351914
4392,2.4446992030168513
4393,83.85861169878628
4394,76.4899203222931
4395,3.1754776474153967
4396,14.797311885436532
4397,2.515953936648647
4398,6.397558905770217
4399,3.7516917191482917
4400,255.37876759058204
4401,6.819449264692291
4402,237.75216771302115
4403,247.93852200167
4404,239.77439861182762
4405,356.820408840325
4406,48.00788171147267
4407,96.52435723963522
4408,6.370496500551865
4409,112.02751736266782
4410,-91.75756162392526
4411,2.7524366629508443
4412,273.6244649120423
4413,222.5400826809403
4414,3.7983297814977686
4415,191.43929456622055
4416,66.05376721778569
4417,2.690824264563914
4418,231.09419831590282
4419,264.08591304170716
4420,369.8935271118917
4421,325.47757495144964
4422,11.713641248655357
4423,2.4831576839659357
4424,51.0850738339103
4425,187.7443157911594
4426,5.470810402240819
4427,215.89234670982376
4428,6.533619279278482
4429,5.066592203141477
4430,5.15482839658932
4431,178.47252055625114
4432,3.9082206481623074
4433,3.793614233019607
4434,102.86865730796355
4435,5.657264674083285
4436,6.499067200522181
4437,11.227037396530509
4438,79.67570157468997
4439,7.0650762374876885
4440,271.4075338309413
4441,2.1242548141664943
4442,280.4118879445714
4443,6.222476827398996
4444,277.5311313373053
4445,3.9774863289827507
4446,3.7277410941320603
4447,149.11412274006886
4448,5.269061389211785
4449,-14.11144525328939
4450,66.0722141838057
4451,103.84956630088556
4452,286.72780369847766
4453,247.23492096265204
4454,4.57967293513995
4455,4.992806925763487
4456,204.2380679808108
4457,4.030398994579553
4458,6.793116930088401
4459,83.80223188176764
4460,0.6790254446603079
4461,84.06217867454441
4462,153.67342723436784
4463,45.236569589683825
4464,4.2582159783000995
4465,98.94621845535205
4466,4.527509234884609
4467,-5.447092821132694
4468,1.787544179787473
4469,2.1544995644167733
4470,4.827925743713464
4471,3.0839568970932056
4472,258.10249514226876
4473,3.1727009808548514
4474,251.2968690873949
4475,4.527629795795636
4476,94.53057449839
4477,5.901318096249216
4478,3.990941813924113
4479,144.41103904265753
4480,290.57787231375386
4481,3.7113383810889733
4482,194.56497403919246
4483,69.40314065796042
4484,313.3142341287801
4485,205.63914456866829
4486,2.4256130497176045
4487,114.02780952941575
4488,54.79644800339716
4489,-45.00546505191218
4490,103.98378619650963
4491,5.2347524513366
4492,262.827178976466
4493,319.858200030262
4494,-1.143004319881023
4495,2.67371766884016
4496,102.30859061376086
4497,6.695119345568862
4498,193.77058852165254
4499,310.6844700737897
4500,162.02481821098272
4501,5.500869627940867
4502,5.955878041806025
4503,195.7051906747124
4504,13.894585320887298
4505,68.43106995530928
4506,2.987670946499873
4507,-3.6535749575622134
4508,122.05906431339625
4509,40.56284618371585
4510,2.263131279858749
4511,272.40164527151126
4512,57.57839954705186
4513,109.54660392055101
4514,2.974888084420922
4515,2.629083697615746
4516,3.355462875981567
4517,4.998321666679312
4518,4.506400839749359
4519,113.9982126882114
4520,54.29514532249525
4521,2.6083103914322847
4522,57.61897206903765
4523,6.665221294444446
4524,232.02767576160016
4525,19.243553451553016
4526,2.2508933789926138
4527,117.82169631560915
4528,134.07305849518983
4529,100.29852475546677
4530,145.07991991468566
4531,3.9256731981472184
4532,4.0868686614715175
4533,4.621864181652974
4534,61.98773904285808
4535,5.748766425903302
4536,1.8669284513090063
4537,1.8467768852854023
4538,6.419161465550548
4539,285.55808802393517
4540,173.10551574050487
4541,3.317017046436006
4542,2.777195082378424
4543,206.40540214586832
4544,34.03134230054659
4545,5.192853113692234
4546,30.985154030138965
4547,6.008590349445068
4548,178.20001516418475
4549,4.767847467738156
4550,245.40479017886514
4551,26.349872765705314
4552,130.77319374421793
4553,121.91838769853207
4554,4.472166375847762
4555,192.78764829929202
4556,290.01146851451097
4557,5.1259650502200795
4558,4.416683047261489
4559,72.25703471620676
4560,7.359790532144043
4561,5.271191692024602
4562,185.93102149674274
4563,45.70190763254679
4564,212.31664843098832
4565,71.13721615301114
4566,221.1192914990022
4567,269.90426374640003
4568,138.43578544429636
4569,4.655848437521467
4570,200.03564308873814
4571,262.6259935714806
4572,4.992901927436342
4573,3.03871926366785
4574,1.7937447020065207
4575,5.232570487091225
4576,146.13830311609158
4577,256.71826635286834
4578,54.64075154867403
4579,7.459600383550633
4580,0.6525255982267312
4581,349.1691214562959
4582,32.8955369240496
4583,1.5537559648597878
4584,273.2567150565857
4585,39.376864552535025
4586,6.695785335644231
4587,4.177149509026099
4588,1.3475893141555542
4589,4.246918844287282
4590,2.981282509493118
4591,77.2831863699835
4592,5.357091373286972
4593,88.80975207970823
4594,-17.496807997135782
4595,2.9026603107525797
4596,72.67311266790692
4597,145.46093655989995
4598,4.336499707942388
4599,-44.141371716597526
4600,85.180078284977
4601,6.943694945715644
4602,5.319976101878918
4603,5.289611299558725
4604,68.60907979356219
4605,1.9085547608231261
4606,156.8768855891721
4607,51.05765300320904
4608,4.598561759921867
4609,217.4026067938613
4610,144.08291838078634
4611,100.25555684973756
4612,3.5779731169311706
4613,-68.93262099201604
4614,76.64979477157536
4615,-45.67330600790322
4616,4.7962879568925
4617,4.974047190770635
4618,3.9803873194915296
4619,6.220131822349752
4620,6.661057589074794
4621,69.2358249278757
4622,3.924955022205089
4623,6.318211037496932
4624,1.2743774768862424
4625,88.3162226535324
4626,48.29863929674808
4627,5.6066826135320635
4628,5.890366051995702
4629,65.20575243994362
4630,5.446349318076582
4631,-10.970181938028405
4632,6.654201144412916
4633,222.43116758322168
4634,5.942542626571245
4635,6.045896192521645
4636,39.609571326526634
4637,6.96876364567254
4638,397.20358139897303
4639,275.51470725161687
4640,2.073027093451642
4641,208.35375896464416
4642,121.50619876206048
4643,61.635357258705525
4644,68.30559762849745
4645,5.755428773864698
4646,47.18299384539304
4647,22.234010551431233
4648,199.37378617556828
4649,127.3864286477318
4650,123.65645804542683
4651,44.35226105405316
4652,4.598191865686584
4653,251.24308453835536
4654,-4.982183890247603
4655,5.56488127723746
4656,2.452292911507147
4657,3.161856690277135
4658,6.2182006564695556
4659,84.63029085243039
4660,2.825913408219348
4661,2.625546906899035
4662,3.4632807482879038
4663,115.58639235433614
4664,5.874295128171451
4665,137.32304681395792
4666,240.64029199460236
4667,1.8429782578347713
4668,97.54383928807935
4669,254.72062491612996
4670,45.23886457148441
4671,1.9097720817199582
4672,0.7041725497119198
4673,69.74901837226912
4674,298.394573578487
4675,1.7506953526473998
4676,134.9311628280097
4677,61.539518014209655
4678,5.489755400720005
4679,68.8014285759314
4680,4.002279856597993
4681,1.455354629393451
4682,194.07367025773343
4683,138.30045089489516
4684,97.555020347381
4685,242.1480150320004
4686,4.378706389026246
4687,216.83487435883092
4688,339.2586464891542
4689,79.39659190641387
4690,5.94858060817846
4691,6.938498346595171
4692,4.2065711842109925
4693,101.73165248805856
4694,4.1949874027719165
4695,374.2364457007202
4696,4.505313672045045
4697,2.4907186598245494
4698,4.744398771828367
4699,4.110752779674578
4700,93.97276361765378
4701,5.21651786686466
4702,2.011258003894444
4703,3.7233581696819886
4704,5.153684078025855
4705,282.4072267855643
4706,3.416597752773407
4707,4.938556672925633
4708,3.2546793992326215
4709,76.15428048765546
4710,150.0330903350474
4711,6.27486260275022
4712,243.48155469970933
4713,3.6136926777777796
4714,5.687707302997479
4715,75.23922594712315
4716,80.09147627188781
4717,7.3497006448737014
4718,5.469471264651279
4719,191.6764503432501
4720,157.73354665410986
4721,6.199061769247537
4722,3.808361731988769
4723,6.326637542020535
4724,72.06576616152384
4725,177.39792028610236
4726,3.487225428719079
4727,263.3370636239902
4728,245.33414833192546
4729,3.7803646114654974
4730,177.23731670752446
4731,61.26076181551735
4732,-59.033282810153494
4733,5.4733076859738645
4734,6.228336706393933
4735,5.27391454111227
4736,3.309234415879892
4737,65.92434933159291
4738,-23.27945307694105
4739,189.12224854418247
4740,309.55414535902275
4741,5.081553928383749
4742,82.1795623081823
4743,5.330911234846755
4744,267.41925997244346
4745,39.80705209915865
4746,3.916057937239726
4747,2.893877122414189
4748,3.1442588256858803
4749,5.649779659348343
4750,5.78268897231659
4751,3.6626027177940994
4752,98.36808070954915
4753,155.2950550142375
4754,134.40897523565803
4755,3.980029738339534
4756,2.0255951361226376
4757,3.223301505805474
4758,79.10516423045055
4759,114.51302044419919
4760,5.085768405863703
4761,3.331398751393901
4762,187.00894199144335
4763,214.44344856698856
4764,2.3801565401427425
4765,333.41478863299324
4766,25.734069154098435
4767,17.563440367110044
4768,26.201505042063538
4769,-26.265132038720367
4770,51.272057404671784
4771,31.5929643188892
4772,3.739643608489361
4773,4.172872356203596
4774,138.58479481397967
4775,2.438206507484809
4776,2.4929184494357006
4777,193.9334907929042
4778,5.0634469462177085
4779,39.581401225678945
4780,1.3058181563590248
4781,56.9534468747525
4782,4.888387398741978
4783,3.868366637538884
4784,2.474364731409971
4785,66.21705417456187
4786,68.92158886878002
4787,5.523105653291013
4788,3.738151303772317
4789,2.8849711281475137
4790,126.46336474285312
4791,167.59038582422758
4792,4.4220736870825705
4793,164.3432102223765
4794,59.87043143555622
4795,228.40938237818517
4796,3.3766268242636297
4797,138.3337675055835
4798,5.87332450652443
4799,4.075670145189252
4800,354.91476104829144
4801,3.8345556629236066
4802,4.999130031718343
4803,272.50950459540604
4804,1.6281167381108534
4805,230.12428379794972
4806,4.015158127778989
4807,3.2795551217140533
4808,61.12903291749774
4809,114.75932727627418
4810,1.6359579792589414
4811,2.116788144421302
4812,5.350939331069373
4813,259.08789669913995
4814,238.76565212408968
4815,2.8126910505671736
4816,2.7096596994783457
4817,6.231647464952228
4818,1.6977576155444898
4819,87.36941486808371
4820,2.716147138694155
4821,186.95344557120845
4822,125.89578302559954
4823,5.059789573397143
4824,2.9420161417181196
4825,269.67469972672274
4826,4.502227752295087
4827,6.014041453284884
4828,215.68007525052062
4829,119.0845014834737
4830,95.49743510976478
4831,213.82000393105528
4832,6.86039849135018
4833,3.7158350576551813
4834,111.75667243362344
4835,3.8403391457948977
4836,6.4054209342293955
4837,203.54925897643076
4838,35.14835880186541
4839,308.8843506106697
4840,2.4953627958916957
4841,109.21314126631862
4842,28.34977897618001
4843,2.346119792157795
4844,3.798804560914431
4845,4.546394668909093
4846,7.141563453898312
4847,4.009936094392531
4848,2.397489888539538
4849,4.337947336978787
4850,6.6964772710808935
4851,5.822575642473543
4852,107.8891444967758
4853,293.52056796455554
4854,2.75988310981887
4855,3.2069355451676955
4856,199.26788375068747
4857,246.71050134243836
4858,235.7446577238096
4859,135.10146662553268
4860,248.88648408879854
4861,-14.838850155810814
4862,120.92962887998593
4863,6.954510126672304
4864,5.916986445029577
4865,1.9148530705107307
4866,1.2819574625898618
4867,3.5207454204277373
4868,67.6929633819901
4869,0.9618971361050144
4870,142.67539589977713
4871,6.720198636052389
4872,2.3146305202153896
4873,288.35726179143774
4874,9.836298115894682
4875,3.4203677054864725
4876,225.1630352145477
4877,6.323571684954832
4878,85.11004319776207
4879,69.9882846213687
4880,5.9210761377233005
4881,6.301870056616827
4882,23.437040642157417
4883,1.815233208597455
4884,133.95173622509157
4885,-51.815192256599865
4886,241.99044806928697
4887,5.205630602372688
4888,297.5810085071072
4889,53.16583997850053
4890,217.74814960827155
4891,128.06718077693648
4892,1.9779639596568679
4893,5.7983178637854
4894,102.944668966217
4895,6.710865862462953
4896,5.823527063775176
4897,5.485496475001279
4898,5.129056292959803
4899,206.67523633831098
4900,2.048857811976722
4901,276.9744958958446
4902,4.110058308317429
4903,153.2250376579329
4904,378.0119615119885
4905,85.15274902546588
4906,154.4183481912693
4907,185.569508644319
4908,4.383400063640556
4909,139.721546533546
4910,152.23768899418337
4911,88.48968382039132
4912,5.57148791378224
4913,177.4412363898791
4914,186.4637052403269
4915,4.375781169017314
4916,4.680514645445825
4917,6.384814623269392
4918,2.5418523301147156
4919,-4.07355353940963
4920,2.174190324675229
4921,-8.125255341449602
4922,168.28816334497986
4923,209.55501625112535
4924,5.825449590727462
4925,2.3515296071515084
4926,1.4291746958310785
4927,5.193568402246387
4928,3.1190503277279324
4929,73.50466027072946
4930,100.31770793075738
4931,-24.70936894923928
4932,5.955446377621184
4933,239.0132683686046
4934,-52.52675254041186
4935,49.71935146988753
4936,254.4882873730092
4937,24.51613394795677
4938,74.02774329248248
4939,60.66136008227949
4940,3.8833352740327247
