id,target
1,4.205947704356151
2,2.5607159909771253
3,304.790707374923
4,-48.640976989034286
5,4.280467150851083
6,6.717502579392275
7,5.314741426157742
8,74.2278434718824
9,69.81814174974798
10,69.2699763613903
11,35.585039532238106
12,-3.5285894976367103
13,272.3336206985527
14,185.05214170387367
15,3.667395134710047
16,271.6592672883531
17,3.2551939230955043
18,91.27043036092104
19,3.3513144338232634
20,6.703352717729604
21,-66.7123876672928
22,60.59416695749734
23,4.58057735934325
24,2.5943002653837506
25,38.912457895461166
26,85.87903045723051
27,1.335531292828193
28,175.76969930219556
29,49.86540527561209
30,3.361966405026995
31,6.508575128676349
32,31.738396311953146
33,52.20082641261811
34,3.7364931409126667
35,2.36419246382688
36,6.463017482664514
37,252.79850659349137
38,252.48088792748297
39,56.38538384132071
40,126.61328275879329
41,-50.105954136375004
42,3.0340798868949763
43,5.846945772025591
44,4.326649703927973
45,141.2706943602923
46,63.52725569822302
47,3.2777608365841306
48,-76.50163483455718
49,4.542129260197195
50,1.8773451846422253
51,262.4164018447863
52,3.1112274132647606
53,2.3840297671974082
54,106.3503313193302
55,2.9077415778718625
56,4.600653935288497
57,5.671823582156976
58,174.96087071193725
59,242.30362677519366
60,6.767032459359353
61,2.3662652275026055
62,198.72365440488053
63,6.720704270774004
64,2.4598635581097503
65,1.7277466770119259
66,3.745309361649558
67,5.0655277954606825
68,190.20947507596685
69,114.5036983495347
70,2.538595430304362
71,2.462358278772026
72,2.2117949998361652
73,26.58438268690902
74,253.38287727582025
75,210.31077367505975
76,6.290864789941008
77,5.779780192076737
78,136.36192418378386
79,269.30419290553283
80,3.5864195922437756
81,59.337418688258886
82,4.457368915366008
83,183.2770709985002
84,54.591999582899184
85,-11.897612814061763
86,2.337117930334807
87,55.48999970319634
88,178.85797221872903
89,6.037843475466911
90,5.352019120973571
91,50.949098856140225
92,88.58536942469172
93,32.596291929080344
94,4.8446126919915535
95,3.9480199449294746
96,3.0238819887221893
97,7.017184408921204
98,221.70029742785414
99,79.41250432081175
100,278.152267669374
101,5.276946270693314
102,259.71114528232374
103,4.383275795066873
104,6.560233596634091
105,136.29665636475127
106,11.538768770844788
107,292.4178051255484
108,2.5785124260216747
109,191.77501485246256
110,3.5277263768338436
111,64.14892617537282
112,2.03277760215662
113,213.9652763570481
114,6.452673754102451
115,5.2645071529346215
116,380.5035258670943
117,190.51397228628835
118,184.5287645784958
119,251.28860028931376
120,340.30422446236355
121,143.0366254788935
122,3.7075864916606456
123,133.62360248571682
124,274.611733713856
125,116.96938909513132
126,6.41117251607675
127,127.13555460880698
128,3.7219469831394703
129,261.200525652775
130,101.365467079136
131,71.3413727831553
132,-7.432697792866045
133,-68.34770852172356
134,334.2877258543514
135,6.203738441923773
136,2.145751426206692
137,122.12756396257979
138,5.838233973109717
139,217.80324274018778
140,299.62657815985517
141,54.89955201988305
142,10.740133908011932
143,16.89818649634898
144,17.962479850448688
145,6.821055359834136
146,183.05849864101964
147,224.35739107032168
148,2.0012180085051985
149,173.15775918038548
150,70.8289948053546
151,288.9173734560418
152,234.672384938304
153,183.81195344301702
154,18.558144580368065
155,4.432132142949279
156,206.2889823364373
157,157.4991394445067
158,107.37906424333656
159,152.71532440887324
160,6.292324820144602
161,57.25345992197562
162,4.671234641418862
163,259.6673810413258
164,3.112878808313707
165,52.19436173083701
166,210.75135498837773
167,341.56241156879383
168,7.088474827427515
169,1.8278759572781547
170,233.7081485079721
171,3.1057762415340937
172,4.412475455054628
173,-50.01467474156962
174,3.825079006789932
175,5.622756520064251
176,142.7246891633283
177,70.51551737095211
178,329.07149761213697
179,139.68850869306414
180,213.86504246722734
181,6.497338428779358
182,2.2497716326696935
183,292.9900178400383
184,6.487386400698937
185,1.6371227855943302
186,3.427844661681461
187,3.0733266817659897
188,3.9856997018871247
189,84.56775812464753
190,4.136638246452148
191,2.1170561631299902
192,35.9810040855289
193,3.46760117476343
194,326.98663341647796
195,95.50282065028622
196,268.98853644277483
197,124.73131068679663
198,215.88046244079888
199,58.46776156531809
200,1.9331977077616715
201,3.3958583550745685
202,95.18714141902933
203,51.26888771927484
204,4.695558617531285
205,271.07201030768397
206,54.787162811748026
207,223.2519664273056
208,140.45075300333664
209,62.953152500025126
210,176.97393342124386
211,87.26922431481388
212,101.85111764225927
213,264.0975515511964
214,66.45285086433522
215,10.40985607102594
216,208.48339423331328
217,79.33161448374423
218,172.11414466765072
219,198.126906827025
220,6.270809070728261
221,233.98707118212403
222,178.53551255022825
223,2.904675923617173
224,163.45050145868444
225,266.58800066074815
226,212.88040031173955
227,48.34590972585433
228,271.11859537606233
229,258.0873990997585
230,1.521951838818109
231,220.47767889764282
232,57.657905814593235
233,55.386803924163765
234,239.22864314902196
235,117.84979191910321
236,2.2111673503000535
237,6.130521305827394
238,40.83818558785153
239,6.356154886178099
240,185.91767834753307
241,306.79618801039135
242,232.39842843658093
243,4.3390016525174655
244,2.899279522326096
245,51.61941999576756
246,121.39066977783365
247,147.53216220432026
248,6.460803996927916
249,5.862122407826818
250,61.39006019995652
251,58.304984982013835
252,186.85311338294449
253,7.886120093737183
254,193.06753600385136
255,-50.445271459150774
256,5.547727403320808
257,2.0943878463468146
258,63.009822716964386
259,255.86375669321356
260,2.488476025778125
261,5.722489859906096
262,6.270666995855813
263,-36.07859828184294
264,3.7669416812244014
265,3.620596949773549
266,2.1386976481602478
267,3.449785925952385
268,1.812370202306246
269,194.50698344691867
270,3.095480405190366
271,149.3954360044984
272,88.2250430324472
273,4.684931627879885
274,5.231559046154404
275,320.50542058148295
276,181.33685239382552
277,219.5953597735442
278,-61.78095278227555
279,4.164865639264547
280,189.0123066761162
281,5.219582110816697
282,175.2509763504003
283,188.77662100774867
284,148.58087651261621
285,240.8381415365827
286,135.59636591005167
287,234.88851869571454
288,6.172050298888183
289,97.61089891241696
290,4.749547395883483
291,117.43015014510559
292,4.074240330655833
293,52.54660445716088
294,126.59070752392849
295,5.411243761899874
296,110.99805077032599
297,53.1434139660223
298,-38.80399909953826
299,210.37908321786338
300,5.867659248558839
301,4.377197817794835
302,5.006091306661976
303,4.081488285356962
304,3.984095221253185
305,4.7941210999490265
306,253.53928842511291
307,3.8405341574551333
308,3.184091047008316
309,86.89166928148046
310,2.2149212149018798
311,2.196463759056111
312,3.786513480150555
313,138.97450444219436
314,3.852533699384914
315,0.7389039589960709
316,2.013106191322945
317,4.409852063948111
318,3.972635998015794
319,33.27347621718231
320,1.8474026038579778
321,6.265165218015824
322,3.424776432497352
323,1.8323711270601801
324,2.5375889869851735
325,4.145423713100035
326,4.934319974274039
327,52.69575929860806
328,4.3001841795421365
329,80.42001345470334
330,54.83830800737293
331,55.076077665211926
332,5.524034113417789
333,2.683470520761436
334,6.7561313331962705
335,155.31661797880668
336,3.7265612888173814
337,2.3644202610908116
338,142.13304371957568
339,55.091433952305394
340,297.8066858731931
341,110.65017890989732
342,59.81316501114846
343,3.718107714649988
344,2.725894050543495
345,123.44207403718154
346,2.6797337185849504
347,4.836930199721665
348,60.897932750229366
349,-49.81302732117283
350,103.00104095288224
351,246.32639492496338
352,31.46832029112854
353,1.313486818367936
354,5.9402674999131175
355,313.6340351833433
356,214.84364615150812
357,3.0602623178612656
358,114.15054584430672
359,4.305837738838662
360,128.5833179496073
361,4.75513483801984
362,5.44873106266491
363,-8.17819449791692
364,4.354034544621617
365,5.488131081667216
366,76.00387273696992
367,4.726092974803009
368,235.58718366449477
369,5.2704297857057805
370,-33.58237174924046
371,257.01864843596786
372,48.64430492875381
373,154.3192249995771
374,-17.330018064986668
375,97.6758091817031
376,2.6606984587652134
377,2.936385951254403
378,3.8352205298281943
379,2.916446986781851
380,0.7043737589542959
381,6.069193923599071
382,6.384595690757882
383,145.66003515935483
384,1.7658819680647249
385,3.691549708231448
386,274.2791706534072
387,2.64147401850738
388,3.7284925828084052
389,55.15935034496208
390,4.9096193027193085
391,162.62008051219863
392,6.441786883969684
393,3.9227631244781653
394,310.3362978786926
395,209.75382585414584
396,2.793767954705448
397,1.7727295819837168
398,6.609131076916013
399,190.63420724781074
400,235.4320552853668
401,1.6533468209963054
402,6.325346888006351
403,5.114947205362232
404,5.759919831700015
405,14.940553524256712
406,7.377803718773932
407,-61.243410194196805
408,3.7283273469661857
409,3.388193207352921
410,3.641541893362476
411,2.483373278662527
412,-30.447979957857086
413,333.89381022964335
414,5.868537708399153
415,38.657813208038434
416,3.2402222085622387
417,6.749531076884221
418,5.090867487429931
419,5.665120975370756
420,4.632378418209207
421,170.5064497420404
422,162.405370654229
423,119.4757196671759
424,163.27485293783045
425,5.76885398636947
426,257.7443644874835
427,3.2324013719685576
428,227.60389694176496
429,2.9424687759702897
430,4.316274570758237
431,271.01409822882175
432,144.76746376600994
433,16.443229932195486
434,6.100944681596328
435,48.615562234962354
436,241.33807793223895
437,191.35023542472936
438,176.466534553631
439,5.826060376690591
440,263.6066641515194
441,202.06407451753284
442,127.53722893128389
443,317.4917313289729
444,5.429145399922731
445,6.267770081105601
446,60.58354099034786
447,1.3897489019680176
448,6.262106301649064
449,312.5984593298596
450,270.3124864452411
451,157.41141448611933
452,231.22071177399224
453,1.8565901339237147
454,4.345723051083435
455,127.0611071307599
456,2.8704006980931207
457,4.888134113870045
458,269.7275704356464
459,67.04165108261601
460,26.528088746737282
461,106.32851563768796
462,5.923376940162014
463,211.13013038574488
464,5.160415330060662
465,154.43328477116597
466,68.4947118162963
467,2.21923401265253
468,5.544878151400697
469,24.853387735676137
470,17.663190465506464
471,1.8060863883979292
472,1.9130109397574364
473,56.787749306609165
474,6.041945762686007
475,107.15246541656298
476,6.4067224125878806
477,1.9868425782600698
478,4.458406818637007
479,216.28367020904562
480,4.876633397930046
481,6.352524227145542
482,234.9743750982985
483,1.7405705070105908
484,207.11622660570933
485,109.8702600944816
486,4.544540090133998
487,2.559871187018029
488,195.96151017370985
489,2.5705874347922166
490,4.888221769111005
491,6.345483325902855
492,3.7741258621038236
493,3.7581106032550076
494,235.6019959338229
495,5.848536201038598
496,197.62100971961416
497,6.089981316345624
498,6.035197637894505
499,5.838070255757935
500,9.387831613425776
501,3.4175349254168523
502,316.68476656972666
503,110.59623783917544
504,-4.597740614024072
505,1.8648146119774753
506,6.466428403446346
507,333.4957527016664
508,76.05561882113652
509,267.92441903245384
510,4.155485774513876
511,103.77079849133034
512,204.95809774925834
513,210.90382818392897
514,337.4847979352509
515,247.57862697884354
516,231.38453023384142
517,282.1505194773526
518,7.127566283679915
519,34.99979621547992
520,309.2552086664839
521,1.4998124848826573
522,3.9352493512657194
523,236.31367957576262
524,4.50603282313985
525,174.12975229500734
526,5.691923429010222
527,5.0092576479443744
528,4.642706487628701
529,6.32078980195053
530,247.4756305369416
531,91.87114766665552
532,3.9935466606462633
533,69.54571436412843
534,4.225424817811919
535,6.943674429039312
536,5.988079021957754
537,1.5727972530348318
538,5.143469154705187
539,267.56096083326605
540,272.1530269284904
541,241.3157308930541
542,56.48688348900781
543,107.70098590280506
544,4.963981904541166
545,4.271989565798925
546,4.13850429993673
547,2.024945536511517
548,333.1584099974632
549,5.722992863701416
550,255.96772891773227
551,5.877374901729573
552,111.38396218937949
553,3.7040451920088913
554,68.32075315507333
555,95.80735654555114
556,235.1799599161331
557,197.1868702431389
558,5.314792408793659
559,5.587816017290162
560,154.38659566274254
561,101.5618055306093
562,164.17233230213665
563,3.1240554478852762
564,30.464628747944438
565,158.3713611590502
566,2.7930470874912565
567,53.24351726888024
568,115.66534745609516
569,294.8666248368764
570,4.03403745238674
571,208.86770681243488
572,3.190310766244199
573,72.45527679495034
574,114.04575103967288
575,7.200102884665988
576,1.8557710001963827
577,3.092979293938268
578,172.83517960540692
579,0.27698207948791553
580,282.4245549995003
581,61.02051190784355
582,89.217298287034
583,5.383790817028103
584,3.185902057158178
585,150.7936482605711
586,5.027980687275778
587,218.8751039379884
588,3.0710483241180677
589,190.94645066390123
590,300.1177959709593
591,148.0864202713533
592,6.790333914181713
593,230.50347942425026
594,290.2025810671453
595,40.342178595678824
596,5.3106367126037135
597,120.96490386278457
598,2.495383308600122
599,68.3066879616456
600,157.92980655955057
601,133.95450536296693
602,41.189475112513975
603,2.137953249578424
604,242.35534870686027
605,2.546976067330333
606,2.7892255194999924
607,6.84331913561093
608,55.03498829754827
609,269.94581207476034
610,27.195487144013274
611,60.41695480901461
612,1.920680092607159
613,-12.080377905885458
614,58.24894169491021
615,1.8783028635044892
616,178.04967192928044
617,-51.888674442696754
618,236.20749545083027
619,4.848712475479651
620,6.125940928675895
621,181.5824155247276
622,108.62089407716385
623,190.06364491614323
624,187.77196597936074
625,2.4010812840924296
626,2.1042277804880576
627,62.83890397092865
628,4.449163543715567
629,227.66874958676618
630,4.3865435903287775
631,2.2844231162197173
632,201.14432068703343
633,151.6616464948011
634,223.22663729667872
635,2.5135013771850767
636,113.86521196357387
637,117.62988435601424
638,6.8204126157938045
639,37.64619095692239
640,111.34008934924769
641,6.789603934811938
642,3.0106635675398428
643,282.9060901045485
644,3.677121714055248
645,76.72705338234364
646,72.49763854085316
647,196.47375704489565
648,260.7414446872679
649,382.31312612221984
650,323.81583406482997
651,110.2101452732368
652,60.36904702164947
653,3.2322716078486406
654,195.53683000784434
655,19.75754669479245
656,219.18868764187383
657,178.49576502088507
658,288.2313640699748
659,1.918784226120769
660,112.23918253614363
661,4.115755755348776
662,131.76388310948903
663,3.5360696675680336
664,-40.06462203246077
665,93.95014998737409
666,134.92802747002312
667,234.84143866727118
668,351.88247828837035
669,177.25526879965273
670,207.42785365609257
671,125.95685236620857
672,79.2844913567757
673,4.418780008218755
674,5.2443862876840495
675,5.800213349644767
676,5.0949393646853185
677,30.86871682432295
678,212.94892988957662
679,4.72865308706521
680,2.728803428720957
681,1.9470524204874189
682,93.63241178480831
683,5.7345351014691115
684,171.9388909413437
685,215.71202090407127
686,5.907209018189938
687,367.9572213683174
688,74.35473604847921
689,110.83331894851524
690,333.6519045068
691,3.771823325056534
692,73.32847283809663
693,4.940257838828375
694,6.588996094720127
695,-29.868992779097386
696,300.88117360218484
697,1.085341987673242
698,230.03498179246336
699,1.8511249531095668
700,266.177860100787
701,3.5459517038719
702,4.2781907626606595
703,57.28059104133627
704,74.42822797961361
705,189.4382717661142
706,242.90491584967117
707,171.42523529387486
708,68.4484409273166
709,81.44763794514105
710,219.12774599899666
711,266.1132604091339
712,6.628492885667661
713,36.759643622982104
714,6.779288273137279
715,238.52352764141776
716,3.0671759778018335
717,79.79966847774024
718,357.0661842929129
719,200.2245676792365
720,4.8948525861049905
721,137.63977018027782
722,2.4000251211284436
723,6.257608571734846
724,3.0019420237946006
725,2.459676450779968
726,103.101408781679
727,257.39966677705974
728,59.36957897113075
729,58.15487005398355
730,50.078929219547476
731,281.51443603282763
732,4.603966996319228
733,6.55110253266137
734,27.83461449831928
735,253.13604084980406
736,52.5692127407643
737,48.690004102963044
738,126.62248450792563
739,328.8592359428047
740,151.21153870582077
741,45.16438904094812
742,267.867203877154
743,145.76413995379318
744,1.6986866788494854
745,287.3385098189494
746,182.14222201081702
747,2.993253084563186
748,61.27130953327485
749,66.16707315456235
750,205.29279318827628
751,88.62518770143666
752,232.31036219727818
753,1.9673455830003188
754,256.16482702864965
755,6.105594467475566
756,6.016674693462692
757,191.89982197280975
758,2.2314637098103094
759,61.83024045654957
760,21.282096375760197
761,208.6365341920734
762,4.989806002924906
763,2.089485089502658
764,70.73042187866585
765,4.826574356531423
766,23.484440231170343
767,1.0241882862696874
768,4.937791515083173
769,5.83305626175005
770,2.012099333463581
771,259.52541291920124
772,69.82191680929132
773,124.64578032523913
774,-8.006280727056938
775,56.61619576341179
776,4.256790015827872
777,237.04514367228938
778,-21.911729396792875
779,157.53224339188822
780,68.18604776524435
781,311.8132384163987
782,3.801108624192713
783,49.51749689397969
784,2.9218454210852958
785,45.13448295974336
786,115.58232091420791
787,5.503665516035875
788,1.878780107873651
789,182.591100371505
790,64.17332850243746
791,-5.941123548609828
792,97.74056568245089
793,-62.63325954482214
794,324.8152175112803
795,-48.13489776472988
796,125.37425553741396
797,3.79915903819938
798,64.27845183978866
799,3.533380236673574
800,5.91192360318178
801,214.06779456635817
802,69.95235400385123
803,151.06599352398698
804,6.966276608219138
805,2.0654006696960883
806,169.77893853886425
807,2.750169369877911
808,67.19322362574994
809,1.5770265667897052
810,51.04717057630399
811,258.08126127501043
812,120.62159427972735
813,287.5436324408633
814,5.8372754643055655
815,4.688934138911758
816,6.84426279982849
817,3.2145555789425586
818,21.617198124065503
819,5.4348608475546545
820,73.55377594890821
821,5.754835774498054
822,2.0411440594110144
823,37.61751831381404
824,66.09253108236298
825,6.873208418257542
826,75.62735779765936
827,4.065338427252014
828,5.93553206331087
829,47.21235005184038
830,172.02368555060266
831,117.34169633614755
832,6.095345115684761
833,250.61488006605617
834,197.6766391025748
835,165.64208669257303
836,2.2280880465482595
837,75.12085059718547
838,149.78870787087004
839,5.597486970558432
840,193.86864464863768
841,131.2293824093097
842,57.22827462954303
843,2.405512517899574
844,3.559320857645792
845,5.305525805430749
846,6.393245036535304
847,5.4394814452226985
848,173.5893555434
849,5.885333212313537
850,80.22850757378319
851,16.58367453669473
852,36.3819293404059
853,101.85735610154613
854,51.6694081277527
855,6.92874658302922
856,231.4383046173394
857,94.70087941196469
858,81.62078861063092
859,227.705821346971
860,2.1581606620982403
861,3.5197841939452896
862,3.010131895129242
863,111.08775076277003
864,245.64077005577113
865,273.7528957789482
866,204.57815826396805
867,5.446609845556341
868,118.52232223792315
869,147.82691646704268
870,119.65542418409859
871,157.15193757466426
872,127.10320034186432
873,3.302571215122084
874,82.32519863338786
875,6.4537874682967855
876,105.27793992113904
877,39.75993132090328
878,158.69443915044738
879,5.389700781677314
880,6.825322070186345
881,161.89296894784567
882,5.735963759166542
883,242.20694719745373
884,5.882174378819989
885,162.62225731207482
886,46.158851626076185
887,2.4503498414498983
888,2.1004521166257866
889,262.5303342438475
890,4.158969749137315
891,2.9512382085404574
892,55.62166757463572
893,4.936634891761182
894,-20.03864176303872
895,3.5011107667532126
896,220.0888357819872
897,2.4889909515233426
898,225.61253876686683
899,-56.63536846829826
900,236.0370776668829
901,3.8863235010176576
902,200.6362418421564
903,4.834049845683314
904,123.28554418824665
905,1.9477141158856992
906,1.257691413815687
907,199.34990927255072
908,45.19639258467722
909,76.8492889785176
910,2.2697445440172124
911,6.687493627706415
912,266.97158870861097
913,155.28302524074562
914,272.92137208375635
915,123.61249690348164
916,134.96302166639126
917,-30.926397278384083
918,2.469378544650451
919,2.4846264883515943
920,384.4586546162924
921,114.74445436285905
922,225.79130225235482
923,2.4144414415582056
924,110.00771861446124
925,190.5506417708506
926,53.35889979516229
927,50.35105709775553
928,5.288218527198348
929,25.621939085488012
930,20.499142921325074
931,215.89360672662121
932,181.75059917179482
933,5.298999769310255
934,2.118707006186886
935,173.15849683773703
936,51.71306235087992
937,3.7157403512496847
938,4.834408524790843
939,88.29805911348642
940,1.360719500266524
941,5.8370435411987085
942,4.921136937505478
943,107.62327785229928
944,4.8696184860026515
945,2.016116960170154
946,67.09758491439163
947,28.95819884902475
948,40.19868166795885
949,237.06344897305783
950,352.575250938508
951,11.622233585930678
952,-15.99375810953943
953,5.82624487236056
954,265.7557528875133
955,204.74640811754256
956,145.3102482625174
957,2.568133829600043
958,2.942455011778333
959,229.85514196293553
960,51.97751947315867
961,159.98015813131292
962,3.1734487319813143
963,6.520391713927777
964,5.009799981691714
965,6.395455799691895
966,3.246626629804586
967,32.26875549927332
968,163.55680364371057
969,201.15522102848033
970,6.3072488736601
971,367.95156525085673
972,5.215610727787244
973,103.39396037803479
974,5.372126654901045
975,4.0016077085001385
976,5.2636456901260384
977,205.60762475198644
978,294.8431250080437
979,1.889047950574386
980,1.8883846488749794
981,0.8962901954955013
982,56.45507006276683
983,300.4344597695857
984,316.77661982240875
985,268.03362697835297
986,101.17042146081704
987,3.0823401511900403
988,238.7082531104205
989,360.3247581989691
990,62.96670728588152
991,4.255741547414428
992,315.15613200880364
993,176.45817821834393
994,3.339997114305331
995,-11.755181295544697
996,25.338075314883426
997,2.0495378936914195
998,36.33205413490779
999,64.98774876049214
1000,-14.727962361288778
1001,294.1470057261261
1002,152.46562416989974
1003,5.597326154254686
1004,1.2709193970627248
1005,1.8020793502066526
1006,3.8590451479231356
1007,151.90901781266547
1008,1.838975331468429
1009,6.572294255731494
1010,4.891196426712388
1011,261.07630973141687
1012,16.782723871509397
1013,201.1922303052084
1014,49.61316465359252
1015,230.62115124850195
1016,6.5784460384826895
1017,5.0610653722365235
1018,3.500160667542675
1019,6.557274493601685
1020,4.519545332444967
1021,125.71956173398888
1022,72.84961364575993
1023,193.0007971438015
1024,183.11104036351435
1025,5.345332074991061
1026,4.219332315971633
1027,4.786375641026763
1028,87.89806024908266
1029,3.750211045643375
1030,33.06163924035318
1031,271.087136087191
1032,3.136194798487834
1033,2.2657514834679704
1034,249.57230572498716
1035,1.2885523674976938
1036,246.59113029153957
1037,6.792518148067046
1038,48.005724480708125
1039,3.6179098599516464
1040,-34.99596408122382
1041,3.4401796329181904
1042,4.258492349879819
1043,4.051258490904266
1044,347.7244101002186
1045,141.48306855722478
1046,33.90388727620682
1047,226.1002140133488
1048,1.8243314931250323
1049,2.520231956099979
1050,6.353743164914272
1051,60.330010425669784
1052,172.8059806018957
1053,253.81749612608394
1054,6.375931716175909
1055,39.60757350167915
1056,28.378247782122067
1057,4.393193385854719
1058,2.857268908578135
1059,3.091811695843047
1060,82.66815366056113
1061,3.6565343197856817
1062,5.800703872323847
1063,292.7647062000902
1064,253.83062772545682
1065,72.49428219001287
1066,270.8294808963673
1067,263.14774016165217
1068,6.247956312540664
1069,4.167588406387563
1070,322.49447825395896
1071,193.30255240765555
1072,5.361245870620433
1073,3.453388932119842
1074,6.361500228731961
1075,4.935712671793149
1076,296.3625348872124
1077,6.244382250550551
1078,146.7580101568804
1079,2.7766509172072573
1080,2.5116998923076546
1081,5.840742963194332
1082,4.350688215277231
1083,3.3890969949159917
1084,6.172660081083684
1085,129.82947861047398
1086,197.0862916074645
1087,51.076567910907585
1088,248.74599313254325
1089,8.500828028297098
1090,158.88229104001118
1091,258.95620832353
1092,5.8534745411399385
1093,4.432335479966579
1094,6.572818193946876
1095,3.53337689549003
1096,2.534213486089734
1097,4.611594665215856
1098,82.65762866841669
1099,111.86726884855628
1100,5.862172990477509
1101,4.778512699801435
1102,6.258087320377967
1103,263.53557834449964
1104,4.676913655651319
1105,109.41581461516414
1106,5.587374348378649
1107,6.2441887302355905
1108,12.07662819430275
1109,115.90640976117916
1110,80.32750015099906
1111,3.4799421602993803
1112,204.35123267272576
1113,2.655966393608465
1114,173.61732909384145
1115,77.52002073712788
1116,5.308088042633899
1117,284.1961185829373
1118,289.42798900926743
1119,4.326223162429095
1120,56.384969135126006
1121,-18.337090526532997
1122,258.2764745805186
1123,3.3481114512398933
1124,190.6999868204625
1125,2.685051374699609
1126,63.69923624712098
1127,5.771603967168056
1128,-45.36893083894679
1129,136.27913737212688
1130,6.334682202399346
1131,42.56831823183188
1132,4.462542895542929
1133,-70.56205700315975
1134,177.57648373278255
1135,200.88081458188935
1136,-52.73226577903563
1137,4.092718850321077
1138,54.44292796853088
1139,109.93155700866437
1140,114.23057858676069
1141,225.36784845695595
1142,136.04891036703148
1143,19.562278589976586
1144,-45.83867965465754
1145,104.5177178161667
1146,56.70943635316577
1147,4.420961776455055
1148,86.94340013979284
1149,37.89979122783072
1150,4.189018800937109
1151,1.2999218699393116
1152,3.671754409702279
1153,4.477340139696027
1154,31.904537614971588
1155,177.49359579942197
1156,6.665893623630758
1157,76.28122623062502
1158,203.64663522311128
1159,87.27081642745675
1160,74.74446778809569
1161,1.7071254400089293
1162,5.375799772940203
1163,5.522930835704784
1164,4.909004162814158
1165,208.57770970252284
1166,42.83970318339422
1167,-21.8647015781537
1168,4.920269236823872
1169,157.0747916361694
1170,4.876302428328488
1171,4.330469929022747
1172,-31.127041165049008
1173,3.915037326380789
1174,194.21307648054952
1175,-55.48155261107964
1176,248.59601877246087
1177,2.262862771507905
1178,141.3162652130609
1179,2.594762819707426
1180,2.7727579837193335
1181,2.219060437978646
1182,129.18291859760294
1183,7.470675109210571
1184,3.9322593317513292
1185,281.57310580765534
1186,132.73954288981238
1187,4.604587342230096
1188,2.7913267533380663
1189,118.29880242441405
1190,3.5038275430859427
1191,3.093242376949174
1192,4.956829632276378
1193,171.79407991965388
1194,5.535624900459981
1195,2.169407202388237
1196,267.1851392423045
1197,90.32008878961683
1198,3.099528857282232
1199,268.9576862560478
1200,50.19969973367988
1201,213.66964093362117
1202,88.83558046184748
1203,3.406501773377927
1204,177.33012647288393
1205,1.8130980584316263
1206,162.122213481121
1207,125.6206434921831
1208,208.00302438116853
1209,248.26139479014196
1210,204.9785207772084
1211,216.12244629657232
1212,6.167426951818389
1213,3.7788842268640943
1214,206.24364360513923
1215,117.8277287917996
1216,236.95362794192044
1217,184.9153563807298
1218,-39.06830154434589
1219,6.107516446949589
1220,5.821753096265734
1221,255.02886700359784
1222,6.105262956442099
1223,2.492727408103843
1224,2.8414747956161595
1225,127.52362706641583
1226,1.3594550997572799
1227,4.590142683350292
1228,2.3941513151329508
1229,35.1738283637621
1230,118.56032486067521
1231,231.9364164585148
1232,1.8386436645877906
1233,-35.933576220062605
1234,3.3695399567003523
1235,15.870624641918438
1236,260.1110702386685
1237,4.064159885238469
1238,2.5124358317459166
1239,1.258447654808266
1240,37.84821159893819
1241,2.0957804206374226
1242,4.409225232240901
1243,5.459003260626046
1244,156.40718727891277
1245,3.7191396996523016
1246,258.15960493161214
1247,5.413266147744686
1248,121.17719839159237
1249,146.28979346555937
1250,7.409044981472859
1251,45.75803922586758
1252,5.782255043790537
1253,4.090747466047023
1254,4.3618650239845
1255,46.601483426089644
1256,80.43992119302774
1257,135.13283596150617
1258,275.79363225326796
1259,47.343469565274816
1260,264.49829718499586
1261,5.717657201185898
1262,5.427427211430948
1263,196.5751891675796
1264,1.9768538740134949
1265,78.79219862412737
1266,123.72355458570466
1267,2.346306286936705
1268,6.522045152668637
1269,270.10943763232575
1270,-53.39154639255036
1271,225.00291297760782
1272,53.35889979516229
1273,27.732252380945468
1274,216.55090302526972
1275,198.25914436624595
1276,40.66970151160103
1277,4.433973407129381
1278,1.7684339360391084
1279,3.955556987200189
1280,-64.68608376983742
1281,3.5410576497376463
1282,61.02050961614246
1283,160.94953445502674
1284,2.9371354454142544
1285,-52.62032050449124
1286,2.287601586717008
1287,51.0309682159188
1288,148.73262052170568
1289,4.567887785995572
1290,213.91058691852257
1291,3.3902362873846394
1292,51.76288700790101
1293,103.65314456772448
1294,260.45109981762994
1295,177.9387027860349
1296,6.445973151193952
1297,57.51185888420776
1298,-11.951108680896752
1299,5.465324295824727
1300,175.27152167371003
1301,238.0332664987568
1302,207.55791327724904
1303,6.149555000086238
1304,3.6432337333530453
1305,5.161162800018219
1306,60.98380764516302
1307,143.11739412535988
1308,1.878868935272006
1309,4.998950882995274
1310,343.2440409620307
1311,2.6929014248422884
1312,6.606668762439264
1313,30.108658461579576
1314,200.55082678423136
1315,164.92726377242874
1316,264.8749139474159
1317,61.90543579096617
1318,2.0932748354163846
1319,214.58895917125864
1320,236.25643022431706
1321,17.419169363956353
1322,53.0888905564074
1323,259.3282589464625
1324,237.98798039914504
1325,44.60178856820686
1326,60.27146972988049
1327,251.49500454788407
1328,2.9675340811526922
1329,6.114386263099247
1330,125.15696740063524
1331,-16.300697736316213
1332,317.41038798460335
1333,1.2018360907812784
1334,345.6398933307579
1335,1.8490724657224589
1336,98.42059302208132
1337,34.33301660627563
1338,236.00971390281953
1339,6.517828195965974
1340,193.4662527583107
1341,241.13429068610694
1342,183.35681576521623
1343,46.178256634036224
1344,120.85819559440115
1345,3.1207143284962724
1346,50.835905114451016
1347,94.77512456249988
1348,2.7103015704415343
1349,204.1784497065785
1350,56.55097189498242
1351,229.2076456113454
1352,2.5842571453335665
1353,16.42487715899117
1354,4.9438556233038415
1355,5.982897688511402
1356,3.5116539823048747
1357,6.9491412984955705
1358,6.7228604286531795
1359,1.6523554814679164
1360,304.5266999230826
1361,4.814509608607605
1362,6.3690125975533105
1363,63.00474741589066
1364,3.3559746619355613
1365,5.868754618817585
1366,6.7677075099379955
1367,5.874620277806251
1368,8.974442982278083
1369,188.4070110632567
1370,285.4597422845318
1371,224.5302184119905
1372,28.999271297390486
1373,3.5858223668114317
1374,188.1866772517242
1375,165.27277326031927
1376,5.397427577161038
1377,5.110051515995271
1378,110.27112466267606
1379,100.2241163051021
1380,88.64840932739028
1381,238.93844531411287
1382,80.80834159124825
1383,59.95046003083209
1384,-11.63381766286261
1385,161.08842911966482
1386,2.4933781623358686
1387,67.94162119847526
1388,1.6438249616654441
1389,219.70742370330984
1390,173.14546241348646
1391,107.50449295265945
1392,47.94317200015707
1393,267.6006074206286
1394,-9.876670749439025
1395,37.06944057943992
1396,185.37658762991896
1397,5.466256723485889
1398,194.25392509747826
1399,1.5082371253356088
1400,66.15179999114926
1401,320.4850957105902
1402,52.392513048346345
1403,293.4083837235898
1404,99.0509996698916
1405,115.6811233090004
1406,1.974506740925016
1407,127.09359391644604
1408,7.63731822104905
1409,3.6675644967344825
1410,236.11295406341253
1411,247.17463730231864
1412,-32.30550645149595
1413,120.43011251440856
1414,251.62668861602077
1415,2.076273027520307
1416,2.513958924066932
1417,4.307964405946562
1418,313.2012112743815
1419,152.48635606678258
1420,4.767051602678807
1421,38.6191174021366
1422,6.643178623930774
1423,3.053201545612369
1424,5.583036425581888
1425,2.3172191507892386
1426,-23.115298171815272
1427,3.7173977475206135
1428,4.6958070833841346
1429,4.058906783104402
1430,3.9389178457272402
1431,6.490015069200651
1432,185.51862950138934
1433,2.890639555961688
1434,5.422851565964017
1435,4.690755236485242
1436,-54.306153867607584
1437,187.23237469208763
1438,115.85250354200369
1439,6.34177655404547
1440,2.507129720139687
1441,114.5849498618108
1442,181.2656566084029
1443,44.37740340163154
1444,6.04595035571907
1445,53.25835504633113
1446,275.5590389851927
1447,247.7393115722602
1448,-56.25007356665598
1449,5.871190605042749
1450,282.9638696183667
1451,146.14992983321275
1452,5.105908028613512
1453,5.785562695525332
1454,179.6191882469757
1455,69.0684577429766
1456,-7.722246810294476
1457,7.807208685480321
1458,4.87201198030275
1459,301.45862009800396
1460,345.2821325704848
1461,192.46247486640362
1462,-11.353516005106354
1463,78.77745486266753
1464,5.837275405920908
1465,3.1938684361646317
1466,234.12503465243842
1467,5.7461951743922555
1468,5.465463329720934
1469,31.36444214902888
1470,3.818965630418976
1471,53.660681961989965
1472,6.746327572178485
1473,2.05838510554441
1474,235.9291511601326
1475,101.43595852804786
1476,6.693769815451642
1477,2.6413670388226795
1478,119.5567439621589
1479,5.175259417045261
1480,110.64469778447258
1481,5.790059851175776
1482,175.5613322514587
1483,6.330553933055944
1484,245.12253521185912
1485,176.42387761109524
1486,7.332010521688858
1487,3.4851076055370713
1488,54.106783750847335
1489,-10.5676735945628
1490,116.61613282484629
1491,3.338883630391379
1492,2.0182637261898204
1493,7.143354734471441
1494,5.513559046267614
1495,36.78225130907151
1496,7.504871439761432
1497,67.326869957936
1498,6.113481753412071
1499,83.47027630552721
1500,7.262064851871039
1501,5.835713933558486
1502,103.47502276399008
1503,5.6821915302049115
1504,2.072541638317226
1505,4.639206028961554
1506,185.9172903224776
1507,33.8478946242272
1508,98.22852931571427
1509,63.6214772022234
1510,3.2500530791077633
1511,-21.28945238863325
1512,61.19035148827241
1513,5.0843416319628165
1514,262.8131546449806
1515,36.892732208693076
1516,2.943509985677797
1517,350.9820124616505
1518,4.372272542727669
1519,249.38015779912286
1520,5.166374773479385
1521,39.505526243136394
1522,5.012986613196363
1523,3.0369108809636787
1524,139.24197998360245
1525,-34.00962061690947
1526,2.4822468282269825
1527,5.867096897650038
1528,3.7241762784618873
1529,215.15745290125116
1530,276.1750078924605
1531,3.408786624097036
1532,5.873920554105158
1533,3.3703244977028914
1534,-8.04383820954461
1535,80.76730845160445
1536,5.855700288917218
1537,2.6502987938533753
1538,287.7829391801842
1539,155.91625143154172
1540,2.190290402389026
1541,117.19668857219828
1542,3.1976861568224453
1543,30.83679812096375
1544,7.720435398886368
1545,3.577759333117756
1546,5.379507732198385
1547,-32.726654608210026
1548,212.28832696534622
1549,46.155052358588094
1550,3.8844514997442907
1551,2.336081757427495
1552,241.1714663563221
1553,6.400651186147027
1554,274.2869231037372
1555,111.11682037820708
1556,4.23704960314331
1557,22.536727367376105
1558,3.7326914374202764
1559,245.12621645835006
1560,179.71261994298135
1561,193.63794403115403
1562,246.0693796311256
1563,96.46750484503566
1564,3.3000349073887865
1565,100.38538785360835
1566,3.8595097813716475
1567,5.743660101790512
1568,109.31803282929599
1569,16.174659193868155
1570,280.5341578301206
1571,3.1281311825866633
1572,75.18238193446578
1573,2.100517674134606
1574,4.358473957382889
1575,5.80574372305489
1576,4.192739504055927
1577,5.656473401609935
1578,88.35008539118773
1579,5.1445496862479665
1580,160.2472090413103
1581,279.18750034939535
1582,6.766126410840213
1583,294.27188799464454
1584,308.4269931140658
1585,6.068987198031856
1586,5.115361570063017
1587,64.02289142847134
1588,292.7612747527632
1589,7.142131878868226
1590,5.833093536506364
1591,174.22498817350902
1592,7.173347268296255
1593,126.9467894929992
1594,142.63404037024924
1595,123.81028355008668
1596,5.8101685307769095
1597,63.99056216850507
1598,6.4336596375737845
1599,3.7816469305709375
1600,4.493124720632569
1601,2.425728582521554
1602,5.9331044915686855
1603,265.35606070501365
1604,46.57673580687932
1605,136.4042914609699
1606,265.00128481538803
1607,1.9782407937783155
1608,3.3812392805798397
1609,6.743510247433758
1610,3.793697480602729
1611,195.61017426095776
1612,89.00086931332015
1613,2.264755883975627
1614,284.37975480549517
1615,5.833986058127037
1616,4.342008608546808
1617,183.10371108747398
1618,230.70025994911097
1619,21.685746139368412
1620,81.49686623478637
1621,2.4697942198495135
1622,2.978797828997364
1623,2.795335926632831
1624,248.28484662308966
1625,68.53539873337027
1626,1.6553187490473573
1627,47.02224937040209
1628,3.5624626920726694
1629,205.68600722397542
1630,116.19574980978611
1631,2.614065009790953
1632,289.5091545504253
1633,5.171778820177586
1634,3.8706001193791444
1635,3.4347724690660186
1636,4.960051298542812
1637,6.691244607486839
1638,214.9859736873649
1639,57.221645483856086
1640,4.533033757300297
1641,318.68326978608457
1642,140.77403529297368
1643,193.05313855320873
1644,129.23813911108536
1645,182.27928989399103
1646,6.220943350497651
1647,6.58386863702503
1648,25.636972034640586
1649,4.366117680150622
1650,91.41039224581127
1651,6.690631184485209
1652,6.654912105975924
1653,223.35798656384966
1654,6.615019941415005
1655,299.04247502976733
1656,58.10640215319901
1657,1.3361453477828564
1658,298.564653599031
1659,2.2314905246660626
1660,-30.469586641004117
1661,7.015815498909299
1662,184.3722922798053
1663,5.881767285929006
1664,133.17092876274617
1665,1.034002230934743
1666,69.26292599095333
1667,-60.76225656539518
1668,239.92054095996357
1669,59.232254947234836
1670,2.0389478642970236
1671,2.392517724734654
1672,5.336524666617793
1673,4.44200510143045
1674,150.74037548876257
1675,2.170301333550976
1676,-57.3392429905514
1677,32.408110635502645
1678,-12.492264378108457
1679,240.25210131296785
1680,96.65430975039993
1681,1.3387539677577949
1682,3.194324502500619
1683,83.99953502973017
1684,17.870437023707613
1685,6.713835226756224
1686,136.74295944955387
1687,7.35501450196034
1688,176.35008363542318
1689,275.7732064379722
1690,3.166560442160947
1691,3.64266992644671
1692,4.128553342308809
1693,2.3831482449786034
1694,61.31048776438958
1695,226.15503328166022
1696,145.08020929989672
1697,2.00612889748399
1698,224.47899909813017
1699,188.04058874765246
1700,119.61555191333122
1701,274.25828824101177
1702,-53.13467024191843
1703,5.699420111071169
1704,5.584694829739115
1705,2.7049588765085275
1706,98.27873880053758
1707,4.974732601845341
1708,65.2549782808645
1709,137.45946101143522
1710,6.334141189631541
1711,68.33754040851451
1712,1.8649437710739003
1713,5.805115712518293
1714,-55.197500537184226
1715,5.084399018340958
1716,2.216107412023118
1717,26.052471738542298
1718,120.08966015984669
1719,27.960222548608403
1720,6.260283629229405
1721,238.1012598591629
1722,3.465102057613719
1723,126.20399274645247
1724,124.50020608718975
1725,3.8128850392077624
1726,3.9837068079153224
1727,259.8596116210309
1728,4.165954122163971
1729,3.6260872214803586
1730,37.13612426449014
1731,223.57525204977944
1732,4.780097604497841
1733,372.73251427659847
1734,272.00672544303615
1735,178.03058163679972
1736,3.344041570686157
1737,306.69358472769943
1738,287.4834671767754
1739,223.70252102409952
1740,91.97674012146695
1741,102.68245828794058
1742,236.5191198634635
1743,5.3596223060891885
1744,117.24974762803275
1745,48.12944117174945
1746,3.494607861430149
1747,7.560101656968801
1748,212.9074568184644
1749,3.6019294369512638
1750,98.76293293928329
1751,47.68189570549969
1752,7.09387824504662
1753,6.013076378446496
1754,277.0660717594286
1755,228.79193114703003
1756,1.869980102570047
1757,210.79726276720544
1758,336.69448205510645
1759,4.973528009097661
1760,304.97179633122596
1761,254.17233058067978
1762,21.920346046254185
1763,45.320661427854894
1764,8.319490907304642
1765,4.871664385947389
1766,221.8396524878774
1767,186.3890299759464
1768,5.913902303809084
1769,60.59596916547524
1770,75.51416716629197
1771,2.514556668865063
1772,230.25133675972967
1773,275.67963255376435
1774,6.55665439640936
1775,279.61177412436035
1776,2.7536828623144736
1777,-13.377308172529474
1778,-11.71889097867917
1779,-37.28473266523104
1780,110.94690373295778
1781,5.719491862285286
1782,192.22518399981516
1783,239.3608827927014
1784,3.982616208834043
1785,53.07554571689937
1786,2.9207881170865067
1787,72.2339093510085
1788,5.269038964436348
1789,2.5010337748484086
1790,22.397546450022055
1791,3.86365516584557
1792,2.864944868660364
1793,2.0573262778679373
1794,177.69521315163507
1795,186.70954757216
1796,274.5153071223284
1797,149.015556268732
1798,6.766614498897935
1799,231.0867750289127
1800,117.41483083952188
1801,5.065671262481789
1802,2.3721605971330897
1803,128.6140704411836
1804,4.0012000744149425
1805,163.82776084761525
1806,5.753323199813508
1807,292.2528190534582
1808,172.88575572653582
1809,60.03758872347457
1810,4.284073351912703
1811,2.7805604988017913
1812,31.0229540034
1813,3.669211731756948
1814,155.64549089733853
1815,248.10328104088623
1816,5.503627689672689
1817,111.52871636098592
1818,63.3243264933716
1819,232.53406592661452
1820,6.943243030951793
1821,3.1823840691682492
1822,270.48473274403153
1823,8.371246168721338
1824,86.00648379909657
1825,2.318591448489992
1826,6.025552358802622
1827,4.331908442696051
1828,2.1022049817852584
1829,196.89824240324845
1830,229.92582145466713
1831,6.794492880729559
1832,40.777006703693765
1833,3.177866725674588
1834,3.9524211159984066
1835,109.44557131807865
1836,6.355429484986102
1837,6.0431474510374095
1838,5.8817673248521105
1839,120.15283961938974
1840,-19.010057985285787
1841,-76.40267700619661
1842,248.18853563280544
1843,176.45534259117153
1844,251.62668861602077
1845,152.8672467607478
1846,53.0513869994319
1847,263.2727182920894
1848,114.76144346836321
1849,3.9597110625697605
1850,5.6410021686752145
1851,-69.44249114869528
1852,6.488492153524548
1853,90.1522106260748
1854,63.27050540427861
1855,5.059763926909608
1856,191.7007276753887
1857,2.1018623355706287
1858,5.023182638256601
1859,6.347644177595808
1860,5.896860104774763
1861,152.21387105252543
1862,6.244654274920103
1863,106.7241716881837
1864,65.6177274842521
1865,217.10994406432155
1866,110.86012524066986
1867,86.10295082449609
1868,269.07750055944433
1869,145.69418737508497
1870,3.50346310023731
1871,244.00627297770887
1872,36.86015516699953
1873,2.83583441337733
1874,24.72332035255856
1875,86.88671393955953
1876,3.425320864687678
1877,2.777791308704086
1878,59.541094670760515
1879,64.25120878594264
1880,260.95051619212774
1881,5.954474813123132
1882,104.06117742352748
1883,6.553259766606371
1884,82.22541412234216
1885,289.2065508689231
1886,263.04354264513387
1887,3.168522828706818
1888,196.526005887182
1889,227.72401699711278
1890,2.4831691570450296
1891,247.66472691720648
1892,216.4029295015786
1893,4.321740012169915
1894,2.0145668334992024
1895,11.116082471735501
1896,5.79798870460882
1897,61.587742256918304
1898,-49.64197763163007
1899,3.0713070365487964
1900,5.844786094038046
1901,273.7902656806518
1902,232.66483834005143
1903,-56.77631657565764
1904,86.53857461567863
1905,63.22987002905427
1906,175.0196817439749
1907,6.73500880351217
1908,5.883946969640025
1909,119.55070996919338
1910,5.90339455960552
1911,4.924206001909111
1912,3.974104322576179
1913,80.56433214638294
1914,-21.095217125533182
1915,7.32464715710255
1916,1.253246919634811
1917,3.3779059068822583
1918,155.3263858523752
1919,4.852922862777499
1920,4.710996076198028
1921,68.52566251814032
1922,3.006850346226423
1923,6.628437983935658
1924,2.69222356529718
1925,3.782900530496456
1926,88.39374834354994
1927,142.95124566146833
1928,3.880402342686198
1929,49.51749689397969
1930,2.960226781340223
1931,5.923326752732848
1932,4.870381045361711
1933,3.015451053031458
1934,257.9162346009861
1935,6.3512035577312
1936,4.875428833241549
1937,46.25409634478365
1938,-23.614427646901635
1939,2.9767613043551338
1940,252.9407376990336
1941,3.3186036419543177
1942,221.9274564036707
1943,3.7990102522862763
1944,228.30269018180238
1945,287.56617895285905
1946,5.8811047511743855
1947,102.99563884236964
1948,5.657990668954242
1949,23.94709329404971
1950,23.589621047765593
1951,2.5110932115040496
1952,46.818442880327225
1953,401.3496269832619
1954,2.7338565144565163
1955,97.55971444677208
1956,1.9996311666882038
1957,126.88451164264544
1958,4.072700699992511
1959,167.76949299377793
1960,62.02416827904245
1961,1.0736097204491775
1962,4.059963576708126
1963,3.2625057307175043
1964,4.953767203115564
1965,96.61533585812312
1966,3.1027778857462405
1967,4.9038272286245475
1968,274.5465269963311
1969,60.19180226317214
1970,5.639282290753914
1971,1.9159796789206769
1972,99.97187555401182
1973,-28.470204484674465
1974,2.7870084070143357
1975,3.0542982488273127
1976,320.38798322903205
1977,1.6635211184071448
1978,219.2781812851485
1979,95.79203249747759
1980,266.8076355468353
1981,193.60799820866106
1982,114.66054893085767
1983,66.39947609322265
1984,8.562217174070707
1985,4.820022222914332
1986,3.8945094584059037
1987,6.227452663620702
1988,1.3265747435107569
1989,5.880916814154152
1990,4.8279276303666885
1991,41.87153406910217
1992,4.365820646276251
1993,27.085025943762844
1994,2.007939187141602
1995,102.03844923185748
1996,3.619241350805485
1997,2.650639574096762
1998,5.164916802476276
1999,311.45875409763244
2000,5.868754618817585
2001,281.20260562538704
2002,-48.52533389353335
2003,6.749531037961116
2004,339.03958988545963
2005,53.830492814150226
2006,4.909480682406208
2007,47.90810530111962
2008,224.91138656532232
2009,147.4000532188798
2010,296.7627829075958
2011,6.386070610512148
2012,182.97854086921623
2013,-29.03471683318064
2014,279.52094000303964
2015,201.92306188105965
2016,35.733392982003345
2017,2.7103512011360205
2018,58.05358438399877
2019,78.34059496927472
2020,6.7600895981210325
2021,4.36498721190137
2022,183.20693748721567
2023,96.22559486861765
2024,2.8749138698682732
2025,4.070762983900904
2026,79.70159125517328
2027,5.855062673989225
2028,6.284786012526862
2029,39.20479749302685
2030,302.2136502280936
2031,85.77658742924177
2032,284.3649956113969
2033,229.69787021044428
2034,2.648558464172403
2035,57.5145457951778
2036,191.1992318883436
2037,5.290281188572695
2038,3.3387627182881303
2039,3.0644066809493578
2040,131.6295299191469
2041,233.90662868707145
2042,4.271307213452019
2043,184.457452827304
2044,2.6218617604285583
2045,84.94516516435951
2046,283.9883045072883
2047,5.2361031287782485
2048,-42.29715536742926
2049,1.6441024322204898
2050,353.40525589223415
2051,3.7450689527695085
2052,3.017479333812612
2053,233.73575316701326
2054,4.453453574137665
2055,3.662845272220905
2056,-40.3324208523138
2057,185.25488157129962
2058,-13.86064875800285
2059,5.020858511331259
2060,28.866141787234824
2061,2.2874371044451904
2062,200.19245564999974
2063,3.663851284465628
2064,3.1854028942063524
2065,3.6788972113052263
2066,1.9292585080057725
2067,6.249539945032131
2068,3.5866306930940697
2069,1.6242034848057036
2070,287.0911796425844
2071,292.7612747527632
2072,4.592087053570989
2073,201.83938876032937
2074,379.4742919158245
2075,246.17372228281383
2076,3.62678025119746
2077,2.7606075777927974
2078,4.331455998630871
2079,4.169308399324993
2080,2.5476130797278977
2081,3.1955012774287233
2082,5.5747332865683745
2083,39.75926221300184
2084,2.8332382419785187
2085,5.109065188101772
2086,115.96881987794184
2087,96.46181961555057
2088,16.939112426706565
2089,65.17939666068833
2090,249.44479247963196
2091,183.334383418222
2092,-94.52981667207574
2093,5.232828179951246
2094,3.540986585707282
2095,98.48660203426441
2096,56.58524743490702
2097,105.15631120725891
2098,5.801231921862943
2099,-39.46775456884282
2100,14.736964984945304
2101,5.792579690590829
2102,6.5915854168315136
2103,76.77313930553757
2104,61.076636466725205
2105,40.66631104737702
2106,308.92513351538247
2107,7.309615934907618
2108,6.908488186738759
2109,5.876242622801248
2110,229.45764922913082
2111,3.569196070779047
2112,35.25442491895375
2113,77.86449722794354
2114,2.481038370894685
2115,35.3581764317009
2116,3.698808659711208
2117,3.534302749855203
2118,3.804692026573319
2119,115.31057887276711
2120,4.211233555913339
2121,189.39980000355268
2122,226.78121697770115
2123,2.927052030923322
2124,1.6375694625219825
2125,4.774182084190687
2126,6.0692530662301465
2127,61.495965137441445
2128,198.1519288225441
2129,1.798268083418321
2130,2.4352854992100528
2131,5.428124765663098
2132,6.092890367682175
2133,220.20266855487654
2134,48.85727352958527
2135,225.15568286614308
2136,26.947873692784107
2137,233.71130891369478
2138,3.1881845503114166
2139,61.3818857518
2140,46.0370627171375
2141,56.328476000539645
2142,5.6244949466121525
2143,0.6708049560696882
2144,167.6036847215254
2145,34.83433665144236
2146,4.253103594719626
2147,4.3196076025662
2148,73.87265548807326
2149,-66.28714432346864
2150,3.8617524959128198
2151,67.48405292570322
2152,4.94607895013064
2153,3.13543743487546
2154,1.7876529758216222
2155,2.3619074011424153
2156,5.881767305390558
2157,110.69640638331838
2158,3.929965241284396
2159,327.9444397923982
2160,227.88469453544926
2161,312.54037936000026
2162,1.8580152410855624
2163,296.94008459771555
2164,6.370833719721275
2165,3.0093720354637434
2166,2.201115978305912
2167,29.302675519517386
2168,308.0621441674012
2169,2.1896470329882236
2170,2.3853780726211977
2171,155.72355478205992
2172,5.330316431336298
2173,238.54097012334216
2174,264.0481936854516
2175,1.348810395324824
2176,4.835109955571051
2177,-46.98604339812332
2178,4.521916227704016
2179,70.49437171777913
2180,282.0149102605243
2181,2.1240468180113448
2182,180.90394535978265
2183,166.961143996327
2184,5.871190643965853
2185,1.9230670558512322
2186,2.7737456520519697
2187,4.629804391725545
2188,238.1675985381219
2189,252.00272247676332
2190,73.19423233411071
2191,2.6272099843748093
2192,3.021901215487892
2193,143.6678975836284
2194,3.249874372160093
2195,4.926836088286536
2196,6.576365082677128
2197,1.9344286380053832
2198,4.309941543618875
2199,3.4089806938305474
2200,1.7506245748724654
2201,3.9743733556624323
2202,79.49531642185813
2203,2.584195974984902
2204,1.9827768589778687
2205,99.18996450930753
2206,5.3719685289677095
2207,173.79525190310306
2208,4.826345659577168
2209,27.55383389909411
2210,241.42199653637505
2211,1.7208091360608508
2212,4.639536036912261
2213,6.550690037220809
2214,103.36412081756662
2215,42.935977061378
2216,95.08610742322139
2217,4.893653349571569
2218,45.10547776943262
2219,2.706187122637474
2220,5.517170452638214
2221,3.668896321575386
2222,-37.83739178691431
2223,210.71951735204257
2224,-52.180766557082364
2225,166.81560896312922
2226,-29.3044654836235
2227,64.17950510371762
2228,122.20058117061296
2229,208.04926662703843
2230,3.1414397377999252
2231,5.507919427733402
2232,4.540404693776336
2233,260.8937576264421
2234,206.53600275593413
2235,230.47781446856234
2236,3.584663544658671
2237,4.003923830070876
2238,254.9371237419581
2239,91.23993837581516
2240,241.640726247609
2241,2.3600602774424484
2242,227.49694191161987
2243,6.215107133474399
2244,97.44860160553011
2245,231.50797551207503
2246,127.41651700130245
2247,249.29109095223754
2248,6.251772073770834
2249,287.42553071095756
2250,140.30068094396518
2251,5.255222945145244
2252,248.46387279364015
2253,6.185982180207114
2254,178.191566780742
2255,-87.41480755737224
2256,37.83719657395353
2257,1.8246772080719253
2258,2.7273192651985907
2259,77.9466444655018
2260,6.270594862594793
2261,88.96871087285297
2262,2.2080175939663893
2263,66.86671823097714
2264,-19.66071132370174
2265,54.94789454025548
2266,2.3810426049090823
2267,2.9781628488342595
2268,5.700315458503214
2269,4.168219956828445
2270,8.459421456469906
2271,182.79003549186734
2272,48.08885591905435
2273,3.573425622699569
2274,6.104862651889416
2275,6.763883904672632
2276,4.711626142858505
2277,2.8209842696448346
2278,1.2912612430753683
2279,5.982996678983991
2280,2.862018033120886
2281,195.79996013933663
2282,2.3603137660767883
2283,4.01503102808657
2284,228.13037035830106
2285,3.2629001558274227
2286,-24.494742803251697
2287,5.613454551143592
2288,2.9633255774341354
2289,6.521530036666182
2290,-27.42174938185875
2291,55.02410380249604
2292,4.693140846744043
2293,1.9797353812404788
2294,10.500584180362557
2295,3.0715935493369297
2296,4.856269350005276
2297,140.23264003822422
2298,-39.829142294590916
2299,33.19460277960735
2300,3.7631936338914933
2301,5.675769409545496
2302,-94.90327654273861
2303,169.99490504191542
2304,5.743455057575897
2305,39.22553492575712
2306,274.12183856680747
2307,42.561549862968356
2308,54.55668730822405
2309,5.694051028622602
2310,176.466534553631
2311,-49.70022251038257
2312,63.98326013424883
2313,4.313299855698488
2314,4.863306264717879
2315,205.3249482476681
2316,6.8156328639312935
2317,3.6557918267510416
2318,237.81113660273243
2319,6.388281068511249
2320,119.59551900966497
2321,3.223209837813891
2322,239.59392389443784
2323,176.1480138542107
2324,2.026898241562952
2325,30.57235749951157
2326,3.3893150260217206
2327,104.29315827881527
2328,3.9036576064471324
2329,345.1341543079425
2330,179.0907736195449
2331,1.3218574576092152
2332,279.82692156688984
2333,-8.271740798457216
2334,7.3517067137820336
2335,5.599513847558889
2336,42.881165683211755
2337,145.29165724994496
2338,194.47255231769412
2339,29.368017554818405
2340,43.672902328621454
2341,128.50239724395033
2342,2.4104482146295396
2343,6.079249840106565
2344,255.20884957911184
2345,5.953866832444284
2346,102.31472830105137
2347,146.1224499712159
2348,1.8228530037766435
2349,270.5934380625307
2350,52.15707123643092
2351,5.088841583022187
2352,4.976646331500005
2353,1.7379157426317688
2354,-28.73839347532827
2355,133.73730411473522
2356,3.8676972226723914
2357,101.80462348188799
2358,6.312111762857299
2359,6.754496549505544
2360,4.5717281271204575
2361,5.7334113024441535
2362,255.53346751128404
2363,4.333360953035544
2364,215.34209963807248
2365,90.86147091163103
2366,36.31378313434889
2367,42.539295520109654
2368,-60.190720688801576
2369,4.42567700310809
2370,230.67877702410175
2371,31.913470376016267
2372,67.41164434938776
2373,1.9790821717843756
2374,-59.50756652879103
2375,2.0959125014286464
2376,144.9449683926774
2377,106.62826889470986
2378,5.669330049594761
2379,6.509070787630696
2380,34.94925139976058
2381,133.75959630256696
2382,174.3977641916365
2383,53.04332353094103
2384,3.38156146587865
2385,250.35799181634673
2386,5.837275405920908
2387,6.898242291017896
2388,261.3156698943816
2389,72.62910471353383
2390,1.9939794490945044
2391,114.25920299004234
2392,21.026722149933818
2393,60.79181510347457
2394,140.76709609350365
2395,6.010117248255587
2396,2.5441119417286795
2397,296.0954705888938
2398,280.21862892988815
2399,4.554217758983728
2400,194.40782220917976
2401,69.765266860904
2402,210.80807142106292
2403,6.4422454642278595
2404,1.9548041472603248
2405,5.185140435908295
2406,2.4675257053923385
2407,76.00147711230422
2408,251.80112602134326
2409,176.74003282708136
2410,4.104823621444165
2411,6.590766396289739
2412,309.3717402310803
2413,-8.856353156499734
2414,3.9176503638009086
2415,65.19200826191656
2416,259.00982387810154
2417,24.756908029083032
2418,3.0746690423469833
2419,4.053190981167549
2420,1.7999681441693898
2421,9.036552048886355
2422,202.72518524413687
2423,2.5544667830221375
2424,187.7724422469501
2425,6.183911728972053
2426,-2.5650890166403455
2427,167.49904919731526
2428,22.100690472515144
2429,3.4687082377453287
2430,5.826550925800689
2431,2.682801520297777
2432,311.90977204615865
2433,266.55477412996163
2434,4.635415857244906
2435,58.52843995906495
2436,226.87969973605252
2437,-62.20579241946605
2438,5.920066516864832
2439,7.232937037476278
2440,172.25423220135616
2441,6.363427617739259
2442,5.914316233393253
2443,4.941094934304912
2444,-81.59860905526548
2445,6.596100617564804
2446,5.42454293889715
2447,242.80286798917655
2448,6.72961152703635
2449,6.380880894240386
2450,19.335641053136516
2451,2.8060495501725162
2452,4.149065424706074
2453,40.90786924923692
2454,291.7095371664652
2455,122.30049876765388
2456,3.1691586586868903
2457,250.54410168967826
2458,5.831081292509152
2459,1.948200803587635
2460,5.865654181963317
2461,67.73077538201582
2462,56.80731711113566
2463,6.296627059206957
2464,-68.15902921905862
2465,24.37408537670168
2466,196.11895017814365
2467,154.0911814339868
2468,272.3955440649736
2469,265.3464914024791
2470,5.7582498983997406
2471,125.38361495472472
2472,2.707471139315132
2473,25.200476942651267
2474,187.16321916172842
2475,6.522384880274446
2476,112.37585013123784
2477,141.53892395920064
2478,188.0179326019467
2479,5.214925970972054
2480,51.7044891559848
2481,59.06043910608367
2482,2.2373110848926068
2483,5.116484245139461
2484,130.7661915189874
2485,128.0011182920688
2486,6.76077136440574
2487,5.509668233166639
2488,-36.28031029629539
2489,176.65292579024023
2490,5.540052091503473
2491,139.82530223036494
2492,47.734114572614814
2493,71.07787803301458
2494,5.760430812102153
2495,5.497918866147168
2496,102.300785077955
2497,68.57007852183386
2498,1.8449590201540604
2499,6.743617612849037
2500,1.9084368783203387
2501,80.25843541305042
2502,268.4569173304597
2503,87.2615464033922
2504,350.72559986396914
2505,3.2319894044780493
2506,4.821463977780563
2507,275.4210462575334
2508,198.20425074857513
2509,87.81436963013559
2510,6.589687332962063
2511,216.9762638508331
2512,72.23595767356952
2513,148.69946523098628
2514,224.69647404139246
2515,305.3394687854509
2516,2.0535895189522524
2517,2.249861109269994
2518,286.6531560359745
2519,4.220771222733358
2520,69.94132834648111
2521,114.83808697615213
2522,1.4462313097603419
2523,5.234212956797784
2524,4.880968117212782
2525,285.6300596666379
2526,3.2359380896367043
2527,3.648784310518101
2528,235.17985329015042
2529,112.59838069130879
2530,239.2151409667285
2531,279.94580792762434
2532,76.76999305424879
2533,1.8434998596352092
2534,6.013435943976708
2535,5.868754599356032
2536,3.8067640128233826
2537,6.398314907404581
2538,5.92696981273631
2539,174.30597849645193
2540,2.1451377548966484
2541,-2.0940243272618395
2542,11.272606566362418
2543,5.809880110479906
2544,170.369312843895
2545,2.4247182485686603
2546,287.3861449757007
2547,21.17836173322743
2548,26.570079485870785
2549,183.3062235360883
2550,115.27579775670974
2551,-43.66773309656986
2552,2.0063025642986307
2553,283.117128696212
2554,2.3377058245787428
2555,63.10447501249174
2556,130.29907661407606
2557,4.440931668654322
2558,27.265590560837186
2559,6.449136324627255
2560,223.72146071462114
2561,2.355686106029106
2562,217.33285626750535
2563,244.3521272843224
2564,268.68615974295096
2565,4.846525770452557
2566,4.396219754325022
2567,268.68856864806526
2568,22.261298630706808
2569,70.42712684914393
2570,3.6466814763900146
2571,87.00387833567507
2572,-58.066773556949165
2573,185.0345253380887
2574,3.0284058131784573
2575,4.793031388040318
2576,3.4873753632103544
2577,6.48469282899852
2578,26.630713099180696
2579,5.987652143067699
2580,5.140233932394882
2581,3.06035267577267
2582,-39.77442627131215
2583,2.1827569098068533
2584,6.6928121036279675
2585,46.051233299084615
2586,4.830253312834637
2587,206.02303580217475
2588,228.22426005827822
2589,4.847116586968708
2590,38.53289323386172
2591,1.842859624940343
2592,116.59393637225051
2593,59.18701556308871
2594,82.25745419457931
2595,52.685331846174826
2596,52.603509658783935
2597,5.769019035699763
2598,6.361215894629423
2599,2.1330144182543083
2600,3.814840268301673
2601,214.74622407893952
2602,6.158018618592426
2603,356.28759776067244
2604,148.0411122773492
2605,46.25486838108559
2606,3.8696678819830916
2607,34.459251326463175
2608,189.95941776522398
2609,34.82136155931112
2610,2.6915235190064006
2611,-18.358736146320908
2612,3.6295910511412055
2613,4.407768045359518
2614,3.0075098034327086
2615,116.59496281349908
2616,139.2334160036503
2617,267.8165447592639
2618,203.01366154532323
2619,4.5660919906315875
2620,2.427861175769424
2621,4.280493820224386
2622,2.6334437867059552
2623,1.7591832449157518
2624,6.761886662067175
2625,111.34913138469611
2626,285.79019756571313
2627,57.168626326184096
2628,138.93213876298077
2629,57.65322099675367
2630,118.84756119132264
2631,38.42600828318185
2632,6.077645245150549
2633,308.5120060396104
2634,61.386674810169474
2635,147.6274328980156
2636,-40.69345842173436
2637,3.5052517277314506
2638,-63.31019094147585
2639,-54.54229309264569
2640,194.33270930238487
2641,3.677135883743687
2642,5.635226096552836
2643,164.60123181188177
2644,171.04373712938605
2645,205.96239141048406
2646,2.417205820431195
2647,3.5577285551692217
2648,4.838504877436509
2649,6.294333596229625
2650,257.1231638437628
2651,211.951899544527
2652,50.02301768502013
2653,3.5417663449385866
2654,29.547436180119924
2655,228.6694489299598
2656,238.15781093164853
2657,2.9290378921955433
2658,7.408238561997922
2659,285.1468818477454
2660,1.834892876565528
2661,275.5040937268446
2662,91.94017372820545
2663,-11.819868264775646
2664,71.45008270524336
2665,278.8163761005103
2666,230.55501150256345
2667,-48.694535583780684
2668,36.7171630439631
2669,6.780335249084045
2670,112.60342868907176
2671,196.54753660003465
2672,115.79561068240425
2673,240.8652764593083
2674,237.4948989979819
2675,1.8698141200057699
2676,-52.47229245884359
2677,367.15095802457296
2678,9.777662554802845
2679,5.684718595676168
2680,84.6374649970145
2681,5.183825595542034
2682,2.6440177136525014
2683,2.3948889056834344
2684,2.2268867094055045
2685,6.502077017931729
2686,13.288303018638798
2687,51.12373387473046
2688,37.48782218316733
2689,43.25076084619655
2690,142.94120709135737
2691,79.46726683862096
2692,52.283159870321526
2693,138.95142634711092
2694,90.54866927971099
2695,6.658024362045069
2696,130.08077276602924
2697,3.7686205045783576
2698,2.3595918847773225
2699,4.056293097097919
2700,188.55502440103757
2701,63.50500874554506
2702,-2.8466464895682972
2703,3.9567167608963967
2704,154.56293954615583
2705,2.999754193701928
2706,5.101486047108635
2707,187.93401431390515
2708,3.0433699554064018
2709,62.47989287889195
2710,6.12089785418338
2711,186.75562111237642
2712,1.8495157933065962
2713,86.50361893388106
2714,-45.58271127993584
2715,4.662128249395207
2716,2.7222673678257086
2717,285.44613971922774
2718,2.660796767152679
2719,3.2094490993932423
2720,6.961855369856435
2721,6.2093042144060835
2722,4.197315065460925
2723,212.93029733490422
2724,6.591250304166913
2725,39.12841862239342
2726,11.322031109474082
2727,313.2051606042677
2728,40.057920617418176
2729,181.04970224295536
2730,161.80027014589638
2731,149.5109008548406
2732,6.180585561980804
2733,226.2042000178689
2734,112.09532722646667
2735,82.52988577642357
2736,90.20544124779707
2737,169.42053418990739
2738,142.14972092058724
2739,114.82915716681342
2740,5.504608238815094
2741,52.19688423925699
2742,1.320364003167287
2743,30.374431151452047
2744,-31.223432380038645
2745,4.893541610128818
2746,205.80209580788963
2747,182.12025199962898
2748,2.6904677797242833
2749,5.434198125442431
2750,224.38834620036866
2751,261.58709614215445
2752,3.078204404105408
2753,95.08089532703436
2754,0.2370701939848512
2755,33.06163924035319
2756,267.932825512915
2757,5.80213869773162
2758,288.3489855144416
2759,47.03903001737875
2760,187.4305901930597
2761,6.52937137378124
2762,3.965386243531352
2763,112.12191940277832
2764,4.483827342729934
2765,125.84649685013076
2766,1.9595290247847506
2767,272.76324325804916
2768,4.726210839111466
2769,3.1442332946237856
2770,200.65559046320007
2771,156.50811814490166
2772,7.061619499514274
2773,3.0976509811641586
2774,4.850453295108155
2775,6.011874856045072
2776,4.064739913601142
2777,265.1670299251173
2778,29.517680922951016
2779,2.1094336828314293
2780,2.6454048104854753
2781,240.844560943597
2782,223.21107429629964
2783,6.1880123757014855
2784,-35.432256414616
2785,5.708836513181243
2786,3.7699983191757203
2787,44.0288056813516
2788,9.083192994216134
2789,167.8726142797927
2790,215.1407485283811
2791,88.93557970957755
2792,181.1031694952753
2793,176.73509650384617
2794,190.50921129375558
2795,49.598503827987535
2796,255.1879457345454
2797,112.18988306607379
2798,35.179014337688564
2799,28.76158364880484
2800,5.183266812596308
2801,3.928824188707586
2802,3.1434548538299936
2803,14.984784459543855
2804,3.69093290433733
2805,49.4750517663881
2806,7.116289513534387
2807,30.047790303548506
2808,98.76899059562321
2809,6.128267551164533
2810,5.3319196662553665
2811,161.6480224747995
2812,5.957653279837016
2813,21.834617237708827
2814,5.96434685807986
2815,259.0829262599959
2816,68.14860863339054
2817,265.2181178564666
2818,124.95429116258984
2819,50.36400339146382
2820,157.19096839012897
2821,48.49097763221615
2822,6.093915844905803
2823,61.84749729100092
2824,246.71208601326046
2825,172.40327895794368
2826,-55.32444625833392
2827,6.482021600129405
2828,5.590166217913757
2829,4.7757547914806935
2830,6.443439497336909
2831,5.883137931865297
2832,5.706473936109926
2833,123.85113566952872
2834,3.82454530202134
2835,3.6719936594073963
2836,3.5484247491233254
2837,3.4899519236129612
2838,5.768094596268659
2839,1.9789687738583903
2840,56.76741957492842
2841,49.728856605834025
2842,282.95804534658225
2843,5.977022885260601
2844,177.3013868869005
2845,283.1284795371989
2846,3.407022375293926
2847,77.52113630140938
2848,-3.350235934114428
2849,-55.93727153026257
2850,6.625462105622133
2851,6.890444252178557
2852,-46.176289117490654
2853,155.22605921501048
2854,2.3728252155364653
2855,67.86343543634709
2856,5.925250432093868
2857,58.85135924152378
2858,222.11357963399772
2859,1.4154261287735201
2860,142.5753972384967
2861,284.0111660645817
2862,281.696677048518
2863,3.027152250053796
2864,280.1269729458888
2865,235.09913755622648
2866,2.1198039861675846
2867,2.4484303825332225
2868,80.07962487305515
2869,57.337547728884246
2870,188.71476499937924
2871,6.14366757229924
2872,257.96226825290154
2873,4.736915857922803
2874,16.501983712761497
2875,4.52121902349846
2876,-29.233966089710375
2877,268.1290355318251
2878,-68.64666076068418
2879,5.053167085901766
2880,229.984651451139
2881,5.608448730997131
2882,6.204920914707896
2883,4.382696975542088
2884,6.662057143762199
2885,189.36922129584977
2886,254.31407046679578
2887,5.8801353919280075
2888,1.9068741093551207
2889,6.321189951315189
2890,2.3053480892041947
2891,-53.11933761013064
2892,172.72184506882854
2893,35.6769160238402
2894,54.695927633991765
2895,4.760748539457793
2896,2.575360381703469
2897,5.314147025068112
2898,112.94060859729913
2899,31.029239217679397
2900,3.1950363300424947
2901,33.760516080855474
2902,237.2756586751963
2903,279.0835964787149
2904,4.225712941147442
2905,4.428646861088009
2906,28.824762713200045
2907,4.124291331617214
2908,3.1754054619798606
2909,2.105043541454585
2910,111.96750832912497
2911,3.7911120681577613
2912,2.1968583984177483
2913,6.501242436151282
2914,5.425314142115202
2915,8.296759866943248
2916,253.97575013366625
2917,177.33012647288393
2918,3.850081282646272
2919,367.16598261201347
2920,191.68269167159755
2921,5.269434516759251
2922,3.6520881956267996
2923,232.52857064161395
2924,5.276711806770969
2925,5.030044478804253
2926,5.764968156519094
2927,54.50088552568096
2928,6.5163687684917795
2929,177.19544519102863
2930,278.3549207724484
2931,2.3656707679183326
2932,5.499227289724332
2933,72.7676090283468
2934,105.9600123057922
2935,-1.1403064033882298
2936,-61.951418954407075
2937,5.94559476467075
2938,1.762078756970274
2939,3.0489444860737382
2940,183.54852346240375
2941,63.05262764673813
2942,121.25395064270376
2943,6.2619281827253985
2944,6.558083510886491
2945,5.659873126228629
2946,6.413055790330405
2947,-53.28028134929826
2948,2.5094858785234693
2949,6.677062464671975
2950,2.850043458952324
2951,148.72869004781066
2952,133.23248685739986
2953,6.8514268382478125
2954,1.687853353355142
2955,16.3314956812109
2956,6.546126558863774
2957,122.41041548825666
2958,5.1910306071950485
2959,185.45461805727655
2960,6.397566776715321
2961,153.17627610659372
2962,3.866873331968477
2963,4.2467296904364185
2964,245.77298551587327
2965,186.06598865587435
2966,4.400249471180351
2967,3.7217558972321356
2968,161.21969985792146
2969,-72.0633835180933
2970,1.8640088163976463
2971,206.9782022269053
2972,6.656555151483243
2973,215.99318941255763
2974,249.07138345188164
2975,3.8314813836094745
2976,38.79519717185822
2977,38.75721577707659
2978,4.208675313338834
2979,4.6448579241769465
2980,311.46575521595764
2981,304.9480694745698
2982,146.52948299373597
2983,123.1746626688422
2984,277.4083114852939
2985,125.52104761589365
2986,304.01301276466137
2987,227.70051611137774
2988,148.5977991379495
2989,79.54440419245736
2990,54.21020045082297
2991,7.283489777306554
2992,3.090977635219769
2993,5.34893028622454
2994,56.27141712346024
2995,4.317402849757096
2996,4.131854616207518
2997,3.487286884805314
2998,93.93196965625478
2999,140.52761767569612
3000,73.40841394868222
3001,2.950193856926334
3002,303.2316958325345
3003,4.4877220671340705
3004,282.16241455505855
3005,113.6976971212813
3006,108.00684502780413
3007,6.357662642621124
3008,3.0050261887067444
3009,35.94224793829353
3010,4.263738237545746
3011,86.24672604340086
3012,5.297287437352988
3013,192.9526221647262
3014,6.631895181749838
3015,3.232839581411133
3016,5.865598670207851
3017,6.065244367940837
3018,4.324928996740965
3019,220.99880260420048
3020,3.6320461901395866
3021,227.99149179148432
3022,274.5017098859956
3023,2.7365448306516926
3024,91.59537441088234
3025,247.14455999683375
3026,155.6407459620842
3027,6.023693903777037
3028,5.459279423804151
3029,-26.025010251125597
3030,-45.88932115954888
3031,6.161091461588287
3032,6.372561876051367
3033,4.9422248024474875
3034,122.16997186085229
3035,149.56476484685686
3036,222.13466321284884
3037,5.139949234860962
3038,2.199283198610852
3039,-31.897334342945683
3040,211.95956961033698
3041,4.8171432122136295
3042,-4.595085785982523
3043,5.872143821773902
3044,226.48921623471776
3045,166.16542491900722
3046,4.490866086224461
3047,4.091680694671332
3048,43.44031250326131
3049,5.880732878705359
3050,270.44406742833223
3051,90.43397199708679
3052,6.499640903344792
3053,3.9356503814444626
3054,124.82580962013719
3055,189.45843844570564
3056,61.08467675949706
3057,3.074222879126335
3058,96.13480207083379
3059,1.8729208239228472
3060,248.06348764562415
3061,5.085784301131726
3062,219.85850288729736
3063,125.90670994427134
3064,244.16514981808032
3065,249.60284883225623
3066,135.21011728065028
3067,24.717887661900967
3068,6.02612014478135
3069,5.868266166117252
3070,3.7819080554099176
3071,6.208593469355646
3072,206.14763633887227
3073,127.37865347030878
3074,6.282306953274868
3075,5.873965523846173
3076,163.47880378555917
3077,38.1391667759714
3078,57.478789971464344
3079,5.4085457755707465
3080,3.190261858887201
3081,38.692900434301876
3082,90.90836870989062
3083,146.19203882007838
3084,1.2849895648649643
3085,5.661262095674241
3086,183.09382580212093
3087,3.1384883037705094
3088,102.03415254120658
3089,3.4509817794126265
3090,299.9387940314128
3091,163.27636159045437
3092,94.74179847449442
3093,4.043688310211922
3094,194.5017588788696
3095,266.3584229254653
3096,127.85780639797824
3097,4.713860125461307
3098,6.148908401251246
3099,24.938453626871112
3100,80.1967180125982
3101,3.6489657972734846
3102,2.35448566587537
3103,3.2073531480213653
3104,28.28368084569199
3105,-2.9927517054095327
3106,46.408279241112794
3107,1.5023690893236044
3108,2.4825020338702433
3109,6.047961722562558
3110,262.37743807667584
3111,2.224003152289999
3112,210.25918498976097
3113,5.38300691432674
3114,22.90352983173971
3115,271.83861134867186
3116,115.48135452719343
3117,-17.885921839440904
3118,257.46192756900183
3119,4.79549164688656
3120,35.54508241908278
3121,35.7738221351929
3122,124.61401316528323
3123,3.981861357391411
3124,2.50761594360507
3125,3.6962545409248144
3126,224.99405119135417
3127,261.6816996102775
3128,40.19347560670076
3129,367.5014088189778
3130,2.1529828781766596
3131,105.15470963116576
3132,187.29033505762226
3133,123.9587351976478
3134,233.12849778557487
3135,1.7052645675692213
3136,311.3060188127154
3137,2.9578639130753257
3138,171.3071743787093
3139,5.987234836925758
3140,2.448481498634176
3141,20.665140321472443
3142,3.0967781562815295
3143,113.37966775338853
3144,262.8411470059215
3145,5.307394366005151
3146,291.19879697257363
3147,85.4608017497184
3148,89.88444034526559
3149,-7.136310970158223
3150,1.6877938532034171
3151,248.64646445558031
3152,7.165608272466026
3153,236.18710881745605
3154,197.14694744531968
3155,60.81417869137472
3156,59.174176356018805
3157,4.879899372405349
3158,278.1300162931847
3159,101.95463818545709
3160,267.6912537764965
3161,-38.36896895615307
3162,3.1830486555303823
3163,191.6313058276768
3164,3.1037599169653154
3165,-8.878488346214652
3166,34.55422872127393
3167,6.696340052703468
3168,5.491057387959431
3169,3.659729981518958
3170,200.7246007825967
3171,2.9537458271134076
3172,229.98083258169788
3173,283.80538188772164
3174,64.61716217612593
3175,-57.54835863324653
3176,3.513445110036366
3177,3.341670874393647
3178,194.77149734312053
3179,6.159653557969239
3180,319.1497126330699
3181,187.30693190232077
3182,285.6275327989504
3183,5.9657933689825295
3184,35.69967555574822
3185,6.779451226875681
3186,150.35657046129955
3187,282.82865963757445
3188,-59.73279603939178
3189,232.8488717836494
3190,4.519082783120664
3191,247.1281551382782
3192,59.43554977566091
3193,6.391109281751868
3194,4.110953878779482
3195,5.935776208568752
3196,137.6048262148236
3197,5.429950296686883
3198,134.13807624875653
3199,179.28815836340763
3200,2.0073460283891738
3201,313.5237739941033
3202,4.494276800314434
3203,4.960830808351364
3204,5.6728049751534275
3205,6.547247973946055
3206,271.7938907628325
3207,5.871190643965853
3208,189.47903234837597
3209,-5.5564822516990064
3210,7.709457006462455
3211,194.36424142042526
3212,219.04791854558457
3213,2.6025313485742263
3214,262.9056476250507
3215,3.212105293299818
3216,6.0295656721980055
3217,120.53732313459612
3218,282.1826022997763
3219,73.27111146330793
3220,77.8657883650057
3221,72.60763816666491
3222,248.17513881192247
3223,349.7469057602281
3224,-72.82240604388191
3225,147.91358957137578
3226,6.04194756822654
3227,5.8870020508645755
3228,9.450876801764988
3229,294.68306666935337
3230,231.57333185046738
3231,6.423603483013109
3232,4.865639054414316
3233,5.755257397637287
3234,4.112406075663975
3235,132.04554624087967
3236,133.0023315934409
3237,6.793849462893402
3238,308.1133358775281
3239,6.56918013796642
3240,72.55011587578547
3241,14.85544248235113
3242,2.5597305770860994
3243,32.752924028504175
3244,207.2457401740429
3245,5.518552031765562
3246,252.47230692167622
3247,6.170031533425065
3248,36.863437565424285
3249,-33.33929693159357
3250,223.71246340108655
3251,235.6419838643077
3252,123.1264951956635
3253,56.24403566374295
3254,152.34366210207452
3255,6.399425434783426
3256,6.3299969061211385
3257,12.231539336533784
3258,2.6264234460851283
3259,58.0304147752708
3260,5.904833639703352
3261,118.53336419939404
3262,314.0677130757867
3263,2.143679116116521
3264,3.5713387590238566
3265,158.01502692106578
3266,3.6443384200035003
3267,6.668994786600689
3268,3.1431636838350183
3269,3.980695066443064
3270,49.805097721008394
3271,222.88196083109696
3272,2.3993703459737294
3273,184.7417615060489
3274,217.2172075894077
3275,126.74657701014446
3276,76.79881444547205
3277,5.788386838935409
3278,6.462895225182832
3279,3.3062724734647695
3280,173.56876003219395
3281,273.5893223170764
3282,2.7385012148624703
3283,390.4942702125075
3284,354.0420916306701
3285,82.91448297768692
3286,3.144645765975289
3287,-12.293211418889426
3288,100.09898604391913
3289,1.7922077024555547
3290,54.99859034468231
3291,261.6815751716123
3292,2.922911701262731
3293,45.710182382121
3294,218.00095202522436
3295,122.58890461521581
3296,31.489725051920974
3297,201.34052758234924
3298,2.3268282618526164
3299,240.99430667910485
3300,3.3030046013997927
3301,202.5188468721896
3302,218.49296599554236
3303,-5.367959358951343
3304,254.06396913707357
3305,5.3206783849911545
3306,4.347898205654808
3307,194.4926614995141
3308,3.0702157255872304
3309,6.271812747277237
3310,-45.48044526886798
3311,2.3961754469768453
3312,3.709465335992242
3313,2.5219554775985076
3314,6.037917074817262
3315,4.623491362144264
3316,313.4095969027394
3317,298.97468627421443
3318,46.75364344028358
3319,1.9444016754385096
3320,1.937431802039282
3321,5.0724485309805685
3322,133.34022687693476
3323,4.592875117146878
3324,3.8947518883577175
3325,349.51423134954916
3326,79.50810609871634
3327,-58.71821601037465
3328,6.390972316879235
3329,1.827975741523383
3330,185.14547031094918
3331,117.06367387106646
3332,3.6633271691923044
3333,236.04792057494006
3334,108.67437510417693
3335,3.3924806145782633
3336,4.737574805779731
3337,2.7846279905764684
3338,1.7393869574537437
3339,-7.291078388961639
3340,29.437990351914802
3341,57.13005506691028
3342,206.8576886276674
3343,145.96934297250496
3344,3.3558332081252593
3345,247.9780615076606
3346,296.879622365639
3347,179.8229775350261
3348,67.57791293724351
3349,5.662806622229867
3350,3.7270183505027648
3351,2.6578095521342426
3352,1.8240322648190421
3353,144.6934221975935
3354,72.37033163838693
3355,2.9851060121719306
3356,310.54935721769436
3357,3.6972917497146516
3358,239.75002987473337
3359,72.10468789414311
3360,152.2009647860311
3361,3.0386842307916657
3362,2.6180439204551043
3363,3.0531611860516636
3364,21.165706647675194
3365,102.81309354667474
3366,3.761929693377339
3367,4.269429190277668
3368,66.58243966955428
3369,4.828034795122695
3370,64.16601154446684
3371,-15.831547358217543
3372,211.65795779137403
3373,50.10635096188218
3374,327.5831252379518
3375,2.3874833331045338
3376,2.1999491530586672
3377,112.14699487703479
3378,5.271384213098141
3379,23.917861536523624
3380,325.5607287325996
3381,6.670548309599257
3382,86.55161943555898
3383,6.133919288460368
3384,18.897370885006172
3385,3.4558480678020054
3386,52.705222311459906
3387,2.112894917732271
3388,179.08296544393863
3389,209.12227107565377
3390,2.234083087916413
3391,5.803831130950077
3392,5.024123709009298
3393,183.46312892517318
3394,138.4140581863926
3395,5.1045797385255804
3396,5.570811163661444
3397,138.5030472516436
3398,2.1677427487887564
3399,200.12648911741417
3400,159.73986321551783
3401,5.116871971390304
3402,1.1175139692707285
3403,86.83997212813705
3404,104.28164596710613
3405,168.66199901344456
3406,157.44491437717602
3407,4.505480556018465
3408,62.886609229473805
3409,105.73256354130379
3410,5.958900724811072
3411,5.301429213788977
3412,41.195958739622725
3413,2.2191070535029676
3414,6.696383020008522
3415,87.45647304866515
3416,94.7534062593863
3417,200.1217664488985
3418,174.17747768442413
3419,-33.702655663516545
3420,46.14603686553797
3421,-66.33313094843598
3422,164.95318563963306
3423,1.969832066531271
3424,3.5348204474101474
3425,13.269622143354647
3426,3.6996981738992694
3427,56.1549289355414
3428,2.6581743753335902
3429,323.6793604235111
3430,304.22723626363097
3431,94.8433037335411
3432,5.9568902834619015
3433,77.35562379217241
3434,1.9082443930500226
3435,312.45576699218697
3436,213.1539178196083
3437,3.3358900561664173
3438,31.393329543974076
3439,264.4208226477742
3440,6.573463875838851
3441,4.920103821252012
3442,234.28592990536546
3443,5.028930484968605
3444,209.22837198216882
3445,3.7425768992024837
3446,5.828456976906848
3447,247.19091592091743
3448,5.286571319141915
3449,5.662143376470868
3450,106.8123718021061
3451,201.42886563147724
3452,2.200771971962257
3453,3.2488341040521704
3454,19.065936636510653
3455,4.032731583007477
3456,5.302802123636988
3457,3.860388144528605
3458,6.147970019448131
3459,167.2790903117692
3460,-45.56252068107554
3461,3.4139331074768577
3462,38.195944244585846
3463,219.77030112316942
3464,4.500253658317801
3465,2.538775596172198
3466,6.244241002587258
3467,107.93554617999698
3468,30.67646685897988
3469,307.1552675015701
3470,140.6211665611596
3471,20.22002480230147
3472,278.0843698335938
3473,6.387624554494481
3474,3.3247888374789865
3475,4.753541008689445
3476,35.45945839089827
3477,3.7083398979768827
3478,6.559398534335672
3479,2.57615020792798
3480,85.29806507512458
3481,135.9985061296564
3482,87.30509373940383
3483,60.297193634254164
3484,187.13710579398295
3485,2.3686751765723
3486,228.9867845038805
3487,5.842627602709992
3488,4.534209079225227
3489,3.41594612783749
3490,6.434645936542727
3491,3.1907988401307796
3492,2.3842672704453953
3493,306.39348007845626
3494,153.05924317495828
3495,6.350982455592023
3496,19.819391709061062
3497,4.531481158125105
3498,6.627104241059772
3499,-25.959003332338114
3500,75.95364897312554
3501,280.26929852313157
3502,5.970079911736165
3503,3.6143017786342715
3504,64.51879624687116
3505,128.0404356148911
3506,93.77274664584614
3507,6.2621063211106165
3508,3.274417657196313
3509,2.9966305632976256
3510,286.33368901847393
3511,2.019147808796658
3512,71.72922998271814
3513,88.91709144981638
3514,3.4396903540786647
3515,50.09026839529594
3516,3.5663086441732306
3517,197.27724929355435
3518,4.374862259697611
3519,223.1292071646293
3520,293.53287077419935
3521,1.893960495438127
3522,1.2817165913537363
3523,4.170006186112352
3524,6.65588876847238
3525,5.265841454783288
3526,39.10688297499237
3527,1.6976500533706393
3528,288.81905870648717
3529,210.78612784714966
3530,2.4442941712010846
3531,77.15398227987616
3532,269.0482740005856
3533,40.96230856384319
3534,7.870579742656432
3535,92.44208043220101
3536,3.528046486980949
3537,59.63682789827034
3538,7.065488379479186
3539,-12.7644855153138
3540,164.25706275343168
3541,-61.0660808648917
3542,2.5670467115462783
3543,196.86070020860683
3544,34.626594089714864
3545,2.4734410553925166
3546,5.358888929777613
3547,175.20958785947428
3548,5.6272507832465894
3549,1.756102193808926
3550,4.472223483540157
3551,4.520642908228447
3552,5.682191491281807
3553,6.260370718620531
3554,195.12463247876633
3555,3.6806196908067306
3556,2.0346156090207064
3557,127.21968209710968
3558,5.170665716661133
3559,94.72948701101134
3560,56.65613628504439
3561,6.166348551033915
3562,26.845768521530527
3563,-47.0386096342725
3564,5.870997476291253
3565,4.723089159468808
3566,178.01651995846132
3567,1.997904676456586
3568,214.92178911997465
3569,168.49146171724306
3570,36.024108830967364
3571,205.40313959989385
3572,1.8709602928513878
3573,6.159255171378504
3574,5.713625091782487
3575,2.0798751714759796
3576,5.338868758579403
3577,6.219157940298445
3578,92.3914350592241
3579,2.0986885195583156
3580,66.47050510075388
3581,253.6537023472364
3582,86.7752719364266
3583,58.659766936909904
3584,6.672726521335907
3585,32.912179124280286
3586,5.748232037121056
3587,34.386845650341954
3588,3.186298639390868
3589,224.6353445382381
3590,3.103258822426069
3591,3.6114784726748477
3592,177.47078713601007
3593,4.072157920844099
3594,22.291354588544532
3595,6.646166243505725
3596,31.42821371534219
3597,320.063568477825
3598,71.87232441158437
3599,95.40336849934626
3600,2.7098841864528866
3601,299.1994349248898
3602,28.691586885648196
3603,5.207568732932799
3604,2.8896505583744467
3605,176.28377280768518
3606,2.116777500984453
3607,3.957240804695604
3608,275.8116542395109
3609,206.9612041535552
3610,59.121661341407886
3611,5.344144278368912
3612,255.87701492416684
3613,6.357668584845211
3614,4.860191881882217
3615,6.554533930804419
3616,56.18502049118737
3617,4.986509577423228
3618,2.362097470980742
3619,-48.48989064198403
3620,10.477341546747718
3621,69.28747573708777
3622,5.431248820902185
3623,266.7376161474711
3624,1.468921378163257
3625,104.00780781332452
3626,34.29670105228301
3627,33.628932386124404
3628,6.405710936861469
3629,39.86344947131707
3630,257.5320778975113
3631,286.5404663814441
3632,250.93735159204488
3633,262.41091306688446
3634,115.1077246707411
3635,124.575176624891
3636,4.593297994205164
3637,47.414294194489074
3638,61.224044909402686
3639,4.939957417079739
3640,345.31029169732034
3641,229.10698492868673
3642,155.4597368168019
3643,188.97247575684636
3644,6.604689577332989
3645,126.82911593150303
3646,2.4636472622466314
3647,5.897146915617599
3648,235.11180136772205
3649,18.446731003545686
3650,3.1832075491199205
3651,193.49537440337966
3652,51.03634802278441
3653,-6.630732582285669
3654,70.26335190875567
3655,2.0843415584936995
3656,144.62025982541758
3657,5.7967064856299135
3658,7.866410707978155
3659,4.608384818874598
3660,5.812769975635408
3661,49.48060290985925
3662,2.141045705901987
3663,5.803999837660652
3664,118.81008942307189
3665,4.913106916852352
3666,277.61231602447253
3667,252.30509081997883
3668,269.94462495284205
3669,226.94608481427983
3670,7.136712432764032
3671,6.796811217397092
3672,234.89287745736877
3673,5.358703432577192
3674,286.2047671451362
3675,145.6602862411542
3676,38.400206139346494
3677,41.78918040204203
3678,-4.05305479581202
3679,4.576919097154244
3680,3.5222029247455637
3681,147.7730088829325
3682,85.8256516065427
3683,162.1015265686255
3684,28.83460054931636
3685,152.96378556086583
3686,260.05220318243
3687,126.50511495795287
3688,273.0525705172222
3689,2.4110844270952283
3690,200.42257251874813
3691,202.6058359974309
3692,286.37486818119845
3693,269.7397405177578
3694,1.4876185823934318
3695,243.04108867542504
3696,206.38758696103173
3697,0.7731124966831873
3698,-26.3554867388536
3699,4.345864391091316
3700,5.583191819718918
3701,364.1847143961605
3702,3.8692973324442823
3703,3.863552878123265
3704,5.958769249184842
3705,1.4798337847233298
3706,50.57246368132483
3707,26.809531486875954
3708,116.01572865121484
3709,3.0923729945495424
3710,6.525423308617484
3711,347.3779290162957
3712,102.13387631357867
3713,5.6666394058162854
3714,336.18611628624205
3715,2.4887098675539665
3716,2.0103090697682555
3717,143.2961987985056
3718,74.43392336150865
3719,163.83653606088384
3720,158.08907317501428
3721,2.315069594418663
3722,3.8443351540933133
3723,3.407475497474049
3724,1.8570966357672984
3725,66.91201274046725
3726,1.7421546518556816
3727,222.18281051451783
3728,57.43306242259758
3729,-46.449061068735965
3730,142.16664065065177
3731,75.05003417479664
3732,3.508659871523104
3733,-33.790990059571016
3734,3.067817951490959
3735,2.415298506053193
3736,26.64176876565014
3737,6.2215706074330495
3738,188.26731156082883
3739,-46.75518793387966
3740,236.76283643373043
3741,18.456657853098292
3742,265.52083657903347
3743,2.4023116063148384
3744,76.05445666048867
3745,-23.45021140128487
3746,5.10613799372576
3747,5.071860972636843
3748,182.06850464925978
3749,70.97820763938809
3750,1.5615295855658131
3751,233.20803008615837
3752,79.61847672013975
3753,4.925313621459984
3754,3.887135149380148
3755,-12.544711486906506
3756,5.622902002133163
3757,24.365867813360857
3758,6.031401812841013
3759,48.135734980762976
3760,1.9310422631433843
3761,6.141900308690467
3762,6.401023578364381
3763,121.93987880668155
3764,168.73614015171734
3765,361.0720136340803
3766,6.536008200798758
3767,290.8853929941275
3768,71.97637752401162
3769,1.6849462348820499
3770,181.73687846767132
3771,3.6805625703612073
3772,202.1057515704516
3773,238.38671634523806
3774,2.5663768510925054
3775,3.8473765593559204
3776,253.92860561317264
3777,6.198313950814733
3778,218.46205912525045
3779,294.4776861243277
3780,5.953345268355394
3781,6.510100993821773
3782,2.09253574508792
3783,2.005928887067262
3784,5.583874913628064
3785,29.465872473904607
3786,93.50871313036167
3787,6.010734731645398
3788,6.682533612031245
3789,288.2525884014536
3790,6.815024490319816
3791,6.287643113144778
3792,3.7284146034293784
3793,18.38918084121162
3794,-29.950374803148357
3795,200.25539643912956
3796,194.6172722189649
3797,4.925511826642053
3798,173.9393608610648
3799,-63.61396492910429
3800,244.95068444012423
3801,119.94044373569035
3802,131.76737652389542
3803,46.77788372245643
3804,63.77576439570535
3805,4.649317120519395
3806,3.008732128536868
3807,142.15373022445306
3808,3.69153744164601
3809,-35.88410833173856
3810,2.754854718786106
3811,4.565025577888333
3812,266.83248077438986
3813,3.5355569471197694
3814,283.3600496870875
3815,7.38995442779423
3816,3.670475293340622
3817,55.201808576988626
3818,6.282083980735264
3819,2.308987028639037
3820,113.58112482187904
3821,7.4711146910298725
3822,5.525130243859626
3823,263.3220697951067
3824,5.187555652568994
3825,257.2367922057518
3826,6.0108283829258795
3827,305.9901828995294
3828,308.6457667424786
3829,6.507658099867267
3830,238.2205821568964
3831,66.20183892501255
3832,1.785006036115501
3833,62.31228105747691
3834,44.04403244942771
3835,2.7425399979540006
3836,5.212197779043878
3837,6.773055257520445
3838,5.91024986740759
3839,232.0117150853118
3840,5.621868270913821
3841,128.56144399450164
3842,3.5742973369079865
3843,266.8332888592261
3844,5.425170649534391
3845,5.844159046380206
3846,6.425695147626223
3847,70.8507292650948
3848,95.49140959621575
3849,191.51397110213398
3850,23.66224340177285
3851,126.42421356084638
3852,256.1062990962443
3853,5.464581315311568
3854,253.2761572394504
3855,1.963721777797264
3856,58.747496795264524
3857,3.8948279633918315
3858,2.9994432078709194
3859,250.1515860094975
3860,6.510392354188536
3861,-60.13853686026058
3862,-11.078309508914096
3863,4.240205236529496
3864,2.5246296101803134
3865,288.9135091360728
3866,4.250675799099376
3867,195.12013778283185
3868,4.890020256522188
3869,3.0641633552163796
3870,153.88184096939204
3871,32.14430483839323
3872,3.583561886997197
3873,37.53851857015398
3874,342.4331045791385
3875,272.8549448958562
3876,105.64689949369082
3877,-64.0583331695716
3878,182.7417454437267
3879,241.6108176378513
3880,6.65659971407057
3881,3.9418927789712677
3882,2.979967387576616
3883,207.28924448311815
3884,143.76422716750375
3885,6.402260958023627
3886,5.478390335329369
3887,6.319852284951092
3888,2.7222752582782963
3889,175.80785883078153
3890,1.7252447795350028
3891,3.0491035398146193
3892,182.08635639722377
3893,3.7407027223583875
3894,295.83902367447376
3895,-27.18346002043084
3896,23.09661596008943
3897,251.62095690211106
3898,184.77881088716924
3899,1.729119904812294
3900,94.70425126081962
3901,93.64968002427321
3902,2.9896052141667697
3903,37.44872511278144
3904,46.954035952100575
3905,3.747792472584332
3906,7.717157824256123
3907,200.13006770310085
3908,139.5390139375869
3909,3.349877779888258
3910,3.9643467997975694
3911,247.13606752379482
3912,4.023724490408787
3913,38.08981028343108
3914,280.169036748638
3915,7.281475885938881
3916,5.870742942934967
3917,3.7632682309689645
3918,-47.19010427437229
3919,4.775909438043058
3920,31.5010444446464
3921,56.95949607191621
3922,6.91423990561553
3923,3.8152932308057332
3924,357.525731320499
3925,60.68796846733136
3926,1.8206222781287438
3927,250.60675800704897
3928,3.342000921829671
3929,5.288430342644319
3930,6.410287712298323
3931,221.71827518570026
3932,4.933389937715777
3933,2.5860569535511937
3934,6.57482447227083
3935,221.08322582517968
3936,1.7494328726094572
3937,3.1853170710255574
3938,2.8030600325818114
3939,325.45937730717384
3940,6.128518134713283
3941,6.3362403914449015
3942,4.987519501634962
3943,3.254463239311682
3944,6.794791931675705
3945,326.45944730776034
3946,217.15235414595944
3947,31.40177806209455
3948,177.19493970653846
3949,5.355306323194687
3950,237.28365372048336
3951,1.7306861961421987
3952,147.4945016412338
3953,126.53581973781341
3954,2.777987087688679
3955,5.788830910229905
3956,176.45712322781316
3957,59.13678480241584
3958,73.8851060693075
3959,227.11466357878567
3960,6.038198592452297
3961,6.096291749557691
3962,125.19085193676705
3963,5.846039214128549
3964,208.23067115286008
3965,6.033007970085912
3966,2.8239128654301715
3967,4.561667742800395
3968,194.60255943096377
3969,49.27620456551817
3970,2.453062189383145
3971,3.40041610582797
3972,2.970588038654666
3973,3.295431029067452
3974,32.799717391792754
3975,42.75460268868945
3976,3.7604906205091506
3977,4.165642110376342
3978,3.630898142885724
3979,131.62060208163615
3980,245.14803558829212
3981,254.30107560130227
3982,5.451743090540501
3983,3.2365792488948104
3984,363.99047456286996
3985,223.09575381184675
3986,172.7996648128236
3987,92.4948122156223
3988,3.4168806726849965
3989,21.72227801156002
3990,89.64458887539035
3991,243.8051630158229
3992,5.8412590548413945
3993,6.049330576296377
3994,39.817659231175305
3995,122.12335813797944
3996,3.608233311619247
3997,112.60342868907176
3998,2.237551682147582
3999,277.6952037728821
4000,5.382977770218066
4001,4.22715933792323
4002,27.43950847016957
4003,164.10523304174188
4004,2.3021846071688716
4005,311.48023113043894
4006,75.61518216630489
4007,7.029380590180887
4008,3.389631400793812
4009,5.842612545877168
4010,192.48833330930069
4011,3.69762953552439
4012,6.357260725443551
4013,242.10645168583665
4014,5.844153644829211
4015,6.244050909459591
4016,69.91928557439131
4017,189.91862957591061
4018,123.58868847936895
4019,1.8882042039018418
4020,2.0086104359512915
4021,124.3030525496354
4022,31.58851431362142
4023,3.7058978094595636
4024,109.28776050916063
4025,35.00935446358085
4026,5.939198297848343
4027,251.8901845295003
4028,115.56365949802722
4029,7.111298160631927
4030,2.5855942545251036
4031,114.04538699851155
4032,80.75433843592847
4033,2.8458474463720878
4034,260.5391755428909
4035,114.98762318279658
4036,4.825558018834333
4037,3.5952404756069813
4038,6.219013885999485
4039,5.837275405920908
4040,106.72629219358505
4041,323.54619186571534
4042,59.809260385143034
4043,268.2422169117707
4044,3.464637698851753
4045,28.117073927537756
4046,5.870600866620885
4047,4.631025230261759
4048,277.89019266423486
4049,118.2745451126324
4050,272.8587527365904
4051,69.65810787825804
4052,2.6874749927107313
4053,3.9430191797389718
4054,5.392311683355771
4055,4.101028097326792
4056,267.4390658777363
4057,6.884523466905872
4058,282.450232832523
4059,17.96223596816107
4060,260.4724538026159
4061,114.27038789595746
4062,3.7778907328796305
4063,2.2338766432229495
4064,217.65708057229412
4065,2.0336143966872826
4066,100.37986836738793
4067,196.64430127535164
4068,170.67877963551342
4069,341.9583545212823
4070,2.706610956087386
4071,2.801824089954366
4072,1.9481343682852126
4073,3.3653428819749465
4074,4.201796629639716
4075,-37.93768150686002
4076,50.34585080381529
4077,4.845250121044274
4078,6.313770182600991
4079,6.916528902043684
4080,290.1563168693579
4081,4.969512836994161
4082,123.8321862242859
4083,3.9899233879967304
4084,20.277124973196322
4085,14.112974224431714
4086,7.571654008149722
4087,4.060065672914149
4088,4.924190618844049
4089,72.86401274589885
4090,133.33885895045765
4091,4.40328314866146
4092,71.02098376601982
4093,19.902856262739473
4094,4.923370144895674
4095,6.747957731003307
4096,2.3742675692248527
4097,2.491707624810491
4098,2.761533726256501
4099,-40.977152044121624
4100,64.25896108081336
4101,5.6099416882638
4102,4.659984777749731
4103,66.24079923312372
4104,195.27796082831904
4105,5.763737094796066
4106,119.45816414760043
4107,80.74751562087978
4108,64.72946652261983
4109,242.74661836421595
4110,6.334265723568565
4111,61.72090725088524
4112,76.55930758012205
4113,3.087016625087272
4114,5.175439788880256
4115,84.96408986844195
4116,104.88998478290448
4117,89.44180776199816
4118,291.6108675699057
4119,241.61726541153985
4120,233.9651280408151
4121,87.4779312741261
4122,-23.546756933604065
4123,2.339765348047109
4124,164.19050163781654
4125,2.269220608045341
4126,54.78391390273345
4127,5.994096574666108
4128,1.720449536036388
4129,6.2408588571383135
4130,1.8953418243580429
4131,58.71303479164464
4132,6.105854978803635
4133,5.122268039278311
4134,108.75487308314747
4135,15.304676925007247
4136,179.4049176338126
4137,327.72209948413246
4138,-8.95021040063257
4139,111.71563917229838
4140,54.297015545849625
4141,4.035727773215204
4142,118.77787043264846
4143,310.1518088798435
4144,65.38682176063388
4145,205.66889103133352
4146,84.1202995689511
4147,61.65740053513568
4148,288.5463759320246
4149,53.58397883773558
4150,52.42537463261663
4151,59.985057633477226
4152,117.61141296119953
4153,4.014616383067665
4154,354.84470098649103
4155,151.97269744752003
4156,3.49257833637917
4157,64.47249655204482
4158,4.1089340091222795
4159,5.035504028040267
4160,144.80143981630914
4161,188.3946862087991
4162,6.370235418879845
4163,66.35371177988637
4164,182.06570476974952
4165,1.5511940045394568
4166,44.535442751947116
4167,98.25787147246994
4168,21.938458572143357
4169,2.497569659590715
4170,4.458072761277159
4171,84.84011946292108
4172,4.645467511985319
4173,4.191016794439803
4174,64.5375326721429
4175,117.15236036369501
4176,2.001902624682134
4177,3.9129622204623242
4178,32.48150736847026
4179,111.52245197313
4180,179.07031853886247
4181,65.27238885801923
4182,48.907869959810654
4183,23.493957173121817
4184,188.464491328113
4185,278.56090932577905
4186,2.5559966859217886
4187,61.60043365952568
4188,4.175963302249963
4189,4.012326648822064
4190,123.05840126134733
4191,2.1413347023693508
4192,47.08312460616569
4193,54.34867574253769
4194,5.939149310367256
4195,4.131387440251218
4196,125.72179994155152
4197,6.301006033685155
4198,3.238587139786274
4199,5.009327085256061
4200,296.4766391431498
4201,249.65954897779392
4202,196.6931225111142
4203,5.375399280530447
4204,108.37557896083996
4205,4.7829554943247015
4206,7.625574722826743
4207,125.84044040088308
4208,162.59399349565624
4209,226.90338275924273
4210,-60.62810203702884
4211,1.3611564910580143
4212,5.87612718614729
4213,-10.130401299810003
4214,7.31143180779383
4215,2.97418190251189
4216,1.6648764727103968
4217,3.363641123684082
4218,5.916187318750879
4219,60.51833903601758
4220,57.2973274057692
4221,2.1738516354320097
4222,90.33282130710852
4223,2.846486090951612
4224,6.482375009637664
4225,5.288971269889013
4226,275.95813628904
4227,1.8070606226499537
4228,209.95844872181704
4229,116.84753129973525
4230,3.1048558601328384
4231,2.3528638826777315
4232,55.24537902823886
4233,3.1074524018310745
4234,-7.459788783554961
4235,87.01484619176252
4236,249.52982921146452
4237,173.20016507949762
4238,3.5300090600946303
4239,57.33027996788153
4240,10.076502511412174
4241,27.057133534531467
4242,239.16685416807508
4243,-61.620537676440286
4244,325.30537558645676
4245,5.0598361116977415
4246,1.941517297715189
4247,3.557337436447753
4248,4.16829528596042
4249,-15.668728384324389
4250,10.35332691539016
4251,283.94949772144986
4252,6.616019712616424
4253,6.0533763635877005
4254,5.238798064779391
4255,-52.728999040092276
4256,2.4563862695775627
4257,123.07698848964415
4258,2.4576248542732535
4259,1.5770492582271494
4260,87.40292425788817
4261,2.4595497708677674
4262,289.9132795435914
4263,77.73113819131912
4264,2.579672885469379
4265,44.055118751695964
4266,4.226270894484733
4267,6.232584405121246
4268,5.760307199085176
4269,200.91191056802933
4270,180.93738530492215
4271,185.36840444118027
4272,4.4579358251799075
4273,7.910354387791054
4274,112.06062034689457
4275,6.314038076969185
4276,300.7290693126256
4277,235.09966868048224
4278,376.4867663008789
4279,305.51383529283515
4280,112.7816965904546
4281,75.70224542033205
4282,11.068586348734994
4283,6.307106459154296
4284,4.525811833373732
4285,113.88988682055141
4286,303.73854763970974
4287,1.823281463256954
4288,196.28087719359266
4289,206.30854904373103
4290,178.22255461747116
4291,3.1388599573652742
4292,5.0034537813099815
4293,6.617970103702343
4294,-37.09307999725926
4295,0.9005633380714357
4296,5.341300235791959
4297,6.465846420199757
4298,5.982716513788399
4299,63.34937233954614
4300,45.66380237242093
4301,-7.70667463316962
4302,87.69842326782663
4303,1.3144124437437499
4304,-40.72877691125197
4305,3.720616626200194
4306,295.87480404992465
4307,2.780764582883795
4308,21.274915975835214
4309,4.577563369319305
4310,2.8410683439904414
4311,6.375500134740961
4312,300.6211188364382
4313,3.1975875490207875
4314,3.30751101306965
4315,228.87927881822145
4316,1.5563478864815274
4317,189.39980000355268
4318,6.146970592131136
4319,53.78536681054531
4320,89.11501700932152
4321,4.646184093468058
4322,293.6815685362813
4323,76.64129863244403
4324,3.7075742546147126
4325,6.6954661001614415
4326,3.728039294705358
4327,104.5113183220436
4328,140.88908148154496
4329,199.9367427647613
4330,16.417802621466866
4331,2.542846794714891
4332,2.276625754875833
4333,266.8808158054643
4334,3.2251763366555073
4335,4.025952841447027
4336,2.173158816234082
4337,5.8827168879826495
4338,-1.538013109443291
4339,5.6569419153275105
4340,-38.903199147059695
4341,61.56753587149372
4342,195.01499777667476
4343,160.209212797575
4344,105.94628363566882
4345,5.882174359358436
4346,4.624616736073671
4347,201.5089110675924
4348,5.6598885044859095
4349,109.99384866760523
4350,-46.56572407082353
4351,120.43620338511741
4352,190.50252089388883
4353,5.075410736898871
4354,142.8887938806962
4355,127.67585370249863
4356,1.8860327427516779
4357,5.2501475750692315
4358,318.8971225929976
4359,230.5073894777185
4360,3.33688222713092
4361,-9.496199454774427
4362,1.373803991692411
4363,3.625002534698191
4364,4.416865264444914
4365,1.6506067562941777
4366,3.3072917329271134
4367,258.550572748522
4368,-34.29331537760662
4369,87.10664243949464
4370,6.33854398574454
4371,196.2808565870564
4372,84.60208952982332
4373,326.7403136523479
4374,6.296230009568866
4375,227.933443991991
4376,293.0180848234209
4377,5.565977826435788
4378,5.793289983869448
4379,159.8705872694684
4380,3.1121568732786065
4381,2.3780844921356454
4382,6.70557568245427
4383,25.199613546609083
4384,5.070225308469031
4385,199.5305038143569
4386,40.300175528594664
4387,301.9191184073109
4388,65.69335678694284
4389,6.6984403723326285
4390,4.04734976129936
4391,4.071518781514664
4392,2.4243853095050905
4393,92.60556705841127
4394,71.96476541307774
4395,3.143684874628987
4396,30.006719629094086
4397,2.503938224000431
4398,6.321352455885462
4399,3.9772844586676435
4400,233.29855387129976
4401,6.683090296028207
4402,240.25832566495896
4403,257.71160229817343
4404,234.3232654606771
4405,354.9085831056345
4406,32.010871026878924
4407,111.06488203318997
4408,6.373126096613813
4409,108.21102334111778
4410,-90.9699571219106
4411,2.783698194518264
4412,275.79506603628477
4413,205.4586180109095
4414,3.8116912178272013
4415,188.745608201652
4416,63.645925160333434
4417,2.813071010345277
4418,226.2219173606894
4419,256.511718078365
4420,365.295901731646
4421,328.982705684902
4422,15.65453135518272
4423,2.4367651310203753
4424,51.10550498971589
4425,185.04453075970815
4426,5.347068989464267
4427,223.896193687847
4428,6.30021470642582
4429,5.015359470255644
4430,5.247658985584415
4431,172.0598327293496
4432,3.6890196892276634
4433,3.6495903105217584
4434,108.62966416592364
4435,5.7457661055695155
4436,6.410729439761452
4437,19.014901288912796
4438,92.1839319328405
4439,7.4525588738323885
4440,283.4541886605803
4441,2.227848107445668
4442,263.0667773875019
4443,5.868454059212492
4444,280.6708308667523
4445,3.868418549028034
4446,3.6525421718099857
4447,174.7822332181568
4448,5.079181138213723
4449,-1.1348534359970617
4450,79.73262465857016
4451,104.13496152873974
4452,245.92238805004652
4453,247.73893065790259
4454,5.03305177694259
4455,5.301637361448782
4456,198.55944477551844
4457,4.090680368922211
4458,6.803268629941506
4459,75.06467943978954
4460,0.5469935634905908
4461,73.85632537739997
4462,153.42616079956267
4463,43.10611910019914
4464,4.335410935374545
4465,98.62662944717059
4466,4.493453743373333
4467,-8.377189853410318
4468,1.8129285873333754
4469,2.0983796612209993
4470,4.896336420603923
4471,3.317089184020193
4472,262.69791472798977
4473,3.4602385713585466
4474,247.95552407883497
4475,4.825924937263292
4476,90.92057224806314
4477,5.874638194961449
4478,4.592076479633244
4479,126.06308298455463
4480,289.81166676040357
4481,3.6661802192296786
4482,202.69827400661637
4483,65.73933646377631
4484,306.736821393625
4485,220.08042682652757
4486,2.456560690598823
4487,117.8971870216601
4488,57.45554516682211
4489,-41.19878297288491
4490,109.50829393784146
4491,5.350880872806054
4492,265.72332439884724
4493,313.2709496256188
4494,16.873735915636168
4495,2.989641696421944
4496,110.62744613731084
4497,6.7288980379358065
4498,195.50715254168443
4499,311.5367213676429
4500,165.24323530626197
4501,5.6786229510547575
4502,5.93772776518915
4503,194.83735450047135
4504,4.310553441939559
4505,63.265462995189615
4506,3.0693251211910306
4507,-24.373329466537836
4508,122.96917966318571
4509,45.133653688190016
4510,2.220635274052826
4511,269.6308400121772
4512,57.20499515251892
4513,105.87046285574392
4514,2.9407558376490956
4515,2.574737658889676
4516,3.5036606381633377
4517,5.056803161469263
4518,-7.244091205679956
4519,119.25873744635872
4520,60.270488679483236
4521,2.611690449146494
4522,68.07713093510304
4523,6.7162256614356455
4524,205.20458609858935
4525,18.763573128218127
4526,2.217855050480061
4527,114.86192014978204
4528,126.64839957544008
4529,109.7405392319286
4530,140.8658268416482
4531,3.84222138787003
4532,4.28384897097378
4533,4.495980201328144
4534,62.83686642750318
4535,5.967272283845669
4536,1.9531044972239013
4537,1.8270223997463209
4538,6.333845304312508
4539,287.75715584402985
4540,172.86600521434747
4541,3.337042830136059
4542,2.6907838245918065
4543,219.06991117975858
4544,33.79975207179627
4545,5.126262977938019
4546,26.715179434840547
4547,5.85011945911169
4548,179.4013286860318
4549,4.828374133718393
4550,236.601236053273
4551,27.058207672089345
4552,128.64339246066262
4553,126.69841450470658
4554,4.474495472771375
4555,188.30829581624496
4556,286.17996209155285
4557,5.146044482739006
4558,4.443873442602664
4559,79.70897632665195
4560,7.3626990074027665
4561,5.278793931656759
4562,188.52824760212997
4563,45.67945746289029
4564,221.61688861844968
4565,53.20022720846143
4566,221.80449540442575
4567,278.5137299967039
4568,141.22078577652718
4569,4.461578670901608
4570,200.27541842469523
4571,268.8027051682304
4572,5.231270937148231
4573,2.819055613595438
4574,1.614321083002229
4575,5.4243619099940155
4576,148.89848958679121
4577,258.17002334354913
4578,38.966994421285904
4579,5.7747478423833325
4580,0.7373896723256885
4581,350.60110547104597
4582,47.5076994066117
4583,1.6675841511514322
4584,266.0210741113835
4585,39.12194308732306
4586,6.306656906081055
4587,4.134926758146462
4588,1.3645301608469322
4589,4.323353032319366
4590,2.8176094388152313
4591,72.24349979967297
4592,5.390880512876636
4593,98.09032481235752
4594,-18.572710207413976
4595,2.5783336779044093
4596,59.66593962031251
4597,144.0044196323086
4598,4.245333479254657
4599,-39.120566326424324
4600,99.8650264021918
4601,7.04221958945011
4602,5.31073705884662
4603,5.43964536812186
4604,78.08552221899762
4605,2.331839883238426
4606,144.40353759917173
4607,45.79624315698348
4608,4.6887481879529735
4609,213.33284405315254
4610,129.10555563274102
4611,103.04483383133125
4612,3.6821810766274896
4613,-65.27963636844767
4614,81.8115650878197
4615,-38.41480664427542
4616,4.690855115936161
4617,4.797014976597825
4618,4.156129945358188
4619,6.189038208504737
4620,6.64049797129491
4621,71.70679844353889
4622,4.181143000699042
4623,6.004449028910241
4624,1.2271464034723218
4625,88.11271380361507
4626,49.76809467678649
4627,5.151092817011957
4628,5.973481460052442
4629,64.87647951177483
4630,5.362442130472877
4631,1.7334438209173277
4632,6.659924167541343
4633,212.91147179080033
4634,5.818339396115674
4635,5.9653573939108115
4636,52.372460394784476
4637,6.985484896744111
4638,400.8553485778533
4639,281.2737416493115
4640,2.0121501056043387
4641,212.71765544362543
4642,129.65075884208005
4643,61.260044497263046
4644,61.43435845510185
4645,5.631063311767515
4646,49.117046180087875
4647,13.4693085026993
4648,194.53768696583555
4649,122.21397508998305
4650,125.05493374579906
4651,34.41453218980952
4652,4.653129389455784
4653,238.9009853598733
4654,8.595864298422894
4655,5.656390554771611
4656,2.5908917574335066
4657,3.1075696125590087
4658,6.473828974633664
4659,105.97237383949444
4660,2.8068264366834024
4661,2.761972642792154
4662,3.6333702699266057
4663,117.45485684092769
4664,5.871190663427406
4665,127.12231618224085
4666,237.1110799299926
4667,1.856957239847356
4668,108.83420509723578
4669,252.50255827227974
4670,13.11620490299707
4671,1.919246403900388
4672,0.8497265483373158
4673,70.36626231431714
4674,283.3555524108847
4675,1.766447497682434
4676,142.6898820175473
4677,59.92981555648646
4678,5.5381084394500855
4679,71.55928649056003
4680,4.566323108430078
4681,1.7619170145750225
4682,168.2356244834463
4683,144.41663322059054
4684,101.96854666288242
4685,243.4673929193797
4686,4.4232375640421004
4687,216.17499280841736
4688,343.73647734560336
4689,92.86990605806534
4690,6.013966081344728
4691,6.81136543709286
4692,4.279736783342326
4693,107.17058037972261
4694,4.22086378719887
4695,362.09846036541796
4696,4.448181544345213
4697,2.54027301648599
4698,4.695264847059887
4699,4.130984198478586
4700,110.68024669411817
4701,5.498747373882916
4702,1.9655732572263351
4703,3.728940021153357
4704,4.9553228346996985
4705,285.2285089135449
4706,3.423782889341159
4707,4.990813531326386
4708,3.226695314295527
4709,76.80387450423979
4710,156.93804264171575
4711,6.303448297075839
4712,240.10377258692571
4713,3.6288685494530135
4714,5.754865553944312
4715,69.72672402571023
4716,64.90393360150328
4717,7.363577531051382
4718,5.824751128101866
4719,183.98289631339534
4720,164.9928848077225
4721,6.21126791489311
4722,4.122743041430128
4723,6.568059932667746
4724,58.14608916404187
4725,186.3960849301161
4726,3.689535635053649
4727,267.1763688564209
4728,239.53056336671017
4729,3.915910635215405
4730,173.25809167888
4731,24.14203163070707
4732,-55.76781685770298
4733,5.480606011342472
4734,6.28012826989359
4735,5.456866199626039
4736,3.347823605541026
4737,59.045561077377634
4738,-29.226278977171788
4739,155.8156615196187
4740,301.87800131167825
4741,4.872983205619148
4742,93.05173706484344
4743,5.494356825498052
4744,273.4271500887549
4745,55.567986699041775
4746,4.059434002537484
4747,2.7965237702179095
4748,3.1207135182546137
4749,5.928549943234744
4750,5.757201937629222
4751,3.768731613465455
4752,99.21555995157797
4753,157.68807187857834
4754,142.25423820626125
4755,3.950371005344894
4756,2.0018377236909677
4757,3.2526180698761014
4758,73.33622215607136
4759,106.87655668566464
4760,5.112655943747703
4761,3.422202395293806
4762,187.87578124547437
4763,215.71202090407127
4764,2.3510069077738396
4765,333.7927596370325
4766,27.91762107909479
4767,16.114209778818996
4768,15.724320052588885
4769,-23.174098475580752
4770,35.480600419249825
4771,27.325543967344746
4772,3.9190686165148216
4773,4.124144410595548
4774,150.5605728676013
4775,2.3514505322613966
4776,2.3169622440404063
4777,193.283368096181
4778,4.970273056170158
4779,41.934551332319984
4780,1.5124785656236708
4781,58.463776796765394
4782,4.890306319371835
4783,3.812806047353981
4784,2.6009242170352866
4785,62.43163201339257
4786,74.80807223484143
4787,5.604374142240182
4788,3.4657372636753006
4789,3.0529077348571727
4790,135.44636460565738
4791,200.63817118067365
4792,4.402137122469688
4793,172.4970101651486
4794,55.92640140720977
4795,230.6180676179161
4796,3.3205308176546744
4797,136.10613000213274
4798,5.881767305390558
4799,4.04257882381827
4800,349.3978439365239
4801,3.7852439892532006
4802,5.002955234682737
4803,275.963725066133
4804,1.5389296710659983
4805,230.0930113349523
4806,4.367481947800975
4807,3.3998481903011086
4808,63.94709486283612
4809,116.43004103558859
4810,1.6545638848560082
4811,2.1273880464159207
4812,5.381935130660092
4813,230.10402131541613
4814,233.561383049843
4815,2.7094801147935845
4816,2.7281063784411534
4817,6.085854226904023
4818,1.687245383368225
4819,79.53596066606887
4820,2.3764171644970435
4821,191.1630911949133
4822,123.00370107286729
4823,5.026519563937882
4824,3.125110828994624
4825,260.1348305572638
4826,4.86037465133875
4827,6.30225745159561
4828,226.9432694657793
4829,117.7002003606979
4830,103.70491518348696
4831,208.039442746213
4832,6.94649587508506
4833,3.686836325448792
4834,107.8293816959961
4835,3.869198692948199
4836,6.667857854027904
4837,196.24495576875478
4838,31.39080899699453
4839,300.9242359821481
4840,2.3725113476960655
4841,122.08613637620253
4842,38.838537546744696
4843,2.0923066049517294
4844,4.11588189382141
4845,4.525257289896037
4846,7.074804461963581
4847,3.998522814171727
4848,2.4243303502815934
4849,4.23449172010272
4850,6.7803203702083525
4851,5.8061471404011975
4852,102.48139319245034
4853,289.9874801231167
4854,2.6004015007521937
4855,2.771154628767066
4856,202.1092419936682
4857,248.9209120420758
4858,274.63734617609117
4859,132.53198247515007
4860,249.36036710826423
4861,-38.27666016388008
4862,116.98397177890729
4863,6.880844830288276
4864,5.949057908921142
4865,1.9032469271861183
4866,1.2109792314052261
4867,3.3658968295883978
4868,59.709548094021095
4869,1.179141074097976
4870,150.09974411861984
4871,6.7159785207759555
4872,2.305241744537982
4873,302.33439034467375
4874,2.554682945952555
4875,3.535928439146521
4876,217.87574679122324
4877,6.363351861636111
4878,90.75118287374052
4879,68.33369191888973
4880,5.811737037107497
4881,6.147707910102053
4882,26.576077099802987
4883,1.7987548581769774
4884,121.4313558692277
4885,-61.76421437838621
4886,244.92168249996396
4887,5.896826282863662
4888,290.5660459448705
4889,52.81535215318161
4890,224.38326781062617
4891,141.39335341356215
4892,1.8984917461107447
4893,5.7552072661342315
4894,102.06943271552556
4895,6.640999008593128
4896,5.786792546198024
4897,5.906531687357881
4898,13.223812730298272
4899,202.3914577590744
4900,2.275444729663271
4901,269.6240452679112
4902,4.0030606079610624
4903,159.60663948262626
4904,384.67612187716514
4905,91.01875289408835
4906,151.9807107365176
4907,183.10502432637222
4908,4.462875522080429
4909,125.08473112034532
4910,144.7453325376637
4911,87.83143807617711
4912,5.460582400959996
4913,196.2860572360355
4914,145.02757446474567
4915,4.352994353015875
4916,4.759748789061296
4917,6.455427415272976
4918,2.963172714551701
4919,-14.624859742223766
4920,2.0760164930650555
4921,-9.700795709978884
4922,180.52861798354172
4923,220.5892044789096
4924,5.916238574500128
4925,2.329996254653029
4926,1.2651550005387064
4927,5.407122032025313
4928,3.289364937083133
4929,85.41469184974986
4930,101.26903715627289
4931,-18.93429673925866
4932,5.943094886316775
4933,287.64659239569073
4934,-58.51873691121016
4935,66.7812893406669
4936,262.5047630082821
4937,24.32070714159979
4938,78.67898739868296
4939,64.43979452006857
4940,3.8809235031838574
