id,target
1,4.1838494290283474
2,2.571463070039656
3,311.97454368183986
4,-42.53351622389645
5,4.201715470747791
6,6.679651462060209
7,5.406861430332681
8,76.75132613362449
9,80.02535500176444
10,103.68691104478026
11,39.560195611508504
12,0.9057223454344623
13,260.4978924419072
14,176.28854627625628
15,3.4638208718672185
16,276.02249505134336
17,3.3986023578822646
18,89.17929050479484
19,3.3792313844034347
20,6.688511934068494
21,-62.67941821715938
22,59.5239490649012
23,4.260034292256719
24,2.7590356014344564
25,41.07385104471278
26,88.15062363533393
27,1.372910358098423
28,160.23345442649085
29,45.23996875860482
30,3.190721093107739
31,6.411166630997201
32,31.678591148999008
33,48.05633383411773
34,3.8399367106755764
35,2.3512117041381546
36,6.586553291373759
37,252.77189726602984
38,242.01292635761638
39,62.17558269304892
40,141.2232173850506
41,-40.58843701273301
42,3.334398880282885
43,5.773784265184765
44,4.474735475105065
45,146.33618279827152
46,59.06446706828276
47,2.981736167690101
48,-92.83945689609637
49,4.276125639524523
50,1.8360269415482284
51,268.58154176312985
52,3.1030157686253252
53,2.722511738464994
54,94.03929876426042
55,2.87638914618965
56,4.2898469655060465
57,5.723641273633826
58,178.37072437800109
59,243.6138973481368
60,6.790624565230532
61,2.3612814364831336
62,223.2987292706403
63,6.686611392900518
64,2.6301122762065585
65,2.549567035553161
66,3.97346930241796
67,5.177418840180362
68,190.09448259287404
69,115.57828788049825
70,2.402871318973115
71,2.496593004815171
72,2.2862174523094665
73,26.306779165538636
74,253.55093271731744
75,192.41345626650116
76,6.162369220196545
77,5.791253450003024
78,141.72946099437465
79,268.77331316695313
80,3.4691663629955984
81,54.7618907953018
82,4.309564569265232
83,185.00289225955504
84,53.18841078839646
85,-3.1608951972299986
86,2.2655291726890114
87,67.09406756759117
88,180.835227016282
89,6.0515869847613875
90,5.274646418975546
91,48.7862573838831
92,61.19466102588717
93,34.6346261974937
94,4.872475053139987
95,3.9319287298509065
96,3.131756436898967
97,6.896158285571126
98,222.55445478765984
99,81.81698101543319
100,274.5101837584836
101,5.2812136733521555
102,249.80519709684495
103,3.7223561491534847
104,6.260541827193549
105,148.0726078617646
106,16.42809555357912
107,289.125691595754
108,2.5886823639702765
109,190.9607868932415
110,3.4644549663952553
111,62.31170500555359
112,2.055302416228887
113,212.05422318261478
114,6.457875077637978
115,5.209586685087053
116,387.2872416591018
117,201.8798518653818
118,169.84260067657328
119,236.89270393431514
120,318.0660748189781
121,134.18028713326214
122,3.6253818305931125
123,127.57639358810836
124,280.8129463167396
125,133.2509277629254
126,6.319861691517222
127,136.55766944270016
128,3.6494803727276706
129,244.5748983804529
130,100.32217858336548
131,89.92705985126406
132,8.106032432634073
133,-41.6054145817402
134,331.2182113355941
135,6.16929717628307
136,2.1513628985097144
137,132.38415603464983
138,5.83987922023368
139,211.2107658389794
140,298.22218151123377
141,64.02092350935219
142,6.963673817509536
143,56.157673208152815
144,10.035510206559103
145,6.834359078216312
146,170.179272919345
147,222.40070749065134
148,2.476675486533186
149,159.54508286668155
150,71.81669992290668
151,282.24613587120064
152,245.41681152587836
153,174.65015773501446
154,17.594771056495
155,4.406684924174399
156,212.2901339222188
157,147.36001339250438
158,116.41220433148054
159,157.30855199201199
160,6.241466477716234
161,57.44170689027598
162,4.529908114224115
163,253.16004486366444
164,3.059167356848971
165,27.9620523429989
166,214.33274998041242
167,320.5377116071811
168,6.996491283713615
169,1.948067573221706
170,232.68272777166402
171,3.0824682729624975
172,4.315244719669127
173,-40.07941059902576
174,3.7522471048769384
175,5.663442951794576
176,141.86652199011644
177,77.77704061794708
178,313.102541891403
179,155.9338902156275
180,225.53694542105484
181,6.6056681282680385
182,2.355106787006622
183,292.87879112416056
184,6.582939197437514
185,1.6427541374456216
186,3.387861693051582
187,3.048508658192907
188,4.112848832263376
189,84.60431206568931
190,4.044656115610785
191,2.0417519895049643
192,49.246984188305504
193,3.5512664624956476
194,321.8953511671949
195,99.15850410857323
196,264.8801422043555
197,133.58133018046968
198,225.61935391046893
199,62.3371594676332
200,1.9176759701902821
201,3.324604612421613
202,95.40207857694877
203,46.31068296271883
204,4.364987792679968
205,269.6909097319583
206,78.85716305334395
207,231.27876024783416
208,161.18688106946877
209,67.49155996540418
210,179.72268380086828
211,63.15915502043668
212,105.55137588528774
213,259.168081525363
214,65.56701824473727
215,7.124601383100249
216,179.934194359333
217,81.46465247066556
218,175.9832607559856
219,199.18232159010412
220,6.014630081776593
221,215.6076735379403
222,165.03004096555046
223,2.870377866274558
224,178.73540829643372
225,266.00805380510945
226,224.74130919625298
227,52.67073085001512
228,266.3692549889448
229,256.3785791929841
230,1.439934833485891
231,219.0517999588281
232,56.643356842567485
233,53.60471250271152
234,234.3112358395365
235,120.23180508244835
236,2.2020342046491015
237,6.271768322422211
238,51.937825504818676
239,6.283167550654339
240,179.06297763542318
241,301.9606441766903
242,228.73632304170258
243,3.7940920711680883
244,2.8937346911158364
245,48.11547461678816
246,119.76351353824205
247,131.5228721860789
248,6.527996583070083
249,5.916817859525739
250,66.25836370826434
251,68.5651368171824
252,202.17335473558336
253,7.764514960675516
254,181.17086084210064
255,-61.91250310869971
256,5.669337155913066
257,2.1411404519269253
258,87.3517952866939
259,260.49562576588704
260,2.428212955865863
261,5.720474363364899
262,6.255413539498156
263,-39.725634089906485
264,3.80815181527898
265,3.6865046738051332
266,2.0998590190644104
267,3.4414257690752423
268,1.8117273573387718
269,201.854823897499
270,3.205449297781027
271,148.10422676748837
272,100.02684684794525
273,4.6431519996825
274,5.149562455225034
275,314.88995257009094
276,182.2128941638
277,210.0713991840788
278,-63.71734150269286
279,4.170709820845202
280,188.99904501863065
281,5.320798338812451
282,171.87609120114757
283,215.52364885483576
284,138.77559810847163
285,250.135514774996
286,141.3486107556697
287,235.6771726921206
288,6.1608380203977315
289,107.98420055364423
290,4.692639499653893
291,118.81782219369097
292,3.8613995718449283
293,63.43969090849366
294,120.23714078410973
295,4.9547169319811015
296,132.36683607803198
297,41.40727378513415
298,-39.6651484638339
299,216.87020527013635
300,5.827935600972257
301,4.0491810949303275
302,5.098362642396143
303,4.243680341493617
304,4.000514554389054
305,4.757980992672094
306,241.7132435022136
307,3.4889913489730713
308,3.259166583639794
309,94.4406256837975
310,2.2560318237374037
311,2.255473755805421
312,3.682516160524089
313,138.01339534063948
314,3.8244792151091227
315,1.159259067338851
316,2.890686389096208
317,4.047368084263713
318,3.9096848022904824
319,55.26450389522845
320,1.8763945046731425
321,6.273719023143809
322,3.0583561889268434
323,1.8570271898022859
324,2.4685085094126022
325,4.281424269099718
326,4.879505352553941
327,41.95592575076337
328,4.120178580328981
329,80.91084051205544
330,57.15442474351798
331,31.960496215906772
332,5.612890644111041
333,2.991124180459507
334,6.731176632408204
335,153.6341957750266
336,3.52061941200009
337,2.3040464214382395
338,141.8904914267618
339,51.31676289300325
340,291.73219771365063
341,110.96947194774668
342,68.85997109891053
343,3.6931215243469535
344,2.866178757260885
345,129.7986977925513
346,2.6549641029952222
347,4.926780061071316
348,58.64217827557281
349,-40.122152791298674
350,98.15210384784163
351,243.98667710871754
352,27.06466870331944
353,1.3305660584110783
354,5.943935204795627
355,315.17627187825195
356,221.6207876889718
357,3.036129338580006
358,85.81360933494328
359,4.249973404305197
360,141.12748761320057
361,4.617711187968431
362,5.496534012603698
363,3.196781561429278
364,4.1646465165896265
365,5.284373783280379
366,74.63348202437007
367,4.5965319658557835
368,248.5542994985003
369,5.071035061756543
370,-37.158083026006
371,256.18239441526373
372,32.440139966961794
373,139.6945752774061
374,-11.170322213651485
375,117.70630629349526
376,2.900396137848867
377,3.103062229812788
378,3.601677852571802
379,3.129892320311618
380,0.8599620256496845
381,6.073083761125616
382,6.260171352762577
383,123.17405572391499
384,1.7256036544769946
385,3.6569806995634426
386,267.82807100051843
387,2.7289196553672963
388,4.01587137949652
389,49.93854350641859
390,5.162307132357395
391,165.21855229910318
392,6.43810810790473
393,3.946061319584273
394,302.33496362455213
395,212.23180392629968
396,3.0930759195492183
397,1.7719738781156684
398,6.483553279271253
399,172.78055370032882
400,241.6976541116264
401,1.6651657614254232
402,6.211230640842681
403,5.301431037734152
404,5.726695134728307
405,13.59879694959894
406,7.2022197688856275
407,-61.90696450600902
408,3.869808059216794
409,3.4428859298821415
410,3.933033939935732
411,2.5392744070203728
412,-21.112754830089735
413,332.9629989824246
414,5.877415504269546
415,40.5098174901991
416,3.2024100044212607
417,6.724218285268508
418,5.289120997760866
419,5.468015659794224
420,4.524004385664079
421,158.97547086517076
422,157.66157956977892
423,137.0483825146053
424,160.14330797845057
425,5.696641469394199
426,244.79814911825315
427,3.209278281282252
428,237.07404749866558
429,3.045188261316439
430,4.2809996723188775
431,268.3557676565674
432,162.52014016204143
433,8.791782222568049
434,6.000302771488693
435,51.61261835547816
436,258.00087798062157
437,194.6631692733569
438,171.97607128763937
439,5.81266020955991
440,257.6707285135895
441,202.92467280671192
442,128.41433120905805
443,315.68393525710877
444,5.455083985820674
445,6.187992320596868
446,67.93681120491607
447,1.371769055192652
448,6.2386028683519985
449,311.30955571469605
450,272.66651941268253
451,153.33177650779214
452,229.31889396091208
453,1.8692753445205441
454,4.05748687025835
455,135.09183507048897
456,3.3066500452548446
457,4.869183017827684
458,261.9268251669268
459,76.11152565371322
460,25.59826750689919
461,106.24345418905595
462,6.004037476244482
463,194.79140510454874
464,5.33010598564527
465,142.3414596008767
466,75.09795080181999
467,2.1993509760257828
468,5.242918327455831
469,27.405514592536655
470,28.707296491974986
471,1.7948431889987044
472,1.928740347047747
473,54.32945617952903
474,6.1000738903540315
475,98.792911065343
476,6.267760236625255
477,1.9429366130600974
478,4.477999291519326
479,216.0549411922985
480,4.284638481344708
481,6.3313282609670045
482,213.35114596970607
483,1.7402529423247055
484,205.38863154174393
485,118.66587283394858
486,4.518118002382154
487,2.611574203484977
488,200.7900511867308
489,2.5969735601993547
490,4.7497965112420015
491,6.375109098153349
492,3.920545355436321
493,3.9801795129620166
494,238.63808042481583
495,5.891314035436398
496,159.16747450277532
497,6.110701523950733
498,6.231797102908262
499,5.922060696239121
500,4.126888881409173
501,3.2871133741576464
502,314.1563736233317
503,130.45860671284953
504,26.5161858359335
505,1.8016511969577078
506,6.4638705921657325
507,331.3246136876014
508,73.479144886797
509,272.95017750934124
510,4.141417890447242
511,141.6760835267838
512,205.3583221478401
513,212.42315957789384
514,330.2153956094384
515,252.31348636852337
516,228.26912539073822
517,278.8257841705493
518,7.1053378848709166
519,32.85727292948194
520,310.7185555132158
521,1.53713140865846
522,4.015149861233029
523,205.04016138380155
524,4.508317824178674
525,168.5457713181499
526,5.653415677107147
527,5.04480596579746
528,4.348351217916173
529,6.367203899741332
530,250.3363818090414
531,101.12386837437182
532,3.8913005293298406
533,113.60229032294438
534,4.4276433770171675
535,7.0021592341004855
536,5.9385600050030725
537,1.698822407632109
538,4.978477933842469
539,267.54731962677613
540,286.3249917040078
541,237.78197166399957
542,60.92824976540834
543,97.274657027187
544,5.055707010767514
545,4.0915520099011555
546,3.989199345227939
547,2.0896205670216994
548,322.0112839486515
549,5.721764933557167
550,248.3913303261453
551,5.906278276797766
552,131.69834686796315
553,3.827135370743762
554,77.09049091701641
555,113.32944527384281
556,234.29718870264628
557,200.49062974317164
558,5.052077695391235
559,5.653606219790662
560,136.26115450371418
561,121.88313258066714
562,162.17294052399203
563,3.1171551510133995
564,43.399358579036914
565,169.0052729719288
566,2.5849433580371985
567,52.08628656816062
568,117.60217635590035
569,290.02246162809814
570,4.099799069429981
571,206.4699000847529
572,3.084250856853819
573,72.01514064264465
574,101.51439926937954
575,7.165806780425964
576,1.89751706583024
577,3.2927027178255694
578,172.03626670542906
579,7.946207806519804
580,279.1924753325437
581,59.677413585811834
582,81.01717237285993
583,5.372695129016898
584,3.154468370625755
585,152.68423007178257
586,4.834664424839041
587,210.0747579579895
588,3.0970847516873596
589,188.95338480633202
590,291.1498264727811
591,138.90259502074676
592,6.663097813225331
593,240.00866732621375
594,288.8990600279546
595,30.483239858034594
596,5.294445195655711
597,139.92033684902916
598,2.366754786416529
599,80.76642163546055
600,153.14859599799837
601,145.03303922858908
602,30.446050205943656
603,2.161030884521024
604,239.74393448067462
605,2.5738245209522983
606,2.793870568046511
607,6.869257271406886
608,51.89106851135917
609,274.95234857632533
610,35.15635745441443
611,66.8469355360381
612,2.27760102206016
613,1.2170642628408022
614,61.98517739466412
615,1.9058677569398386
616,165.66031657757912
617,-57.67253403448155
618,236.5895148099739
619,4.792757982954749
620,5.771987671596933
621,185.9814256833545
622,110.7611139960029
623,165.62169466476308
624,210.27086511596232
625,2.3555940079063884
626,2.113865438387296
627,69.389205157426
628,4.0552744536685985
629,222.23605285507978
630,4.482955095677802
631,2.3373714350342594
632,201.33597625917517
633,145.7636494695808
634,223.44691287508738
635,2.5139948756943786
636,113.24681790638087
637,109.16107770621946
638,6.898484599336074
639,34.36508402786006
640,115.45148924107772
641,6.7385224786491715
642,2.9995090084924687
643,284.4362947821273
644,3.2608627299327226
645,97.5407555256395
646,65.67153030472305
647,180.0704998736794
648,251.37630013417365
649,369.0383437828474
650,315.89418346667003
651,130.78229493813913
652,62.453044925195655
653,3.2564491998332805
654,182.7253370719692
655,12.041591496465056
656,212.10189732457388
657,156.44357255242926
658,281.39672618021444
659,1.913606117570778
660,127.78806868148385
661,4.103066029832563
662,131.6035303873254
663,3.4122294444995944
664,-34.08882741995877
665,91.1262850989016
666,145.40086193543107
667,222.51451216299938
668,338.9583404981225
669,141.31314716333327
670,214.49680690028745
671,122.76158559311367
672,89.42215884731515
673,4.240340700228145
674,5.035334830557136
675,5.774361863585567
676,5.195427479329333
677,35.23562560967603
678,203.17426512442455
679,4.756995229337161
680,2.9939857817726745
681,1.985206641456362
682,94.07260129870781
683,5.682491449233312
684,153.21324772311098
685,209.9321342503253
686,5.990043374217502
687,357.68855723501406
688,82.6900157379315
689,113.80117916976869
690,325.8706732797712
691,3.71385083868606
692,74.51179603885447
693,4.955930232739572
694,6.620352403890504
695,1.681146626092553
696,295.505583600461
697,1.1577009787458943
698,232.35096632272453
699,1.9830219780101546
700,241.9347160210909
701,3.583915766956194
702,4.477120526246257
703,58.27910222826376
704,84.46077881442778
705,155.09231988323108
706,231.88308111048403
707,173.83456351089808
708,60.56169460078587
709,84.33591094039004
710,208.90284812063726
711,251.8502428554567
712,6.685297272788095
713,38.053563341037574
714,6.883400315418274
715,245.2151280043297
716,2.797685639834994
717,76.47323864739215
718,345.1679187447333
719,190.14994058867495
720,4.467921959907313
721,149.0140352193106
722,2.567933021403496
723,6.197460613566452
724,2.4835050245865964
725,2.640022418776714
726,114.50893421782524
727,252.5897576119547
728,58.896568271755285
729,61.03781813301991
730,61.41087432741165
731,285.2015384450397
732,4.541204179347182
733,6.562533048000414
734,22.272919393943113
735,247.19893893448818
736,47.70567240062982
737,50.837844757024
738,130.18421354868812
739,309.8277764320031
740,147.39857951070664
741,31.39898423482934
742,265.2226140815248
743,141.08572363111347
744,1.767895024706133
745,282.7577035170469
746,179.9056989658611
747,3.672616540069022
748,63.72597545252788
749,59.366834084772776
750,207.1780638220005
751,72.86934610229639
752,229.60548309462789
753,2.0618361027487717
754,244.86116633546806
755,6.106337665946919
756,5.961605970111794
757,206.37231154701396
758,2.138792620508886
759,60.57281803646562
760,1.6681982085596836
761,216.14320386279803
762,5.194642020534399
763,2.002305865588439
764,67.51224962670885
765,4.574163458854058
766,24.73855850603661
767,1.1230764974316907
768,4.927349314537516
769,5.793701580588491
770,2.055201124421501
771,256.71061219108196
772,67.92446287935181
773,129.73495585404459
774,-7.761837423156859
775,60.77014141840698
776,4.322374336365205
777,226.97694408370447
778,-14.292541092171067
779,151.2721605378449
780,70.0456843046787
781,300.2067451056393
782,3.6195904974139728
783,47.16995836733888
784,2.8354519435410994
785,40.165576536522025
786,124.21336013543521
787,5.4500819843036545
788,1.8984101189679483
789,171.69959439802432
790,72.309321733817
791,1.3064074003557375
792,114.80997712306123
793,-59.091242368385096
794,320.61395697055144
795,-45.33551678103835
796,127.00255184900271
797,3.78817947996774
798,62.30020164440958
799,3.47978592357164
800,5.883445435056462
801,212.66941808220633
802,81.0715296244654
803,146.86739336547748
804,6.812567775001224
805,2.0228952120715356
806,173.6160746243814
807,2.7551854244808784
808,73.42743028049986
809,1.5552427041197416
810,46.03711858088839
811,245.17209225855032
812,102.32117996147602
813,294.3017978507044
814,5.8201395753377
815,4.699498570154708
816,6.960051446417074
817,3.0560375839610634
818,14.141136739086006
819,5.428388358283553
820,77.06463639576845
821,5.679047302407945
822,2.041370542668728
823,41.51208314049089
824,74.71953459519595
825,7.136251240781259
826,77.85866141977773
827,4.275043653528259
828,5.942370121061467
829,40.687457584661274
830,181.69409391165487
831,106.83295166541464
832,6.0674133541869875
833,257.91868861436217
834,194.18758903328668
835,139.51762877614735
836,2.1270307023886517
837,69.4004328366213
838,150.98073710966366
839,5.796346982923062
840,167.45069702653709
841,139.82008380838226
842,68.54806918143956
843,2.2966441284965926
844,3.4484484070054435
845,5.337500821895098
846,6.210050696299174
847,5.484396939728612
848,161.55381960820583
849,5.903685287420104
850,80.63055242669179
851,30.833572352504998
852,30.128206041144438
853,95.65435784870263
854,27.912739733113973
855,6.812210048317331
856,237.30285593258583
857,107.15626590966019
858,76.98504357681657
859,208.41353598033692
860,2.116229861717324
861,3.580898103680816
862,2.922646976077405
863,107.79153957888279
864,245.10419419650032
865,266.7009831192103
866,205.81266994256592
867,5.524559780753208
868,122.15960754040198
869,126.00082420373387
870,137.9691978519859
871,162.24092467055385
872,138.16866287070386
873,3.0728440443265264
874,76.34031302576402
875,6.368202527462703
876,111.8225649972725
877,43.07986076627872
878,107.3575060427681
879,5.22463385142717
880,6.8132854202970625
881,160.5466957470243
882,5.704575676773349
883,248.8117968151756
884,5.875169596686546
885,169.34973469787226
886,49.854471284650856
887,2.6373770357898003
888,2.084330637934562
889,234.90537433576003
890,4.0804577458830495
891,2.8989304091081753
892,57.91121173240543
893,4.889894846990768
894,-16.6447812993142
895,3.6463950517239825
896,218.3984228645453
897,2.5483120268695885
898,222.11079197063222
899,-55.3619172344518
900,239.30164193877707
901,3.8454044318097544
902,186.5714665609182
903,4.968871602721017
904,123.27682313841088
905,1.9781492882481866
906,1.2805290744190232
907,202.2359429902134
908,40.591039961506425
909,80.30828872817642
910,2.220709824863766
911,6.6847234949662075
912,255.86274533349496
913,164.16690618573082
914,297.86735648726267
915,93.98288588133951
916,142.19887329136597
917,-20.048660245688875
918,2.552613749619702
919,2.947851375036725
920,390.8804895050272
921,123.6751584267191
922,246.22141086842754
923,2.4708335141877393
924,103.19300542550269
925,183.20647398785727
926,50.55274682014253
927,55.401846356332804
928,5.136036091403859
929,76.7244378079469
930,35.06156241638664
931,216.8337733333537
932,181.68129110897615
933,5.355234373280071
934,2.1610868116294535
935,166.2565784744201
936,67.18898069496363
937,3.7916339336169385
938,4.664166820308395
939,105.69250524449448
940,1.5508601224751868
941,5.891118078472173
942,4.9340893392722975
943,107.67772240735844
944,3.62366938787792
945,2.002195375151824
946,66.50996872747413
947,28.77123430390438
948,59.188436701915876
949,244.33831471965595
950,340.7513585569095
951,13.943155684618837
952,-21.569966746248156
953,6.047376837657321
954,256.46808350059547
955,200.85859073461273
956,156.00631351410414
957,2.5856978347985375
958,2.9571255748306653
959,251.93158400302036
960,55.463086525589674
961,170.3213427082552
962,3.6597336007566525
963,6.407800118840509
964,5.0060160932179
965,6.395787845543641
966,3.9850650499612907
967,45.188313583735024
968,175.1815127733879
969,168.09139973036002
970,6.433391465304306
971,356.8035820757271
972,5.184706361091887
973,106.75547094101675
974,5.288273852915913
975,4.064919235152736
976,5.23497885581099
977,185.55690940235698
978,293.011051980426
979,1.8563422743908662
980,1.904306876496436
981,-4.685973401404667
982,67.90007685942821
983,300.92028268871184
984,312.3985832143968
985,260.45608495221177
986,107.0171616237141
987,2.8410795228690935
988,246.15251382314915
989,341.55551799933966
990,77.19826702291562
991,4.352537896486368
992,297.93008940418827
993,191.9954355857008
994,3.187777512864926
995,-6.16156974487701
996,34.655734258967
997,2.087612154814005
998,41.84867534669344
999,73.37969968838206
1000,4.780229665529526
1001,281.33265714080426
1002,170.29464671361032
1003,5.5630770548976685
1004,1.4056426568297316
1005,1.8133111081578337
1006,3.8640953807078717
1007,146.31360538422956
1008,1.8923063006848717
1009,6.453860706364296
1010,1.6383982055601605
1011,262.8605654190351
1012,17.23474335414217
1013,194.98834868368266
1014,63.555605270784255
1015,233.19149983660367
1016,6.522887754085838
1017,5.2617050164842825
1018,3.5596212242570484
1019,6.6812531100086066
1020,4.390173593142087
1021,135.4297814021441
1022,74.27666483603063
1023,179.32071230653716
1024,178.40483528651112
1025,5.2891245061968375
1026,3.8835386613024303
1027,4.522446604527679
1028,89.26147589831373
1029,3.7326370313246446
1030,34.33607790654571
1031,256.2857337992407
1032,3.119751373787228
1033,2.396164146872584
1034,234.64244209545745
1035,1.4515546339952803
1036,240.64398215543787
1037,6.784987066274012
1038,57.92308520639744
1039,3.5622988441567025
1040,-20.7002492945482
1041,3.3045336743153966
1042,4.421338484100419
1043,4.098544580839403
1044,334.09686481996107
1045,125.30711699137687
1046,38.85958030901652
1047,233.795935203641
1048,1.827119113490207
1049,2.8571200852071987
1050,5.865789822304955
1051,68.31900925224457
1052,166.8939111081856
1053,253.14161833336863
1054,6.344188607870916
1055,32.59498551596005
1056,23.723651558183988
1057,4.396156921512375
1058,2.821743663031798
1059,3.0478224065913744
1060,89.08993710175173
1061,3.4334693384332944
1062,5.691561790859188
1063,293.3717625249136
1064,226.3348210488083
1065,68.10185444391108
1066,255.35711206881473
1067,265.95337040373
1068,5.620600358835349
1069,4.244625455091484
1070,319.1908372482103
1071,171.8805659148152
1072,5.345111650133631
1073,3.9090888906051324
1074,6.274508093216468
1075,4.855173750503168
1076,289.08995383335457
1077,6.235902186329422
1078,134.25731043123187
1079,2.8534155947184647
1080,2.4531683061494487
1081,5.819333252370393
1082,4.117314355007866
1083,3.203261515522837
1084,6.169457221225331
1085,136.2260671772526
1086,211.08181130992233
1087,44.95321384354391
1088,260.7639268014092
1089,8.485569802898352
1090,147.1366276054303
1091,252.09869635148894
1092,5.856677923291649
1093,4.098118983214342
1094,6.639634547976314
1095,3.625025303874418
1096,2.59526887891771
1097,5.213829467916731
1098,86.4798052492592
1099,113.42131065562276
1100,5.630699902305567
1101,4.705500360457828
1102,6.087793434249317
1103,261.0839779038283
1104,4.740301872745719
1105,111.42886465108495
1106,5.013175398453813
1107,6.188745237880056
1108,12.123469037326794
1109,120.02100087202467
1110,91.59089595321798
1111,3.4500449597341554
1112,207.07086909692583
1113,2.663722682244598
1114,168.48503236230135
1115,50.7380242854028
1116,5.430059664005708
1117,278.6147656206308
1118,285.64289697649224
1119,4.38041156556809
1120,53.82832816676297
1121,-7.836372408023416
1122,243.89967346153605
1123,3.2855198700469956
1124,184.0873718541311
1125,2.6724730611212717
1126,70.63868850212091
1127,6.012245055264699
1128,-39.57838879158833
1129,155.1844940553422
1130,6.190680596414553
1131,40.16609561491918
1132,4.677074410226699
1133,-44.9364462720008
1134,171.04220787566715
1135,205.46106160550494
1136,-51.69017052943214
1137,4.188719069904508
1138,54.04407519794919
1139,102.9923004164815
1140,114.64560150722531
1141,214.00320391741596
1142,134.73668050694886
1143,8.94785032229358
1144,-54.05857290478737
1145,113.92702438057151
1146,43.96672518055067
1147,4.287966574455178
1148,97.64628179544621
1149,38.244301590317214
1150,3.9374588607715864
1151,1.3023575395849307
1152,3.6461705085319718
1153,4.294729869679414
1154,24.01684928376344
1155,176.59609323593176
1156,6.6061159719284355
1157,80.4680755916729
1158,202.64667018968137
1159,101.80628498846619
1160,87.0757190616747
1161,1.724148893934051
1162,5.4811292172282995
1163,5.540738850029954
1164,4.8402382807122795
1165,211.96739304999886
1166,51.7870836055908
1167,-4.995072914238725
1168,4.8694821565107995
1169,163.05986197454936
1170,4.788478948108159
1171,4.366631722031656
1172,-36.14116480654549
1173,3.880124127110193
1174,184.026954665567
1175,-52.60810086142075
1176,248.87246730394367
1177,2.265296124209998
1178,147.23363507042407
1179,2.3944292284179776
1180,2.7932544874638916
1181,2.474272417813212
1182,142.84367286192636
1183,7.45714708898447
1184,3.8356697992313338
1185,277.2222153197473
1186,126.50555715195213
1187,4.149497586057164
1188,3.1883779969616555
1189,130.55248504322444
1190,3.5006192511237155
1191,3.215492482492013
1192,4.89731331047737
1193,160.03327302010936
1194,5.477033752472506
1195,2.1174635182377033
1196,262.32659452478026
1197,84.73961904349824
1198,3.1846454742069437
1199,266.58282604415155
1200,62.48281640777452
1201,200.1307883384265
1202,68.49011049985472
1203,3.4456625593507173
1204,165.99366155904823
1205,1.851706111817369
1206,160.8751594402345
1207,128.97055003707953
1208,220.19773936534548
1209,245.05853193248078
1210,211.70334547684877
1211,210.98966902995983
1212,6.1522308020231415
1213,4.076891687647733
1214,207.23594990664054
1215,114.1252377356743
1216,230.93599891745203
1217,178.85746767128308
1218,-34.94400899550031
1219,6.1440864840149585
1220,5.748841657697866
1221,252.22595850381225
1222,6.189446016248263
1223,2.7527877995254633
1224,2.7677028786677647
1225,121.69105819077029
1226,1.3728116247117
1227,4.631282712807504
1228,2.5901476863594675
1229,41.20046410477138
1230,114.49340652144653
1231,234.87914526176405
1232,1.8519882920350605
1233,-25.2604526123013
1234,3.3403400549604805
1235,12.657778377523005
1236,260.7248537958622
1237,4.028252165724756
1238,2.450978967624414
1239,1.3144366007359105
1240,45.34654611211702
1241,2.1118626554667137
1242,4.176435783196653
1243,5.093651210342912
1244,158.88181679099236
1245,4.009711267610331
1246,244.7083870627198
1247,5.6505070403158495
1248,124.49587291649874
1249,148.1881578555238
1250,7.49436876048955
1251,48.84985745661882
1252,5.7330427649635025
1253,4.185193351790567
1254,4.1348661722306055
1255,44.7889060234429
1256,83.25942986043262
1257,129.6421378059531
1258,265.11480634847544
1259,52.5764567930476
1260,266.856161855672
1261,5.868440475844472
1262,5.454865089687012
1263,176.7726208764459
1264,2.196656537499766
1265,65.65260232020347
1266,121.91810838839672
1267,2.2008895633851298
1268,6.42743421480947
1269,268.1162819818391
1270,-61.88846160183314
1271,234.3806481256709
1272,50.5527451009156
1273,20.173194657210505
1274,192.80136967416465
1275,193.1756562047562
1276,41.25587914910924
1277,4.277848144934252
1278,1.8404373924518511
1279,3.8776716606711603
1280,-61.73762871044415
1281,3.5642489391923786
1282,81.64107286872412
1283,171.50386707307925
1284,2.883554504669828
1285,-47.46348709723499
1286,2.748897109305476
1287,48.90733425895587
1288,132.78903037212876
1289,4.190604697961972
1290,206.84471023766235
1291,3.233868331045736
1292,48.49322802303081
1293,111.77367152444504
1294,259.31361006855093
1295,166.86402041708743
1296,6.334409197042722
1297,59.00882138128303
1298,-6.76279074519453
1299,5.582665912615699
1300,173.55893310134175
1301,240.32138144362204
1302,220.2656204913468
1303,6.0636981451752305
1304,3.568937599596446
1305,5.13339362246452
1306,61.226165274815344
1307,133.98621529075422
1308,1.8903847681535138
1309,5.174864690826057
1310,334.5437313501409
1311,2.7048339317314682
1312,6.650080865063417
1313,36.427791460577254
1314,166.8874760858339
1315,158.95502521060195
1316,262.7793980098486
1317,67.39485733581647
1318,2.041991050871089
1319,202.5706631541193
1320,238.84385216382896
1321,27.129967010010155
1322,51.13508926019115
1323,249.58937234957398
1324,245.95184755044124
1325,45.619727480660465
1326,60.00894831914233
1327,252.28779337607983
1328,3.5345805450585943
1329,6.076280194371568
1330,123.68202625270187
1331,-11.724262908947276
1332,307.4187411062586
1333,1.3766910135433157
1334,334.5811687186598
1335,1.8586685863553172
1336,103.50427518527557
1337,24.232335559526135
1338,238.61415604043634
1339,6.4998498974207655
1340,192.6844904437491
1341,237.90778555489254
1342,179.49830098218936
1343,47.90225536828414
1344,138.11458280789435
1345,2.927178008037857
1346,49.274091713263445
1347,92.77637252122477
1348,2.610879820843403
1349,226.22508435153964
1350,45.008186686878275
1351,227.21253261670773
1352,2.599245194974413
1353,13.956863580686417
1354,4.819908457206646
1355,6.052068562637038
1356,3.6175942025856447
1357,7.2158291488614985
1358,6.687025329329664
1359,1.662493524353707
1360,298.09462397923676
1361,4.410738361587014
1362,6.361500187102729
1363,72.60678445589134
1364,3.3412191489788117
1365,5.8666790039044505
1366,6.557278497802163
1367,5.858806848667808
1368,1.1805217340177059
1369,184.9079981231628
1370,278.4321417441405
1371,224.31432847322725
1372,31.119301508793246
1373,3.833046484742762
1374,175.73702996670545
1375,173.56883066510213
1376,5.4442874374862065
1377,4.876921500021892
1378,115.02402598570427
1379,92.22084582168321
1380,97.5000531702432
1381,234.05547299200828
1382,82.31880393575796
1383,64.02900448655177
1384,-6.918939296886885
1385,167.70368558521002
1386,2.5127354818417276
1387,69.39829556699422
1388,1.644355098749799
1389,218.63512840456912
1390,172.59090207118473
1391,92.46713515623829
1392,51.35735095835618
1393,272.80380594436355
1394,-8.919006331667244
1395,40.780502646087015
1396,179.94753760120358
1397,5.426813996681063
1398,204.59360653564906
1399,1.6195353807843949
1400,85.85069827457367
1401,318.9589452773887
1402,53.204437238133195
1403,280.935737685528
1404,88.42220835451178
1405,125.17150386523079
1406,1.9819855069355283
1407,131.33554373021016
1408,7.546400938636132
1409,3.3988408170172533
1410,250.4427533471375
1411,236.09101380695182
1412,-30.80564037104656
1413,125.66862431190532
1414,254.58919458457842
1415,2.01461904631964
1416,2.5147297871832253
1417,4.348721931097359
1418,306.6136822075381
1419,157.24376282954537
1420,4.648055408104021
1421,39.72761581123651
1422,6.637486372285134
1423,3.2755078042590635
1424,5.476403294679194
1425,2.437455835178791
1426,-19.3373890173469
1427,3.5837826343237924
1428,4.560002240807691
1429,4.342860293431101
1430,3.815742674212291
1431,6.360004421557646
1432,178.35270918799102
1433,2.839969701768116
1434,5.638259341462295
1435,4.743419093639408
1436,-44.38668728368049
1437,173.71850903819623
1438,117.64259370098871
1439,6.377155379888397
1440,2.6518623647871755
1441,114.22289745913288
1442,179.76276232977156
1443,52.12967987825516
1444,6.038155055327849
1445,60.38668026916014
1446,272.0219044769993
1447,245.22499546156286
1448,-43.17248433525647
1449,5.871844600433131
1450,274.3016856011505
1451,146.15383208862568
1452,5.049123546988022
1453,5.447493225873313
1454,188.19219478330118
1455,73.10120545567196
1456,-5.661827283715129
1457,7.887125538454851
1458,4.821591965683986
1459,296.0484479728869
1460,331.78718257320145
1461,178.6622271437634
1462,-4.84266061328783
1463,72.35397901862478
1464,5.8201395753377
1465,3.194241126228492
1466,235.3326339766656
1467,5.726388746658003
1468,5.588242534792691
1469,26.346183811889265
1470,3.7774497141823766
1471,50.26075292351333
1472,6.723529799513322
1473,2.3012981545686113
1474,248.26766749090538
1475,93.6329066054673
1476,6.696778560841121
1477,2.719492086930852
1478,102.78384641289617
1479,5.1056592369933655
1480,123.24532913514598
1481,5.727870512787925
1482,167.52594402413445
1483,6.269388773887613
1484,241.55702984194863
1485,171.5579497926583
1486,7.401319782646971
1487,3.5234097602033643
1488,57.3501228842495
1489,-14.938179548649023
1490,101.23975777062702
1491,3.531886543448136
1492,2.055196257979273
1493,7.084856643339178
1494,5.31775949737632
1495,30.371792640428087
1496,7.487972011411168
1497,68.40832906095538
1498,6.060413130792177
1499,85.96532179989923
1500,7.289423068113834
1501,5.823087615096492
1502,100.5400321487248
1503,5.72174805169112
1504,2.123079419196613
1505,4.549213996780689
1506,195.47165811830325
1507,43.59314952036167
1508,96.61855199528941
1509,61.79578360352309
1510,3.2267182552929587
1511,4.0194219701140055
1512,64.39157328383354
1513,5.16064163851488
1514,258.52224294830603
1515,55.31065803896341
1516,2.866895921786371
1517,345.57453814067867
1518,4.424956001144379
1519,255.02525148726488
1520,5.1500829347330175
1521,44.1977995429225
1522,5.000208832242938
1523,2.9407305749917483
1524,131.68638153739144
1525,-38.43721285668141
1526,2.3770614760427837
1527,5.856738638856077
1528,3.6915008264985394
1529,214.70853140249108
1530,272.1645834446153
1531,3.424234531563185
1532,5.70298888877002
1533,3.391731226726521
1534,-11.471167996457403
1535,76.73855364387161
1536,5.986375543683304
1537,2.656526518818705
1538,297.1567556481059
1539,168.2202934932004
1540,2.167670285608927
1541,137.6974961199969
1542,3.2609709194916308
1543,17.371640871101874
1544,7.6746588579999955
1545,3.492256736696846
1546,5.6083098509697535
1547,-23.80681055892899
1548,210.30154996919572
1549,44.41850222828012
1550,3.7570453880502783
1551,2.3357824459935324
1552,238.30519876375348
1553,6.296080262538926
1554,270.79074559434605
1555,131.54191027309875
1556,4.253058320228186
1557,12.452633989199413
1558,3.694484632418129
1559,240.38378397451038
1560,167.92893264135864
1561,196.9027132553948
1562,241.52435517040675
1563,113.07134594685894
1564,3.3129802372529933
1565,95.62025913430648
1566,3.565407020108952
1567,11.381351518665113
1568,104.25284861258011
1569,12.794987539700443
1570,289.5543088347106
1571,3.3918546169913495
1572,83.25129078841692
1573,2.038868807705747
1574,4.136400543562683
1575,5.914446403840865
1576,4.238552285783298
1577,5.656270565381881
1578,88.94303529018113
1579,5.283094488610004
1580,189.92396078830126
1581,240.43427139053182
1582,6.759424122723975
1583,290.1245865938461
1584,301.56994018033396
1585,6.214775309920421
1586,4.919695168945614
1587,67.69502549945958
1588,282.28456080755336
1589,6.985678186238204
1590,5.972520403224507
1591,158.89709283460633
1592,7.161314746887246
1593,125.42826520615927
1594,149.42247369936814
1595,129.64465469679578
1596,5.878816619856806
1597,65.44790194928144
1598,6.336847665329075
1599,3.962910397102016
1600,4.506327245107858
1601,2.382726513373756
1602,5.965584420971199
1603,256.59807989329454
1604,51.147565615059406
1605,119.71167438473105
1606,263.7967967150157
1607,40.25581026035373
1608,3.4891976986161137
1609,6.716662592842871
1610,3.9506571571434588
1611,189.25565947718235
1612,87.23059099533344
1613,2.6840776777695847
1614,274.96574937817826
1615,5.952376814888131
1616,4.069617475212459
1617,187.2798721165334
1618,223.8985298315796
1619,11.57107206822782
1620,90.32188089581825
1621,2.7420012960285636
1622,2.763249866667635
1623,2.785222314736485
1624,243.8776912298277
1625,78.66773999333869
1626,1.68388859160687
1627,51.87002064502319
1628,3.422830177969227
1629,201.24436409322664
1630,95.34623207555683
1631,2.996294178870537
1632,286.12876863173767
1633,5.030238283942807
1634,-0.44940427589446763
1635,3.6290830811246093
1636,4.853177576164459
1637,6.461603169939952
1638,203.99009876740854
1639,62.754521511169656
1640,4.343960810197951
1641,319.3876302928622
1642,145.99594261068617
1643,200.1420635318828
1644,123.38098682095091
1645,178.8898294042428
1646,6.378019774352197
1647,6.449000922944617
1648,27.063416952637763
1649,4.4768082248709735
1650,96.53073078226006
1651,6.669558630723678
1652,6.786707707348109
1653,225.818878917413
1654,6.566431329304522
1655,309.5285690231177
1656,58.028465697966936
1657,1.3508639518226588
1658,282.76636827115755
1659,2.2315547240397033
1660,1.961919286558194
1661,6.825847795216761
1662,209.14223291006022
1663,5.86848192560748
1664,137.9757497262863
1665,1.147521256619144
1666,60.562908347361734
1667,-57.022268188790875
1668,247.98941555271801
1669,53.26151132778473
1670,2.010083792978861
1671,2.340777260975865
1672,5.355252558664246
1673,4.487019479370982
1674,150.53091275870088
1675,2.1814527310665235
1676,-52.81630039466057
1677,33.913320001905426
1678,1.7042103039856937
1679,226.9140807109257
1680,95.4629456710839
1681,1.556785794509436
1682,3.1953609558885554
1683,79.4711111481247
1684,17.182476869230833
1685,6.666246405502046
1686,139.92888052686646
1687,7.455194935922128
1688,184.64867245961278
1689,278.5663599365742
1690,3.144010712718436
1691,3.73036863393548
1692,4.213813977740347
1693,2.525974998286287
1694,82.00500087176766
1695,211.56420512014068
1696,131.5973666438388
1697,2.4541774262771927
1698,220.99917746671338
1699,186.5962660444464
1700,117.16819589275818
1701,261.92449707095744
1702,-76.61044908903746
1703,5.944037600102744
1704,5.698239964008772
1705,3.002831502682817
1706,111.56822220216978
1707,5.292459263964749
1708,73.58614567234773
1709,155.29277504260574
1710,6.294162927872685
1711,73.49176313230265
1712,1.8873915138392876
1713,5.871513022228869
1714,-61.43502733990654
1715,5.059757415512281
1716,2.5071995461506784
1717,24.953776183722674
1718,123.94298892413951
1719,28.77035583977314
1720,6.264344235844142
1721,240.97950569749258
1722,3.5421100057270554
1723,164.06317429156547
1724,137.81139294840932
1725,3.7038686162987577
1726,4.100907750578542
1727,252.40108147362926
1728,4.117346716785301
1729,3.598613749889279
1730,42.57076681552608
1731,215.982788337126
1732,4.755594313833295
1733,361.0969921121159
1734,266.112957054423
1735,183.61640471695904
1736,3.315022101095833
1737,303.483691632949
1738,289.1618589575823
1739,205.650937807294
1740,82.71259066240401
1741,118.2708548348065
1742,244.39162223423125
1743,5.263152262451169
1744,120.13595875526515
1745,60.05076861794455
1746,3.5448879459792213
1747,7.591731011519991
1748,196.4276634486063
1749,3.604259548476423
1750,108.91757825995282
1751,42.62895325328336
1752,7.04070893498891
1753,6.019956466851062
1754,274.1115468385519
1755,222.9404860760916
1756,1.9064572078338635
1757,211.74123288545525
1758,326.6752196804866
1759,4.440634479167767
1760,283.67959008893274
1761,248.41819542854006
1762,22.659947844064995
1763,44.604550637976196
1764,25.073479980465446
1765,4.79387872145608
1766,229.74937428812507
1767,187.65363169111566
1768,5.943198515487328
1769,84.11750908806562
1770,76.13198724466322
1771,2.704926291863698
1772,222.8806437580618
1773,265.00242681251467
1774,6.663891610492858
1775,277.886819279516
1776,2.815608092568377
1777,14.06135680764839
1778,4.776319927321941
1779,-23.31124407579725
1780,112.27585041048488
1781,5.723602724347225
1782,187.75459539081749
1783,234.05835534625197
1784,4.101182642796452
1785,44.679896504727324
1786,2.7497517507243656
1787,74.68279143070819
1788,5.170202971785008
1789,2.5902521648026267
1790,38.693947044549894
1791,3.9845146925716657
1792,2.7641774257091143
1793,2.047266688955844
1794,172.44435779529758
1795,189.60715370276685
1796,263.81683366878246
1797,142.35078981564115
1798,6.561041574560387
1799,210.7514385954766
1800,132.21853509532434
1801,5.077929336430295
1802,2.317585218604027
1803,134.08558986266695
1804,4.080654951794493
1805,179.94069060426096
1806,5.609978842522812
1807,293.9290742548915
1808,163.29429064461908
1809,60.74808797238741
1810,4.347096347354165
1811,2.7890821826657795
1812,33.91753486135049
1813,3.590341164228313
1814,164.09730115771913
1815,255.96664884360638
1816,5.408830256201098
1817,112.17115774413456
1818,70.9144748623156
1819,231.72659665453028
1820,6.21905605116187
1821,3.115087481350424
1822,268.73293963894577
1823,14.244829316968552
1824,73.04492896480684
1825,2.2743397225318005
1826,6.034080676072992
1827,4.489750754366926
1828,2.1106211082185795
1829,207.7427234940065
1830,235.85483165321585
1831,6.765444602151167
1832,34.568250161726
1833,3.2014956379309236
1834,4.104815241975706
1835,107.23757474043008
1836,6.328353455575785
1837,6.088193078624694
1838,5.86848196423028
1839,122.08366839674677
1840,-9.156733280587673
1841,-92.96679699782995
1842,249.1281922991372
1843,179.89344807667769
1844,254.58919458457842
1845,170.46472142688566
1846,48.744708299682785
1847,260.8268633062869
1848,113.70781415494324
1849,3.5993499278366103
1850,5.671715726892357
1851,-79.05241479580141
1852,6.511159992463783
1853,81.70842364268466
1854,73.75672820197424
1855,5.433462008686667
1856,186.19215928870187
1857,2.6578056461929527
1858,5.036074347766005
1859,6.346117206595221
1860,5.977064822910376
1861,149.9095810742123
1862,6.260691005711305
1863,77.00599161180136
1864,63.611734860517885
1865,215.1980235136423
1866,136.17893727081366
1867,99.87106752585969
1868,264.4428004196667
1869,151.8952637461545
1870,3.5170580673973566
1871,225.21480879381411
1872,42.492753932630116
1873,2.944908414448417
1874,22.91524033671975
1875,97.89739965809784
1876,2.99961283625003
1877,2.525075191163185
1878,60.10171221670163
1879,72.13142734733245
1880,255.35568928682315
1881,5.76829636572346
1882,105.58184232333744
1883,6.236851222640896
1884,88.14423523643444
1885,301.7351100178276
1886,274.4053515895588
1887,3.3839928963637886
1888,197.87939978535704
1889,237.7357187058875
1890,2.5427886224204457
1891,244.12206055518016
1892,221.02863192189244
1893,4.308498994125126
1894,2.055818123572878
1895,17.655399214704815
1896,5.811519253121739
1897,70.15227271159135
1898,-40.69354919551631
1899,3.070721588155662
1900,5.845503028735141
1901,268.66198106567964
1902,224.1729020846169
1903,-65.95445345324534
1904,86.55195304402928
1905,63.27524379631832
1906,179.79432698084247
1907,6.723960301103732
1908,6.005766378325051
1909,122.33438239321842
1910,5.6604943145320465
1911,4.9930763178453414
1912,3.8545350515347723
1913,78.29631840035863
1914,-17.316690373107534
1915,7.510599963772925
1916,1.4192947307917576
1917,3.040428291501427
1918,160.52107122172055
1919,4.752601033631609
1920,4.7473157423712316
1921,75.41234070665669
1922,3.2589709993065936
1923,6.713905211669438
1924,2.7362681080433333
1925,4.100862748373768
1926,85.14765299626173
1927,154.1529773404443
1928,4.213018511032012
1929,47.169960430411194
1930,2.830919632972779
1931,5.974947331477368
1932,4.787987058731912
1933,2.911607326279898
1934,252.3057708750006
1935,6.178732792075669
1936,4.956697573117792
1937,35.42692729029241
1938,-17.40465141140291
1939,2.686405189255146
1940,265.6765487461249
1941,3.503280615985531
1942,210.5802397160654
1943,3.7847816715972673
1944,230.9446202453675
1945,305.71633570239607
1946,5.814916119564735
1947,103.6321457131302
1948,5.420985090513701
1949,0.9000135185203826
1950,32.46418034289802
1951,2.528866528483996
1952,48.2742691348089
1953,382.84248902395484
1954,2.5965899787986517
1955,110.18155260591529
1956,2.0229299229623194
1957,124.40975325673169
1958,4.020900961180725
1959,173.0702355396129
1960,65.81985728313674
1961,1.0657224531643235
1962,4.153699377899934
1963,3.463239495998287
1964,4.933616203967861
1965,99.39604634043212
1966,3.3304453208289013
1967,4.840371618882929
1968,266.3796389425132
1969,82.34411628580214
1970,5.639329392182976
1971,2.0738741796920253
1972,102.78891319863054
1973,-13.183812895990394
1974,2.6829407981615323
1975,2.873673246891341
1976,317.124745271325
1977,1.683266699435219
1978,214.61790120305602
1979,105.19559516068891
1980,270.1073411858983
1981,164.73774981108681
1982,124.95853683414785
1983,88.41406867062392
1984,8.1434320658509
1985,4.523829798153615
1986,3.9338022479765486
1987,6.248291984061171
1988,1.3423707051925717
1989,6.074031381867821
1990,4.670540533332643
1991,32.90946787556144
1992,4.03588454818241
1993,17.778861398439506
1994,2.063312445117299
1995,109.70256080977933
1996,3.7899576226372202
1997,2.7272368138783776
1998,5.292429460447534
1999,302.60266937629524
2000,5.866679042527251
2001,272.22230438071983
2002,-39.15672816665429
2003,6.724218246645707
2004,330.6746947739857
2005,61.343451951205395
2006,4.80386634693174
2007,46.061256675345625
2008,232.410818315979
2009,136.26986740986064
2010,272.3918956826403
2011,6.175810493196311
2012,176.96125747558253
2013,-16.34536269139328
2014,276.4782054507851
2015,201.38964655814272
2016,45.097599358625764
2017,2.8717286921593503
2018,42.722953844189405
2019,69.52415087243273
2020,6.7461703443866625
2021,4.374485856149938
2022,188.87540213203948
2023,90.18970537515679
2024,2.899831704865276
2025,4.101254149056286
2026,87.96126471548082
2027,5.847042305705008
2028,6.27068162597646
2029,39.9058407626284
2030,299.71644231123037
2031,83.14167185085773
2032,288.69550755235093
2033,229.3082839391702
2034,2.6435090816308127
2035,58.59623748251029
2036,193.30156289080105
2037,4.86761534660344
2038,3.0506698855491563
2039,3.007522212242152
2040,127.73791009699389
2041,242.201763889085
2042,4.221386461479793
2043,177.76825246393747
2044,2.6609674350697388
2045,93.53078835619087
2046,283.207461175988
2047,5.362909038304216
2048,-36.62776842751009
2049,1.681050815144107
2050,346.14756913421945
2051,3.756720424515418
2052,3.438962373420407
2053,238.89264046198474
2054,4.452567037304233
2055,3.84781018666299
2056,-40.64917896166334
2057,193.67892996300614
2058,-1.5619878576464354
2059,5.123523096549084
2060,27.059184983223133
2061,2.2580464303201397
2062,192.02829826921806
2063,3.5588036521329642
2064,3.5576113493481074
2065,3.62609530808264
2066,1.9427334812668386
2067,6.259688712664812
2068,3.359872124748582
2069,1.62378966808093
2070,272.1734795765637
2071,282.28456080755336
2072,4.534282441171768
2073,199.23421032750832
2074,362.6760033829813
2075,249.78172440839595
2076,3.420346183440197
2077,2.826464887648715
2078,4.185203087897163
2079,4.0842002517531295
2080,2.6648733737883843
2081,3.2222104777978062
2082,5.24257487822745
2083,30.10176937869121
2084,2.793012965915068
2085,4.833731587545063
2086,123.14102149844865
2087,92.26158747988082
2088,22.830593279700594
2089,77.20218160536166
2090,251.7014378303653
2091,175.09023778547632
2092,-87.23551077889391
2093,4.973374549243958
2094,3.375728556011528
2095,91.68263157645642
2096,54.04818965825941
2097,110.89603767487154
2098,5.802441317375169
2099,-18.61182361486643
2100,15.297368443412665
2101,5.751992827076725
2102,6.6173079283029175
2103,91.51868393372715
2104,63.05756294973882
2105,49.25850812573688
2106,305.22523561894127
2107,7.255068485445894
2108,6.909199534082186
2109,5.849379084583876
2110,242.13458713027947
2111,3.457045292805844
2112,41.17100325325442
2113,83.16399481714073
2114,2.4227949966739333
2115,45.35733503863865
2116,3.6531300213109263
2117,3.601179175203626
2118,3.5727735270098395
2119,123.52683447801667
2120,4.293663340928273
2121,184.8963134533441
2122,223.21764754097882
2123,2.864837931218979
2124,1.6360341918809913
2125,4.432548758416754
2126,6.057873171546334
2127,53.265799965907966
2128,203.23002976443365
2129,1.8184067093628498
2130,2.472547372473006
2131,5.42482870926779
2132,6.0270836852151835
2133,221.1558956894077
2134,64.11585057161318
2135,224.3282897863847
2136,28.645481593325087
2137,230.43407263325486
2138,3.361854605603658
2139,61.162691861678255
2140,49.44776822159799
2141,51.59177162912715
2142,5.63012683429446
2143,16.588284380893644
2144,151.34866665830353
2145,44.44984271815991
2146,4.21254767992868
2147,4.092003067700439
2148,72.69638294709142
2149,-59.86738701686767
2150,15.65248470916591
2151,67.51839636661879
2152,4.884549211903488
2153,3.224268855320453
2154,1.8430822490543506
2155,2.3155230092087957
2156,5.86848192560748
2157,126.00187968527572
2158,3.947163249040327
2159,323.072491846141
2160,223.57278289972913
2161,291.384768016744
2162,1.8671526331171762
2163,301.85962998154287
2164,6.422560181886246
2165,3.1022995766716424
2166,2.4107967359919007
2167,33.12108237819471
2168,300.56915790823984
2169,2.2314741752787266
2170,2.491486593791028
2171,143.3398468976489
2172,5.479179718189243
2173,258.2103072482116
2174,253.52832288354682
2175,1.4434548192721455
2176,4.756467559072111
2177,-30.344697501268556
2178,4.24226952256908
2179,72.59608717375795
2180,273.9749536910007
2181,2.479441705432002
2182,178.9547784418338
2183,168.38134085561353
2184,5.87184456181033
2185,2.4826849990187747
2186,2.7610688160644195
2187,4.4484794416463895
2188,248.9369449036049
2189,249.60467478605082
2190,75.92578028138941
2191,2.60275192860702
2192,2.9430094048585853
2193,117.69791093449102
2194,3.1682990066873145
2195,4.88602289985414
2196,6.412803214707328
2197,1.9635294888853223
2198,4.363229114154461
2199,3.2133250362030266
2200,1.7466985285730707
2201,4.122421031442863
2202,90.06935952260085
2203,2.692448934122949
2204,2.0257553252255542
2205,100.77890111944289
2206,5.230177512296018
2207,172.5693436292676
2208,4.666289698992788
2209,12.527528282184232
2210,238.53466793093412
2211,1.7275675742310215
2212,4.5743208575667165
2213,6.499407451700899
2214,73.50457987048006
2215,62.913486851899165
2216,92.99534008769261
2217,4.624264291922883
2218,48.14740143103328
2219,2.73485545518586
2220,5.578011989115274
2221,3.4392356247622855
2222,-29.655033409711926
2223,206.35677809025776
2224,-62.8942935226838
2225,177.5991992562359
2226,-21.25995451401618
2227,60.802474983567365
2228,134.02523755034176
2229,153.64676215476663
2230,3.130350902993569
2231,5.4817232047455775
2232,4.325652103361484
2233,257.5002639818192
2234,214.1181514848097
2235,225.02795017710412
2236,3.1864741799888474
2237,4.228216195742412
2238,247.74451695777003
2239,98.60230858780785
2240,241.95067821666942
2241,2.4243249566290546
2242,227.72095334113013
2243,6.108045621329288
2244,98.22822705129244
2245,231.61522585129475
2246,113.61700639556081
2247,246.30656623587913
2248,6.161543492667843
2249,300.5748090795067
2250,139.670879205829
2251,5.0168468276262645
2252,259.2696869659643
2253,6.13855764900267
2254,172.457840670379
2255,-92.9974951644828
2256,47.03157937441685
2257,1.8810558263657942
2258,2.9457837750359497
2259,78.90065154983947
2260,6.307381164080796
2261,84.80238124757041
2262,1.9930167460335897
2263,83.34745637662907
2264,-3.486704920368045
2265,54.902490045159226
2266,2.337858390817407
2267,2.9252130829733822
2268,5.390433031830218
2269,3.847497465135202
2270,8.499116370306092
2271,174.03502245001033
2272,47.061422250549214
2273,3.3674764127568384
2274,6.01469798003262
2275,6.842676408192805
2276,4.476666216110159
2277,2.780000695890318
2278,1.473614928983637
2279,5.988119171880607
2280,2.862501869174694
2281,201.48717455975026
2282,2.4267097084615377
2283,3.849094183769499
2284,233.7829108724199
2285,3.1404023749742844
2286,-12.434914905883694
2287,5.69647531213773
2288,2.870938458860818
2289,5.902241320454871
2290,-16.46388729159885
2291,53.796813004658226
2292,4.585465663034165
2293,1.9819747937768388
2294,15.160430480715476
2295,3.0034867491208486
2296,4.9474739753160275
2297,142.79682746012904
2298,-34.56089805000105
2299,91.32723891284198
2300,3.6715527805282036
2301,5.349175586624049
2302,-91.96326884328246
2303,157.67294782288428
2304,5.879419042511387
2305,60.277876268884484
2306,265.31143444360924
2307,31.18280105953525
2308,61.37392638047149
2309,5.859229718377016
2310,171.97607266302091
2311,-53.05716401567518
2312,71.50079542958233
2313,3.9462267007358567
2314,4.721571011101768
2315,231.53276636855963
2316,6.712812627222674
2317,3.665268294453942
2318,233.1255230876926
2319,6.430734711024716
2320,96.23183773001733
2321,3.3939694375237677
2322,242.2873087680693
2323,168.93198627724084
2324,2.0105580442290494
2325,30.977565123079454
2326,3.3002995944022766
2327,115.99625847526836
2328,3.8158498510963614
2329,338.27125179433904
2330,177.06608248344648
2331,1.6685168337271838
2332,275.36201174083243
2333,0.12433588574240817
2334,2.5918558357077957
2335,5.333334013258343
2336,58.149516460905005
2337,144.92369179972476
2338,180.6127991915832
2339,29.745153168170336
2340,45.18642825895779
2341,140.45641674409913
2342,2.3972751147177145
2343,6.143496797876249
2344,251.46497714073988
2345,5.964088185956203
2346,96.01653041195354
2347,123.13886157619883
2348,1.8531767926329845
2349,270.62211231962345
2350,42.83862931659303
2351,4.956787979370158
2352,4.956589070966766
2353,1.792677238723404
2354,-14.310277058852602
2355,141.6897609722485
2356,3.8695651468584145
2357,104.2004630954387
2358,6.284784589999682
2359,6.787171146337556
2360,4.393531583109643
2361,5.658864347585581
2362,249.90959192125493
2363,4.272839364117785
2364,228.01177766197463
2365,94.01114956233451
2366,47.53015002320129
2367,41.534031596252106
2368,-60.16541805002383
2369,4.556640159027091
2370,234.36217800654168
2371,28.765995510745597
2372,71.05343133766736
2373,1.9784146857764082
2374,-56.503066937436756
2375,2.0368027143964635
2376,131.119184563655
2377,104.47338166982311
2378,5.332638069686892
2379,6.185230358404984
2380,38.944983367745664
2381,140.8009752261345
2382,167.75995928115515
2383,51.14811961616923
2384,3.2425835630052675
2385,248.56150065195513
2386,5.820139536714899
2387,20.529766433367662
2388,257.31711074933094
2389,84.6585593886376
2390,2.004779749448982
2391,108.50624491745204
2392,26.703021757480236
2393,62.63364573997002
2394,138.48853905857476
2395,6.101422553809428
2396,2.6145763789478935
2397,296.0373053427817
2398,286.2284318939159
2399,4.43235800550979
2400,186.19449046807236
2401,68.17246740040648
2402,226.74507519323151
2403,6.389371819026389
2404,2.0138622778193995
2405,5.143315825287685
2406,2.688468303587956
2407,88.29503759676226
2408,262.107252470361
2409,210.17287536447637
2410,4.153259748969973
2411,6.538449875709502
2412,303.6606821168824
2413,-13.949074184625333
2414,3.875954435795064
2415,65.89888255471001
2416,255.5400115001683
2417,29.918459665323077
2418,3.110066800038842
2419,4.184690331105337
2420,1.8486095379333805
2421,4.134862146989421
2422,233.20582920063168
2423,2.4706417607748987
2424,174.79989803709432
2425,6.182213460577023
2426,-7.911016680453621
2427,167.41290992135097
2428,28.424739782390446
2429,3.397482294104753
2430,5.889205543161095
2431,3.3299507673335658
2432,317.135244397557
2433,259.2004535655231
2434,4.489097497387094
2435,57.278058336075816
2436,227.9438912417965
2437,-75.46793576816557
2438,5.98505607075956
2439,7.207169949225494
2440,178.26840934485432
2441,6.342251437064675
2442,5.958946636302012
2443,4.860972566708529
2444,-70.18205098858343
2445,6.582098075890098
2446,5.364911444384891
2447,239.64801907732618
2448,6.604677992057482
2449,6.217980477163714
2450,26.90915872532729
2451,2.7720531585959085
2452,3.9008745725792906
2453,38.48276669463108
2454,290.7260769215902
2455,140.64935980776957
2456,3.588248210847249
2457,251.62073249642148
2458,5.96905860939885
2459,2.541628528045796
2460,5.968541009742827
2461,65.62235110656803
2462,56.869715931051786
2463,6.269269572112513
2464,-79.8450157904384
2465,27.651320185462374
2466,207.88218910486523
2467,157.48043422938724
2468,263.9388039816307
2469,256.3941206995514
2470,5.71611864652513
2471,133.71456737003106
2472,2.759012593019913
2473,47.142995890161544
2474,192.74425116775058
2475,6.310416392214368
2476,108.166139733297
2477,131.70610320854303
2478,167.50757449693594
2479,5.2574276197291026
2480,50.948516075098844
2481,54.54097357780048
2482,2.12758969399765
2483,5.084665268265051
2484,123.71473236091339
2485,130.96085594388032
2486,6.741991150571074
2487,5.24814628116256
2488,-49.97494713771821
2489,184.7170199475255
2490,5.583841655894154
2491,148.99036285636515
2492,56.98156698248549
2493,69.87819176587988
2494,5.71751618671048
2495,5.48501944520471
2496,105.53728135477171
2497,64.97885500690512
2498,1.7794824959302418
2499,6.717810716297573
2500,1.9113910086727437
2501,91.79539108587211
2502,243.44092375948324
2503,97.77299066501016
2504,339.9098126438341
2505,3.3945293353209447
2506,4.752535672229255
2507,268.0847129425494
2508,202.80974855700433
2509,104.7931430160456
2510,6.604625219930889
2511,210.27881768764678
2512,70.64580697783194
2513,139.2389705400986
2514,215.87997418179563
2515,298.91793253173336
2516,2.1445565399725384
2517,2.3216475009985476
2518,282.24447666984383
2519,4.441066818410385
2520,71.93854935181993
2521,137.91717020606484
2522,1.5655270703337019
2523,5.754904137585901
2524,4.664475196449603
2525,290.48892884523616
2526,3.779804569504388
2527,3.7379578362475865
2528,237.88193214280852
2529,123.04186174526889
2530,241.66307330271638
2531,272.74435045160106
2532,62.180284764410075
2533,1.967845581286289
2534,5.984729334377469
2535,5.866679042527251
2536,3.8677596367605247
2537,6.366462593183473
2538,5.947619128160557
2539,173.91022005287974
2540,2.232263746270988
2541,5.725325951595268
2542,4.797441475865639
2543,5.731302207449143
2544,141.0563726988336
2545,2.4043839108199436
2546,287.6194080765466
2547,22.90901009777872
2548,18.931330225938005
2549,161.43489881364115
2550,114.12623008625391
2551,-32.23594712565517
2552,1.9774817656161834
2553,276.652225814448
2554,2.3033653546482733
2555,66.73390920580565
2556,138.54263426165411
2557,4.294176002945352
2558,10.009824988934616
2559,6.478455656487515
2560,211.79271866110935
2561,2.4870496275658533
2562,216.70264708334685
2563,238.91656230405783
2564,265.7378033205689
2565,4.5376425406276
2566,4.603387298165774
2567,257.6237614005543
2568,13.4644611341187
2569,70.49516373065237
2570,3.652247355946811
2571,98.04790668845203
2572,-51.937082882821734
2573,192.06094672474632
2574,3.0410926739402906
2575,4.670476548057757
2576,3.662148587408523
2577,6.453327712689191
2578,36.677537918259105
2579,6.1167004510877385
2580,5.095686468241077
2581,3.0762476626768183
2582,-25.198591831288454
2583,2.184566324698436
2584,6.444083900508552
2585,26.3364224322747
2586,4.725201371543444
2587,210.51507347342164
2588,203.09859200318422
2589,4.6808828217707035
2590,36.42763039488607
2591,1.8777028625640364
2592,114.95433645974157
2593,60.49889538518464
2594,70.69817723375625
2595,57.620155385564175
2596,50.45098372582842
2597,5.713861110510914
2598,6.394679231515031
2599,29.291624968848936
2600,4.562075986884556
2601,216.27321169555756
2602,6.14942391458563
2603,347.78626935176317
2604,158.67108396867536
2605,57.34934362809695
2606,3.9751291815832492
2607,39.48890280069516
2608,189.32793817550146
2609,46.686521943596816
2610,2.8123603600654197
2611,-12.925808025472806
2612,3.477784091221446
2613,4.390738009186657
2614,3.082674354206272
2615,125.41275742337535
2616,156.41936948247246
2617,263.3593685390053
2618,202.58553211634464
2619,4.643606089470274
2620,2.451003886765338
2621,4.04227033865476
2622,2.731921480366917
2623,1.486542432315809
2624,6.758562509020461
2625,129.69278250768946
2626,282.1075910433495
2627,35.12236323435057
2628,133.5291217100646
2629,48.49949358784663
2630,129.23512029424953
2631,43.21062508352418
2632,6.119689635174414
2633,303.9640980468849
2634,63.351081519769195
2635,143.4227979769284
2636,-36.98126893588916
2637,3.699965698309885
2638,-66.81967339301195
2639,-58.08633370615849
2640,193.78899868082004
2641,3.8351025938730157
2642,5.742977824007825
2643,153.2453741860032
2644,150.53587521147628
2645,217.59300166139772
2646,2.2933125737446605
2647,3.5390394952295345
2648,4.740639471613072
2649,6.184225209827514
2650,258.4478906029619
2651,215.36866530232373
2652,56.03710707704258
2653,3.381583654069095
2654,41.09785680238062
2655,232.35757953448933
2656,243.37733658071963
2657,2.907737792334011
2658,-5.938321950472471
2659,275.8155676131594
2660,1.8330700162849078
2661,269.651346123562
2662,74.57179898980272
2663,-12.16376927031603
2664,72.79765702185296
2665,267.3595041723042
2666,222.90832459003542
2667,-33.12203252141126
2668,26.48837119841619
2669,6.7487649947197985
2670,123.82289261720376
2671,198.63952515540666
2672,106.44915606738263
2673,242.9714614984532
2674,240.9422469596243
2675,1.8692074322573573
2676,-35.48607009490718
2677,335.5957881513708
2678,8.838957604601834
2679,5.7273638898984185
2680,78.98407876185543
2681,4.717186239593357
2682,2.858016694898551
2683,2.3674107924366954
2684,2.741998783774737
2685,6.491071110596451
2686,8.053379120021681
2687,62.058631158627946
2688,55.271182953756394
2689,39.20407393672659
2690,144.72158299578402
2691,80.06668587018588
2692,50.09725847332115
2693,141.38402672438423
2694,96.08213633115278
2695,6.586844822872891
2696,134.78422536705494
2697,3.791371118126022
2698,2.4968971001289155
2699,4.030164185243042
2700,203.2562864432895
2701,62.78122022068605
2702,-9.670205884080687
2703,3.9768584871915764
2704,154.1417654560897
2705,3.152362473695768
2706,5.299984989862933
2707,189.14588368283634
2708,3.2378130513323518
2709,58.81134021137812
2710,5.894406554311196
2711,175.99074202243756
2712,1.857679923611162
2713,112.4142685040478
2714,-39.677411740154405
2715,4.602682100129179
2716,2.8319355132646136
2717,287.9706450417566
2718,3.0873803544857426
2719,3.1120701146347822
2720,6.892418356560347
2721,6.285531158631969
2722,3.963123237127844
2723,218.43501985988286
2724,6.661204843912337
2725,39.58582911811852
2726,9.750081354138874
2727,316.755194679125
2728,48.72789288892379
2729,177.83388227534624
2730,176.04493213407076
2731,159.93494191687446
2732,6.212784569160706
2733,225.33844120536534
2734,117.48098761184639
2735,90.66045597508293
2736,82.79357040262317
2737,177.50733641025028
2738,137.08046903531547
2739,125.56753458338494
2740,5.546603371124062
2741,53.61143684624541
2742,1.4585282613981516
2743,6.915186677939192
2744,-18.037871603527602
2745,4.344350126548501
2746,194.52113968671316
2747,177.49941617404454
2748,2.8105418285322017
2749,5.461966976909265
2750,221.81536523781944
2751,260.44410038089075
2752,2.8590148827986233
2753,103.24097109764767
2754,0.3607952772912402
2755,34.33607773462302
2756,252.91654004332497
2757,5.781144591766473
2758,284.30226426294723
2759,72.90628950754693
2760,172.00985700327382
2761,6.507738142367279
2762,4.10616609321713
2763,130.57263879202287
2764,4.240190744394464
2765,117.90858488716381
2766,2.0196997081762684
2767,269.717265751857
2768,4.479791693027122
2769,3.4452441421221773
2770,193.26553179145392
2771,145.39768372060558
2772,7.07630775188269
2773,3.1676723204188315
2774,4.905530768082183
2775,6.1317214610961575
2776,4.039408405661525
2777,255.65430685101012
2778,30.437362807956646
2779,2.0396044039928496
2780,2.6443602081079036
2781,238.10936212761607
2782,218.5460867910991
2783,6.260734445163888
2784,-10.786063657974918
2785,5.803118863392869
2786,3.6258050753350455
2787,53.177772184367186
2788,21.075658482682602
2789,164.98245098723083
2790,217.7422312534261
2791,84.71955566015393
2792,167.15296139815075
2793,173.52871588430145
2794,181.8503683480232
2795,52.87064001388285
2796,243.0415484487365
2797,107.63273105427169
2798,37.2530206263756
2799,30.87527798655985
2800,5.2500765151483115
2801,4.0624536796862305
2802,3.2538452157034596
2803,38.898358072893025
2804,3.639424018132658
2805,47.750028336682654
2806,7.161174581125142
2807,28.74078722529093
2808,94.71009805667909
2809,6.1575956831427305
2810,5.45944685813511
2811,168.48162778239768
2812,5.934306876693449
2813,13.39305390626447
2814,6.007718400488158
2815,258.9764612011262
2816,68.5397893052592
2817,258.8683165973866
2818,119.85183335587381
2819,50.12318656062388
2820,152.06533425762905
2821,50.4383886086363
2822,6.129542534013278
2823,40.79165101049457
2824,257.2263541771415
2825,140.07504099074902
2826,-53.51151338041004
2827,6.447542441646181
2828,5.446145243812447
2829,4.822297354497177
2830,6.12943709578953
2831,5.924930252346912
2832,5.800387866077218
2833,135.66154068072112
2834,3.800160829992456
2835,3.5167918328121925
2836,3.5944840944683443
2837,3.4892340265298736
2838,5.781301763552701
2839,1.994977615405007
2840,55.986911298629565
2841,53.63179917148857
2842,275.4692915833634
2843,5.990975410790648
2844,174.6208713303297
2845,286.1427932040489
2846,3.5255835684150187
2847,96.32003273206344
2848,13.878364628492136
2849,-57.74517886086387
2850,6.5971867687535095
2851,6.811886782957048
2852,-38.128052038355094
2853,119.13133068955196
2854,2.424375363732983
2855,66.24625838980384
2856,5.944846190886678
2857,58.78119859511466
2858,205.5468852159869
2859,1.5643219975464735
2860,143.57188264791586
2861,278.39016885844933
2862,274.44459143440935
2863,2.956262000583241
2864,272.5614357327428
2865,226.88872612689516
2866,2.158945759363233
2867,2.426991414370282
2868,89.47787481716357
2869,57.05079527907701
2870,183.1434817786431
2871,6.068527070675531
2872,259.3282039474379
2873,4.925898815561425
2874,28.862301775270062
2875,4.473741781305275
2876,-25.49846994843046
2877,276.2887724322442
2878,-77.93198532824749
2879,5.024873410979017
2880,228.54326585919426
2881,5.841799452235385
2882,6.205782495470711
2883,3.975460303856782
2884,6.677556257085263
2885,195.14875870257504
2886,243.99612461482144
2887,5.878256283661857
2888,1.9677930590499155
2889,6.318748462034855
2890,2.306023090834468
2891,-58.05629393629968
2892,155.36159470245232
2893,66.80697267269898
2894,58.540659386817
2895,4.815781190155558
2896,2.4622793175816575
2897,5.236394491374826
2898,120.18640431953226
2899,28.701844121828124
2900,3.192624948690798
2901,51.24483491031103
2902,241.02118081273647
2903,275.42600592037303
2904,4.024292318321728
2905,4.029226764226994
2906,28.510844560279025
2907,4.127952270575296
2908,4.297081890891948
2909,2.079022605379691
2910,121.58587992375982
2911,3.712614583593439
2912,2.181145836265345
2913,6.525012560214696
2914,-3.436612995133215
2915,8.192520294852752
2916,246.2055818277781
2917,165.99366293442978
2918,3.8909590901439173
2919,355.15976107320625
2920,203.30965861530888
2921,5.4207292984488795
2922,3.688361789094666
2923,217.1643509061118
2924,5.446377750289654
2925,4.988733956181776
2926,5.80358491768984
2927,46.13949503556988
2928,6.567300264480551
2929,170.69627093836033
2930,273.188616806207
2931,2.412487086205868
2932,5.5826398176981975
2933,52.51358127407389
2934,112.92753371091766
2935,8.129647844390574
2936,-58.36892304130914
2937,5.733857031467135
2938,-0.09197253810296813
2939,3.028580920739509
2940,174.88407672306028
2941,82.31080053805857
2942,93.30676715731906
2943,6.1811800761656
2944,6.560563292886331
2945,5.68671046202651
2946,6.411093008071095
2947,-46.39510375299024
2948,2.4325374730187916
2949,6.62246274547529
2950,2.8030592099541742
2951,152.195889246201
2952,141.56449692901424
2953,6.95683234855899
2954,1.6574204872120604
2955,29.552293305520795
2956,6.483189510971129
2957,103.8385243134167
2958,5.397862409865057
2959,189.9558101248398
2960,6.254552358186089
2961,160.65106971452207
2962,3.7530191733745317
2963,4.220548889459486
2964,241.8603216373898
2965,184.19991427689465
2966,4.412927147166403
2967,3.5638457866021347
2968,173.08490283521425
2969,-82.21988883912942
2970,1.9077368455110608
2971,222.7706945887852
2972,6.649542696627652
2973,208.38781997198996
2974,261.48889070296116
2975,4.260578785341383
2976,45.39712149466665
2977,34.87343999718069
2978,4.452912185233435
2979,4.64650065758478
2980,307.0768201510276
2981,319.6614708593612
2982,144.1635502057311
2983,138.6601578051908
2984,270.7619643551224
2985,135.97753742956098
2986,292.05792197351013
2987,222.0468806145358
2988,122.06375379975638
2989,91.39489677993816
2990,48.69363451932493
2991,7.28241576499985
2992,3.05535566286444
2993,5.267174096042799
2994,43.45547252560855
2995,15.611160120970418
2996,4.348450713531845
2997,3.545335611789704
2998,97.70440657234454
2999,146.7919071917544
3000,75.9729171609381
3001,3.181417063971982
3002,284.67919409757934
3003,4.209049591927722
3004,282.14555007717325
3005,106.02351665424882
3006,88.61071832210614
3007,6.356388628544392
3008,2.9216644692944853
3009,37.230055499717615
3010,4.355549930249381
3011,69.9996091472996
3012,5.238641027197141
3013,186.37790795128618
3014,6.695969348743851
3015,3.29813926316337
3016,5.872304998901578
3017,5.989320052279162
3018,4.510242035417432
3019,231.9391356970907
3020,3.279660041802169
3021,234.6347875767862
3022,271.19546008179634
3023,3.0585522474932274
3024,101.56708872775215
3025,241.15132138895694
3026,167.82331465491384
3027,6.011686089146985
3028,5.486973902226136
3029,-23.14125239311104
3030,-41.77805689541424
3031,6.140576358590178
3032,6.388992365700456
3033,5.0197797638664285
3034,129.06271865118657
3035,155.6515775035178
3036,218.6636119725843
3037,5.500286248089522
3038,2.0929145083837715
3039,-28.165686604461214
3040,174.2332967998295
3041,4.800483405023621
3042,0.33781817568436967
3043,5.840096170713812
3044,222.96306568015683
3045,167.9027068003922
3046,4.328402893406654
3047,4.099299503168387
3048,34.022580131202275
3049,5.830547968438378
3050,253.28854171142007
3051,95.01019960283556
3052,6.522933868169351
3053,4.035294901955745
3054,134.80603340700935
3055,183.18727151561433
3056,54.14110145161068
3057,3.113412668706725
3058,100.52211463646115
3059,1.8863175117789999
3060,250.22064142636566
3061,5.196136818247837
3062,227.4628363641878
3063,142.1344238512269
3064,241.77832573111002
3065,247.27008719650786
3066,138.97237259120095
3067,44.29482834573164
3068,6.133185739038572
3069,5.9471423759019295
3070,3.763672432270664
3071,6.18087558219853
3072,202.1209546788623
3073,131.6753604191491
3074,6.267676350934629
3075,5.872929735426484
3076,163.0947484224101
3077,33.13253242112508
3078,65.70632924454875
3079,5.538889775088945
3080,3.281682858709811
3081,8.823117983443199
3082,94.71066338253173
3083,156.5593892364077
3084,1.3143510259931752
3085,5.495531339466939
3086,197.28336621638894
3087,3.11266077506869
3088,102.1012069822376
3089,3.5229800080859883
3090,302.2707452161168
3091,162.49831844109534
3092,99.94077617846402
3093,4.068902850071768
3094,199.25722107025823
3095,262.81009555443177
3096,134.60036274266855
3097,4.81337290372777
3098,6.089617708957269
3099,16.27025608326655
3100,84.76260354135658
3101,3.6717602146210986
3102,2.2286836103778986
3103,3.1966550219300776
3104,34.28758536499983
3105,14.864581850770673
3106,38.999272010409726
3107,1.5790482153802958
3108,2.5645255337180792
3109,6.10685358914783
3110,254.30863657538765
3111,2.1543924776340275
3112,217.8502945302654
3113,5.444653383834131
3114,46.11802870074801
3115,273.953426873947
3116,106.19426926999883
3117,20.11849870606792
3118,254.34753698326296
3119,4.536259859296798
3120,41.144187546013825
3121,27.185398851914705
3122,136.286060977108
3123,3.8685875142735644
3124,2.6613611371781474
3125,4.065396765079137
3126,211.1956150434035
3127,262.8138345522261
3128,34.98218139598433
3129,360.405005997698
3130,2.113763100271271
3131,106.15890434087595
3132,192.81314863331036
3133,126.70162227384503
3134,244.64044538187312
3135,1.7147745121374416
3136,314.2828297450903
3137,2.839081273784577
3138,171.39554297234386
3139,6.041597432229808
3140,2.7291852402438774
3141,29.85753419921987
3142,3.0447507944112457
3143,114.66172039295893
3144,255.20539166245715
3145,5.437516661907956
3146,285.1249075562209
3147,93.06210913925592
3148,100.4878326047385
3149,-2.7251229604619036
3150,1.6979236859486266
3151,244.9852331381101
3152,7.193354000612481
3153,237.2352792556905
3154,171.7691122126901
3155,56.45513534812076
3156,52.96847829558972
3157,4.933811620686874
3158,276.50598580680986
3159,98.97840030060824
3160,267.1016583668112
3161,-32.219366816039276
3162,3.2765218136754504
3163,204.1135136212623
3164,3.208726886380153
3165,-5.496805050787163
3166,51.090636138366634
3167,6.695595314332902
3168,5.290455102722374
3169,3.58943548530188
3170,209.5297574400111
3171,2.963911007451243
3172,223.92807485947066
3173,285.7749829304057
3174,65.72325858751658
3175,-63.78904161416181
3176,3.638225517041346
3177,3.3125071860714947
3178,184.60320212034748
3179,6.147522795845192
3180,315.5028836315186
3181,183.22372733637548
3182,282.3299992761717
3183,6.063474741447164
3184,46.07858196350642
3185,6.719236701711119
3186,132.02655359713052
3187,278.5484086676374
3188,-37.51594970974756
3189,241.62976659637746
3190,4.283201194277316
3191,247.84173900911583
3192,58.204038092285884
3193,6.524540667799997
3194,4.162441846036975
3195,5.917369389701013
3196,137.96504300881224
3197,5.475505768384603
3198,157.2588247974526
3199,181.34238688450898
3200,1.9370373337654114
3201,295.9507918369636
3202,4.4059601840228675
3203,4.806364234814859
3204,16.03866083700114
3205,6.476914341306341
3206,270.1117808720006
3207,5.871844677678731
3208,195.02071399820184
3209,-22.80564532497058
3210,7.663307887813133
3211,178.68502409237772
3212,211.37965063992868
3213,2.688400546760754
3214,258.8663175600289
3215,3.209115324267296
3216,6.040019378739952
3217,127.71947023226093
3218,282.01219356919336
3219,88.67826439889527
3220,83.76253205081592
3221,81.65079925341577
3222,259.4478729873016
3223,343.78219917363833
3224,-66.06026875866769
3225,145.00017567462663
3226,6.0118846506526475
3227,5.879194697393544
3228,16.167766077597562
3229,290.0011130708432
3230,225.79141588521134
3231,6.42627364387277
3232,4.985234518983884
3233,5.661374495051811
3234,4.133867588124114
3235,109.9821276741323
3236,145.2684258854538
3237,13.351832377183257
3238,307.33006505771675
3239,6.498886850727282
3240,74.40738085492225
3241,23.01392597490298
3242,2.6514875968191634
3243,23.61197028913051
3244,188.8515040369171
3245,5.415657814270259
3246,252.03193777242615
3247,6.171334608009286
3248,41.62499626883728
3249,-19.48587952784199
3250,229.98133817003605
3251,235.60243514697382
3252,112.1437347238193
3253,52.53130700974857
3254,149.60254588832572
3255,6.319742177487489
3256,6.263384829035279
3257,13.420825571851971
3258,2.579968829285092
3259,64.42994363705434
3260,5.8682597885758305
3261,123.30711531409281
3262,311.82830934892837
3263,2.4882940070176383
3264,3.4550757970286723
3265,146.74977313863718
3266,3.6077973419758917
3267,6.7089523925321135
3268,3.4811941090689924
3269,3.968565718504813
3270,55.54281048336786
3271,217.73890998637967
3272,2.317640776859433
3273,181.89164392779995
3274,208.39398789625372
3275,124.95179723138494
3276,102.0600920883279
3277,5.957216339570226
3278,6.491914359446174
3279,3.308367941113101
3280,156.12294410622684
3281,269.84403153023595
3282,2.7916631144080633
3283,388.9718000663951
3284,343.7061040990369
3285,85.33005418342057
3286,3.117495323353667
3287,-2.9047709220982076
3288,92.80315601428208
3289,1.8362303632563528
3290,62.57832659551154
3291,247.1133858833579
3292,2.9238330631550387
3293,52.96995499988137
3294,213.65054616906997
3295,135.50814001231217
3296,36.57500294712815
3297,207.09732758043162
3298,2.2843632987885925
3299,248.10735534836016
3300,3.496427030691466
3301,208.72109424581743
3302,222.57106285161365
3303,4.236435147350358
3304,245.76514707423684
3305,5.262094125922111
3306,4.435093880576457
3307,197.51679834232607
3308,3.062543132427457
3309,6.249966760984662
3310,-46.26267177668735
3311,2.5550504971776604
3312,3.940592257103599
3313,2.5523969156216246
3314,6.145872233280593
3315,4.305938556226681
3316,315.1211432837216
3317,300.10089822892877
3318,46.78056601615049
3319,1.969840847023008
3320,2.178894627939427
3321,4.974079152920781
3322,153.64557088894722
3323,4.656732614039628
3324,3.738590598126728
3325,314.3445144417368
3326,73.37298280970131
3327,-50.2489406648055
3328,6.394681798504409
3329,1.85449292883034
3330,183.39692964274644
3331,101.29327971742539
3332,3.5386810381818683
3333,235.10753862065923
3334,111.71687006570573
3335,3.3343306275137263
3336,4.729417090832165
3337,2.7569930326567538
3338,1.7670252687289618
3339,-0.20832027150505938
3340,30.523709553751026
3341,60.011908526853645
3342,215.24392660686277
3343,134.07419615417567
3344,3.1435472918428244
3345,250.53904290054717
3346,295.96867341387525
3347,185.55410971372112
3348,66.74781058093274
3349,5.665809483761077
3350,3.754947863639909
3351,2.7694816009669037
3352,1.8486603220742701
3353,145.6669341346424
3354,82.36134593035216
3355,3.0444945626950455
3356,309.44192674721876
3357,3.6587472045720375
3358,245.57303163256816
3359,77.73826919492362
3360,133.04816984380506
3361,3.2877163454634406
3362,3.3901311420496825
3363,3.4213157085893426
3364,37.12426416704237
3365,116.27235823619247
3366,-0.06824557787799357
3367,3.896115365202318
3368,82.1707531944667
3369,4.281732773649524
3370,62.361448710165746
3371,-7.582003299285397
3372,200.698255138995
3373,54.72900705043095
3374,306.8957197949076
3375,2.522260740937091
3376,2.7346844129974626
3377,111.20261693387283
3378,5.317322881221054
3379,37.031743176850924
3380,312.7061799296884
3381,6.617230309815534
3382,95.08743925448786
3383,6.606781999457718
3384,31.76375033248866
3385,3.438979637388817
3386,49.46457693682511
3387,2.133496845210928
3388,181.98526734993783
3389,217.3696783328914
3390,2.234445113626512
3391,5.8344026054816
3392,5.018549277193992
3393,168.10548006671812
3394,135.30534493050845
3395,5.082819688960032
3396,5.687601200416823
3397,137.5712206991088
3398,2.106848379417926
3399,210.19503828328774
3400,168.93216345247833
3401,5.131460359934118
3402,1.2363400051709903
3403,77.5490449912161
3404,112.19676135309868
3405,175.07203994729147
3406,174.2912197100925
3407,4.192522478172717
3408,78.91869213110373
3409,117.96040583762644
3410,5.913902674137421
3411,5.507193322828039
3412,33.40523921904136
3413,2.2040050099364943
3414,6.686377224768941
3415,90.36916905782121
3416,88.595933559562
3417,196.3976935844784
3418,166.97914206388756
3419,-20.18237194567009
3420,40.53057143549753
3421,-49.98701642874421
3422,166.80027100166058
3423,2.0468491198424807
3424,3.49606547444427
3425,17.811136878305536
3426,3.651113085886748
3427,54.23069588946339
3428,2.4999811417936715
3429,326.98908981233166
3430,310.83899933821414
3431,104.93059471457994
3432,5.866864358567317
3433,76.80991073962505
3434,1.9474912242837172
3435,310.90100147173473
3436,218.9168294408417
3437,3.324784214339221
3438,28.05711158880008
3439,258.281705726982
3440,6.519365543025503
3441,5.1420532309619595
3442,242.1286494184514
3443,4.979982443197702
3444,204.39548259073908
3445,3.8316480052909463
3446,5.901859509027485
3447,261.07711554161506
3448,5.413976644449209
3449,5.69087908024964
3450,107.44942078740493
3451,195.96802721580977
3452,2.1354244962497915
3453,3.2381380944944214
3454,16.7637867356987
3455,4.045791756567764
3456,5.620151529216818
3457,4.001370677925996
3458,6.132215918080547
3459,167.01415130177276
3460,-39.174547950735175
3461,3.4038661326888695
3462,37.69567143827687
3463,214.38152584518522
3464,4.415915969246901
3465,2.7138675846537264
3466,5.892893595364001
3467,104.10988119722303
3468,36.749671365260426
3469,308.3376755599396
3470,150.7630041070009
3471,26.569936956767386
3472,275.0571103070798
3473,6.28050500090318
3474,3.7961263371985945
3475,4.5075191231903515
3476,32.597595005578455
3477,3.4599663807858
3478,6.591822089077123
3479,2.7044437789151257
3480,106.25396842077953
3481,154.52222461165402
3482,92.19419356457831
3483,71.78197494983772
3484,171.01866884706166
3485,2.3167049839607485
3486,228.6067731159449
3487,5.824542656746497
3488,4.68482278073707
3489,3.217173073323872
3490,6.357348380351355
3491,3.2052421658610863
3492,2.3256655816445004
3493,301.6267217048276
3494,144.79453341972797
3495,6.382251319257984
3496,13.71950575579567
3497,4.480834679519324
3498,6.619993897535079
3499,-17.51100042915548
3500,89.61946985123888
3501,280.42946873323274
3502,5.841838799917841
3503,3.8154681617763653
3504,36.64607656003084
3505,141.17069618099072
3506,87.18332277588834
3507,6.2386029069747995
3508,3.2636041859653924
3509,3.08352353084681
3510,279.5976699558472
3511,2.0348712433322866
3512,81.9658435329708
3513,95.23871064265585
3514,3.3364910406486468
3515,41.888975952354464
3516,3.7156518108087226
3517,196.46374290290652
3518,4.352518532379565
3519,224.39922264515394
3520,287.1139294196332
3521,1.9288538790912504
3522,6.032811112092775
3523,3.851966767004329
3524,6.642164640400364
3525,5.279682468848002
3526,35.90219065020254
3527,1.6891509279314676
3528,285.73574456836775
3529,204.02738432716703
3530,2.496742808746361
3531,86.13549311704928
3532,269.13666891768855
3533,48.12595938300467
3534,7.726393006018721
3535,95.04322885004102
3536,3.426900197818836
3537,71.66942792041466
3538,6.9134978972444925
3539,-5.909885205274379
3540,155.21530561942816
3541,-54.555545129745525
3542,2.73639059212069
3543,184.33464486151482
3544,39.25853090822274
3545,2.5467900853190453
3546,5.52048234112093
3547,171.65895964229702
3548,5.566320538849374
3549,1.7429429710217144
3550,4.519793985794237
3551,4.548530497657709
3552,5.721748090313919
3553,5.76870589358422
3554,176.99276120489918
3555,3.671996762668421
3556,2.1125436324676867
3557,122.86093790001178
3558,5.239934106176619
3559,100.52597532455884
3560,60.89433882290695
3561,6.171514723471727
3562,37.05374550720343
3563,-50.642551253600914
3564,5.908865103575829
3565,4.8890657572634435
3566,169.70646735136359
3567,1.983369483531977
3568,235.4961051979459
3569,168.65017661518635
3570,36.31424914038405
3571,204.37534205363238
3572,1.831497418753105
3573,6.036122910579037
3574,5.665252277766302
3575,1.9681143662595897
3576,5.34593600919696
3577,6.31511132840051
3578,84.69376603063458
3579,2.081197238029923
3580,65.8977529190882
3581,243.24847453172362
3582,75.33749396835282
3583,78.38239488829743
3584,6.645519881673726
3585,35.170011231667644
3586,5.746747276404341
3587,36.83072195753868
3588,3.615940786279699
3589,227.1247580442555
3590,2.9780287840107658
3591,3.560410316799092
3592,181.64816358664726
3593,4.103724116277536
3594,23.251064498641476
3595,6.634650147833633
3596,32.27422595432682
3597,315.7763283436306
3598,69.3954811446526
3599,83.28929918385965
3600,2.7590893079343872
3601,287.7463567178345
3602,38.80256614086961
3603,5.398784867141117
3604,2.850735608241564
3605,158.98413673773416
3606,2.151334856894871
3607,3.5114069262844607
3608,284.7417506882719
3609,192.04397061599042
3610,32.615816666219345
3611,5.393042851725541
3612,263.934062718276
3613,6.381148802931897
3614,4.967356862654577
3615,6.53475413940363
3616,51.717363240058276
3617,5.010657239517759
3618,2.6393280748693466
3619,-44.30650122738467
3620,-5.4294773020011515
3621,70.70260661238252
3622,5.183636104816359
3623,262.88034330331516
3624,0.8009697592260612
3625,113.903670266093
3626,25.03154811762402
3627,29.062038169130645
3628,6.389978611307962
3629,45.632040529459424
3630,254.0099915967508
3631,299.1828177274356
3632,254.38839155780585
3633,253.13266013047124
3634,117.50660213434242
3635,133.59336834215296
3636,4.498979701484327
3637,42.18425492598101
3638,64.57748626027484
3639,4.875613456016504
3640,332.49310122382246
3641,227.4217993690769
3642,154.3928823955553
3643,189.11199299381667
3644,6.577046289617622
3645,133.9873328096888
3646,2.4864841934552104
3647,5.925090516680161
3648,242.40167965951733
3649,8.348067875961824
3650,3.2470728804270976
3651,199.22280755043968
3652,44.67018294617171
3653,-3.7053773869035633
3654,71.1412697876297
3655,2.1449658413626196
3656,159.09107489300385
3657,5.841594533747651
3658,7.934712582670223
3659,4.749092039294124
3660,5.821565339860449
3661,59.57615437385303
3662,2.1767490529569087
3663,5.646459520164844
3664,124.54405776950965
3665,4.84976187029647
3666,274.21609566343335
3667,249.74119582201305
3668,264.57149883390935
3669,237.74616349623102
3670,7.224429280132626
3671,6.697347271779303
3672,221.82703679941815
3673,5.104642098498522
3674,287.0636625807977
3675,144.81817737550932
3676,53.09315914770592
3677,32.67160415978032
3678,-1.4618194841419405
3679,4.613899752781931
3680,3.884429405502695
3681,169.7930166697421
3682,81.11573664758782
3683,174.35003509628595
3684,40.03050212468152
3685,152.0621206687256
3686,262.3874877605186
3687,120.74315758441388
3688,257.51925142888126
3689,2.51091789557885
3690,187.58506889052057
3691,201.58475674821383
3692,288.60941418099844
3693,272.58433959021227
3694,1.6572015201303247
3695,250.0429399166213
3696,199.25304708913185
3697,0.8087599940058686
3698,-11.553210964750548
3699,4.297264638506835
3700,5.631876210069076
3701,361.0713306810781
3702,3.8685592610444592
3703,3.8379345663809183
3704,5.928518522276134
3705,1.525293492365325
3706,53.07696546662341
3707,12.269276705347886
3708,132.48989820281182
3709,3.1505451368322706
3710,6.433240854835791
3711,339.1518479798051
3712,100.28109894799701
3713,5.837850106965281
3714,323.2184535256839
3715,2.5290466160760587
3716,2.0622651461921753
3717,146.30452890502983
3718,78.74822542348194
3719,168.79268466415044
3720,154.86039421523657
3721,2.9229860991301986
3722,3.9839375042723932
3723,3.3114871084169453
3724,1.8818989237995747
3725,67.62558232621889
3726,1.7126169841895675
3727,226.73313127368746
3728,59.226605561244554
3729,-43.815024103754254
3730,153.27932338105643
3731,79.32739563425056
3732,3.4771035045792997
3733,-34.68713156475163
3734,3.1862572167070957
3735,2.5370200922809483
3736,26.16406800219442
3737,6.195395520210852
3738,194.93817997899075
3739,-42.2894907709559
3740,242.858094989089
3741,29.450693703926092
3742,261.12716273807524
3743,2.3743750047665144
3744,69.23284354485202
3745,-15.864414247399596
3746,4.909676193675138
3747,4.8943104657471554
3748,179.84581394916447
3749,78.69330314345332
3750,1.537282833022267
3751,216.3993542821678
3752,89.90797131782921
3753,5.0108076732657025
3754,3.79370228182599
3755,-5.187891728973768
3756,5.657821337391261
3757,31.316493090019073
3758,6.078515279187108
3759,46.151175984119234
3760,1.956123449887916
3761,6.1002028966468025
3762,6.287716027072394
3763,131.15264246897436
3764,171.4798250792341
3765,355.36620380263196
3766,6.528089263617921
3767,288.30806311129754
3768,58.61744369112111
3769,1.6600850839181833
3770,151.4429497070505
3771,3.6311514672194094
3772,209.22053047981632
3773,235.83172746372787
3774,2.5725826746396234
3775,3.7200843697081045
3776,241.1914078627695
3777,6.108168635782822
3778,233.2473332744453
3779,278.6201122384575
3780,6.023106841818725
3781,6.488359455207435
3782,2.0805515605376983
3783,2.07791725231295
3784,5.558855375539446
3785,29.897744620410236
3786,102.45176538113996
3787,6.0602779783879335
3788,6.649871669935721
3789,287.6378598185149
3790,6.774963004677735
3791,6.3373292781836685
3792,3.668842410408628
3793,15.174149000485539
3794,-19.330955861963396
3795,192.6114586977968
3796,193.14234835260072
3797,4.733270627717105
3798,171.7746636802397
3799,-51.837071644600016
3800,244.2136268853941
3801,132.66968307475895
3802,142.29389882230362
3803,53.204517748154814
3804,59.43553757007664
3805,4.517426594092169
3806,2.9172174494753573
3807,107.15036262196703
3808,3.688890861268228
3809,-33.70368887248999
3810,2.7343172490541066
3811,4.7001126259537545
3812,264.72134714669426
3813,3.3814033038779545
3814,283.59159055799597
3815,7.372648249513142
3816,3.8716020073756354
3817,53.65860080595728
3818,6.2382538424588585
3819,2.4254204540011046
3820,115.94795548263068
3821,7.570446685792515
3822,5.507316959123363
3823,265.50564418478245
3824,5.279772746330794
3825,246.0627797730165
3826,5.996633843518058
3827,300.4089233641494
3828,299.262721411734
3829,6.51758416343796
3830,237.06195185486484
3831,65.42465050572352
3832,1.8045072489558756
3833,60.31448474191865
3834,25.474450346340237
3835,2.7106606964260216
3836,5.208119053325683
3837,6.74028973441381
3838,5.861802950093548
3839,240.93147361722424
3840,5.640932826954064
3841,133.4444204513301
3842,3.600251997503925
3843,244.5285349594737
3844,5.681463684133207
3845,6.0012041617259735
3846,6.462104546437563
3847,83.79615164534215
3848,92.43438831375938
3849,193.09622485593843
3850,40.0326607925184
3851,136.08728531340108
3852,256.9961488539609
3853,5.534517782337038
3854,255.79348915336323
3855,2.0259820651320113
3856,65.55584424497077
3857,3.8718756962629466
3858,2.9830644227137757
3859,246.87695046025993
3860,6.361853488685545
3861,-56.62169765643445
3862,-3.5167379830086776
3863,3.763743397836943
3864,2.8768742671968806
3865,272.13710956238606
3866,4.4751404079831785
3867,189.6059372549866
3868,4.462936027400978
3869,3.036075128993528
3870,128.63710474158998
3871,42.94984728453597
3872,3.5929950375359616
3873,41.73547093962318
3874,329.77792698046784
3875,272.64471261704864
3876,108.29409363718389
3877,-80.96019733400857
3878,175.59282948437152
3879,246.65753518609307
3880,6.60236522261424
3881,3.8071850739464774
3882,2.7446235254426146
3883,196.99380985896005
3884,149.2873097236836
3885,6.3553227495670095
3886,5.498872238772636
3887,6.273447601335308
3888,2.6773069774105394
3889,170.78832223348445
3890,1.8755802134182462
3891,3.0437083174767556
3892,176.70604045551536
3893,3.6675196855357854
3894,294.63520340013577
3895,-19.570984721994183
3896,12.261853114744536
3897,246.11313947479866
3898,175.79465988565485
3899,1.7098114873121721
3900,100.43458341094441
3901,101.18666234579217
3902,2.8233216765113305
3903,19.168281409226985
3904,57.71540632862915
3905,3.7710011805969033
3906,7.72058486530443
3907,216.94246358439688
3908,145.13995971430873
3909,3.482707349403615
3910,3.9595726900623087
3911,246.76969253482469
3912,3.980067736716211
3913,26.682798676054073
3914,279.98572239469235
3915,7.3265350167893555
3916,5.891377816011842
3917,3.7354806389647326
3918,-44.6098270124441
3919,4.84439877274828
3920,31.38546395963472
3921,52.128678919744715
3922,6.633525356599623
3923,3.426816098757917
3924,347.1323740095677
3925,72.48318452312833
3926,1.963588221626925
3927,239.21956027112708
3928,3.273941543989989
3929,5.391164289300206
3930,6.359053228919578
3931,210.1348897711355
3932,4.324846995289264
3933,2.500493507743726
3934,6.519294374839737
3935,220.88286716339684
3936,1.8309324136143499
3937,3.3947034263974563
3938,2.8791825183815316
3939,316.2314190577559
3940,6.104982395309263
3941,6.242935318758327
3942,5.085806348481483
3943,3.222890457939179
3944,6.678735017510268
3945,325.67349011371357
3946,225.11480342988796
3947,36.91623673705623
3948,158.79623882560216
3949,5.455173339106618
3950,251.05067393036734
3951,1.7628492532632962
3952,117.05367044945403
3953,127.76395115339355
3954,2.620766459835666
3955,5.909565782232935
3956,165.84381769216458
3957,62.066562937750305
3958,71.68215120939935
3959,219.22969055923156
3960,5.988582280147061
3961,6.159301073760089
3962,107.15418417112924
3963,5.858001988761973
3964,161.50831959681645
3965,5.971443764175846
3966,3.2537532447887356
3967,4.138497665274466
3968,184.98364954292842
3969,39.25696262439271
3970,2.4878296490474074
3971,3.437342971513086
3972,2.8051892332856525
3973,3.3478084013467475
3974,32.65741768663685
3975,40.29180448743416
3976,3.7013389199479274
3977,4.2000453155162205
3978,3.517003305911861
3979,126.49949080913942
3980,244.12339180536253
3981,254.23216409241257
3982,5.545338213945252
3983,3.3121509159931626
3984,364.04059018503426
3985,221.52201233867552
3986,158.7348560507217
3987,100.30979954015771
3988,3.508351531424209
3989,17.843543633074276
3990,90.11452571993874
3991,256.10074821562836
3992,5.906051876854945
3993,5.911776692393619
3994,50.082891086698154
3995,131.24958620743604
3996,3.571434519573939
3997,123.82289468027608
3998,2.4943405795463396
3999,273.05419117050377
4000,5.433178932749305
4001,4.164746334770374
4002,43.24104175412252
4003,167.70463354647978
4004,2.2769932558560457
4005,312.3802332449267
4006,94.7373376796817
4007,6.995850063720921
4008,3.4079994941871368
4009,5.812341538719043
4010,212.41431143252612
4011,3.6516175429093205
4012,6.374758325341503
4013,241.31575376416686
4014,5.852706775454731
4015,6.189013370338417
4016,71.8946457501387
4017,174.78704548830385
4018,125.87325349715704
4019,1.7831534582779343
4020,2.026511322339143
4021,113.94466791577578
4022,52.97071447388534
4023,3.6025269052936526
4024,115.8885933995369
4025,50.8962818081125
4026,-4.576568420973518
4027,249.5160539838887
4028,114.54905821666713
4029,7.155915416200386
4030,2.537355794752495
4031,104.1400827131475
4032,83.79435207036022
4033,3.059020552358591
4034,250.45569710289965
4035,138.64546849514358
4036,4.737052822454549
4037,3.5318448238736377
4038,6.259688917203943
4039,5.820139536714899
4040,107.7811845999716
4041,312.9800848430807
4042,58.59051932712957
4043,266.14066195275996
4044,3.9035011316584365
4045,40.54269438297048
4046,5.898078943465952
4047,4.160341987895306
4048,273.35533938773506
4049,126.15564674405208
4050,273.2843607588455
4051,50.416786728587454
4052,2.687841520749545
4053,4.048636619215622
4054,5.443094389694581
4055,3.984518331120296
4056,262.5679567222984
4057,6.804073204437693
4058,268.3633094652945
4059,36.68615121293114
4060,246.77099461104183
4061,91.70291028739234
4062,3.6946334590976484
4063,2.203079365169732
4064,184.3295120619007
4065,2.042438626583156
4066,93.9548670635355
4067,196.8653577360648
4068,176.3025813994145
4069,340.3603095890364
4070,2.672464159953437
4071,2.9461120051592156
4072,1.9626139714784099
4073,3.026278543309071
4074,4.134538046472282
4075,-30.116866622837545
4076,42.990431561876186
4077,4.895080487637259
4078,6.30350908313526
4079,6.735254624294694
4080,276.368402644659
4081,4.72322262454967
4082,115.99798555554634
4083,3.9661275403832468
4084,16.170145021104577
4085,9.304338859687693
4086,11.940380866443537
4087,4.0366938654644535
4088,4.421374672441737
4089,87.6891135635609
4090,154.27756822170028
4091,3.968753701336108
4092,58.46030619353047
4093,29.097583592928306
4094,4.944767345597388
4095,6.695180010105375
4096,2.3148284945168394
4097,2.5947724318473866
4098,2.8129675380458004
4099,-36.7412527313157
4100,70.9807362665735
4101,5.9099131587738
4102,4.154897427915886
4103,73.69259402667005
4104,196.3040920003067
4105,5.788168965429969
4106,121.80874268766995
4107,89.84535423478263
4108,68.2568747755314
4109,243.61474120888232
4110,6.202529176844148
4111,84.07815667829124
4112,73.56745871073024
4113,3.063089376398266
4114,5.232679453724295
4115,86.10814405808941
4116,129.8364496073536
4117,89.78248973736527
4118,288.6649732895779
4119,251.142882290788
4120,230.0440371097815
4121,89.79047416930655
4122,-21.72649270860773
4123,2.3353790810591235
4124,130.67467428087235
4125,2.279221362126565
4126,60.54761199913417
4127,6.014425118938293
4128,1.7604732110365606
4129,6.210198144053707
4130,2.0111105436697816
4131,57.28833546611216
4132,6.089760589536363
4133,4.992333648415092
4134,113.7103433149585
4135,6.8754193970380975
4136,167.8157269807275
4137,320.29292752574827
4138,-10.241364103490447
4139,106.19225516972656
4140,50.26678946833726
4141,3.944642656493572
4142,114.45857218856675
4143,298.0558666779629
4144,75.86162923122862
4145,181.87687498434565
4146,82.02761132175473
4147,68.79393207963057
4148,292.24209825231543
4149,45.37898707064619
4150,47.84173000243788
4151,68.98400873390085
4152,121.60535995918403
4153,3.998645440578911
4154,345.8151754604631
4155,155.71463755086103
4156,3.250976289062081
4157,23.40797784736755
4158,4.06901457129448
4159,5.1283286617982045
4160,155.3729833457486
4161,185.7171731912803
4162,6.372174758866153
4163,68.65900133602483
4164,190.52366250032452
4165,11.38138776443905
4166,51.28023676529132
4167,122.09670167591051
4168,34.117696183148354
4169,2.501719834977199
4170,13.620259584408757
4171,79.18136503826528
4172,4.61769108131319
4173,3.70530671043262
4174,74.0761593264823
4175,133.1081478064029
4176,1.9910891886351687
4177,3.7950551957947023
4178,30.967041903637803
4179,115.1530174660271
4180,177.8763317548407
4181,72.79207099132057
4182,47.29410788048078
4183,49.70924513636192
4184,189.27484852586653
4185,277.4921497822718
4186,2.612584434718589
4187,55.49756857503927
4188,4.185828722267969
4189,4.230608424137806
4190,124.71240301030178
4191,2.1688901061599277
4192,45.91657576528337
4193,50.77948123935407
4194,5.914337802820871
4195,4.162611810285383
4196,129.55832907332365
4197,6.368635862026576
4198,3.086287561467987
4199,4.984352034295494
4200,287.20528618761773
4201,256.2968081871876
4202,198.3891571789313
4203,5.431794247735025
4204,98.19517313324734
4205,4.782302990617208
4206,7.492875923273486
4207,130.98307849590873
4208,153.91200338688876
4209,238.0945953345677
4210,-56.802852990594275
4211,1.4405066525451045
4212,5.895510904370821
4213,3.601929370652707
4214,7.3024963907943885
4215,3.043076004400329
4216,1.779382494849709
4217,3.098845436861509
4218,5.895603035970289
4219,66.97338761062865
4220,66.6482870545138
4221,2.1539722036791544
4222,105.45247785069759
4223,2.9140030304241646
4224,6.235767342526316
4225,5.123291316863783
4226,277.07749894315384
4227,2.3374251148010137
4228,212.45449243480255
4229,122.41405798604417
4230,2.997292542530192
4231,2.5627971715349
4232,53.14655646510485
4233,3.137441315330441
4234,-13.798197582420674
4235,81.49398808308901
4236,248.3494932842955
4237,166.26909138663467
4238,3.1553702239251082
4239,44.73085368031865
4240,8.105749241992944
4241,32.53776129180868
4242,224.32825786536512
4243,-44.54951637636929
4244,321.18252985553806
4245,5.101165116292604
4246,1.9605533347235875
4247,3.7355386661135976
4248,4.24635985897495
4249,-0.3649348882032779
4250,8.030907909286036
4251,288.15344749845394
4252,6.496281918034567
4253,5.910565610373008
4254,5.34989030365434
4255,-54.82290889816153
4256,7.08088949362598
4257,104.6740086567627
4258,2.4833100713826903
4259,1.5621308794676354
4260,82.43963231474852
4261,2.446894126424093
4262,276.66176190614436
4263,80.19275892537468
4264,2.619886641854462
4265,46.23049656958915
4266,4.266994294124982
4267,6.366406146098601
4268,5.759070233329674
4269,182.38687991831094
4270,175.0153887799949
4271,189.4739306639294
4272,4.484157236846567
4273,8.02212479909234
4274,108.88547989890195
4275,6.2521217784749155
4276,301.7043360517245
4277,228.538099189913
4278,366.1550028587051
4279,310.6628354805589
4280,112.91903735241983
4281,70.49583335861489
4282,16.729536349542258
4283,6.341065662151207
4284,4.451110431480787
4285,111.37372316321952
4286,300.8228632758538
4287,1.8159402753163965
4288,183.56208143826188
4289,217.66294861213157
4290,195.74160323051558
4291,3.237264668059161
4292,4.980868149962302
4293,6.162098000719036
4294,-36.23149230955359
4295,0.9069702307942786
4296,5.415907215274629
4297,6.383186333885336
4298,6.044245918770427
4299,73.43909385197786
4300,44.43541109280922
4301,-6.445539870257077
4302,104.54778140292437
4303,1.5967905293922495
4304,-27.458283865714534
4305,3.9870935682413213
4306,299.95138944941317
4307,2.714510605794263
4308,41.27177291844217
4309,4.495462029078078
4310,2.7443175976829326
4311,8.287823907729148
4312,292.18627511588136
4313,3.392208337875282
4314,3.1001296450924207
4315,224.93542060067898
4316,1.557233607996642
4317,184.8963134533441
4318,6.076772082142491
4319,55.80187677048717
4320,106.42755381753301
4321,4.36518061292052
4322,291.90335932873074
4323,89.2365315975486
4324,3.574384570192655
4325,6.673576399158898
4326,3.8433191414601398
4327,110.64987547701233
4328,150.81189797271443
4329,200.85587080506517
4330,32.65062888999348
4331,2.737751642091646
4332,2.265024640833258
4333,262.34634139659147
4334,3.711619055932476
4335,3.6031094193509396
4336,2.113956276998303
4337,5.908346525015234
4338,3.884300104741227
4339,5.277427327213877
4340,-34.262003594283684
4341,65.01181475454688
4342,221.76083705110022
4343,161.1421964327024
4344,119.75309498331673
4345,5.875169596686546
4346,4.650871069526493
4347,225.72962045195362
4348,5.689546295137353
4349,130.70204383835144
4350,-25.864798998003458
4351,115.05642039432072
4352,197.34416092753355
4353,5.048770796913854
4354,137.4907653483771
4355,126.81917080074507
4356,1.8824294812884905
4357,5.219107370557445
4358,312.3941715082283
4359,219.95069338663032
4360,3.3044570901652706
4361,-1.6381562651984183
4362,1.2277778500125542
4363,3.6077676180798783
4364,4.892013908013303
4365,1.6345206876866525
4366,3.2687316699901108
4367,254.64479170850018
4368,-25.210396819793388
4369,79.8227087404198
4370,6.359244854034953
4371,205.88794164125773
4372,81.63305705945778
4373,322.15866657791514
4374,6.1417250277166415
4375,234.14544558943146
4376,287.4033302949064
4377,5.5030390592066025
4378,5.765250143579511
4379,157.70361817089486
4380,3.0694066900937997
4381,2.3911492010708573
4382,6.684682249011936
4383,28.625812895612228
4384,5.272115911788811
4385,191.88958470311275
4386,35.01884766915635
4387,300.1312827627759
4388,75.3473920632945
4389,6.669609682453755
4390,3.8089363198650594
4391,3.9139127210748113
4392,2.6050389449471014
4393,118.77631092517916
4394,82.21360994746344
4395,3.1434181382988227
4396,26.023272220885083
4397,2.52358187726292
4398,6.252192779275028
4399,3.4612210113578117
4400,237.40937630994318
4401,6.806667435459405
4402,241.31862194254018
4403,266.11678180103434
4404,244.79071246499933
4405,351.30411136195346
4406,46.03710484594747
4407,84.78706355909199
4408,6.22117443615692
4409,113.2269127678309
4410,-86.99793920100703
4411,2.819976232026778
4412,279.86604844666874
4413,210.20430364447103
4414,3.832423406646213
4415,186.6399868663576
4416,66.2634950096282
4417,2.7510583024383393
4418,228.44696998359385
4419,261.6462559164377
4420,343.80118729572655
4421,325.4409761075319
4422,25.47412667781784
4423,2.4986269100377294
4424,53.565665735044924
4425,178.72508028284633
4426,5.346543363706396
4427,223.33340547088187
4428,6.309999012612992
4429,4.931617829755616
4430,5.181059039558884
4431,181.43337080807692
4432,3.6605116438661818
4433,3.6537199213155267
4434,110.38683272206194
4435,5.707190686078851
4436,6.352726702358591
4437,13.392188505342283
4438,103.45579659009687
4439,7.386934970806887
4440,279.0701558172031
4441,2.225404119586335
4442,270.0720794162159
4443,5.876551238897365
4444,271.62218013184287
4445,3.8826604762850807
4446,3.692077585435108
4447,137.3653033473956
4448,5.005628550402232
4449,-9.612661286280058
4450,111.70290175451791
4451,109.66307801159567
4452,243.24742902565896
4453,255.83074318383785
4454,4.891328564706907
4455,5.4648674637375745
4456,192.4328078480006
4457,4.118797765194406
4458,7.068144756522574
4459,78.67166126679382
4460,0.6435363682524006
4461,77.20525934534207
4462,170.05298790815402
4463,51.10415021437378
4464,4.477289499084561
4465,102.21902357850564
4466,4.464542000746003
4467,15.114256359026621
4468,1.7971773641967879
4469,2.33259468387756
4470,4.846592848412788
4471,2.866547937190668
4472,234.80762632162867
4473,3.572552667520042
4474,249.22756694473563
4475,4.335525439361946
4476,91.74354275686589
4477,5.837188576090989
4478,4.4285662803061046
4479,128.82068455485322
4480,284.8354973584333
4481,3.6674496765905467
4482,201.4034622866737
4483,63.276535857498025
4484,299.8316212231734
4485,207.44814163245823
4486,2.4268265895156764
4487,118.26588777128785
4488,56.949306867701885
4489,-35.19239980987256
4490,107.52307332269491
4491,5.4177311297719015
4492,261.2787335461509
4493,308.21183461464716
4494,12.744825222118132
4495,2.776176773334262
4496,87.15056037872412
4497,6.711367855514468
4498,211.8919023925709
4499,306.07535163148066
4500,159.157843413977
4501,5.887539145348624
4502,5.887675659501981
4503,183.0319735825566
4504,-2.3656169774864555
4505,71.4345391012699
4506,2.8889054498430484
4507,-2.800043580229059
4508,131.44878296490538
4509,51.04257487266892
4510,2.176560960516994
4511,260.33044135261514
4512,57.99903262634723
4513,89.73827151460763
4514,3.177593109354382
4515,2.7277319413778205
4516,3.378179700948809
4517,5.226448815155116
4518,24.37338925855743
4519,110.19052845153576
4520,59.09140315556783
4521,2.7185257778148495
4522,68.73384451247372
4523,6.690087394445829
4524,209.58722079242415
4525,15.317599915546467
4526,2.2243027689834127
4527,115.75789865012271
4528,117.30730633538404
4529,105.71662952905919
4530,151.8857282915496
4531,3.828353766044221
4532,4.37571297816924
4533,4.550421532402345
4534,62.80671239235686
4535,6.0258544141982195
4536,2.0980534760748037
4537,1.8382992226147572
4538,6.399163735476552
4539,290.5789450993818
4540,181.95728400314084
4541,3.3124134305034034
4542,2.66901670982011
4543,214.5439341681897
4544,31.797880822532044
4545,5.20948416771172
4546,35.818323880842804
4547,5.824143233868254
4548,183.80702817612126
4549,4.703497864660106
4550,232.51591540682614
4551,25.780375158466953
4552,113.76834274560059
4553,120.74929584371063
4554,4.523999335148703
4555,194.29665905740973
4556,284.47800272761356
4557,5.10330267254219
4558,4.5065703281060845
4559,79.56540986005287
4560,7.314490474357445
4561,5.3312042858175825
4562,187.4883044040908
4563,43.971446430751755
4564,239.0195160494535
4565,45.78817495942621
4566,224.36427240219433
4567,282.5473599053596
4568,140.84042687923755
4569,4.74596763882229
4570,195.79793973938996
4571,260.4779218442365
4572,5.012375162042641
4573,3.082297729535783
4574,1.7178821140790679
4575,5.628672564966668
4576,158.06961099705697
4577,247.60820736916395
4578,54.8581218191371
4579,6.987577344219918
4580,0.7856096840275872
4581,351.0727996258957
4582,65.30326750430874
4583,1.7369634121359399
4584,282.35896543729064
4585,42.057581349271146
4586,6.157913824595029
4587,3.8807516554305352
4588,1.574104343507103
4589,3.8021040923406115
4590,3.0394353271914754
4591,73.01512408312504
4592,5.3683905769735265
4593,115.71505686111402
4594,-7.513175022965258
4595,3.0465668902209053
4596,61.368122149511294
4597,144.8398205770365
4598,4.419314249622964
4599,-29.22290452278258
4600,89.01464240646762
4601,7.094099832397308
4602,5.15882980854116
4603,5.421482455955879
4604,79.67010854100036
4605,1.9821070838021289
4606,136.68380727332578
4607,57.3379981055242
4608,4.463745531315645
4609,217.05996788354685
4610,118.41660978100245
4611,102.36555016537102
4612,3.2638533194223904
4613,-65.51711606381923
4614,81.20699173944095
4615,-38.86279073702582
4616,4.264831639142173
4617,4.802848277255455
4618,4.160351751275531
4619,6.2295101300464975
4620,6.680852113720684
4621,85.63260484729962
4622,3.948212583804004
4623,5.970230028672538
4624,1.5041833846051402
4625,81.03967077438197
4626,50.013546518285324
4627,5.274032234624958
4628,5.747296878648767
4629,73.17356957916391
4630,5.515751422389057
4631,7.373035959704475
4632,6.645462665443946
4633,213.86816469388208
4634,5.839421676741647
4635,6.019680359139074
4636,73.71819425093955
4637,6.967933770182844
4638,409.56225638227716
4639,280.18758472875345
4640,2.0949310515469586
4641,208.519288450533
4642,152.7028360681386
4643,62.19036894847706
4644,49.33147012701386
4645,5.6379417323386605
4646,47.71659620297799
4647,14.234769099934773
4648,190.8590566623682
4649,124.30672591498163
4650,133.38261847780322
4651,43.839679694886215
4652,4.786721032762282
4653,247.7849889256667
4654,13.608176558551154
4655,5.53290482614797
4656,3.0130226474956943
4657,3.1556598950816745
4658,6.444765080592689
4659,93.02477832707946
4660,2.828648298630527
4661,2.8556498021216514
4662,3.542759540744912
4663,118.87440536415971
4664,5.871844600433131
4665,155.52983320165146
4666,240.6184081981885
4667,1.8434844871543525
4668,118.3990661227973
4669,250.7780399083764
4670,28.127377914361634
4671,1.945740504469602
4672,0.9156465793399219
4673,73.40908676760372
4674,273.3003157486231
4675,1.7817707756335064
4676,138.41576516054909
4677,57.9763151140711
4678,5.607595230512073
4679,62.76147673723736
4680,4.804228335568884
4681,2.060666656287746
4682,169.22984459661987
4683,150.50792116644465
4684,107.6315504542647
4685,247.2740418240552
4686,4.152085747733292
4687,235.48747968838643
4688,342.5881206401579
4689,99.49747481984002
4690,6.108472393590413
4691,6.7909424108192615
4692,4.331598596657592
4693,105.88390538107552
4694,4.22915157753738
4695,369.4529830279488
4696,4.474226750077717
4697,2.4477858760603466
4698,4.5105860179288575
4699,3.666454514227779
4700,103.9617191431292
4701,5.495615684243337
4702,1.9600947064800325
4703,3.7594888976370373
4704,4.893196524581032
4705,277.6812815330816
4706,3.4484720839075487
4707,5.084579880473514
4708,3.0755430306398086
4709,79.89857326172415
4710,165.7857415160002
4711,6.2759161422620275
4712,240.2200253835415
4713,3.733312046234248
4714,5.736708611264897
4715,72.01150539736503
4716,54.01127526293563
4717,7.247023879761178
4718,5.8088978397845565
4719,180.68741522982225
4720,160.23678235134355
4721,6.191820221074136
4722,4.034714478138753
4723,6.454760983039624
4724,62.653209000193655
4725,173.34702925871
4726,3.7382647581863466
4727,264.6615271983523
4728,242.55288418448242
4729,3.8946909788393023
4730,175.15242759689207
4731,54.915585256984954
4732,-54.76034165481539
4733,5.4639639966132645
4734,6.119343518274199
4735,5.582789987267812
4736,3.119816050989443
4737,64.16105169025761
4738,-21.76244082450173
4739,138.6642843804273
4740,293.9288913127878
4741,4.433323456922508
4742,91.75061576524588
4743,5.476526799582981
4744,260.3304224049835
4745,65.39796493787705
4746,4.07760614265179
4747,2.817710046982012
4748,3.130284418921988
4749,5.975012373071451
4750,5.743298053770824
4751,3.8755853775052134
4752,90.53294484488327
4753,154.839893426672
4754,157.7396931100159
4755,4.0867768635808135
4756,2.0980304619521895
4757,3.6358850344648435
4758,73.20920352630299
4759,93.98958153306442
4760,4.9514633851048595
4761,3.3151141541806726
4762,183.28613727980843
4763,209.93213562570685
4764,2.305609502200706
4765,317.82109352850387
4766,39.323243997250955
4767,52.73100338189414
4768,22.103732324984904
4769,-31.497683107055188
4770,35.140971987077535
4771,26.165044807198083
4772,3.8306870303069984
4773,4.1864220783761255
4774,152.11422747521064
4775,2.435739465363016
4776,2.8971620631535573
4777,174.12891264021493
4778,5.171141429002759
4779,28.624428479140157
4780,1.9886535078746883
4781,59.683018100416355
4782,4.815441775198773
4783,3.7479944860217467
4784,2.6660232583908385
4785,53.78294630567693
4786,75.97344266587278
4787,5.647870753441257
4788,3.5910075172969407
4789,3.1809976246880463
4790,143.34352676500382
4791,201.7971861659641
4792,4.521406632392994
4793,166.5724899627577
4794,51.55874594800025
4795,234.62870359413392
4796,3.317434648133313
4797,147.5817947429229
4798,5.86848192560748
4799,3.982141582931713
4800,343.7061608566456
4801,3.843175172975241
4802,4.853849001453607
4803,279.23483694782885
4804,1.731306928849949
4805,243.14763916403612
4806,3.8396978080990443
4807,3.076116523535973
4808,60.03495589714363
4809,100.79306414116522
4810,1.6591400669699616
4811,2.2031371382614173
4812,5.279032261150361
4813,233.71578204547734
4814,233.71041947936308
4815,2.7488074987733633
4816,2.5619963359473132
4817,6.050659604645885
4818,1.6851673849608872
4819,103.30524270705718
4820,2.4504637829241487
4821,196.49270032078084
4822,117.18318409578177
4823,4.849321887387525
4824,3.2052829631964115
4825,260.1918422059903
4826,4.838662430367624
4827,6.287376786195889
4828,218.73898706448227
4829,130.3058641447083
4830,101.77684722798304
4831,196.48170522741103
4832,7.035740732126426
4833,3.756715886148841
4834,114.22714858308129
4835,3.820381371647241
4836,6.558841331359991
4837,191.60986197898904
4838,22.513710481494343
4839,307.3673169099662
4840,3.2576883214913193
4841,138.16842768803593
4842,29.774178979566763
4843,2.191611626682131
4844,4.089698898093947
4845,4.530188516590031
4846,7.128739852727772
4847,3.9775024013799745
4848,2.472575813808289
4849,4.337043232097049
4850,6.708393155404718
4851,5.767430075202448
4852,105.43444997278199
4853,292.0418550995803
4854,2.730345209662332
4855,2.949700928561045
4856,176.38868083002944
4857,244.40138088115094
4858,271.6791710720545
4859,137.19615040150094
4860,262.2805777963152
4861,-25.950996615674597
4862,111.43873490232636
4863,7.020644503386083
4864,5.914974162965089
4865,1.884091801060704
4866,1.1864251347135593
4867,3.2801472251317647
4868,68.40984065959302
4869,1.162131414151883
4870,132.80670737432732
4871,6.488985195938236
4872,2.282135695260112
4873,292.207892283709
4874,7.490488797697856
4875,3.4019381557871173
4876,206.7274638146154
4877,6.445149952272622
4878,89.30849124416622
4879,62.00278098660664
4880,5.983311289647522
4881,6.079646721946023
4882,34.0142006655381
4883,1.8156593534608396
4884,102.3781861176828
4885,-52.82811763935115
4886,244.93320761542788
4887,5.366807284344818
4888,288.66178683183966
4889,66.50468342100625
4890,225.32921083057846
4891,147.33880182193258
4892,1.9292222335746585
4893,5.6805633062855865
4894,101.59401971353127
4895,6.571026486134228
4896,5.78983836299184
4897,6.034051432124823
4898,3.3285950055910294
4899,188.39049690139532
4900,2.4412940042345337
4901,258.5005482705813
4902,4.0243592200934755
4903,147.60881192593556
4904,386.22656164354504
4905,96.09262423106279
4906,156.7599927587869
4907,180.32568658479295
4908,4.293359783156185
4909,119.03217854503356
4910,152.5478994289009
4911,93.3606505011271
4912,5.317349406272899
4913,196.0845164212341
4914,143.50915998219045
4915,4.245033547002639
4916,4.624090277367891
4917,6.338837397936249
4918,3.047867153250298
4919,-1.6864109152927307
4920,2.0833520548433846
4921,-6.713881905164961
4922,171.14503999509282
4923,227.91649546998212
4924,5.843355396041956
4925,2.214637311252243
4926,1.4803138939077582
4927,5.423074382811059
4928,3.1375933529036675
4929,85.34134319478872
4930,90.20651288947852
4931,-3.5243449282298
4932,5.8431963290184745
4933,232.45215289848707
4934,-62.54799722499982
4935,66.89407521378136
4936,257.8852715830835
4937,21.028621893180635
4938,90.77516703424115
4939,59.82409179131811
4940,3.9474798241800304
