id,target
1,4.242168365257791
2,2.6109540232763733
3,309.725615346661
4,-45.68847134251786
5,4.3155588654890575
6,6.663957132883352
7,4.942139075221822
8,71.9655628276972
9,69.85298764336821
10,63.50308615786993
11,29.888204566575006
12,5.6907326013788415
13,269.09979944024775
14,192.14972769879898
15,3.6530775527157506
16,267.3632250756157
17,3.340653455662682
18,102.67419608495362
19,3.501426399002524
20,6.72256975981187
21,-62.9090310600601
22,53.922468411155876
23,4.423298941218453
24,2.5841457549772704
25,35.38050125114211
26,88.22074516418937
27,1.2534819619020072
28,165.1557984758779
29,49.126027668772686
30,3.2722629654144244
31,6.340955683247866
32,30.977271193089397
33,46.59233310923156
34,3.6285751248871083
35,2.34696887486236
36,6.473782412673995
37,245.76683689606534
38,244.3392974760418
39,55.26102241605435
40,128.4933317717173
41,-48.67277874722524
42,3.089273508612094
43,5.681495684225054
44,4.434411053324994
45,145.76921768492613
46,52.17308963930559
47,3.3158343743827343
48,-73.53188228560396
49,4.425569629558256
50,1.8745029356857514
51,249.1240885517679
52,3.1053269182333834
53,2.3469194471648307
54,72.46094300771702
55,2.896866164790242
56,4.435180725678132
57,5.689253154350536
58,174.4634957775532
59,239.7825551261231
60,6.969495692566159
61,2.4105102896352233
62,213.64604863701607
63,6.649865090739361
64,2.514544386005636
65,2.0471094585744716
66,4.01855747637805
67,4.903495838812187
68,191.49972299334357
69,124.71214584656215
70,2.3520419242931316
71,2.6091326638530807
72,2.1362078056554914
73,27.11202107449794
74,254.07593170170617
75,214.5643764187859
76,6.358818787418386
77,5.812908239543948
78,127.93037059016486
79,275.97516409584415
80,3.834918550301192
81,51.68905060166661
82,4.460369817467163
83,172.51348509867287
84,53.400256073861065
85,-4.935447670766209
86,2.2710691267770136
87,57.788815502478485
88,169.3173048005165
89,6.090323896521048
90,5.126696207109763
91,50.32234628134336
92,54.86145373220677
93,38.33142925470868
94,4.587421420942178
95,4.0073845989068815
96,3.184239628904493
97,7.236239219749809
98,210.82306679185984
99,74.33493489376822
100,281.7345970553724
101,5.2857635677227135
102,253.16975222537246
103,4.274118259823308
104,6.633464921837527
105,167.99228026941995
106,23.750394340679513
107,294.6543630660606
108,2.5374405631603345
109,192.56589346335213
110,3.4647475022537826
111,60.91124614201628
112,2.0114263016919933
113,224.6561728655846
114,6.177673169218166
115,5.148182103561591
116,379.7193997154589
117,193.40004543167458
118,199.61984816154927
119,241.5434329594769
120,334.19798062380437
121,163.70186853625341
122,3.2571632134817996
123,140.4077679017433
124,269.9889981041142
125,103.63583586341667
126,6.359750514168088
127,128.33057086569212
128,3.7829636907529114
129,259.3705146156711
130,86.97121565358935
131,60.22378191273264
132,4.3086526301978925
133,-49.34679930810785
134,319.5670250898057
135,6.198107091108457
136,2.2492158799511373
137,120.66869298789737
138,5.8009690171725214
139,211.0200197629548
140,304.93058044750165
141,47.56813924566747
142,9.212001363557885
143,31.445692177659332
144,19.56072070046573
145,6.635952271033577
146,196.625332275017
147,224.38285944311235
148,2.118330550456262
149,168.0251257648531
150,73.7272555281061
151,286.15233733697323
152,231.70162876637647
153,182.3427919554282
154,47.191838984394764
155,4.424242913108043
156,204.9904423167638
157,145.2618148198938
158,102.04234382461655
159,142.28836189473307
160,6.4862638910637695
161,43.42646030360557
162,4.65523661994015
163,270.7585138781372
164,3.1180387136409795
165,93.86663294102684
166,210.05345040337872
167,340.5312416485692
168,7.150631780240879
169,1.7524137006691223
170,233.09473301335726
171,2.9447895817981156
172,4.408607863752709
173,-54.726913457033795
174,3.7568733644395387
175,5.565345297262113
176,147.1393595888792
177,75.55041731214861
178,313.04193767294726
179,138.42389948366213
180,220.9036736854538
181,6.3076072898898765
182,2.081667124028053
183,289.5374625920288
184,6.3572834161457035
185,1.6471025055787936
186,3.4051954161833016
187,2.80555152393873
188,3.904632727201051
189,88.6511202316161
190,4.207784787389202
191,2.0981410151273403
192,33.857959900671204
193,3.4900480809586423
194,327.6174980197087
195,87.08478948168447
196,266.92739206237843
197,112.82331765910911
198,215.43120386144506
199,51.18448840596388
200,1.9675040409405198
201,3.2680581435667926
202,89.72737304752252
203,44.2919897780087
204,4.311727293049929
205,274.20115635255854
206,57.29614269543629
207,208.61742413555564
208,137.09764113923296
209,65.70641099417884
210,175.8615908168385
211,66.53701798406223
212,102.49005927277983
213,274.9666234886109
214,60.67141037352552
215,7.623353942817677
216,205.34388523195514
217,72.6949101548418
218,165.62728539723526
219,202.3397073472355
220,6.056003538775699
221,231.30926740673584
222,179.97839940550068
223,2.915479234271526
224,162.07593034201955
225,272.1655849241314
226,220.65234643708328
227,43.975605686201064
228,272.58287929251816
229,251.90602872896721
230,1.4443337254503066
231,216.06924561053063
232,53.653092021782804
233,56.84893743883203
234,245.42941791323014
235,120.0628765829018
236,2.2803891103961518
237,5.9692706528555926
238,38.31042102429295
239,6.363366607395427
240,181.55911630176652
241,309.49493871560946
242,233.3071188044808
243,4.229992564880776
244,3.3364845515475823
245,51.976553713123934
246,125.11080812316001
247,123.1616166453146
248,6.273714081071904
249,5.970969973942773
250,71.17461776293004
251,49.19234877708884
252,186.02966721269905
253,7.777906174715895
254,183.26420594641633
255,-45.57817698728128
256,5.698075849370049
257,2.1473907091206583
258,64.22097267537671
259,258.67683254607635
260,2.531751478152099
261,5.627611393609106
262,6.346357240795121
263,-42.92743021550213
264,3.6730331577898285
265,3.773935014448429
266,2.0996509806568797
267,3.2660388716164084
268,1.931835157488782
269,192.13139005269255
270,3.110537088940167
271,129.5598390340835
272,79.61862035250846
273,4.6204249168628
274,4.642977033921249
275,324.3782335338933
276,183.83553688743325
277,207.07498232754563
278,-60.8299419916358
279,4.2903441471721955
280,191.52637994240825
281,5.272286344579838
282,188.79478958033482
283,197.9888689210375
284,144.2368704208052
285,243.47021460954807
286,136.5937540695033
287,233.58175455234925
288,6.163832853313027
289,126.24529770772085
290,4.589104584928701
291,102.59383684294464
292,4.017409470175413
293,80.26911738331845
294,122.67834469786777
295,5.911104581534484
296,108.90148329625362
297,50.57184737272884
298,-39.332604411670204
299,200.75467333641654
300,5.8850964857944374
301,4.382133250057917
302,5.04091934835286
303,4.304702937980272
304,3.9358733171721703
305,4.769332467472452
306,252.44972785703584
307,3.7481636201504545
308,3.1897551030980194
309,78.6631510415753
310,2.266818227993226
311,2.314157074189238
312,3.8021495966734893
313,161.6561230795364
314,3.9988272482296106
315,0.4005260545074286
316,1.2524587318688143
317,3.701636891799739
318,4.044931465107419
319,34.56939843615026
320,1.8693862989298018
321,6.259162670333264
322,3.2583309473750233
323,1.8129679126171143
324,2.4936681507645515
325,4.522530885884679
326,4.992005477635059
327,50.167583068218605
328,3.6451812351824087
329,83.86201464549886
330,51.99117521331266
331,48.80666389764788
332,5.51682659831851
333,2.5294706962583993
334,6.7357444023614015
335,153.90438603896925
336,3.7245595366693856
337,2.388759336920311
338,143.50836644696193
339,28.491818711198306
340,294.8423356809248
341,134.9630626044149
342,53.62331480380006
343,3.7007970817497293
344,2.4086806245351626
345,123.52407415480181
346,2.7326298339934416
347,4.668581528554953
348,63.04906857857452
349,-49.059270715102414
350,92.28315014481524
351,244.99576371161857
352,34.77059947189997
353,1.3384577238376667
354,5.9729123675012055
355,318.78170642097473
356,223.1606452394218
357,3.314323215283412
358,20.559042183938963
359,4.306354584995941
360,136.09755646186397
361,4.988923764717384
362,5.306345584331007
363,-7.010305315218076
364,4.207176743143749
365,5.52158809183961
366,68.53895563576239
367,4.818031644891489
368,236.74776433122747
369,5.836797540295896
370,-32.664970647370154
371,255.0203633733596
372,41.50483400670798
373,144.6329519994541
374,-8.149084354032707
375,96.82105431476542
376,2.8955460734743568
377,2.734184445664181
378,3.684557480928786
379,2.8506408397545955
380,0.596620389260767
381,6.107673604550422
382,6.271059556385094
383,130.05634889342375
384,1.7940359988012535
385,3.651340676999622
386,270.6480904827229
387,2.2579151897588834
388,3.7291966943324164
389,64.1308403601213
390,4.587703694562445
391,163.19069609979556
392,6.31498813444463
393,3.8249080734294023
394,310.4903540879948
395,198.8935209535074
396,2.750076223353564
397,1.7589746829834685
398,6.094067123100382
399,213.5932069319715
400,231.3684952147371
401,1.6376437582574064
402,6.335796780240047
403,5.7193425482428015
404,5.621795791500982
405,13.549138154798644
406,7.729052578695766
407,-59.3518879042779
408,4.28936911736449
409,3.417115960497946
410,3.904528254679806
411,2.8528215876023095
412,-26.679692318114718
413,329.5366888208407
414,5.856485971150073
415,32.562322696083484
416,3.320088426014609
417,6.722236074819172
418,5.773643290547911
419,5.653274946965148
420,4.670580463538567
421,152.65387857863584
422,158.90158024209651
423,124.5083971420741
424,164.7712099616449
425,5.6621569582019475
426,262.32154637985707
427,3.2214822059403287
428,225.11565702916903
429,2.331386675735381
430,4.394808909455049
431,269.9239486851893
432,143.25361334313953
433,8.867958567005928
434,6.280774408469346
435,50.1312347348237
436,236.41113785826929
437,209.1219882983524
438,177.01582237723653
439,5.779451670632585
440,265.7975315444372
441,202.09032202740352
442,121.05874660252402
443,322.4370043751164
444,5.406251213219423
445,6.163452948596309
446,63.49033959947391
447,1.2415316717934046
448,6.2908628945309495
449,316.38599870356273
450,275.40674286410933
451,154.00939831645283
452,233.45941154175074
453,1.8837427328819898
454,4.130224125151425
455,129.05128113037077
456,3.138576295273282
457,4.921290515768268
458,266.5582520456154
459,65.64839605089438
460,26.024844102925115
461,119.79273798263725
462,6.071984509512832
463,191.87020773212768
464,5.11309305376871
465,149.46607881920278
466,73.51494447312524
467,2.3320487289571115
468,5.439671984635682
469,31.48567092244889
470,24.662098223319283
471,1.8163518852759641
472,1.9206190629456183
473,62.61655554067684
474,5.99085931584678
475,127.71509969657427
476,6.47203372207839
477,1.7893337265339655
478,4.4386166084438266
479,213.59521772483515
480,4.942814717886785
481,5.649640543010232
482,233.3839923244407
483,1.7248251636638416
484,202.88390338372398
485,106.34558924296996
486,4.580984932202816
487,2.5216006106881044
488,203.1509954796819
489,2.7803449361256645
490,4.815369397679197
491,6.342425014001721
492,3.8290041220328357
493,3.35212976749025
494,234.92359598166018
495,5.81581394799988
496,200.65244875786067
497,5.6253313683514685
498,5.97742054508878
499,5.814007551391337
500,7.613453750988697
501,3.2249930059576934
502,324.6687546471345
503,114.2679485515247
504,-9.687263815891733
505,2.0600209780631378
506,6.497337460940745
507,326.6784854854564
508,81.0347686621085
509,278.19048137187525
510,4.288515793748827
511,100.59871892967783
512,207.1756811804147
513,207.8592525110704
514,336.4750656505962
515,237.83696249833213
516,232.57075185512565
517,292.1226666456746
518,7.0713813257514975
519,35.3249373427952
520,312.37938678956255
521,1.7984123460639228
522,3.9068439385958516
523,229.2693736801114
524,4.402149393338573
525,169.34076210503054
526,5.741521755751578
527,4.935343202361677
528,4.420331043684064
529,6.385029837521762
530,249.76671274252215
531,95.54827084787169
532,3.878255820401372
533,60.322444350857765
534,4.207952765527551
535,6.844643655073046
536,5.970645174813112
537,1.5559428553086576
538,5.202362944433883
539,269.4405745148468
540,279.89260291199764
541,256.1459066867553
542,67.47418294043759
543,102.46840205343925
544,4.913326066297359
545,4.190955629992951
546,4.024764277161723
547,2.0290895213061506
548,324.73668152282096
549,5.779551174918684
550,244.73811552988383
551,5.967877078374244
552,115.31815807929985
553,3.672602880467589
554,68.20864932524344
555,95.44245527910654
556,245.85791516845302
557,198.3452645757278
558,5.413461145888134
559,5.669103847405611
560,142.48881015814212
561,94.85988266278267
562,176.29177392485389
563,2.9652529674377632
564,16.58332211840432
565,152.39606252358323
566,2.4302137635635748
567,46.61498257652954
568,112.72884987674541
569,313.96241980949225
570,4.065205642179241
571,209.37762628553236
572,3.2457267435902617
573,81.530150894364
574,117.04471243996431
575,7.4426822365519865
576,1.8205207372755015
577,2.949431448387113
578,174.08306291228018
579,1.5685420228863096
580,281.96901622677666
581,63.26562766451292
582,81.10825605138362
583,5.374482289093489
584,2.9808020664963157
585,152.76100547521906
586,5.062793447902061
587,219.599519460949
588,3.1096384741821894
589,190.34356081589422
590,303.7925582471639
591,148.85796436028605
592,6.901076868906001
593,237.37286402878686
594,289.1486212955999
595,38.54783274371357
596,5.331258553384068
597,118.98830413748584
598,2.5677719956090566
599,74.1173567977896
600,146.6302452447959
601,145.52284100005105
602,39.37187663756856
603,2.1098480502119856
604,245.57894014266992
605,2.415593113516029
606,2.8446943383287824
607,6.649204527251394
608,51.171502498271664
609,266.8347350064602
610,47.94554273435876
611,58.78610591712113
612,-4.076119772819348
613,37.38426013526043
614,50.43366306738659
615,1.8895397815378163
616,178.62292827202504
617,-52.66818337615798
618,232.04033661233484
619,4.792161691227302
620,5.88356486890018
621,174.04569069546855
622,103.78360271887291
623,188.90644032321114
624,196.21803898882985
625,2.457307774850226
626,1.5648965287442251
627,61.10254246181536
628,4.396274825291203
629,227.6062118432351
630,4.349232696330413
631,2.1997404210871787
632,205.7831698209505
633,156.75285092835725
634,215.4073855122394
635,2.392496045797227
636,112.71117336468919
637,113.25356997655378
638,6.680656355566835
639,51.29255593526149
640,115.10214133432333
641,6.850574379987728
642,3.1880316183837643
643,282.9039173591342
644,3.631549060306894
645,86.15877309996921
646,72.17631257386407
647,189.35509925268516
648,272.34418785995075
649,373.01687082026996
650,328.4250239141492
651,109.90323710534342
652,64.01770896292888
653,3.249824177661654
654,196.50827103130797
655,-18.768934843371866
656,220.94733391700174
657,185.68191887797929
658,280.3823426343992
659,1.8770737945351643
660,116.74316465185791
661,4.119535249481727
662,125.6951295985844
663,3.501813003858317
664,-46.39275196421464
665,96.26201643899343
666,157.10956961031383
667,235.66415033716106
668,352.7446187530958
669,176.64588124652553
670,196.93231157844144
671,118.26531208353455
672,81.97606049000112
673,3.917724057918222
674,5.375226037394445
675,5.741691383098837
676,5.218671428296419
677,0.20088029262477614
678,188.65448916971795
679,4.877200029497505
680,2.9378200424217775
681,1.9312232072022275
682,73.55326818435435
683,5.866217327915139
684,178.7345851621261
685,219.5772307969133
686,6.038025820585436
687,360.01089107337776
688,75.01802790306179
689,85.9552548960065
690,340.81782040747237
691,3.7318662928653605
692,79.83048660031938
693,5.01820420879131
694,6.517069195003327
695,-8.030653769049154
696,309.94053134125033
697,0.9190292093283474
698,230.05560570684844
699,1.8200395987375781
700,253.30618926522084
701,3.6116533258531076
702,4.869597252438631
703,61.60906208309969
704,77.11828780848478
705,157.15437532224598
706,226.95445960923595
707,182.69979128050034
708,66.24335665752912
709,87.40183939049007
710,214.67049817908253
711,245.2205497639889
712,6.668054904997909
713,31.55680693505547
714,6.583401395048546
715,241.16918780372748
716,2.8501413794504344
717,85.83505008848738
718,352.7805827126804
719,199.86637705482968
720,4.630483803226971
721,144.23080984404098
722,2.370031710658828
723,6.383742639450494
724,3.019690260752031
725,2.6871999131827504
726,110.1646764322384
727,244.59006842348833
728,43.21700990452483
729,55.17649486572211
730,50.4252384869283
731,281.4601972888173
732,4.462424191198972
733,6.4617095423170765
734,24.751695216489637
735,252.46951740194902
736,52.42532634807836
737,52.023627986198846
738,122.73304559448869
739,331.35310441655207
740,133.95476028205826
741,32.26801223950377
742,276.5425696619831
743,140.45764639727918
744,1.5975724311346506
745,284.69888564200414
746,180.83255334414807
747,3.547067584339372
748,63.11407064638118
749,66.16979975825915
750,204.30295563961735
751,59.273345161839
752,234.95539549534928
753,2.0099654040076746
754,254.19997025826666
755,5.794071787935982
756,6.036518249822928
757,187.74999736878408
758,2.553619608550987
759,70.95986534174732
760,1.8019607029056903
761,207.76950399007688
762,5.031949025779969
763,2.0887663879257024
764,92.4671887974995
765,4.668612700841684
766,27.748584810563656
767,1.1140857388122587
768,5.037494307861928
769,5.8588341658648115
770,1.95581406749125
771,259.02972389947166
772,78.83542656556324
773,123.32039439349495
774,-11.526507578003734
775,53.63240658222789
776,4.1768153616890755
777,264.0283746798035
778,-16.942791162788293
779,148.59507538480074
780,77.79053146634368
781,317.0044244157604
782,3.6015364445049185
783,47.990979048770996
784,2.7875323587859655
785,55.28248785405228
786,126.20734743917004
787,5.449959915756104
788,1.8854142542620458
789,184.37139118732463
790,61.01970240066543
791,-6.809529375524358
792,84.82655716096973
793,-69.43921445156447
794,320.90892365969603
795,-51.66568666241045
796,127.41714005841212
797,3.541574257458135
798,65.25388235061376
799,3.385261242234484
800,5.918454025703541
801,214.949400124141
802,73.61767569767096
803,143.2206863761065
804,6.727385805311329
805,2.1439789297689167
806,160.54706663406256
807,2.717360841884685
808,63.198740490543685
809,1.6145007967684772
810,51.30067143179077
811,257.421052431739
812,114.9033861472031
813,288.477342176459
814,5.846022868199297
815,4.639421760983097
816,6.977032404122256
817,3.1929099207003335
818,7.804000751971975
819,5.191111841178042
820,71.0003490686554
821,5.872910793057057
822,2.0340628584915352
823,45.32751667347826
824,68.17500267172545
825,7.010612302358497
826,71.47396184603576
827,4.027686588679755
828,6.124017947254121
829,48.77624448378084
830,158.69788360215935
831,113.84990480391201
832,6.121551643812204
833,249.39880311785106
834,194.7659001563618
835,156.61221719965414
836,2.1203331498672795
837,83.69816552268541
838,139.9143156823289
839,5.985330958678398
840,205.4434696751572
841,144.38971221849656
842,52.82541834617132
843,2.534232074832109
844,2.8866201782386844
845,5.325509089714063
846,6.42322140999005
847,5.45485648582944
848,172.8305753237699
849,6.191435839899436
850,82.97825943408546
851,19.47869992197613
852,34.985973613235515
853,96.65075003514234
854,62.98720060184137
855,7.335407034922189
856,227.68048134899414
857,79.8508116943404
858,82.05157862360383
859,225.3178672504618
860,2.08644736059466
861,3.5237211436084053
862,2.873845159329284
863,101.27974257209507
864,248.7267916425153
865,265.81924947110014
866,199.75381528547362
867,5.018147445789618
868,113.6265299923973
869,167.06080258360032
870,127.96893241005097
871,150.60869977691812
872,143.7514967973176
873,2.9678015990361972
874,93.21089631393403
875,6.211558949471858
876,111.27973492838933
877,46.23602354529497
878,181.41646952805712
879,5.474041371477649
880,6.779195273894501
881,156.38094086862927
882,5.862422568439891
883,239.43833871546803
884,5.880692373817014
885,182.67097963447998
886,53.94118207620057
887,2.488511156326043
888,2.1137672236343796
889,275.9209786654343
890,4.22723334334632
891,2.6821186250115217
892,57.21932755073817
893,4.8931155769167685
894,-11.549868582754048
895,3.4780758741979163
896,212.37305851858144
897,2.5838602397230854
898,227.0339202632469
899,-55.741622477537604
900,243.37165372335227
901,3.9449428782967626
902,202.5379686622461
903,4.986006462453347
904,122.96462936121804
905,1.9409737381279872
906,1.0906293496055925
907,202.70051748865228
908,16.20168108537899
909,75.32292510936813
910,2.303040242402739
911,6.639462288319351
912,275.5231549124223
913,155.34196137708938
914,276.0308049517654
915,129.3254151761773
916,119.29719372527721
917,4.113103523285634
918,2.282770519353765
919,2.740350093707882
920,386.50173445717155
921,116.31885954380945
922,198.80828289860963
923,2.4192757075466726
924,118.58804099687494
925,192.24216395403462
926,54.625439486348725
927,56.12618553505454
928,5.144688858264907
929,39.08747203661536
930,26.102799894402025
931,206.80747699873453
932,181.56475371233307
933,5.4279103390165995
934,2.079818187511486
935,188.48946775979272
936,41.25828073231339
937,3.730986453978583
938,4.52995630806721
939,73.26673069953254
940,1.5278593606268198
941,5.829317666877406
942,4.868293219706798
943,121.52417519271756
944,4.578474432510491
945,2.0064498370283883
946,57.81081792107507
947,27.475769231899996
948,56.58077305323757
949,232.6956982758155
950,351.34838337463236
951,11.31943363266657
952,-14.3214780215306
953,6.246331016322363
954,257.1562380218131
955,198.49765897637698
956,144.4507992454744
957,2.609821148539144
958,2.8761693740009164
959,206.57807597175173
960,52.611330127278265
961,162.63175290606094
962,3.2813972136306475
963,6.3079151146694095
964,5.005754223159906
965,6.285315961032099
966,3.342102737539772
967,43.224435351463654
968,173.80711437616247
969,194.0131539541956
970,6.306563309524673
971,369.30454951458194
972,5.310419672365397
973,107.54161753754946
974,5.609499138544617
975,3.7937773768882295
976,5.203930109752088
977,196.61586582934953
978,297.2879839850652
979,1.8944623016585096
980,1.8618202374966197
981,20.70533435874539
982,41.48171769120661
983,306.56744452093244
984,320.08474052579817
985,267.66558942166466
986,106.08252954994684
987,2.9459918462509793
988,243.3498927757385
989,356.15817461824827
990,58.25956722026493
991,4.092104918390824
992,312.21364025696965
993,173.84263133817
994,3.5419687951915213
995,-8.77490557402695
996,-6.042831421126738
997,2.0626744914660047
998,41.99440836171214
999,62.87631461840037
1000,-18.25055490623562
1001,281.10814058822535
1002,148.33918000805505
1003,5.366428734304433
1004,1.2112613035124626
1005,1.926208458661282
1006,3.826060094822713
1007,154.69237920436106
1008,1.9752179001028398
1009,6.3592302304891035
1010,4.116205697377103
1011,261.9844581181056
1012,13.880732801338532
1013,200.88354370689615
1014,45.44917137465437
1015,238.86089678396345
1016,6.554121439834519
1017,5.053837879200286
1018,3.5691183041021795
1019,6.550621771881685
1020,4.48683934775566
1021,122.45294129775735
1022,85.29832006634244
1023,190.7772584727123
1024,185.92035544572215
1025,5.284764433533729
1026,4.228143218672262
1027,4.9664081554367705
1028,89.20118162308259
1029,3.815105677263876
1030,39.39806275254185
1031,282.13428733374917
1032,3.0590486824625778
1033,2.25921836013496
1034,245.265245910199
1035,1.4234863550335377
1036,247.75893825254047
1037,6.978627710729038
1038,48.765185712049245
1039,3.582535034280347
1040,-28.548107005905827
1041,3.294736768113405
1042,3.279130914960036
1043,3.57499954763626
1044,340.81871819917944
1045,136.76833388248897
1046,31.37366326682077
1047,224.57141178935103
1048,1.8416374013083965
1049,2.7199951988787956
1050,6.34075889195239
1051,56.557129418767786
1052,176.59420914541215
1053,254.56992574377816
1054,6.402413498674769
1055,42.619387750169466
1056,34.37686878770418
1057,4.330323206192425
1058,2.9299480239773352
1059,2.9353374261817624
1060,89.23227340011533
1061,3.7548984855263767
1062,6.0142176651132475
1063,295.6950857038782
1064,266.69190321968586
1065,83.51122576082543
1066,271.3832552365019
1067,265.02277888314524
1068,6.192568022146164
1069,4.411700644418174
1070,316.823870547355
1071,185.27257775689304
1072,5.208974646921231
1073,4.018831173536723
1074,6.285011273955696
1075,4.624900504017769
1076,294.7309059235189
1077,6.285827300328644
1078,154.59704167463588
1079,2.942548724957309
1080,2.634418897291189
1081,5.83450650706099
1082,4.302881776886895
1083,3.318108800949072
1084,6.134221951860347
1085,123.88472495594425
1086,165.9275013658231
1087,48.29100368110364
1088,261.8838307591946
1089,8.435466060457582
1090,152.25287877742852
1091,252.10413446655812
1092,5.86492017919085
1093,4.477208069605597
1094,6.59890783384839
1095,3.762386666958392
1096,2.871098003477881
1097,4.92153718915785
1098,80.4724321364323
1099,114.72671446177301
1100,5.459598803413041
1101,4.70468827650738
1102,6.299890108905792
1103,263.0649480166046
1104,4.620999362512589
1105,106.61649079446053
1106,5.799322342081559
1107,6.199759305464461
1108,8.881232024066641
1109,96.87541598981682
1110,78.89666016510262
1111,3.1849339901940104
1112,213.26655028786467
1113,2.765526452572619
1114,180.4798002451306
1115,-6.483176808820565
1116,5.409813594319212
1117,288.8387182082414
1118,281.9739956311543
1119,4.797741974984457
1120,53.91329541964208
1121,8.808139577094245
1122,241.03529505215766
1123,3.4867121560066128
1124,187.70466008910205
1125,2.693643952748346
1126,70.38651738126501
1127,5.989275822875961
1128,-46.46079016556288
1129,144.5700972175182
1130,6.6065691670461195
1131,33.81887561391677
1132,4.822844138601322
1133,-60.13707010746056
1134,199.46028683511798
1135,202.88262392139399
1136,-54.23807370224782
1137,3.9828165032837566
1138,53.12708336935065
1139,110.50774925398113
1140,115.71105073975824
1141,218.16663943594546
1142,139.19950117141616
1143,26.83635000361206
1144,-45.51131577542019
1145,120.76566620787162
1146,69.46249267934917
1147,4.427947553435611
1148,68.76403130537292
1149,34.22659701170001
1150,4.307057165244427
1151,1.2347340634916084
1152,3.4916392323556584
1153,4.372653227251232
1154,33.94986680112408
1155,170.18192651489215
1156,6.614524376459833
1157,80.89069344504458
1158,208.44578986218164
1159,108.84484805684112
1160,76.09719186149363
1161,1.7271153128113566
1162,5.663449263644848
1163,5.465158233906666
1164,4.916654256608158
1165,201.60040743686363
1166,35.07457593360822
1167,-28.76398177827707
1168,5.160355542084343
1169,176.5754763829205
1170,5.001008952784435
1171,4.277739493612484
1172,-28.30245204448221
1173,3.9511480739675644
1174,193.13973537112346
1175,-50.24246761597937
1176,246.74270865022805
1177,2.2593383647460232
1178,145.34953641183665
1179,2.760067757368204
1180,2.7090475362090913
1181,2.15652428645676
1182,129.57217415280513
1183,7.275987562253386
1184,4.169009195207981
1185,279.43202093232685
1186,134.01639233712606
1187,4.130058842339912
1188,2.868099812413836
1189,119.63902660674275
1190,3.3436923037461614
1191,2.9428846517458394
1192,4.954332079581463
1193,192.94638043296044
1194,5.497161518335188
1195,2.0988413676709468
1196,267.0262346930404
1197,75.16477517253834
1198,3.0479114492973145
1199,254.8390512820163
1200,42.56203504243061
1201,228.3222248038881
1202,85.06526052961937
1203,3.5161163017695207
1204,175.5765780547288
1205,1.860788472420275
1206,161.84244270124555
1207,129.34067937755844
1208,238.6842099450032
1209,247.9120050091863
1210,200.53016204681867
1211,214.251108705304
1212,6.137460136422041
1213,3.6944905131371932
1214,199.94149987042323
1215,120.97604656830661
1216,232.5619118125039
1217,182.23764285339487
1218,-37.05442079094007
1219,6.109879519470956
1220,5.721780110026652
1221,253.18322135716
1222,6.18457573249781
1223,2.4917239904653674
1224,2.77803691312605
1225,124.83387266488359
1226,1.3773428122936744
1227,4.679474469295611
1228,2.4185948410395914
1229,37.43693832043555
1230,112.06703403994423
1231,229.97314073715324
1232,1.8232077284018635
1233,-38.408952725470435
1234,3.15252634928689
1235,14.77964098370125
1236,260.75111344369657
1237,4.197812598751655
1238,2.215553638222991
1239,1.3318365525287672
1240,41.092730715717394
1241,2.0824825364749366
1242,4.325444175448915
1243,5.406652392672079
1244,187.08836033811139
1245,3.8904525678080923
1246,254.06982725967367
1247,5.405297282245835
1248,118.70356069080486
1249,148.77015170764398
1250,7.477014479797682
1251,39.672801022073365
1252,5.608662484001789
1253,4.045140344770397
1254,4.190275010117418
1255,32.943479510474376
1256,72.01756865741038
1257,134.79386294916205
1258,273.72643512144566
1259,51.0240753600164
1260,259.42749290805205
1261,5.702319012472192
1262,5.5055372385862364
1263,188.86391748324547
1264,1.9283791063555311
1265,11.731120005320102
1266,130.52679065323503
1267,2.3784088525031515
1268,6.4951771886863385
1269,256.91739296710693
1270,-55.02240201136329
1271,225.19732796349
1272,54.625439486348725
1273,28.577911820470074
1274,222.40872853132083
1275,156.9036719719429
1276,38.345507340644595
1277,4.074196524024259
1278,1.6628037567509157
1279,3.925739180892059
1280,-62.234464183686306
1281,3.505392614758235
1282,72.49398491605973
1283,157.44584529582266
1284,3.0147900878666913
1285,-54.05742922870072
1286,2.42955213355996
1287,49.05092463853315
1288,145.04056671201184
1289,4.49629408665239
1290,224.26165750704746
1291,3.2777207861371007
1292,48.66865144971689
1293,103.32138487848533
1294,259.79847981000756
1295,175.017259836059
1296,6.16248118713508
1297,46.63261406155297
1298,-7.110077214624572
1299,5.007130124823522
1300,167.06374295033726
1301,225.07940411100225
1302,202.3611948658289
1303,6.346911952642627
1304,3.5465390059658453
1305,5.218407987505164
1306,56.96856753931727
1307,155.7123549807423
1308,1.8833510252965369
1309,4.834270688560898
1310,338.1963334456552
1311,2.746718423019245
1312,6.885648963859281
1313,37.51298160912056
1314,200.4182630972973
1315,164.95277414737865
1316,268.21776107788475
1317,65.63197618312716
1318,2.084971609199596
1319,201.63549132607784
1320,239.4043464186028
1321,11.2903841958315
1322,53.26894763114895
1323,270.4250233718326
1324,241.0595594347675
1325,47.08632993873393
1326,61.516843103347654
1327,241.82840203585948
1328,3.198500441380302
1329,6.108929002470568
1330,125.30720277299821
1331,-13.438841207278127
1332,308.1055923982084
1333,1.2422016448224795
1334,345.4178423642812
1335,1.8801267920098994
1336,89.50415202431273
1337,33.670738925091044
1338,243.90517627806875
1339,6.764326796986719
1340,199.91432598939923
1341,244.27822692484386
1342,186.874404299765
1343,48.4705279998478
1344,115.22577021743187
1345,3.0290306012702803
1346,54.224854222252475
1347,88.15113971788966
1348,2.8205484248138672
1349,197.59802918213646
1350,46.3185012117456
1351,227.83439678699142
1352,2.7259180606195574
1353,17.88935486953222
1354,4.65598202269609
1355,5.924324590212375
1356,3.562183047282722
1357,5.6216636654598915
1358,6.675661080870023
1359,1.6534850337286038
1360,306.1050136315871
1361,4.42242067676406
1362,6.4349344893293985
1363,68.98997059237142
1364,3.2609665784666833
1365,5.862301413535433
1366,6.552216638845163
1367,5.864632147055096
1368,9.760676071865774
1369,184.58478087980285
1370,291.57159374451726
1371,218.43433831456207
1372,30.45051232787057
1373,3.4601581892342805
1374,205.38191146247675
1375,162.5723130168136
1376,5.16323638554649
1377,4.89753159496445
1378,106.71398647414574
1379,91.82021798003544
1380,107.68921706428272
1381,240.78050984851808
1382,91.58094967621979
1383,59.14176829288884
1384,-9.069096563395345
1385,153.4999272001687
1386,2.4592017391437375
1387,75.50222599925692
1388,1.6623930104113276
1389,222.65461901895955
1390,169.78994558696473
1391,89.8957651347917
1392,48.91550722771565
1393,279.1175391007298
1394,-20.658123000230297
1395,43.34086542199141
1396,181.65851838568693
1397,5.498126948016375
1398,196.32514513579167
1399,1.478640382094103
1400,76.43638273865943
1401,319.7725287078682
1402,50.498219784644384
1403,295.1044751216177
1404,96.62075069630731
1405,117.1472105176839
1406,1.947653475052431
1407,113.8237735637075
1408,7.714753875963748
1409,3.5850238808459185
1410,244.12567830736597
1411,252.72590753524105
1412,-39.32517439461212
1413,123.98449767737145
1414,254.61045125197228
1415,2.1110703974172895
1416,2.7614632428367747
1417,4.2835328687847625
1418,314.9242339221129
1419,143.62252338603778
1420,4.498376243633261
1421,38.47536926871298
1422,6.702707832575589
1423,3.1926215858093934
1424,5.539976649460143
1425,2.2274129126224573
1426,-16.388436861497272
1427,3.723268313296936
1428,4.714705152420054
1429,3.1294734969142786
1430,3.846716881342109
1431,6.372488580940941
1432,194.05595764250245
1433,2.8992869570898208
1434,6.395879488117616
1435,4.593300991994747
1436,-54.86979679970639
1437,184.72710013308617
1438,138.04853172949356
1439,6.375756631587751
1440,2.740643954653124
1441,120.76609780302948
1442,179.53425443156877
1443,43.93707314549752
1444,5.7282262304834575
1445,54.425446757936555
1446,273.6821418142308
1447,248.12529014681843
1448,-17.179125574640217
1449,5.874304145765439
1450,276.8864785547616
1451,138.24706082903373
1452,5.377860352042954
1453,5.598654682299263
1454,174.52317614903467
1455,70.04706054091989
1456,-2.76893648860119
1457,7.889853278672492
1458,4.822766125485423
1459,298.2958423556169
1460,335.45835566712816
1461,166.8918772801346
1462,-6.919255025722588
1463,80.8243417736883
1464,5.8460227331714725
1465,2.9688106050314893
1466,236.16800747265813
1467,5.686513792174295
1468,5.357942208725024
1469,33.33423681227307
1470,3.8425876790524254
1471,39.5109829924336
1472,6.75585412299669
1473,1.9533000641109821
1474,239.92912444217257
1475,91.57319991622705
1476,6.643621048592108
1477,2.433982569182163
1478,138.19809701969868
1479,5.0853084959244175
1480,114.36048602687728
1481,5.90491658425368
1482,163.67636496842456
1483,6.128700438889817
1484,250.5325785255389
1485,180.89839653904417
1486,6.625926203834757
1487,3.612207281253495
1488,89.2192301025194
1489,-26.56833764989065
1490,95.21746881336743
1491,3.692152233975257
1492,2.0476166122036266
1493,7.450864213719148
1494,5.491554906508821
1495,27.839645559997145
1496,7.638764732714071
1497,66.19196904993869
1498,5.730044779282122
1499,81.47997229192791
1500,7.095110682362731
1501,5.872381865627522
1502,111.38878905218746
1503,5.73483642816835
1504,2.070446676639738
1505,4.701499251958795
1506,180.59149084745647
1507,35.957662923666845
1508,86.041883406789
1509,59.595616175225004
1510,3.2112668857656215
1511,-20.16214297609139
1512,60.680629936279885
1513,5.122172320917531
1514,249.19619577287224
1515,30.326704704763088
1516,2.858006396451332
1517,341.96719275882293
1518,4.302332842368157
1519,240.50591412044776
1520,5.121476670637786
1521,34.856977825814354
1522,4.966295779108714
1523,2.9978029562295356
1524,129.53712816868085
1525,-30.77870479944969
1526,2.509677629253338
1527,5.366851530642821
1528,2.554550951459735
1529,216.07563288707306
1530,276.68247156267785
1531,3.6767587329362614
1532,5.919163927919256
1533,3.8298091782745676
1534,10.725916167673212
1535,75.78586885656539
1536,5.945521396607212
1537,2.597158083691082
1538,290.8112552807004
1539,154.1832898728061
1540,2.1359522526627046
1541,118.47119011854906
1542,3.336422044238026
1543,21.817024306404555
1544,7.901216707643456
1545,3.5720169060097096
1546,4.457231159389098
1547,-37.99749825775133
1548,199.91767303827677
1549,46.65419809231384
1550,3.7756085737066343
1551,2.3119021214153097
1552,236.52243136320698
1553,6.0505050402849445
1554,281.01157722302764
1555,135.1265609948658
1556,3.800607794080724
1557,13.402079956155882
1558,3.6893146747137338
1559,240.23096161854235
1560,206.36165141520192
1561,193.49430571227788
1562,244.8627695562339
1563,97.85322708545064
1564,3.2730550253741146
1565,92.4568948435541
1566,3.7325660462334227
1567,20.56563080786802
1568,105.41636222122014
1569,16.9683399685345
1570,292.1893059635071
1571,2.8842042333028446
1572,80.46246055493691
1573,2.283490769378217
1574,5.004259255848838
1575,5.728876888261192
1576,3.9677674824552063
1577,5.54429396599013
1578,86.76713890648264
1579,5.108533183291449
1580,180.71713205698268
1581,272.2700313956436
1582,6.748538640739984
1583,295.0430938984904
1584,311.5123473486791
1585,6.337216154606795
1586,4.8594488458819995
1587,57.817412890548
1588,299.23887622288737
1589,7.171513732803239
1590,6.009537996592647
1591,159.44215048766296
1592,7.104929178993902
1593,124.71614067573766
1594,140.4196302761863
1595,128.7666732634413
1596,5.651856896958586
1597,56.269977362073334
1598,6.703250090677156
1599,3.7457904828731854
1600,4.2949565760575465
1601,2.728860702340704
1602,5.901903058993311
1603,284.4209605638829
1604,39.60350294018214
1605,124.79063671436123
1606,265.90524109345404
1607,-19.377500812833233
1608,3.4324582287485246
1609,6.935905350899433
1610,4.192886653638229
1611,204.1266123528457
1612,82.72433578362782
1613,2.3394682531067117
1614,278.65965441590174
1615,5.755818933143596
1616,3.834345859584265
1617,185.3326464970258
1618,226.2441703227497
1619,26.036545599213582
1620,79.75232738031514
1621,2.6324648636043255
1622,2.5818019152630742
1623,2.7421285484794637
1624,249.68220543791273
1625,58.34007067794927
1626,1.63774975029544
1627,45.17121243459901
1628,3.597753772533673
1629,206.06832827141596
1630,138.90617719268286
1631,3.2146455959484745
1632,300.40261093970867
1633,5.210775035333991
1634,15.5662258483605
1635,3.4846846906304467
1636,4.864610804636287
1637,6.476633500378482
1638,211.7739780750077
1639,52.39051179223553
1640,4.485978698168416
1641,317.127412352505
1642,133.29202069176256
1643,194.38925924522357
1644,123.92658299006203
1645,179.38834203852144
1646,6.084101540748626
1647,6.629238056156424
1648,26.50414019562281
1649,4.390995577898152
1650,87.93670954685743
1651,6.480758043205197
1652,6.999883073467382
1653,231.20196374194248
1654,6.50850040736206
1655,294.83642921171656
1656,57.64944911697444
1657,1.2790060819698663
1658,295.1609165920223
1659,2.1256614447299733
1660,-20.652677940022166
1661,6.688838702617655
1662,184.78382756257471
1663,5.873350556490948
1664,122.12404169904056
1665,1.1871622420036627
1666,97.46046513046352
1667,-64.23863661973252
1668,245.54736591812295
1669,53.421487733443215
1670,2.024047412973923
1671,2.236093417139901
1672,5.4780968940877095
1673,4.381146235515431
1674,147.92530130055115
1675,2.137945315690187
1676,-58.09714641848946
1677,34.568876708562165
1678,-10.784643039817338
1679,236.68072414980077
1680,97.6913793242312
1681,1.365168288718211
1682,3.1678857417414705
1683,83.11157581820248
1684,14.089496968005868
1685,6.676297445132173
1686,139.82494888849988
1687,7.078154125899285
1688,179.418981085503
1689,279.01941239033397
1690,3.108769275859924
1691,3.7379692330216723
1692,4.097816401937052
1693,2.795804027307004
1694,70.5441210665956
1695,239.4512137929021
1696,142.31358859344436
1697,2.039808318116739
1698,218.70928570965245
1699,182.7905301512281
1700,126.03389442462041
1701,269.60669867351373
1702,-56.772776461222044
1703,5.559351593793066
1704,5.565008504889786
1705,2.9976530592850352
1706,99.32234871155714
1707,5.358530976917339
1708,74.89631413660135
1709,132.55194588246258
1710,6.434620783449725
1711,70.37714910520859
1712,1.8711134820022632
1713,5.932071098336193
1714,-38.33833495403897
1715,5.133017667469188
1716,2.2750313722140314
1717,43.967420330000955
1718,121.61863242583743
1719,28.801099846627984
1720,6.235862555427156
1721,237.55286450755696
1722,3.719036542367914
1723,141.5863627999766
1724,126.73275446104734
1725,4.0128502329175255
1726,3.969648806423293
1727,256.71787049839764
1728,4.565625152132798
1729,3.6529932546844197
1730,40.14852792241053
1731,220.97521982108415
1732,4.709627627405087
1733,374.6774726340832
1734,271.2038566659511
1735,179.15235295301326
1736,3.2763639830099676
1737,308.5010990598282
1738,284.55052630298576
1739,236.0256952678871
1740,95.97898445577655
1741,82.15846149029424
1742,235.75715779495602
1743,5.282093579071558
1744,115.62570918836927
1745,22.188791656362582
1746,3.5939624839476423
1747,7.338808010699704
1748,199.55835937868613
1749,3.5629111305569197
1750,95.7276422232369
1751,37.85656088373418
1752,6.914736062114479
1753,6.0113772457452885
1754,277.0380593038707
1755,225.41836418927397
1756,1.9143820665432993
1757,221.86946121255957
1758,330.27166137014615
1759,5.0508553668570375
1760,306.0818835387065
1761,246.31499082351274
1762,24.68900550379061
1763,34.20530605987611
1764,5.211469588094055
1765,4.685126029874988
1766,221.5331603486849
1767,183.86700516647403
1768,5.623023480218981
1769,58.13073697173988
1770,72.56329759724439
1771,2.6166791845162387
1772,226.54495965525382
1773,275.56851065424473
1774,6.503604521118465
1775,289.7055485112058
1776,2.232924322395378
1777,-1.6504220249942712
1778,15.647789731494065
1779,-36.98029143814224
1780,118.45094181889117
1781,5.675435487412675
1782,185.56016287115048
1783,233.66594199041987
1784,4.019548786782335
1785,36.15211442071386
1786,3.0175087912305454
1787,67.26468777896046
1788,5.24200928819458
1789,2.3991899773196113
1790,25.690729483774717
1791,3.746124204346992
1792,2.8896504475582456
1793,2.0599994132944697
1794,169.55063634535497
1795,189.16923727097992
1796,262.89286152327463
1797,148.4958455669097
1798,6.572178537884852
1799,212.32470773167324
1800,119.3478164008142
1801,4.829885140759293
1802,2.2578027272631935
1803,136.12691683289972
1804,4.023911798912746
1805,173.71079394427858
1806,5.71590462201649
1807,286.3925990120209
1808,165.26678966051514
1809,66.4988897856821
1810,4.572586977733154
1811,2.7456324535998657
1812,32.74602719412117
1813,3.5968965963438575
1814,146.6558857374131
1815,233.26324592964045
1816,5.51394068813489
1817,106.51076490191065
1818,62.289840031864
1819,234.76167903132986
1820,6.905185460600656
1821,3.1598257456697096
1822,281.5182505642365
1823,4.964620114890596
1824,72.743546682522
1825,2.41423265593819
1826,5.947526445322731
1827,4.800721040505509
1828,2.1311463999433466
1829,193.8908024384678
1830,223.79805405738358
1831,6.755185770480173
1832,60.7832976646461
1833,3.1248007063945984
1834,3.729086677839306
1835,104.96203620731308
1836,6.47558862427281
1837,6.087288496341397
1838,5.873350488977035
1839,120.97231495668893
1840,-2.3355066471570343
1841,-76.6337621625936
1842,245.8864981046333
1843,176.208503381926
1844,254.61045125197228
1845,150.84297486336177
1846,44.90228792508883
1847,276.8009885474137
1848,116.88109424582402
1849,3.7343862014931197
1850,5.738082207217919
1851,-68.19829974989199
1852,6.555364022805271
1853,86.25376734272865
1854,58.21374093633091
1855,5.3793646640972295
1856,190.6313131989096
1857,2.5242722740681396
1858,4.991376076425139
1859,6.310474320496489
1860,5.803196541175264
1861,151.07784974328823
1862,6.328969132037061
1863,68.04653068496131
1864,68.33046179626135
1865,219.09916249794387
1866,109.96274355585679
1867,75.91249058626528
1868,277.37581574144946
1869,147.98083108049343
1870,3.428228420113169
1871,253.81627702200444
1872,43.0429616131285
1873,2.810979869745819
1874,23.170885204974034
1875,100.03131815195476
1876,3.3655250727864487
1877,2.279237091526747
1878,62.145174791986136
1879,60.45297252534457
1880,249.9445537192435
1881,5.811275015953717
1882,101.02987881095004
1883,6.118027626419618
1884,74.17033869418086
1885,300.3110829086636
1886,271.75015844941856
1887,3.2710341220184933
1888,194.85664000541237
1889,241.07841138218146
1890,2.3293069816555296
1891,253.68748090134739
1892,213.82819261352446
1893,4.458704089968769
1894,2.0031567635508387
1895,2.0419065921285187
1896,5.91504462933386
1897,58.85504964473914
1898,-54.608511042621984
1899,3.0665309805551724
1900,5.871046911553732
1901,277.48436613811543
1902,233.57906973564553
1903,-56.29840958439979
1904,76.8818212610115
1905,71.68442608442105
1906,170.73182813085293
1907,6.736662106508275
1908,6.083239002921083
1909,120.15867555172471
1910,6.265867209519064
1911,4.9412006225727385
1912,4.075075571095024
1913,73.05011163547586
1914,-17.627263608380446
1915,7.194390964985542
1916,1.244749014577092
1917,3.357077287475227
1918,155.30640931726847
1919,4.783576480272788
1920,4.638883298314894
1921,73.16508914122457
1922,3.112607993990518
1923,6.504992811905005
1924,2.8230431446810513
1925,4.429035703414376
1926,99.02070639193842
1927,137.17597882966106
1928,3.774913930438153
1929,47.990979048770996
1930,2.807670273323407
1931,5.979279694996654
1932,4.6663523640235915
1933,2.8923277967035643
1934,253.76128846701374
1935,6.3031249494866906
1936,4.890941658713621
1937,37.54913001062004
1938,-23.409883704709742
1939,2.7230623622318166
1940,252.32962920901315
1941,3.1220440945146515
1942,238.93421602849244
1943,3.708088719192328
1944,228.60243863620633
1945,291.7149366570286
1946,5.693055098130433
1947,88.83071729354882
1948,5.767388614705584
1949,17.58240195396526
1950,24.336755304477023
1951,2.535093732001008
1952,43.26913444094113
1953,396.25188310702595
1954,2.7596755351581397
1955,90.43033450806332
1956,1.983777872626127
1957,126.97519518870422
1958,4.26287522413072
1959,173.00444753262497
1960,47.517480362916885
1961,1.035357551315495
1962,4.160215573369113
1963,2.9381475991305672
1964,4.877734959881785
1965,100.73953360341324
1966,3.074418286239009
1967,5.00972382600266
1968,272.85607885082646
1969,60.429260108243966
1970,5.669152721519235
1971,1.852973284696223
1972,106.76651454143526
1973,-34.77459433286283
1974,2.8226882434893468
1975,3.0061760947278353
1976,310.57039736617116
1977,1.6543379346729195
1978,213.99877536788864
1979,89.40668771334956
1980,268.6339289372217
1981,188.90427540588342
1982,117.88177520624055
1983,68.98889415788437
1984,8.454314380170288
1985,4.847412009389109
1986,3.8636860412913756
1987,6.178120096015558
1988,1.2104916878589804
1989,5.81862701003671
1990,4.932461034656026
1991,16.56001637824003
1992,4.303666259549569
1993,29.842701400124604
1994,1.936504328177921
1995,106.92883523801103
1996,3.7669133260983814
1997,2.605920175715617
1998,5.624526568316205
1999,319.2352061715477
2000,5.86230134602152
2001,285.77815511013875
2002,-62.67567254423806
2003,6.722236074819172
2004,337.15310289258747
2005,64.9367261891354
2006,4.9411457042817615
2007,45.90271954429193
2008,226.16735236133556
2009,144.46125198094643
2010,314.31880772983766
2011,6.017418237472321
2012,174.14662993644671
2013,-36.17523898534331
2014,281.02354159394645
2015,204.13232293312964
2016,35.16859535125576
2017,2.6775218265846283
2018,89.30441224912633
2019,74.54111558119298
2020,6.737314731826984
2021,4.413520797535005
2022,185.42990914866328
2023,109.20962757247035
2024,2.7861125683598904
2025,4.097033790505473
2026,77.96668037932301
2027,5.911573028398886
2028,6.299175979363524
2029,48.56490164342246
2030,306.2924634556772
2031,92.45025987503416
2032,283.30253230968276
2033,227.44743731175672
2034,2.5599378542959834
2035,57.26261763043078
2036,186.99612264086113
2037,5.300449267010112
2038,3.191960419758159
2039,2.8930702921425473
2040,134.76449271262777
2041,228.8023812218558
2042,4.23965881872169
2043,189.78040574230636
2044,2.718872632969417
2045,93.18268922314708
2046,286.35303833354754
2047,5.313317797473033
2048,-25.221948902391183
2049,2.0102432980153964
2050,346.0953564775525
2051,3.750855639449375
2052,3.553780394479672
2053,250.62509096506724
2054,4.63290121604746
2055,3.6808154410586464
2056,-46.68066544534343
2057,187.21331921828272
2058,-16.807432751183526
2059,5.138380148912946
2060,25.962176557268243
2061,2.33707350741988
2062,190.92718156495562
2063,3.600464036363385
2064,3.6170918568970123
2065,3.6979111518555996
2066,1.9670910851401688
2067,6.057984442026237
2068,3.0731711011580987
2069,1.6956823646321277
2070,282.9845899113892
2071,299.23887622288737
2072,4.51576075731969
2073,205.55162645225863
2074,373.9823047295416
2075,246.26918957504836
2076,3.6181347940368287
2077,2.7060943546905434
2078,3.9610890081299512
2079,4.442562733963132
2080,2.4324168336926073
2081,3.212995028754045
2082,5.6847331109454355
2083,37.81441209566992
2084,2.8836286714411337
2085,5.175013868281088
2086,108.6682987675261
2087,94.64112347886092
2088,16.906176826874344
2089,84.49991267567506
2090,247.81309833136902
2091,195.16486274721478
2092,-93.49887942949694
2093,5.3629090689251235
2094,3.82734201817789
2095,103.19558750154783
2096,49.707026137346475
2097,112.43630720593018
2098,5.547162044226651
2099,-28.493783165456374
2100,19.479901507670633
2101,5.808215258545431
2102,6.925552666240205
2103,79.30027109439675
2104,62.167316084216345
2105,19.060819561812984
2106,315.1823785886161
2107,7.1902887390460775
2108,6.924615121130651
2109,5.898611408019385
2110,240.547028441289
2111,3.7884948412455897
2112,44.5301187923108
2113,91.6478781938294
2114,2.498640374237965
2115,48.031659375237965
2116,3.8402615319642543
2117,3.5490623459751958
2118,3.653801554109025
2119,113.3165057331689
2120,4.040806407153491
2121,192.8399220899176
2122,237.2709778054325
2123,2.9159987582895006
2124,1.636495322351026
2125,4.840963183142332
2126,6.049712100479039
2127,55.99667481066092
2128,192.345049867135
2129,1.7696122076732372
2130,2.126252326999114
2131,5.438054784209692
2132,6.007352662182177
2133,224.8322988575594
2134,50.05870723410052
2135,228.91492103831007
2136,29.74063652606996
2137,241.2550462269064
2138,3.2555893482767724
2139,64.16475844843771
2140,50.18644265977953
2141,52.54344757136701
2142,5.484789616461358
2143,-3.4744306004489003
2144,165.54206303115615
2145,43.61493654522545
2146,4.280569126316789
2147,4.605662572824478
2148,91.05918396615351
2149,-57.66431798238317
2150,-0.6846521637401035
2151,59.00572488344068
2152,4.846443798738738
2153,3.385616599694589
2154,1.8378790323966732
2155,2.377410311150936
2156,5.873350488977035
2157,105.6584842429875
2158,3.889895922796493
2159,324.3545601312147
2160,225.47332458315427
2161,316.1338394295626
2162,1.8954262028415296
2163,306.8657860662348
2164,6.418586279602015
2165,2.9623975419285964
2166,2.098228057447345
2167,26.903271204596777
2168,306.76723829610546
2169,2.2117495977286676
2170,2.585615946803216
2171,137.7434457320884
2172,5.431469425690047
2173,262.89766376433204
2174,260.84424960320104
2175,1.593513672063799
2176,4.676095691185919
2177,-41.473889315682136
2178,4.231743181138549
2179,74.39689034548087
2180,276.35035747790204
2181,2.4433058804005094
2182,176.706561704356
2183,191.46701589487742
2184,5.8743040782515275
2185,1.9277332740518671
2186,2.97156500576838
2187,4.657861690991057
2188,250.23309951333067
2189,245.40203392876546
2190,70.04918130684854
2191,2.639454990768336
2192,2.9778721180319154
2193,153.079755830542
2194,3.439267181297634
2195,4.93724617411125
2196,6.553774356332449
2197,1.985846308263506
2198,4.1702363700527565
2199,3.3693474197439715
2200,1.7375118809994596
2201,3.9713311419644586
2202,72.25712075938532
2203,2.5413141350221125
2204,1.9214253512868147
2205,83.05234734063694
2206,5.341892662830578
2207,175.86798870087352
2208,4.873576624203421
2209,31.188930463313397
2210,239.74410441133278
2211,1.7873485883321816
2212,4.359713283501198
2213,6.546273538171841
2214,92.39818747609354
2215,28.837815944770952
2216,76.0695542597239
2217,4.920114381638607
2218,38.3101773820361
2219,2.6873721609317434
2220,5.520855100994071
2221,3.4060044626543546
2222,-60.2190024511997
2223,210.28920122122065
2224,-27.786281434576164
2225,172.39560459802993
2226,-24.067434222566362
2227,60.94996078037247
2228,131.39221244554076
2229,186.95849519562466
2230,3.1544852569355704
2231,5.491948997348038
2232,4.3981318328254595
2233,262.4039740281481
2234,210.5505950416666
2235,216.17711126980032
2236,3.4609686520606218
2237,3.296385061017105
2238,256.81577664564895
2239,95.09054106820474
2240,244.93993537969698
2241,2.772765176640622
2242,252.76360812537922
2243,6.210531559422204
2244,96.59869672941423
2245,228.06672995632246
2246,128.88909351694844
2247,245.65995195269846
2248,6.196669989150487
2249,291.51019540237075
2250,141.24779964137653
2251,5.229542509814014
2252,240.36796239224577
2253,6.090092773923607
2254,190.6195049473808
2255,-92.91656085766778
2256,37.57991548664739
2257,1.8633469355925336
2258,3.320768693851952
2259,84.31603827049756
2260,6.536009965886215
2261,88.34316800297097
2262,2.220414238877635
2263,69.53537420077889
2264,-20.102062349418475
2265,54.70013537835672
2266,2.4010871236893543
2267,2.9896953250826277
2268,5.753613006288981
2269,4.259599788724183
2270,8.563020381383634
2271,185.64821953055963
2272,47.06919481172936
2273,3.383292669550718
2274,6.100556627962408
2275,6.7161574669198565
2276,4.585132925440749
2277,2.8503187083945454
2278,1.2989932124498493
2279,5.869181858144671
2280,2.764035809709468
2281,190.5799616997976
2282,1.9922597854411777
2283,4.033137966972674
2284,232.50574196932968
2285,3.249011452861305
2286,-24.91025964214682
2287,5.384442401561868
2288,3.3244833625856085
2289,6.35801549903781
2290,-33.88001487244264
2291,50.06783046425009
2292,5.113010922506029
2293,1.958404205500065
2294,1.886338612166285
2295,2.6457430991253332
2296,4.932314074831475
2297,144.0257933480312
2298,-35.29759003826487
2299,42.18279412541071
2300,3.66729935611073
2301,5.727713667772322
2302,-94.67856353852825
2303,171.7166565086913
2304,5.390598352390043
2305,49.216615295579295
2306,287.141835009228
2307,27.162840759402492
2308,51.964653703383505
2309,5.964985706105553
2310,177.01582237723653
2311,-49.241547945720946
2312,69.72895148513115
2313,4.208734540174071
2314,4.62956866998803
2315,195.9644526847663
2316,7.391384880428965
2317,3.648652100290423
2318,232.66011492796991
2319,6.5738390209308495
2320,109.09664389191525
2321,3.509720498219416
2322,233.92305199451144
2323,173.92657405916867
2324,2.0028179464721196
2325,31.936370105237316
2326,3.371230769358938
2327,110.86446677208923
2328,3.8683743116584655
2329,340.3654794495386
2330,181.15005156985592
2331,1.1140581081716427
2332,278.8017595798568
2333,-14.915310149484343
2334,2.474589214835823
2335,5.4543176537115565
2336,43.674341410301565
2337,146.83193769585932
2338,185.7467660141259
2339,34.80351582290488
2340,47.03409251277738
2341,116.40199328807026
2342,2.6013650026197785
2343,6.16511957310084
2344,242.8599765137607
2345,5.896069067207015
2346,72.13686898203268
2347,136.0868496666381
2348,1.8061065179750098
2349,272.69328614348
2350,50.451553381821405
2351,5.069363378447359
2352,4.932200359658909
2353,1.5748686653823998
2354,-20.144604694888933
2355,138.83012763834046
2356,3.779606367332624
2357,123.60952840254814
2358,6.31049933893555
2359,6.8606647785425
2360,4.670419257945804
2361,5.8729462439021365
2362,249.24343996916878
2363,4.284338489327375
2364,216.6132250992918
2365,93.7149674130184
2366,38.249701804184575
2367,29.208043940720913
2368,-62.19613648064916
2369,4.33327443109226
2370,228.4354889997278
2371,34.187192865295856
2372,73.93673804606647
2373,1.9823932770377435
2374,-54.59381908146421
2375,1.9990371224331474
2376,135.3160049086631
2377,109.31161293951642
2378,5.584666897651928
2379,6.4733778621325495
2380,29.528326594753747
2381,142.13026911435801
2382,175.71765827749908
2383,46.964718802751236
2384,3.3703888495053858
2385,246.26038854939148
2386,5.846023003227122
2387,19.86297455668037
2388,257.11862465895433
2389,78.24193491945789
2390,2.0046647883284856
2391,119.9524510250526
2392,21.023737358601743
2393,77.97993969779264
2394,141.0168121830182
2395,5.989275698277554
2396,2.6862630420297964
2397,297.5950525306599
2398,284.0194275632141
2399,4.451432216649421
2400,195.4826630072347
2401,63.2377361950293
2402,234.58385627367272
2403,6.322637224389334
2404,1.9881838040192252
2405,5.116807641872878
2406,2.4418607668875945
2407,72.74071185502663
2408,249.68781935623298
2409,172.95501332866024
2410,4.23714458218152
2411,6.526025517115961
2412,312.42228878001026
2413,-5.708062765566941
2414,4.0606053474996955
2415,79.49602292145028
2416,257.4507549859827
2417,26.321263453252
2418,3.263491315701433
2419,4.07549700701803
2420,1.8059124618633358
2421,6.255321906673965
2422,197.77592424990428
2423,2.5220032147022833
2424,186.80500489613024
2425,6.231395440884643
2426,-10.639108126292513
2427,166.6965000311032
2428,21.86377162790311
2429,2.6561288673951498
2430,6.176443823689118
2431,3.251220011071924
2432,314.9274983413968
2433,258.92445793798373
2434,4.649763988984534
2435,60.74577653559497
2436,231.15634278103403
2437,-66.36509435636985
2438,5.675403152203705
2439,7.285878224280642
2440,168.31046865255794
2441,6.399329300706596
2442,5.816049352781042
2443,4.68657102077897
2444,-71.0003282085504
2445,6.457184296634479
2446,5.570153035448133
2447,230.61776197573886
2448,6.8734809457811785
2449,6.323388997005066
2450,16.077092493169445
2451,2.823717849572218
2452,4.409306844771971
2453,36.966795868530504
2454,287.87693191115807
2455,118.89576478950308
2456,3.1810936595704478
2457,248.3526243285894
2458,6.058187037542589
2459,1.9615787554616992
2460,5.7744746155500675
2461,68.25255192596777
2462,52.534183927343484
2463,6.258676205607205
2464,-65.09350921056082
2465,22.160002657052132
2466,191.50820429818637
2467,147.40611406758313
2468,269.23537175466026
2469,264.4857273827671
2470,5.796638894505017
2471,123.36328137616542
2472,2.798865050819263
2473,25.062555006804278
2474,196.1472234712407
2475,6.4093716335171695
2476,102.0643512264057
2477,149.72797439461493
2478,152.48154891795747
2479,5.361330775388222
2480,49.95362725527198
2481,78.34066155357529
2482,2.385690707672223
2483,5.079316642666616
2484,125.29054424620466
2485,125.69366796745716
2486,6.722549456552104
2487,5.4673784802237595
2488,-39.31310419683726
2489,169.26369687040795
2490,5.615021821298884
2491,136.8231554106518
2492,47.37098193256554
2493,64.06443167030353
2494,5.92760678864635
2495,5.416274633510385
2496,95.11793057548243
2497,70.60100586348608
2498,2.5323115593571552
2499,6.709507355529999
2500,1.9009430902958313
2501,81.9409383764108
2502,269.9384067613606
2503,130.19870610309493
2504,347.4842277569468
2505,3.5013998286432386
2506,4.9188985202162225
2507,274.7035822967848
2508,198.36421402711883
2509,85.78809489419197
2510,6.601587780712414
2511,210.85672244333776
2512,84.16144006502293
2513,170.209713663409
2514,223.92083994161493
2515,310.9667742200654
2516,1.9924613630090309
2517,2.3837670815854803
2518,286.457037408884
2519,4.402077777775382
2520,109.86504210954698
2521,118.66868996712324
2522,1.639126578916456
2523,5.6516706018786405
2524,5.020235134128541
2525,294.00306899147205
2526,3.1632452176521544
2527,3.6750589780474163
2528,232.82636852688034
2529,81.11287727346544
2530,236.70635175022022
2531,287.41297147089716
2532,64.93256490623796
2533,1.8094880465866465
2534,6.0332524925355155
2535,5.86230134602152
2536,3.695251139190376
2537,6.393664755991121
2538,5.9856248314323635
2539,170.62472206903692
2540,2.41363625184142
2541,2.9327748999885768
2542,2.201141505203147
2543,5.6334077955029205
2544,156.33705469252587
2545,2.3830567394148208
2546,295.0662753223286
2547,22.144439444834788
2548,15.586353300276093
2549,154.2071113654804
2550,117.02135449096585
2551,-36.07872910753895
2552,1.9648904197815664
2553,286.08727567761264
2554,2.410819169820673
2555,67.8924406398481
2556,125.71744551150236
2557,4.537881302222205
2558,-7.333083596031935
2559,6.324249170317582
2560,210.8089088895841
2561,2.447688602930595
2562,215.93268498288717
2563,240.16370127466396
2564,274.6350461171303
2565,4.686784842889207
2566,4.380332205903984
2567,269.92840558195746
2568,64.09559298393509
2569,75.78629810745053
2570,3.5244009138394174
2571,91.03861978793289
2572,-57.66426125119161
2573,191.46777318099785
2574,2.9716925681028163
2575,4.327420323837151
2576,3.267699578087605
2577,6.645461689452562
2578,32.514651496789554
2579,5.961328454013249
2580,5.213407166623408
2581,2.963212891100196
2582,-39.10940350076092
2583,2.659345129983088
2584,6.539498367479955
2585,50.25572089560565
2586,5.00127357352066
2587,197.18667845954175
2588,219.205791798753
2589,4.605613092973504
2590,41.86450794885941
2591,1.6909253642540492
2592,117.03799900497499
2593,57.01304933257124
2594,90.65488817978172
2595,50.63659748248152
2596,47.4767414845699
2597,5.436774997963733
2598,6.264141926825537
2599,-2.0383510996455967
2600,3.9361883937121025
2601,221.60660236492367
2602,6.074249340907932
2603,355.0100897140063
2604,142.4329411081534
2605,39.77314548176135
2606,3.9350795538895182
2607,33.91945990576443
2608,194.92216642499793
2609,31.583588566879747
2610,2.697233416896301
2611,-7.973049573163206
2612,3.550614821030467
2613,4.340561437633888
2614,3.0316950462531294
2615,112.2607158392319
2616,135.32792903325813
2617,275.2633201562103
2618,198.66622651727863
2619,4.7429410191344274
2620,2.520226371064717
2621,4.545268815481939
2622,2.577283397639703
2623,1.7797318803618531
2624,6.724683271170074
2625,113.43337472311524
2626,283.1328238749568
2627,46.79684983062322
2628,137.7673988406771
2629,51.17568489103801
2630,114.26852067930929
2631,27.95286563176259
2632,6.0047032882541735
2633,312.55971822858413
2634,57.113194722223
2635,163.31882667058392
2636,-40.43579574134331
2637,3.4130244134327716
2638,-62.63118098821238
2639,-49.61753252930303
2640,187.42832498011938
2641,3.9842545273466836
2642,5.872252685785252
2643,161.6773037948429
2644,156.2642723119238
2645,208.59236602727378
2646,2.6472717424672596
2647,3.60554178261338
2648,4.514877612261332
2649,6.554539210686381
2650,273.17439377740317
2651,222.12512147274737
2652,49.03639038808315
2653,3.5368051681240495
2654,37.71389280878417
2655,225.70398337265496
2656,242.3130591346959
2657,2.9318984617415387
2658,15.07979675184361
2659,289.7668320016068
2660,1.8178471937562612
2661,273.96135129014107
2662,127.05986098786653
2663,4.958698502144209
2664,73.58643031715422
2665,282.09105148342985
2666,234.68989672823943
2667,-38.19755438464112
2668,34.439145550910624
2669,6.737373304104566
2670,100.99117547257174
2671,195.0907060077799
2672,124.12709644550574
2673,257.5960214890272
2674,233.80627960269456
2675,1.7293679161853603
2676,-40.52291901217173
2677,357.90738893016805
2678,5.295491404827002
2679,5.581723164354587
2680,65.12832950434775
2681,5.135963193398878
2682,2.4308065582684235
2683,2.4662348837826
2684,2.4423008645189217
2685,6.482172366182525
2686,19.449391212774316
2687,66.65546569531851
2688,48.96110863006756
2689,41.798882760080915
2690,157.19695009066362
2691,75.38150344518135
2692,54.51283013228036
2693,118.21323464745163
2694,111.75651597914711
2695,6.527119079129587
2696,154.60744346076785
2697,3.7425260438605963
2698,2.4588480790484275
2699,4.148634840115492
2700,193.90707866538108
2701,67.66808813640927
2702,37.11500209854009
2703,3.8704662156047833
2704,179.70157184645421
2705,3.2419787276324863
2706,5.368217893026688
2707,189.3555652358977
2708,3.0310880063089973
2709,68.7850130488585
2710,5.600029153598539
2711,183.00773889970748
2712,1.861401103491056
2713,111.17978062541829
2714,-45.10866563107451
2715,4.7182529470607
2716,2.682439265042184
2717,292.8518155289821
2718,3.5385490003648297
2719,3.174744379541479
2720,6.697982958534547
2721,6.220488972018696
2722,4.041329004206786
2723,218.52281483806274
2724,6.540769799871512
2725,30.39363709284135
2726,9.612773861862866
2727,316.2204289877955
2728,35.417985375721436
2729,185.2851569959829
2730,160.256142374974
2731,172.82870317604613
2732,6.119889717379308
2733,219.63626269143475
2734,115.9283565881628
2735,88.16710507700253
2736,84.51956212389715
2737,165.45593152150994
2738,140.66555821368513
2739,116.46222690287772
2740,5.460853739912757
2741,55.21380155129674
2742,1.462426904219869
2743,27.881456282600862
2744,-8.856349009897523
2745,4.489650066688765
2746,209.33350763881072
2747,176.49211240740226
2748,2.6681332275494194
2749,5.31574449554444
2750,217.70890200665974
2751,258.405628246112
2752,2.745959818952945
2753,119.37557318636019
2754,0.32626711900298555
2755,39.53492940028228
2756,282.1918437047585
2757,5.89302898816588
2758,267.8693997358183
2759,41.86990959492587
2760,191.39347792894506
2761,6.5059591044639395
2762,3.9381537370297335
2763,113.01954527390794
2764,4.7892342821224005
2765,121.91442988260678
2766,1.9944275639781541
2767,268.88382322204666
2768,4.500337671530524
2769,2.6166620094007373
2770,227.76418089408332
2771,169.4606389086967
2772,6.968669123679204
2773,3.230909055825486
2774,4.39085085049546
2775,5.704678638278034
2776,4.120016792151953
2777,262.98407933437204
2778,32.300315802421835
2779,2.1053804020249824
2780,2.6678113436317283
2781,248.3982564244413
2782,218.3888244987671
2783,5.966221090526045
2784,9.063638252439736
2785,5.729908593880913
2786,3.5849797316936103
2787,41.879049178169296
2788,5.303367263731104
2789,172.95419495429547
2790,206.97205089835876
2791,77.86118724519585
2792,165.7118647839882
2793,171.86242514188217
2794,186.37220770735212
2795,46.751127834031976
2796,242.99446042899496
2797,101.87017684587673
2798,36.10209908990649
2799,29.06214188611246
2800,5.219233015472412
2801,4.203349284981118
2802,3.2746586168941274
2803,13.753346273667036
2804,3.7957010817734056
2805,48.85650999378035
2806,7.1793649160799875
2807,28.965924706424516
2808,91.08900619105415
2809,6.459687203960295
2810,5.41822239657097
2811,159.4386023987219
2812,6.024850571620862
2813,8.278543815674807
2814,5.984856044941254
2815,274.35166307001026
2816,64.9348868937583
2817,267.6245060678748
2818,106.26150626243935
2819,44.02413593690741
2820,143.009792212768
2821,43.50112595697052
2822,6.193146888727251
2823,49.25324580434505
2824,249.57165287150042
2825,154.00937104160982
2826,-62.81280448542082
2827,6.2711590926640834
2828,5.633789255917397
2829,4.7517400504345595
2830,6.061300436889229
2831,6.136768196315426
2832,6.185779788523646
2833,138.49050537778567
2834,3.900764237398331
2835,3.269672958333527
2836,3.4579005800237548
2837,3.4794228322847918
2838,5.8118107253412425
2839,1.963822621542047
2840,58.36011256275509
2841,46.419059272978956
2842,283.71474056143245
2843,6.034784173081523
2844,175.08148435147996
2845,294.218479927001
2846,3.476645774268724
2847,82.23508830623852
2848,-14.571076760580937
2849,-48.89925618589011
2850,6.54733122803758
2851,6.9981791884459685
2852,-41.27179168378369
2853,148.7563865347302
2854,2.309880526610437
2855,65.59347876359122
2856,5.903407895952728
2857,48.99382893243899
2858,233.56172585128994
2859,1.365339402925387
2860,145.11062379353837
2861,285.2059631673095
2862,272.1741106215783
2863,2.983952820688925
2864,278.4150765176204
2865,237.52211223210367
2866,2.122483006177153
2867,2.3544655936504237
2868,72.40883566790399
2869,53.101396957049246
2870,192.5798367669492
2871,6.233137295659487
2872,255.4259714369607
2873,4.8304978064409845
2874,18.40507475747534
2875,4.277408673864474
2876,-32.74842265231586
2877,279.05469356552146
2878,-68.35619318082777
2879,5.06558358613173
2880,228.10221978674912
2881,5.998679978316832
2882,6.1886052125492625
2883,4.245668195988382
2884,6.700396271035548
2885,201.54500664626784
2886,248.20872264971553
2887,5.881550586593233
2888,2.0480707240859917
2889,6.409512124417713
2890,2.57697420254742
2891,-50.41167198788149
2892,145.0342730737633
2893,-10.990229180877016
2894,53.37720178843002
2895,4.93545487884417
2896,2.586005105205117
2897,5.300565215991723
2898,105.6939897707368
2899,31.430773860785294
2900,3.171570808639967
2901,28.112241118306333
2902,236.97846954729346
2903,274.5615918007964
2904,4.20173018255649
2905,4.15463881900792
2906,28.228266428052798
2907,3.931310200343421
2908,3.6275561215422547
2909,2.0335950406346295
2910,111.51284422217783
2911,3.8912997502348308
2912,2.0387207467999118
2913,6.445767533855811
2914,4.827224545769158
2915,7.801548454485929
2916,246.50881895167606
2917,175.5765780547288
2918,3.748910484337803
2919,357.57377732727423
2920,191.71726706238974
2921,5.485597924693921
2922,4.023583345490143
2923,228.82204373547984
2924,5.26910737620954
2925,4.816961328911003
2926,5.955895019529933
2927,10.44122823232513
2928,6.458156535510554
2929,174.09849347552068
2930,271.34661089680196
2931,2.411938977693098
2932,5.435777888725568
2933,-15.989261082281958
2934,103.24404153857029
2935,-8.104768636052345
2936,-63.17925205192983
2937,5.857426973302293
2938,19.41081198462803
2939,2.954880163350124
2940,188.34744296943796
2941,65.33792209899205
2942,97.39310594256591
2943,6.275245633543047
2944,6.523979057540597
2945,5.6212239078013635
2946,6.236841937601803
2947,-53.15276620194394
2948,2.4345123999589218
2949,6.610150906402412
2950,2.9481848381059867
2951,154.073643778753
2952,141.96418936211796
2953,6.818994713718161
2954,1.848172677221478
2955,18.831270467167755
2956,6.603232586101878
2957,120.73407907408509
2958,5.166728240949357
2959,184.90527442727907
2960,6.675966357928277
2961,159.1906960740098
2962,3.8412898001731435
2963,4.0484230419691025
2964,230.33572369542685
2965,187.89407037593017
2966,4.398533495574602
2967,3.4944712415303916
2968,157.60487190911311
2969,-79.51218857668059
2970,1.9209568573901277
2971,220.9522616549107
2972,6.4453870913576115
2973,218.91681249489966
2974,256.6902262111864
2975,4.47542761276978
2976,42.38027501095485
2977,39.39413394012624
2978,4.149548709991984
2979,4.5153502919931485
2980,309.166749610789
2981,300.6020785024972
2982,145.96883848086566
2983,125.4898088541901
2984,285.0799966685315
2985,121.0652132297794
2986,304.72962309008335
2987,225.6529363959047
2988,146.92092822094546
2989,73.62993748834324
2990,35.810828839597505
2991,7.2467057790599805
2992,2.880149919636729
2993,5.644189780252399
2994,65.94509071392595
2995,2.119463840350296
2996,3.8456542023376423
2997,3.2670144376728585
2998,130.35283831525152
2999,130.57479315265357
3000,74.40975342716999
3001,2.974574376268185
3002,292.98160484737616
3003,4.393872198527757
3004,282.7800341592721
3005,110.63635184334895
3006,95.71447248661757
3007,6.378779778290901
3008,2.995933661826795
3009,39.807489051919276
3010,4.198635633607278
3011,84.47490362369615
3012,5.276496101165871
3013,195.59642616998627
3014,6.466588555409819
3015,3.4883963643829414
3016,5.835497149112942
3017,6.575911447570151
3018,4.458769660523968
3019,230.02326632469388
3020,3.4715036239419366
3021,219.556342277478
3022,266.1112490898573
3023,2.8633266971110136
3024,86.41922432881557
3025,238.10010112521576
3026,159.50724255585385
3027,6.1329418045727735
3028,5.3613770498316775
3029,-25.576222973061135
3030,-41.52215083653735
3031,6.185982233573509
3032,6.392214289406105
3033,4.892728055849981
3034,121.28371480802616
3035,147.8486449397011
3036,224.57771766549007
3037,5.838713738613809
3038,2.2414130050506325
3039,-23.70882898991261
3040,211.5009860521932
3041,4.893763820695288
3042,-0.6843668205769218
3043,5.8000118391762685
3044,230.66793337514292
3045,168.9957041082244
3046,4.467089521950501
3047,3.9889292201211894
3048,50.163856402885926
3049,5.937427648265722
3050,269.97221901602694
3051,94.61054490314879
3052,6.594455255459945
3053,4.090615269422444
3054,115.13384270001804
3055,187.67123013727752
3056,59.02534226861121
3057,3.2036676942479323
3058,100.74850833797376
3059,1.8393486602192497
3060,255.26181527464632
3061,5.103458044645824
3062,226.80266877023126
3063,119.72802508316752
3064,232.50411800485466
3065,255.78837028105352
3066,138.30986652761794
3067,21.475214845220894
3068,5.7484393137480625
3069,5.971454613841315
3070,3.7778801431361337
3071,6.260278487090362
3072,197.01345376437393
3073,126.71446178136561
3074,6.295286846657607
3075,5.932144018934633
3076,156.83657097876363
3077,-3.1900989286934056
3078,66.06638704833611
3079,5.689988472255675
3080,3.168697837634986
3081,34.71370249805891
3082,94.78457144877136
3083,141.01565649587025
3084,1.3471996101749497
3085,5.540164706790173
3086,206.97095867834372
3087,3.065651324723974
3088,110.07269755079238
3089,3.421156412290273
3090,296.9170697111424
3091,192.1759939692457
3092,96.31110994535584
3093,4.277657266703843
3094,191.47475713991238
3095,257.49343303565007
3096,147.4432313823447
3097,4.711449941399497
3098,6.120701292089811
3099,23.784595295024108
3100,83.89061764178844
3101,3.8018196250779606
3102,2.3605883037062196
3103,3.1252990117498367
3104,35.82740514615591
3105,-4.700617225908917
3106,40.170070922167426
3107,1.4540892583014857
3108,2.689272390627014
3109,5.458402098719276
3110,256.27441238032424
3111,2.3809852417941233
3112,223.79118622253506
3113,5.463856580377743
3114,-7.035022607613691
3115,269.89753445052065
3116,109.73225806493402
3117,-49.882726303043285
3118,254.19776657805636
3119,4.591081349776225
3120,43.47335152547516
3121,31.784400953736345
3122,130.86538715042923
3123,3.92064638852091
3124,2.5794240724695108
3125,3.677769603745837
3126,225.58836040394965
3127,278.41289319912437
3128,38.973297788036845
3129,364.23171959356944
3130,2.0795586466288274
3131,103.42938523592454
3132,190.16026586641573
3133,138.08600906761046
3134,237.05722916155415
3135,1.6801661784287076
3136,312.2602235144866
3137,2.950289491766126
3138,156.10938385961248
3139,5.988876733579682
3140,2.306847913113985
3141,43.8685709354551
3142,3.1633261352862907
3143,111.29912003484989
3144,261.00117711967494
3145,5.084929428210206
3146,285.91566518798754
3147,108.16161134871797
3148,95.70520787773336
3149,-17.43055621610553
3150,1.657121535588369
3151,248.21499119222824
3152,7.113895634638583
3153,237.61026506214205
3154,198.0665714525221
3155,57.30717640545467
3156,54.99737133691006
3157,4.906869640919274
3158,282.68719818168586
3159,123.65216635882399
3160,272.59052573456574
3161,-31.8030572505928
3162,3.396635605732281
3163,184.33302028708636
3164,2.8852613105254217
3165,-4.159131017262095
3166,33.37452102906299
3167,6.60143044737481
3168,5.517243587630057
3169,3.61764274706073
3170,218.84519733256877
3171,3.2938719523906688
3172,229.69260034617315
3173,279.59982328310673
3174,64.306049822614
3175,-56.54343601931369
3176,3.6092519541563393
3177,3.2493456556897806
3178,203.17618280968773
3179,6.376749014677799
3180,316.75092327121456
3181,191.33876673165489
3182,281.0226146833544
3183,5.955706961492975
3184,81.64577926631199
3185,6.694579673618923
3186,164.04661567747598
3187,283.99221226455876
3188,-64.76929061273829
3189,235.11907040106865
3190,4.329360397721344
3191,248.209317563686
3192,63.38095284994368
3193,6.324069659375526
3194,4.687510457835726
3195,5.932378908780763
3196,137.29473238008282
3197,5.427319392103596
3198,178.125907727028
3199,182.56053924981015
3200,1.979809914484161
3201,325.89541294887624
3202,4.62677880202922
3203,4.898109924135378
3204,0.40074923918188077
3205,6.526883922858035
3206,279.3941265566324
3207,5.874303808195878
3208,193.94155222082833
3209,-32.14065787704341
3210,7.640604925288137
3211,197.38215741494162
3212,214.38311260472366
3213,2.9375149860924994
3214,268.1237407973212
3215,3.2106553258950408
3216,5.923467988089069
3217,118.35520667962427
3218,300.7419138720428
3219,73.64419853371618
3220,66.44264720562273
3221,73.60349034663432
3222,242.1251852315379
3223,350.3574815341168
3224,-65.16114771086364
3225,147.5785943088496
3226,6.027144986755939
3227,5.926806031470161
3228,8.95827870004155
3229,298.32209538173925
3230,229.38246457551253
3231,6.372114303096127
3232,4.81616691993015
3233,5.720788335067505
3234,4.141471484841888
3235,105.63231029116515
3236,143.72358837897062
3237,8.329331761349973
3238,310.07123377309904
3239,6.5356721116983625
3240,66.1872985772657
3241,21.551405971729906
3242,2.495291606144766
3243,34.04965359186332
3244,219.08338075039921
3245,5.445936847680999
3246,256.25879261523266
3247,6.283823782373002
3248,48.37603488545224
3249,-8.318178672034877
3250,221.47813911852558
3251,226.46086714870233
3252,120.15364028181908
3253,54.88334611965796
3254,155.75156804746405
3255,6.512848469716854
3256,6.369126375050401
3257,36.942781452631735
3258,2.369538383735554
3259,53.34422022729632
3260,5.858104992413558
3261,103.18417236498999
3262,318.94108762766245
3263,1.9010739421591203
3264,3.4442770185743203
3265,154.92828087433912
3266,3.7558323839158336
3267,6.671768392030998
3268,3.3079170525814963
3269,4.530655905053483
3270,45.81499715510721
3271,224.6782773740312
3272,2.2768298459616023
3273,189.11892366365996
3274,208.86975220996226
3275,141.03607169610999
3276,68.67202960112682
3277,5.628103358742308
3278,6.43720563600963
3279,3.2147032808866314
3280,180.9859280241235
3281,281.2475184450184
3282,2.712677832588624
3283,385.407578525491
3284,334.7164479191677
3285,96.58836794276277
3286,3.1225822466175583
3287,37.209813468412456
3288,52.26790765236417
3289,1.83635072279289
3290,65.81108965683715
3291,261.07340347502986
3292,2.972685892361881
3293,53.29901429272131
3294,213.38997474188756
3295,129.44519366581684
3296,30.596869804114647
3297,200.1614429022299
3298,2.358511222570833
3299,250.56487747472744
3300,3.3956955499574373
3301,207.28600119007976
3302,206.50171194581432
3303,-6.535936816823032
3304,249.04855403586828
3305,5.326796623590269
3306,4.600577967022513
3307,186.93282965883978
3308,3.001244809112938
3309,6.439752052871954
3310,-38.12278883194446
3311,2.226531762742748
3312,3.880851790098726
3313,2.462070502082283
3314,6.033467876287525
3315,4.724042133145859
3316,314.7049779698473
3317,303.2307184765923
3318,44.494078006036666
3319,1.936191328873878
3320,2.205101066000309
3321,5.298448868804069
3322,132.9653514179186
3323,4.310158924070137
3324,3.603051398748922
3325,335.02096389082396
3326,82.31162081882823
3327,-52.67566626835273
3328,6.436495750671443
3329,1.835577591805292
3330,188.8785508191719
3331,115.13225920251284
3332,3.2098338676144484
3333,234.53061639408907
3334,105.14821302242538
3335,3.307682122297491
3336,4.394790132312423
3337,2.600317958666066
3338,1.7433216369888624
3339,-6.240087690732334
3340,31.63820741067827
3341,52.2010871515422
3342,202.64053470677294
3343,139.38243595947466
3344,3.525664874347382
3345,250.5008629983182
3346,294.0983666190177
3347,181.62401576702635
3348,77.18561915975184
3349,5.541985965378046
3350,3.7917093544181633
3351,2.462510651539346
3352,1.8818194383817881
3353,178.76328063638934
3354,74.97383959262555
3355,3.0027853100309194
3356,314.9641705856901
3357,3.71818965246643
3358,242.5104108917235
3359,70.10441630394726
3360,150.7346913452012
3361,3.0488567618444358
3362,2.820864055279117
3363,2.8016749369921117
3364,25.988995234117425
3365,108.71343205029393
3366,4.122993122479192
3367,3.997996400058212
3368,70.91038692230845
3369,4.619568782217852
3370,69.40120088707347
3371,-3.9637804126651286
3372,209.54245388628084
3373,45.78633012544735
3374,321.9167761604016
3375,2.5150223982348563
3376,2.4257023125994865
3377,102.78233882357915
3378,5.575333239224095
3379,11.65621114047781
3380,315.64892550048455
3381,6.581041110391178
3382,84.16396690941926
3383,6.250497727210333
3384,21.894529046944868
3385,4.064285804712429
3386,53.427917195762795
3387,2.1572808345196552
3388,182.18845940845134
3389,216.97427918783603
3390,2.5307743359169645
3391,5.754407218152816
3392,5.065326482828729
3393,183.5495066441541
3394,131.2888392761048
3395,5.210243876044339
3396,5.493003607492398
3397,146.09299675558384
3398,2.1002428464119536
3399,197.5890704554967
3400,161.46593374201223
3401,5.250896249046608
3402,1.2503208142986928
3403,84.34684777384689
3404,91.45686920246749
3405,173.17003418752483
3406,178.3964935129365
3407,4.3479546744974185
3408,61.6227428688281
3409,108.32762829526885
3410,5.77588797410096
3411,4.97951008287471
3412,50.673628716307405
3413,2.1769708352921526
3414,6.6305317352017745
3415,121.05167964165915
3416,61.7583595033237
3417,203.6227667621141
3418,170.57304026834424
3419,-13.06394850616799
3420,21.248121898608694
3421,-70.8507261663494
3422,169.43687143266965
3423,1.9918661846096628
3424,3.1459875698909743
3425,6.383696896148809
3426,3.6233596256404184
3427,57.70910546785386
3428,2.4913709325228224
3429,325.8732406551825
3430,314.23182060430275
3431,106.11040759533228
3432,5.964582554161653
3433,89.81363970622986
3434,1.887766878536582
3435,308.1476225828752
3436,210.42584866612054
3437,3.332670203049563
3438,30.882563867456795
3439,276.6368343094085
3440,6.66296553689193
3441,4.935359280952298
3442,223.78287188688208
3443,5.090362805162558
3444,208.07842910618731
3445,3.8575067013193385
3446,5.8717636541230185
3447,263.5669178019506
3448,5.3523461780135495
3449,5.573139014611458
3450,93.29015427777821
3451,201.685828604212
3452,2.190010034132095
3453,2.591784192766996
3454,20.802521544670356
3455,4.1139839826983815
3456,5.2749888375834395
3457,3.8266193006912737
3458,6.217626494182003
3459,164.35019362620562
3460,-49.83354559485244
3461,2.584689021196774
3462,44.01737237675772
3463,225.3422539571543
3464,4.685406273204199
3465,2.676387964584909
3466,5.957003157782323
3467,114.56441675307198
3468,35.89794203786156
3469,310.1481682878142
3470,147.6855845530351
3471,21.2253339039149
3472,277.8785288825723
3473,6.2489394744249545
3474,3.4587725921007495
3475,4.672835424207424
3476,36.534720525787
3477,3.651600783702814
3478,6.5885273897518
3479,2.6502829836576987
3480,112.88911994449478
3481,115.68270746243181
3482,89.51081000365673
3483,64.65969546133043
3484,181.2815494150169
3485,2.4402260801132805
3486,227.74726907839886
3487,5.830588834064463
3488,4.503813605100306
3489,3.5624761853214286
3490,6.108726034917725
3491,3.354472134638243
3492,2.267123617241287
3493,307.91108733692204
3494,165.7006082201299
3495,6.358663299973701
3496,45.05603420839438
3497,4.551924353708395
3498,6.636675764912322
3499,-17.469509033592985
3500,70.37752872422146
3501,284.54404743903535
3502,6.057169261631045
3503,3.0857104565254327
3504,119.55284731680612
3505,138.1711608926222
3506,96.35991448904419
3507,6.290863097072686
3508,2.963593032546303
3509,3.268586195880621
3510,275.67276195603927
3511,2.0160038845210595
3512,69.19423606342951
3513,101.83656285002573
3514,3.441613393512699
3515,72.732524563429
3516,3.583879191817151
3517,191.05675137425095
3518,4.444058407188865
3519,233.4872171890986
3520,298.3244034615723
3521,1.8891807628960722
3522,61.814351936787375
3523,4.603736277667781
3524,6.677237597709159
3525,5.247793553600338
3526,41.602925864846256
3527,1.6705513006466364
3528,282.1717189298546
3529,206.2779439627814
3530,2.4597476188901104
3531,76.09743326696399
3532,273.32124499504283
3533,41.01282637212512
3534,7.761474983364314
3535,84.35710404509084
3536,3.4980789439513673
3537,64.79130700730778
3538,7.003467052162847
3539,1.5696191522245675
3540,169.74935466782753
3541,-63.174124713219726
3542,2.4504186240970065
3543,196.94199963421187
3544,42.50907586872787
3545,2.4925616597550335
3546,5.346975145059481
3547,170.63372583917314
3548,5.446384921114946
3549,1.7493859971611259
3550,4.46265852363317
3551,4.026310550313433
3552,5.7348365631961755
3553,6.01114441904274
3554,164.71389594194977
3555,3.8454194873997367
3556,1.9721895443886102
3557,121.76384078824765
3558,5.082966722961282
3559,95.67539424412057
3560,68.22471762743278
3561,6.142243428452053
3562,29.483522589336648
3563,-49.554590851233364
3564,5.844695876297461
3565,4.969060593907063
3566,180.6375490589835
3567,1.9676133582322155
3568,225.9632735192656
3569,164.28517717440212
3570,42.92567596093895
3571,197.9913845284227
3572,1.9781189920767623
3573,6.0703817203977195
3574,5.816973768808495
3575,2.096141812192101
3576,5.250543006765229
3577,6.224500685108344
3578,89.64727823327739
3579,2.086811128665553
3580,69.10641540988078
3581,243.2059267700443
3582,75.07205283676024
3583,45.85797975482677
3584,6.855634069481706
3585,30.06113685617071
3586,5.808738729786054
3587,35.779920192544914
3588,3.128200676480146
3589,228.18147855125216
3590,3.195691063501903
3591,3.31568749162411
3592,179.87481247770032
3593,3.7336294109728785
3594,20.156316503518696
3595,6.633687754769351
3596,31.857794890254723
3597,315.5479055746681
3598,88.28844482671182
3599,95.61401250865254
3600,2.5927008435710315
3601,299.55036222953794
3602,24.640871642747413
3603,5.166795676899076
3604,2.9740835995199357
3605,182.99196366477224
3606,2.122210902325822
3607,3.769623879485411
3608,278.44759697913923
3609,208.26818098478944
3610,63.39190240214705
3611,5.201749646875395
3612,255.9328940632391
3613,6.412386323833644
3614,4.765260273048717
3615,6.484115108383034
3616,53.48976741682024
3617,4.982433862704629
3618,2.7677802013301953
3619,-56.02543932784325
3620,-17.325975935962212
3621,65.03418561830065
3622,5.419823599222228
3623,265.69632387822355
3624,-11.450933985314682
3625,103.56102155464569
3626,28.739692633689707
3627,34.08362100851954
3628,6.351564724353908
3629,52.281622922630774
3630,251.4598301441083
3631,287.9360420755917
3632,251.7791483558712
3633,265.00624322495094
3634,116.92871809186644
3635,120.42395368887847
3636,4.295985201337215
3637,46.30555223065887
3638,73.35503815426907
3639,4.918935443243375
3640,339.76921889100026
3641,222.61633806931536
3642,157.7244814015648
3643,184.78333185127244
3644,6.537306720427529
3645,119.19409905188131
3646,2.5121444061041993
3647,5.827207932530056
3648,241.70970943238729
3649,23.06353888560342
3650,3.251696642459633
3651,193.3236105475179
3652,48.88135598249027
3653,-4.863383264549713
3654,74.49297443436467
3655,2.080994028254445
3656,138.30871401003174
3657,5.783619950157036
3658,7.75446182071785
3659,4.6338386822423505
3660,5.829423387793541
3661,40.3309361488255
3662,2.124130451324562
3663,5.637255300257302
3664,115.87226632156046
3665,4.700670890275225
3666,278.6246933862148
3667,244.44357036699623
3668,257.10904850978693
3669,225.47535897175752
3670,6.461824803861316
3671,6.355285897458379
3672,223.37023461563433
3673,5.006973488252665
3674,288.08249185105785
3675,151.5139902576296
3676,50.13638768824308
3677,31.502020392202848
3678,-3.1790459190095266
3679,4.583525702448196
3680,3.4270127657735827
3681,149.00206459400022
3682,75.8250422528772
3683,150.72767688778026
3684,28.897329720493705
3685,147.22114913084852
3686,279.1292120082511
3687,107.04927056372642
3688,277.55392643091733
3689,2.418614439574419
3690,209.0054720291089
3691,212.88060399695013
3692,286.1314443622084
3693,274.2716513256656
3694,1.5267333551619795
3695,246.8023641342578
3696,208.99230433469944
3697,0.8639154675883125
3698,-29.84408131455925
3699,4.267796569831076
3700,5.6068537842128165
3701,351.02610264168186
3702,3.887635196870949
3703,4.023666464009301
3704,6.166011394371939
3705,1.3922120732495296
3706,58.0001288782457
3707,3.1254769567053753
3708,106.37521541696654
3709,3.233350619409018
3710,6.6635070451498
3711,346.49294582029995
3712,102.27262000584973
3713,5.537368652894067
3714,329.91849975000184
3715,2.370902803600785
3716,1.9923486739174083
3717,150.12900946961327
3718,70.77134431574422
3719,167.59368047425892
3720,155.56437760406078
3721,2.6998450457528995
3722,4.053066609433655
3723,3.3624085080057227
3724,1.8922333907042734
3725,67.4795643534554
3726,1.7823882502181483
3727,225.1698227142636
3728,58.03161630995936
3729,-33.66985288708389
3730,145.94034492193654
3731,79.85619115069017
3732,3.5459672134904574
3733,-23.56305978792367
3734,3.0518464142039803
3735,2.4626997502224217
3736,-8.628881823564384
3737,6.243041469169674
3738,192.99013901667394
3739,-43.28572446960023
3740,234.47872221918624
3741,36.32843958861261
3742,264.3058057608417
3743,2.3383513094110144
3744,78.68431735039081
3745,-11.206103313491088
3746,4.996164656037842
3747,5.0453745921924
3748,188.76295264678924
3749,67.75509598377224
3750,1.583599519669101
3751,223.39343809025922
3752,76.07521374072135
3753,4.748959864564925
3754,3.6244079099450417
3755,2.716523310366386
3756,5.548666188382515
3757,37.96985313609374
3758,6.091723678384975
3759,47.67303163466389
3760,1.9427740632659916
3761,6.463859553653857
3762,6.340620107240504
3763,117.22723623805133
3764,172.73485919819998
3765,357.9737186705373
3766,6.5793360771260465
3767,281.328706817948
3768,73.49112143505661
3769,1.6627292040423998
3770,136.1726231651083
3771,3.7549768164747532
3772,191.24581423442532
3773,244.8123525425142
3774,2.4962279267891834
3775,4.055661560452798
3776,248.08595700716145
3777,6.177252023472616
3778,228.54611598607053
3779,290.3640214248885
3780,6.10666030873148
3781,6.444906765281184
3782,2.0989612448061257
3783,2.1001570310552666
3784,5.5216381786471995
3785,31.627147669038393
3786,93.01623724697896
3787,6.09217484085015
3788,6.669037985549674
3789,284.887703690777
3790,7.008498194988524
3791,6.284109496493703
3792,3.7807313218372745
3793,32.078180733978485
3794,-22.371782525881393
3795,192.57910553257017
3796,182.83114601491394
3797,4.794008760403946
3798,196.24358597066674
3799,-61.66482496237081
3800,241.26937130149355
3801,134.02825780019575
3802,138.73781936776618
3803,49.221475956261486
3804,54.549087859915524
3805,5.155810493191038
3806,2.9999171051167974
3807,124.36212879710112
3808,3.876816039690212
3809,-32.30631828269222
3810,2.7927976622962745
3811,4.343859362483849
3812,268.3184284887825
3813,3.581836767084888
3814,290.69902038415796
3815,7.134207343136931
3816,3.5373971632657932
3817,50.17279584257858
3818,6.149347085440457
3819,2.3545383702446308
3820,142.99268104422052
3821,7.338800180946405
3822,5.487265545367675
3823,256.6008341839288
3824,5.208352133588852
3825,250.12043793905838
3826,6.064626436142088
3827,310.5897167853236
3828,308.648172193374
3829,6.5943207671346915
3830,243.6021279223105
3831,68.40600717051251
3832,1.7704333076705447
3833,59.95570347124076
3834,22.42289193991666
3835,2.7562890550585193
3836,5.165200978839404
3837,6.732395169562929
3838,5.889524248526053
3839,242.41687002117555
3840,5.7007352594513465
3841,122.72408269911588
3842,3.4386080002066413
3843,270.2666303032912
3844,5.358631807914254
3845,5.57271828540679
3846,6.557258829480535
3847,71.94630088543684
3848,110.07081043869667
3849,190.49590534742754
3850,17.45327557584174
3851,110.32685465977883
3852,241.84937304928144
3853,5.486055005961866
3854,248.90574147855673
3855,1.9199000202119096
3856,57.279653594400116
3857,4.021839593862693
3858,3.17994311592466
3859,250.0440250358883
3860,6.24575601420722
3861,-59.63321812377461
3862,-7.839596637039174
3863,4.104560325148365
3864,2.868350082317768
3865,290.92066303011046
3866,4.0475051242004305
3867,199.38359583365784
3868,4.810325544383181
3869,3.0099704214750425
3870,185.28283458100555
3871,44.12175405530842
3872,3.4955662703833266
3873,25.65890519358432
3874,352.13466978162774
3875,276.58520910129755
3876,103.4232277069813
3877,-62.842315417346896
3878,211.2797181523527
3879,245.03098867297035
3880,6.494488025643948
3881,4.169336494063334
3882,2.7365264259390325
3883,205.611984822586
3884,148.53625162029357
3885,6.4315666862087895
3886,5.500190966337787
3887,6.247239897877116
3888,2.688256877143528
3889,176.51174339749775
3890,1.8115089183213735
3891,2.836354925012027
3892,179.61125076050837
3893,2.630741521079522
3894,295.74329967095645
3895,-33.538435887866015
3896,30.323923923919523
3897,245.29558954648877
3898,190.6315434479603
3899,1.7541861570007065
3900,88.93817294557434
3901,107.77666106169869
3902,2.8974024546542925
3903,36.432306288380296
3904,52.00782107862388
3905,3.4038978659105252
3906,7.964416559645746
3907,199.35741028116976
3908,149.0838120626915
3909,3.2669358847992966
3910,3.8465350599713926
3911,235.6992735078441
3912,4.8701011858099434
3913,37.18311896751642
3914,283.1108385366154
3915,7.325697039827624
3916,5.870138310011141
3917,3.8019455489084115
3918,-44.9901772443508
3919,4.557086469039529
3920,31.4339081303712
3921,53.15488896688327
3922,7.021665741139932
3923,3.682099586829427
3924,362.8803589848301
3925,65.67305298806006
3926,1.9411340961976418
3927,249.02742437832057
3928,3.4402127911129385
3929,5.103619292808346
3930,6.349287771019354
3931,221.99611085381434
3932,4.64082354436479
3933,2.631552871657594
3934,6.587830458504743
3935,221.8485802697321
3936,1.795816401591754
3937,3.4064600881318574
3938,2.3139100618185564
3939,325.51321279565354
3940,6.091586415689946
3941,6.191240656621834
3942,5.4034476067257105
3943,3.1874798780230575
3944,6.668571571191847
3945,331.4868542444056
3946,191.81100836219105
3947,27.82115504573035
3948,154.0100557595635
3949,5.2608019812224835
3950,247.40487733047124
3951,1.7504058568526213
3952,110.28740987211044
3953,124.60988610352197
3954,2.312560460506285
3955,6.192829476719615
3956,187.84590694728695
3957,56.609250969537726
3958,67.78163025084325
3959,234.21329311264307
3960,6.19013087127062
3961,6.124809726402448
3962,132.56373582241952
3963,5.879423301553013
3964,207.38023497966418
3965,6.141489309673917
3966,2.611626996717118
3967,4.126338219899608
3968,195.8033939486167
3969,56.81227875621982
3970,2.379484505452246
3971,3.3739355670188482
3972,2.5487059938675114
3973,3.0789402748874846
3974,45.252009336218414
3975,48.97187915756035
3976,3.3915028215133423
3977,4.190589166829065
3978,3.608866124417989
3979,120.00032874100773
3980,246.5859716037613
3981,254.9033454947362
3982,5.415915325765739
3983,3.553161255374196
3984,368.9894329713916
3985,228.56493864268327
3986,177.80809176108613
3987,87.93892387828944
3988,3.231563529863842
3989,13.97476976160651
3990,94.0868202331349
3991,256.0273135072149
3992,5.89525940345182
3993,6.146672959506601
3994,38.2303541174842
3995,121.82420854759158
3996,3.8308759967436465
3997,100.99117547257174
3998,2.4295754080608534
3999,277.63832071816677
4000,5.240026869636877
4001,4.2487476289110315
4002,25.630090936505958
4003,171.6414525516779
4004,2.2600126247003907
4005,309.16365542543474
4006,70.04550372932937
4007,6.8036081989951
4008,3.369405576481245
4009,5.832120992801022
4010,191.23940413778445
4011,3.3116189371469424
4012,6.361412205984289
4013,241.623726238931
4014,5.870349949754369
4015,6.26138420080887
4016,68.14216405516137
4017,154.6494745568708
4018,120.40950089480673
4019,1.426892529974131
4020,2.005389375114661
4021,132.05840539095865
4022,51.25903438709187
4023,3.6242800729751616
4024,112.03204359940386
4025,48.367136977661545
4026,49.79590739248077
4027,268.52743495691186
4028,102.47755370566921
4029,6.612511251699786
4030,2.5561411016122326
4031,115.99525288936599
4032,86.84483641765772
4033,2.4968294588167006
4034,256.3577869368524
4035,109.14610106182717
4036,4.217940807588422
4037,3.6040781872972216
4038,5.982789866864028
4039,5.846023003227122
4040,107.86204885334806
4041,327.4338702872782
4042,62.07439220865541
4043,265.4498451592524
4044,4.447475338636465
4045,37.65985678613916
4046,5.84409223124295
4047,4.45656076839459
4048,278.3069241244358
4049,125.26790900286989
4050,276.35578299036
4051,63.18284979330623
4052,2.683271657692152
4053,4.016325923973754
4054,5.219928822415653
4055,4.341914017684263
4056,268.6121428098627
4057,6.833505757824226
4058,289.6106638092988
4059,21.1040504264642
4060,267.012764226832
4061,101.09432126430957
4062,3.840690887359451
4063,2.1303910846320804
4064,223.58055365593913
4065,2.044224122720311
4066,97.43937869568708
4067,199.31290109336555
4068,165.71752191904187
4069,347.1003610594963
4070,2.685634929956772
4071,2.8456792856352244
4072,1.716148483223851
4073,3.3004399854254896
4074,4.279337002036152
4075,-29.254591591390906
4076,46.113170114701205
4077,4.828640600358115
4078,6.320009119172308
4079,7.171533607926646
4080,278.8161196696901
4081,4.799259558802981
4082,124.8333765587381
4083,4.127356537778224
4084,14.925282502334891
4085,24.547569014201343
4086,-7.781927802763339
4087,4.266286735903821
4088,4.923884963771822
4089,68.55559569185172
4090,141.23770760481716
4091,4.472637868605532
4092,74.18187751988792
4093,24.31964178490886
4094,5.011260594013321
4095,6.741173375103747
4096,2.3990600027237297
4097,2.6141164353019337
4098,2.999442215821759
4099,-41.995639647017505
4100,66.09119998668662
4101,5.7579627097529436
4102,4.436515288038764
4103,67.396162990382
4104,200.4822533887331
4105,5.825772118514912
4106,115.99978581806118
4107,87.01740789242311
4108,71.80396551959949
4109,237.5406001641888
4110,6.03920742384772
4111,50.30781745822065
4112,81.21787277021922
4113,3.3468180086757275
4114,5.105262797663473
4115,82.10251915387789
4116,89.55696011326236
4117,91.09531614523969
4118,289.7681841240035
4119,244.54787289168183
4120,230.05067805344058
4121,91.04540999582744
4122,-24.393553732819164
4123,2.2000493706317164
4124,140.09009976674557
4125,2.305850038545409
4126,54.38799308191841
4127,5.8973827731091415
4128,1.770750065337063
4129,6.247183966054969
4130,2.140814726916255
4131,57.6827487562014
4132,6.099045044254158
4133,5.181905364241102
4134,113.51078673221195
4135,25.768273121241855
4136,160.58728396133503
4137,327.04155128492596
4138,-8.64042743471938
4139,103.75837733164798
4140,59.855293261749324
4141,4.121621380421974
4142,106.99086509192615
4143,307.4229846627773
4144,71.2831786713838
4145,200.86207045852666
4146,76.1816149048822
4147,66.10605194269937
4148,288.83154644516287
4149,57.78214290436626
4150,34.6090406812494
4151,53.24975078383227
4152,116.03778981307302
4153,4.202446053028611
4154,346.99450194832923
4155,147.20450110357035
4156,3.459503904484915
4157,18.571656542500136
4158,4.049575757153008
4159,4.959967292930761
4160,146.07761559035998
4161,182.963590600834
4162,6.305432550304392
4163,58.5875537571667
4164,183.23694490932314
4165,-10.546851315429947
4166,45.57599821363809
4167,100.03132972669938
4168,7.144235807988321
4169,2.4284115364703767
4170,-3.8670066038494606
4171,92.85848286306282
4172,4.249757772665987
4173,3.9660001462858174
4174,62.904689910041014
4175,115.73752565218274
4176,2.015174618444684
4177,4.169940608919004
4178,13.727244930344416
4179,125.45316517032526
4180,161.20589774693855
4181,62.56611032346458
4182,64.02842364505575
4183,28.224122117595876
4184,194.94307194765298
4185,272.00931723260464
4186,2.455935489342869
4187,71.72571377923288
4188,4.203844958749579
4189,4.308181637516218
4190,115.09741272440381
4191,2.1411417608819794
4192,48.378498601373565
4193,51.36228388048717
4194,5.916334209930058
4195,4.225426259941369
4196,130.1685647377078
4197,6.394791140714476
4198,3.2341409992903105
4199,5.058607171131878
4200,299.2060346922567
4201,248.3715520250322
4202,176.45399735605758
4203,5.737876100828139
4204,106.10047117111392
4205,4.888904685089896
4206,7.729878129075203
4207,122.9387840032669
4208,157.30950481001526
4209,229.92378056002508
4210,-51.349249716388826
4211,1.9148239524040733
4212,5.84801214138965
4213,-12.06918018011928
4214,7.343658998126735
4215,3.1102194023086573
4216,1.558237063254157
4217,3.3023840219530474
4218,5.916685098088632
4219,52.7215782283625
4220,69.43438222102095
4221,2.197150978840857
4222,109.0990958585617
4223,3.0437456998549766
4224,6.277480175460438
4225,5.183696219689908
4226,288.052334737341
4227,1.9616647379635703
4228,208.79706704523858
4229,115.5714549103252
4230,2.804236325192771
4231,2.8340578061872423
4232,55.00576083209002
4233,3.2453931026277214
4234,-7.484549392237476
4235,69.81004129885928
4236,247.021411708765
4237,176.0047734566038
4238,3.3164635151196324
4239,79.66737979384862
4240,4.406247296431394
4241,34.525712935537726
4242,231.7108406781187
4243,-56.15397902136178
4244,328.54364902821925
4245,5.072920018320384
4246,1.936377401154555
4247,3.910697114929765
4248,4.142663695412841
4249,-20.589912214029287
4250,2.516374935117091
4251,294.6905405875321
4252,6.6449085098939085
4253,6.013959693714903
4254,5.1567799796297855
4255,-50.61345977128758
4256,1.9948931373254777
4257,111.24557703089941
4258,2.3445210042175297
4259,1.5921158664411885
4260,84.99628952800873
4261,2.4115191308474495
4262,283.2498206843673
4263,92.82926920488597
4264,2.67736102277457
4265,44.94466754491686
4266,4.148275322200161
4267,6.277482306908032
4268,5.594818175172689
4269,207.9751637174709
4270,171.25934972196433
4271,149.64082448493025
4272,4.561189541751668
4273,8.079211506836348
4274,102.90828110307962
4275,6.748611922130492
4276,287.5295561741156
4277,233.88084744384037
4278,376.94577762083145
4279,309.24453777172835
4280,120.79064412749231
4281,90.36299134249778
4282,12.69558097353628
4283,6.340961152864965
4284,4.432170610240789
4285,109.42680279010017
4286,309.43614643858064
4287,1.7774143290404163
4288,208.07971811110082
4289,207.85417273234333
4290,177.10157444382713
4291,2.9387410295505205
4292,5.032391787030251
4293,6.568952112408594
4294,-29.266485600853684
4295,1.1027148006933618
4296,5.322898437796783
4297,6.450764351731738
4298,5.752639667502839
4299,58.4076561507679
4300,46.77621722504732
4301,1.268708597533326
4302,97.30223665696425
4303,1.3442286121566704
4304,-40.83606822851354
4305,3.6825774370205098
4306,294.2556508622056
4307,2.749370031720319
4308,17.320387072023205
4309,4.614701617688386
4310,2.963104052933227
4311,7.823148840094544
4312,307.4711984869691
4313,3.011423924472105
4314,3.198609242850557
4315,228.95266750304881
4316,1.4280194039837246
4317,192.8399220899176
4318,6.161352588883478
4319,53.42263958891389
4320,99.29700824828004
4321,4.7881176233271985
4322,295.4416417288626
4323,75.91347215676122
4324,3.4324381187671342
4325,6.6853211949975435
4326,3.4274464019463506
4327,102.76680648241648
4328,131.7929010360261
4329,197.40385894845218
4330,-11.002890489141663
4331,2.576354899619675
4332,2.2683934957708227
4333,246.08029277685006
4334,3.275386412577733
4335,3.6037629446257373
4336,2.167267401958974
4337,5.818419277672693
4338,0.7326640494365422
4339,5.740731134923539
4340,-33.720097604452334
4341,62.69207744851154
4342,189.6974413191707
4343,170.9909386335664
4344,106.41675995494303
4345,5.880692508844838
4346,4.679109687253033
4347,180.25859922289538
4348,5.552569806982966
4349,100.65598496693866
4350,-50.62475726425694
4351,116.22315093702147
4352,195.7603729122826
4353,5.073670724720803
4354,115.67040315438703
4355,122.62327062520698
4356,1.9055580840710005
4357,5.305779555599468
4358,321.6711643663717
4359,222.49060249167258
4360,3.502258666707807
4361,-3.334330480399876
4362,1.1805837645863169
4363,3.907461184810107
4364,4.3988399915141665
4365,1.6525416920491207
4366,3.3360525669937395
4367,257.4670533486898
4368,-30.62446886482942
4369,80.09620203837056
4370,6.358905676040751
4371,198.52619770058243
4372,79.86128413888531
4373,324.6313187832956
4374,6.263681194434646
4375,226.30621340164814
4376,277.51297681789094
4377,5.456440860582643
4378,5.771294166900729
4379,168.5169018082634
4380,3.0106662791103886
4381,2.455674965810438
4382,6.6542249739229495
4383,27.924053376682878
4384,4.935356458075757
4385,195.74941811652386
4386,35.63388773971179
4387,288.22056988936345
4388,67.23113328704846
4389,6.666313061239122
4390,4.443003202901146
4391,3.885508255668073
4392,2.4445097552223833
4393,83.85861117566927
4394,76.48992015349232
4395,3.1755570385230936
4396,14.79731278044022
4397,2.516004039822171
4398,6.397558952687463
4399,3.751868009309834
4400,255.37876690388077
4401,6.819371572614395
4402,237.75216795950442
4403,247.93852092261903
4404,239.77439874800422
4405,356.8204077194875
4406,48.00788175318124
4407,96.52435700483213
4408,6.370442785906737
4409,112.02751778527417
4410,-91.75756187904592
4411,2.7523747804726932
4412,273.62446538978594
4413,222.54008218825584
4414,3.798897652736569
4415,191.43929393554686
4416,66.05376748339737
4417,2.6909939067066384
4418,231.09419830123653
4419,264.0859134393533
4420,369.8935271815244
4421,325.4775752510834
4422,11.713641552769396
4423,2.483999734422982
4424,51.08507386720423
4425,187.74431510764683
4426,5.470757970558976
4427,215.8923467156999
4428,6.533291175175188
4429,5.066172917642153
4430,5.154964939531167
4431,178.47252044907134
4432,3.9075580532501326
4433,3.793571503802435
4434,102.86865732729245
4435,5.657421973240572
4436,6.499003033295003
4437,11.227036148876826
4438,79.67570168834351
4439,7.0654240344914
4440,271.40753420043535
4441,2.1241714814177
4442,280.4118865999211
4443,6.222136294443744
4444,277.5311313766888
4445,3.9783475780778197
4446,3.727779736982067
4447,149.11412283048912
4448,5.268430840213716
4449,-14.111444785394713
4450,66.07221303036326
4451,103.8495651372856
4452,286.7278012311697
4453,247.23492106833984
4454,4.580178587763006
4455,4.99358386509817
4456,204.23806820002818
4457,4.030503180482082
4458,6.793116914540423
4459,83.80223168020592
4460,0.6783113852037264
4461,84.06217794972652
4462,153.67342661114438
4463,45.23656996785452
4464,4.2594310433901255
4465,98.94621860762184
4466,4.527264926805012
4467,-5.4470924597631365
4468,1.788282991464611
4469,2.154437840772838
4470,4.8280633928546814
4471,3.0836187578324656
4472,258.1024944753591
4473,3.172823310497103
4474,251.29686855735233
4475,4.527717832483632
4476,94.53057473027454
4477,5.901277951381823
4478,3.9909911527229207
4479,144.4110386679122
4480,290.5778718655996
4481,3.7111915329551604
4482,194.5649734975732
4483,69.40314040485237
4484,313.31423468229843
4485,205.6391449190775
4486,2.425546675971694
4487,114.02780995757807
4488,54.796447824846325
4489,-45.00546471253922
4490,103.98378641653105
4491,5.235160014287239
4492,262.827179025293
4493,319.8581993625511
4494,-1.143004897153052
4495,2.673778663494796
4496,102.30859018081397
4497,6.695230066048349
4498,193.770588741894
4499,310.68447003560493
4500,162.02481871442723
4501,5.501348380566466
4502,5.955637475648466
4503,195.7051915356159
4504,13.894584194537158
4505,68.43106996647853
4506,2.9875519341470382
4507,-3.6535743347724523
4508,122.05906374617504
4509,40.56284641281239
4510,2.2626855653947024
4511,272.40164469059243
4512,57.57839951478417
4513,109.54660422775635
4514,2.974676576621231
4515,2.629321039630243
4516,3.3554891524749566
4517,4.997227273218413
4518,4.506400566524297
4519,113.99821260086769
4520,54.29514524315934
4521,2.608334505491066
4522,57.61897145440847
4523,6.665384081373469
4524,232.02767457958777
4525,19.243553274869655
4526,2.2508229906806276
4527,117.82169628169804
4528,134.07305966681292
4529,100.29852516088303
4530,145.0799204154584
4531,3.925462959384302
4532,4.0857194077819265
4533,4.6213416449394655
4534,61.98773884676393
4535,5.748766370101462
4536,1.8672784377951523
4537,1.8462851466794397
4538,6.41876803943393
4539,285.5580890206978
4540,173.10551738952648
4541,3.317257297874085
4542,2.7779481998145874
4543,206.4054022681446
4544,34.03134217652789
4545,5.192853036787314
4546,30.985154313947724
4547,6.008590325683114
4548,178.20001513437563
4549,4.767714628342061
4550,245.4047897046973
4551,26.349873299656764
4552,130.7731931198718
4553,121.91838841999305
4554,4.4723524430394805
4555,192.78764828642073
4556,290.01146802270904
4557,5.125738959830036
4558,4.416859956504785
4559,72.25703418713314
4560,7.359790603437109
4561,5.271191662148144
4562,185.93102152725658
4563,45.70190777305358
4564,212.31664921980578
4565,71.13721661640287
4566,221.11929223793243
4567,269.9042651321706
4568,138.43578475465898
4569,4.656059197541326
4570,200.03564439919867
4571,262.6259941922401
4572,4.993059091383261
4573,3.0384728407215538
4574,1.793329646485808
4575,5.2323458679494586
4576,146.1383036084816
4577,256.7182670283058
4578,54.64075151225016
4579,7.459602213442471
4580,0.6522009665895911
4581,349.16912177493236
4582,32.89553700384802
4583,1.5519893412958783
4584,273.2567152702795
4585,39.376864258835056
4586,6.694946990994028
4587,4.18097653482497
4588,1.3482356926420767
4589,4.247219052732142
4590,2.98144897964138
4591,77.28318688865463
4592,5.357470581989547
4593,88.80975116494673
4594,-17.49680817273729
4595,2.9023035863288364
4596,72.67311252055201
4597,145.46093636176255
4598,4.33706989862412
4599,-44.14137165494627
4600,85.18007852494321
4601,6.943694928372417
4602,5.320193795586955
4603,5.28978649267109
4604,68.60908020335833
4605,1.9114684170368967
4606,156.8768855165236
4607,51.05765415773877
4608,4.5983555792819315
4609,217.40260684250694
4610,144.0829178940007
4611,100.25555691581093
4612,3.5774797517612766
4613,-68.93262193538149
4614,76.64979457724871
4615,-45.67330594294066
4616,4.796427466700196
4617,4.974067319899762
4618,3.980694135552288
4619,6.220223837039455
4620,6.661105987713527
4621,69.23582470976528
4622,3.9251951790543984
4623,6.318097668510838
4624,1.2729853804872693
4625,88.31622245006864
4626,48.29863971322402
4627,5.6066288475281585
4628,5.89067219082242
4629,65.20575248556048
4630,5.446112090777871
4631,-10.97018297952005
4632,6.654398149406637
4633,222.43116775275183
4634,5.942040744602393
4635,6.045531950379942
4636,39.60956996216843
4637,6.9689124057737954
4638,397.2035817947143
4639,275.5147070433465
4640,2.0721019252880013
4641,208.35375904473722
4642,121.50619926173758
4643,61.63535756638793
4644,68.30559856087982
4645,5.75501559194745
4646,47.1829939680583
4647,22.2340105331254
4648,199.37378578778691
4649,127.38642938069336
4650,123.65645745865032
4651,44.35226082824686
4652,4.598386386428213
4653,251.24308442063804
4654,-4.982183133292367
4655,5.564343329209826
4656,2.4529014150451025
4657,3.1618259374746738
4658,6.218893541856534
4659,84.63029101457316
4660,2.8266011623142067
4661,2.6253077343488407
4662,3.462941376177553
4663,115.58639294871904
4664,5.8743040782515275
4665,137.3230472516912
4666,240.6402921172267
4667,1.8425956752923254
4668,97.54383972018812
4669,254.72062395890762
4670,45.238865092008666
4671,1.9095453160732525
4672,0.7037507277694948
4673,69.7490183897577
4674,298.3945731698949
4675,1.752080546224961
4676,134.931162532531
4677,61.53951855823183
4678,5.489755389659363
4679,68.80142915303875
4680,4.0036194946695245
4681,1.4560640877740916
4682,194.0736679934371
4683,138.30045076530422
4684,97.55502025158617
4685,242.14801588360825
4686,4.378170876643553
4687,216.83487457885667
4688,339.2586466860639
4689,79.39659216899216
4690,5.948965584454996
4691,6.938037371934124
4692,4.206872235594954
4693,101.73165396570309
4694,4.1960934113714545
4695,374.2364457517262
4696,4.505733662193323
4697,2.491266382042729
4698,4.744221869070035
4699,4.110003233946359
4700,93.9727637751493
4701,5.2169690833810165
4702,2.0115673417727873
4703,3.7241137620337588
4704,5.15308789092136
4705,282.4072269288223
4706,3.4163958013715803
4707,4.938556629330442
4708,3.254257914826908
4709,76.15428053804453
4710,150.0330902619057
4711,6.274985692767351
4712,243.4815546355945
4713,3.6138034181666585
4714,5.687756358100442
4715,75.23922621797485
4716,80.09147576997407
4717,7.3497006676138605
4718,5.4693074550161835
4719,191.67645035176645
4720,157.73354598087576
4721,6.199061824261017
4722,3.8103183267109113
4723,6.327227969336047
4724,72.06576630276777
4725,177.3979214333114
4726,3.4876221845441
4727,263.3370637832425
4728,245.33414840111743
4729,3.7809119189573073
4730,177.23731651795737
4731,61.260761369110405
4732,-59.03328368435476
4733,5.473307628723598
4734,6.2286820319755645
4735,5.2741772865406364
4736,3.3094566381081156
4737,65.92434997013005
4738,-23.279454297393816
4739,189.12224885621544
4740,309.55414491889417
4741,5.081583511051167
4742,82.17956213243465
4743,5.331250313445678
4744,267.41925930449116
4745,39.807052171015116
4746,3.916393542388205
4747,2.8921944892698326
4748,3.144186067777848
4749,5.649600908233553
4750,5.782688960359618
4751,3.662796644600353
4752,98.36808048607746
4753,155.29505490244634
4754,134.40897504936032
4755,3.9803326149567493
4756,2.025104853070308
4757,3.223154784562735
4758,79.10516503794429
4759,114.51302018928101
4760,5.0857475781800545
4761,3.3314280566470873
4762,187.00894159929504
4763,214.44344843772893
4764,2.3802656598903438
4765,333.4147888921997
4766,25.73406927621493
4767,17.56344038727763
4768,26.201504918344277
4769,-26.2651316859628
4770,51.27205726845344
4771,31.592964273782904
4772,3.7399448903629375
4773,4.172842944640957
4774,138.5847949505162
4775,2.439650845542528
4776,2.4924836267926596
4777,193.93349087377385
4778,5.063446770330783
4779,39.581401182949435
4780,1.3070963187395297
4781,56.953447161906006
4782,4.888665620292467
4783,3.867087117757972
4784,2.4746612017290635
4785,66.21705504308032
4786,68.92158945597676
4787,5.523244775252762
4788,3.737769600547042
4789,2.8851355517607544
4790,126.46336430651229
4791,167.59038635425622
4792,4.42218027257443
4793,164.34321052817228
4794,59.87043123623637
4795,228.4093823585146
4796,3.376447961881643
4797,138.33376744068636
4798,5.873350488977035
4799,4.075470077958734
4800,354.9147613073818
4801,3.8345027284067648
4802,4.999225054479393
4803,272.50950505259
4804,1.6284187918637392
4805,230.12428383194026
4806,4.015486917682536
4807,3.2795529838152016
4808,61.12903279073127
4809,114.75932773947741
4810,1.6361584868247934
4811,2.1150787789280328
4812,5.350596274028215
4813,259.08789669540204
4814,238.76565187818915
4815,2.8124244214277985
4816,2.7094578596581154
4817,6.23160802612359
4818,1.6984433902074556
4819,87.3694153668047
4820,2.7160017731222683
4821,186.9534456570169
4822,125.89578310535276
4823,5.059327471423481
4824,2.942208943873414
4825,269.6746990312172
4826,4.502899682170838
4827,6.014389770385245
4828,215.68007600463733
4829,119.08450156029801
4830,95.4974352973786
4831,213.82000349645466
4832,6.860398460546328
4833,3.71610360625043
4834,111.75667217013681
4835,3.8391310598864643
4836,6.40601846093734
4837,203.54925802153156
4838,35.148359042709416
4839,308.88434958341134
4840,2.495526148709434
4841,109.2131410701125
4842,28.349780020343182
4843,2.3462432839718845
4844,3.7988899248720918
4845,4.546250166903236
4846,7.141563476302423
4847,4.0099086442406655
4848,2.397228704119116
4849,4.338285581292212
4850,6.696465716407623
4851,5.822646936890489
4852,107.88914410504049
4853,293.52056873502886
4854,2.7596665264500624
4855,3.206897349884727
4856,199.2678844755549
4857,246.71050114815512
4858,235.74465633366378
4859,135.10146665449759
4860,248.88648315986296
4861,-14.838851215228773
4862,120.92962892609201
4863,6.954510091236127
4864,5.9170144254834245
4865,1.913826727333557
4866,1.2811988452994685
4867,3.5214905394613942
4868,67.6929630907628
4869,0.9605338337624649
4870,142.675395628502
4871,6.720198688093401
4872,2.316065984855537
4873,288.3572618888804
4874,9.836297579694051
4875,3.420249374565178
4876,225.1630359123709
4877,6.323571656240928
4878,85.11004296924207
4879,69.98828453447156
4880,5.920712257761243
4881,6.301819645890793
4882,23.437041240429856
4883,1.8161108628622233
4884,133.95173697146626
4885,-51.81519197087742
4886,241.99044776519102
4887,5.204751724137548
4888,297.5810083500049
4889,53.16584088258597
4890,217.74814964155095
4891,128.06718079346166
4892,1.978018908116546
4893,5.798207095737884
4894,102.94466887502308
4895,6.71069499274403
4896,5.823569255978397
4897,5.486094829308868
4898,5.1290564873065545
4899,206.67523761089666
4900,2.049889934250592
4901,276.9744952698225
4902,4.108428699478189
4903,153.22503705065552
4904,378.0119617932885
4905,85.1527495641667
4906,154.4183482952509
4907,185.56950817249293
4908,4.38369700586607
4909,139.72154722426535
4910,152.23768850895908
4911,88.48968341242139
4912,5.571478540026996
4913,177.44123569489182
4914,186.46370436251203
4915,4.376043001981083
4916,4.6805583986961725
4917,6.384990749125693
4918,2.541678327896465
4919,-4.073554246536043
4920,2.175759180133327
4921,-8.125255370276893
4922,168.28816337869085
4923,209.55501640045418
4924,5.825958123543626
4925,2.35357429305972
4926,1.429708330502879
4927,5.194055985914815
4928,3.1188366038579183
4929,73.5046603089647
4930,100.31770822630376
4931,-24.709369689275547
4932,5.955151505883348
4933,239.01326759027984
4934,-52.526752231883066
4935,49.719351008281706
4936,254.4882873222059
4937,24.51613313682857
4938,74.02774395675763
4939,60.66135994490294
4940,3.883186629535574
