id,target
1,4.210018340380578
2,2.6358426569604143
3,309.7287456304298
4,-50.42961580953658
5,4.431783313348989
6,6.7023726645919535
7,5.078612553471611
8,72.75664046811718
9,71.72007191201578
10,76.37216592188165
11,33.61681209253865
12,3.676121150449525
13,271.7822072455042
14,185.9106531580902
15,3.70121521249284
16,271.8437629052302
17,3.115042449923651
18,91.12323418609616
19,3.4285375923610126
20,6.726231607995522
21,-65.63580794951181
22,60.74642762593966
23,4.6245533567727275
24,2.6793095221463776
25,42.39586650534153
26,83.4366842489746
27,1.373683432846794
28,176.9323234132289
29,50.59435250482497
30,3.277899311458361
31,6.269232498638423
32,30.793515656227243
33,45.254337919465584
34,3.9184543286135383
35,2.3821132703245724
36,6.528576426999843
37,248.61490328928852
38,249.41494561131242
39,54.65052041361197
40,124.37512222583237
41,-48.80141034497005
42,3.2235348580832
43,5.820216035436747
44,4.458469618173208
45,147.11230340518745
46,66.48533072238922
47,3.159896366645136
48,-75.6343668462742
49,4.696831574690393
50,1.8723289591611338
51,261.96124206550627
52,3.1431934503644987
53,2.5707731313169253
54,110.51207313045951
55,2.908369707821147
56,4.3335347385990115
57,5.700359897940403
58,172.22959220918062
59,237.8467937793414
60,6.747522223763027
61,2.371192380868491
62,201.367561843098
63,6.717097494547669
64,2.5552632604017185
65,2.0135075491755514
66,3.7476465927331946
67,5.022823214534348
68,191.4388045765353
69,112.67585497788275
70,2.609979092649257
71,2.5662534141801476
72,2.2522181035315
73,27.6528549486695
74,248.70587007970778
75,210.23160167686876
76,6.216649414414933
77,5.806716099091468
78,141.35179697296124
79,270.9712730337303
80,3.6261475328606254
81,57.61516285652388
82,4.408135985318491
83,185.27454908897028
84,53.71313462953659
85,-15.847887089274366
86,2.3324373306679513
87,57.53850912979708
88,180.53510438911462
89,6.013033356469178
90,5.336848134778947
91,51.35558312921667
92,16.601876827043817
93,30.762964412598258
94,4.903280283893633
95,3.9548570522467306
96,3.0971588175226836
97,7.034946280541914
98,225.75331909118142
99,77.55100409107979
100,274.7477355555615
101,5.2569651424209
102,258.1492384910406
103,4.498681445548149
104,6.61262523030815
105,142.74083028644515
106,9.573038626775814
107,293.2563739650307
108,2.5412560452738813
109,191.50963537452412
110,3.489650927928826
111,63.316761856061504
112,2.0255715626096205
113,235.0190720776473
114,6.485324025974892
115,5.208907127181016
116,377.2513216144047
117,191.51126683905355
118,178.75106741775124
119,247.91377572137787
120,340.73770848380434
121,141.75564670633122
122,3.662082567625055
123,133.2064596932661
124,272.5021107466014
125,119.11520792661551
126,6.332218547975963
127,127.09246300782067
128,3.5712455309242994
129,262.4358208922572
130,99.98963636391522
131,72.26407671008712
132,-2.860394750109996
133,-61.905544732331755
134,336.3153671018273
135,6.238901735562914
136,2.208844360426663
137,120.32572790733292
138,5.8449901157552375
139,218.74142443176112
140,298.5109169309918
141,58.70756022467958
142,8.058230774264002
143,25.508498105975473
144,15.980979297256775
145,6.6898681380820335
146,185.83554462739903
147,223.85828036165105
148,2.04323504008849
149,177.51204375640486
150,69.44743479145714
151,290.49443874875703
152,238.8312207131687
153,181.6889749538671
154,20.751940704313363
155,4.400113713562544
156,204.4470291383193
157,159.4649813945668
158,111.86601503789639
159,151.68406555162102
160,6.300135691343067
161,59.07685147771501
162,4.754917046623646
163,255.66027617639946
164,3.0528361348378117
165,68.57825376745177
166,209.80151518967483
167,333.8256550622046
168,6.987386592895995
169,1.8752527727156125
170,235.1577954896315
171,3.040990677927727
172,4.524969562885724
173,-51.3328283319617
174,3.8038403307057727
175,5.667720563829329
176,145.10674106701725
177,72.81322957811857
178,328.35905195260295
179,135.37611625083554
180,213.95258829754624
181,6.365937336045774
182,2.3228890299354052
183,289.5560154241324
184,6.665113522327234
185,1.6359419895866933
186,3.4303228937799464
187,3.108142644293248
188,4.001810763129165
189,82.94461639769224
190,4.230459947629206
191,2.0859455830758957
192,36.02975426458861
193,3.439028798098704
194,331.1878201038466
195,97.43559727915336
196,267.9506614184052
197,123.4283117246503
198,215.82024666944886
199,48.86591636515712
200,1.9368700362119449
201,3.234476588133064
202,102.30604068215196
203,55.78090177674474
204,4.51976159407423
205,271.4098234281017
206,47.6638890447135
207,227.18980678222658
208,139.80204850095072
209,63.607611753013806
210,177.0763591014511
211,86.42546786032975
212,102.17388922279737
213,264.05865803915094
214,64.41554567313531
215,17.433853798729405
216,223.84457206627502
217,72.90766154220462
218,171.65756904838048
219,198.8564617853667
220,6.277613619568383
221,231.99803033065058
222,179.95717588868735
223,2.8590077806642107
224,164.44770234830722
225,268.6391476930111
226,215.1537641716825
227,50.002015615031326
228,270.3858099385468
229,260.9320905096597
230,1.2997875976188207
231,219.43365874309046
232,57.381611812271615
233,56.59242166357112
234,240.69686948214968
235,118.77906159345326
236,2.1991500917569415
237,5.9912836363682285
238,43.55255897347824
239,6.273349887794133
240,188.26375315461206
241,307.77450837257345
242,233.26840159809962
243,4.24974417772405
244,2.800760445694911
245,51.04436314143268
246,118.87203695503146
247,144.81001143797812
248,6.570312796850052
249,5.847638753153932
250,62.11211263975767
251,60.01446730956101
252,187.57027168235632
253,7.918276336709953
254,191.528974913735
255,-48.72668928854252
256,5.463299260119089
257,2.0781982437652893
258,61.68767021696827
259,256.05636843862146
260,2.483281125937866
261,5.604993904385509
262,6.287860851084817
263,-37.43667478326184
264,3.7827736795675815
265,3.62883904893345
266,2.2327118970862156
267,3.666918637471186
268,1.6820317067647728
269,195.5961786868924
270,3.0117461377065586
271,147.36241925112546
272,91.08262099610275
273,4.729375853392007
274,5.159057227292323
275,320.7994072932413
276,180.3744766963354
277,215.50570763104048
278,-60.87983823463577
279,4.269150061765003
280,188.9202173488827
281,5.2344997412400724
282,177.44641286248452
283,190.305632882951
284,145.23583131272147
285,242.8083415267776
286,138.66362613222248
287,236.83926082369555
288,6.2354811272140225
289,102.55590502329687
290,4.796959276315817
291,106.0767844477662
292,3.889643713595755
293,52.79247815233509
294,126.14488014544051
295,5.3777060893167405
296,108.63585375735377
297,59.71881432699311
298,-41.86562499819429
299,208.36742847415334
300,5.869729815993356
301,4.359581151870257
302,4.983102807960012
303,4.310913074992865
304,3.9747751016929884
305,4.824951297030138
306,252.3289577568188
307,3.6255515397547797
308,3.1968383979136874
309,96.35522618083576
310,2.171034528301341
311,2.188140685276615
312,3.7903346251064547
313,141.41382652933817
314,3.8891746653932726
315,0.6533819567144216
316,2.223471576077407
317,4.33328195777691
318,3.9636851685320518
319,30.132684108185856
320,1.8316946027135779
321,6.33509781008685
322,3.3652004976685066
323,1.8362979351558175
324,2.5674703053356076
325,4.001759462151497
326,4.939684068523038
327,53.858167238900705
328,4.23109775311322
329,76.48830247878773
330,55.69713281353424
331,48.36090560583946
332,5.559381729268308
333,2.970011550955115
334,6.72593452188236
335,153.61942449296834
336,3.744098360279037
337,2.3637910830899402
338,140.28338713762548
339,53.566416034671576
340,296.8584900338524
341,120.40511153143471
342,62.93929370713941
343,3.731168128838555
344,2.357553451263462
345,123.51195046802552
346,2.651278542323068
347,4.694383751164745
348,63.56864966196916
349,-49.26945504303437
350,101.57048087791796
351,245.23351650688252
352,32.49580550765741
353,1.3084897015422254
354,5.919634484141473
355,313.1208611515145
356,215.8751105038852
357,3.0828131517546815
358,119.43357090041599
359,4.386420023147768
360,128.92887491168284
361,4.898822931270573
362,5.489546428561885
363,13.72131219638917
364,4.205601338098668
365,5.436526964457131
366,74.56485567364774
367,4.62012669458281
368,238.89958712549816
369,5.123616908802591
370,-36.64333516357158
371,256.24260386960816
372,49.75040636664174
373,153.69439463871709
374,-12.693587608146744
375,97.9522381393135
376,2.8737466588248033
377,2.8475809217169648
378,3.8701636768446432
379,3.1185769472745046
380,0.7972863190058078
381,6.021457077809743
382,6.379373164362059
383,149.81845814777733
384,1.7717230738655876
385,3.83526293595895
386,269.194067719784
387,2.719249121504738
388,3.8678728451439417
389,55.5758059741238
390,4.7918094118007035
391,163.16871245683285
392,6.4514766774490395
393,3.90053839724317
394,312.0837002980517
395,210.79326941243116
396,2.901464967690372
397,1.7636576446502135
398,6.583612572256916
399,188.27763169980201
400,234.84905377218894
401,1.6710295534944835
402,6.406368898685424
403,5.017233567621878
404,5.818458239208443
405,11.986490285199697
406,7.373297361911046
407,-62.383932373383956
408,3.799628557302988
409,3.5032184653783807
410,3.5988722918159706
411,2.471923458191207
412,-29.65029967435064
413,333.5335795965534
414,5.83272753225422
415,38.76974806469531
416,3.263755506265446
417,6.731990984767451
418,5.653121815975412
419,5.547154820552516
420,4.745905386411517
421,168.82389792651503
422,167.5534924668691
423,117.33128760808256
424,159.25180176876174
425,5.8089776879186035
426,258.6484217341769
427,3.215296860368774
428,224.0864778276674
429,3.326197389822248
430,4.544553687832924
431,269.57015961579066
432,146.45797000117847
433,11.348781693991771
434,6.218797713047575
435,47.07112728984562
436,241.37430903152438
437,198.6595739108185
438,175.32653356423873
439,5.817306891094043
440,264.2715172108556
441,202.68115556693178
442,124.55444021852756
443,319.41343900973436
444,5.4414233343542024
445,6.256232490583918
446,60.41110958337833
447,1.3831104068434497
448,6.281879024748236
449,313.33324125514923
450,269.9900765577887
451,157.09614031044867
452,230.6034814441332
453,1.8583385718440022
454,3.889763857376094
455,124.01710251216207
456,3.2633966484295396
457,4.885703226631396
458,268.8614119346556
459,68.03202201182451
460,25.562926183065834
461,115.16642080195348
462,5.783117600399299
463,214.2756644677196
464,5.210879364545606
465,154.8308119691069
466,69.23742866139438
467,2.2659144772823976
468,5.316880975795449
469,23.667415806503897
470,22.19922742903702
471,1.8094451262573013
472,1.910847768264218
473,53.958170946381216
474,6.0816522917404585
475,107.076463314591
476,6.309425420658794
477,1.9358664660888603
478,4.42276232532699
479,217.67378425589695
480,4.782546870574903
481,6.032425686549919
482,236.22806454447817
483,1.7328656172090087
484,206.0294543217925
485,107.10923311844458
486,4.529717063431207
487,2.589042912442912
488,188.20068540670212
489,2.609453175554968
490,4.561811392935303
491,6.3500729608278235
492,3.8618520358467494
493,3.6972679534563673
494,241.24175177856264
495,5.845525868102918
496,196.128850449841
497,6.10429853048891
498,5.798473151399772
499,5.705709352682543
500,7.574812406245741
501,3.357724677370544
502,315.603292097427
503,112.46597622306058
504,-5.548126239314229
505,1.8163518497554207
506,6.479535065142899
507,330.5434651244765
508,77.58366486000062
509,269.25301572753324
510,4.335279547554877
511,101.37083229645651
512,203.76124141398893
513,214.67811419798187
514,332.74938482420566
515,250.06588020069012
516,231.81486400344107
517,281.38170559836857
518,7.119417967472753
519,35.39288035036203
520,310.1448365958295
521,1.5233567112330095
522,3.9739276849949285
523,233.96396208154408
524,4.589485414185907
525,175.42480967219035
526,5.53257111111
527,4.996691323299311
528,4.647179856861959
529,6.281830290970147
530,245.80178692015195
531,104.32313374500353
532,4.129811809742354
533,71.45803848657819
534,4.2094514648182235
535,6.970728510331096
536,5.947471681568118
537,1.6375456692354786
538,5.195201373276616
539,268.94664024142554
540,269.8067815071531
541,235.44288494958624
542,58.688991514845
543,105.33650901817924
544,4.888870244401502
545,4.370903306694897
546,4.006416557576429
547,2.029776212196822
548,331.95368818388727
549,5.7599662171978965
550,255.36477922864222
551,5.898699432667686
552,108.33717377097537
553,3.691985771015285
554,70.16292857146627
555,98.1281596105912
556,236.98672208540938
557,194.71081178242844
558,5.047792162796752
559,5.616459516892521
560,148.14263426379446
561,112.44226427738614
562,165.2953109444859
563,3.1582216344419973
564,26.29100732479033
565,157.2119535249314
566,2.7228985576421985
567,53.61497670389264
568,117.31576839677115
569,290.2768978053387
570,4.125635084293993
571,207.66224919712937
572,3.1550795167862837
573,73.71200379443471
574,108.98031504133976
575,7.215538390025566
576,1.85358897928844
577,3.4238320584883453
578,176.00309510533822
579,0.8599756373364676
580,287.37588288327174
581,63.383651014766414
582,89.19068339670471
583,5.097737551783474
584,3.089964398497579
585,153.63764706546914
586,4.8341901378219765
587,219.7129008947247
588,3.049717671457954
589,190.25858247826665
590,301.7458129976693
591,147.101151633337
592,6.804220029169433
593,233.21846543210768
594,288.67450550113216
595,41.158693418379436
596,5.313053439987626
597,115.09298122410979
598,2.6240715025534236
599,71.40235998538637
600,160.1461862593109
601,134.57994170661246
602,42.0931747831928
603,2.13738410998034
604,240.6941821969105
605,2.5506168094600907
606,2.7551216096257125
607,6.727765452227915
608,56.16718167011547
609,269.7391421565755
610,27.32469440508197
611,58.32847377684186
612,2.7574519143742138
613,3.557443198618027
614,58.31682839823462
615,1.8773865869293371
616,178.89333023294716
617,-52.302311156260714
618,235.2878944775012
619,4.798637222946552
620,6.118585933166571
621,180.88588582413095
622,107.73757282511158
623,188.7242336580425
624,185.95877369284435
625,2.4144480468826868
626,2.1076528264600927
627,62.21086728291486
628,4.339445928438921
629,226.8649166082987
630,4.422054220684215
631,2.320856828844921
632,199.17705294851692
633,152.21095439330358
634,225.17905235003593
635,2.4730467580844113
636,109.72771378077815
637,118.66828492959374
638,6.808245714004964
639,39.67528003792908
640,110.76582117866731
641,6.820263569202445
642,3.0683796102078666
643,283.55928426887704
644,3.788056844911681
645,83.40840669416592
646,70.96854018185965
647,199.12117223791662
648,262.94153540354984
649,381.4567327076853
650,323.75997516519965
651,109.99963092479362
652,62.14710176091026
653,3.288568744495236
654,201.02697275973713
655,26.753687104990117
656,222.7982836078287
657,172.87766388216278
658,286.94533349832926
659,1.9158248681713643
660,112.17417435946679
661,4.0678398704031515
662,130.95221430019993
663,3.633428195220385
664,-35.20172769322246
665,97.57842650410294
666,139.50592094873863
667,234.48598050432895
668,352.23013702761926
669,188.56024816190205
670,202.49948543214927
671,123.94059478158664
672,77.19531367941981
673,4.310076232110512
674,5.064273305841984
675,5.876837286882275
676,5.077457196949349
677,32.362320003559276
678,209.40307543585544
679,4.832746975737722
680,2.8139054076882553
681,1.9309221792566438
682,78.7994788665728
683,5.686252404352572
684,168.2550728401834
685,219.50449149465913
686,5.800223139103608
687,367.21148481628325
688,75.06064438446477
689,109.1863062232255
690,335.87667837868764
691,3.727447683578613
692,72.8584449137434
693,4.9934784285028355
694,6.606734068541405
695,-31.033633461327078
696,304.4462123018422
697,1.0592417077442098
698,232.78747699519056
699,1.882979235478542
700,260.3081270794944
701,3.797408092573561
702,4.44543852446467
703,59.20254471730587
704,74.9448605960195
705,192.62967003100076
706,244.7842923258991
707,165.8522878729222
708,59.40078923995226
709,80.62000181834165
710,219.8469791048073
711,262.18691292842595
712,6.599593243395071
713,38.38279444066054
714,6.7207874961384455
715,238.60359360589734
716,2.952993327055121
717,79.25403827760772
718,357.5474878971378
719,202.4977345153695
720,4.914894769480822
721,145.4404698418992
722,2.35556654752267
723,6.177999647073852
724,2.616352517021241
725,2.6191639995733995
726,105.42162242266154
727,255.27446395422157
728,59.11283039948441
729,58.290548890527305
730,55.42868828528027
731,281.24405107232843
732,4.683585649290543
733,6.525697624621887
734,29.21138452271845
735,252.56201711546092
736,55.705631416705174
737,46.607539151331935
738,119.34025611239736
739,328.146329345352
740,148.45672768550165
741,68.51557098934697
742,267.51605264578075
743,147.0721126362816
744,1.7024187212764925
745,286.9639559450742
746,180.22813935891105
747,3.2553015828762693
748,60.282317930240666
749,76.2597548435063
750,206.54378155420645
751,87.09712627733788
752,227.00342133440006
753,1.9652754681790239
754,254.11432136025053
755,6.134554626923732
756,5.967423030162852
757,188.14774415881243
758,2.0767829688604373
759,66.70566988527477
760,15.781276124179161
761,210.94060233208165
762,5.033547232791676
763,2.1172851404555924
764,71.51568108055035
765,4.669623744816462
766,26.60468319597962
767,1.1933859098360289
768,4.955294024838656
769,5.836810272159953
770,1.9931637086722387
771,261.3425681129147
772,69.29574242701004
773,118.98337931757155
774,-9.44663669595509
775,55.499170835972365
776,4.211939836080747
777,239.6238000464602
778,-19.25562815114636
779,155.74286755969317
780,72.01006688362438
781,312.8329395692023
782,3.9311553260248453
783,49.40608532750912
784,2.8300874952071053
785,39.57437791238231
786,115.63155367405281
787,5.4927559604330725
788,1.8877632178475727
789,184.7328806657679
790,65.5010393361382
791,-4.565118058195252
792,94.18908576675892
793,-62.68271538810326
794,324.0099598417405
795,-46.20634085052174
796,126.0344733597203
797,3.7599037926295384
798,63.51057294378698
799,3.4441091798506753
800,5.887607513021269
801,218.5549664899131
802,70.13889000039273
803,144.81153197382366
804,6.6933072357110905
805,2.144046364197471
806,169.61271535379535
807,2.7192517810245276
808,65.53989392109283
809,1.5818226947997958
810,53.0774034666388
811,258.85203686371347
812,114.1175867941001
813,290.30741865069984
814,5.835289002962929
815,4.684903577209472
816,6.941440307761296
817,3.0056075895953493
818,17.02306315395606
819,5.316996422676615
820,71.39802736361796
821,5.771620711097489
822,2.0372983981809565
823,44.663812944834476
824,67.44082469596168
825,7.022427663732284
826,76.5541033275202
827,4.067136403511498
828,6.095545295771768
829,47.78894731055412
830,175.84873614950968
831,116.12052411040673
832,6.033835403147342
833,248.32028475740427
834,201.8723216001569
835,166.86911412775316
836,2.2648831315701687
837,76.47796866595543
838,154.2377720494407
839,5.784374952233898
840,190.0017862301239
841,132.55756341019307
842,63.084964288499194
843,2.3532869258466134
844,3.0114390552167976
845,5.385684596480988
846,6.403239123534458
847,5.468263797511758
848,175.34539186019504
849,6.1131648761496
850,75.69785154309857
851,11.468609916475579
852,37.60188234595697
853,99.14828949745811
854,41.33292287621704
855,7.128749958796501
856,230.19598280129102
857,99.27027384488758
858,73.6246558281854
859,225.769184445388
860,2.1330870625832725
861,3.3924914341657644
862,2.9298272541177117
863,111.78757521275028
864,242.10711892811986
865,274.3950657438532
866,201.94608012387522
867,5.364769659885653
868,116.22214386108044
869,152.72002243142703
870,117.67377939145027
871,161.53363139043913
872,124.90015078636975
873,3.115820418785162
874,85.59390763639064
875,6.536276812695486
876,101.57923106032027
877,47.86053369426841
878,152.69191099661072
879,5.39549074660666
880,6.777515442748756
881,162.71754023693273
882,5.736166667042375
883,240.61585125661784
884,5.879138973261486
885,166.2896837937359
886,45.44485283915148
887,2.4166192591128905
888,2.1011843238093375
889,260.0689440998119
890,4.3897775655782265
891,2.843068505298562
892,54.62428307068791
893,4.912384062270441
894,-16.81128300728877
895,3.5952015563437767
896,219.2924307719784
897,2.4842859761464418
898,225.294730409154
899,-55.82360933253133
900,240.6326978443068
901,3.8580548704980515
902,200.9006884713339
903,4.9658696366512896
904,125.08344213172475
905,1.9626315083709351
906,1.303006985357994
907,198.8377526657465
908,51.015676187156004
909,76.8792262337
910,2.2567955503728068
911,6.67682666734903
912,266.4501788328277
913,157.45357010062258
914,275.4967820418109
915,115.212877150504
916,134.44342559876372
917,-34.27731901654872
918,2.451971783521346
919,2.663139809309781
920,386.2324210808132
921,112.79713762779856
922,225.31631181045216
923,2.483253562306876
924,104.16550406934272
925,190.4669198064949
926,53.34182728732755
927,50.23651436669177
928,5.241877061632776
929,27.764040759163578
930,9.22716139466441
931,213.48729290757052
932,186.8541863567616
933,5.233468043248468
934,2.121781760791258
935,178.1433649282259
936,55.50335282775458
937,3.4787280827031077
938,4.626319373230986
939,82.8657508612476
940,1.4690034875450153
941,5.743136696205791
942,4.94685288094719
943,109.29491141699634
944,4.606482040734886
945,2.033210762307118
946,65.43934386024924
947,28.398025488457307
948,36.468237935011146
949,238.26238395521426
950,354.3909958567531
951,9.61966352839282
952,-13.655867743959718
953,5.579624944819118
954,264.56388293654845
955,202.21511231738282
956,143.54918032238476
957,2.815756237182226
958,2.9725315296624952
959,233.26972593993992
960,53.959507962526274
961,165.33298925468813
962,3.474214433197554
963,6.5524061380558685
964,4.998003116990026
965,6.422273418201723
966,3.3502040746390906
967,29.091669090987068
968,164.8180924092626
969,193.50303363661064
970,6.213889072986218
971,367.061903642507
972,5.1907901447370985
973,108.94920761870505
974,5.3160863855678855
975,4.122500043145611
976,5.225349500069468
977,205.95140485997905
978,293.6612236838148
979,2.118992556071328
980,1.863419632444524
981,2.4407816546077257
982,58.209890222734
983,300.4722675023743
984,315.82278288736666
985,267.39186578693227
986,106.63344304259303
987,3.201574283710889
988,239.75959638527235
989,361.88359950447517
990,71.17664518665532
991,4.165107323619546
992,317.3222617347236
993,175.51305038489437
994,3.33085923514883
995,-11.251373592517597
996,24.385513889360677
997,2.0637291946809597
998,35.79623862620918
999,63.92317765489345
1000,-15.292771835590564
1001,295.5251565898441
1002,153.31587760322103
1003,5.455537542993328
1004,1.245570953817676
1005,1.7275680922961782
1006,3.854051220383017
1007,152.3840033857377
1008,1.8167778198171378
1009,6.665398344586167
1010,2.958699667262837
1011,262.3883762361867
1012,15.970055517342008
1013,200.32126365663478
1014,54.780186642619626
1015,232.44979517164546
1016,6.565869851338435
1017,5.1525368013504025
1018,3.539114164116082
1019,6.492114755199714
1020,4.683961834970802
1021,131.1908504155152
1022,75.407696527166
1023,195.14396101783024
1024,185.3649757240804
1025,5.340172277252417
1026,4.331838188212613
1027,4.8409764891594875
1028,86.48260948827372
1029,3.7215277004128797
1030,34.23808603382304
1031,267.00059550323533
1032,3.0963121519285206
1033,2.415043738710162
1034,249.77878096829056
1035,1.3305475826039492
1036,245.34887059648685
1037,6.751118465263997
1038,51.939023472339926
1039,3.708225004329774
1040,-28.781926045227404
1041,3.649631851393652
1042,4.5863575384082536
1043,3.803575414280398
1044,346.2538697297963
1045,135.09461310533442
1046,33.65006344606014
1047,224.5985721948054
1048,1.8260621669243555
1049,2.706528431031162
1050,6.416388744548063
1051,61.90716135243649
1052,171.79237379458857
1053,253.43284210922167
1054,6.362404128932871
1055,40.265698658628295
1056,28.022496554188024
1057,4.3940321498341985
1058,2.8105841603325823
1059,3.0332310743891355
1060,84.90591450909037
1061,3.6284770731047784
1062,5.822587996158584
1063,292.081726067436
1064,243.5958248468712
1065,76.63856247104692
1066,270.9744471468543
1067,262.6364095593671
1068,6.433727956349645
1069,4.269942770162336
1070,322.40324452227856
1071,190.65215446882584
1072,5.573188451093291
1073,4.518195518969451
1074,6.362173584961665
1075,4.844834491876833
1076,296.1426281902287
1077,6.252417587170473
1078,150.67797770043495
1079,2.7869404943143055
1080,2.468522091928423
1081,5.832836580644168
1082,4.212653109997756
1083,3.431841015564009
1084,6.169865126657632
1085,128.49376643890037
1086,192.70465675570034
1087,57.962984570301025
1088,250.3376454770462
1089,8.457936663275147
1090,162.77510149803868
1091,254.27694520752198
1092,5.794110675876677
1093,4.487085532310587
1094,6.66367120167145
1095,3.4567686446099364
1096,2.9279403735892213
1097,5.084707414589318
1098,79.63732202968667
1099,110.0543058866433
1100,5.907041770966656
1101,4.677289826040494
1102,6.346967679071845
1103,262.67276745058746
1104,4.614487776205554
1105,111.60714338849209
1106,5.1742000644396215
1107,6.2330873179682245
1108,12.525142763319078
1109,115.7525553310712
1110,79.5882258353852
1111,3.526169702430492
1112,205.97223703984093
1113,2.6387837041211935
1114,171.27409790392855
1115,76.73807428448796
1116,5.15684010045053
1117,285.93051982462043
1118,288.303934323651
1119,4.442971941314973
1120,58.75022248412411
1121,-18.373980793463268
1122,258.76681220769945
1123,3.436213452094668
1124,189.49885827012127
1125,2.673362267943944
1126,66.0353903383315
1127,5.964570610057151
1128,-46.73382207339649
1129,129.92453274503504
1130,6.163256525911184
1131,42.29808914280742
1132,4.216687125253635
1133,-69.02271220228094
1134,176.37131254951726
1135,201.57243366069264
1136,-52.590150988787485
1137,4.047311142629366
1138,55.94001329413075
1139,107.74637799483162
1140,114.07204523822733
1141,225.45678167779568
1142,137.99266399150653
1143,18.093789885188997
1144,-45.13299280652702
1145,105.64689363867677
1146,51.92124004743277
1147,4.375845414210744
1148,84.61370120239415
1149,40.16804093185893
1150,4.162522678585176
1151,1.3141158125963972
1152,3.706227952660729
1153,4.374753827600882
1154,32.36425683396705
1155,175.72497668968137
1156,6.677297620680282
1157,72.35999734560002
1158,201.90803675244072
1159,83.0226004787276
1160,94.22333188170997
1161,1.714231557183891
1162,5.281312581229641
1163,5.50927526059146
1164,4.847929161893271
1165,206.75950960814225
1166,40.630495097672025
1167,-24.52759086936561
1168,4.935645491296733
1169,160.11744145416134
1170,4.813239310442144
1171,4.3529878168475085
1172,-33.23442613053499
1173,3.8930742669055665
1174,192.56001412514541
1175,-50.59372229044324
1176,247.4798948281936
1177,2.331361979079985
1178,141.0567014027725
1179,2.7329726103943024
1180,2.525899790136048
1181,2.1608361241530716
1182,127.86395542465584
1183,7.488613670882466
1184,3.914373108922634
1185,281.07962862898137
1186,129.93587196058687
1187,4.498311357199926
1188,2.946809470290799
1189,119.42397254134528
1190,3.4681010624516
1191,3.1399556467488963
1192,4.987912928100997
1193,162.24405735357047
1194,5.526014935843927
1195,2.173972644767369
1196,265.2290821254261
1197,84.1473008080263
1198,3.1817981685082537
1199,270.20352716473826
1200,52.750595572101005
1201,205.77249907489738
1202,91.85835142225756
1203,3.3678636887858278
1204,177.43582400203996
1205,1.8176810317386511
1206,160.85840384778385
1207,125.42540775374708
1208,196.71371702909806
1209,245.83567080213783
1210,205.17837940278343
1211,212.97195547477995
1212,6.1249821933067095
1213,3.784078787049023
1214,203.34146780065868
1215,117.89970576112108
1216,235.28070132410696
1217,187.0873548964173
1218,-36.84777294463913
1219,6.146602497661322
1220,5.798113017412275
1221,255.57024255718855
1222,6.0361927084340685
1223,2.5259374194952895
1224,2.904370523455354
1225,128.18545933659425
1226,1.3734538306800814
1227,4.602946138352493
1228,2.4365691274873953
1229,35.16054323347168
1230,120.57835506937046
1231,231.78149137820486
1232,1.8336321467730057
1233,-35.162201373787646
1234,3.20799755535048
1235,17.11653507491272
1236,259.605841401791
1237,4.425289756122915
1238,2.518069491489731
1239,1.6355509473836856
1240,37.47475635767235
1241,2.1128025495218443
1242,4.350835408938356
1243,5.495621911649424
1244,157.4558682856017
1245,3.9768055866064214
1246,256.02549533983597
1247,5.294247557856528
1248,122.70525528239664
1249,140.41822671877875
1250,7.320959718746867
1251,53.06832628314063
1252,5.7622037832444315
1253,4.131096794510073
1254,4.585183136133865
1255,51.66707912988112
1256,78.62574558869122
1257,133.94084783322722
1258,278.00277312413624
1259,49.13877092602279
1260,263.42147269679845
1261,5.771010607426019
1262,5.4052606267207
1263,193.492227278176
1264,2.10056203625912
1265,84.29103613936904
1266,122.089162422935
1267,2.4705290116239365
1268,6.427933600075141
1269,267.2452324745384
1270,-54.06980944094746
1271,222.54676501613875
1272,53.34182728732755
1273,26.323223526024847
1274,225.96183968900334
1275,196.83510618836232
1276,41.194221548393514
1277,4.283856592643615
1278,1.7711170135240943
1279,3.9368464877262817
1280,-64.88188547032368
1281,3.3312858997630905
1282,62.427196659765116
1283,161.43998000345127
1284,2.902729124296731
1285,-51.59646280771343
1286,2.4572911495428817
1287,52.45123435634288
1288,150.25775315827576
1289,4.553595157945556
1290,216.65454309865626
1291,3.161986292102279
1292,50.63197509544857
1293,103.27687018213122
1294,260.5722586099986
1295,173.07947481795532
1296,6.6240436875907704
1297,62.08572879637394
1298,-6.955927221186464
1299,5.453746558822755
1300,174.04635867436144
1301,238.0301021259047
1302,207.71382739559513
1303,6.175880612525635
1304,3.713560204045334
1305,5.144381751101007
1306,63.484999687292586
1307,138.06284979371293
1308,1.8768092722395686
1309,4.947615651244979
1310,342.13141582680214
1311,2.7439284295853303
1312,6.741430893028968
1313,28.317365256629763
1314,193.98564439216162
1315,165.74430596669518
1316,264.27046537521244
1317,63.73993270924218
1318,2.10048039904067
1319,215.92313153932707
1320,237.6432966430207
1321,13.851786490943075
1322,53.42867853111983
1323,264.8893306815496
1324,236.56263073983587
1325,44.42982124967223
1326,60.76123716073339
1327,252.53530335874757
1328,3.0447186994612885
1329,5.996118236374734
1330,124.93856356990932
1331,-18.220076486827853
1332,315.54923234083515
1333,1.295739723924569
1334,342.9813594256413
1335,1.8461416769692616
1336,91.2517028349607
1337,35.27440016045833
1338,238.7178773371029
1339,6.675714685700051
1340,194.8722213043581
1341,239.77813185339573
1342,182.59561342121046
1343,43.97967896093935
1344,120.1151264322304
1345,3.308752748651699
1346,60.55582927494238
1347,98.53783674762832
1348,2.9083563733679476
1349,209.31722880942277
1350,58.156945777968645
1351,230.15482028800193
1352,2.6141667339391965
1353,16.986293179369685
1354,5.035596197659258
1355,5.943181739988576
1356,3.50749293604494
1357,6.601170446003034
1358,6.721448262293361
1359,1.6540519188076959
1360,305.33855295148294
1361,5.125874408714509
1362,6.424091919351605
1363,63.92260586934105
1364,3.343894726684859
1365,5.872135678940561
1366,6.543536360585668
1367,5.8641596674714185
1368,7.940108054196223
1369,186.40562626629733
1370,290.3090113009783
1371,222.78579184232254
1372,25.69727186075967
1373,3.69398503476645
1374,180.77454619839546
1375,167.4441569972575
1376,5.254771054019894
1377,4.911312250788836
1378,112.42508658023007
1379,102.49130687248751
1380,82.89039851411056
1381,242.0679052148572
1382,80.62814765337463
1383,58.84541553168259
1384,-11.27331808160961
1385,164.8947107093838
1386,2.51485820838342
1387,74.29619768614133
1388,1.640974365456663
1389,219.72455508731358
1390,171.04771354720788
1391,106.08801627709687
1392,46.404021041795986
1393,269.2756685296076
1394,-8.35787967008525
1395,36.49743372548829
1396,190.82364613910744
1397,5.418566004235239
1398,192.60889391713687
1399,1.5163937365336158
1400,67.04864808428947
1401,318.3235650263607
1402,57.95065591427807
1403,296.64173970628224
1404,94.28999338517367
1405,118.24518861257528
1406,1.9726070126738497
1407,130.68663282338957
1408,7.64817540140748
1409,3.7088231362689212
1410,238.13961367449394
1411,247.1795737725252
1412,-31.647674941115625
1413,123.42614042525008
1414,249.5523293051741
1415,2.0567524820247187
1416,2.534117782744132
1417,4.477289027015683
1418,310.7382644384312
1419,153.0751827825879
1420,4.68034658910448
1421,38.888953344579136
1422,6.648987893474038
1423,3.116496373611909
1424,5.536139822889795
1425,2.346442547883941
1426,-21.396664373957083
1427,3.7065621900134174
1428,4.764495767390207
1429,4.9072305732307075
1430,4.162762807260201
1431,6.53168664291627
1432,185.87988525884595
1433,2.7537632293843513
1434,5.326151100142464
1435,4.586453923906156
1436,-54.64053350456334
1437,186.3471029090657
1438,120.4226072797425
1439,6.333219432781377
1440,2.653897530369033
1441,109.53494697868268
1442,178.54402371000643
1443,44.36683529527633
1444,5.952084715168491
1445,54.396679002589856
1446,275.91877880842725
1447,246.37478272829145
1448,-44.0900270727294
1449,5.873540927138034
1450,283.6076244046865
1451,144.89724599401603
1452,5.074711145584724
1453,5.799168361434308
1454,178.84088348850682
1455,70.515991859356
1456,-7.170782255881368
1457,7.699368713253667
1458,4.853711215403546
1459,301.407425905589
1460,340.08194961437016
1461,190.19204463949484
1462,-13.81835066145107
1463,71.70370240527757
1464,5.835289002962929
1465,3.189174239918157
1466,235.23508981299122
1467,5.822104828211151
1468,5.358646041948393
1469,30.721003383728156
1470,3.809022384144206
1471,56.82375040361477
1472,6.731019049280542
1473,2.1678976201914004
1474,236.88935176986627
1475,100.69735834684977
1476,6.693687796344006
1477,2.5860690024786477
1478,116.60426956473331
1479,5.180629140106416
1480,110.63635236134236
1481,5.845200992226295
1482,177.35901199712902
1483,6.255469507483884
1484,246.8684523222704
1485,175.20395211326462
1486,7.430276894901333
1487,3.4954958009587953
1488,59.567490301366874
1489,-10.942614236147008
1490,113.62056318583029
1491,3.492669190718293
1492,2.0314604260430893
1493,7.168177015374763
1494,5.467724724154179
1495,34.662667006452224
1496,7.3831241146094335
1497,65.41284161283502
1498,6.265733336887008
1499,84.6568901570881
1500,7.161290509448317
1501,5.798759691187469
1502,108.80670017428008
1503,5.714153427122734
1504,2.0879238207951554
1505,4.7876507604758824
1506,185.4121325182756
1507,35.46536466294564
1508,95.64266141603491
1509,62.02682194881545
1510,3.272760214352901
1511,-19.05948482029907
1512,61.530565131554184
1513,5.282282168774461
1514,262.20042866113226
1515,43.92759352179202
1516,2.9861156722731006
1517,352.0899715328271
1518,4.391420139929724
1519,247.84645680239947
1520,5.167504858014613
1521,43.05111670941096
1522,4.978934734883049
1523,3.059815145310605
1524,143.4911520944134
1525,-34.092250460583735
1526,2.5645560270545005
1527,5.80870962614949
1528,2.9379000195459675
1529,212.33112767191847
1530,273.9323736003984
1531,3.4642098049655674
1532,5.929836952123293
1533,3.5033302070311523
1534,-7.593474362459371
1535,79.49158588108527
1536,5.927249101134157
1537,2.6411148038120755
1538,290.10013347569827
1539,158.35030810103106
1540,2.1904287623603196
1541,116.36934223832645
1542,3.2716713817004943
1543,30.315163708270983
1544,7.88942959032253
1545,3.559649635644496
1546,4.486978764086823
1547,-34.847862455583055
1548,211.1128232941238
1549,46.20817845604137
1550,3.7541571013733255
1551,2.33051475874151
1552,239.23520857853316
1553,6.527436917764071
1554,271.9669508483407
1555,110.71446360213082
1556,3.9542308843407428
1557,23.341455370091516
1558,3.725367369737989
1559,248.68865802762184
1560,180.579246843452
1561,195.18959262724212
1562,245.53700318782873
1563,100.48806661234316
1564,3.2447673797038012
1565,104.87020217958353
1566,3.8348841559210634
1567,6.1941250820544544
1568,106.04049388142212
1569,16.789386090786174
1570,280.6287089159664
1571,3.172229761684525
1572,75.65433867770497
1573,2.087549635416636
1574,4.44691291331286
1575,5.745432701554228
1576,3.941761455186474
1577,5.656933294587304
1578,82.01706674853487
1579,5.19557482484612
1580,167.7349231647729
1581,279.1560952870142
1582,6.731459108143778
1583,295.25484076749717
1584,307.65970104027724
1585,5.913378221219286
1586,5.254575592438446
1587,61.97322276735936
1588,289.5611909712784
1589,7.010177925490261
1590,5.870984453958172
1591,160.86752997293283
1592,7.155222957650974
1593,125.67747400807866
1594,144.57124792343282
1595,117.40934150662284
1596,5.752391252632922
1597,63.782438502967864
1598,6.200242245986963
1599,5.239968664388039
1600,4.444553559972441
1601,2.6381023544414086
1602,5.90592880251795
1603,266.71557430945256
1604,53.99868256477182
1605,145.52689630439727
1606,265.51300022811654
1607,4.688094342974148
1608,3.2449318846955797
1609,7.100226366580065
1610,4.942040509581605
1611,196.3632314846273
1612,90.62055949975408
1613,2.2935672932408764
1614,283.5451621923297
1615,5.6937781040545055
1616,4.143363692604865
1617,185.4422989118413
1618,232.06494634559704
1619,13.978044010062607
1620,81.59040956714583
1621,2.5205247992708304
1622,2.8638147227634745
1623,2.7530366820139567
1624,249.9950222713034
1625,70.65427306758397
1626,1.6544103164796597
1627,49.698055162583984
1628,3.7201962504150177
1629,206.53026415392853
1630,114.73846132286721
1631,4.252875321803203
1632,293.03097565744116
1633,5.118068878328982
1634,-3.186563785715899
1635,3.4376188653707676
1636,4.9369661564780385
1637,6.62679055359002
1638,213.8573351809069
1639,61.104941188442965
1640,4.2308415802631
1641,318.4949161195302
1642,140.82031071176124
1643,195.5365810215342
1644,129.6284398302765
1645,181.49355120015016
1646,6.20289110583286
1647,6.547178130612213
1648,26.34504993446923
1649,4.333866696215992
1650,90.47143038168696
1651,6.622660649757524
1652,6.413367214143281
1653,223.5042110644464
1654,6.585442112024129
1655,296.5991724527836
1656,61.12516797079951
1657,1.3297305813368105
1658,293.3744218347979
1659,2.203121421692214
1660,-20.849705255835218
1661,7.07181374849921
1662,183.3362308098781
1663,5.871754360547384
1664,130.7102220067732
1665,1.0683194505052382
1666,70.61365091886745
1667,-61.45217487795605
1668,241.8501498534902
1669,57.7773927292164
1670,2.027999257378353
1671,2.428444890834019
1672,5.311275627732787
1673,4.239601786722213
1674,147.62520946244922
1675,2.175656939856356
1676,-56.54692239679022
1677,33.01261497702431
1678,1.1819919769614593
1679,234.36544933174892
1680,95.8052950104269
1681,1.5150209524823088
1682,3.2157068838088225
1683,78.45710231100304
1684,19.080797654913432
1685,6.716984426468677
1686,137.61497596165526
1687,7.375762515665402
1688,186.77406529121794
1689,275.30707816646486
1690,3.1667595876618133
1691,3.757350708336388
1692,4.178841026006689
1693,2.4795936269610266
1694,66.13295878524265
1695,220.34978614317345
1696,146.47368912485882
1697,2.063561727520532
1698,222.7515188619534
1699,187.20648122824903
1700,120.31453613594996
1701,271.45005852499725
1702,-56.34855792884426
1703,5.677074447280812
1704,5.518564560186112
1705,2.9184103386461384
1706,100.73032271117044
1707,4.907541531351231
1708,66.85670506934554
1709,132.1567853673237
1710,6.349118291016312
1711,70.66334188259722
1712,1.8644064409733039
1713,5.813744440991028
1714,-55.70733025812636
1715,5.099953863887039
1716,2.2264994465135537
1717,23.801700385593083
1718,116.0828204891095
1719,25.430747593276493
1720,6.225263660391043
1721,240.57685042262995
1722,3.488297623188597
1723,122.59246544505865
1724,125.0324139814782
1725,3.684974581029494
1726,4.056579347429063
1727,260.50747119741516
1728,4.1800924574147835
1729,3.614634533527307
1730,39.27686617544403
1731,223.9169903847063
1732,4.7885368959299734
1733,372.7723037515827
1734,275.2623038053289
1735,179.04892241038675
1736,3.288406449874889
1737,306.9241299904093
1738,288.4721616775713
1739,218.4873533575731
1740,89.39345768544256
1741,106.65398788161384
1742,235.5950098694363
1743,5.289019960534919
1744,116.67554890982117
1745,57.803208589053426
1746,3.5405424264906187
1747,7.4410757539543395
1748,212.79947506453215
1749,3.5739995354377623
1750,97.2663278563036
1751,39.503765336930584
1752,7.037352913746841
1753,5.965684798459971
1754,278.8627766762993
1755,230.56097434956547
1756,1.8729734071245905
1757,210.4577447019144
1758,340.4071253459937
1759,4.944064774461005
1760,303.46730164505874
1761,253.75703534556445
1762,21.647964796511108
1763,45.16470643311442
1764,10.26751989739262
1765,4.879234209463572
1766,223.50372644799023
1767,185.78300991211003
1768,5.843142006978302
1769,65.2071303788447
1770,73.42834280796218
1771,2.5505489494982427
1772,228.93208664595895
1773,271.0917388103452
1774,6.480649080347004
1775,280.5452192509896
1776,2.7568660979138224
1777,-7.827630477902392
1778,-13.377133151186117
1779,-37.44687616658753
1780,110.99863568681761
1781,5.7259543087797145
1782,186.90069448149768
1783,246.02917671976135
1784,3.9741386918178976
1785,55.54029229228024
1786,2.834651047706724
1787,75.70950529502193
1788,5.253050630209991
1789,2.5218932872280186
1790,27.510327693953712
1791,3.882400125079705
1792,2.8077881554926885
1793,2.0363888179569978
1794,178.0902395646853
1795,187.6566330052329
1796,273.6525706011455
1797,144.43044822822776
1798,6.550995894098856
1799,231.90906375361465
1800,117.75641320952326
1801,5.028956735506147
1802,2.3018222621324744
1803,129.94900977606588
1804,4.039751344609002
1805,175.1767469392194
1806,5.723669512696201
1807,292.7574424489994
1808,168.74614649475936
1809,59.83523404449379
1810,4.438529564402711
1811,2.701027124168985
1812,29.488673354059866
1813,3.6363222985469585
1814,155.69704696749278
1815,243.3479537849497
1816,5.584003148288694
1817,111.81393046440091
1818,59.07774370889288
1819,232.11328257152874
1820,6.066930221549373
1821,3.2184320578300367
1822,269.91515688850154
1823,5.051916456862426
1824,76.78622073401564
1825,2.3313093672391294
1826,6.101146630491455
1827,4.064450978073122
1828,2.085241199887777
1829,198.21933320110094
1830,229.3085163650614
1831,6.757706548410326
1832,47.8621345395226
1833,3.2267137861209827
1834,3.8120721999353138
1835,113.0158960074877
1836,6.347089264686058
1837,5.963345365166376
1838,5.871754344262991
1839,117.51776059921943
1840,-29.282000785185595
1841,-76.06723804724992
1842,246.99080374618043
1843,177.8808169250177
1844,249.5523293051741
1845,153.144329007644
1846,52.38050538689471
1847,261.1027514077976
1848,118.80066860651515
1849,3.958333172849449
1850,5.506244692263972
1851,-68.63824066682727
1852,6.389297662499676
1853,83.99386295326292
1854,70.44622012847059
1855,5.309000676443338
1856,191.75216683557562
1857,2.2839472806743553
1858,5.045185445529238
1859,6.223513892613296
1860,5.729933989726962
1861,153.20402504156453
1862,6.259254468375616
1863,102.00711076045503
1864,68.17477122247286
1865,213.5733133002443
1866,114.19127797378891
1867,87.79663204520045
1868,266.2847241246026
1869,145.81580876313407
1870,3.471480307083777
1871,242.70847559889182
1872,40.490275042249365
1873,2.799516618714211
1874,24.279989083223825
1875,78.53611948814623
1876,3.309894539299858
1877,2.6339267143285006
1878,61.01880667525238
1879,59.073047022078796
1880,263.5019735448269
1881,5.9525651469071335
1882,107.07323219476277
1883,6.466483182862351
1884,83.65356515664342
1885,289.81450260020506
1886,264.8216577732259
1887,3.2591539911526555
1888,195.0600920231866
1889,227.97094364972963
1890,2.5406112043369355
1891,247.9212989333483
1892,217.50069304555458
1893,4.344083978435339
1894,2.022118978813422
1895,11.076444001822573
1896,5.89446616313106
1897,61.681393370860555
1898,-49.103516782314486
1899,3.0452860578274574
1900,5.8488453576981865
1901,271.24830644342865
1902,232.36844823766035
1903,-56.64565839656661
1904,86.77729966901809
1905,67.91355058582252
1906,173.21376779686207
1907,6.711810709577616
1908,6.000016979394351
1909,119.39810149019344
1910,5.810947584772789
1911,4.744370537248766
1912,3.9138932572704332
1913,78.73184952907314
1914,-23.016536508307283
1915,7.016858798521603
1916,1.2870383757824775
1917,2.9751253441232146
1918,159.5790827930208
1919,4.770269280094169
1920,4.651445092658644
1921,69.34605745270298
1922,3.162172741005604
1923,6.470281888917048
1924,2.653580609171568
1925,3.88230161118307
1926,89.46782239723204
1927,139.40831300199753
1928,4.168417557847814
1929,49.40608532750912
1930,2.8085584330248734
1931,5.964494281369736
1932,4.867461113258596
1933,3.0039761383436994
1934,256.7423778765947
1935,6.2989112014011255
1936,4.806481874012341
1937,46.15741504743265
1938,-24.456043409746055
1939,2.9442146676490455
1940,255.15827382496474
1941,3.3464567870070008
1942,225.9389853119967
1943,3.6792332060475674
1944,226.81547250637104
1945,289.4488704150374
1946,5.882845544935607
1947,99.85129573537148
1948,5.823599182238755
1949,23.49026545946976
1950,24.887344546827286
1951,2.5362241644415175
1952,45.239673505935684
1953,400.3031904141736
1954,2.7235952951909566
1955,98.05792815374838
1956,1.9983366702259584
1957,128.0424774009344
1958,4.46061949027997
1959,170.10933633954835
1960,61.238738098797
1961,1.0409866934726164
1962,4.09903573533121
1963,3.2739129452987172
1964,4.938626176867293
1965,95.1152373648909
1966,3.119616260468624
1967,4.905829688854963
1968,271.1178028818725
1969,58.84310646503367
1970,5.694890237348434
1971,2.045584523596826
1972,101.76533036621146
1973,-28.289692902910723
1974,2.7069113933369655
1975,3.0183865939130756
1976,324.6434875083843
1977,1.6653199748755925
1978,218.58722640432228
1979,92.77189232999106
1980,267.30318580943936
1981,192.58860374046483
1982,113.29478681688553
1983,68.87827672474482
1984,8.456212072761026
1985,4.6358939038611595
1986,3.848548680187529
1987,6.2969294500464486
1988,1.3548907142241857
1989,5.609313452470218
1990,4.92519751110352
1991,46.76015658137229
1992,4.462078476381603
1993,30.46699914094468
1994,2.018444553958925
1995,108.20102581518559
1996,3.7454496599211504
1997,2.667445768355857
1998,5.251778471650397
1999,309.9657269999849
2000,5.87213563008738
2001,281.31299898017784
2002,-48.60297654073121
2003,6.731990952198664
2004,335.96523982514896
2005,57.37494417890882
2006,4.830935799536786
2007,48.02105385463284
2008,227.31083869322168
2009,147.356481717824
2010,292.19712879722823
2011,6.308553208489852
2012,179.3220393465659
2013,-31.970432171194332
2014,279.2386158152373
2015,201.08356800835213
2016,36.77846616918117
2017,2.7733516753722833
2018,49.71616157227436
2019,82.16578044961128
2020,6.735977594065361
2021,4.601279501742177
2022,183.8487389317661
2023,96.37549785647708
2024,2.8968771579906756
2025,4.057559606381117
2026,82.47221463698173
2027,5.8606129592286464
2028,6.298590470663436
2029,44.51217035519881
2030,303.15390931024075
2031,85.33074525308692
2032,284.52413472311514
2033,230.20007126976816
2034,2.647094203355817
2035,56.74487838391519
2036,192.7203528229282
2037,5.2216711532150235
2038,3.434100404773588
2039,2.948891595625207
2040,130.04959974180235
2041,234.40140857144488
2042,4.174203493403299
2043,186.35147618178047
2044,2.528851332576699
2045,85.09834295374519
2046,284.4379458517403
2047,5.125195346369128
2048,-39.611776154403586
2049,1.5402688525564174
2050,354.028729629768
2051,3.823076076135358
2052,3.3031003380318853
2053,233.96695572464182
2054,4.475628981189272
2055,3.662490641975407
2056,-43.25508988817329
2057,185.72942609977588
2058,-13.610047522886603
2059,4.95086903461023
2060,31.131097286212135
2061,2.302557353414348
2062,198.5173780133723
2063,3.592475971305279
2064,3.3416166584909104
2065,3.6360164076322743
2066,1.9254427250290878
2067,5.958076684835518
2068,3.082531543543938
2069,1.6244875956533493
2070,283.58265579473857
2071,289.5611909712784
2072,4.5753019518499745
2073,199.97019057926215
2074,379.2468997783519
2075,247.9250671491257
2076,3.6380156921034597
2077,2.808235232924158
2078,4.621556256539402
2079,4.1702702871225235
2080,2.566966660214338
2081,3.242326607971204
2082,5.536305790531899
2083,40.240328013897646
2084,2.771210867488646
2085,5.054520096307919
2086,112.69593655465926
2087,95.99534495156055
2088,18.502068915726152
2089,60.35682969414073
2090,250.30256437889153
2091,183.27032037319148
2092,-94.06682836236126
2093,5.222407028486507
2094,3.630484767885424
2095,98.72240553687169
2096,55.83466847533492
2097,108.42053379502522
2098,5.797081808513937
2099,-40.115160684452
2100,14.923939268507215
2101,5.805521891906788
2102,6.813071417935402
2103,73.52487066094716
2104,62.83431951404277
2105,33.92025565518157
2106,308.01035377226214
2107,7.277313033750563
2108,7.001495309082969
2109,5.871207894854569
2110,229.67927390164027
2111,3.647054129719291
2112,34.80279023997099
2113,80.26548977748863
2114,2.473023993536658
2115,44.133882637995555
2116,3.656277057523199
2117,3.5071929026732303
2118,3.699779039997827
2119,111.13094377493621
2120,4.143900983679604
2121,190.4187544764674
2122,226.8278258495517
2123,3.0255671489896567
2124,1.634637725218028
2125,4.733528590023289
2126,6.094158339324839
2127,62.71966463883411
2128,200.81352528694865
2129,1.7996635371775698
2130,2.376707709019689
2131,5.327334385359392
2132,6.051396149270552
2133,222.8528863869377
2134,49.9185081957698
2135,229.2390190539414
2136,25.856259731187485
2137,233.35726062474583
2138,3.316328273532843
2139,58.52830061672068
2140,51.873158606029826
2141,56.207209303409755
2142,5.611000127380377
2143,9.524437426753588
2144,170.08996471315115
2145,35.96565406158131
2146,4.22808191246153
2147,4.191097596079999
2148,74.83374897288654
2149,-64.99815116942057
2150,4.882011785568913
2151,69.70092739898504
2152,4.921038048591127
2153,3.1440266419967315
2154,2.084657027126469
2155,2.3699445175909486
2156,5.871754360547384
2157,107.17326316276161
2158,3.938667237034183
2159,328.10748419328417
2160,228.13574391942035
2161,314.275405416224
2162,1.8534716604681025
2163,298.22542154314567
2164,6.359804189110109
2165,2.9449246513905507
2166,2.393045002685912
2167,31.540485842515004
2168,306.383128118866
2169,2.1757457745779814
2170,2.3673069525551877
2171,154.1104354264572
2172,5.397183183415602
2173,245.1854487225919
2174,262.13876485395537
2175,1.2704447726558725
2176,4.856225069323017
2177,-47.052041874140016
2178,3.661623050561153
2179,70.24822376430458
2180,280.3084038463386
2181,2.3422511336310547
2182,179.78431124690712
2183,181.4156800663127
2184,5.873540959706821
2185,2.1449188536157986
2186,2.782854460031188
2187,4.786161765932494
2188,238.89119799584256
2189,249.4705692781057
2190,69.03408076630409
2191,2.683761532095811
2192,3.0787573998809785
2193,145.09721484245665
2194,3.3750004694851636
2195,4.955903303845493
2196,6.632311976386147
2197,1.9240332111788694
2198,4.084204902749173
2199,3.3563299906856328
2200,1.7506934901111932
2201,4.112016663119253
2202,83.18004942005463
2203,2.660019347215145
2204,1.964335196861422
2205,94.28165808095355
2206,5.354490808750694
2207,172.57936016997883
2208,4.818859554793151
2209,24.372752202230316
2210,241.53459553600626
2211,1.7306266104244057
2212,4.673596974343949
2213,6.534123752630384
2214,106.31624820847881
2215,43.10225919444167
2216,97.6178222647043
2217,4.844098209322199
2218,43.735711305690806
2219,2.641280465067462
2220,5.494961176420777
2221,3.726457450394866
2222,-37.185003942999366
2223,207.76876790986512
2224,-51.48649821261236
2225,171.17235886359282
2226,-28.722488642474616
2227,66.91535746458128
2228,125.54714648645313
2229,213.95232298196117
2230,3.1775976486049347
2231,5.409174253047404
2232,4.622192016148883
2233,259.2266783854484
2234,204.89543427793564
2235,227.951300606536
2236,3.569878685355027
2237,3.3505837091926294
2238,254.05825251165433
2239,91.95493553472329
2240,240.6149962953471
2241,2.290814523092686
2242,228.89702891337822
2243,6.2368954095389935
2244,93.0544480790426
2245,232.27913178816704
2246,125.02367347551719
2247,245.00514160501564
2248,6.243649649497703
2249,289.81693469757755
2250,138.516469948113
2251,5.113434177507374
2252,248.1842114962502
2253,6.209972267339827
2254,179.11995448438182
2255,-87.88874633682259
2256,37.10503715237974
2257,1.6993054766527738
2258,2.931062080145474
2259,75.80293027383856
2260,6.302247986307621
2261,97.93910209539757
2262,2.0531886959184766
2263,65.0410943761427
2264,-19.552014739131558
2265,56.018071183279815
2266,2.389841742656002
2267,2.8774310785214183
2268,5.570215992382099
2269,4.106409894453631
2270,8.406927958975343
2271,178.0576655002755
2272,48.39454419511295
2273,3.576882380681295
2274,6.156375480738488
2275,6.600632365093123
2276,4.809317054472446
2277,2.767109269502801
2278,1.4003881918547625
2279,6.086264192049798
2280,2.8326191976287607
2281,197.32729090145511
2282,2.3559016205265646
2283,3.9871889271542442
2284,233.12954599152482
2285,3.301445144297529
2286,-19.77309778185766
2287,5.70363528532945
2288,3.178022089817412
2289,6.285449477027818
2290,-19.550238898151626
2291,55.186381813751936
2292,5.005686150969796
2293,1.9821107558826838
2294,9.596999816593272
2295,2.3944063608670314
2296,4.863922352647808
2297,142.90819457170167
2298,-40.73527250489697
2299,30.892079948526074
2300,3.737773155948865
2301,5.5527824572478295
2302,-94.42307097967935
2303,170.5939178598759
2304,5.496544166978788
2305,43.8815038091833
2306,272.0366530397116
2307,35.18027874532283
2308,54.63988833463513
2309,5.782849280212589
2310,175.32653356423873
2311,-52.10742562169209
2312,63.336647964917105
2313,4.209348150958788
2314,4.801714810105707
2315,203.31418803515817
2316,6.879340829107023
2317,3.710036368388202
2318,238.12578004968157
2319,6.468256869009936
2320,111.19260355837645
2321,3.167527696316281
2322,241.27212097947222
2323,175.88524310715601
2324,2.020159052333252
2325,31.07728186692372
2326,3.2969266101264965
2327,107.08576698419186
2328,3.87188478325219
2329,348.7052258857698
2330,178.74941388610586
2331,1.000997640327206
2332,279.28186630604364
2333,-9.628749472342367
2334,6.669787811563186
2335,5.481863659783853
2336,34.55280789750856
2337,150.9442120265447
2338,197.70709420880453
2339,28.7942787556974
2340,42.17144669734584
2341,123.17020642232339
2342,2.3734103507585287
2343,6.140142426649092
2344,247.79210216119787
2345,5.925125700829901
2346,103.99399946666435
2347,148.68631766866787
2348,1.822970555376011
2349,272.5012454977998
2350,52.17546248463139
2351,5.065551191234561
2352,4.919170638644028
2353,1.7305053961939294
2354,-30.476095837915857
2355,132.83005306543782
2356,3.8394463775174916
2357,98.95894618926297
2358,6.174807201015652
2359,6.734533756750962
2360,4.570281942847316
2361,5.781178697565472
2362,255.6355191688686
2363,4.25113807169779
2364,218.34860440711083
2365,91.86129280208789
2366,39.00684762839584
2367,41.434406296810494
2368,-58.50293235129051
2369,4.48810081224567
2370,231.01840751721818
2371,31.829602437075536
2372,66.18103602843365
2373,1.9811016772108698
2374,-59.35781743839056
2375,2.1236477938723572
2376,140.8427548143133
2377,107.55228278202021
2378,5.57863130459682
2379,6.527890707599301
2380,33.55798008040445
2381,137.46940830601648
2382,171.65243599173832
2383,53.0918083464492
2384,3.2277266571497867
2385,252.16305086595335
2386,5.835289035531716
2387,6.739184186329829
2388,261.9896049373356
2389,75.26736121807048
2390,1.9791395888433942
2391,113.59163382889349
2392,20.76179334254313
2393,62.47309098358801
2394,141.1039566232425
2395,5.875193738651422
2396,2.528069793914511
2397,294.334029882393
2398,282.4726192997824
2399,4.551208716746044
2400,190.73837024734172
2401,67.68578441897085
2402,209.68383281988127
2403,6.30999710388981
2404,1.9664333813276942
2405,5.174146964406285
2406,2.5183604918912326
2407,75.11060308533115
2408,251.57554609110673
2409,178.46011437480723
2410,4.244834094571174
2411,6.595767800717168
2412,309.49274533635213
2413,-6.710546092367256
2414,3.896773724711962
2415,63.23512667659999
2416,258.2367078813734
2417,24.338772244929146
2418,3.073518496140503
2419,4.072027459760663
2420,1.8156540765919316
2421,7.913424783724133
2422,205.78581689638133
2423,2.5515277853368596
2424,189.2590704391293
2425,6.234020471931583
2426,0.8872218652256239
2427,167.21832543707058
2428,18.817384825001035
2429,3.5057368899448678
2430,5.912580065393071
2431,2.512517924239625
2432,311.8870843262846
2433,266.89646947018105
2434,4.406325034821752
2435,58.59022906420926
2436,226.84511633906655
2437,-62.334313098013105
2438,5.722427452271553
2439,7.291556735276203
2440,180.24070233848363
2441,6.357580570134507
2442,5.875456473354057
2443,4.946320838316645
2444,-80.37399273142033
2445,6.657788318971867
2446,5.420377854334904
2447,240.4560009340077
2448,6.788556699312513
2449,6.147504519609025
2450,18.37032471436573
2451,2.8069485552395617
2452,4.286634701330792
2453,40.83400925088275
2454,291.8306796503229
2455,120.83349609510914
2456,3.30567651613613
2457,253.59154585508878
2458,5.7637919246225655
2459,2.246784350733868
2460,5.94172546085453
2461,63.26949499135689
2462,57.087590942967914
2463,6.274532601033036
2464,-67.70744661423777
2465,25.25218903322019
2466,197.08535975551922
2467,153.37378709698817
2468,272.4766690915126
2469,264.5232033659398
2470,5.814408087008277
2471,124.59823605308603
2472,2.961379750578402
2473,26.586091818563244
2474,191.50991957331763
2475,6.575698211681075
2476,110.31665522724478
2477,142.20771669717246
2478,182.36540353001214
2479,5.225688146862172
2480,53.88667666300766
2481,60.410539093123596
2482,2.1970926747081703
2483,5.050561768605334
2484,118.44094765361602
2485,126.56969870978237
2486,6.735861375805108
2487,5.424413856854606
2488,-34.29490499890238
2489,172.99588994401597
2490,5.631491208777232
2491,146.04025488073083
2492,43.53990299003799
2493,67.66043921645293
2494,5.810380564691445
2495,5.494549290528118
2496,102.1003146435646
2497,69.86285185388152
2498,1.6674735184307448
2499,6.730227205237642
2500,1.9089428996829652
2501,79.15528053394905
2502,268.15769054801814
2503,84.22925687623356
2504,351.1033833547881
2505,3.089810202289139
2506,4.74238359110878
2507,273.15940000223543
2508,197.65115731311397
2509,90.8749683098624
2510,6.5925923629715735
2511,216.41251956614414
2512,74.13269761434061
2513,139.66667641883188
2514,224.4703857171022
2515,304.2605650601213
2516,2.05014041962644
2517,2.2248289111539914
2518,288.94335718534285
2519,4.180033417335324
2520,81.28267022895199
2521,118.98607043137054
2522,1.5605941459598407
2523,5.340042513328024
2524,4.911228794550449
2525,285.99946597364897
2526,3.2263974387791663
2527,3.9870783339040803
2528,235.99056551188318
2529,102.45739033346604
2530,237.17679498895075
2531,277.22869003547186
2532,74.66510391340883
2533,1.8593436829565322
2534,6.073306765908655
2535,5.872135678940561
2536,3.8238048714533095
2537,6.353824312815604
2538,5.952891190813563
2539,171.09557719952278
2540,2.375635378504187
2541,0.07556993088130759
2542,7.433422993748732
2543,5.632791648672402
2544,169.8599377177965
2545,2.433350629797207
2546,288.79448435822803
2547,23.339184223639144
2548,16.602882027600167
2549,172.24984008045772
2550,110.29739764142349
2551,-38.915692623321014
2552,2.0337448386986643
2553,285.34899419186695
2554,2.3177165085354035
2555,61.994976700258505
2556,135.04362983580157
2557,4.597814168223056
2558,34.700348776812426
2559,6.377172147861873
2560,230.18717227261703
2561,2.406062241114839
2562,214.2596749793339
2563,239.96643433606988
2564,266.9844206630452
2565,4.813417737028588
2566,4.687740308448149
2567,269.8871927622381
2568,26.83326905261106
2569,70.46334031193176
2570,3.713463105022494
2571,90.79392090200876
2572,-58.99412022898334
2573,186.0968129583818
2574,3.0641718178645867
2575,4.744442182015194
2576,3.549431781552877
2577,6.399528135285098
2578,25.788980023869065
2579,5.924986537224383
2580,5.17616980597283
2581,2.874318215566663
2582,-38.14942962746356
2583,2.020076005177461
2584,6.84718308691539
2585,46.62510362945241
2586,4.934565898067514
2587,202.90185992734536
2588,229.0472420092904
2589,4.863562292930805
2590,37.18557767830415
2591,1.807213033488506
2592,107.64839928797993
2593,57.38165483469241
2594,86.68342414763373
2595,55.01373424844553
2596,52.65204148722684
2597,5.53771242834217
2598,6.3040487323327445
2599,2.7344748957468368
2600,4.278595518896723
2601,209.79487248155215
2602,6.150728107810185
2603,356.9579779423678
2604,144.57876611127102
2605,44.587733979299756
2606,3.8447808938029464
2607,34.04232982411422
2608,188.9699378110405
2609,33.06766070148401
2610,2.5998155353085437
2611,-14.835552462348414
2612,3.6623031943952062
2613,4.3934256347786125
2614,3.0449026736345215
2615,114.26206548176447
2616,137.36274394388732
2617,273.72109938249366
2618,200.1720720909559
2619,4.480548146323887
2620,2.481260610583503
2621,4.50416088809565
2622,2.628468092979918
2623,1.4819750471325837
2624,6.785239718408532
2625,112.79933040047149
2626,284.9301600322427
2627,54.71219629035717
2628,132.58891668739966
2629,54.002098211232024
2630,117.63148687426568
2631,33.375871566463616
2632,6.160116954811293
2633,309.00647578618316
2634,59.718319713455855
2635,153.3749110846445
2636,-39.438570495094666
2637,3.498847841896806
2638,-64.55652314943849
2639,-50.000377197129026
2640,186.3537389593974
2641,4.243796965112536
2642,5.669509525395998
2643,169.94012252221927
2644,170.2369696046995
2645,205.82581438476552
2646,2.4097325416067
2647,3.5783252171649274
2648,4.721131894318962
2649,6.2459212750392785
2650,258.40816987472107
2651,211.10464788168932
2652,49.6567363279068
2653,3.499153982720981
2654,27.64455762685317
2655,227.95646987992484
2656,239.6655925960789
2657,2.9074864274164973
2658,-0.023403091974872503
2659,284.0739459443869
2660,1.8395164936254356
2661,277.74029199350935
2662,91.04859733594878
2663,-7.394231617083728
2664,73.04665369759067
2665,274.9800625471409
2666,223.7875478085642
2667,-48.45759076606523
2668,37.38775732085011
2669,6.756168698333306
2670,109.61425469402707
2671,198.2993923975507
2672,116.30123236645355
2673,240.57220688756297
2674,235.25879744392068
2675,1.8075821050180427
2676,-52.31620643230594
2677,372.67804694080746
2678,9.917186279832734
2679,5.680364706013757
2680,87.32061915108378
2681,5.024501126602789
2682,2.773514873083318
2683,2.3994407084132168
2684,2.510370028306347
2685,6.503729318303118
2686,16.40605472504241
2687,53.09162684653874
2688,36.58249698581724
2689,43.7758530127261
2690,144.7219882035031
2691,82.75716569887588
2692,52.54873445688282
2693,136.85428470267854
2694,98.01895818693778
2695,6.555741159802218
2696,127.9958866595598
2697,3.762848178640123
2698,2.3682910310369305
2699,4.025011543622111
2700,187.6908121549249
2701,64.30616607714242
2702,-2.4991614851926824
2703,4.05877245783626
2704,159.07785821433873
2705,2.9994742401133117
2706,5.244463396778282
2707,188.87216114191713
2708,3.1206292092016596
2709,62.46722106684688
2710,6.1522206639707635
2711,189.41510756823038
2712,1.8568664526732555
2713,89.02164571338207
2714,-43.228268446482296
2715,4.706390990029731
2716,2.721172102331788
2717,286.2851628316077
2718,2.669980194262214
2719,3.107601837625092
2720,6.739152343473332
2721,6.226823689638895
2722,4.267158783023755
2723,212.6147612626281
2724,6.596498008877889
2725,31.227658410032213
2726,13.066569685306744
2727,314.7747591920994
2728,44.04314970174643
2729,181.16668597848223
2730,163.58852971259276
2731,154.3241966623395
2732,6.252318292767001
2733,226.00933159505774
2734,110.02350967213584
2735,84.64753195363016
2736,87.83707482434838
2737,167.74975664179246
2738,131.66705942982205
2739,115.42033806415411
2740,5.578025405096042
2741,51.62884049245615
2742,1.3311023946355078
2743,29.877877793726572
2744,-35.22932376021498
2745,4.761663747857344
2746,202.94616545353142
2747,181.54397705993753
2748,2.603105571654713
2749,5.415905698294086
2750,222.96063396933562
2751,263.9340022429502
2752,2.994451579390752
2753,99.37658172335809
2754,0.3891349298624418
2755,34.62398085264557
2756,266.54935687432356
2757,5.767050369634366
2758,283.8793443526058
2759,41.870298616277566
2760,183.17540110110997
2761,6.530842268577816
2762,4.045876133606145
2763,115.3575504804274
2764,4.47877725856818
2765,126.80251521501114
2766,1.9421892588935221
2767,272.3358113252903
2768,4.743567889622992
2769,3.2467720297549025
2770,190.33585407664896
2771,157.86636119195668
2772,6.982291692022106
2773,3.129295954737803
2774,4.798129209006342
2775,6.076692718097331
2776,4.054926561356467
2777,263.9989419617984
2778,29.173894526162854
2779,2.0987545540965504
2780,2.654628734861092
2781,239.46110372331668
2782,223.4965071495043
2783,6.241735291158724
2784,-23.5216021783934
2785,5.703394585124324
2786,3.770918005922611
2787,42.38451101690315
2788,8.652942256417408
2789,165.56359957081975
2790,211.0320652684611
2791,92.40185259835715
2792,186.55455327264468
2793,176.1013003133223
2794,189.47353218999584
2795,53.19217898272726
2796,252.99139422498658
2797,111.74361382990709
2798,34.934965826158475
2799,28.098872201803996
2800,5.241157434458444
2801,4.302991960607077
2802,3.25239433691071
2803,15.100944515159714
2804,3.7222324391940704
2805,49.72755508018263
2806,7.026548907519403
2807,30.447206406947494
2808,102.19955438524667
2809,6.123651288358776
2810,5.230953124702291
2811,166.9570694527418
2812,6.013585676385629
2813,19.804509096159396
2814,5.9551451689494
2815,262.5548489802029
2816,70.08804091646937
2817,266.37109109322904
2818,121.63039541082125
2819,44.9306683077197
2820,162.63406207743685
2821,47.02949390096114
2822,6.024868364397712
2823,60.39696550516763
2824,247.18455284880983
2825,177.82036944172987
2826,-56.31500476354153
2827,6.465550606357382
2828,5.537825484160937
2829,4.755078207268787
2830,6.56233142421884
2831,5.832070472353947
2832,5.797356292296291
2833,124.88868300326422
2834,3.8735924096189476
2835,3.4438398952701292
2836,3.566224350715669
2837,3.5088609560633364
2838,5.749974895036536
2839,1.9735637281511447
2840,55.3376945081575
2841,50.07609537297675
2842,286.7193958145257
2843,5.961888761489588
2844,175.1746907898972
2845,282.35545905622484
2846,3.4887358477758283
2847,69.18311419270488
2848,2.40074867165655
2849,-55.779735688678485
2850,6.660617819478091
2851,6.7121514249576615
2852,-44.345035814786996
2853,158.10202921010762
2854,2.3130350157094703
2855,68.09359578566173
2856,5.911172509555474
2857,55.621222290435966
2858,224.82444871853846
2859,1.5234704240371402
2860,143.60700250572643
2861,285.12026623141503
2862,280.16718939891837
2863,2.9782576168868977
2864,278.56971900008404
2865,234.04498436672853
2866,2.1910045827769205
2867,2.454425119255051
2868,78.75537116510242
2869,56.782664508613465
2870,190.09885046154199
2871,6.189132156435581
2872,246.5782361491568
2873,4.356927016008595
2874,6.92749904294554
2875,4.306726436402181
2876,-29.342091109739933
2877,268.25179247734013
2878,-67.32049117307177
2879,5.064365944543781
2880,234.15951484986346
2881,5.6326208582468205
2882,6.089935022826117
2883,4.113437684060667
2884,6.673655139566062
2885,194.5763113506771
2886,253.3783579751726
2887,5.8768411757234205
2888,1.9493629454919967
2889,6.067717909527987
2890,2.3079548977045645
2891,-49.44161082519892
2892,171.26511475830108
2893,39.63808772243434
2894,56.4921316546844
2895,4.889048768175598
2896,2.521731226201146
2897,5.388974857074366
2898,111.03149405790764
2899,30.641423697931266
2900,3.2666163126668053
2901,33.55764443699866
2902,238.60321152083145
2903,277.90082741565664
2904,4.037527121187339
2905,4.29541262245204
2906,29.04744286099681
2907,4.09125524772216
2908,0.4733634424973789
2909,2.0972874065459974
2910,114.38775594484497
2911,3.7687283910954372
2912,2.1259837380950968
2913,6.358214306434304
2914,7.086930812080775
2915,8.076280748473046
2916,253.9666929150331
2917,177.43582400203996
2918,3.8476167195460276
2919,365.33112314774905
2920,192.71780333465125
2921,5.282751398413893
2922,3.7544908084859028
2923,233.1904532132413
2924,5.372389442681511
2925,4.950703380601797
2926,5.837978029769364
2927,51.79682509577444
2928,6.427248494953918
2929,173.78624992130113
2930,279.46234984719786
2931,2.39975214288523
2932,5.494967102809699
2933,83.3885314360416
2934,105.16539007080118
2935,-2.89074254206468
2936,-62.632819680172446
2937,5.873414535303793
2938,-7.116609083891661
2939,3.0675130343731727
2940,177.24331398688253
2941,63.877618096323815
2942,118.84582968738914
2943,6.180752909371735
2944,6.5539710115977
2945,5.711352407968731
2946,6.371349910637906
2947,-51.87066364516019
2948,2.5589521333641114
2949,6.687867580344489
2950,2.811358912153378
2951,147.03187961474615
2952,136.44631973539265
2953,6.629155749269017
2954,1.6186171791164743
2955,8.256761996404231
2956,6.547618359367006
2957,118.79972587731672
2958,5.193286156446686
2959,183.32883681755783
2960,6.378250186196289
2961,157.498189738123
2962,3.8755476952372954
2963,4.275669083713561
2964,241.028831477129
2965,186.4384001358228
2966,4.404488121201545
2967,3.616345635700665
2968,161.76139896570666
2969,-72.87999279071803
2970,1.9134243964958544
2971,208.92184222268003
2972,6.646243700098967
2973,213.22917204571507
2974,252.33430018604804
2975,3.9447980834144696
2976,39.06629269380692
2977,39.28419242247608
2978,4.302999361595278
2979,4.69651831106852
2980,311.94774928519405
2981,306.95342124104957
2982,151.5034757486291
2983,122.23765914202012
2984,279.50916356328094
2985,123.91586554496521
2986,308.38627523588303
2987,229.2699558553988
2988,151.30010121615328
2989,72.92992807971807
2990,56.95918103527759
2991,7.192589972844891
2992,3.022882065741123
2993,5.374719989154105
2994,54.971084327596344
2995,5.215883282477702
2996,4.237633088181193
2997,3.2732724502444404
2998,99.50979714931418
2999,131.64104637082008
3000,73.13573987460597
3001,3.152670102468499
3002,303.77149681227036
3003,4.550963423073367
3004,280.77799555568566
3005,108.70295903478677
3006,113.74173649318655
3007,6.347789296407543
3008,3.0845398749598787
3009,34.33167613483511
3010,4.093269855762815
3011,90.8320159251191
3012,5.304339651217117
3013,195.74713688313741
3014,6.515700502153235
3015,3.230608361877354
3016,5.890045790586571
3017,6.1915677879563695
3018,4.327398911376301
3019,220.62458496713074
3020,3.6352590247250918
3021,230.45414385608046
3022,273.32895921937137
3023,2.70755333517888
3024,90.62025542738834
3025,243.58746259331502
3026,155.30394990633155
3027,6.1030264875818165
3028,5.411995422477553
3029,-25.740130627523506
3030,-44.8143113106738
3031,6.12360320606434
3032,6.412001051219729
3033,4.913726428805569
3034,118.95211106024323
3035,145.75406281260396
3036,227.79396730719105
3037,5.605493653727823
3038,2.197068901040875
3039,-30.121842257507492
3040,212.59895594811672
3041,4.847894485592663
3042,4.592373109643548
3043,5.85860908284204
3044,224.0779893815518
3045,171.4848113431452
3046,4.421259750260827
3047,4.158878169159551
3048,33.58122305131965
3049,5.79182669521271
3050,261.2148139212952
3051,93.29108907556241
3052,6.593509665443183
3053,3.964126097738043
3054,127.26447957932095
3055,191.19852192514168
3056,59.45295379574509
3057,3.043650561497457
3058,93.8112593858892
3059,1.8660341389891726
3060,250.72882069063854
3061,5.032269773441388
3062,217.70215626310383
3063,128.87606090359625
3064,245.73176140014013
3065,242.47979753562848
3066,141.57542947731548
3067,25.323861325045986
3068,6.091833076431065
3069,6.074105421726344
3070,3.8286518669288467
3071,6.226693034943745
3072,200.66415503790176
3073,126.9865763748718
3074,6.292411080289963
3075,5.8718352664861815
3076,166.79319399790813
3077,41.94642986542122
3078,63.414144630147234
3079,5.488354832296846
3080,3.292765241953002
3081,27.869499804388006
3082,87.9507095819672
3083,145.88652840844424
3084,1.2522377779653946
3085,5.44267680803882
3086,186.7736764079233
3087,3.142731958611662
3088,97.76994092704172
3089,3.5597837680935704
3090,301.9886533433772
3091,171.52386805006347
3092,94.03775656834424
3093,4.064262488582406
3094,194.42642295172593
3095,262.96232010845125
3096,122.0542793405491
3097,4.650988739665883
3098,6.241420856684055
3099,24.63138193770638
3100,80.0841858123251
3101,3.6533102159953934
3102,2.363683287662214
3103,3.205817951203802
3104,44.70151417110064
3105,0.42804106116933927
3106,44.56181931960242
3107,1.4887990559935453
3108,2.552761733106021
3109,5.787102455043765
3110,260.59713469553753
3111,2.1152623196183633
3112,209.58138812480595
3113,5.517106602185432
3114,28.317777528705193
3115,273.4039607895284
3116,121.33266755292699
3117,-10.386609477706827
3118,257.69057117081803
3119,4.637977292784125
3120,40.742172926307795
3121,40.47574456011796
3122,125.99287784574301
3123,4.008817224215637
3124,2.550962292673402
3125,3.7143276092469426
3126,222.7191983988688
3127,263.62901536955815
3128,42.88447051105787
3129,369.50207517268177
3130,2.132895926515409
3131,106.79071507076642
3132,186.07979875745005
3133,120.85692152333078
3134,230.7138686984651
3135,1.694553825660249
3136,310.4709948766707
3137,2.8862771150190003
3138,169.10765685962798
3139,5.939326154528294
3140,2.3216917480380284
3141,17.291082696763773
3142,2.978769887414045
3143,111.81119379454553
3144,262.14961880555194
3145,5.398023479428738
3146,292.10957223043306
3147,82.38843336571718
3148,79.39762561519098
3149,-12.862664025465765
3150,1.6950228547927972
3151,247.66753926201272
3152,7.188972926061107
3153,240.67844134870984
3154,195.27694481192526
3155,58.6029395853312
3156,57.8418568416261
3157,4.825068711577257
3158,276.84275406095594
3159,107.62816253244301
3160,271.1432844758983
3161,-36.55638185276895
3162,2.6904720301323186
3163,194.1222817439773
3164,3.0255657072779076
3165,-8.153154773994373
3166,33.10482390064345
3167,6.58500753209905
3168,5.442431981516707
3169,3.6153541458778755
3170,201.4879213999034
3171,2.914033085975374
3172,227.93943021689395
3173,284.4009492291689
3174,62.870217869027016
3175,-57.499134964934505
3176,3.506567243736475
3177,3.2837422779148335
3178,197.7342273672782
3179,6.283911212066105
3180,320.83304613448064
3181,187.18558822948347
3182,288.156138562231
3183,5.904044873416252
3184,45.80650447478753
3185,6.731773680573214
3186,149.82772012539306
3187,280.8564864904827
3188,-63.077313399464565
3189,235.88134338026632
3190,4.456098087573036
3191,245.72864659012043
3192,60.557124036198566
3193,6.392794224200422
3194,4.377830223941264
3195,5.969489895567239
3196,134.08321916403864
3197,5.461971328146184
3198,136.42366347703506
3199,180.31570024231758
3200,1.9728216075941993
3201,303.8001795462379
3202,4.48171112883542
3203,4.893243650202711
3204,5.207713836963499
3205,6.6227156775551075
3206,271.6539385962533
3207,5.873540959706821
3208,192.52579720118726
3209,-5.610987323612251
3210,7.650737570825942
3211,195.99896367301147
3212,221.34438918357972
3213,2.673474571493372
3214,264.90839232171265
3215,3.3537000749100185
3216,6.110590080195122
3217,120.72904392521113
3218,278.399618936613
3219,74.42518386012958
3220,80.46368881064103
3221,76.38478214444382
3222,248.09336991164696
3223,349.7593358983343
3224,-73.65364597485808
3225,149.32240045346836
3226,5.962963691055382
3227,5.890992408331137
3228,8.525346439253635
3229,291.4200188431522
3230,232.02514897695403
3231,6.236175983924453
3232,4.8662785089827265
3233,5.704999132334361
3234,4.1218676146522615
3235,125.95773133335481
3236,129.51867003625952
3237,4.669879757824886
3238,310.30425366543244
3239,6.550939908587427
3240,67.58570096064064
3241,15.785290149988553
3242,2.589853438828412
3243,42.87529202207425
3244,207.3877831988862
3245,5.472378645406166
3246,251.25431233450922
3247,6.175430826088924
3248,37.86732221938906
3249,-14.86001346108613
3250,230.59393730708587
3251,234.3692159334469
3252,121.52534267624137
3253,56.678250716428934
3254,157.33693181222458
3255,6.385196733303907
3256,6.270045581689001
3257,19.287667949344637
3258,2.6661175211315875
3259,59.23322010212816
3260,5.880963058502943
3261,118.70696354156276
3262,317.21012842408345
3263,2.118422184746505
3264,3.6373145287002275
3265,157.00126872125065
3266,3.6958743374606238
3267,6.672083662808555
3268,3.3010063977132087
3269,3.456446011156281
3270,48.567772893192554
3271,222.14185687508103
3272,2.328981644059937
3273,187.52286222136186
3274,210.03266206977017
3275,128.08271552010856
3276,71.78427431930064
3277,5.851702882296022
3278,6.487054643830232
3279,3.3584673584074114
3280,175.34125419105152
3281,276.4071105068001
3282,2.7953800045913857
3283,393.9367457829058
3284,350.3537590501632
3285,81.37181538330637
3286,3.1069116369182455
3287,10.690866002009967
3288,111.79349737442952
3289,1.8148318521497084
3290,55.501012523436714
3291,259.43840046937055
3292,2.9170026961519673
3293,50.527848950337756
3294,217.2231839373527
3295,123.5667672811853
3296,36.014151769417666
3297,201.16840730509327
3298,2.3496563950825453
3299,243.64133941482095
3300,4.896905678160709
3301,204.2193284771411
3302,222.97908058062154
3303,-8.637534446087038
3304,249.02873950183647
3305,5.147240901464762
3306,4.300309589842632
3307,195.14850475186108
3308,3.1153401758207293
3309,6.353353645075114
3310,-42.9519626796164
3311,2.47838772812178
3312,3.545464125604867
3313,2.464097644030276
3314,5.995448914310092
3315,4.695695729224576
3316,315.2689317869665
3317,298.6204460622845
3318,46.171925699678866
3319,1.931768756725007
3320,2.19777954996505
3321,5.136873707236349
3322,137.22670901703646
3323,4.729785081938312
3324,3.818245976380105
3325,342.67532713538117
3326,75.12794974587169
3327,-60.34570672166233
3328,6.433163306881428
3329,1.8333000373175523
3330,185.13641634958083
3331,110.67485248244977
3332,3.5381333279738616
3333,231.10667535508162
3334,109.65970244340116
3335,3.390773789996139
3336,4.600338003297131
3337,2.646339309372088
3338,1.737827034812426
3339,-10.930539220426443
3340,29.53875782051893
3341,57.00594361113765
3342,201.4450357740148
3343,155.01286573554407
3344,3.3903925867513425
3345,249.18815683624624
3346,296.77539562830225
3347,181.12941931356255
3348,67.09387448255976
3349,5.686829563093443
3350,3.6763109183633045
3351,2.8602396575598164
3352,1.8255828420573923
3353,154.13083480761117
3354,73.93036379049286
3355,3.007410557877775
3356,310.5098778930494
3357,3.573012604345327
3358,238.6370073791495
3359,67.24200842117298
3360,144.5290947833399
3361,2.975668067052876
3362,2.945195038383098
3363,3.1499862643316385
3364,23.578453941837804
3365,98.7998615427631
3366,5.21699822684983
3367,4.284164305548531
3368,73.59338444054788
3369,4.967378504090792
3370,64.59805015841772
3371,-8.756933665598119
3372,212.21511860170585
3373,51.90491228677233
3374,324.3529570622778
3375,2.427128953131624
3376,2.386909254359991
3377,111.03734809236116
3378,4.602817228662529
3379,19.39338158104458
3380,332.04510385430495
3381,6.673464202401396
3382,80.27114413471577
3383,6.2722893629659975
3384,19.50828979869261
3385,3.7159826803825204
3386,51.9336437985216
3387,2.113735305653163
3388,178.77341060126815
3389,209.48464418083535
3390,2.164924019003948
3391,5.7451879878889445
3392,5.014858186542234
3393,185.00312034973604
3394,135.61191645388408
3395,5.166067523558825
3396,5.574812687067224
3397,140.94526160817543
3398,2.242212190656351
3399,200.35570752430425
3400,162.05593928360497
3401,5.037032573090901
3402,1.0757280832039915
3403,89.49401640093956
3404,95.2369280969398
3405,172.1181162008687
3406,163.90267434316445
3407,4.540026406634567
3408,68.3942048267174
3409,101.77120803446721
3410,5.977526461383182
3411,5.634554936046971
3412,41.08361866972276
3413,2.2195113626988117
3414,6.702460536919121
3415,89.51139568259808
3416,93.59076227537972
3417,201.14703452976386
3418,176.8197077003661
3419,-27.61375870713145
3420,47.35351604443261
3421,-67.45369905156508
3422,164.76648100924007
3423,1.9617024683757638
3424,3.566310254207116
3425,22.22631690661011
3426,3.6521434556529297
3427,59.0464539989063
3428,2.9670812526514445
3429,322.163576692657
3430,303.70269070759315
3431,96.89536075516115
3432,5.982004713440892
3433,79.02196860719569
3434,1.9167613569782702
3435,309.37980180991195
3436,209.54961016361858
3437,3.376710919713952
3438,30.438871386250145
3439,259.23384427266797
3440,6.61799844990572
3441,4.890104876392871
3442,234.50400502008745
3443,5.032145461763522
3444,208.53481802862763
3445,3.7960777330825444
3446,5.695083631082641
3447,246.62107134529725
3448,5.30525464168093
3449,5.7512813645080705
3450,106.95846089282065
3451,202.4983084955103
3452,2.196267913873391
3453,2.9643958784042956
3454,20.013858711449487
3455,4.030789378627486
3456,5.530280844522686
3457,3.9055117285176397
3458,6.186727905996122
3459,166.92396364496153
3460,-46.43146627499471
3461,5.605983892546673
3462,37.306670154682436
3463,219.57389755789433
3464,4.511105049449237
3465,2.570963477790192
3466,5.369649648292445
3467,107.88492681415622
3468,29.484180528981653
3469,309.19401447396905
3470,140.9425941292719
3471,20.964485092413206
3472,279.18567062551983
3473,6.294422043990262
3474,3.351619404039072
3475,4.795716677024407
3476,35.93185732194485
3477,3.766755389247023
3478,6.736294161117259
3479,2.612253067136058
3480,82.1766271918116
3481,137.27317622280444
3482,90.31118111667753
3483,59.5624432899356
3484,189.95645704168484
3485,2.3836917025578206
3486,227.23420607180432
3487,5.837819126692141
3488,4.527170549726842
3489,3.3557336797283623
3490,6.524225042699657
3491,3.206508563941446
3492,2.429956683919706
3493,301.9774858524888
3494,150.7284411996817
3495,6.350924943297102
3496,27.021318324193828
3497,4.473638885117454
3498,6.682492248712002
3499,-28.94156872194434
3500,80.83019300274395
3501,280.15999237825827
3502,6.069745875034634
3503,3.472781251448415
3504,58.66200789516647
3505,121.15880466744294
3506,91.96076146791248
3507,6.281878975895054
3508,3.3372030813453426
3509,3.071877410921547
3510,285.4599339650456
3511,2.005919430799291
3512,70.7067748586974
3513,86.97238090895796
3514,3.411794123401524
3515,53.25522149353267
3516,3.516196332248206
3517,194.49688559443896
3518,4.353345763371852
3519,227.17240993614914
3520,292.2583740160198
3521,1.8998050414339276
3522,-0.6161722398418601
3523,3.864286290205946
3524,6.653372922118852
3525,5.272792050802543
3526,45.92504871548425
3527,1.69211554889212
3528,288.6278394245587
3529,213.86358962617692
3530,2.3776137980132015
3531,70.15425084071319
3532,267.743069035752
3533,36.557503763525716
3534,7.850926995970557
3535,92.40880857030321
3536,3.530546690020519
3537,65.23583677097471
3538,7.108490949875594
3539,-9.879445825582163
3540,169.83509109577614
3541,-62.827366667951466
3542,2.6373809288042143
3543,193.25091176863862
3544,37.32546667804904
3545,2.5426572776603877
3546,5.376409783940853
3547,178.66257384799292
3548,5.672410909271104
3549,1.754965553035133
3550,4.57462752391513
3551,4.004452068427065
3552,5.714153394553946
3553,5.381592369683747
3554,191.70028723241728
3555,3.8161297635033202
3556,2.019987010492936
3557,125.13534702611344
3558,5.1886998645122215
3559,95.7802531360897
3560,62.613161883895884
3561,6.206650234687226
3562,27.89115534699858
3563,-46.835502596787265
3564,5.884849239326814
3565,4.612735520858027
3566,175.87073586044673
3567,1.990382279508145
3568,208.43738662968434
3569,164.8487689237964
3570,31.47377218137993
3571,204.5486067247858
3572,1.852744699641286
3573,6.148290990088618
3574,5.689498635630021
3575,2.0327629118024637
3576,5.127503206672509
3577,6.243032300433673
3578,90.22510201927818
3579,2.0857267126358687
3580,67.06096601955869
3581,245.34111499543803
3582,88.91378638812742
3583,56.95601461507975
3584,6.63676249448634
3585,34.29058041584408
3586,5.801686160557299
3587,33.64136038976692
3588,3.365148808842501
3589,224.0706515625534
3590,3.2079484023475433
3591,3.5137786984380295
3592,186.2919316325137
3593,3.8869107396312734
3594,26.80020277864714
3595,6.67225577807333
3596,29.35118193883001
3597,322.5161340646596
3598,72.98178775704673
3599,96.32317435918034
3600,2.6402528406369816
3601,297.579079412202
3602,25.924381376735756
3603,5.164515580843357
3604,2.9737526604584095
3605,180.88568637004667
3606,2.1130618538960495
3607,4.008907224634499
3608,276.8630089161558
3609,199.9190686155232
3610,64.47828613007574
3611,5.39071993288408
3612,255.26034849830256
3613,6.365962776806611
3614,4.8153373469549505
3615,6.445841361912171
3616,48.15573757342746
3617,4.949106422829524
3618,2.549152915452861
3619,-50.61608441218047
3620,0.44484296509372623
3621,67.08785687859864
3622,5.4467816717182345
3623,266.60626808700954
3624,1.6444022827082008
3625,104.61551243396414
3626,27.461910824348998
3627,33.06293408648245
3628,6.362752540236805
3629,46.417560474217936
3630,250.1483812619478
3631,285.4353780988777
3632,251.01696599477435
3633,260.4273964843734
3634,114.22629692054633
3635,127.19903693668618
3636,4.498659912425622
3637,46.295417002241294
3638,62.572811549314444
3639,5.071855990575647
3640,349.01254776392926
3641,227.2079231172549
3642,158.24705869652541
3643,189.3715368486323
3644,6.6053137946730995
3645,125.94261862214175
3646,2.5095263666128536
3647,5.846162096469914
3648,236.4748612563098
3649,23.013596913753425
3650,3.1843761288814703
3651,190.5975817370715
3652,49.29868949715234
3653,-6.528838995491073
3654,70.06875801794148
3655,2.077077926436291
3656,144.75987062056228
3657,5.89260599516507
3658,7.785365599695417
3659,4.613226558702275
3660,5.803226869793736
3661,47.0924548040864
3662,2.1205844802981484
3663,5.531591188802342
3664,118.55272085278283
3665,4.92890156678821
3666,278.23220300668544
3667,250.7865944832833
3668,269.19244841009925
3669,226.25034755195804
3670,7.021307233242973
3671,6.830769366765577
3672,229.493886967181
3673,5.206531049423512
3674,288.12536996156933
3675,149.83387559143296
3676,36.25456535670089
3677,44.211207018120376
3678,-2.907223442073226
3679,4.489672686022664
3680,3.22449549959785
3681,141.25224520471124
3682,88.10449738967165
3683,162.81095512262334
3684,28.526075681154218
3685,154.95267758798553
3686,257.76883906142257
3687,120.89272456805074
3688,267.8640360528178
3689,2.43164929597328
3690,198.0919880700715
3691,199.70006873083307
3692,284.23651281640565
3693,270.6989161399073
3694,1.5684481190122557
3695,246.24567720169154
3696,205.06133965652248
3697,0.8021122287081058
3698,-23.253361467938003
3699,4.2475602652833295
3700,5.565503600260456
3701,361.79150883025704
3702,3.8918432097650837
3703,3.840543363920766
3704,6.05801155213082
3705,1.4686252780450044
3706,44.00765951716732
3707,21.786118833555413
3708,119.91378857556393
3709,3.1386411319785514
3710,6.616528898715098
3711,347.1624671628905
3712,100.62350051256347
3713,5.672316927240377
3714,336.9093041760585
3715,2.534835713635691
3716,2.010424879726346
3717,141.27518913595907
3718,74.66336055469685
3719,165.08162524484675
3720,161.83989692573795
3721,2.4396358891427443
3722,3.9342720539959766
3723,3.362731513872756
3724,1.8581670753389377
3725,69.85226819731923
3726,1.7369922082349332
3727,221.5396770546966
3728,61.62636910101785
3729,-51.45330519914947
3730,133.8982980031693
3731,73.85811283996222
3732,3.39715164462612
3733,-33.157675629952585
3734,3.103259866085007
3735,2.4149735711794267
3736,23.464861228728985
3737,6.305119329274368
3738,187.48461499025237
3739,-47.02319218431532
3740,236.69323504368953
3741,12.829316940231188
3742,265.0946609756919
3743,2.4036444172381324
3744,75.7848022199137
3745,-20.547295221119125
3746,5.281690891558055
3747,5.0211036414110115
3748,173.64338541665904
3749,80.15779104854852
3750,1.572965090531342
3751,239.2807378737058
3752,79.37105143001293
3753,4.873396904006752
3754,3.851616398641611
3755,-9.695966475325415
3756,5.651803899254163
3757,26.39029646330676
3758,6.0002108993267385
3759,50.80970478868995
3760,1.9437299464988327
3761,6.085102278609071
3762,6.335053525621811
3763,121.94715617933983
3764,172.148801189104
3765,361.67608073205514
3766,6.47275327276172
3767,291.7076116472199
3768,72.7039648976631
3769,1.6781353871819817
3770,177.27747110397124
3771,3.7036044523995617
3772,204.1814572340401
3773,238.0707995482639
3774,2.569629633333098
3775,3.9007864507139463
3776,257.31925739687114
3777,5.9557927770017365
3778,212.52645415385308
3779,293.79871057406206
3780,5.726522937824487
3781,6.544541642939994
3782,2.00670905359941
3783,1.9721053620058102
3784,5.513136000357509
3785,29.098459444067515
3786,95.96680237223256
3787,6.023367746566298
3788,6.6971215915752556
3789,282.57245171013903
3790,6.863379698889446
3791,6.269319227662232
3792,3.709628051136591
3793,23.894152450632102
3794,-28.734251682616666
3795,204.04092999349382
3796,191.1716083616807
3797,4.8824427440241545
3798,166.02994941383298
3799,-63.444820680560966
3800,245.45435332046037
3801,119.4638105890293
3802,128.70333781684957
3803,43.221176110603714
3804,67.81258006742448
3805,4.6101141578001315
3806,2.968929235665014
3807,140.69363506908385
3808,3.7415690359225575
3809,-34.780366068765225
3810,2.698398285981196
3811,4.500972682226881
3812,266.65013526375856
3813,3.62179322648926
3814,283.22867414085067
3815,7.389052847298817
3816,3.8134521722087165
3817,52.597899605031
3818,6.340910598474106
3819,2.342792182171554
3820,116.63912037111868
3821,7.53877622128193
3822,5.504707431396748
3823,262.8416816562901
3824,5.2206366576568985
3825,255.7101235005478
3826,5.985196235579364
3827,305.5527783975193
3828,307.524125418351
3829,6.571976265999183
3830,243.3084702294901
3831,62.55519706459842
3832,1.7943209441387769
3833,62.70523994569856
3834,32.07963073348729
3835,2.7559506649668695
3836,5.1560406904201175
3837,6.734634051650079
3838,5.93554333522852
3839,231.00892670365369
3840,5.601242231521912
3841,125.45052030407462
3842,3.721951066960517
3843,270.37679311206193
3844,5.450521206063105
3845,5.996180667605859
3846,6.5153102702913
3847,72.0793679190999
3848,101.46990789139815
3849,190.68923287911713
3850,28.97684222944696
3851,124.60847975177211
3852,261.4949374415125
3853,5.5578083471353725
3854,253.4681571774202
3855,1.9550021640677047
3856,62.6649310406364
3857,3.8702199212377453
3858,2.991001171432241
3859,250.69447006639612
3860,6.221253223259592
3861,-61.19337612480892
3862,-10.34419404185501
3863,4.056799794946555
3864,2.6398426999028306
3865,291.042868667719
3866,4.320206650826648
3867,194.06600536069362
3868,4.855413124089054
3869,3.082816703916518
3870,166.55758178141008
3871,34.08578661326874
3872,3.6129588081951773
3873,33.07291020089968
3874,341.31368728217547
3875,274.4442506544348
3876,104.51850590544362
3877,-61.28456923572316
3878,186.7627213274912
3879,239.4462263887982
3880,6.5780284310436725
3881,3.9808510848731076
3882,2.87391300730831
3883,206.01390049224432
3884,147.20536672117188
3885,6.404326776034475
3886,5.4481590057715374
3887,6.350642457910755
3888,2.6254957778762433
3889,170.5561630594662
3890,1.796841454445113
3891,3.131901552807454
3892,186.29646297764347
3893,3.435725746707173
3894,296.84014604657443
3895,-25.469417145048276
3896,18.290946912421457
3897,251.1898260690278
3898,184.4774288762295
3899,1.7317291708647462
3900,98.6347492453973
3901,92.35891625530324
3902,2.882866587214985
3903,41.035033130806404
3904,45.44594995692081
3905,3.661737346105337
3906,7.576009721065036
3907,200.44757039609465
3908,141.8272312616212
3909,3.2138512514461484
3910,4.003351278335043
3911,248.77592942768882
3912,4.138213206259981
3913,38.49079483578109
3914,279.4923056553498
3915,7.262586313239273
3916,5.830129868622687
3917,3.792017093020434
3918,-51.14783855497075
3919,4.843836608523457
3920,31.22348902137775
3921,53.63413526596039
3922,6.9000581211315986
3923,3.4514550996468616
3924,358.5842632397139
3925,59.133419997044484
3926,1.9372701967166632
3927,248.81506766510248
3928,3.3987084964719165
3929,5.397661851477801
3930,6.352739353730511
3931,222.10369099099728
3932,4.681561179957609
3933,2.6715052378022155
3934,6.608821010125471
3935,221.28949449991512
3936,1.8007969795714516
3937,3.2009963931633902
3938,2.9348866149551904
3939,322.4847995886622
3940,6.12069630608781
3941,6.266522113865722
3942,5.185957958427876
3943,3.2171369828912226
3944,6.743277943361383
3945,328.35008801283107
3946,213.12453344736053
3947,29.59105305070719
3948,176.738343442158
3949,5.3454660800152745
3950,236.60900418852015
3951,1.7050261160818283
3952,141.3036536592871
3953,127.70888956892394
3954,3.032288570337938
3955,5.905857002945048
3956,183.89351956824828
3957,56.99054721005977
3958,77.3614654245028
3959,228.7430926040655
3960,6.084518108485028
3961,6.083790271696352
3962,122.27559620846864
3963,5.845707403429794
3964,218.25147156697142
3965,6.184444472485259
3966,2.916250343332612
3967,4.395227298037392
3968,193.75734340104083
3969,47.23849965560824
3970,2.4851764323150567
3971,3.493531247377387
3972,2.982493293774864
3973,3.3080632057904933
3974,33.31820589755624
3975,47.52809971784058
3976,3.7437188345911783
3977,4.1974355304644915
3978,3.6738835272432024
3979,130.9916621297503
3980,244.3903443236539
3981,253.64224104834068
3982,5.504913438913811
3983,3.1185496030821818
3984,363.7366732556236
3985,223.3852188696414
3986,180.6278464634687
3987,87.55680226214614
3988,3.3442636229798026
3989,18.375108212498397
3990,90.72496217623623
3991,247.2392188208863
3992,5.852877328230843
3993,6.202537727928447
3994,36.579376538797774
3995,121.14421726674331
3996,3.37408313755633
3997,109.61425469402707
3998,2.4008725883294355
3999,277.16177395907994
4000,5.33623017149945
4001,4.24153197071334
4002,22.07444084772468
4003,165.72579798427697
4004,2.291524390906099
4005,310.22783850917244
4006,72.4167269514717
4007,6.93863314481627
4008,3.3912867735313497
4009,5.875467030572972
4010,192.5461893385734
4011,3.7660650388768353
4012,6.357496672113627
4013,241.99969061458523
4014,5.8439415392857015
4015,6.193668779607881
4016,69.84266367060506
4017,194.58420226410027
4018,123.24353180680762
4019,1.618528397091477
4020,2.0096246402188687
4021,122.87783551595726
4022,36.60913985976286
4023,3.6735117304651985
4024,111.06451828932079
4025,32.82626665118862
4026,0.26443458181761614
4027,240.50079312904728
4028,114.30389576962186
4029,7.290542373214919
4030,2.6090798938052253
4031,114.84900898811907
4032,79.25391775945171
4033,3.0279965166820553
4034,260.31047561128133
4035,112.78361924909767
4036,5.077185297641071
4037,3.6027449015164974
4038,6.172498375810331
4039,5.835289035531716
4040,110.73018717360259
4041,321.86198888790057
4042,59.240208499308025
4043,264.4306682629539
4044,3.8793013443249786
4045,27.639208088998345
4046,5.842353208390975
4047,4.695953524925173
4048,278.3745352219104
4049,121.08056615846286
4050,274.6130582576323
4051,72.14569864495162
4052,2.6914783088648653
4053,3.9149051512326354
4054,5.331382473051381
4055,4.356579556216298
4056,267.99210242990773
4057,6.895652499856637
4058,279.2517623862347
4059,20.807407936882267
4060,259.52597212481237
4061,112.83167138211849
4062,3.7526129933633774
4063,2.1736556098256843
4064,219.98502914276298
4065,2.02529260366056
4066,99.38741671409281
4067,198.47792458982292
4068,172.68446273389202
4069,339.8780479926879
4070,2.7270688583351257
4071,2.8007871693469557
4072,2.1243736716477177
4073,3.412749901564144
4074,4.1549801639147095
4075,-35.44490737668955
4076,47.706426382889504
4077,4.808634099721602
4078,6.279680739531875
4079,7.0108372537456285
4080,287.35377079984374
4081,5.032173233727141
4082,126.26002296235666
4083,3.9923584585465015
4084,15.315496343943707
4085,8.44780489930067
4086,7.136965713398349
4087,4.088022154774351
4088,4.838229999707133
4089,73.5037165623439
4090,132.9834966862698
4091,4.488106633113205
4092,68.94197842401002
4093,28.71409753546316
4094,4.977303231688642
4095,6.706161443627783
4096,2.377003079882006
4097,2.519648439266594
4098,2.701787136613119
4099,-41.181966574417785
4100,60.81163220260866
4101,5.691191468403192
4102,4.721028325920442
4103,68.9787072128808
4104,195.63734107308412
4105,5.710135809194835
4106,120.85234742977022
4107,80.57966804699302
4108,65.7979647790261
4109,245.21043736391866
4110,6.380185689685424
4111,61.19648257452398
4112,78.87189726012862
4113,3.112728814764535
4114,5.100652006884057
4115,89.34105622655744
4116,92.97798507937469
4117,84.6967233371996
4118,292.3104018403961
4119,243.5375546638864
4120,223.80269987341327
4121,88.64633648012267
4122,-22.660262748470032
4123,2.3101318991327484
4124,174.28802960040943
4125,2.2957448298970986
4126,54.76469926152148
4127,5.918556895331169
4128,1.7352556892090847
4129,6.2412002050811655
4130,2.0444157345139025
4131,57.98610752536372
4132,6.027510432218015
4133,5.173381589798587
4134,107.4139761126723
4135,13.200687651682165
4136,172.87870991714004
4137,327.79879501095286
4138,-16.417229896539602
4139,108.37932304061405
4140,53.557359471256476
4141,4.107954777688077
4142,121.12723092945964
4143,308.1342730126048
4144,67.79975842004944
4145,194.86776650501307
4146,84.62545962042755
4147,60.51108140428644
4148,287.2630049075449
4149,51.09715503527784
4150,54.57913365810317
4151,57.95837635572425
4152,121.52721196222998
4153,4.139137465871427
4154,351.19924876803407
4155,153.68094033070327
4156,3.477364747658094
4157,61.20463384311862
4158,4.140775459917794
4159,5.054056789451864
4160,146.40752950901432
4161,189.35917943370825
4162,6.268948840202624
4163,67.27320786216652
4164,183.50927631419455
4165,-0.017380479942202154
4166,45.63500681510496
4167,100.64340132571844
4168,18.06423061381986
4169,2.4799009381264003
4170,0.8698346909963623
4171,88.91807581660694
4172,4.655865364480636
4173,4.1720931559017025
4174,65.20636017341063
4175,115.00615923500779
4176,1.990187113360212
4177,4.055900791206052
4178,31.8999820832842
4179,115.39870810483566
4180,177.57152689152218
4181,64.37312102692117
4182,53.5968699563558
4183,23.11720461040703
4184,187.07446530686437
4185,273.55403397689327
4186,2.5768061877844577
4187,63.922649894908126
4188,4.236730646550069
4189,4.134071539808512
4190,123.97733323333225
4191,2.1305310587855333
4192,37.960363027299664
4193,54.3287895574338
4194,5.911832457035003
4195,4.12618687365696
4196,127.00715588658494
4197,6.511476495828469
4198,3.2213918307876694
4199,4.9890081049281125
4200,297.0253271015448
4201,249.94605123790734
4202,190.2743710975865
4203,5.48485854147575
4204,116.42037258071966
4205,4.8285021546293
4206,7.612934188373354
4207,125.46997407165469
4208,160.1436085643582
4209,226.86449340649415
4210,-60.93877040509719
4211,1.5907862904638777
4212,5.889014382419098
4213,-9.57367490118264
4214,7.356977734583283
4215,2.923407361184832
4216,1.5857982849841568
4217,3.427900331477877
4218,5.797283481153777
4219,62.698298121428245
4220,63.855218305689505
4221,2.2152426321720804
4222,91.06426080255815
4223,2.897520728921425
4224,6.358498700997879
4225,5.175065034872871
4226,275.21753465236606
4227,2.019759299827654
4228,211.01138260043064
4229,117.51322310152085
4230,3.0671765730673775
4231,2.311920423585847
4232,56.59118519954023
4233,3.139833243847542
4234,-5.8103495886802925
4235,84.3720445948968
4236,251.63603071951357
4237,169.56603241763423
4238,3.4356243604391494
4239,53.64596301132212
4240,9.112398755023408
4241,30.979553236903158
4242,238.58320794535393
4243,-55.24349098554009
4244,324.58002403810553
4245,5.075829728820217
4246,1.9475286965317007
4247,3.646486257510603
4248,4.167476573394473
4249,-17.673952876230153
4250,12.229894349166425
4251,286.288320609902
4252,6.610662172294062
4253,6.130866330963901
4254,5.456213098622785
4255,-49.124923332197454
4256,8.489869424731856
4257,120.61321069330997
4258,2.452894505361646
4259,1.5807278912433573
4260,90.26729553639152
4261,2.46598762932185
4262,291.96544692993996
4263,73.27826034329185
4264,2.6562098069936684
4265,41.16564017394353
4266,4.067939568789339
4267,6.193262736200786
4268,5.693393548151092
4269,212.00113401078482
4270,178.42821508901184
4271,197.48291177583374
4272,4.5813397333788215
4273,7.783706870791965
4274,104.6533760390052
4275,6.434083413191988
4276,303.4995307772515
4277,233.7844800200001
4278,375.4014757427433
4279,307.89001593823843
4280,113.38346822698321
4281,76.35690905178056
4282,13.92057578494913
4283,6.317350574624388
4284,4.5145456617306605
4285,114.46918157074805
4286,305.7830949229725
4287,1.8323404256608524
4288,202.33111492449086
4289,206.72040124326136
4290,183.93872539312963
4291,3.2332274201364517
4292,4.980858518028204
4293,6.635651568104493
4294,-36.80655182798803
4295,0.9360157067193098
4296,5.390597191662456
4297,6.380264034508324
4298,5.899691386182017
4299,66.35622499574619
4300,45.958351351585605
4301,-12.355026473324141
4302,80.97351632158728
4303,1.4041414237606369
4304,-41.94926155381845
4305,3.721604604937861
4306,296.469792806295
4307,2.7397738635387823
4308,24.2157411254419
4309,4.546297475582745
4310,2.826452779937066
4311,7.98887664092209
4312,295.5947378485689
4313,3.326391459246784
4314,3.2195315869374
4315,229.53724813435136
4316,1.4897735604361377
4317,190.4187544764674
4318,6.11660428108846
4319,53.20822633807623
4320,81.91130565553763
4321,4.82927316903877
4322,296.8436453561812
4323,77.72594298453116
4324,3.5787829396433253
4325,6.654271689446373
4326,3.8084682231074534
4327,102.8827684360437
4328,139.27870852468914
4329,198.53091522730926
4330,15.400699407607352
4331,2.6827626160672278
4332,2.29320652657247
4333,268.85882355820445
4334,3.2743522914851835
4335,4.354505521937317
4336,2.1648673832522367
4337,5.866440957043425
4338,-0.1176748320362968
4339,5.718171721951595
4340,-36.84602193713236
4341,59.67261864450593
4342,193.5017095402652
4343,162.31341492307973
4344,113.5758742106371
4345,5.8791389569770915
4346,4.627441121315935
4347,201.44786008030272
4348,5.657045438125517
4349,107.38707348781423
4350,-37.18823892731216
4351,138.51953974577168
4352,195.86076733759745
4353,5.096177226827153
4354,134.80556159822518
4355,124.75233731463396
4356,1.8655326995722985
4357,5.3084193829378865
4358,320.31942467980184
4359,230.9307548381326
4360,3.2971777697099314
4361,-0.37858104264311043
4362,1.1286734322234095
4363,3.795170012412123
4364,4.428085663306164
4365,1.6452970488630116
4366,3.5828059849533553
4367,258.1604803403436
4368,-36.22268665725919
4369,86.2703409845393
4370,6.347112396799739
4371,198.7898947957159
4372,88.43006786219561
4373,327.78029897390695
4374,6.156787072454369
4375,226.38152047422074
4376,291.5643350620452
4377,5.555104331380055
4378,5.764548411544329
4379,156.3295376886863
4380,3.0962116969075524
4381,2.3018498836388446
4382,6.694715629093514
4383,22.464816340039853
4384,5.079893603592584
4385,201.5414573026188
4386,43.00595737914321
4387,301.41739144898037
4388,62.932582919577
4389,6.704111203192238
4390,4.232252850605281
4391,4.069052328869003
4392,2.398170601832467
4393,93.95691886744028
4394,72.65055339908656
4395,3.1688350658018334
4396,29.066645032144372
4397,2.5524873879400154
4398,6.319612378016986
4399,4.001162842177584
4400,237.95020602501648
4401,6.7751208439564365
4402,239.8271997559949
4403,258.6594029371661
4404,235.09316065674741
4405,355.4866401336801
4406,26.89514681669003
4407,106.81451380781392
4408,6.332746554536747
4409,108.92509540949139
4410,-91.26726830897286
4411,2.7553445355629496
4412,277.581112829547
4413,202.77596935305718
4414,3.8445141659412356
4415,188.9320899636853
4416,66.49387450331753
4417,2.741274959398692
4418,229.51449921839722
4419,254.13261128410227
4420,369.21330001494437
4421,327.63086763349736
4422,16.527829761996983
4423,2.46441452174413
4424,51.91684753287505
4425,185.5951342334477
4426,5.281424262725531
4427,222.9863790334337
4428,6.3444451004801685
4429,5.076988261409886
4430,5.155148444303502
4431,175.46292020904338
4432,3.7239674546862
4433,3.562508207308816
4434,108.37023325355486
4435,5.724608690807276
4436,6.436293172910963
4437,-7.141126336092469
4438,91.47114014348315
4439,7.520567536083492
4440,281.33393883700234
4441,2.2609408226697876
4442,261.18223032979637
4443,6.119313132770978
4444,277.75271355010364
4445,3.867496757132379
4446,3.642916248763032
4447,176.96491907172674
4448,5.0303898822409145
4449,-6.670882726384614
4450,86.7855417102621
4451,104.44393682080774
4452,241.6091911043025
4453,246.52694098306023
4454,4.994455621431241
4455,5.4439501786009
4456,197.63033507530253
4457,4.095489159138233
4458,6.639991673986652
4459,69.14122556428495
4460,0.564979489327711
4461,76.59233349107936
4462,153.3007012732758
4463,52.300499353752144
4464,4.2876850698288385
4465,99.23645512275232
4466,4.369181036312517
4467,-12.97384892524552
4468,1.8153732741027233
4469,2.062955950378944
4470,4.893891057755257
4471,3.133527674799897
4472,262.32881681604573
4473,3.482484546141745
4474,247.88818429804826
4475,4.775215710419031
4476,89.63862159568274
4477,5.863420029658362
4478,4.507751063450404
4479,127.55689032275055
4480,290.3041358836867
4481,3.7328462638798734
4482,200.094391578012
4483,69.38019679186179
4484,311.8773694432109
4485,218.8183489035706
4486,2.4633393209278642
4487,110.91893942027843
4488,55.40136787381759
4489,-38.574953704065074
4490,112.39848293820836
4491,5.263924023365799
4492,265.9862253558863
4493,313.6541350154348
4494,28.550837992387812
4495,2.838784146244647
4496,113.8250895023584
4497,6.72469039207563
4498,194.6424922767674
4499,309.65464749113744
4500,165.6192495958564
4501,5.533493332055934
4502,5.9167752874242225
4503,192.70812897278685
4504,6.791767700416104
4505,61.60400976281555
4506,3.1002286648154267
4507,-25.825723964461584
4508,125.0006634157267
4509,45.65471375033403
4510,2.2076075223869487
4511,268.20817681614574
4512,56.17450716040001
4513,96.2752452156189
4514,3.1008946196071774
4515,2.6120416412509844
4516,3.419231543175968
4517,4.821020854787325
4518,-7.601491491915863
4519,118.41751000665421
4520,58.20150892294525
4521,2.6162994111097637
4522,66.70713690404155
4523,6.710860228461588
4524,199.96894507946132
4525,17.97407109250591
4526,2.22619887657272
4527,111.55684762727151
4528,128.3799897339311
4529,106.71064622173948
4530,154.7624037287541
4531,3.7506095296901427
4532,4.259167645058106
4533,4.460656366087644
4534,62.77899262857823
4535,5.979059786560374
4536,2.028066262407653
4537,1.8183362356765413
4538,6.34193919748934
4539,286.39713179827595
4540,175.31411678724697
4541,3.3044064934204957
4542,2.694756419077025
4543,217.83016930179656
4544,35.30549581688457
4545,5.05553552457012
4546,26.496867194002938
4547,5.884754953680836
4548,177.18344779204608
4549,4.7029901139905155
4550,239.95066863584697
4551,27.196888769032824
4552,128.88608636487567
4553,127.10984134047425
4554,4.646060056230761
4555,189.61098756703865
4556,286.13496796439597
4557,5.200467586031319
4558,4.590860288347976
4559,79.38379189434693
4560,7.405134324124453
4561,5.23808080740971
4562,190.48900411024596
4563,45.370355242002006
4564,228.7641317021425
4565,51.04230152544605
4566,220.85851222311442
4567,279.8071650942242
4568,141.62750288426258
4569,4.794881528555546
4570,203.08605561887407
4571,264.3989098762111
4572,5.300059934387442
4573,2.9724539801837566
4574,1.7124113804625398
4575,5.321380917228636
4576,150.35423256541964
4577,254.5324413950268
4578,37.22614023164198
4579,6.6369069511337555
4580,0.8428545294176724
4581,351.05920924187626
4582,50.54899639326101
4583,1.5731244162123548
4584,266.6321488644991
4585,40.95528027667251
4586,6.044962353759796
4587,4.087169493303874
4588,1.4951556031434863
4589,4.284733836395372
4590,2.8100044742623758
4591,71.26470014060362
4592,5.352688316967122
4593,94.91549696631074
4594,-20.33390284042173
4595,2.7036754452521894
4596,60.814876302539574
4597,140.20973237435896
4598,4.121894082938352
4599,-37.68178602565916
4600,99.12648116115093
4601,7.019090583262906
4602,5.265494557142442
4603,5.440970497326918
4604,77.40180749671372
4605,2.268440900055813
4606,157.56305416085303
4607,45.3889745424119
4608,4.598397233480847
4609,212.54037841872292
4610,150.41014264308444
4611,98.54566960193944
4612,3.4208205713176003
4613,-65.24676534404084
4614,83.15717607611583
4615,-38.66708094200126
4616,4.757408351406081
4617,4.845645070914957
4618,4.395724091874471
4619,6.003643697823474
4620,6.640496755991682
4621,66.35971486998028
4622,4.175379141297771
4623,6.081247756416009
4624,1.1540104571296563
4625,88.26921078802746
4626,49.43689310436882
4627,5.315564954066526
4628,5.909784167942026
4629,64.28073679227009
4630,5.486868162295933
4631,1.1698380842048977
4632,6.672044759427312
4633,215.2100066142687
4634,5.807555550358906
4635,5.909401123945306
4636,48.6956189874344
4637,7.033881881254164
4638,402.1126879477856
4639,277.8696526000859
4640,2.005502393344787
4641,211.67700452869389
4642,130.62515170771917
4643,61.2876247048779
4644,60.16073657587137
4645,5.5573850673261145
4646,48.57221182013441
4647,12.672526992842295
4648,195.194129694742
4649,121.91060880830744
4650,127.51742667978274
4651,35.93110844652942
4652,4.716269133451679
4653,237.76613529106135
4654,8.423944366028056
4655,5.516963403484326
4656,2.76887333008663
4657,3.1527749974057997
4658,6.5554874563757295
4659,102.31920838918101
4660,2.7484210366609725
4661,2.7045748761052884
4662,3.793674392871516
4663,119.74703825504412
4664,5.8735409434224275
4665,130.95414373375027
4666,240.46597876932952
4667,1.8339128881704951
4668,106.2954588116591
4669,250.82010793984546
4670,11.884280005066925
4671,1.9251783768157995
4672,1.013599601336356
4673,71.27847433753567
4674,284.767007626407
4675,1.7776547991310425
4676,142.80189695745273
4677,59.585374919551626
4678,5.477705020438493
4679,78.37213238932293
4680,4.473745835124525
4681,1.9139817338570844
4682,171.2070792791959
4683,143.72640032424295
4684,103.0384984194541
4685,244.9800255675795
4686,4.269830690466068
4687,222.33804723521652
4688,344.4591458819818
4689,98.50211366675086
4690,5.838623253147743
4691,6.75074210425052
4692,4.3063644268331895
4693,105.04394670004146
4694,4.228092795657888
4695,359.53219694535437
4696,4.510485917163962
4697,2.5216846029586915
4698,4.671033567547384
4699,4.259248248794653
4700,107.70644029723059
4701,5.532535493174544
4702,1.9739595946170934
4703,3.699564041280934
4704,5.056726966923176
4705,285.87291063860334
4706,3.315529640864679
4707,5.004981577285394
4708,3.1229134366395
4709,75.13650715619599
4710,156.04829025275714
4711,6.300685524685339
4712,241.23222009544764
4713,3.7471004781487176
4714,5.760873201089808
4715,68.13082349054076
4716,72.201378763842
4717,7.420210867869887
4718,5.953847906258707
4719,180.50922104220268
4720,163.47521349124025
4721,6.18914319517369
4722,4.074860928944137
4723,6.375370628291771
4724,56.56688519884945
4725,183.45870972215323
4726,3.67863845630237
4727,266.52802297264776
4728,244.16677394829526
4729,3.905119104076756
4730,173.75656694908224
4731,24.533758799393635
4732,-53.139413831233824
4733,5.502257704857541
4734,6.303208952388215
4735,5.549221355899594
4736,3.2627914564563207
4737,60.65857245637514
4738,-24.175236931469634
4739,165.37182044410832
4740,297.53283354166416
4741,4.640552410840994
4742,89.01219624917569
4743,5.521962245411261
4744,270.7880425654658
4745,50.69504282010193
4746,4.048173548391227
4747,2.8434179214991797
4748,3.1284699274238004
4749,5.734751270070014
4750,5.741031843048402
4751,3.722200455457538
4752,103.15367632037062
4753,157.88735698162543
4754,139.65643302977713
4755,3.949377939385841
4756,1.998579968648199
4757,3.436098670168199
4758,73.0655636631135
4759,108.0172538983065
4760,4.982315165581465
4761,3.603249400537541
4762,186.64141769791496
4763,214.61409536076016
4764,2.3503400466564486
4765,333.79375147527736
4766,26.821285634984715
4767,18.399266280085264
4768,14.286047939817
4769,-24.15124219716848
4770,33.505657572645184
4771,27.258157835000766
4772,4.053222780548469
4773,4.1416950189385595
4774,151.19546422851346
4775,2.356710853025091
4776,2.474491703452937
4777,193.24478833075128
4778,4.856213947102036
4779,39.67720461577067
4780,1.619086202133306
4781,58.715519278438784
4782,4.859582917863817
4783,3.9031570422266646
4784,2.609235774602723
4785,55.702656326612995
4786,73.09214690297163
4787,5.629247148029491
4788,3.6124513441863897
4789,3.039917678886857
4790,133.76037163370682
4791,200.41908432068908
4792,4.48628571342116
4793,168.36411549105225
4794,55.13279884793697
4795,229.96250705839907
4796,3.3454752280997755
4797,133.72007829769728
4798,5.871754327978596
4799,4.029114448886363
4800,349.7761856191495
4801,3.7647605854594244
4802,4.978299554043711
4803,274.87859929553326
4804,1.6855894872323147
4805,231.79460196934536
4806,4.066254225021872
4807,3.44018674218522
4808,60.25634160561367
4809,113.05398454233557
4810,1.6574447556313787
4811,2.1179927114377586
4812,5.1010624291307245
4813,232.92105877722298
4814,235.78472014052346
4815,2.7238787713368184
4816,2.682092114008989
4817,5.955497661896253
4818,1.7016141824937887
4819,78.93017285022623
4820,2.386642694561128
4821,188.81122855551152
4822,127.34282112460318
4823,4.9997789303483895
4824,3.307454295900502
4825,259.91735370232317
4826,4.770124815984365
4827,6.079591078479668
4828,228.16398033699994
4829,120.38616280338988
4830,101.68082307980526
4831,206.45378345000324
4832,6.964114171258539
4833,3.6832240719519005
4834,110.1418098140694
4835,3.803032363530959
4836,6.7178529793785735
4837,192.6849465555626
4838,32.30212052415496
4839,301.6599518389013
4840,2.5865806898362647
4841,123.38390024338165
4842,39.36686771486213
4843,2.1509937434124238
4844,4.179522240849735
4845,4.497922998684762
4846,7.059712485253707
4847,4.016250796345506
4848,2.401797180364842
4849,4.13389862024607
4850,6.716672672020259
4851,5.795798756026169
4852,98.99363193204073
4853,290.64781132996177
4854,2.594722622352698
4855,2.8507765069082964
4856,199.10772727566865
4857,244.39084286039113
4858,275.1972809315407
4859,128.37912740751574
4860,250.48555571024548
4861,-38.325046884591345
4862,114.57562200846009
4863,6.755520801737037
4864,5.957867552311996
4865,1.889060627844704
4866,1.232261886408555
4867,3.322928626620145
4868,62.30327963160363
4869,1.129702768598216
4870,149.1199663907932
4871,6.927799891186458
4872,2.3049754929389006
4873,301.40621450193464
4874,-2.620973189864131
4875,3.542626373883616
4876,220.44577859657093
4877,6.364783028160764
4878,90.61500280942438
4879,64.41399324945272
4880,5.832094080857812
4881,6.095732626937656
4882,34.666334691617905
4883,1.8160944171247189
4884,122.55673338640342
4885,-62.761008821135206
4886,244.48795993257778
4887,6.189906437062602
4888,291.0524313613041
4889,56.30335099078505
4890,222.96182849970972
4891,146.44719626430526
4892,1.869915278690982
4893,5.624649494069167
4894,102.62382633960678
4895,6.630401227851749
4896,5.8110479558572194
4897,5.774849913636081
4898,12.464321812092935
4899,204.5342715152848
4900,2.4435911636128695
4901,271.84404950470605
4902,4.074531700266153
4903,149.49973002359303
4904,383.46122276099175
4905,93.14674829764301
4906,151.92300256637233
4907,181.67011745034415
4908,4.369612206829504
4909,131.24301551655063
4910,145.52404699094677
4911,90.54955816881458
4912,5.741457187027013
4913,180.76675729775226
4914,138.20429307085612
4915,4.563993026923582
4916,4.754446244786659
4917,6.453891186008198
4918,2.893164259258993
4919,-5.073009710597016
4920,2.087118956336742
4921,-9.869014357520161
4922,175.54601479099702
4923,215.5283369111453
4924,6.249050804434679
4925,2.3377623722049288
4926,1.342855788150505
4927,5.467712072085792
4928,3.084636546753823
4929,88.64966799543542
4930,102.25732464565162
4931,-20.35150935268676
4932,5.8804663358200315
4933,281.35242461580117
4934,-57.53392668583659
4935,67.8529724539152
4936,263.0156803403019
4937,31.137101016883253
4938,82.11791774064801
4939,64.84736457382098
4940,3.9463624575602303
