id,target
1,4.129241022307647
2,2.435041460230182
3,314.965831422627
4,-34.916092703938176
5,4.171973765064911
6,6.672942163867928
7,5.486024544946619
8,76.86552117272544
9,81.38450825408503
10,105.81334602737981
11,40.014807109930736
12,-2.4828990100191515
13,257.36325368011813
14,176.20194077438802
15,3.4886853963263
16,274.7888373746532
17,3.138036977579631
18,86.5797229738953
19,3.5756336312632397
20,6.6881696306306075
21,-61.26901766307241
22,60.72440616220517
23,4.266910059515053
24,2.8941388029838295
25,38.07627356825406
26,85.64381225183035
27,1.4444284054474659
28,156.19583592161047
29,44.0632246631463
30,3.3032189589580585
31,6.266118667391288
32,34.08153640549281
33,48.18331959711545
34,4.046552421776299
35,2.3445691876053387
36,6.531960974140458
37,257.89733793660366
38,247.01402241760417
39,60.70081028406515
40,139.4950465331403
41,-37.858806153247144
42,3.449610560328968
43,5.7917189687795725
44,4.573328226330161
45,146.17866049101747
46,57.38277722392478
47,2.8746817291422815
48,-88.26703905520935
49,4.234059942961647
50,1.8311861205872295
51,265.4286890840518
52,3.1643549073046975
53,2.951212258075036
54,94.29808608934553
55,2.8998262952577183
56,3.5983812780239948
57,5.652486059581591
58,179.11525606687644
59,240.4577573495729
60,6.717525349622088
61,2.3500663758522404
62,224.97643832542053
63,6.708267714873909
64,2.6831381438097743
65,2.6209638073336423
66,4.36977622458822
67,5.117632081741572
68,194.3001642276674
69,115.55572684133043
70,2.61916589983422
71,2.5326976249097286
72,2.3564363546248077
73,27.800973840382714
74,254.07435172551737
75,193.3524890098514
76,6.07627460120993
77,5.857023502313252
78,138.64869563177345
79,269.02118699512084
80,3.5054443270558875
81,54.23543039515254
82,4.165483159197856
83,190.39098671081308
84,58.68124697437093
85,-2.7024920853453773
86,2.253207505967482
87,71.29366982912569
88,183.7310763702173
89,6.039119680723209
90,5.444944110347184
91,49.063203215940575
92,8.692579238807266
93,33.61005598953162
94,5.31913472228021
95,3.9637107818244965
96,3.2096396405300167
97,6.879577709992487
98,223.45675233291684
99,85.43783526659803
100,274.935613250526
101,5.681705350034416
102,248.37834703822097
103,3.320569469731379
104,6.311710918963943
105,154.2128086156226
106,1.1687407213639514
107,286.8733123539655
108,2.5247372060916424
109,190.32528529298048
110,3.494421040774367
111,61.13583620420104
112,2.043835518836467
113,213.7210110557768
114,6.535335389796446
115,5.214056518821038
116,384.8153977001607
117,204.05115055550488
118,174.20668296186105
119,230.17781361665283
120,317.567482269736
121,140.64834398946692
122,3.6974677372744167
123,124.66270715191388
124,286.34700487573366
125,122.44931390042217
126,6.266397413681153
127,135.7109160710076
128,3.231757900254445
129,239.03282247743513
130,102.09697217514062
131,92.68592762528668
132,15.814772500681212
133,-46.539323431204124
134,328.4833422607799
135,6.1903353718488034
136,2.2505577249046222
137,130.37464843297894
138,5.834248401472646
139,208.87300035990614
140,298.5799954536747
141,66.5878314951869
142,8.200391860633873
143,53.87867239085547
144,13.109855244102317
145,6.708446419202322
146,175.08157350585475
147,220.76244597444622
148,2.3041181140529234
149,162.32560779146013
150,65.5719171966322
151,283.14251522934956
152,244.66914497428647
153,172.98865773644386
154,15.045506653310856
155,4.437987162863517
156,209.59813073100025
157,140.6445622137498
158,119.98724347910137
159,150.79133081695676
160,6.284279853728176
161,61.67778760350616
162,4.404238673547632
163,253.01821725902238
164,3.038509994461788
165,27.967430098944853
166,215.30075067692115
167,328.40184836368763
168,6.961416513717143
169,2.291346243463001
170,234.96284189853057
171,3.139268196687985
172,4.443315480855134
173,-42.55407482831366
174,3.6949877333898398
175,5.621069615280128
176,142.81765821169452
177,78.56939653674328
178,313.1242716485219
179,152.8137536105765
180,223.17835068907686
181,6.305089876901755
182,2.5342493103887085
183,294.83335331996085
184,6.714100576673549
185,1.6557313402729685
186,3.4793153589200703
187,3.0686002820777123
188,4.193878005872777
189,76.61689855372664
190,3.9780575179682938
191,2.053383371136391
192,50.24577380301447
193,3.3856381365164165
194,325.12369587341885
195,96.58496741932528
196,265.37887507308056
197,128.16109746874216
198,226.01192898910563
199,65.06011531063561
200,2.1310454899879563
201,3.331702915575634
202,97.75949212182573
203,45.14563593131682
204,4.346315387475155
205,269.5061319707178
206,86.70999225989087
207,229.88174278425723
208,158.79092749257052
209,69.32021239588565
210,175.14693262486773
211,64.82418371777129
212,108.6022911529122
213,264.42286789143617
214,65.45589553036301
215,5.395963204019548
216,173.81682529197354
217,76.6537451061058
218,173.94590780903033
219,197.73475520590767
220,5.598737710663241
221,216.44008277081142
222,164.27240109926538
223,2.872398284248236
224,180.75909940663553
225,265.98121337422276
226,225.8083709869864
227,66.15041510973785
228,268.3232373299127
229,259.04862965802874
230,1.3852848313249861
231,219.4005214472093
232,53.86924717988005
233,53.07452301839322
234,234.0475813018121
235,125.51075728318804
236,2.235065939240193
237,6.109630062564503
238,53.00953226163119
239,6.291671488431843
240,179.2278750632645
241,300.9659148095448
242,228.4114000401852
243,3.6152491106080937
244,2.5783134406312085
245,48.51038436686056
246,118.7991947089714
247,129.90849173852266
248,6.666928775918096
249,5.9149699321504885
250,63.59871074588634
251,73.19204583629858
252,207.40537336055428
253,7.708608644755106
254,176.5202210599299
255,-56.44132372889348
256,5.969256391432889
257,2.1362767485844554
258,87.55301298619837
259,262.25324267820446
260,2.4099281159246866
261,5.703653920367423
262,6.223119706159699
263,-39.5120224902061
264,3.8968217426890215
265,3.6315635055096656
266,2.219093238330293
267,3.314899999839012
268,1.6707999298966165
269,198.30279271562915
270,2.852937111053053
271,146.8873910483578
272,96.54384365448746
273,4.677234005257928
274,5.288056897151769
275,315.69834799936945
276,181.85112446969626
277,216.28008716269656
278,-62.49421181796269
279,4.126141721170985
280,186.32500809391132
281,5.332145535587877
282,176.00386373658733
283,215.44708193571375
284,136.0830405922095
285,251.0834905756695
286,140.21550129265123
287,237.6073678723173
288,6.1673085167193555
289,110.79714992391064
290,4.69409455336813
291,113.85408215146613
292,3.744028333660487
293,78.47378925667643
294,117.8674400772035
295,4.6266606607256495
296,128.80650100923427
297,37.42987212880969
298,-38.047759342303
299,216.31736360038215
300,5.8059236175599915
301,4.043035491602956
302,5.108031423486642
303,4.318024968454054
304,3.8826627731664045
305,4.785035710864049
306,241.26690456973736
307,3.0739563525539646
308,3.309689267525438
309,99.54102013083826
310,2.3291758096089286
311,2.341238043966802
312,3.6252315983913053
313,132.87297027097338
314,3.9536808546459588
315,1.4885690340126225
316,2.899867292831888
317,3.881670096143667
318,4.073998214009656
319,66.22900169045117
320,1.8846521228943063
321,6.464746712823379
322,2.870953892354113
323,1.850529551776763
324,2.447140545279828
325,3.9621615660492266
326,4.793968766396058
327,42.93165573735485
328,3.733488988015181
329,76.95832814199403
330,59.820221359863964
331,23.23983605775738
332,5.691877781941926
333,3.1294118483971953
334,6.720065259272814
335,156.21311200502043
336,3.4827179137898083
337,2.310962074129211
338,144.94033127523656
339,53.52547049321131
340,293.68596408683743
341,106.73776921621004
342,76.94482031797182
343,3.7456540268189196
344,2.60998556979961
345,133.24882236095218
346,2.8266394383796265
347,4.746652379271882
348,63.45384180923981
349,-37.730301702103205
350,96.9255720550046
351,243.38005777085888
352,31.893437681570262
353,1.3039954432046252
354,5.923370894726388
355,309.3118539645735
356,223.6245870514164
357,3.0395656836278677
358,92.72928778768122
359,4.404365992331462
360,143.93855579129615
361,4.457423389968191
362,5.866277711330196
363,2.177140936957423
364,4.118667573285091
365,5.3196289773588745
366,73.25512367773845
367,4.484234577024704
368,250.51789013199402
369,4.509717282095603
370,-34.368753661346915
371,256.4110779085985
372,31.164751296225884
373,127.0440388915998
374,-8.429480555815662
375,112.32815801111857
376,2.958159176265228
377,3.112901588007759
378,3.51731567019295
379,3.3578162504781024
380,0.9376146062661197
381,5.950315117181517
382,6.460346622530276
383,124.02363631595506
384,1.7245831117760206
385,4.030327490701167
386,270.6332029181819
387,2.770073520190659
388,3.976620972726767
389,52.857678494488965
390,4.766082034264423
391,166.87527938651994
392,6.462406953321869
393,3.955100318035221
394,297.8641944135901
395,211.23749306853833
396,2.9458650301774476
397,1.7695288898201702
398,6.6778518082768805
399,167.0056198137294
400,241.28721994535888
401,1.6667718988049234
402,6.282976003153214
403,5.0402923983442
404,5.822628044035512
405,15.510571678372244
406,6.955173367128486
407,-59.283890694514405
408,3.867544782010097
409,3.5064345632181615
410,3.6703970860480575
411,2.6177098096995977
412,-18.337382773390786
413,328.17653039172006
414,5.88037396056507
415,39.96361346565819
416,3.1057598937802604
417,6.725039034181726
418,6.0363737523639855
419,5.400946880662891
420,4.5001409781670105
421,161.60295896953346
422,157.64969222585776
423,136.42906755335346
424,157.8712921690018
425,5.764805275751124
426,244.14239394084478
427,2.9800488187458614
428,236.41795922379177
429,3.1623389713780523
430,4.374858160248824
431,269.38014679871685
432,160.47880113570034
433,7.848807885341046
434,6.0881357008052905
435,53.72920928306202
436,255.76878353944437
437,198.90254650071978
438,170.80599454296566
439,5.853029884663883
440,255.03904980490398
441,207.82104092729855
442,130.6092177007659
443,314.81751840504046
444,5.517649888070285
445,6.201105013324572
446,66.26991848968159
447,1.372328054678636
448,6.209632926291614
449,311.18102647280335
450,272.89456020222093
451,151.7165633099151
452,228.07522461082675
453,1.8527540148163744
454,3.7132087958570223
455,133.63528693747514
456,3.57596555740355
457,4.834055025965207
458,259.87361110694445
459,72.6073712112801
460,25.213407019907358
461,107.35585087562423
462,5.998524930416366
463,193.30948425268275
464,5.362403824268213
465,140.8692765543334
466,75.27618691346032
467,2.3923434259417484
468,4.980240458994199
469,22.708703148784487
470,37.80369419145413
471,1.7966925226600483
472,1.925876986201149
473,55.6095081139478
474,6.033295720942858
475,96.77147394465223
476,6.334901231482151
477,2.021096289261823
478,4.444911073713513
479,215.9141805309524
480,3.9954131206438017
481,6.3927647606192055
482,214.4817394587921
483,1.7572710226180428
484,207.51240164099372
485,118.17127948478658
486,4.69948815148402
487,2.6396152299446523
488,203.6729939909701
489,2.5594720805083555
490,4.617137399655849
491,6.409461779759619
492,4.028530993999121
493,4.345917648847829
494,237.89733277873444
495,5.903001605080105
496,170.34260876642566
497,6.169632761589291
498,6.184299478634926
499,5.8582266910289
500,4.425232727992292
501,3.2049994710925787
502,317.605513503766
503,128.74314047087194
504,28.327318747749246
505,1.7875009212984403
506,6.432522064093164
507,332.47170986793435
508,72.2260100456617
509,273.9623698978245
510,4.140486108323623
511,145.7109258826784
512,204.6513759390042
513,224.67307510626168
514,326.04384907624683
515,253.50862262994295
516,228.93736038640566
517,279.54310661472636
518,7.071156313734378
519,38.25301304070981
520,306.5040893237907
521,1.5590296381575368
522,3.9859119428397096
523,208.52671132542952
524,4.492163691052529
525,170.2172354302075
526,5.584879198794033
527,5.033812724264073
528,4.234811237660096
529,6.277208863269795
530,249.1292727778567
531,105.79829408351429
532,3.804069036567407
533,114.71612803029923
534,4.414722497501774
535,7.0223518093159685
536,5.859692706758741
537,1.7779951956351998
538,5.012100182782142
539,266.88382156281864
540,286.0805129984896
541,232.34324944121897
542,63.922915502904395
543,97.47076801305583
544,5.048943227549191
545,4.075192206860958
546,4.000553154292241
547,2.084865444171686
548,321.88062980422535
549,5.712135913117405
550,250.36475280597472
551,5.919404684005118
552,131.48226508194767
553,4.04876718021716
554,79.02569945979529
555,111.51194191930068
556,231.29510201028893
557,204.41171329494637
558,4.85728970560886
559,5.762580118993098
560,124.8649257555852
561,122.5480488263307
562,160.86169821290773
563,3.111091129717777
564,35.47970470172739
565,169.5286167655843
566,2.4703724822803563
567,52.17749305774525
568,117.02598653052256
569,296.6719137317548
570,4.047543626789798
571,207.8669752613947
572,3.012748283863919
573,73.67957222957594
574,92.41349002199371
575,7.187008096573304
576,1.8975132137930661
577,3.3754665452579093
578,172.25035128706497
579,6.6717848653683705
580,281.6291935664339
581,62.39580945361428
582,77.37881292811939
583,5.095535396085655
584,3.112121168880073
585,151.10583451078935
586,4.617862092057181
587,212.97958661926964
588,3.110332015088655
589,191.18659935476273
590,285.645624569221
591,141.75423828682244
592,6.623760323620697
593,239.34569797718876
594,287.2183209837765
595,31.765482286677692
596,5.291975188223626
597,134.7432287246461
598,2.435631369250952
599,79.51753649707861
600,153.3577180673989
601,151.61246993088528
602,31.99113156533589
603,2.1457143846853093
604,236.96843867447575
605,2.6759338157893104
606,2.905308107244832
607,6.9096589571229154
608,51.581137164888865
609,275.77342567156245
610,30.282018671952883
611,70.89383194509853
612,7.378327656971055
613,2.4086710107226
614,59.98471764871654
615,1.9037476740852413
616,161.89974313349393
617,-54.61164764307582
618,241.3494923367131
619,4.716524596760489
620,5.623462105396601
621,187.26925713683352
622,110.81561906847898
623,157.8960045523123
624,207.54837715285922
625,2.339743291690888
626,2.1533432491069138
627,68.95941184189608
628,3.9551346875168862
629,220.7102398956012
630,4.51591103452899
631,2.4432013325379254
632,195.52379278351324
633,149.7946330568924
634,225.0788224406704
635,2.581138382159092
636,105.43644255051751
637,110.74033224928583
638,6.8617076551156355
639,33.00293633046267
640,119.40983851859508
641,6.81456055745487
642,2.9466215369470747
643,284.1483198079876
644,2.961363134262135
645,102.1432257193669
646,67.92537273152685
647,184.20853212721894
648,251.65577776529594
649,366.29918790172775
650,316.6272585098348
651,138.96326109547272
652,59.016986455828956
653,3.216198974819116
654,183.28819042963772
655,27.668827506559346
656,215.48113493063818
657,148.59500579483645
658,281.9631839179946
659,1.9096190571866232
660,127.5828201391515
661,4.089676122876905
662,133.59337712292435
663,3.401342375824486
664,-36.56643945773883
665,89.6458615935421
666,147.5604421132861
667,228.89337894154733
668,343.2786782374875
669,135.1623196374582
670,213.59388772691005
671,118.83757645985915
672,92.18504987141881
673,3.827366244382862
674,4.759169757926895
675,5.875737153030167
676,5.292872626970588
677,37.54034117817473
678,205.83105832184566
679,4.719318161426367
680,3.062081088048601
681,1.9832118087643238
682,92.76115813563788
683,5.115573673944104
684,162.2073228956597
685,211.84531690838023
686,5.839409262293766
687,356.6519301319835
688,80.4450972755113
689,112.13698117938088
690,317.2792601758545
691,3.673027761957318
692,67.36548863122059
693,5.081889394002086
694,6.469073066748065
695,1.7566220804904562
696,295.06525830552425
697,1.145657334310606
698,230.2957880428384
699,2.0399572552981597
700,233.6948608449951
701,3.5714650768059073
702,4.164628595670738
703,57.962665945789084
704,84.85156839624827
705,159.0575032835083
706,233.0982066601078
707,167.6171093233978
708,63.60294258635237
709,82.42955343501228
710,205.48512445641944
711,255.53633323463643
712,6.608264334533433
713,35.26697302818011
714,6.898150563856825
715,246.16779878955802
716,2.7225545558769446
717,79.18085903000414
718,344.7819810646671
719,192.68516566696155
720,4.099554114090523
721,150.19703910485697
722,2.537275152118895
723,6.14813717334205
724,2.1219138003953906
725,2.66485406373056
726,114.86915289517202
727,252.53045546010281
728,55.38446776793781
729,61.57443449074148
730,63.06476649563849
731,283.9783902743842
732,4.515588160742777
733,6.57701784028496
734,26.49017391895027
735,246.8277255968919
736,44.247420012016455
737,46.22910256809868
738,132.73296906191953
739,309.87968280209054
740,148.18046315321237
741,34.247530080373174
742,268.10214725120727
743,142.4052012674609
744,1.832302478592487
745,284.40608205808405
746,179.9109900564718
747,3.948559259037218
748,61.5538710133173
749,63.10123931626397
750,209.35730770165662
751,75.98553957494153
752,231.827457936482
753,2.075802659461923
754,247.4942821666495
755,6.123257677218195
756,5.894349159853103
757,205.052857818882
758,2.020803588210792
759,63.85579206878732
760,5.415623845051421
761,220.83364603519223
762,5.185428537063773
763,2.034385024905952
764,70.72704840285333
765,4.3799595847706385
766,22.86568986031815
767,1.2890114301519813
768,4.917253010334949
769,5.824860065560012
770,2.000964127139289
771,256.7440022331068
772,63.499140847440046
773,127.28605428870742
774,-9.577121388803008
775,63.944440695070085
776,4.536176479966164
777,231.25489118528435
778,-11.665907887965261
779,152.81438987600254
780,65.59278319909623
781,310.78031758441836
782,3.6001310681362653
783,48.02759509581888
784,2.768811417892993
785,40.46348083010129
786,128.94073773099615
787,5.325592839771838
788,1.8859649813822403
789,170.0008660609727
790,76.48491614921733
791,-0.3205946087939193
792,115.84701253102708
793,-60.12290169190545
794,320.4391840434762
795,-47.532439414052206
796,126.64248342195668
797,3.8203474079774375
798,60.435139229848794
799,3.378344256316695
800,5.827656648283519
801,213.97213529624858
802,85.37241728508361
803,144.50033103648963
804,6.624808527167727
805,2.185804964995397
806,172.06833018790772
807,2.7773523182255504
808,77.70510746331601
809,1.5649018576843394
810,46.335813899947325
811,240.73397171142102
812,95.92295284362771
813,294.5449483902968
814,5.880561967301243
815,4.676701007828645
816,6.916484985517416
817,2.980578030108509
818,11.965503659651038
819,5.289571540470331
820,77.52278165975704
821,5.6337951511626
822,2.047854732015341
823,43.17260624642055
824,76.98672551418244
825,7.191374274178159
826,79.29753186795865
827,4.16384535047248
828,6.025583906760586
829,42.18107983837345
830,181.4832726329384
831,109.23061641322046
832,6.064300967502579
833,258.17571239793693
834,191.2965870472726
835,141.16752588229446
836,2.3479575985186054
837,68.5807751783835
838,152.88851107368492
839,5.763059879710787
840,163.34239746437382
841,139.36310103417296
842,71.23382978040455
843,2.2070738937346155
844,3.4928631341462095
845,5.42592410597976
846,6.225519205705529
847,5.462976880953838
848,162.04816637527958
849,5.99009799146775
850,78.45797150209357
851,35.98891539120774
852,31.50850678997203
853,98.12155888438822
854,18.672184820444052
855,6.679102322134366
856,236.73742958254002
857,112.34379507814448
858,76.1696812766322
859,212.50021777913986
860,2.114530688169752
861,3.6196707663587055
862,3.136924461479552
863,104.40191144347591
864,242.65322648991713
865,266.98910967841624
866,200.94533165738304
867,5.405938776601587
868,121.84764030780855
869,134.3263897225816
870,141.86284633546754
871,163.26753683659658
872,146.47049962785138
873,3.0229748312868154
874,82.24126020630169
875,6.585396533197377
876,105.39964884987612
877,45.02935327718451
878,85.462715843064
879,5.357276283317995
880,6.6887536286744975
881,158.29153746034837
882,5.685267142134853
883,250.80883457695853
884,5.889715716068182
885,172.9511442866655
886,43.88318017930804
887,2.6834017234258303
888,2.061744618626296
889,232.34272179228668
890,4.031365613697224
891,2.879741145548122
892,59.58126333213564
893,4.88024779621873
894,-14.51830244961658
895,3.6748112651963774
896,216.78952836363396
897,2.510314265832954
898,223.69013040683353
899,-54.940754080555465
900,240.2997738122612
901,3.7890875714732912
902,181.80099074362403
903,5.164816854930989
904,126.73208645506273
905,2.0030411948282514
906,1.3610279025636367
907,202.78518190929125
908,54.082851142594436
909,81.23473224018409
910,2.2156269113057303
911,6.683934011195465
912,254.26238361907164
913,154.11245549999938
914,296.9887334416387
915,95.32740696466288
916,145.39929008253466
917,-20.522292910818457
918,2.604222963498203
919,3.08789932127905
920,390.4053353627809
921,122.58671254454264
922,244.16501782036246
923,2.4992567240088404
924,98.1843788504548
925,184.85065305670736
926,50.20810364504426
927,55.17257622305213
928,5.201703337377651
929,82.86419102076366
930,35.02041685679307
931,217.11503029764563
932,185.40001854736383
933,5.335952300228357
934,2.166570709855396
935,161.86213635760308
936,67.52852014379164
937,3.4457816517284545
938,4.47706168333215
939,109.99472570672683
940,1.7772031039860774
941,5.835579654162851
942,4.940636132428915
943,109.30536373074412
944,2.7363205515288493
945,2.0219318663542114
946,66.92975432192377
947,25.3686644008826
948,53.14830852037784
949,242.6415737332752
950,342.44975500231527
951,20.136288024350378
952,-20.95467722806641
953,5.82935512536748
954,254.918075668676
955,196.26674818175402
956,159.17235745138834
957,2.87798212201323
958,3.015279066417999
959,254.16973673113083
960,58.26350478674641
961,170.39364658088311
962,3.7857999676851217
963,6.333093795984005
964,5.0248308969871145
965,6.487966740831969
966,4.1664686101555475
967,51.0482178653127
968,182.97195876981033
969,162.8170797717464
970,6.292442333438505
971,357.60128896425607
972,5.197081938014482
973,112.00687702171807
974,5.284987105793305
975,3.7871791531336942
976,5.2589739862117835
977,185.22543898473728
978,295.86828749516525
979,2.1747616453664462
980,1.874474883361596
981,-1.9349127854307073
982,65.5049206516596
983,302.20741768424955
984,313.3130942955994
985,259.0485158519618
986,112.35718751820575
987,2.821990944030028
988,249.01606643196538
989,339.35636029237867
990,74.39376460089858
991,4.363616255552334
992,297.468719909329
993,191.295092481975
994,3.0463415129120572
995,-6.342158873666681
996,37.20193785190597
997,2.0963243418959405
998,40.13496962512533
999,69.87585888574789
1000,-2.0402564027862917
1001,282.98334380397387
1002,173.64636250455456
1003,5.354492809114511
1004,1.3871398396634813
1005,1.8168775582974646
1006,3.892379207712683
1007,144.59568658323477
1008,1.841605514922614
1009,6.606784668654404
1010,-10.503437696223518
1011,262.46033598442676
1012,19.984381160617076
1013,202.9720299747484
1014,62.0420510263382
1015,231.5864416398485
1016,6.458929456908906
1017,5.30334212950292
1018,3.9514936922355797
1019,6.510902646010235
1020,4.432632623671241
1021,138.17565083911427
1022,74.66114338523575
1023,177.33057097753198
1024,177.17192034317617
1025,5.304188792102643
1026,3.7561094849416614
1027,4.427736255408612
1028,85.78574337037195
1029,3.7199960308679083
1030,34.464708296540415
1031,249.26774226136683
1032,3.1534707254472103
1033,2.6271836496450534
1034,230.32308782343364
1035,1.4590414022312148
1036,242.77689268285434
1037,6.717540470193725
1038,57.05958599686146
1039,3.3466350862855334
1040,-22.993415055129713
1041,3.171236854519761
1042,4.507455070730163
1043,4.291156588160982
1044,333.66207653941876
1045,126.06212253605338
1046,40.325030968182475
1047,231.4013608989635
1048,1.8284104325465769
1049,3.200513078193373
1050,5.754941614046373
1051,69.0956828869362
1052,168.18049719141348
1053,252.85057122612315
1054,6.256778653604272
1055,33.80887197415855
1056,32.268881518712426
1057,4.4053550516767075
1058,2.861851693491196
1059,3.007190881974557
1060,89.025106399866
1061,3.3238168865083595
1062,5.73101199615689
1063,297.2797928193098
1064,225.77006652238595
1065,66.93531012044664
1066,254.99010819474336
1067,267.8923290602504
1068,5.601765102321686
1069,4.478790098113414
1070,316.940008524331
1071,169.9529285222162
1072,5.244903549069441
1073,4.723943828630471
1074,6.320994435728584
1075,4.942887193084493
1076,287.7619311877964
1077,6.290874719132063
1078,130.50814552411387
1079,2.854920778668929
1080,2.3412624541240517
1081,5.875061795983329
1082,4.018372955112398
1083,3.162856950753929
1084,6.0497771839337195
1085,144.09307502421808
1086,207.78451295226705
1087,44.547093269388654
1088,259.69009935285703
1089,8.617232462987204
1090,138.64412493589933
1091,254.55599223450963
1092,5.7108370136511635
1093,3.7795000433653714
1094,6.711206547583808
1095,3.694109022450127
1096,3.4346908216976866
1097,5.698751841712085
1098,87.3456141743921
1099,108.23024922707927
1100,5.8721191504078964
1101,4.620862209850242
1102,6.088812689014282
1103,262.0879562842117
1104,4.611423346231664
1105,113.81851563439488
1106,4.503685669956465
1107,6.247004187608925
1108,13.371493009381222
1109,122.06045305310775
1110,98.08598728434166
1111,2.976992031038395
1112,203.3157009381373
1113,2.687862078887953
1114,164.43616194292971
1115,59.61124254888067
1116,5.287050861844419
1117,279.82740419082955
1118,283.1674234742855
1119,4.49618452900838
1120,51.91024231955384
1121,-9.903560591417644
1122,249.4914584521614
1123,3.2292502480653633
1124,188.1905489563884
1125,2.589509994530265
1126,71.92500147405748
1127,6.104215237963736
1128,-38.57244741555459
1129,157.03349754309392
1130,6.053185971391807
1131,41.967650160775904
1132,4.099025915197207
1133,-39.41643638625016
1134,161.47988537973967
1135,204.85183116118938
1136,-53.35695952495495
1137,4.087648487741831
1138,54.44262290581379
1139,97.6679779319278
1140,112.73234494970313
1141,211.4848648173653
1142,136.482742204921
1143,10.919943653704554
1144,-53.50046534444451
1145,117.21835519784653
1146,37.18596011075864
1147,4.30473627738853
1148,106.51557524964998
1149,38.82813183878272
1150,3.834040944391236
1151,1.3439523635623778
1152,3.625031816157798
1153,4.151657397396552
1154,25.887118288290978
1155,176.35920304684382
1156,6.653190878732696
1157,79.8146663369852
1158,206.58424459323737
1159,107.60649728444595
1160,87.63993502766559
1161,1.7432953288563693
1162,5.417789928961956
1163,5.562603487079785
1164,4.790112399514493
1165,209.30720823981645
1166,51.13246379899783
1167,-8.973471873834994
1168,4.743939456844942
1169,163.4240206806057
1170,4.781480540798098
1171,4.531495579366973
1172,-34.52359389889687
1173,3.771151945169031
1174,180.70033573675857
1175,-50.88514225716083
1176,251.20812706757778
1177,2.410053547874807
1178,146.65759970027918
1179,2.642854358464874
1180,2.9562268193621386
1181,2.4894535495736476
1182,143.00583622057997
1183,7.514866258067068
1184,3.7530766293132496
1185,276.95150267221874
1186,132.6887264468971
1187,3.7535305890989874
1188,3.307970289034702
1189,129.8088040563386
1190,3.590703867594468
1191,3.155023108118856
1192,4.910666589604002
1193,159.05052156845724
1194,5.421288807530853
1195,2.1207014567365374
1196,261.8278796963688
1197,78.9828837665937
1198,3.2544054709472148
1199,269.9725668208123
1200,68.00523163535925
1201,191.87321008783792
1202,72.00391076927154
1203,2.9863144710993805
1204,163.9870506209176
1205,1.866403235498328
1206,157.82438376094686
1207,123.60762172807097
1208,240.1828155047331
1209,243.48382305416334
1210,208.0824537773184
1211,213.7364194793758
1212,6.070178874044892
1213,4.056620558396079
1214,204.8470571157855
1215,116.25753898269625
1216,228.94290658741693
1217,169.9124494855945
1218,-36.775139421551124
1219,6.2044539172902295
1220,5.76811901630675
1221,253.86966603382837
1222,5.635057536084464
1223,2.8847980659364842
1224,2.81130915273711
1225,114.81231144809055
1226,1.3568957395507864
1227,4.693108126989833
1228,2.5790861361758006
1229,42.286541591430506
1230,116.20719002566057
1231,233.37758866899378
1232,1.8472807759475003
1233,-22.621875045865075
1234,3.2596191306507682
1235,13.4531156414124
1236,259.8980398358098
1237,4.035073060052265
1238,2.6082789592713724
1239,1.4597927000882196
1240,46.06711946804673
1241,2.1017141104777197
1242,3.986117502438088
1243,5.052607563964961
1244,162.663601712571
1245,4.218008753019291
1246,245.73740624087702
1247,5.686716780017672
1248,121.52130842420667
1249,148.09409092912082
1250,7.161495377761061
1251,44.64937889715176
1252,5.766968933783955
1253,4.257499728118201
1254,4.207051003629355
1255,49.40478299689218
1256,84.51621596771238
1257,128.11903646325658
1258,264.97177131858194
1259,65.46918262434366
1260,265.6781891714514
1261,5.9392535990358235
1262,5.542300183467808
1263,171.43916757288753
1264,2.5482003230722854
1265,70.37284688452162
1266,122.57741781567762
1267,2.249520143859238
1268,6.169419305037936
1269,271.3786726937704
1270,-61.024987820114745
1271,235.2009124410033
1272,50.226442033864494
1273,20.72612465307549
1274,191.34721192069682
1275,196.77004736048744
1276,42.308029531501944
1277,3.8409108332232766
1278,2.00464393796261
1279,3.7748076711698553
1280,-63.869821038637156
1281,3.703728314109575
1282,84.334917384425
1283,172.70499911682452
1284,2.800534909389489
1285,-49.12957843648375
1286,2.801708548719035
1287,50.06319170912246
1288,134.2307083469463
1289,4.246083966060245
1290,208.07529269064088
1291,3.2589988552368143
1292,46.45918714561263
1293,107.44307611592922
1294,258.70140197479844
1295,167.54686002474529
1296,6.630546389854614
1297,56.0379863618444
1298,-4.613811295628016
1299,5.59600399212134
1300,169.3672696562769
1301,243.97466212798912
1302,219.46418835724967
1303,6.053261194418232
1304,3.68224761319219
1305,5.030037421172363
1306,59.635277808396324
1307,135.25263887915378
1308,1.9003672654047492
1309,5.072840924338138
1310,334.4777914461728
1311,2.7979189128263986
1312,6.741380359334663
1313,33.79465890963052
1314,162.48038322074456
1315,155.26864447352258
1316,263.40506218152404
1317,68.5282996037192
1318,2.0099321205256455
1319,203.36352472571195
1320,237.40011313247513
1321,23.098806006172175
1322,51.608641441676866
1323,250.6545458586458
1324,247.84207885187897
1325,46.98027729352158
1326,56.58639646757484
1327,251.96420442220443
1328,3.697559524951529
1329,5.977667884539477
1330,126.61898259542842
1331,-6.559995375609633
1332,313.59787534672125
1333,1.9242753088308384
1334,336.36621114211965
1335,1.8705663905507843
1336,102.06379326858263
1337,25.085010755981486
1338,241.39551394676477
1339,6.467523569324088
1340,199.33672688426228
1341,237.5618082294938
1342,184.03521676258728
1343,47.24081796771177
1344,134.84478995111738
1345,2.9305936736586844
1346,49.662174567215104
1347,92.52873640715185
1348,2.8416384950175813
1349,226.07812236498586
1350,44.49643594558198
1351,226.5237763471119
1352,2.542689437835379
1353,13.713024073417861
1354,4.913623067505053
1355,6.043355046562619
1356,3.9042275063441925
1357,7.0631665497213785
1358,6.68176476669873
1359,1.6631086755623619
1360,301.0715622581211
1361,4.936097116687252
1362,6.35595891990365
1363,69.6075095553301
1364,3.2634192894279797
1365,5.867005172563394
1366,6.13309696128408
1367,5.904266770026192
1368,4.211224257574335
1369,186.73710588587755
1370,286.6520660507017
1371,222.43640075268496
1372,36.27267702598322
1373,4.0008559733268765
1374,180.7497545526404
1375,166.87471299585843
1376,5.305999648404262
1377,4.617603758762019
1378,116.33334512100335
1379,84.4660454198196
1380,93.68302627603923
1381,231.61516553246636
1382,82.80653992288251
1383,64.98310546365806
1384,-6.419711526354019
1385,164.2763184300057
1386,2.4504414975874447
1387,69.03829181444101
1388,1.6452848540558607
1389,218.68559552211718
1390,175.41385794470241
1391,88.7712619581955
1392,53.464919062285816
1393,274.3302373994227
1394,-11.463715813463006
1395,39.87053406174569
1396,181.4770419244522
1397,5.3402544181393505
1398,203.58229738014978
1399,1.6634449272051697
1400,89.27562404094469
1401,319.723598446001
1402,54.26077933081821
1403,275.8994152867342
1404,88.97207314359443
1405,129.26578119869546
1406,1.9734871004851595
1407,136.35911758979447
1408,7.568747553516463
1409,3.5034654819302506
1410,250.1871120929681
1411,245.30143920151727
1412,-33.038963368405405
1413,126.23320316966411
1414,254.10305237231574
1415,2.2731597437511004
1416,2.5516091408529356
1417,4.382003526547253
1418,308.91496942963994
1419,161.39790450641797
1420,4.52452261943388
1421,32.32818564965885
1422,6.5849287489682
1423,3.2805905866114458
1424,5.613487797378513
1425,2.484080009081091
1426,-19.820758730097978
1427,3.5460622354091904
1428,4.527312374436297
1429,5.018388059411855
1430,3.841192950432005
1431,6.35983003002258
1432,171.85048610367102
1433,2.8674579944716534
1434,5.670895632806648
1435,4.581015867510905
1436,-45.25123247454219
1437,172.41782740904696
1438,112.97616002576348
1439,6.381646582267658
1440,2.6357187430558593
1441,111.3858287925919
1442,180.8349993262235
1443,52.390550612588164
1444,6.211952941404659
1445,62.580924787476725
1446,270.7970581846539
1447,252.67903358720585
1448,-34.80122013229551
1449,5.878110289293074
1450,273.3708627759186
1451,150.19412016210757
1452,5.094944288542901
1453,5.604228056716371
1454,185.65953280351775
1455,73.57425156325016
1456,-4.611463314583501
1457,7.810069817541357
1458,4.979744570108243
1459,295.3590977839482
1460,326.7982407559124
1461,174.03746493264887
1462,-7.625759409802507
1463,70.9701941313653
1464,5.880502160065033
1465,3.2433649154832325
1466,235.56931978812614
1467,5.657784166390077
1468,5.4539947656772725
1469,27.591523998394837
1470,3.6986881006019763
1471,55.073190503263675
1472,6.727196176752412
1473,2.6597215456025443
1474,248.83193505760948
1475,88.67354699605627
1476,6.657358767654114
1477,2.7503375359428714
1478,102.9607982041538
1479,5.3220290524955765
1480,124.52924657959322
1481,5.702136675250552
1482,161.33138898922334
1483,6.2040270854849116
1484,238.70888023393513
1485,172.9217468337417
1486,7.007567707567803
1487,3.5356540205206484
1488,59.71462892078699
1489,-14.53887371718996
1490,103.1245032209338
1491,3.695030691307105
1492,2.05388825029071
1493,7.091239952884291
1494,5.290028146901323
1495,31.16266226447157
1496,7.296628695330556
1497,62.633237227241494
1498,6.3330786406356925
1499,83.04393681510584
1500,7.073669345499006
1501,5.8728370823438105
1502,102.27135621343909
1503,5.713386081080584
1504,2.11303940008076
1505,4.366862580738395
1506,200.28679706794927
1507,47.18314452108687
1508,97.16487052262569
1509,61.27455548446257
1510,3.2454209494434676
1511,6.373616081083557
1512,62.04455461999868
1513,5.920718732805161
1514,259.371522536737
1515,55.95436441942909
1516,2.9132206764930664
1517,343.9126765209157
1518,4.460097522667187
1519,254.62017443397468
1520,5.1176895466887675
1521,45.09950452210181
1522,4.8819594708979155
1523,2.87542046925072
1524,127.30171659731846
1525,-40.32823245519106
1526,2.6920979542513814
1527,5.843065637462666
1528,3.579534930527986
1529,215.20938570841645
1530,272.12662022185094
1531,3.1741053865761693
1532,5.546168462703716
1533,3.4329905207817206
1534,-5.751200692655427
1535,74.89811214840573
1536,5.961553394389886
1537,2.5945310808865156
1538,298.17284924929925
1539,168.38628244587568
1540,2.158457712432808
1541,139.98093946238018
1542,2.907800654268322
1543,18.608193422444188
1544,7.818241434047247
1545,3.5147108020639433
1546,5.673905685995402
1547,-27.31664561562938
1548,209.50051811870463
1549,45.8541809849183
1550,3.7877372517464463
1551,2.3217384970769066
1552,236.18971676198996
1553,6.54913184283951
1554,274.1552478249869
1555,130.10203496159232
1556,4.374474697309865
1557,13.838517336774903
1558,3.5724917973399375
1559,237.53924565636459
1560,178.9193101638069
1561,199.71015836256927
1562,239.09640831998772
1563,116.55127222869262
1564,3.3917290722136033
1565,102.29127211159748
1566,3.3413624821532864
1567,13.643609651821869
1568,103.93718848784087
1569,14.610561735882072
1570,288.3308531002417
1571,3.5102317689445597
1572,82.74812039705972
1573,2.1023608706636265
1574,4.1409088998297765
1575,5.836398702109263
1576,4.368286070437339
1577,5.725839385064627
1578,82.94413294723958
1579,5.299101624364376
1580,191.28672946735793
1581,236.2007692808774
1582,6.718778676712147
1583,288.75787026380107
1584,300.77115286303945
1585,5.87898523090003
1586,4.9698340980570554
1587,69.95562224648225
1588,284.32076501595157
1589,6.789397720667942
1590,5.999586154815924
1591,151.858386951365
1592,7.164920321600641
1593,125.8334313358525
1594,147.57114054042972
1595,122.70847319575174
1596,5.932197151040656
1597,67.59623442300612
1598,6.274005581296943
1599,4.929110864549362
1600,4.446882853541736
1601,2.791822494805254
1602,5.97891728958815
1603,259.7024882324123
1604,50.427638641984615
1605,116.77349537432464
1606,263.45174058989056
1607,42.96734337819021
1608,3.524234388986422
1609,7.231215064111722
1610,4.65872500060755
1611,185.00942829975548
1612,90.01749443791982
1613,2.8523968512390554
1614,271.6865541647944
1615,5.881377741609894
1616,3.8241369028933994
1617,185.05797363445677
1618,221.75479003155107
1619,4.82042585463547
1620,87.25924817844255
1621,2.8512225716103172
1622,2.8325873915708804
1623,2.792828555573585
1624,246.387875782232
1625,74.95726908448628
1626,1.6987753565237567
1627,49.046268372680125
1628,3.3223052180133252
1629,204.99568103368554
1630,90.42037379863677
1631,6.180507240600364
1632,284.7454803915986
1633,4.878147565345493
1634,1.6035415523945256
1635,3.4979702574827884
1636,4.805050087266554
1637,6.38898052341181
1638,203.87247120647422
1639,67.40306833945351
1640,4.276335320916928
1641,317.6782224200894
1642,142.01206493240144
1643,196.81019937203988
1644,126.28673514903525
1645,181.3544965508761
1646,6.166443746669221
1647,6.463192428155956
1648,27.805925820865568
1649,4.501915015355048
1650,96.22396085393817
1651,6.5961949016669
1652,6.49034054211155
1653,225.83171332788044
1654,6.53867221565316
1655,306.91773765532355
1656,58.25658490307775
1657,1.3480062330107563
1658,281.6117801779554
1659,2.212852994368218
1660,2.709800617913686
1661,6.917306663946806
1662,208.56036468723207
1663,5.902174843902926
1664,134.84028990567634
1665,1.1936636959983846
1666,59.71399561115322
1667,-55.49088607959675
1668,248.4172205458531
1669,52.157673317048584
1670,2.0086616856495207
1671,2.40710397540708
1672,5.264104686198022
1673,4.576053507212626
1674,139.59211669789187
1675,2.1769675083033584
1676,-49.587536090006225
1677,34.485615779962
1678,3.9331691025786175
1679,223.01696680958116
1680,88.92297081551072
1681,1.9326353146313315
1682,3.1462348555401802
1683,77.43932954610447
1684,21.08739600844561
1685,6.668891841426156
1686,136.80435258547445
1687,7.155495398016386
1688,186.3745263960043
1689,277.0541764159612
1690,3.062822555773676
1691,3.6664352146444243
1692,4.176770681233406
1693,2.435556435018789
1694,71.89991081326275
1695,214.29801080451017
1696,126.52917951567278
1697,2.6791573837727527
1698,221.19019617878064
1699,184.8431045200185
1700,119.77823440446478
1701,262.7654873367037
1702,-58.373617671513735
1703,6.06824229298059
1704,5.570000326259375
1705,3.3401289088851533
1706,101.27067933567064
1707,5.501886829886993
1708,77.93130808627116
1709,158.2520331032713
1710,6.319438801118772
1711,74.34714922327517
1712,1.8820116797985795
1713,5.899703807454856
1714,-59.56651099088484
1715,5.0209397974603975
1716,2.8465688086873353
1717,22.447839608758485
1718,121.6470143355888
1719,25.804570574465252
1720,6.264925061481896
1721,243.385212647746
1722,3.6019047748362594
1723,159.88089282649764
1724,142.27399831354973
1725,3.556506897025658
1726,4.247375697904359
1727,253.41787488513734
1728,4.296110490747325
1729,3.6593508704251585
1730,37.91093984322577
1731,215.54178748197492
1732,4.856110156809885
1733,363.37597823789883
1734,268.58275013798686
1735,183.05250899414312
1736,3.3725099712238853
1737,303.31057341959087
1738,291.89760089961607
1739,204.255996998209
1740,82.67359980458401
1741,119.24843563807488
1742,246.23868036618063
1743,5.094467710876604
1744,120.09411406038478
1745,63.735939197632334
1746,3.6154720300086254
1747,7.555202374602917
1748,196.1761589845758
1749,3.540118465705187
1750,102.1713766450745
1751,43.93626099969949
1752,6.980159826147668
1753,6.009417261822709
1754,273.6773318703374
1755,222.91085173155219
1756,1.8992643007265912
1757,215.1096658951481
1758,327.5998257221616
1759,4.16119263861048
1760,278.08625185661947
1761,249.9264597981136
1762,14.972509284613096
1763,45.38311992347482
1764,24.89204975854372
1765,4.78796978096014
1766,235.00228028493092
1767,184.25357248905706
1768,5.783363853005923
1769,85.18941843501115
1770,77.19733913628863
1771,2.8256377690832974
1772,224.92406252003474
1773,264.4255240830942
1774,6.515063852335302
1775,280.0442277038444
1776,2.7802053435967
1777,15.733221971379002
1778,3.0883683356553417
1779,-19.81156403316257
1780,109.7597980532655
1781,5.7341790518570805
1782,179.5167480873847
1783,231.6953699872786
1784,4.2177693074662255
1785,49.875578143263034
1786,2.783671328768067
1787,77.51067843473804
1788,5.0296571132586845
1789,2.7491211031679716
1790,43.940524466387316
1791,4.015079247576159
1792,2.6424012567481174
1793,2.0544555484716316
1794,172.8086815676532
1795,191.67658241145836
1796,266.5236855665037
1797,140.12285640247714
1798,6.125409924275806
1799,206.707347607555
1800,134.50734011654993
1801,5.144554358330459
1802,2.4564131263648123
1803,140.92203531643457
1804,4.144835163407353
1805,186.05156049748217
1806,5.529723579798529
1807,294.7503644468196
1808,171.36112286099882
1809,57.12166195102971
1810,4.256132393221164
1811,2.8340505405315337
1812,31.832471074482342
1813,3.511491324412482
1814,166.60300956666083
1815,262.47509554716515
1816,5.415082978263416
1817,112.77786756550944
1818,69.16207616001732
1819,231.12466201207712
1820,5.797210775495798
1821,3.318038560754654
1822,272.51047625528713
1823,16.59328514099584
1824,70.65731892749338
1825,2.263806528699235
1826,6.086743478474495
1827,4.086421232609355
1828,2.106217683974172
1829,209.83091161030268
1830,235.821104880609
1831,6.745641953876423
1832,42.167100371780975
1833,3.579077263904936
1834,4.08333672944322
1835,109.2806418485774
1836,6.35771935750512
1837,6.019031247299733
1838,5.9024317960160255
1839,123.71581113339946
1840,-14.91741895146011
1841,-89.47436004176897
1842,247.67024907012677
1843,177.36854773544542
1844,254.21589228502336
1845,168.3343647718217
1846,50.17120752630693
1847,259.3813241914216
1848,115.09595337499945
1849,3.4962507840370805
1850,5.845942151977855
1851,-77.23612532705064
1852,6.277730811372391
1853,84.6975733598708
1854,72.76073428988214
1855,5.590217613966789
1856,186.56038196052765
1857,2.8588835580699716
1858,5.057092736563753
1859,6.330984716988375
1860,5.720802851613424
1861,149.6548909615745
1862,6.232940090690391
1863,77.84361455085295
1864,60.94579867393319
1865,215.4339990639669
1866,147.7590246728313
1867,100.10720035322623
1868,274.06584113049274
1869,147.37765053883714
1870,3.5074904791037733
1871,219.93548816922615
1872,42.89159402889929
1873,3.0101405654663123
1874,23.373778639316832
1875,88.66332571798365
1876,2.784149929613222
1877,2.452300734715075
1878,62.0793679810366
1879,70.21243676833815
1880,256.02867897676106
1881,5.649802915592051
1882,110.21084371994742
1883,6.130130945721703
1884,88.11389905538549
1885,302.0737685111481
1886,278.00873176507315
1887,3.588327317416085
1888,198.9504185148831
1889,237.51797152298275
1890,2.4949108568189584
1891,242.27725363007647
1892,221.81965732178455
1893,4.277998158084905
1894,2.0394484871195733
1895,19.9603585513903
1896,5.828798521432619
1897,66.59572118006663
1898,-41.853831557381916
1899,3.0678690078395037
1900,5.85343595720804
1901,269.18362390923807
1902,221.82369917331252
1903,-64.56342882740674
1904,87.3545703027396
1905,64.90154843665582
1906,177.29862148630755
1907,6.697788044124541
1908,6.01076890833007
1909,124.86590001411132
1910,5.377127294756804
1911,5.338135333219614
1912,3.653613118582493
1913,79.19028951112607
1914,-19.084410615320948
1915,7.121078272959085
1916,1.6095071110077765
1917,2.9695065309484256
1918,160.6100029860237
1919,4.594885171013235
1920,4.751685611941214
1921,76.60542425803746
1922,3.3644399492357344
1923,6.6477415819665415
1924,2.5561457539033547
1925,4.281906435319123
1926,80.87009803251154
1927,150.14187617675208
1928,4.226065342953782
1929,47.96406263560637
1930,2.820236341484068
1931,5.9983239029354705
1932,4.8912816327515705
1933,2.8082655821587847
1934,251.6899451274248
1935,6.082028876349462
1936,4.869941666641894
1937,29.764196313365666
1938,-13.77917589949477
1939,2.618011763075309
1940,267.7638304657505
1941,3.5564343000732235
1942,218.6866791661207
1943,3.790862636710283
1944,228.62136334419114
1945,309.8402251547632
1946,5.822715648816921
1947,105.51138308660529
1948,5.505662298498238
1949,1.90229191983651
1950,31.075095736679945
1951,2.478781236018922
1952,53.54583789688888
1953,382.86492721159567
1954,2.541850130404468
1955,109.74750894856672
1956,2.019848421130219
1957,116.33009570645478
1958,4.1362156971036
1959,174.94933071611902
1960,65.19062915930189
1961,1.066315249972086
1962,4.281799634737289
1963,3.6478398991568417
1964,4.924250724316134
1965,99.5365857403746
1966,3.397680406283148
1967,4.721249875593921
1968,268.369896938312
1969,82.28115512390508
1970,5.771749715174941
1971,2.221957408463776
1972,104.31177852961056
1973,-14.268162170771044
1974,2.606438603590608
1975,2.745986356339001
1976,316.44321057724403
1977,1.6952387706828451
1978,210.86926879643255
1979,104.0515721559235
1980,269.6028434767202
1981,162.96887420938458
1982,122.08518642028176
1983,92.42685436836298
1984,8.147780622995118
1985,4.306740991017557
1986,3.961096308352994
1987,6.120306044368068
1988,1.3674064273107853
1989,5.630942123031422
1990,4.5093332442680385
1991,36.97163970665323
1992,3.9847041978104176
1993,18.920209517353655
1994,2.025927850654928
1995,111.5752048418072
1996,4.097005446318568
1997,2.716559452778945
1998,5.539044517353074
1999,306.4860844163013
2000,5.867105080676829
2001,271.25508966100847
2002,-36.477889138402666
2003,6.725038796202288
2004,330.5865779497285
2005,67.49296792986735
2006,4.78231429471342
2007,46.80224153684898
2008,233.46140549826433
2009,136.38975918154554
2010,269.1715936622986
2011,6.033668284640628
2012,180.77184525234043
2013,-16.82355133029178
2014,276.09741889760215
2015,201.47445507161467
2016,41.45596863233937
2017,2.968424756482351
2018,33.276436157711515
2019,71.62205546000311
2020,6.733560972351331
2021,4.376782489915405
2022,187.51210652106482
2023,85.49021742939271
2024,2.9015036397527907
2025,4.2383344885084275
2026,85.98785878014651
2027,5.8590129980049745
2028,6.241745989056958
2029,42.05587196592107
2030,301.8990018022724
2031,77.80517573663144
2032,288.1850589923441
2033,229.17479737139718
2034,2.6263772198232562
2035,59.21656647888253
2036,194.33898679050301
2037,4.523089905453096
2038,2.848178804747452
2039,3.07904271226494
2040,123.50077142269781
2041,244.0810445408469
2042,4.284531677393975
2043,175.6541731925044
2044,2.8183701474636345
2045,94.13404440662092
2046,283.23861240038724
2047,5.286992624409605
2048,-36.72018472450246
2049,1.718209509884569
2050,343.66747994163427
2051,3.7412904377921286
2052,4.0934128454614
2053,237.82379074517885
2054,4.4995227165927005
2055,3.8576233279955914
2056,-41.82726381536137
2057,195.8612178000661
2058,-4.628835610872594
2059,5.295214018903228
2060,29.73285657865994
2061,2.251102289170395
2062,197.25950520071808
2063,3.463353061179662
2064,3.3972846734177997
2065,3.7408120021899283
2066,1.9583916164514332
2067,6.120846830518104
2068,3.17398683810693
2069,1.7880568955765725
2070,269.55646989569976
2071,284.0639422949397
2072,4.633108569730219
2073,201.8034899403852
2074,361.58239538162366
2075,250.4544633558225
2076,3.453761410445006
2077,2.911456380122938
2078,4.343128204151227
2079,3.975107700963701
2080,2.7099257398261787
2081,3.2065175559290027
2082,5.386209351429136
2083,31.66642957539084
2084,2.9445631245571127
2085,4.977621640261972
2086,114.82423789575012
2087,92.13131809544613
2088,22.933099200167938
2089,76.46259452152864
2090,253.55369321837074
2091,176.591947777772
2092,-84.06699408891305
2093,4.867001160751077
2094,3.366820915322783
2095,85.50890493123092
2096,57.18262611858941
2097,112.95867118035281
2098,5.641902606110497
2099,-18.675749102463563
2100,17.269852288741596
2101,5.692943132489402
2102,6.987325431634898
2103,86.33375299768227
2104,63.95017325353294
2105,43.023741201728186
2106,306.0545880177761
2107,7.1035442794113886
2108,6.972539714561668
2109,5.826501133094014
2110,241.20231658964718
2111,3.3521878806301384
2112,35.95408475742059
2113,84.9673971531083
2114,2.4258701861330967
2115,49.811878342832216
2116,3.632137195771982
2117,3.5623961248980165
2118,3.634015394437397
2119,130.28962154472666
2120,4.227584344529218
2121,186.17620081786427
2122,221.80430558163152
2123,2.9134309184278555
2124,1.6454044734570505
2125,4.3330474435630455
2126,6.058275108553792
2127,58.50961751869001
2128,205.39621989075016
2129,1.8070961036039923
2130,2.5900825585176213
2131,5.817043067379089
2132,6.027622550413091
2133,218.2627848134481
2134,67.13700819958245
2135,222.89191528900258
2136,28.31492727180533
2137,228.0084043700985
2138,3.452398643884672
2139,58.55683646503961
2140,57.32096370339708
2141,54.84736494936428
2142,5.627162071667955
2143,14.781350913722017
2144,155.25583333083952
2145,44.723481565244356
2146,4.280168213393164
2147,3.457554642710737
2148,72.60130470806561
2149,-60.74013732932258
2150,16.82500783163098
2151,61.567203554165324
2152,4.9485254599945705
2153,3.07151356744601
2154,2.0453602575749796
2155,2.3151637295096426
2156,5.9024317313477
2157,126.15286652571925
2158,3.9596788595631818
2159,326.39835402977616
2160,222.57075885370588
2161,301.40741730265466
2162,1.885298770989402
2163,305.00144532062944
2164,6.392655620767926
2165,3.1677726901063132
2166,2.6236871127580277
2167,30.883858286421944
2168,297.77421920720514
2169,2.29926537711325
2170,2.5501115445395515
2171,135.7438260094414
2172,5.487884977012648
2173,262.91432022474885
2174,254.48896335525626
2175,1.4151968161822372
2176,4.759395189223361
2177,-28.076552687156678
2178,3.855482178087287
2179,72.23318150255221
2180,272.973672201599
2181,2.7249132148363686
2182,176.43074329479595
2183,173.67761429338796
2184,5.8781746674775714
2185,2.437935752451405
2186,2.745882466592762
2187,4.583858814582771
2188,249.76062158936162
2189,248.92595426455492
2190,76.69038214187316
2191,2.603800911591345
2192,2.909352040196161
2193,123.76877097913092
2194,3.020838910746688
2195,4.830671436951758
2196,6.3252713260436835
2197,1.9204545682153864
2198,4.123709370881045
2199,3.014211588026233
2200,1.7454721740430548
2201,4.097897357865252
2202,93.27583651580719
2203,2.754237898695659
2204,1.9893748045080506
2205,97.38839198656855
2206,5.229987364029349
2207,179.08093995495597
2208,4.759133366025941
2209,7.658111548154704
2210,241.58715295667236
2211,1.7249005988517279
2212,4.542307575730357
2213,6.508997097839389
2214,73.93185044358196
2215,59.81171807714185
2216,103.53495876403407
2217,4.584653370741117
2218,42.021995291659785
2219,2.6216795784466402
2220,5.651466181305413
2221,3.3446401727949375
2222,-30.82228331242463
2223,200.5050951943733
2224,-60.46594525687029
2225,184.00110964512686
2226,-18.618289983192607
2227,68.45494643478982
2228,138.45289979325833
2229,142.84945996718739
2230,3.0972628450386797
2231,5.551285643906337
2232,4.352555323950688
2233,257.89562587716443
2234,217.3115888047195
2235,226.16899045888056
2236,3.0854654162623687
2237,4.023852736198997
2238,245.10321793594608
2239,97.61054214829481
2240,241.8264458656068
2241,2.444869753105966
2242,220.99635448738007
2243,5.990100175085628
2244,97.4614281715845
2245,230.60584830031615
2246,111.47892217614869
2247,242.84058854054132
2248,5.946663756325051
2249,302.10954453250787
2250,135.67525724483812
2251,4.95693476556685
2252,261.86220668645353
2253,6.155016251547049
2254,173.82008596530267
2255,-91.7649776197704
2256,46.6376993999928
2257,1.7903244163577163
2258,3.185854001256216
2259,71.30320349889521
2260,6.237695286454914
2261,82.01757588739261
2262,1.8575621241159355
2263,78.57829071380901
2264,-8.896019236282434
2265,57.32855867871679
2266,2.3267685198158556
2267,2.891387535705314
2268,5.396902628610228
2269,3.666904151715481
2270,8.501670516389439
2271,172.54466049767882
2272,47.27522450521534
2273,3.420372817432086
2274,6.147168727935885
2275,6.57770136676941
2276,4.39687874492651
2277,2.6712761108860987
2278,1.6559449001250552
2279,6.003643717069963
2280,2.9215964157247387
2281,204.5510532962508
2282,2.556615746125671
2283,3.7276022515935128
2284,226.9642059650331
2285,2.9852213362291216
2286,-11.735059844899801
2287,5.851986909516706
2288,2.7736417409338454
2289,5.313123946444443
2290,-15.813063240278076
2291,47.56961113864251
2292,4.37917833367969
2293,1.9911203652742648
2294,15.333573171557328
2295,3.0579528173846704
2296,5.219273163574372
2297,141.8475230454126
2298,-29.486458375245746
2299,101.3643183188444
2300,3.820805425830878
2301,5.295573726027516
2302,-92.8574983808964
2303,160.8279030526373
2304,5.606802487386828
2305,56.982000037111064
2306,269.1116430054869
2307,29.061698654412425
2308,55.51384717020238
2309,6.006912789842023
2310,170.78219925079625
2311,-51.319752379747406
2312,70.60178860644704
2313,3.8865898198026967
2314,4.897329214704291
2315,232.60193456742388
2316,6.469686465898058
2317,3.6081909378928536
2318,230.98921359404332
2319,6.3828548996575245
2320,88.84237647121832
2321,3.158840284735879
2322,242.11743648205209
2323,166.70493305037002
2324,2.007732420249414
2325,30.16994456006002
2326,3.0938381928472225
2327,117.52833148918427
2328,3.492702510406227
2329,337.76944320774663
2330,175.18957895511585
2331,2.000192149564807
2332,273.4095807835008
2333,1.4337200270479311
2334,4.864019862791714
2335,5.03207067434677
2336,54.72535949273046
2337,141.16112185806605
2338,181.9765458944037
2339,29.16309385912627
2340,46.31360658114411
2341,146.24679076224584
2342,2.2960007978825034
2343,6.136945964482379
2344,256.07805026167455
2345,5.924947403722027
2346,103.57767153743976
2347,124.75343749048282
2348,1.8345060867225065
2349,268.8995865444415
2350,36.536998189370706
2351,4.98840215192234
2352,4.932419821239388
2353,1.8020475437763834
2354,-16.718361137303177
2355,142.45038140680256
2356,3.9920518963739173
2357,105.50607238846624
2358,6.168359973063123
2359,6.719782104930516
2360,4.410142101495713
2361,5.259063559634506
2362,254.79204812048292
2363,4.1357770829320195
2364,230.00089641843545
2365,95.0917776302511
2366,47.05562081277883
2367,45.53819637891894
2368,-55.50684940927049
2369,4.73067428050013
2370,232.6081253858554
2371,30.06417497078955
2372,67.29345956003237
2373,1.9732162012051297
2374,-60.159775691608516
2375,2.202751298818229
2376,133.50984285038916
2377,100.76157117908542
2378,5.261878568733982
2379,6.111500879849649
2380,38.34269549077412
2381,147.6020987408345
2382,169.3358610309842
2383,52.974558808470285
2384,3.1958414600143055
2385,248.00098427287895
2386,5.880683425631972
2387,21.856730506175566
2388,255.72979622460065
2389,86.39986767367614
2390,2.011340355980793
2391,107.69058007099444
2392,24.572964392590666
2393,65.26656804288339
2394,136.31141944150167
2395,5.892793006556932
2396,2.5439376004950143
2397,293.849515140489
2398,290.8796023908345
2399,4.394637653322273
2400,187.894278575409
2401,67.09547407727348
2402,229.50603375860962
2403,6.435789377301315
2404,1.9990155434424233
2405,5.141781512816021
2406,2.721222397989199
2407,87.82891555705284
2408,264.85689243675995
2409,214.33082966618014
2410,4.179582315541985
2411,6.4976421801283735
2412,299.5390542930253
2413,-9.851841860280814
2414,4.140904560690084
2415,60.76703534672037
2416,255.86741835093196
2417,27.10153327548851
2418,3.267865531390644
2419,4.075120015348499
2420,1.8478236819652063
2421,5.735156857585628
2422,235.61086702240655
2423,2.4376443257724016
2424,170.6843758461626
2425,6.066498969607167
2426,-6.021809220039773
2427,165.98468026773168
2428,27.666700002953696
2429,4.337500381183737
2430,6.034314141628325
2431,3.242574800040563
2432,318.94305667770857
2433,257.8833671184252
2434,4.031739872406813
2435,56.57127517304153
2436,225.8618462779139
2437,-72.74773417030787
2438,5.910037234987038
2439,7.26376884990117
2440,156.57301742673323
2441,6.306735372897347
2442,5.9258919420751415
2443,4.8097447671101685
2444,-67.82469026608057
2445,6.311150616692297
2446,5.170497231021776
2447,239.11470716889968
2448,6.635266329224079
2449,5.910680537335282
2450,44.0446753070967
2451,2.784495296188598
2452,3.867602063816208
2453,44.339852492191234
2454,290.11027799189816
2455,142.29283119791583
2456,3.6371966290817745
2457,254.42655197965843
2458,5.938921188338505
2459,2.8349778422529384
2460,6.081265826467396
2461,68.77849361480943
2462,56.709019185909824
2463,6.202266436034632
2464,-79.580029356405
2465,31.206029128026792
2466,206.478429552761
2467,156.8788909715807
2468,263.3354023073885
2469,254.3960948739989
2470,5.868615426323029
2471,133.7591313568842
2472,2.8268874043444776
2473,48.705606516072926
2474,196.02358721227657
2475,6.5746389100203375
2476,106.7360270960178
2477,131.7095437902304
2478,173.74763334421826
2479,5.2529084791132306
2480,51.450606441799046
2481,53.6506263106625
2482,2.099773755998968
2483,5.0096973901133115
2484,115.60840834320926
2485,129.39423037611806
2486,6.658708226181209
2487,5.270152859493743
2488,-44.808374278828694
2489,183.64941056310826
2490,5.640129750016731
2491,149.9984109520351
2492,53.80778565948472
2493,73.75949005254881
2494,5.812117177900653
2495,5.505145262206653
2496,119.32177274338686
2497,62.711687418257895
2498,1.6743608984321607
2499,6.714983538794995
2500,1.8973844445527785
2501,90.5136162112289
2502,243.7445053339703
2503,98.35783105970263
2504,342.159401444218
2505,3.4030651040533098
2506,4.814898113016251
2507,267.67990748058554
2508,201.4888416072314
2509,110.33274568666148
2510,6.5593292075037954
2511,210.52719702329188
2512,67.28498764443381
2513,129.79178851195633
2514,210.63697778551503
2515,296.7455041066227
2516,2.194756478896699
2517,2.341348050693285
2518,286.40978073565753
2519,4.593669637419392
2520,72.00008909371468
2521,150.75579779710654
2522,2.075264368451783
2523,5.72982917587902
2524,4.566907930420115
2525,292.95179793787753
2526,3.971609305556412
2527,3.976092137444015
2528,237.5543361621639
2529,116.13775832008348
2530,245.8477614310144
2531,270.0522503449735
2532,60.46120596227045
2533,1.975104544507942
2534,6.02567290780593
2535,5.867241483457589
2536,3.7665405300320898
2537,6.1758274393147
2538,5.915672335231093
2539,167.54072371610556
2540,3.0608553297520626
2541,6.115421534580856
2542,2.4462077909542836
2543,5.291208201494857
2544,138.49424487132688
2545,2.3971584026064487
2546,284.5677468305353
2547,23.02996536169884
2548,9.722664000412887
2549,153.88001635998882
2550,109.12259303710486
2551,-29.696428151751142
2552,2.0124396456023095
2553,276.6988312666027
2554,2.244444889618097
2555,65.12222199562225
2556,127.1343731720797
2557,4.086387836806342
2558,7.729500570085437
2559,6.4567332676260065
2560,216.8885697488245
2561,2.4891182720588034
2562,215.24077573330402
2563,233.46463080200658
2564,265.2431882035864
2565,4.507076168209455
2566,4.6777970127983854
2567,256.2429181544808
2568,7.119622005493971
2569,69.87122100533982
2570,3.7767801837088464
2571,102.94961020167774
2572,-46.24339409777142
2573,193.6871782339889
2574,3.0454369267298125
2575,4.584270465903331
2576,3.6391730273950995
2577,6.577854920418682
2578,42.491103110881
2579,6.070976349739071
2580,5.087559767701367
2581,2.9920898145650843
2582,-15.521896603939034
2583,2.0387916572970024
2584,6.632430630438293
2585,31.02134203537921
2586,4.626691825664366
2587,215.03256064279262
2588,203.65008466554266
2589,4.684076657495728
2590,37.48012606960941
2591,1.8611789813343542
2592,113.4420467099144
2593,60.85706988774113
2594,66.81949072891656
2595,58.66024026854244
2596,51.046146355358864
2597,5.553076790075231
2598,6.348670576484408
2599,29.241985697500684
2600,4.8754124212501715
2601,214.1680614257567
2602,6.131913343222352
2603,352.2230092257044
2604,158.97144156046406
2605,51.20079931508316
2606,4.265849621440488
2607,39.57878260601642
2608,187.79034268566863
2609,45.65995098040036
2610,2.763179805649588
2611,-9.281065228336843
2612,3.381956272408433
2613,4.358741003791215
2614,3.1746030038384725
2615,124.52498035977844
2616,154.27045157925147
2617,265.2606137827828
2618,202.06031089723632
2619,4.516632352741558
2620,2.4875986373902346
2621,4.10536288531903
2622,2.796928265880662
2623,1.2599085854848557
2624,6.646366040736547
2625,128.99557477943014
2626,282.76310831017383
2627,36.64211805677959
2628,136.41590671864165
2629,48.01076192139667
2630,128.12604604853252
2631,38.788200183577324
2632,6.130072599160183
2633,304.32259634960235
2634,63.87501283928007
2635,144.20560484898914
2636,-37.54285942431155
2637,3.4606051811798677
2638,-65.8417279203768
2639,-57.35208546290174
2640,191.08012196943125
2641,4.452995609545886
2642,5.677623729723383
2643,160.29072558584508
2644,155.6510229419037
2645,220.70443879061185
2646,2.196556973398427
2647,3.4487417837885928
2648,4.7727462437215085
2649,6.23591767346539
2650,260.6514033518148
2651,217.13927969680765
2652,57.298080009429256
2653,3.2765691860027792
2654,45.965904673230824
2655,231.71966945005482
2656,243.98643180322304
2657,2.824343045360638
2658,-5.272428429087199
2659,276.3097801553433
2660,1.8202368576969934
2661,270.6241455961188
2662,75.42801111390945
2663,-9.420727042159482
2664,78.0022331312415
2665,264.64829979734697
2666,230.93770506046823
2667,-31.711438470587606
2668,26.7413028234918
2669,6.7445129922571905
2670,126.38703235899769
2671,197.2388673730872
2672,111.57518929970026
2673,246.4678893653777
2674,238.00724162109788
2675,1.8022913139229506
2676,-34.35134765359737
2677,343.4296257784185
2678,8.79597379304829
2679,5.720723608467099
2680,76.25194242509599
2681,4.417936399497483
2682,3.001047771483658
2683,2.365722029309925
2684,2.9494340762829947
2685,6.49558787931395
2686,11.665626807734357
2687,58.76185986950566
2688,50.07942415462234
2689,37.56615635166402
2690,139.84353578925084
2691,82.6659881316833
2692,50.494069567816496
2693,135.08350093728487
2694,99.18014050383185
2695,6.60716572376071
2696,131.15443502882374
2697,3.895177723455217
2698,2.6709588899511028
2699,4.185872704374628
2700,204.3358429025027
2701,56.471301966346196
2702,-12.403570169689274
2703,4.0520783743801605
2704,153.690031010837
2705,3.194175989438688
2706,5.3985290718452426
2707,193.47244251905263
2708,3.5088569396485867
2709,59.57121655527211
2710,5.947580688660821
2711,177.38575027735797
2712,1.8625294820231857
2713,118.10804632889443
2714,-38.36737017736708
2715,4.598092541011155
2716,2.95573875132158
2717,285.30957588491117
2718,3.009505882468587
2719,3.0729081087652306
2720,6.7182909104278465
2721,6.2888280815515065
2722,3.9673407495691984
2723,221.23606806666214
2724,6.350939763483481
2725,36.745438377877626
2726,8.612231059113787
2727,316.2654336586483
2728,45.832134585884226
2729,177.92008563185323
2730,177.7083527942915
2731,156.5831239469807
2732,6.321976428265903
2733,218.97332460608922
2734,118.41981010433135
2735,89.05899967368518
2736,84.85568608322242
2737,182.3253418225334
2738,138.82666663931187
2739,126.90104955773997
2740,5.883346702355628
2741,56.8879889366043
2742,1.5281082467842755
2743,13.254032037764858
2744,-11.516375506441117
2745,4.2258727378885315
2746,191.1780885147228
2747,178.30925929237847
2748,2.9300547424957637
2749,5.488541499306232
2750,221.78645832607023
2751,260.606971688657
2752,2.6316183127682073
2753,110.63870090947566
2754,0.5270301949299835
2755,34.626363753557705
2756,251.1661630039987
2757,5.714075340296535
2758,284.8126639491886
2759,63.37786544483979
2760,166.4448474020404
2761,6.509257380146945
2762,4.225801542327369
2763,130.85562359234194
2764,3.721199275027646
2765,121.61852545838077
2766,2.1351477473579688
2767,268.43614417942797
2768,4.3571175466700485
2769,3.5742583257903364
2770,208.1620054246006
2771,135.57561297351288
2772,6.964491040843251
2773,3.167733117994453
2774,5.191405825397186
2775,6.238963439891599
2776,4.082368789783842
2777,252.489042530649
2778,30.78401828544044
2779,2.071288147662194
2780,2.8182909483737464
2781,238.44424677193257
2782,216.2550521013867
2783,5.631447344134999
2784,-11.763118401441993
2785,5.836398339049428
2786,3.7196117213535924
2787,62.84998232298951
2788,19.805999653235776
2789,163.63368538355797
2790,222.98501218947695
2791,86.89683635882652
2792,164.35266099539692
2793,173.94302318153353
2794,181.60678300445022
2795,53.72445231855019
2796,241.77562349402413
2797,107.2232487580593
2798,37.842139895195274
2799,33.07819452971329
2800,5.414246893992511
2801,3.96725405926284
2802,3.33995633188452
2803,48.92932982528924
2804,3.5698943300795625
2805,48.21082329000054
2806,6.873189441052939
2807,27.21515310475381
2808,94.43391118050006
2809,6.041129301169374
2810,5.4444280640219365
2811,165.68711337543252
2812,5.985567907385256
2813,11.709392600969316
2814,5.980991187472826
2815,262.1869438562598
2816,70.30154836208372
2817,256.21329108239007
2818,120.28310002949797
2819,50.93483371942639
2820,152.29931544483526
2821,58.26116281018576
2822,6.0547348126251865
2823,41.38442093881708
2824,256.8900961022676
2825,146.07829261026126
2826,-54.13332383275008
2827,6.523060678565276
2828,5.361266278500369
2829,5.060287091997164
2830,6.588335022125038
2831,5.668977682051684
2832,6.065994624006571
2833,138.8271448132711
2834,3.5158471577298798
2835,3.412859182616619
2836,3.670550165711602
2837,3.4135652284886824
2838,5.775954927830454
2839,1.9932346513112003
2840,59.5267464526244
2841,53.671455487584
2842,276.8764248077329
2843,5.989140464117977
2844,175.2941428080415
2845,287.41539945885194
2846,3.5447786369370626
2847,87.46956216101961
2848,12.766696973214717
2849,-58.6915385955902
2850,6.646084332362484
2851,6.6320104642069
2852,-35.088132952743244
2853,117.92533699962206
2854,2.2777879181130976
2855,65.22252932654774
2856,5.877998384075992
2857,54.009103397381146
2858,206.35532592563146
2859,1.8481001424910932
2860,144.55690100480848
2861,279.86061820934185
2862,275.0208171747043
2863,2.8331246591685986
2864,271.31896898611905
2865,225.9128176271144
2866,2.227510179535138
2867,2.4043449685219067
2868,81.71953400830903
2869,57.64513365384845
2870,185.1505156705127
2871,6.132928810548911
2872,269.4369381008577
2873,4.9970823917512135
2874,37.689265394947576
2875,4.4813832676848495
2876,-23.9317555976466
2877,279.6487624883611
2878,-76.81238395404709
2879,4.878694765560332
2880,223.99863065556184
2881,5.93748008332842
2882,6.1187958265046545
2883,3.7408255724778092
2884,6.669546694054588
2885,196.2110035104664
2886,244.67881514247767
2887,5.896954269024539
2888,2.1964128519408
2889,6.326218253548777
2890,2.351735477174392
2891,-55.22669535656553
2892,149.06562379783577
2893,79.01426785223057
2894,59.16246095029211
2895,4.780236071905177
2896,2.3468253484039017
2897,5.333661699486126
2898,123.27790151472851
2899,28.043157817178766
2900,3.2046679051345763
2901,51.35979125699356
2902,242.91043437038434
2903,275.07414790733344
2904,3.490002673068048
2905,3.818226185105151
2906,30.9978755028622
2907,4.207492722928209
2908,9.808800830410124
2909,2.0658979535541704
2910,116.44317095962221
2911,3.6592216017585333
2912,2.2847135751324794
2913,6.280810929583163
2914,-7.205047084275124
2915,8.343077269459
2916,239.83164716951725
2917,163.76474514404097
2918,3.8972876800520164
2919,354.2134651198918
2920,204.5598785764174
2921,5.493730167439813
2922,3.7806772221319607
2923,217.0497092801719
2924,5.3849988882338735
2925,4.972108237808859
2926,5.79642902571106
2927,45.6617096174526
2928,6.425379616650983
2929,169.01481391973073
2930,274.1089943505804
2931,2.433921860557826
2932,5.630393821389859
2933,51.46078596396673
2934,112.8719477941191
2935,2.937739779853896
2936,-58.859233567211845
2937,5.465126036855162
2938,-7.052777318342291
2939,3.080050770726551
2940,173.7897466761389
2941,89.87823529513517
2942,115.04281721381226
2943,6.133828654940277
2944,6.551413861767371
2945,5.736807165423899
2946,6.485105093888564
2947,-46.06292439890819
2948,2.4728044637097657
2949,6.645855011836411
2950,2.742265847608194
2951,147.6747229626348
2952,140.89032698607107
2953,6.3729672686613466
2954,1.635902688499867
2955,37.15100731987235
2956,6.449478187201107
2957,100.68744198986766
2958,5.180010093145493
2959,192.19587896050695
2960,6.010509008538923
2961,164.1497128344676
2962,3.643508652871932
2963,4.217624693296255
2964,241.29615101612876
2965,184.53388011585156
2966,4.492678125813722
2967,3.573913078672883
2968,177.25213343914947
2969,-80.31838284465566
2970,1.994759524027336
2971,221.28664831999882
2972,6.851706493342013
2973,209.98191209710276
2974,258.70154732394184
2975,4.568678567622443
2976,45.784524179493395
2977,34.674207638866115
2978,4.619141931749892
2979,4.718400253458716
2980,308.9416405591341
2981,315.7662951848959
2982,147.67107037438194
2983,137.815230255553
2984,270.57755661583013
2985,135.32259070609229
2986,292.12819026857335
2987,222.41124718883339
2988,118.73724433500477
2989,93.8072858328911
2990,44.31860542762263
2991,7.307819689160164
2992,3.125499858015019
2993,5.361288232959863
2994,45.56542808026967
2995,12.957674889575378
2996,4.518935780185256
2997,3.688030169268247
2998,95.3456990705835
2999,145.94117151046441
3000,75.70055803966234
3001,3.471072939916125
3002,284.3812513876401
3003,4.1308142888611545
3004,281.64471012730627
3005,102.33007273232434
3006,98.82467196243684
3007,6.200399625819502
3008,2.9067494156372797
3009,37.33259824692055
3010,4.271599021355275
3011,74.06402302873937
3012,5.235367039114548
3013,186.12085214554
3014,6.404609208418117
3015,3.4415000493317094
3016,5.915364631047579
3017,5.921554504684538
3018,4.428372506761362
3019,225.42315761980672
3020,3.216672702727008
3021,237.8583794578277
3022,270.1026716695365
3023,3.1414571691015736
3024,101.59053917106273
3025,242.90162816943638
3026,166.32706226439217
3027,6.089274180540508
3028,5.476762648247136
3029,-26.228124466671158
3030,-42.83874151243167
3031,6.067764163152603
3032,6.4736586420831514
3033,4.964035597108422
3034,128.97824104674453
3035,155.62811915249407
3036,215.74091785646533
3037,5.465175628676105
3038,2.1035206896925693
3039,-27.34001992426283
3040,175.67753145359922
3041,4.800677160644109
3042,-1.5373139605048785
3043,5.84657539120509
3044,220.6468107907363
3045,172.25076019262895
3046,4.551966439298033
3047,4.302274826861508
3048,36.236656531310786
3049,5.6102233956639145
3050,247.00274740841635
3051,101.4240886134497
3052,6.519710012924592
3053,4.015192053464133
3054,130.5780213621831
3055,184.30619710540594
3056,58.10761459633624
3057,3.050316318866698
3058,97.20311742191805
3059,1.8887497609933228
3060,247.76843265461332
3061,5.1606287025683635
3062,228.2755533124813
3063,136.2688538371644
3064,239.6122864349685
3065,244.45444188655503
3066,137.8216044155042
3067,47.99183074030848
3068,6.112030542272483
3069,6.01686940438716
3070,3.6722178724003376
3071,6.158175932433376
3072,201.43440211460108
3073,130.65631404564482
3074,6.243674250675902
3075,5.842673960204183
3076,163.1732356168983
3077,28.39187700429683
3078,70.6549189417098
3079,5.735901313342156
3080,3.3486058346456056
3081,-1.178419790364805
3082,98.72462477159993
3083,152.5762920928143
3084,1.3102967011336617
3085,5.387758542408777
3086,194.3950076803172
3087,3.133849991616999
3088,94.79920982718893
3089,3.53063428817154
3090,303.02727367535533
3091,160.53608035996632
3092,99.5304542323469
3093,4.087577721097195
3094,198.3484270270302
3095,261.784832921674
3096,137.6587286687466
3097,4.953072861555676
3098,6.227025537311901
3099,17.004508624071764
3100,84.87030556151922
3101,3.5215974242965045
3102,2.288160604132027
3103,3.190136086877848
3104,34.31363778337397
3105,5.41273951911314
3106,39.23467614018164
3107,1.5791987236173777
3108,2.5541827956292127
3109,6.201761513390272
3110,253.49652276464448
3111,1.9897548577704414
3112,216.9412362904218
3113,5.500039897767945
3114,46.16006223069044
3115,275.7571052762057
3116,107.47751422223345
3117,16.485820569078268
3118,250.5391813493262
3119,4.470944962721486
3120,40.8864850116624
3121,29.427453710884688
3122,135.24606780889124
3123,3.8445729904238988
3124,2.6668596906433497
3125,4.108485193959398
3126,208.48781533513255
3127,265.77147354365115
3128,35.007969852441235
3129,358.7806812386798
3130,2.1090865532836767
3131,104.99884168561432
3132,194.1710938097191
3133,121.44821839870748
3134,248.84630473447615
3135,1.7262623766070568
3136,313.3135668347378
3137,2.804651495352955
3138,167.21291981950324
3139,6.031680050193876
3140,2.7754988180894027
3141,26.753570818327386
3142,3.0067041122026366
3143,113.92734171843044
3144,254.55999489776963
3145,5.480567376654938
3146,286.0116619903386
3147,89.4574941703056
3148,101.90739666947758
3149,-4.082675120330158
3150,1.7127615256212136
3151,240.6584468392601
3152,7.213755573259272
3153,235.4998911603288
3154,170.0644876669446
3155,51.56084360582689
3156,44.613609708858235
3157,4.815948689434624
3158,274.9867013943834
3159,101.60362469766146
3160,267.4467099349681
3161,-33.467589120740556
3162,3.5990771237933687
3163,205.69085752321593
3164,3.3698372939315275
3165,-5.055573774489292
3166,54.47465789845951
3167,6.637631261254343
3168,5.283685325241667
3169,3.4926017141779826
3170,211.59681187806035
3171,2.899891907416491
3172,223.41264450559737
3173,281.8460834718277
3174,67.59188571221883
3175,-62.56000366914127
3176,3.6806630191708907
3177,3.296157508191989
3178,184.60721934392018
3179,6.165919946339011
3180,316.38757790615097
3181,180.21875199088845
3182,283.39324439424786
3183,6.05916875849258
3184,43.47568113502195
3185,6.563356093718177
3186,130.4171062941154
3187,279.4695587010293
3188,-44.84508424614848
3189,246.49438775127481
3190,4.212856080634143
3191,247.60195594592747
3192,56.72393791582697
3193,6.356222906665927
3194,4.297519209709243
3195,5.920391534539004
3196,142.86388276425416
3197,5.345092652992608
3198,158.38378731984025
3199,180.98207347035034
3200,1.889962119594408
3201,302.4244641840189
3202,4.303331704653167
3203,4.790884577040785
3204,21.81110653640324
3205,6.483880140890889
3206,271.84661824497675
3207,5.878110211691084
3208,196.3762090307241
3209,-28.043158437864406
3210,7.556205021144057
3211,178.9086051427397
3212,213.9682607170362
3213,2.7480295570056423
3214,256.34673480615663
3215,3.5627749706214127
3216,6.092434597339946
3217,124.27903740525551
3218,283.5127413940737
3219,91.6390978567057
3220,84.6136400115501
3221,82.98779225827755
3222,259.6542404439923
3223,343.02844429553176
3224,-67.23408150680288
3225,146.03096930044887
3226,5.969151678711548
3227,5.8250126004099805
3228,15.621583504083183
3229,293.0166809644454
3230,226.38880291045268
3231,6.248830562001077
3232,5.120514819653955
3233,5.675530790860749
3234,4.158383824054248
3235,109.71179060191797
3236,143.21617247837133
3237,14.61644244204281
3238,303.1329028750702
3239,6.462452589757275
3240,73.71137580733004
3241,22.28696899948286
3242,2.7024832678502686
3243,23.25385517603628
3244,190.05702941068125
3245,5.45732808558962
3246,250.58908832690526
3247,6.107057214062639
3248,46.03386620913679
3249,-14.502454068886383
3250,232.14082481991045
3251,233.3876835920503
3252,109.45059763306412
3253,53.73431270895201
3254,153.57162538934494
3255,6.314367954863618
3256,6.207419575921868
3257,15.93825395815485
3258,2.536492864771069
3259,66.18042836455506
3260,5.840462793902358
3261,125.46319833969244
3262,313.02337918711675
3263,2.6879357934125525
3264,3.5269177099789473
3265,143.30398607406977
3266,3.5817292951816517
3267,6.653904077823503
3268,3.2928297561770616
3269,4.028089209257867
3270,49.595653486641915
3271,220.7704953420809
3272,2.287784895875366
3273,181.71579523619965
3274,200.68662601163874
3275,127.49981153768275
3276,104.53599573805732
3277,6.09379489437011
3278,6.422453380257002
3279,3.2835290079140482
3280,151.57730943374665
3281,270.7394266024986
3282,2.8048963611037436
3283,390.43151812712625
3284,343.4109328931361
3285,85.05536997366241
3286,3.0812534390186253
3287,-3.13017806335749
3288,100.01078647857871
3289,1.8285166370537427
3290,58.03329236368671
3291,247.76545288851503
3292,2.9417565496156453
3293,56.34385422467496
3294,212.95633174364173
3295,138.2442679949781
3296,34.09004539070223
3297,205.14075097700783
3298,2.3876349655840228
3299,247.47053730059187
3300,5.277422274985561
3301,207.12334375126756
3302,218.46202445641825
3303,1.3558467122301712
3304,251.80235061251446
3305,4.9280877927635816
3306,4.653149987114669
3307,201.92693231302
3308,3.060613065031702
3309,6.214386437478473
3310,-44.913075079099066
3311,2.6880137131898953
3312,4.022833937011466
3313,2.491071274821138
3314,6.040410194394916
3315,4.113665102482948
3316,316.0390670261926
3317,303.14902718365335
3318,46.29629756377545
3319,1.9780853439387178
3320,2.3850289224640058
3321,4.879313255563496
3322,155.82874621121164
3323,4.694062056593925
3324,3.9044845961354024
3325,308.9491517171032
3326,63.20123489052375
3327,-49.54400056774021
3328,6.3950135970449615
3329,1.8349910314850602
3330,184.10361178861965
3331,101.61023068718742
3332,3.554024558044248
3333,244.86969644422058
3334,116.93374172230678
3335,3.3112462530009994
3336,5.1937793529761
3337,2.750803743870001
3338,1.7634117789472283
3339,3.2875307505683966
3340,28.437556009169047
3341,61.0287079788659
3342,213.17331362888726
3343,133.1408284385802
3344,3.2480732889828032
3345,249.4414466030227
3346,298.4973669469446
3347,187.469777325625
3348,60.887390092000466
3349,5.684963154148535
3350,3.6707703937895424
3351,2.8097007818832296
3352,1.852315274319985
3353,163.01536662737942
3354,80.51753198402054
3355,3.155153442622997
3356,311.44034394493576
3357,3.5073578068995004
3358,246.8535820703445
3359,80.57105448281365
3360,132.1742162598578
3361,3.4486537127737926
3362,3.592239809092891
3363,3.4884772115574494
3364,38.41160381867755
3365,118.3231157344571
3366,-4.994967496292692
3367,4.340175986805374
3368,82.34292100862572
3369,3.441113290324788
3370,60.40158388769275
3371,-7.108109891219227
3372,200.25460577200425
3373,54.88800259305707
3374,304.1954407307498
3375,2.5439830664330048
3376,2.8903358631150553
3377,118.93066728643885
3378,4.641839033881412
3379,39.94131322646224
3380,310.5587638389243
3381,6.654535423526596
3382,99.0706810677778
3383,6.7076813101851664
3384,26.62238953606417
3385,4.219300802443485
3386,49.48334696112551
3387,2.132768851124305
3388,180.57384402742002
3389,216.76928676407942
3390,2.1461000326463657
3391,5.7384440637926115
3392,5.062506256631322
3393,167.16168755200766
3394,143.13121987933147
3395,5.182425567354892
3396,5.677510953920464
3397,143.03514969951198
3398,2.207593447514296
3399,208.4779609848383
3400,168.01250660038932
3401,4.966349045071757
3402,1.2780417045471801
3403,78.79038154658392
3404,114.23720993917313
3405,178.83948667070644
3406,181.35809257026534
3407,4.056323258140792
3408,80.3641878556025
3409,120.75412878798386
3410,5.840961811230725
3411,6.042772784031884
3412,27.457214089516576
3413,2.2097841700106273
3414,6.641995734453637
3415,97.15831143293397
3416,87.07173556202177
3417,195.7667559264582
3418,163.51222247462178
3419,-13.321597608195217
3420,54.780746399588416
3421,-53.98120803500596
3422,165.40597388962436
3423,2.025510277013932
3424,3.5335835527851556
3425,16.33489945961691
3426,3.5625555035765237
3427,55.619785869261065
3428,2.5778432704794945
3429,325.37832519934403
3430,309.0444188083144
3431,101.41283357978152
3432,5.88164681747772
3433,72.31964496715301
3434,1.9593283999349498
3435,309.72684315703816
3436,225.95733841992882
3437,3.357065312586471
3438,25.383183332424302
3439,259.28299369338845
3440,6.4989856703118365
3441,5.213571392025271
3442,241.95123297270973
3443,4.969238613054731
3444,203.48453353756034
3445,3.8384196137686164
3446,5.947536735340489
3447,258.7969086372236
3448,5.371706398324182
3449,5.720557556979339
3450,102.42505263476981
3451,191.87527134743135
3452,2.102446777427982
3453,3.4882759466151576
3454,15.845758305447937
3455,4.182116540900063
3456,5.759596974514522
3457,3.8763682092418374
3458,6.09933352975196
3459,167.00789358815584
3460,-41.13605652260445
3461,6.423815068616827
3462,40.03320660132301
3463,214.23410377856132
3464,4.403561307268926
3465,2.832239172128787
3466,5.524730794660425
3467,99.26958633614302
3468,35.1071042016272
3469,308.2409119729258
3470,149.6963748198576
3471,28.351329303559346
3472,275.1466664183481
3473,6.270228204721619
3474,4.080323396708183
3475,4.500885878907208
3476,33.7337020406104
3477,3.45587048421919
3478,6.602265862973825
3479,2.670563769610167
3480,105.96549992586515
3481,158.59222871372015
3482,93.71044693534927
3483,67.1697982220702
3484,171.00607478479668
3485,2.313239594434266
3486,228.00199488329463
3487,5.8405820150602095
3488,4.608993722214669
3489,3.034479865080332
3490,6.5514677662627925
3491,3.264840206387372
3492,2.4861393470435735
3493,304.2948750975418
3494,131.0219230547735
3495,6.376241998055209
3496,6.3424545128288115
3497,4.446507446159172
3498,6.619562260022446
3499,-20.374144283482742
3500,93.49016003931519
3501,282.4804759003994
3502,5.939973001714556
3503,3.9656044900133174
3504,20.495916603038467
3505,142.36100446043818
3506,85.5834540840632
3507,6.2096218577321105
3508,3.2794593029512904
3509,3.048661966306427
3510,278.61604182018436
3511,2.0306505455300896
3512,77.47141395771095
3513,93.93993234246473
3514,3.2574085475601944
3515,44.96896999977239
3516,3.6614635036100824
3517,194.77097123721322
3518,4.296371171802813
3519,229.65489559074166
3520,291.47506665291104
3521,1.940846438348455
3522,-1.547641428694921
3523,3.5618515790505834
3524,6.62295740858437
3525,5.312489262637282
3526,36.93619097708763
3527,1.6980069307399783
3528,285.1861804538297
3529,211.46208827919344
3530,2.473382254749408
3531,85.69436943670756
3532,268.7820080297237
3533,48.99408149345562
3534,7.705243411998253
3535,96.86882058817577
3536,3.4897438583990885
3537,73.60384740333468
3538,6.81106040819734
3539,-3.5376923614474904
3540,150.03888606528955
3541,-60.07679298523054
3542,2.7868056202302167
3543,180.03678245235952
3544,41.62920009546892
3545,2.576875268812447
3546,5.9777600069542345
3547,170.438381294988
3548,5.5733716673979234
3549,1.748717503015543
3550,4.6601706735370385
3551,4.5318597246281085
3552,5.713386119881578
3553,5.311830289356589
3554,171.44346467223627
3555,4.197212018689373
3556,2.119548535375675
3557,121.95419283320543
3558,5.238774411095915
3559,97.87794300247742
3560,63.23554808530163
3561,6.221093348076067
3562,35.495541439549086
3563,-52.02769368808117
3564,5.89455764847566
3565,4.8580381466013645
3566,170.47100269278695
3567,1.9868515135017013
3568,236.89768523013035
3569,167.8368528708945
3570,34.809120771795506
3571,203.92354379419643
3572,1.8523664364848889
3573,6.0241075723681
3574,5.707632731506047
3575,1.8652132909518981
3576,5.2426523140531405
3577,6.120471814928809
3578,74.09062336529516
3579,2.085437755510243
3580,65.54912648680389
3581,238.28238040636347
3582,75.79548561387082
3583,74.27732347257341
3584,6.521531050124599
3585,35.09060488551301
3586,5.840482384495557
3587,36.445335128653625
3588,3.525322738559137
3589,225.83727982084272
3590,3.0334910679308598
3591,3.615761092599291
3592,184.3006125705267
3593,3.850127757346235
3594,25.72746849671569
3595,6.633089010200822
3596,30.93234776483558
3597,312.57439582772054
3598,66.08841938090355
3599,84.24664837308912
3600,2.7076947224990597
3601,290.8603777443133
3602,38.782282410170005
3603,5.455234291694679
3604,2.8455132492763346
3605,161.87740111413825
3606,2.1448271099321476
3607,3.342455603384078
3608,281.5280915932734
3609,187.288970393812
3610,30.15655528832946
3611,5.5267442268675335
3612,265.72488598943016
3613,6.3901252161603495
3614,5.167958702032801
3615,6.322770183803373
3616,53.70149768405319
3617,5.006886710447695
3618,2.8110159360708833
3619,-45.387314051057224
3620,-9.40639019201586
3621,69.0840592940148
3622,5.278489538158626
3623,261.75689455875
3624,-3.912287443332845
3625,113.88766569466019
3626,24.757839514100255
3627,28.669674614869116
3628,6.540231648286448
3629,45.23090376371244
3630,253.72671722708998
3631,301.9064985596358
3632,253.60991883304806
3633,253.29722710057692
3634,110.83897429038683
3635,137.63759662534122
3636,4.480349318677136
3637,41.188850683729996
3638,64.26457794104911
3639,4.693967505425959
3640,329.63537069785895
3641,231.9316786937134
3642,154.45313901201658
3643,190.6073241918042
3644,6.620476528544927
3645,135.79391470615985
3646,2.515438833219376
3647,5.81959111917198
3648,241.9093080770955
3649,13.968148597483976
3650,3.294430005982316
3651,197.61072192999637
3652,43.1555219127235
3653,-1.8865480435567674
3654,70.3132389537704
3655,2.153692841214893
3656,157.55964297556173
3657,5.826372628194832
3658,8.06889489621735
3659,4.62207571988636
3660,5.813626710829725
3661,55.419357550268835
3662,2.144923832605032
3663,5.5270499092797465
3664,120.94551118166302
3665,4.715061314943743
3666,276.06938769252514
3667,248.28084288415968
3668,265.79310111324276
3669,239.02032304047327
3670,7.442401419661287
3671,6.720328186510709
3672,218.1066759364175
3673,4.937191643283877
3674,289.11315327914247
3675,144.99983721837037
3676,59.88631244770598
3677,38.182412649016364
3678,-4.2417650777254075
3679,4.826154927558807
3680,4.032946969596341
3681,169.5224602478638
3682,85.51907441243395
3683,175.10347832251034
3684,42.18385078336709
3685,149.4554343069031
3686,266.1092435252754
3687,120.4734477881153
3688,255.76904395437947
3689,2.5837043386795484
3690,173.49328924374043
3691,207.50555903095034
3692,289.69233904764883
3693,273.67985761960875
3694,1.8710703626061875
3695,250.50937668253118
3696,195.79279000712708
3697,0.8057131315742202
3698,-12.980039793939333
3699,4.576626154984762
3700,5.614585376175722
3701,367.893774690812
3702,3.8586941423051
3703,3.972742963339237
3704,5.92069681081661
3705,1.5463151981250114
3706,54.07859936495112
3707,16.947552552644016
3708,131.7474351879879
3709,3.185088824881796
3710,6.4248548143649815
3711,341.372026405336
3712,100.82925498400334
3713,5.97805818225976
3714,322.3054187470927
3715,2.6507558758095673
3716,2.0589846061979147
3717,143.11597425252478
3718,84.85960232733454
3719,166.275015199777
3720,163.66816854177506
3721,2.9906252510636957
3722,3.9716086784586118
3723,3.251863729077119
3724,1.879029420835344
3725,65.7271019520293
3726,1.7038519867354633
3727,227.87694383697584
3728,60.871283023400665
3729,-43.03274493439985
3730,153.4839674378902
3731,81.67051306942132
3732,3.5168370716764743
3733,-32.93697019263411
3734,3.1599743002562897
3735,2.5458372177308926
3736,23.895113785812583
3737,6.496008605093531
3738,194.96057053030916
3739,-41.819007817150734
3740,241.79840592300025
3741,30.95517526933873
3742,259.98206120520445
3743,2.3533782590329033
3744,72.54555538743028
3745,-27.002427402023805
3746,5.135131388968992
3747,4.912273556999348
3748,174.88602259403896
3749,78.60319820647638
3750,1.541654102553602
3751,210.79944508121858
3752,94.08028164064052
3753,5.022093727520217
3754,3.82133039700152
3755,-8.350874994513543
3756,5.660049315545708
3757,27.250944476600026
3758,6.009714326069738
3759,45.72942944322224
3760,1.9493185887169198
3761,6.102233940428805
3762,6.161134698350804
3763,130.86846337299093
3764,172.1583576657387
3765,360.09562129143825
3766,6.552974453600633
3767,286.1672736553557
3768,64.16962881065554
3769,1.6659327603182736
3770,140.6405045806874
3771,3.71659490446166
3772,208.66645100554626
3773,238.002450787606
3774,2.5764908147290377
3775,3.523592931776959
3776,244.64918006600396
3777,6.100817402763819
3778,238.0978034485221
3779,281.31681280822954
3780,5.604827925189472
3781,6.521994878778097
3782,2.1927748452244087
3783,2.0330352737578745
3784,5.459693729873134
3785,29.49155996699087
3786,103.38780932697502
3787,6.014568920126998
3788,6.6415391038535265
3789,290.91892150564684
3790,6.849157976231641
3791,6.3364501867157
3792,3.5881302677030975
3793,17.294497141290105
3794,-14.016024555405295
3795,187.45095749966177
3796,186.41664309832447
3797,4.7036633115783655
3798,169.8528504924758
3799,-53.350704406012454
3800,245.04300984226018
3801,135.15039579564174
3802,140.07945971548008
3803,52.49463278301431
3804,55.88187544096448
3805,4.2522082299605675
3806,2.882767489371841
3807,102.21870510256679
3808,3.4902568633352598
3809,-32.86118960624729
3810,2.6736248216017247
3811,4.747304917894946
3812,263.1375040757155
3813,3.3262702613198387
3814,285.3567367801829
3815,7.1164023369598235
3816,3.9247292269121905
3817,54.9394717958038
3818,6.221505901061428
3819,2.421127771735042
3820,115.21519167395712
3821,7.360329623969928
3822,5.559130829406695
3823,265.5896529102728
3824,5.313842322916142
3825,255.17768110308586
3826,6.000857040494577
3827,299.36775151531333
3828,294.0184310722796
3829,6.536051468539192
3830,232.4737335897743
3831,67.17520223329275
3832,1.7854382133819044
3833,61.97106505354631
3834,15.842334328502893
3835,2.753762148032517
3836,5.210851892485503
3837,6.699954632186893
3838,5.8635436423533775
3839,241.69257973152546
3840,5.710342826110596
3841,131.40605443228864
3842,3.672289854441317
3843,243.01542046860118
3844,5.5235845837059365
3845,6.10117276888407
3846,6.30993219530964
3847,88.34164214728193
3848,98.90287551076055
3849,197.61883578223217
3850,34.37248972644389
3851,136.40120937867596
3852,260.2309661405783
3853,5.6166240115673896
3854,255.10422659986241
3855,2.0002057677381457
3856,66.24581009474286
3857,3.605318751472079
3858,2.9697695743094386
3859,248.81553077226397
3860,5.857279579770745
3861,-58.92231701302673
3862,-3.301127005034133
3863,3.6074867473939873
3864,2.991050230922073
3865,274.20137568135465
3866,4.5709342513086435
3867,188.8697741726645
3868,4.2987639566275675
3869,3.065469780658529
3870,124.0737895515633
3871,45.0823761868513
3872,3.576458956430021
3873,47.12692742397008
3874,329.3483352769561
3875,274.1661177320025
3876,106.98632347287155
3877,-75.24319559099288
3878,163.43149054427573
3879,246.18451060503187
3880,6.605766691614958
3881,3.782120903153591
3882,2.6142830590575947
3883,201.58021041679794
3884,147.7530063918241
3885,6.323800019299599
3886,5.515180023450212
3887,6.274988740543896
3888,2.607528309130571
3889,172.8836824211701
3890,1.810544749649929
3891,3.039736582449041
3892,188.7068879561637
3893,3.688557764256056
3894,295.4411261177907
3895,-17.813075825564457
3896,12.451466575732969
3897,242.06613145677926
3898,173.39573368897572
3899,1.7115299684075767
3900,104.99978439775262
3901,102.7065055369794
3902,2.7926366530948536
3903,24.941839749681016
3904,62.23382098103388
3905,3.9055591060399437
3906,7.476771979824793
3907,218.3586832065066
3908,146.39031428035955
3909,3.4005869210483057
3910,4.038335661575493
3911,243.14053653415692
3912,3.8684001293288945
3913,27.364039149227924
3914,279.5169384535178
3915,7.356564536676248
3916,5.904802643964208
3917,3.760320787937542
3918,-49.97997334679687
3919,4.942609795338273
3920,32.93010214893061
3921,55.25484173984081
3922,6.686394180434158
3923,2.9705027088775013
3924,347.18882970749746
3925,67.77743275874306
3926,2.266249938339223
3927,237.11587000699745
3928,3.471497823133684
3929,5.520487235925474
3930,6.245975542857975
3931,208.40978612010707
3932,3.8790613697098553
3933,2.478190188914656
3934,6.566105768213926
3935,222.9703415755495
3936,2.1026221912754903
3937,3.5138662805210634
3938,2.8626427161663823
3939,324.1502047453407
3940,6.083634558439549
3941,6.2405151947508495
3942,5.222836432143865
3943,3.2222673809042632
3944,6.805988452899058
3945,326.59474232016316
3946,228.49561066085963
3947,36.053300851812956
3948,158.39264613047376
3949,5.636931288381479
3950,252.6193495173075
3951,1.7125342420313077
3952,111.26476881941261
3953,134.05266471800863
3954,2.446609477458338
3955,5.955841013686608
3956,172.59063857666217
3957,56.866460284209026
3958,62.87572295112759
3959,223.5921862105241
3960,5.977536765220927
3961,6.147289893956938
3962,102.59067550358506
3963,5.8721330763397255
3964,157.7361338161326
3965,6.071599259444499
3966,3.4584138364539023
3967,3.9803332481827867
3968,180.05731773576804
3969,32.11235407863036
3970,2.6546305913812116
3971,3.414940230961305
3972,2.8418223810722054
3973,3.35487420235266
3974,32.847939054516
3975,34.71579509325185
3976,3.666714554426944
3977,4.168354494398422
3978,3.621724137490511
3979,125.47826889689549
3980,241.75322009462238
3981,253.80083712369483
3982,5.639884713237806
3983,3.049889064898832
3984,373.81109061667115
3985,221.22978006618604
3986,160.88131695853423
3987,99.53344665988143
3988,3.613277102832107
3989,20.574058815727213
3990,85.38453373658207
3991,256.2821946357469
3992,5.917018506434233
3993,5.911775645456673
3994,46.513773495290664
3995,133.45271762244641
3996,3.313776680022939
3997,126.38703235899769
3998,2.701254075969725
3999,271.9300617424989
4000,5.51333153454658
4001,4.169018505090383
4002,40.892078372226436
4003,172.61899631404663
4004,2.2644710046297067
4005,309.99640591219844
4006,93.38496334209107
4007,6.989694799409137
4008,3.4621912420588963
4009,5.848953809290935
4010,213.8773731570384
4011,3.8063276711945226
4012,6.37107313767188
4013,242.53146811095093
4014,5.879649169913705
4015,6.11432139809636
4016,73.61766855420204
4017,175.8540809159881
4018,127.635823963745
4019,2.0072297337779132
4020,2.019130031657119
4021,109.9594726952563
4022,48.61869356312867
4023,3.757507190541241
4024,113.59961816418858
4025,55.15804565782192
4026,-8.703269803267156
4027,272.52824430451716
4028,120.95846455021474
4029,6.883848535767619
4030,2.529250884298075
4031,107.72113178769766
4032,81.01675770686431
4033,3.1548525257311653
4034,246.85899960010585
4035,145.11871676938327
4036,4.5196318725713125
4037,3.497692218159099
4038,6.045974546897048
4039,5.8808394724537205
4040,109.40144925807908
4041,318.4012432175187
4042,58.03874626601224
4043,260.84732111178073
4044,4.01865297207344
4045,42.829757590641336
4046,5.906479503785197
4047,3.9213800712379134
4048,274.23995872863156
4049,122.19530136737127
4050,270.9800492324919
4051,54.86187156020613
4052,2.701666220545282
4053,4.084228754414869
4054,5.421092952912964
4055,3.9053613174239854
4056,262.0775605563763
4057,6.80607745621543
4058,266.49806245656396
4059,42.47164704177772
4060,243.9174355201411
4061,94.04448945177509
4062,3.833710879367825
4063,2.1865876172599754
4064,188.99083794586468
4065,2.0258611903180666
4066,94.6296165561686
4067,198.1987864194761
4068,177.43268377587867
4069,339.9214537204084
4070,2.693370147711402
4071,2.7816212605174844
4072,2.058224266905542
4073,3.062676116369585
4074,4.013099231888125
4075,-35.291931729939094
4076,46.031320500435655
4077,4.909337575457878
4078,6.236186531371145
4079,6.588451497602108
4080,272.8084575457809
4081,4.535770069908393
4082,116.6610555386903
4083,3.8130325753228327
4084,11.126191253474403
4085,8.532264146226193
4086,11.942550787818236
4087,4.098985700873713
4088,4.16903189486366
4089,94.17561141791766
4090,159.46405891640927
4091,3.8009061099201533
4092,63.60270749888847
4093,32.27994375539598
4094,5.1152852031813305
4095,6.665596688135707
4096,2.297734441618198
4097,2.682450542977498
4098,2.6694151716386285
4099,-40.56001663167212
4100,69.29933049839413
4101,6.012508489478036
4102,4.151076093067369
4103,78.16399378769215
4104,196.4650722784323
4105,5.760447002618525
4106,124.3705254919645
4107,91.17511074756935
4108,71.19942308733422
4109,243.50062903619278
4110,6.506146095108774
4111,100.00549505019646
4112,72.06826744729914
4113,2.9986616683235856
4114,5.1731257183014066
4115,84.65568844443024
4116,127.49939606419929
4117,86.1782317651548
4118,287.92536465518765
4119,254.1407348914205
4120,229.56333363611276
4121,86.49009880664157
4122,-15.320599737092234
4123,2.4939413506624577
4124,130.62504017180126
4125,2.3623821030056735
4126,60.47660688787953
4127,5.961072669861339
4128,1.950122076266162
4129,6.240582369347379
4130,2.26224864028851
4131,55.58150558034725
4132,6.045583167505795
4133,5.034268012838965
4134,110.38601001741465
4135,2.0881008695060252
4136,164.42490512375954
4137,319.51294143626643
4138,-14.312335330014426
4139,101.73367934469432
4140,55.76915805030626
4141,3.8810684614134536
4142,116.65087626412256
4143,298.340072215057
4144,74.43482038508787
4145,177.97510967256792
4146,82.22567773627895
4147,67.8165199662561
4148,290.5554722930678
4149,42.4208950391078
4150,46.97417142057947
4151,67.70204353322904
4152,127.61890264417589
4153,4.04674728976029
4154,344.5223844664594
4155,152.01763100533307
4156,3.128400268249335
4157,21.91883893197931
4158,4.169275760083837
4159,5.400871505904349
4160,154.21554026077
4161,184.30826252154844
4162,6.062213860261382
4163,81.129116662309
4164,193.20442820518076
4165,10.760578640444747
4166,52.870602678031005
4167,129.04791606810073
4168,39.66255743042659
4169,2.5058239458474225
4170,20.190642251934182
4171,80.75288746513469
4172,4.557909226075613
4173,3.6898028726919945
4174,77.24087923255097
4175,131.31817992310135
4176,1.9816488949066628
4177,3.9561176258890907
4178,33.31660934026638
4179,120.57862697932129
4180,182.27864379607456
4181,73.48140523260676
4182,48.347788232155224
4183,46.32860879004125
4184,186.4234064189201
4185,280.0283673765996
4186,2.739436493197239
4187,52.78565709407389
4188,4.147585620269633
4189,4.345133548696359
4190,124.99041652622299
4191,2.190477701157815
4192,38.072308176339575
4193,49.57520093545341
4194,5.865096764674275
4195,4.086131123538104
4196,131.30046430478134
4197,6.498768571179741
4198,2.990812267147754
4199,4.96732177712377
4200,288.1444572334388
4201,257.6126258875747
4202,204.78280610267797
4203,5.4867099165387945
4204,101.42495466961736
4205,4.790131085812719
4206,7.438109028703317
4207,131.35995050938124
4208,154.4624118469937
4209,238.99484433092385
4210,-51.85818717352423
4211,1.9267849959458345
4212,5.8910266583610245
4213,7.77803710218957
4214,6.969894919183407
4215,3.179994594435418
4216,1.827151734897039
4217,3.039917757828469
4218,5.864890590931359
4219,70.20615774682325
4220,64.62600488837077
4221,2.19584565984664
4222,110.43692872581718
4223,2.8003818458467618
4224,6.297139899190092
4225,5.1077161468085865
4226,272.3993057509092
4227,2.320790662789264
4228,209.9103190892717
4229,122.51986939347601
4230,2.967019030934572
4231,2.62693527264834
4232,54.62865609954967
4233,3.1953226509074177
4234,-10.724242968267182
4235,80.83556847776035
4236,250.62037465806918
4237,166.38096452451012
4238,2.9581745197100893
4239,40.72152049834258
4240,7.6999877848860185
4241,33.0227846711342
4242,222.5252969665941
4243,-50.54556108570574
4244,323.3142367376322
4245,5.205496354530974
4246,1.9643468703475744
4247,3.861343001283748
4248,4.240217042768688
4249,6.284477104709083
4250,7.916854884755084
4251,290.43936335081816
4252,6.40335340727084
4253,5.973314996012246
4254,5.339581443055003
4255,-51.94418770564509
4256,7.632675606455214
4257,99.4383805542801
4258,2.5847509663735284
4259,1.5605388046121482
4260,85.15905937668347
4261,2.4307833873587406
4262,274.1362533043301
4263,78.57067614937512
4264,2.482964621673658
4265,47.40237777340233
4266,4.41841290960763
4267,6.103511746261759
4268,5.61955953311411
4269,183.28789195039764
4270,183.13148436989377
4271,163.73669000127094
4272,4.638578288658229
4273,8.147439179809735
4274,104.78224593681561
4275,6.2379237502911336
4276,300.3199915206923
4277,224.8334337266815
4278,369.121550250807
4279,310.16018286992215
4280,116.19304163505109
4281,63.31253619756226
4282,18.927912874537395
4283,6.391280201067888
4284,4.4484808034807255
4285,113.68171387805057
4286,300.83044883470166
4287,1.8367624839354235
4288,181.33518344847724
4289,217.14433341196397
4290,198.96938682781195
4291,3.4686731250684213
4292,4.982144133871857
4293,2.01323399262819
4294,-33.72075253658438
4295,0.9523505818376851
4296,5.453169687968218
4297,6.378744989495088
4298,6.061996538806085
4299,85.43524401430737
4300,45.71782314091208
4301,-5.453355543676437
4302,105.09327862261894
4303,1.772282154655729
4304,-27.24563533291531
4305,4.336148047803697
4306,301.70365912482566
4307,2.636977169893288
4308,37.584108909318395
4309,4.511977088466362
4310,2.777992059773804
4311,10.754997063365012
4312,288.1468119893865
4313,3.3814304164197284
4314,2.872770948259732
4315,223.9568322092713
4316,1.4622003676260849
4317,186.17620196252906
4318,6.049576692234181
4319,53.26633673627295
4320,115.05307828534093
4321,4.39116094481762
4322,289.3256374870027
4323,88.15285917429631
4324,3.5543123545478896
4325,6.619496153833875
4326,4.032770416782333
4327,114.08633390541047
4328,148.71926318684268
4329,205.55957631905687
4330,33.13124473456742
4331,2.97494557524113
4332,2.5027362458435816
4333,247.75133067138182
4334,3.857400281821117
4335,3.7058839976187348
4336,2.118058631613913
4337,5.953163089389378
4338,-1.3980529145776788
4339,5.223838087856604
4340,-36.11610041215884
4341,59.54777941326509
4342,220.27640239361793
4343,162.91125758728535
4344,127.9577417846889
4345,5.889708946680188
4346,4.720125763133131
4347,223.3233711007776
4348,5.6673100926146995
4349,129.6065513335509
4350,-21.362586538148
4351,118.56682544004565
4352,206.8151841354839
4353,5.02083284449384
4354,135.89504849953119
4355,127.26852158627665
4356,1.8353522885237261
4357,5.322826245049684
4358,313.2931788573215
4359,217.8070237914379
4360,3.2898940312059324
4361,-2.462027516532773
4362,1.155393450084202
4363,3.5689527445210327
4364,4.83756752249966
4365,1.6437358272601834
4366,3.28546565024436
4367,252.27701878708217
4368,-26.873440129574334
4369,82.01686018793215
4370,6.342710601957371
4371,205.878518985595
4372,84.89453926540104
4373,324.26774276852495
4374,6.174454374026084
4375,235.1118016609751
4376,286.1202256112637
4377,5.484107602220494
4378,5.6979155263288765
4379,156.94601490887808
4380,3.108920943639683
4381,2.2018262661240526
4382,6.670651491590128
4383,25.46990632081379
4384,5.321963782097329
4385,193.88625649623458
4386,36.07785181549951
4387,299.48767887957206
4388,73.33733381092257
4389,6.671774829249472
4390,3.7032948601058395
4391,3.908311341508931
4392,2.521670148771583
4393,118.58992264577468
4394,86.00488875547607
4395,3.1636191517442267
4396,22.254460552294407
4397,2.599527892805107
4398,6.234247329921212
4399,3.426907961774825
4400,235.55147254963015
4401,6.77848762903615
4402,239.28331513006287
4403,268.99970896888743
4404,245.38601428487956
4405,351.83780875166275
4406,35.09465025043548
4407,80.88862489056163
4408,6.154519283350366
4409,113.2494240678912
4410,-86.23007055228115
4411,2.7630745412865454
4412,276.22287029712743
4413,210.10468831334808
4414,3.999558930910699
4415,186.17520434875644
4416,68.90844877970551
4417,2.6902755224683954
4418,224.66113310430018
4419,262.1184807209011
4420,345.5709687108182
4421,325.6218660120569
4422,21.220878710029602
4423,2.5717598300995546
4424,52.36361999504566
4425,172.86676402279298
4426,5.257338047367037
4427,224.66647790458146
4428,6.296995372554713
4429,4.798575434223984
4430,5.098878720339196
4431,188.38225032775242
4432,3.6994348827395633
4433,3.6711046977174706
4434,106.01371911533052
4435,5.7340285599528045
4436,6.352067566517059
4437,7.378904984797978
4438,102.4338071818191
4439,7.050257306416409
4440,278.6809223373141
4441,2.5039094920055334
4442,270.18447140086
4443,5.986266942893942
4444,270.1261126408764
4445,3.9048107338641485
4446,3.753112881427935
4447,144.12364239726875
4448,4.799954219190504
4449,-7.482295320793085
4450,130.9671721309599
4451,110.7683659631814
4452,246.96490933577445
4453,255.19183209346147
4454,4.876889432898031
4455,5.613130867936355
4456,194.95417656544407
4457,4.196030413897297
4458,6.932722299700696
4459,81.41800746761206
4460,0.6651935574976932
4461,82.12896718692066
4462,173.63020737698454
4463,54.61261117614187
4464,4.321700049086726
4465,104.2508928890365
4466,4.408182260944819
4467,8.86146920544988
4468,1.7971880555270507
4469,2.283926465535506
4470,4.786603483112921
4471,2.641284824516792
4472,234.85760423151999
4473,3.793460221635777
4474,250.10631658440195
4475,4.193747727646207
4476,88.79983853845354
4477,5.835499362916937
4478,4.430086718007532
4479,118.43273886234513
4480,283.1304991879541
4481,3.6810912658614843
4482,210.39949452808028
4483,65.28943387806208
4484,304.46677670442807
4485,212.00193858025403
4486,2.414387694589017
4487,118.62248155034591
4488,55.763570131068875
4489,-33.69270982863047
4490,107.37209698058484
4491,5.275394998794507
4492,259.7386857401276
4493,304.92602007651476
4494,12.170732781139636
4495,2.727788066661616
4496,86.66633222058903
4497,6.713068830677294
4498,214.9446254056013
4499,309.08912751926493
4500,158.28553091210514
4501,5.362015528343438
4502,5.832963520062691
4503,181.36246665989623
4504,-3.337567274046867
4505,69.7131679448551
4506,2.7791556037517724
4507,5.011041596387498
4508,133.76971200328498
4509,48.943586683073754
4510,2.1812050278714192
4511,261.80940708772584
4512,56.863500576055394
4513,89.7838599423314
4514,3.004029379492318
4515,2.889989047796748
4516,3.338208617798818
4517,5.239795272327084
4518,32.80583941049383
4519,112.6810236940033
4520,56.317188589527255
4521,2.7091129412029407
4522,73.38374730718579
4523,6.700797349659128
4524,206.66466230787415
4525,13.985612865023743
4526,2.222361574332682
4527,112.86152153550108
4528,113.88377533489907
4529,116.30669592077498
4530,162.11342951331054
4531,3.8323646751951523
4532,4.362544019692732
4533,4.580692559195303
4534,64.14786158308316
4535,6.164835113975383
4536,2.2577552350740917
4537,1.8304674166802961
4538,6.274432854682799
4539,289.1752939658372
4540,181.5293528661238
4541,3.2844503310503206
4542,2.685543881506436
4543,212.30812164056653
4544,39.79052144602837
4545,5.2059070490462265
4546,35.60677448366126
4547,5.86223661967348
4548,184.71787681322107
4549,4.58084616242409
4550,231.88450326229085
4551,26.68411591621242
4552,117.26238012934306
4553,120.08410781323506
4554,4.7267021321061495
4555,194.91481372647
4556,283.0496364829895
4557,4.952890670252069
4558,4.533798486732097
4559,79.32972003522374
4560,7.348950041125747
4561,5.2960343646483885
4562,185.4393342277928
4563,45.40038438890229
4564,238.70439407712146
4565,39.628456162592904
4566,223.2094157858061
4567,280.25539464712335
4568,139.92013714286503
4569,4.875417279246844
4570,200.28589979115992
4571,261.0958493089512
4572,4.871615818833556
4573,3.0577848510016925
4574,1.8868296987046302
4575,5.718427299363794
4576,156.07931195855983
4577,243.27698206068925
4578,57.67373087011194
4579,9.956894941766611
4580,0.8564515417154983
4581,348.21554323359175
4582,70.30352154522724
4583,1.6743623777555396
4584,285.5579029864157
4585,43.968063439096355
4586,5.786507586366386
4587,3.7050961284095623
4588,1.9674681116875294
4589,3.670107366464775
4590,3.2634732192042155
4591,70.42424919829492
4592,5.3129000172168155
4593,116.95156629559715
4594,-11.099552512602727
4595,2.971657596145624
4596,63.92199781707107
4597,145.53805560726272
4598,4.127850523203862
4599,-29.01764966079314
4600,85.18957038241399
4601,6.916206609771751
4602,4.948333131978631
4603,5.6161999769439594
4604,73.64507526459678
4605,1.9263020443112882
4606,138.65679495289967
4607,55.06240856808694
4608,4.313776615410483
4609,219.8148389320409
4610,123.11945131965379
4611,97.16571469606801
4612,2.792929071735057
4613,-66.02686058928245
4614,82.51765160297633
4615,-39.1631641203052
4616,4.260723429377901
4617,4.801439417297762
4618,4.246867257201695
4619,6.2465037541969775
4620,6.68435245022633
4621,83.29077798622626
4622,4.0070552411636
4623,5.9660932374333795
4624,1.5415534178497234
4625,80.23170671853381
4626,49.69812053034188
4627,5.125678552593117
4628,5.632643260588355
4629,72.28251680513894
4630,5.625786612327957
4631,9.801979366310904
4632,6.625907142219159
4633,210.15887539965996
4634,5.773189579430533
4635,5.866059465548647
4636,67.40148736878892
4637,6.922018081072796
4638,410.53907094317486
4639,282.12869790895473
4640,2.07819485056151
4641,206.4816405324416
4642,149.3531992098059
4643,63.36212646167331
4644,50.72433896142795
4645,5.6220626361594395
4646,45.44704606627292
4647,14.732663453739509
4648,184.40587604403606
4649,126.02149664034717
4650,135.63090057368447
4651,45.31543693145977
4652,4.83815455517968
4653,248.41776115865733
4654,12.925157981115685
4655,5.507352714276077
4656,3.2110652099855255
4657,3.165564085782889
4658,6.63334831826763
4659,86.60428004128028
4660,2.2933353830768635
4661,2.7271804036240774
4662,3.9556833748383804
4663,115.83491615243894
4664,5.878174900283543
4665,152.43129714439763
4666,242.50209028747187
4667,1.839174503004002
4668,108.18127314399271
4669,257.7094282130882
4670,31.827931139578567
4671,1.9386678468558856
4672,1.0457232948328392
4673,75.2750831917749
4674,270.9714671755495
4675,1.770495388502413
4676,138.00366803904106
4677,54.56574891883713
4678,5.468713591518256
4679,66.40136882828845
4680,4.713639056952184
4681,2.040107137372974
4682,175.64111358573436
4683,153.85924044188806
4684,106.89507572673861
4685,248.02752242860794
4686,4.0596389657460055
4687,239.17683755800692
4688,345.7232099891028
4689,98.31418538024758
4690,6.050710362646166
4691,6.748523962340314
4692,4.373230574332267
4693,103.3761233428203
4694,4.361044085098979
4695,370.4020095289254
4696,4.433443696043591
4697,2.3863214627265306
4698,4.432713022326953
4699,3.429675612739557
4700,97.77596908288703
4701,5.625882722070891
4702,1.9750559107627268
4703,3.788876145698374
4704,4.780350422261192
4705,277.20690634897073
4706,3.4343905032570827
4707,5.088720566851353
4708,2.9721614907158598
4709,82.47812274358563
4710,165.97000149870462
4711,6.262432062582724
4712,239.2477967005922
4713,3.8364763130391974
4714,5.7443292218433175
4715,71.5077411861574
4716,52.46811283443502
4717,7.395396105269988
4718,5.961573181945712
4719,180.67707813814303
4720,161.06878879300825
4721,6.121121912431564
4722,4.214854086627078
4723,6.622885867480673
4724,62.15221316041017
4725,168.0114993215953
4726,3.2375826074913636
4727,262.4656740446842
4728,240.25361835976963
4729,3.8706158207379966
4730,177.29953288390448
4731,64.26741734778074
4732,-52.33454168095528
4733,5.512029814721851
4734,6.113251472571958
4735,5.641120989184667
4736,2.9519097852994873
4737,66.47524479028219
4738,-22.894541862630874
4739,131.647854686014
4740,297.2833707984787
4741,4.443369073518777
4742,92.06683394898889
4743,5.620977938363032
4744,257.4911855004296
4745,57.733175774672176
4746,4.133112806761282
4747,2.870889966981875
4748,3.1162142250162264
4749,5.901201236096076
4750,5.805227654260773
4751,3.988519874804022
4752,93.56831030913611
4753,153.89640415793914
4754,154.67801857183096
4755,4.068704774633536
4756,2.0709331653352616
4757,3.6189527601372564
4758,73.01684797061037
4759,93.84185025374413
4760,4.759563504091126
4761,3.2955700810314816
4762,180.17352232622343
4763,210.75793693799838
4764,2.437374242102654
4765,322.14756686599446
4766,36.83545551390069
4767,60.834470298966764
4768,18.48007862934785
4769,-29.857361067447474
4770,34.62591275216953
4771,25.040687252172695
4772,3.8640940221358013
4773,4.289255725629096
4774,152.90161717066164
4775,2.4540478807576673
4776,2.9566747729341096
4777,174.54683647196376
4778,5.094504189585642
4779,29.46295610540603
4780,2.4730609917476127
4781,58.860157774210485
4782,4.805534534274551
4783,3.580726810621557
4784,2.748970719896997
4785,53.72089605808045
4786,78.9155144152958
4787,5.717857689328778
4788,3.4852601223596515
4789,3.173749542163497
4790,140.6929773055723
4791,198.6367905564988
4792,4.57066837812144
4793,166.64820471798907
4794,51.849202861527374
4795,236.10632653568695
4796,3.260647832621737
4797,147.66010532666022
4798,5.902431058797116
4799,4.241592882142115
4800,347.56842566552683
4801,3.911403647582079
4802,4.800039715149697
4803,273.70255785735344
4804,2.1853828903533987
4805,247.02155134207595
4806,3.5057345134292595
4807,2.8810424287374126
4808,61.654336286314475
4809,102.50350486864215
4810,1.6695741925522916
4811,2.17387841474469
4812,4.77498280086893
4813,234.5040020920676
4814,232.0086104697464
4815,2.8135794137958237
4816,2.4775430555464766
4817,6.137762482288462
4818,1.7015206414860455
4819,101.71404967393616
4820,2.3517388951409344
4821,197.12017482510547
4822,119.59975884065764
4823,4.630096763627364
4824,3.3661575493320477
4825,259.3976936258824
4826,4.524994708359271
4827,6.205548283704801
4828,218.93117522832637
4829,133.10470506652658
4830,91.74701365737408
4831,197.85336957516452
4832,7.122956652272023
4833,3.757375614840577
4834,114.75336967874885
4835,4.103233722135562
4836,6.624275712173293
4837,189.3029062781616
4838,25.510682500109105
4839,307.78976881767426
4840,3.5774506580084378
4841,143.41379878175826
4842,25.96251327069481
4843,2.3410240197989807
4844,4.159389718800573
4845,4.518545702090718
4846,7.143032486650085
4847,3.885927652342434
4848,2.484487707813761
4849,4.3934355566779075
4850,6.673896998337279
4851,5.632968888704854
4852,107.96084820102233
4853,292.249698185007
4854,2.886213143529131
4855,3.1368634437756335
4856,167.04968511698186
4857,245.12636960591968
4858,270.1735843708667
4859,135.39510437595666
4860,261.92864814308757
4861,-32.04332768623611
4862,111.30146394047155
4863,6.918456373465843
4864,6.002369514303695
4865,1.8874503280339572
4866,1.1714584245896436
4867,3.1835299011281126
4868,72.68001948149495
4869,1.1053834112423333
4870,132.27719052480438
4871,6.497395560836474
4872,2.2668582181938493
4873,294.4575669329836
4874,11.556099046917383
4875,3.205543516238034
4876,207.34888226722734
4877,6.451311683583114
4878,84.99591028559564
4879,62.38349245912562
4880,6.059286031993543
4881,6.017741792912799
4882,49.21723803046811
4883,1.810159086025872
4884,98.2018213362542
4885,-54.66815651429978
4886,252.86813588306282
4887,4.5107200388307005
4888,288.7954894569634
4889,64.3119068947641
4890,225.75401698212679
4891,146.8085614442091
4892,2.0330588181949745
4893,5.634021247488923
4894,98.89129395228758
4895,6.540157363345541
4896,5.845673744423641
4897,6.101738070257714
4898,-4.659306798785724
4899,189.95413352560678
4900,2.5159787279016603
4901,257.8549457003126
4902,4.102786687067427
4903,143.44358601769167
4904,385.86012663294224
4905,92.90700084944605
4906,156.53094672930277
4907,180.1970137328381
4908,4.296615178781208
4909,115.15869230472805
4910,153.13519420467435
4911,92.86723468080214
4912,5.557025975976654
4913,207.95556751230242
4914,137.32040545224734
4915,4.197780749218252
4916,4.558743337540834
4917,6.24738551839536
4918,2.970618204559044
4919,0.1755285961613428
4920,2.0842829364137914
4921,-5.946412373244754
4922,166.95336746896209
4923,227.0394184069636
4924,6.408959851915609
4925,2.2034843242777633
4926,1.636788480573549
4927,5.571793804828235
4928,3.1794445758996392
4929,85.88340850728677
4930,89.19025895130443
4931,-7.212603491948727
4932,5.747066633351297
4933,230.60810646220597
4934,-63.17846940921025
4935,67.96760284941982
4936,258.3953913380695
4937,22.361779988663933
4938,88.61005347384682
4939,57.02209173314105
4940,3.683193412814802
