id,target
1,4.242168370267858
2,2.610954028090136
3,309.72561644934314
4,-45.68847121832984
5,4.315558860846024
6,6.6639571300534515
7,4.942139064403571
8,71.96556342652775
9,69.85298777473282
10,63.50308671186306
11,29.888204336136596
12,5.690732269900997
13,269.09979840646986
14,192.14972690682959
15,3.653077552313458
16,267.36322578858756
17,3.3406534619060118
18,102.67419626311461
19,3.501426395453617
20,6.722569750962263
21,-62.909030263339574
22,53.92246837607486
23,4.423298977214128
24,2.584145745776285
25,35.380501263371116
26,88.22074510306814
27,1.2534819058107414
28,165.15579956153155
29,49.12602773070272
30,3.2722629665244165
31,6.340955683755068
32,30.977271681691562
33,46.59233283673176
34,3.6285751248452067
35,2.34696885479611
36,6.47378242297421
37,245.76683770778544
38,244.33929712907633
39,55.261022639606544
40,128.49333176859318
41,-48.67277853224951
42,3.0892735269771507
43,5.681495674818268
44,4.434411054738612
45,145.76921772924948
46,52.17308900188531
47,3.315834385780404
48,-73.53188180051193
49,4.425569624942892
50,1.874502934403044
51,249.12408830468456
52,3.1053269162140262
53,2.3469194601573715
54,72.46094329552412
55,2.8968661634449115
56,4.435180724935369
57,5.689253152843081
58,174.46349620837884
59,239.78255505842577
60,6.969495696250503
61,2.410510292544873
62,213.64604887012348
63,6.649865088209738
64,2.514544385465082
65,2.04710948078532
66,4.018557478729205
67,4.903495882990823
68,191.49972412386052
69,124.71214576958953
70,2.3520419170227047
71,2.609132669519867
72,2.136207805670486
73,27.112020870610564
74,254.07593118730915
75,214.56437411890136
76,6.35881877510589
77,5.812908238306066
78,127.93037122024595
79,275.97516318770374
80,3.8349185501352006
81,51.68905081308416
82,4.46036983773298
83,172.51348569228946
84,53.400256173244685
85,-4.935447402696757
86,2.2710691273192727
87,57.788815174673665
88,169.31730486722398
89,6.090323899101717
90,5.126696182244406
91,50.322346357148284
92,54.861453998639504
93,38.331429390254826
94,4.587421420599176
95,4.007384616960437
96,3.184239627546082
97,7.2362391770422345
98,210.8230669404257
99,74.33493502802725
100,281.73459743552417
101,5.285763565010227
102,253.1697518406197
103,4.274118263063196
104,6.633464921894888
105,167.99227946917466
106,23.75039706138682
107,294.6543629449144
108,2.5374405637410966
109,192.56589317385976
110,3.464747502237789
111,60.911245396997046
112,2.011426298481658
113,224.6561704822729
114,6.177673149834785
115,5.148182064108451
116,379.7193995595302
117,193.40004571090674
118,199.61984828740964
119,241.54343189392833
120,334.1979802844755
121,163.7018692841087
122,3.2571632116279936
123,140.40776706547496
124,269.98899804429846
125,103.6358356276493
126,6.359750510574594
127,128.33057139650157
128,3.782963694363286
129,259.37051370595856
130,86.97121582561617
131,60.2237810159008
132,4.308654243320102
133,-49.34680024191196
134,319.5670244176156
135,6.198107088623468
136,2.249215873235128
137,120.66869386851559
138,5.800969015859042
139,211.02001918816677
140,304.9305807129951
141,47.568138166457814
142,9.212001188217673
143,31.44569216840415
144,19.560720754759224
145,6.6359522914259355
146,196.62533271784895
147,224.38285911280275
148,2.1183305748797943
149,168.02512720819354
150,73.72725529127572
151,286.1523377139514
152,231.7016293350797
153,182.3427922030592
154,47.19183788593837
155,4.424242969032593
156,204.9904417900911
157,145.2618145619517
158,102.04234402012611
159,142.28836261124866
160,6.486263900229524
161,43.426460688641086
162,4.655236612357426
163,270.7585151641628
164,3.1180387180117437
165,93.86663300216443
166,210.05345008772105
167,340.53124194176655
168,7.150631771065552
169,1.7524136876529628
170,233.09473320820433
171,2.944789575595418
172,4.408607868321847
173,-54.726913419544545
174,3.7568733664853666
175,5.565345297282237
176,147.13935962000616
177,75.55041708407771
178,313.0419376484107
179,138.4238987275534
180,220.90367354340964
181,6.307607338123922
182,2.0816671092707963
183,289.5374629917044
184,6.357283403508214
185,1.647102505712109
186,3.4051954092568177
187,2.8055515150920733
188,3.90463273516618
189,88.6511203650492
190,4.207784792541453
191,2.0981410581704663
192,33.857960266015716
193,3.4900480819428843
194,327.6174988926549
195,87.08478858523091
196,266.92739281483546
197,112.8233170702469
198,215.43120331842547
199,51.184488537257934
200,1.9675040502178063
201,3.268058137988309
202,89.72737278016054
203,44.291989619390364
204,4.311727291173913
205,274.20115633553337
206,57.29614310746961
207,208.61742498799384
208,137.09764018783832
209,65.70641183308753
210,175.86159079351194
211,66.5370201624948
212,102.49005902088732
213,274.9666236689094
214,60.67141054398379
215,7.623353690142629
216,205.34388369255646
217,72.6949097338682
218,165.62728540503275
219,202.33970752849376
220,6.056003439908456
221,231.30926781851588
222,179.9783990851651
223,2.915479230442965
224,162.07593015840368
225,272.1655847612171
226,220.6523472792698
227,43.9756053057515
228,272.58287948180543
229,251.90602802147447
230,1.4443337494000525
231,216.06924598644036
232,53.65309191342283
233,56.84893719699366
234,245.42941775633892
235,120.06287720453798
236,2.2803891247017978
237,5.9692706287357895
238,38.31042126487304
239,6.363366604072596
240,181.5591165143822
241,309.49493895238527
242,233.307119210709
243,4.22999254922108
244,3.33648455252158
245,51.976553272680974
246,125.11080798077516
247,123.16161569099818
248,6.2737140727265
249,5.970969981393837
250,71.17461778712841
251,49.192348106238015
252,186.02966736671402
253,7.777906150433957
254,183.26420486675926
255,-45.57817536970144
256,5.698075828236803
257,2.1473907136057777
258,64.22097261867373
259,258.67683350281794
260,2.5317514769483402
261,5.627611389158211
262,6.346357244382176
263,-42.927431591533534
264,3.673033162543626
265,3.7739350286894684
266,2.0996509839412845
267,3.266038870690668
268,1.931835085504726
269,192.13138914282953
270,3.110537104808089
271,129.55983852482365
272,79.61862028650553
273,4.620424923377722
274,4.642977031078317
275,324.3782332466848
276,183.83553737819958
277,207.0749835370196
278,-60.829941282923315
279,4.290344162046789
280,191.52637997599737
281,5.272286337521345
282,188.7947899966378
283,197.9888705677418
284,144.2368697425211
285,243.47021475030442
286,136.59375425742076
287,233.5817543252873
288,6.163832841531953
289,126.2452973445986
290,4.589104597065745
291,102.5938363497931
292,4.017409470641846
293,80.2691176447795
294,122.67834443870309
295,5.911104600029086
296,108.90148356664025
297,50.57184785991774
298,-39.33260581003069
299,200.75467352915
300,5.885096486868221
301,4.382133260498394
302,5.040919371790901
303,4.304702934971667
304,3.9358732816332216
305,4.769332457347463
306,252.44972806114794
307,3.748163627623688
308,3.189755097078689
309,78.66315178316802
310,2.266818224280624
311,2.3141570774671143
312,3.802149598774207
313,161.65612257193993
314,3.9988271722866555
315,0.4005260489246381
316,1.2524587272080838
317,3.7016368825460697
318,4.044931539272131
319,34.56939780116962
320,1.8693863018170243
321,6.259162695917371
322,3.2583309588239997
323,1.8129679133316727
324,2.4936682090685323
325,4.522530899623925
326,4.992005482321853
327,50.167582830412954
328,3.645181244597815
329,83.86201388996355
330,51.99117506794401
331,48.80666265038091
332,5.516826594220305
333,2.529470704694206
334,6.7357444014208525
335,153.90438597002156
336,3.7245595367936994
337,2.3887593380329846
338,143.50836657007676
339,28.491818939431536
340,294.84233509435614
341,134.96306242938684
342,53.62331476572109
343,3.700797086439755
344,2.4086806361711353
345,123.52407392711127
346,2.732629812319247
347,4.6685816088933585
348,63.04906953902555
349,-49.05927101928154
350,92.28315190784565
351,244.99576368507414
352,34.77060037716679
353,1.3384577166167477
354,5.972912373810125
355,318.78170444094656
356,223.16064431187658
357,3.314323219850208
358,20.55904267972926
359,4.306354578137848
360,136.09755682166323
361,4.988923773795443
362,5.306345567933926
363,-7.010304505048811
364,4.207176728733502
365,5.521588104877192
366,68.53895554845539
367,4.818031654736659
368,236.7477645298504
369,5.836797581424294
370,-32.66497096261695
371,255.0203637241572
372,41.50483392879822
373,144.63295321286856
374,-8.149082656658695
375,96.8210540723268
376,2.8955460877554238
377,2.7341844507423585
378,3.6845574804555015
379,2.8506408352799886
380,0.5966204289250134
381,6.10767360856281
382,6.271059567352113
383,130.0563488769548
384,1.7940359999737956
385,3.65134067550318
386,270.64808977282763
387,2.25791518214654
388,3.7291966906965692
389,64.13083960531864
390,4.587703745094407
391,163.19069594313734
392,6.314988132479783
393,3.824908089123495
394,310.4903540331851
395,198.89352133726555
396,2.7500762269790417
397,1.758974681695193
398,6.09406709102546
399,213.59320833626032
400,231.36849509898065
401,1.637643756289991
402,6.3357967650281015
403,5.719342545941313
404,5.621795784419652
405,13.549137557406011
406,7.729052557465317
407,-59.35188804561501
408,4.289369124663693
409,3.4171159633123054
410,3.9045282725738657
411,2.8528215837573665
412,-26.679692440133714
413,329.53668816194664
414,5.856485974124594
415,32.56232252086458
416,3.320088353577787
417,6.722236070859291
418,5.773643264643723
419,5.653274938920157
420,4.67058046378415
421,152.65387845531905
422,158.90158059392553
423,124.50839761563225
424,164.77121056211837
425,5.662156954531721
426,262.32154864794416
427,3.2214822059852004
428,225.11565702324583
429,2.3313866711294633
430,4.394808907974435
431,269.92394913480666
432,143.2536132688934
433,8.86795811442052
434,6.280774393094854
435,50.13123474390048
436,236.41113749014332
437,209.12198899851907
438,177.01582251377874
439,5.779451666662
440,265.79753208382306
441,202.09032288525674
442,121.0587471920903
443,322.4370037273542
444,5.4062512488618975
445,6.163452932876465
446,63.490339687769215
447,1.2415316416781026
448,6.290862897868988
449,316.3859994156894
450,275.4067431577425
451,154.0093982400738
452,233.45941108493363
453,1.8837427347160638
454,4.130224139207218
455,129.05128122139158
456,3.138576293098428
457,4.921290516171199
458,266.5582519361017
459,65.64839613550112
460,26.024842315786888
461,119.79273845621174
462,6.071984485459563
463,191.87020626617243
464,5.113093050380272
465,149.4660777208682
466,73.51494470683174
467,2.332048728445465
468,5.439671987845585
469,31.485669802153655
470,24.66209816884713
471,1.8163518846996076
472,1.9206190662459863
473,62.616555672705886
474,5.990859330183597
475,127.71509944376845
476,6.4720337146401326
477,1.7893337087441048
478,4.438616612026957
479,213.59521694816232
480,4.942814723435474
481,5.64964053768598
482,233.38399145380754
483,1.7248251634669964
484,202.8839038385694
485,106.34558977852271
486,4.580984970753569
487,2.521600616069109
488,203.15099543432092
489,2.780344944819603
490,4.8153693944598785
491,6.342425014012733
492,3.8290041170249642
493,3.352129765420531
494,234.92359584728362
495,5.815813950314917
496,200.6524495853795
497,5.625331367925244
498,5.977420544656374
499,5.814007540107971
500,7.613453295982691
501,3.2249930066208954
502,324.66875532412837
503,114.26794895468929
504,-9.687264727728147
505,2.0600209377440635
506,6.4973374636993615
507,326.67848524441047
508,81.03476871949312
509,278.19048175552246
510,4.288515797892366
511,100.5987198500664
512,207.1756813517896
513,207.85925207938138
514,336.4750662999271
515,237.83696301242898
516,232.57075114558344
517,292.1226687594481
518,7.071381325256231
519,35.324936947355354
520,312.3793873961189
521,1.7984123592983532
522,3.9068439558773016
523,229.26937236329178
524,4.402149396107944
525,169.34076180090682
526,5.741521763767217
527,4.935343211278361
528,4.420331045052332
529,6.385029827212936
530,249.76671297431858
531,95.5482709734143
532,3.8782558136762906
533,60.322443625914
534,4.207952809356051
535,6.844643657110091
536,5.9706451802793445
537,1.5559428501576178
538,5.20236295031429
539,269.4405747316743
540,279.89260429855875
541,256.14590541076495
542,67.47418328410974
543,102.46840312024193
544,4.913326107152659
545,4.1909556333612406
546,4.024764304339682
547,2.0290895170736207
548,324.7366811090133
549,5.779551171034378
550,244.7381150210539
551,5.9678770848571006
552,115.31815805169902
553,3.6726028816572702
554,68.20864914068247
555,95.44245502196249
556,245.85791478270744
557,198.34526428472412
558,5.41346114364949
559,5.669103839602538
560,142.488810560339
561,94.85987992678761
562,176.2917740287238
563,2.9652529552760867
564,16.5833219127245
565,152.39606307835226
566,2.430213776334016
567,46.61498262401839
568,112.7288505464744
569,313.96241971115836
570,4.065205647523035
571,209.37762548244868
572,3.2457267316627454
573,81.53015128072067
574,117.04471218203321
575,7.442682228838946
576,1.820520736983012
577,2.9494314459657414
578,174.0830626199939
579,1.5685420795487668
580,281.96901315303893
581,63.26562769307942
582,81.10825662661397
583,5.374482290918011
584,2.9808020651512446
585,152.76100534473773
586,5.062793442624933
587,219.59951960965486
588,3.1096384793187193
589,190.34356088233102
590,303.7925587701327
591,148.85796618550216
592,6.901076845286832
593,237.37286367054708
594,289.1486221636486
595,38.54783210191002
596,5.33125856542091
597,118.98830419917373
598,2.5677719846618645
599,74.11735634029873
600,146.6302456245306
601,145.52283998739523
602,39.37187602760547
603,2.1098480489217177
604,245.57894031559746
605,2.41559310883879
606,2.844694346290387
607,6.649204502741216
608,51.17150242033169
609,266.8347354658731
610,47.945542668087946
611,58.78610582321492
612,-4.0761205074565146
613,37.38425933251047
614,50.433663119727406
615,1.889539782154437
616,178.62292869767458
617,-52.66818318913833
618,232.04033638635514
619,4.792161678809139
620,5.8835648839747545
621,174.04568985379646
622,103.78360262920765
623,188.90644062817535
624,196.2180391958093
625,2.457307775429269
626,1.564896468497297
627,61.10254240875837
628,4.396274808408036
629,227.60621150672884
630,4.349232692278962
631,2.1997404495071518
632,205.78316958456827
633,156.7528510703347
634,215.40738503246286
635,2.3924960353046605
636,112.7111737770498
637,113.25356957448452
638,6.6806563702593635
639,51.29255585952807
640,115.1021416977653
641,6.850574394178876
642,3.1880316141880822
643,282.9039169601698
644,3.6315490738109135
645,86.15877399863888
646,72.17631240708087
647,189.35509864601414
648,272.34418833856336
649,373.01686990943676
650,328.4250254565577
651,109.90323654884966
652,64.01770885251726
653,3.2498241811049926
654,196.50827050462735
655,-18.76893546669084
656,220.9473352608377
657,185.68191869680413
658,280.3823427226813
659,1.8770737941648477
660,116.74316510843065
661,4.119535184428493
662,125.69512886063268
663,3.501812945500192
664,-46.39275220661911
665,96.26201647559029
666,157.10956853716624
667,235.66415110030735
668,352.7446177582624
669,176.64588065475073
670,196.93231162936866
671,118.26531240173003
672,81.97606093416951
673,3.9177240705635725
674,5.375226035484308
675,5.741691383380058
676,5.21867145185448
677,0.20088312063176672
678,188.65448878963588
679,4.877200050616348
680,2.937820034382595
681,1.9312232046262543
682,73.55326897574938
683,5.866217337195319
684,178.73458407518027
685,219.57723081678049
686,6.038025825787629
687,360.0108915141593
688,75.01802801434168
689,85.95525437601717
690,340.81782088307887
691,3.7318662382265573
692,79.83048650787384
693,5.018204208743816
694,6.517069157956999
695,-8.03064954308029
696,309.94053096896107
697,0.9190292477993377
698,230.0556049160436
699,1.8200395843557837
700,253.30618975457807
701,3.6116533229671988
702,4.8695972890394295
703,61.609061734451146
704,77.11828783747197
705,157.15437462250748
706,226.954458789734
707,182.6997894445708
708,66.24335701058098
709,87.40183923019154
710,214.67049755924853
711,245.22055012017864
712,6.66805488314484
713,31.556807164525075
714,6.583401378161412
715,241.16918724041602
716,2.8501413648823646
717,85.83505016917815
718,352.7805826849955
719,199.866375999205
720,4.630483804223788
721,144.230810270946
722,2.3700317191212834
723,6.383742644683638
724,3.0196902764708122
725,2.687199909769939
726,110.16467689712195
727,244.59006741373767
728,43.21700923170624
729,55.17649515154648
730,50.4252379083086
731,281.4601980060689
732,4.462424185576919
733,6.46170953041679
734,24.751694015213275
735,252.46951695789232
736,52.42532546785027
737,52.02362873729487
738,122.73304541430218
739,331.35310391445626
740,133.95476022374498
741,32.26801456647204
742,276.54257079703484
743,140.45764675401477
744,1.5975724297315788
745,284.6988859099089
746,180.83255312043167
747,3.5470675815349697
748,63.11407098840789
749,66.16979918828306
750,204.30295611337107
751,59.27334515341536
752,234.9553958956609
753,2.009965399367416
754,254.19997012935067
755,5.794071785966808
756,6.036518252378192
757,187.74999714128424
758,2.5536196307318573
759,70.95986495612581
760,1.8019615134110707
761,207.76950299273585
762,5.031949033432657
763,2.088766390316929
764,92.4671892567687
765,4.668612701567102
766,27.748584507687703
767,1.1140857202886436
768,5.037494307185321
769,5.858834165942895
770,1.955814065842779
771,259.0297238613852
772,78.83542647908814
773,123.3203944019065
774,-11.526507380278598
775,53.63240751573075
776,4.176815465460456
777,264.0283737789971
778,-16.942791550453002
779,148.5950760211884
780,77.79053170147519
781,317.0044259119346
782,3.6015364530140848
783,47.990978997413634
784,2.787532367300779
785,55.2824872617061
786,126.20734754873405
787,5.449959909170397
788,1.8854142547590018
789,184.3713907810772
790,61.01970246592965
791,-6.809529042358114
792,84.82655788940684
793,-69.43921564777065
794,320.90892378879204
795,-51.66568655866465
796,127.41713977572067
797,3.5415742564565402
798,65.2538823724167
799,3.385261250499644
800,5.9184540306257745
801,214.94939956202847
802,73.61767528490444
803,143.22068709520843
804,6.72738583254605
805,2.143978925760001
806,160.54706665911232
807,2.7173608451116613
808,63.198740882067206
809,1.6145007982215478
810,51.30067133679481
811,257.4210526914932
812,114.90338551845028
813,288.4773427574885
814,5.846022866437517
815,4.639421780086041
816,6.977032373409149
817,3.192909935904945
818,7.803999641636875
819,5.19111183009612
820,71.00034966682168
821,5.8729107971116346
822,2.034062859531925
823,45.32751665845456
824,68.17500295905212
825,7.0106122965055775
826,71.47396193412291
827,4.027686540368199
828,6.124017951326493
829,48.77624433618999
830,158.69788330954515
831,113.84990416147707
832,6.12155164776127
833,249.39880315925848
834,194.76590137925692
835,156.6122166027955
836,2.1203331169773305
837,83.69816595764486
838,139.91431611078917
839,5.985330945133477
840,205.44347059360342
841,144.38971322805156
842,52.82541821386714
843,2.5342320697367837
844,2.8866201761027472
845,5.325509085138609
846,6.423221387488153
847,5.454856479030362
848,172.8305754240529
849,6.191435850880222
850,82.97825960424429
851,19.47869972437197
852,34.985973047978206
853,96.65074986407717
854,62.987199447937314
855,7.335407028292219
856,227.6804815130463
857,79.8508121619315
858,82.05157917012619
859,225.3178690335595
860,2.0864473601061486
861,3.5237211412597027
862,2.8738451592322747
863,101.27974158205191
864,248.72679202993746
865,265.8192494688854
866,199.75381482160458
867,5.018147437802619
868,113.62652994606557
869,167.06080215933866
870,127.96893286243565
871,150.60869992936264
872,143.7514979375086
873,2.967801597909552
874,93.21089775868059
875,6.211558921828822
876,111.27973502702278
877,46.236023494872725
878,181.41647028199506
879,5.4740413509431525
880,6.779195289564159
881,156.38094085577808
882,5.862422557482548
883,239.4383386631098
884,5.8806923718175
885,182.67098008988674
886,53.941181513689585
887,2.4885111655434304
888,2.11376722459678
889,275.9209792576131
890,4.22723332553462
891,2.6821186221670743
892,57.21932812807029
893,4.893115550732869
894,-11.54986922152648
895,3.4780758738839355
896,212.37305871429638
897,2.5838602660698204
898,227.0339200074754
899,-55.74162204654566
900,243.37165344083778
901,3.9449428828895003
902,202.53796858890104
903,4.986006448685497
904,122.96462993758192
905,1.9409737365207937
906,1.0906293515729346
907,202.70051772421562
908,16.20168181906805
909,75.32292585605488
910,2.3030402421185254
911,6.63946228551211
912,275.52315399577526
913,155.34196285341983
914,276.03080560802175
915,129.32541490922034
916,119.29719297230004
917,4.11310565761978
918,2.2827705109913197
919,2.7403500899657036
920,386.5017340724916
921,116.31885927855313
922,198.80828382138188
923,2.4192757036736117
924,118.58804155004557
925,192.242161783267
926,54.625439814207255
927,56.12618552147044
928,5.144688840895203
929,39.08747053631227
930,26.102799896319432
931,206.80747682799108
932,181.56475438191973
933,5.427910367251297
934,2.079818182525872
935,188.4894678469251
936,41.258281634021245
937,3.7309864706195164
938,4.529956315429742
939,73.26673162088477
940,1.527859370299689
941,5.829317671463805
942,4.86829322663025
943,121.5241754724131
944,4.578474420357972
945,2.006449834414645
946,57.81081761415531
947,27.475768954059756
948,56.58077279610503
949,232.69569750937595
950,351.348383997837
951,11.319432629658543
952,-14.321478540105222
953,6.246331017992582
954,257.1562378935279
955,198.49765865659327
956,144.45079933819488
957,2.6098211517157965
958,2.8761693675824826
959,206.578074996817
960,52.61133005578464
961,162.63175242782512
962,3.281397231393
963,6.307915108407965
964,5.005754219503953
965,6.2853160178584675
966,3.3421027312825826
967,43.22443522485352
968,173.80711482257044
969,194.0131537149196
970,6.306563306298941
971,369.30454955812394
972,5.3104196666075305
973,107.54161649068695
974,5.6094991515015025
975,3.793777356091745
976,5.203930110434439
977,196.61586524561227
978,297.2879840638578
979,1.8944622934370532
980,1.8618202368580477
981,20.7053343751616
982,41.48171737261037
983,306.56744399128377
984,320.084740855974
985,267.66558984884756
986,106.08253017718337
987,2.9459918410303443
988,243.3498925357526
989,356.15817502952297
990,58.25956542831865
991,4.092104961817385
992,312.2136401543746
993,173.84263131014126
994,3.5419687951948324
995,-8.77490488666483
996,-6.042830462141357
997,2.0626744925930773
998,41.99440863959461
999,62.87631520066497
1000,-18.250554568323665
1001,281.1081400965011
1002,148.33917986247644
1003,5.366428719570757
1004,1.2112612731977046
1005,1.9262084104406112
1006,3.8260601300462094
1007,154.69237860796926
1008,1.9752178953327828
1009,6.35923020848223
1010,4.11620361275488
1011,261.9844582645638
1012,13.880731516081465
1013,200.883542378679
1014,45.4491693187185
1015,238.8608963869408
1016,6.554121440964224
1017,5.053837872808905
1018,3.569118329034578
1019,6.550621764356428
1020,4.486839353174417
1021,122.45294170417498
1022,85.29831972101482
1023,190.7772586140493
1024,185.9203550792039
1025,5.284764421728771
1026,4.228143237501614
1027,4.9664081713142805
1028,89.20118145225018
1029,3.8151056525559355
1030,39.398062983582946
1031,282.1342871215909
1032,3.0590486807948736
1033,2.2592183403468384
1034,245.2652456053811
1035,1.4234864076877274
1036,247.75893818167341
1037,6.9786277141877475
1038,48.76518670151356
1039,3.5825348735178473
1040,-28.54810735756422
1041,3.2947367885484384
1042,3.2791309145527494
1043,3.574999578498086
1044,340.81871915144967
1045,136.76833395856474
1046,31.373662750920573
1047,224.57141169186505
1048,1.8416374011943286
1049,2.719995218264783
1050,6.340758764509094
1051,56.55713033829535
1052,176.5942093197557
1053,254.56992567388465
1054,6.40241350633273
1055,42.61938753494975
1056,34.37686970649102
1057,4.330323207112594
1058,2.9299480381712777
1059,2.935337430626098
1060,89.2322739320235
1061,3.75489849556807
1062,6.014217684049056
1063,295.69508576559537
1064,266.6919041279635
1065,83.51122661319025
1066,271.3832548705073
1067,265.0227792484984
1068,6.19256799120628
1069,4.411700640851556
1070,316.8238706246432
1071,185.27257660616914
1072,5.208974634363667
1073,4.018831181305601
1074,6.285011276824148
1075,4.624900501337003
1076,294.7309069510176
1077,6.285827305617864
1078,154.59703966103558
1079,2.9425487185371066
1080,2.6344189016279147
1081,5.834506503125076
1082,4.302881755664659
1083,3.3181087965801175
1084,6.1342219552135875
1085,123.8847261659817
1086,165.92750205409516
1087,48.29100324469913
1088,261.88383316671394
1089,8.435466059532846
1090,152.2528789789775
1091,252.10413388994104
1092,5.8649201949752445
1093,4.477208079154625
1094,6.598907819892492
1095,3.762386667275189
1096,2.871097971649071
1097,4.9215372161645305
1098,80.47243245205263
1099,114.72671495712513
1100,5.459598821395014
1101,4.704688275843946
1102,6.2998901108466026
1103,263.06494802178054
1104,4.6209993839328725
1105,106.61649023981138
1106,5.799322327296126
1107,6.199759305101539
1108,8.881232294877094
1109,96.87541657506796
1110,78.89665966969889
1111,3.1849339715216933
1112,213.26654933695238
1113,2.765526451322467
1114,180.4798000350546
1115,-6.483175649897522
1116,5.409813615439953
1117,288.8387181891703
1118,281.97399564788657
1119,4.797741978421272
1120,53.91329615042417
1121,8.808140375995976
1122,241.03529535400173
1123,3.486712165323806
1124,187.70465860511604
1125,2.6936439702269137
1126,70.38651730862571
1127,5.989275808586095
1128,-46.46078993022034
1129,144.5700992438899
1130,6.606569185449283
1131,33.81887476111701
1132,4.822844164703358
1133,-60.137071741673424
1134,199.46028608052427
1135,202.88262353309995
1136,-54.238073367827745
1137,3.9828164866825917
1138,53.12708321863942
1139,110.5077499236044
1140,115.71105064585028
1141,218.16663961499734
1142,139.19950121940425
1143,26.836350396444985
1144,-45.511315934067284
1145,120.76566583766787
1146,69.46249232365913
1147,4.427947536649645
1148,68.76403060778006
1149,34.22659706522707
1150,4.30705715732194
1151,1.2347341339942863
1152,3.491639292048066
1153,4.372653228579121
1154,33.94986619258495
1155,170.18192647208025
1156,6.614524367907919
1157,80.89069406805898
1158,208.44578999940182
1159,108.84484615630429
1160,76.09719320676484
1161,1.7271153153608962
1162,5.6634492743577365
1163,5.465158232428972
1164,4.916654258185235
1165,201.60040708890966
1166,35.07457538916171
1167,-28.76398122106759
1168,5.160355552999446
1169,176.5754768087493
1170,5.001008956044831
1171,4.2777395071720195
1172,-28.302452647219702
1173,3.951148065526852
1174,193.13973579060678
1175,-50.24246696511445
1176,246.74270836570327
1177,2.2593383871049326
1178,145.3495372703451
1179,2.7600677435468515
1180,2.7090475390548336
1181,2.156524292493833
1182,129.57217369399567
1183,7.27598755456853
1184,4.16900919952147
1185,279.43202058061524
1186,134.0163922897686
1187,4.130058846676249
1188,2.8680998087642084
1189,119.63902700381897
1190,3.343692289835131
1191,2.9428846525259376
1192,4.9543320716248385
1193,192.94638043602168
1194,5.49716151253336
1195,2.0988413684036518
1196,267.0262351006435
1197,75.16477547820534
1198,3.0479114440033426
1199,254.83905120115884
1200,42.56203514688821
1201,228.32222463221322
1202,85.06526020394429
1203,3.5161163138859113
1204,175.57657778878462
1205,1.8607884726434147
1206,161.84244301928706
1207,129.3406816500474
1208,238.68421009984598
1209,247.91200503270204
1210,200.5301617361123
1211,214.2511083981818
1212,6.137460122378119
1213,3.6944905094383964
1214,199.94149979842803
1215,120.97604839449737
1216,232.56191171670727
1217,182.237641654308
1218,-37.054419783332946
1219,6.109879508078137
1220,5.721780115573407
1221,253.18322043341124
1222,6.184575729586526
1223,2.49172397779636
1224,2.7780368928540176
1225,124.83387214101106
1226,1.3773427993042848
1227,4.679474470196076
1228,2.418594842447077
1229,37.43693832622657
1230,112.06703454276345
1231,229.97314060144748
1232,1.8232077280495185
1233,-38.408952463607264
1234,3.1525263510302253
1235,14.779641582642803
1236,260.7511133426285
1237,4.1978126077618185
1238,2.2155536176721755
1239,1.3318365396876373
1240,41.09273085713579
1241,2.082482535577836
1242,4.3254441677161175
1243,5.406652391880551
1244,187.08836100930682
1245,3.8904525617613794
1246,254.06982741415112
1247,5.405297280628473
1248,118.70355938142151
1249,148.77015191053243
1250,7.477014480802594
1251,39.67280087483714
1252,5.608662481110638
1253,4.045140336503563
1254,4.190274998841966
1255,32.94347822818625
1256,72.01756897415991
1257,134.7938624859429
1258,273.7264349981831
1259,51.024074870144304
1260,259.4274924345386
1261,5.70231901432819
1262,5.505537251038171
1263,188.86391610495735
1264,1.92837910671831
1265,11.731120807564775
1266,130.5267915484417
1267,2.378408832327644
1268,6.495177188396154
1269,256.9173917228582
1270,-55.022402015209906
1271,225.1973257784278
1272,54.625439814207255
1273,28.577912891098514
1274,222.4087291256628
1275,156.90367212560776
1276,38.345507149367535
1277,4.074196530467266
1278,1.6628037472648316
1279,3.925739183981647
1280,-62.23446467985479
1281,3.50539261705252
1282,72.49398413624138
1283,157.44584569151698
1284,3.0147900996927532
1285,-54.057429556955725
1286,2.4295521195945637
1287,49.050924692768234
1288,145.0405664756567
1289,4.496294080243194
1290,224.26165689381412
1291,3.277720779359931
1292,48.66865194928598
1293,103.32138459786354
1294,259.7984796503028
1295,175.01726041278334
1296,6.16248115578067
1297,46.6326143926562
1298,-7.110076127026085
1299,5.007130124090476
1300,167.06374318939723
1301,225.07940504010128
1302,202.36119487418406
1303,6.3469119595034655
1304,3.5465390821877487
1305,5.218407995572854
1306,56.9685671204068
1307,155.71235497556785
1308,1.8833510243413223
1309,4.834270717008239
1310,338.1963334381908
1311,2.746718432122157
1312,6.88564895199522
1313,37.51298095941718
1314,200.4182649359131
1315,164.95277326393096
1316,268.2177608367224
1317,65.63197622919236
1318,2.0849716135164864
1319,201.63549225682578
1320,239.40434720355188
1321,11.290383687584766
1322,53.26894782586196
1323,270.42502382510406
1324,241.05956000404825
1325,47.08632986652522
1326,61.51684340484147
1327,241.82840253435103
1328,3.1985004587532226
1329,6.108929023744018
1330,125.3072032328005
1331,-13.438842815404655
1332,308.1055927829509
1333,1.2422016341463045
1334,345.4178421541132
1335,1.88012679251212
1336,89.50415185836358
1337,33.67073855933125
1338,243.90517605581311
1339,6.7643268043512865
1340,199.91432734892297
1341,244.2782259541408
1342,186.87440447739408
1343,48.47052778159414
1344,115.225771441928
1345,3.0290305930277714
1346,54.22485489025169
1347,88.1511405313195
1348,2.820548420722627
1349,197.59803020316843
1350,46.31849981100002
1351,227.8343963545498
1352,2.725918060012387
1353,17.889354990187996
1354,4.6559820009197015
1355,5.924324572433534
1356,3.562183073592824
1357,5.621663649188013
1358,6.675661077929365
1359,1.6534850332896733
1360,306.1050133435259
1361,4.422420686063622
1362,6.434934484730823
1363,68.9899708223769
1364,3.2609665825696235
1365,5.862301411452224
1366,6.5522166499137
1367,5.864632144061721
1368,9.760676176067058
1369,184.5847807992679
1370,291.57159473424366
1371,218.4343389219345
1372,30.450512092797247
1373,3.460158176741105
1374,205.38190997060008
1375,162.57231482815632
1376,5.163236365799957
1377,4.897531590491057
1378,106.71398731417162
1379,91.82021676600249
1380,107.68921726666414
1381,240.78050926650286
1382,91.58094992339895
1383,59.1417683726624
1384,-9.069096245554922
1385,153.4999268673373
1386,2.459201744295325
1387,75.50222655589889
1388,1.6623930121304353
1389,222.65461843435673
1390,169.789946376103
1391,89.89576465971672
1392,48.915507249417296
1393,279.11753985761106
1394,-20.65812314536052
1395,43.3408644302384
1396,181.6585179963447
1397,5.498126959025536
1398,196.3251454533425
1399,1.4786403717638583
1400,76.43638279770579
1401,319.7725281670257
1402,50.498220162137585
1403,295.1044748572951
1404,96.62075148791082
1405,117.14721095955989
1406,1.9476534716724379
1407,113.82377332015704
1408,7.714753841569972
1409,3.585023884811777
1410,244.1256788367245
1411,252.7259074954629
1412,-39.325174635861195
1413,123.98449794345038
1414,254.61045124305673
1415,2.111070374445762
1416,2.761463241142416
1417,4.283532859559961
1418,314.9242345901756
1419,143.62252300822735
1420,4.49837624769199
1421,38.475369716394624
1422,6.702707828639317
1423,3.1926215820024293
1424,5.5399767637327955
1425,2.227412899679997
1426,-16.38843742343252
1427,3.7232683170619287
1428,4.714705147624207
1429,3.129473500145245
1430,3.846716874980834
1431,6.372488569834626
1432,194.0559570929708
1433,2.8992869481849173
1434,6.395879493375807
1435,4.593301022500482
1436,-54.86979597260981
1437,184.72709970630603
1438,138.04853273096285
1439,6.375756634657359
1440,2.7406439653247974
1441,120.7660978041045
1442,179.53425468185537
1443,43.93707363852853
1444,5.728226224900944
1445,54.425446494280564
1446,273.6821415573269
1447,248.1252904245685
1448,-17.179127021990507
1449,5.8743041452903375
1450,276.88647828140455
1451,138.24706051945935
1452,5.377860365772872
1453,5.598654715570042
1454,174.52317568228455
1455,70.04706051771453
1456,-2.7689364541790704
1457,7.889853300988021
1458,4.822766117327121
1459,298.2958423658139
1460,335.4583543262188
1461,166.89187767870646
1462,-6.9192556530427
1463,80.82434269740021
1464,5.846022731409681
1465,2.968810603446959
1466,236.16800659063568
1467,5.686513790643714
1468,5.357942254237528
1469,33.33423644903925
1470,3.8425876554521547
1471,39.51098241577937
1472,6.755854121490618
1473,1.9533000590374794
1474,239.92912408520024
1475,91.57319972676758
1476,6.6436210434061636
1477,2.433982559985246
1478,138.1980980830342
1479,5.085308476407559
1480,114.36048629269635
1481,5.904916581048654
1482,163.67636523952797
1483,6.1287004463857695
1484,250.53257780330568
1485,180.89839665457083
1486,6.625926190194178
1487,3.6122072823311875
1488,89.21923183573884
1489,-26.56833649046291
1490,95.21746892646723
1491,3.6921522487279264
1492,2.047616614095898
1493,7.450864200540616
1494,5.491554914945199
1495,27.839644726237697
1496,7.638764738386511
1497,66.19196854820362
1498,5.730044775660973
1499,81.47997184316222
1500,7.0951106656358
1501,5.872381869760863
1502,111.38878842206208
1503,5.734836433432129
1504,2.0704466758025513
1505,4.701499260541885
1506,180.59149061138794
1507,35.95766268907117
1508,86.04188346344982
1509,59.59561612348901
1510,3.211266924735893
1511,-20.16214364599203
1512,60.68063025063345
1513,5.122172302559404
1514,249.19619557438156
1515,30.3267044667383
1516,2.858006413013559
1517,341.9671944066463
1518,4.302332836813311
1519,240.50591592332864
1520,5.121476696363934
1521,34.85697759498905
1522,4.966295775006526
1523,2.9978029540132898
1524,129.53712858267238
1525,-30.77870453944893
1526,2.5096776225521955
1527,5.366851524193896
1528,2.554550956590432
1529,216.07563249389867
1530,276.6824717914627
1531,3.6767586625039814
1532,5.9191638904201
1533,3.829809192391319
1534,10.725917672171123
1535,75.78586829746399
1536,5.945521411347153
1537,2.597158045770437
1538,290.8112561426767
1539,154.18328905149022
1540,2.1359522511629163
1541,118.47119026009256
1542,3.336422027691995
1543,21.81702455018359
1544,7.901216641167599
1545,3.5720169135500655
1546,4.457231126920555
1547,-37.997498293787345
1548,199.9176726746947
1549,46.65419816164652
1550,3.7756085887719175
1551,2.311902121855248
1552,236.5224310344096
1553,6.050505017603026
1554,281.0115777969332
1555,135.12656172578647
1556,3.800607797348359
1557,13.402079902082953
1558,3.689314609095998
1559,240.23096138455696
1560,206.3616511314932
1561,193.49430581559727
1562,244.8627693607277
1563,97.85322710999509
1564,3.2730550316438425
1565,92.45689507837614
1566,3.7325660420278934
1567,20.565633643920673
1568,105.41636218218993
1569,16.968340172877323
1570,292.18930595439053
1571,2.8842042114901405
1572,80.4624607018308
1573,2.2834907629289303
1574,5.0042592511489605
1575,5.728876872960995
1576,3.9677674920847648
1577,5.544293946629873
1578,86.76713891225702
1579,5.108533186491256
1580,180.7171318655911
1581,272.27003205157666
1582,6.748538640622565
1583,295.04309219463016
1584,311.51234805439157
1585,6.337216162492965
1586,4.8594488598915015
1587,57.81741280935929
1588,299.2388761023294
1589,7.1715137196606324
1590,6.009537996580142
1591,159.44215097135714
1592,7.10492916890963
1593,124.7161403008124
1594,140.4196303453909
1595,128.76667315675417
1596,5.651856911782957
1597,56.26997760869821
1598,6.703250095903817
1599,3.7457905019963267
1600,4.294956627598259
1601,2.7288606908628075
1602,5.901903073708002
1603,284.42096150704805
1604,39.603503291897226
1605,124.79063627890099
1606,265.90524139307166
1607,-19.377500234347508
1608,3.432458234446767
1609,6.935905337068997
1610,4.192886659402601
1611,204.12661181951947
1612,82.72433571384565
1613,2.3394682588746063
1614,278.6596541113644
1615,5.755818939904948
1616,3.8343458812157283
1617,185.33264633400142
1618,226.24417013355952
1619,26.03654592004898
1620,79.75232744685388
1621,2.632464870033562
1622,2.5818019219423296
1623,2.7421285514352807
1624,249.68220506752954
1625,58.340070670445215
1626,1.6377497517277062
1627,45.17121184829853
1628,3.597753776109075
1629,206.06832678696964
1630,138.90617701735366
1631,3.2146455953044475
1632,300.4026102561983
1633,5.21077503575648
1634,15.566225566484878
1635,3.4846847012127595
1636,4.864610870593369
1637,6.4766335313319345
1638,211.7739778591323
1639,52.3905118409904
1640,4.485978696795971
1641,317.127413607304
1642,133.2920207489969
1643,194.38925927337945
1644,123.92658335692363
1645,179.3883421719309
1646,6.084101566755164
1647,6.629238056697027
1648,26.504140813092235
1649,4.390995606135472
1650,87.93670950704927
1651,6.480758037420267
1652,6.999883100850788
1653,231.20196379837324
1654,6.508500402486354
1655,294.83642818696876
1656,57.64944952307715
1657,1.2790060531210778
1658,295.160917102388
1659,2.1256614416784583
1660,-20.652678137380597
1661,6.688838697019968
1662,184.7838277949649
1663,5.87335055421828
1664,122.1240414984121
1665,1.1871622745708388
1666,97.46046408037277
1667,-64.23863594420645
1668,245.547365202158
1669,53.42148738620526
1670,2.0240474155267885
1671,2.236093442634197
1672,5.478096902956999
1673,4.381146222561132
1674,147.92530098614216
1675,2.1379453118392933
1676,-58.09714640522729
1677,34.56887687632141
1678,-10.784643722124457
1679,236.6807245394703
1680,97.69137942333283
1681,1.3651682788004647
1682,3.167885738404111
1683,83.11157574073604
1684,14.089497452992305
1685,6.676297433654562
1686,139.8249492453142
1687,7.078154109370064
1688,179.4189803062792
1689,279.0194133197432
1690,3.1087692788541026
1691,3.7379692457772364
1692,4.097816393750177
1693,2.79580404113239
1694,70.54412188266326
1695,239.45121319642203
1696,142.3135882665233
1697,2.0398083101645508
1698,218.70928569871126
1699,182.79053025363044
1700,126.0338946607281
1701,269.60669757328145
1702,-56.77277655473641
1703,5.559351601925865
1704,5.565008518287962
1705,2.997653053253588
1706,99.32234768872846
1707,5.358530969364845
1708,74.89631363814938
1709,132.55194666370198
1710,6.434620766367335
1711,70.37714936532987
1712,1.8711134822569806
1713,5.932071103166136
1714,-38.338333462868924
1715,5.133017681141029
1716,2.275031370655578
1717,43.967420214576265
1718,121.61863263146114
1719,28.80109963282657
1720,6.235862555749555
1721,237.55286446992935
1722,3.719036541518153
1723,141.5863624720547
1724,126.73275512248645
1725,4.012850257360812
1726,3.9696488060535167
1727,256.71787095052525
1728,4.565625152226911
1729,3.6529932884511873
1730,40.148528068453246
1731,220.9752201638828
1732,4.709627627512308
1733,374.6774732451946
1734,271.203857353599
1735,179.15235431214072
1736,3.276363985978201
1737,308.50109928922325
1738,284.5505257309135
1739,236.02569412736943
1740,95.97898561187557
1741,82.15846162278386
1742,235.75715880507474
1743,5.282093577135657
1744,115.6257087876501
1745,22.18879271689565
1746,3.5939624377591697
1747,7.338808014940929
1748,199.55835695058192
1749,3.562911090228545
1750,95.72764291227087
1751,37.85656047022671
1752,6.914736067916175
1753,6.01137725520201
1754,277.0380590011092
1755,225.41836441623957
1756,1.9143820692058466
1757,221.86946195569834
1758,330.27166140297027
1759,5.05085534848407
1760,306.0818840427527
1761,246.31499077898644
1762,24.689004752409105
1763,34.20530524815032
1764,5.211469807993949
1765,4.685126022712385
1766,221.53315987380532
1767,183.8670041837974
1768,5.623023512075913
1769,58.13073660275775
1770,72.56329720961139
1771,2.6166791743634175
1772,226.544959634098
1773,275.56851147461765
1774,6.503604519572207
1775,289.7055494105112
1776,2.2329243363558193
1777,-1.6504225823492655
1778,15.647787821134258
1779,-36.980291235752276
1780,118.45094215524763
1781,5.675435484808258
1782,185.56016382330466
1783,233.6659423746754
1784,4.019548838515738
1785,36.15211168812113
1786,3.0175087879045814
1787,67.26468755433795
1788,5.242009300746637
1789,2.399189967432589
1790,25.690729328674138
1791,3.7461242010072633
1792,2.889650448795022
1793,2.0599994098951746
1794,169.55063550663283
1795,189.16923751385224
1796,262.8928617094614
1797,148.4958472349934
1798,6.572178550088022
1799,212.32470598374547
1800,119.34781636189803
1801,4.829885128684468
1802,2.2578027314044764
1803,136.12691733413294
1804,4.023911796071671
1805,173.71079469751675
1806,5.715904618397384
1807,286.39259982852604
1808,165.2667895898697
1809,66.49889081901934
1810,4.572586986463412
1811,2.7456324482331786
1812,32.74602711106416
1813,3.596896591610077
1814,146.6558856773346
1815,233.2632438854718
1816,5.513940685329489
1817,106.51076533032217
1818,62.28984007592757
1819,234.76167860416345
1820,6.9051854192983235
1821,3.159825754703416
1822,281.5182509840117
1823,4.964619144857318
1824,72.74354723320124
1825,2.4142326632359747
1826,5.947526441600322
1827,4.8007210699486365
1828,2.131146400293211
1829,193.89080202829012
1830,223.79805415047912
1831,6.7551857663288235
1832,60.78329722440719
1833,3.124800679928617
1834,3.7290866895359027
1835,104.96203642200155
1836,6.475588632449936
1837,6.0872885003939015
1838,5.8733504867043616
1839,120.9723151441142
1840,-2.335504744057735
1841,-76.63376211001822
1842,245.88649816878296
1843,176.20850306910086
1844,254.61045124305673
1845,150.84297442639652
1846,44.90228781385679
1847,276.8009879360686
1848,116.8810943156648
1849,3.7343862027912555
1850,5.738082196419128
1851,-68.19829974121774
1852,6.5553639877709085
1853,86.2537684714705
1854,58.213742077613446
1855,5.379364662790006
1856,190.63131251563925
1857,2.5242723155718565
1858,4.991376080568058
1859,6.310474323661161
1860,5.803196547135425
1861,151.07785035309132
1862,6.328969136745008
1863,68.04653010440845
1864,68.3304612972507
1865,219.09916307998515
1866,109.96274401519088
1867,75.91248976511042
1868,277.3758170452863
1869,147.98083099674545
1870,3.4282284221694397
1871,253.81627702776555
1872,43.042961718110455
1873,2.8109798768810514
1874,23.170884728474917
1875,100.03131849596994
1876,3.365525069905636
1877,2.279237100998653
1878,62.14517515772949
1879,60.45297277356293
1880,249.9445539903808
1881,5.811275002860677
1882,101.02987853730039
1883,6.118027691295513
1884,74.17033896115466
1885,300.31108350236957
1886,271.7501592113765
1887,3.2710341339691706
1888,194.85663997978438
1889,241.07841137394877
1890,2.329306972262346
1891,253.68748054779684
1892,213.8281919315831
1893,4.458704101303677
1894,2.003156759099759
1895,2.0419065130423477
1896,5.915044630779946
1897,58.85504960105601
1898,-54.60851156236271
1899,3.066530984836197
1900,5.871046911507584
1901,277.4843654889342
1902,233.57906999184445
1903,-56.29840954734699
1904,76.8818219608383
1905,71.68442664766387
1906,170.73182855294885
1907,6.736662109752983
1908,6.083239013779261
1909,120.15867558852148
1910,6.265867226231031
1911,4.9412006749631825
1912,4.0750755708952395
1913,73.05011181491443
1914,-17.627263422896874
1915,7.194390956248862
1916,1.2447489697267062
1917,3.35707730102168
1918,155.3064086620239
1919,4.783576465258536
1920,4.638883365768285
1921,73.16508929713154
1922,3.1126079935756947
1923,6.504992832106952
1924,2.823043160359321
1925,4.4290357181605335
1926,99.02070717816449
1927,137.17597866859222
1928,3.7749139431460246
1929,47.990978997413634
1930,2.8076702798205453
1931,5.97927968637287
1932,4.666352361709251
1933,2.892327787537981
1934,253.76128820795705
1935,6.303124944635229
1936,4.890941644208095
1937,37.54912931416924
1938,-23.409884121588433
1939,2.723062361354739
1940,252.32962964199112
1941,3.1220440898275994
1942,238.93421533552942
1943,3.7080887080266964
1944,228.6024387736256
1945,291.71493717063635
1946,5.693055084251812
1947,88.83071809693243
1948,5.76738857159366
1949,17.582400898839154
1950,24.33675520491683
1951,2.5350937372882223
1952,43.26913377809342
1953,396.2518826797233
1954,2.7596755632988996
1955,90.43033451341336
1956,1.9837778701097148
1957,126.97519534209148
1958,4.262875224371538
1959,173.00444709899475
1960,47.51748052574419
1961,1.0353575532739108
1962,4.160215563200341
1963,2.9381475865519344
1964,4.877734951912895
1965,100.73953405526117
1966,3.0744182818157118
1967,5.009723824214189
1968,272.85608015878773
1969,60.42925972870971
1970,5.66915272604488
1971,1.8529732860709343
1972,106.76651440513994
1973,-34.77459426521233
1974,2.822688249494525
1975,3.0061760886586164
1976,310.5703981849032
1977,1.654337934171443
1978,213.998776066032
1979,89.40668795826807
1980,268.6339290409437
1981,188.90427347652772
1982,117.88177499686753
1983,68.98889348632257
1984,8.454314343750044
1985,4.847411990614483
1986,3.8636860900053565
1987,6.178120107543112
1988,1.2104916408732305
1989,5.818627058376017
1990,4.932461042312912
1991,16.56001621632379
1992,4.303666257050363
1993,29.842701236845926
1994,1.9365043133727675
1995,106.92883516120472
1996,3.766913311687235
1997,2.6059201800009446
1998,5.624526568600908
1999,319.23520655961
2000,5.862301343938306
2001,285.77815485280485
2002,-62.675673088038394
2003,6.722236070859291
2004,337.153101944454
2005,64.93672578798746
2006,4.941145704575758
2007,45.902719483491246
2008,226.16735231215915
2009,144.46125232175842
2010,314.3188085298225
2011,6.01741824072951
2012,174.1466297738432
2013,-36.17523908655912
2014,281.0235419953883
2015,204.1323228633288
2016,35.168595393609195
2017,2.677521820566509
2018,89.30441154422911
2019,74.54111513043239
2020,6.737314729635165
2021,4.413520802194533
2022,185.42990889609314
2023,109.20962739317562
2024,2.786112583285907
2025,4.097033796504856
2026,77.9666808255839
2027,5.9115730331163485
2028,6.299175982180371
2029,48.56490125883839
2030,306.29246359531584
2031,92.45025999165934
2032,283.30253238047544
2033,227.44743707489516
2034,2.559937854532588
2035,57.26261791009516
2036,186.99612241736213
2037,5.300449271733786
2038,3.1919604254219234
2039,2.893070282836237
2040,134.76449198503238
2041,228.80238028498917
2042,4.239658819248299
2043,189.7804057352122
2044,2.7188726351678145
2045,93.1826893633026
2046,286.35303845614686
2047,5.313317846901569
2048,-25.221949508162012
2049,2.0102432881364054
2050,346.0953574169355
2051,3.7508556372801336
2052,3.5537804109005875
2053,250.625091118732
2054,4.63290122254882
2055,3.6808154372369213
2056,-46.68066551698376
2057,187.21331950437352
2058,-16.807432233829918
2059,5.138380184880688
2060,25.962176125138512
2061,2.3370735137847176
2062,190.92718152259977
2063,3.600464004901741
2064,3.617091862291341
2065,3.6979112159032628
2066,1.967091086446395
2067,6.057984428863736
2068,3.073171115555695
2069,1.6956823722060932
2070,282.9845905057827
2071,299.2388761023294
2072,4.515760760004885
2073,205.5516265029092
2074,373.98230557522356
2075,246.26918920856895
2076,3.6181348079853684
2077,2.706094347908544
2078,3.961089018323902
2079,4.442562747437958
2080,2.4324168195429747
2081,3.2129949977805694
2082,5.684733047979563
2083,37.81441146012061
2084,2.883628692275149
2085,5.175013874941193
2086,108.6682992054634
2087,94.64112411447621
2088,16.90617747512534
2089,84.4999125765739
2090,247.8130976611434
2091,195.16486238106555
2092,-93.49887868886975
2093,5.362909057389488
2094,3.8273420132886007
2095,103.19558559857667
2096,49.707025961608025
2097,112.43630763985152
2098,5.547162052362337
2099,-28.49378320738979
2100,19.479900826790367
2101,5.808215266556516
2102,6.925552647067867
2103,79.3002709645758
2104,62.167316267096
2105,19.06082003400677
2106,315.1823790850248
2107,7.1902887131762325
2108,6.924615117273296
2109,5.89861141351564
2110,240.5470281912316
2111,3.7884948424348677
2112,44.530118755020226
2113,91.64787881486822
2114,2.498640372360674
2115,48.03165881389677
2116,3.8402615301663237
2117,3.5490623430375257
2118,3.6538015725259703
2119,113.3165061833266
2120,4.040806398633966
2121,192.83992149507486
2122,237.2709781680387
2123,2.9159987504348472
2124,1.6364953216549727
2125,4.840963171297231
2126,6.049712107977264
2127,55.99667533105907
2128,192.3450499357312
2129,1.769612207555868
2130,2.126252303195103
2131,5.43805476925308
2132,6.007352651597102
2133,224.832298863531
2134,50.05870734140016
2135,228.9149210414181
2136,29.740636017779885
2137,241.25504500924183
2138,3.2555893439130252
2139,64.16475816066693
2140,50.18644260573903
2141,52.54344851458528
2142,5.484789596749789
2143,-3.474429849634835
2144,165.54206399795106
2145,43.61493614484007
2146,4.280569197397027
2147,4.605662592586132
2148,91.0591843712476
2149,-57.66431685588431
2150,-0.6846529862966451
2151,59.00572435281822
2152,4.846443786576811
2153,3.385616611618709
2154,1.8378790255542685
2155,2.377410307381824
2156,5.8733504867043616
2157,105.65848419730125
2158,3.8898959762972565
2159,324.35455970220175
2160,225.47332452106377
2161,316.1338386903445
2162,1.8954262018721573
2163,306.86578755886137
2164,6.418586288738455
2165,2.962397540246293
2166,2.0982280412697536
2167,26.903271183537292
2168,306.76723748990673
2169,2.211749639944441
2170,2.5856159508628025
2171,137.74344568654826
2172,5.431469435543428
2173,262.8976631502935
2174,260.84425020593494
2175,1.593513581746544
2176,4.676095688512056
2177,-41.47389055443862
2178,4.2317431761305775
2179,74.39689062088496
2180,276.3503576099415
2181,2.4433058787803175
2182,176.70656084071908
2183,191.46701534511752
2184,5.8743040777764195
2185,1.9277332711680168
2186,2.971565007161325
2187,4.657861685401223
2188,250.23309987241947
2189,245.40203343408774
2190,70.04918143980808
2191,2.6394550294792425
2192,2.9778721138471975
2193,153.07975616762803
2194,3.439267203186636
2195,4.937246173171856
2196,6.553774355315609
2197,1.985846308489505
2198,4.1702363933449345
2199,3.3693474278379014
2200,1.7375118826903126
2201,3.9713311435775456
2202,72.25711999901873
2203,2.5413141396326884
2204,1.9214253546400863
2205,83.05234760305252
2206,5.341892658751394
2207,175.8679888916326
2208,4.873576605120201
2209,31.188931635951985
2210,239.74410462954188
2211,1.7873485891606014
2212,4.359713280821969
2213,6.54627352475576
2214,92.39818804610931
2215,28.837815740615596
2216,76.0695537264838
2217,4.920114373565483
2218,38.3101773443332
2219,2.687372159391847
2220,5.520855136726507
2221,3.4060044654740778
2222,-60.21900169463238
2223,210.2892000546286
2224,-27.786279683911168
2225,172.39560490125285
2226,-24.067434384352286
2227,60.94996121066232
2228,131.39221166002318
2229,186.95849451825313
2230,3.1544852467077815
2231,5.491948992673571
2232,4.398131820224027
2233,262.40397336509614
2234,210.5505942731764
2235,216.17711130342335
2236,3.4609686633168066
2237,3.296385074932643
2238,256.8157761017719
2239,95.09054039432975
2240,244.93993494395738
2241,2.7727651860947864
2242,252.76360824917617
2243,6.210531576400792
2244,96.59869699360222
2245,228.06673031254707
2246,128.88909360810393
2247,245.65995198239136
2248,6.196669987794779
2249,291.5101960649897
2250,141.24780006467003
2251,5.229542526253311
2252,240.36796257357528
2253,6.0900927751577045
2254,190.61950422476409
2255,-92.91656024188381
2256,37.579915343928185
2257,1.8633469170696206
2258,3.320768685821611
2259,84.31603834048832
2260,6.5360099824753926
2261,88.34316818981526
2262,2.2204142526491437
2263,69.53537440450039
2264,-20.102061491613
2265,54.700135393813525
2266,2.4010871246774643
2267,2.989695322323443
2268,5.753613003040203
2269,4.259599788809458
2270,8.563020378229806
2271,185.64821913065205
2272,47.069194807924355
2273,3.3832926761124824
2274,6.1005566222188765
2275,6.716157508181777
2276,4.5851329474929265
2277,2.8503187212256234
2278,1.298993196260743
2279,5.869181852420552
2280,2.7640358065075876
2281,190.579960967238
2282,1.992259754306663
2283,4.033137960066327
2284,232.505743025723
2285,3.2490114808547044
2286,-24.910259819884175
2287,5.38444241338617
2288,3.3244833649181498
2289,6.358015512469448
2290,-33.88001589086616
2291,50.0678296563007
2292,5.1130109328100435
2293,1.9584042035638298
2294,1.886338922636408
2295,2.645743096082817
2296,4.932314101757848
2297,144.02579294537392
2298,-35.29759059173847
2299,42.18279496212773
2300,3.6672993424724165
2301,5.727713662817867
2302,-94.67856303825928
2303,171.7166559966081
2304,5.390598339575429
2305,49.21661528367132
2306,287.1418352584279
2307,27.162839240214797
2308,51.96465361273643
2309,5.964985714168131
2310,177.01582251377874
2311,-49.24154739029288
2312,69.72895158440198
2313,4.208734522658536
2314,4.629568658408029
2315,195.96445306338742
2316,7.39138489354858
2317,3.648652061154891
2318,232.66011459626384
2319,6.573839024737769
2320,109.09664425144845
2321,3.5097205100416353
2322,233.92305290632606
2323,173.92657372238787
2324,2.0028179483520474
2325,31.936369951930644
2326,3.3712307659259695
2327,110.86446674964158
2328,3.868374313321665
2329,340.3654817659488
2330,181.15005179850817
2331,1.1140581437925883
2332,278.8017591554079
2333,-14.915309208236085
2334,2.4745887356761362
2335,5.454317661367138
2336,43.67434174299258
2337,146.8319375777501
2338,185.7467651539856
2339,34.80351610946912
2340,47.034092411948734
2341,116.40199361747551
2342,2.6013649918666495
2343,6.165119562194404
2344,242.8599765768519
2345,5.896069062360805
2346,72.13687051887257
2347,136.08684988828205
2348,1.8061065165232681
2349,272.6932871595418
2350,50.45155307272367
2351,5.069363387930632
2352,4.932200345537653
2353,1.5748686710104953
2354,-20.144603977728394
2355,138.83012785120735
2356,3.7796063682144014
2357,123.60952827170667
2358,6.310499340279879
2359,6.860664804308657
2360,4.670419207800545
2361,5.8729462542002135
2362,249.2434394351975
2363,4.28433849908434
2364,216.61322523240239
2365,93.71496696305442
2366,38.24970135537593
2367,29.208043072770778
2368,-62.19613560871298
2369,4.333274426009479
2370,228.4354888213125
2371,34.18719230310276
2372,73.93673771563893
2373,1.9823932776149282
2374,-54.59381942170681
2375,1.9990371217055967
2376,135.31600480504954
2377,109.31161302801226
2378,5.584666902561473
2379,6.473377854279146
2380,29.528326983428272
2381,142.1302695675587
2382,175.71765903702055
2383,46.96471893502027
2384,3.370388849112034
2385,246.26038854385936
2386,5.846023001465353
2387,19.86297614577399
2388,257.1186244082175
2389,78.24193517808294
2390,2.004664789360002
2391,119.95245121188844
2392,21.02373748400659
2393,77.97994129990997
2394,141.0168114115486
2395,5.989275695614884
2396,2.686263049174967
2397,297.5950535291355
2398,284.01942827227776
2399,4.451432226341138
2400,195.48266168919878
2401,63.237736519921896
2402,234.58385748992123
2403,6.322637212196653
2404,1.988183804121399
2405,5.116807654211756
2406,2.441860771140032
2407,72.74071244522816
2408,249.68781928646024
2409,172.95501346878103
2410,4.23714457504812
2411,6.526025515281984
2412,312.42228907973526
2413,-5.708062202224499
2414,4.0606053461613865
2415,79.49602215692741
2416,257.4507548883514
2417,26.32126335152204
2418,3.2634913179660296
2419,4.075497029461991
2420,1.805912462297775
2421,6.255321972919093
2422,197.77592522949993
2423,2.5220032479459578
2424,186.80500505454137
2425,6.2313954418131745
2426,-10.639107863112176
2427,166.69649987831895
2428,21.863770755510984
2429,2.6561288498905924
2430,6.176443827902765
2431,3.251220018581458
2432,314.92749832919674
2433,258.92445797427587
2434,4.649764008959336
2435,60.745777066018974
2436,231.15634244790743
2437,-66.36509404101778
2438,5.675403156326046
2439,7.285878208544844
2440,168.31046775739262
2441,6.399329301380847
2442,5.8160493492029595
2443,4.686571012133141
2444,-71.000328126598
2445,6.457184304419364
2446,5.570153038049071
2447,230.61776152190328
2448,6.873480919315071
2449,6.323388999143669
2450,16.077093004657396
2451,2.823717861478049
2452,4.409306853692906
2453,36.96679613982929
2454,287.87693105556554
2455,118.89576478784267
2456,3.181093674000323
2457,248.3526248629558
2458,6.058187040714515
2459,1.9615787494110712
2460,5.77447461683857
2461,68.2525517694214
2462,52.534183884752736
2463,6.258676213179957
2464,-65.09350871528216
2465,22.160002881057142
2466,191.5082040842126
2467,147.40611442234274
2468,269.23537140824646
2469,264.4857269037438
2470,5.796638891015177
2471,123.36328147694894
2472,2.798865054519629
2473,25.062555115987756
2474,196.14722368771822
2475,6.409371629282798
2476,102.06435174432755
2477,149.72797495801436
2478,152.4815498964609
2479,5.361330776267367
2480,49.95362720783597
2481,78.34066262380554
2482,2.3856906896968115
2483,5.079316660749408
2484,125.29054437340369
2485,125.69366831530269
2486,6.722549458026769
2487,5.467378494954633
2488,-39.31310181570724
2489,169.2636973900983
2490,5.6150218148285145
2491,136.82315475139052
2492,47.37098237895273
2493,64.06443220032313
2494,5.927606791325141
2495,5.416274666993048
2496,95.1179304169714
2497,70.6010061591845
2498,2.532311548919892
2499,6.70950735129844
2500,1.9009430902859994
2501,81.94093813356044
2502,269.9384061833115
2503,130.19870676487477
2504,347.48422755822605
2505,3.501399844195709
2506,4.918898589389673
2507,274.7035821608373
2508,198.36421441378468
2509,85.7880960041317
2510,6.60158777684587
2511,210.85672326926965
2512,84.16144005279332
2513,170.20971482467752
2514,223.92083971926021
2515,310.96677400438045
2516,1.9924613729690273
2517,2.3837671017752973
2518,286.4570362115499
2519,4.40207778595809
2520,109.86504292248456
2521,118.66868954490594
2522,1.6391265615716812
2523,5.651670591969774
2524,5.020235146843456
2525,294.0030685355679
2526,3.163245212582784
2527,3.6750589897269164
2528,232.82636871549795
2529,81.11287628082559
2530,236.70635210705018
2531,287.4129725649457
2532,64.93256553970684
2533,1.8094880328981497
2534,6.033252493842573
2535,5.862301343938306
2536,3.695251122846448
2537,6.393664762046168
2538,5.985624841487207
2539,170.62472254452172
2540,2.4136362396579
2541,2.9327750217043405
2542,2.201141414078026
2543,5.633407797860526
2544,156.33705485832567
2545,2.3830567349662806
2546,295.0662757495735
2547,22.14443913314014
2548,15.586352204544315
2549,154.20711151019344
2550,117.0213540756809
2551,-36.07872914185682
2552,1.96489043472194
2553,286.0872757384518
2554,2.410819178797447
2555,67.89244005668809
2556,125.71744366232824
2557,4.537881291032849
2558,-7.333082817423236
2559,6.324249171208215
2560,210.8089074581979
2561,2.447688620906689
2562,215.93268555436103
2563,240.1637009011971
2564,274.6350465080518
2565,4.68678484453618
2566,4.380332204229335
2567,269.9284051842079
2568,64.09559179462616
2569,75.78629761829532
2570,3.5244009131293073
2571,91.03861946278718
2572,-57.6642617025647
2573,191.46777339852719
2574,2.9716925768143088
2575,4.327420315214495
2576,3.267699566260223
2577,6.645461647026684
2578,32.51465078087513
2579,5.9613284571070215
2580,5.213407178884115
2581,2.963212839274398
2582,-39.10940393431227
2583,2.6593451298184343
2584,6.539498340789839
2585,50.25571983099426
2586,5.001273584237511
2587,197.18667885249386
2588,219.2057916724218
2589,4.60561310802065
2590,41.864508725369646
2591,1.6909253463144784
2592,117.03799924359626
2593,57.01304922547313
2594,90.65488709115735
2595,50.63659749029377
2596,47.47674154678624
2597,5.4367749994282715
2598,6.264141939499618
2599,-2.038351545226917
2600,3.936188410962264
2601,221.60660193158373
2602,6.074249340492257
2603,355.01009134735705
2604,142.4329414628437
2605,39.77314533546249
2606,3.935079549895794
2607,33.91945988528822
2608,194.92216700107318
2609,31.58358851894486
2610,2.697233425458843
2611,-7.973048033143444
2612,3.5506148154395123
2613,4.340561432177793
2614,3.0316950633129514
2615,112.26071586321922
2616,135.32792994280555
2617,275.2633205836069
2618,198.66622699374363
2619,4.7429410099318146
2620,2.5202263640929434
2621,4.545268811957879
2622,2.577283391322246
2623,1.7797319225422845
2624,6.724683276663818
2625,113.43337410087848
2626,283.13282400102844
2627,46.796848779589084
2628,137.76739814514727
2629,51.1756849822349
2630,114.26852161385678
2631,27.952864914023554
2632,6.004703289163343
2633,312.5597167097958
2634,57.113194340855664
2635,163.31882568251277
2636,-40.43579554489163
2637,3.4130244270499923
2638,-62.631180898018115
2639,-49.617531666257676
2640,187.42832472367834
2641,3.9842545323826375
2642,5.872252701673583
2643,161.67730289947212
2644,156.264272203293
2645,208.59236618144013
2646,2.6472717127935237
2647,3.605541782109533
2648,4.514877603178611
2649,6.554539214871459
2650,273.1743953405798
2651,222.12512162655383
2652,49.03639014769648
2653,3.5368051611098306
2654,37.713891773108756
2655,225.70398339240387
2656,242.3130586847086
2657,2.931898458855321
2658,15.079798014022513
2659,289.76683164132106
2660,1.817847192074278
2661,273.96135148967346
2662,127.05986243052796
2663,4.958699528817087
2664,73.58642962179552
2665,282.091054676488
2666,234.6898966725392
2667,-38.197553814237736
2668,34.43914480629908
2669,6.7373733013813135
2670,100.99117502104666
2671,195.09070611971242
2672,124.12709573123149
2673,257.5960216911747
2674,233.8062795928023
2675,1.7293679136431581
2676,-40.52291932078346
2677,357.90738960726736
2678,5.295491345370073
2679,5.581723169816616
2680,65.12832986556133
2681,5.135963147216193
2682,2.4308065677523647
2683,2.4662348901826676
2684,2.442300858984896
2685,6.482172363346944
2686,19.44939102073359
2687,66.655466052453
2688,48.96110652944207
2689,41.79888210178815
2690,157.1969502423952
2691,75.3815027635442
2692,54.51283026804852
2693,118.21323410593182
2694,111.75651581315448
2695,6.527119143759268
2696,154.60744374655053
2697,3.742526038717406
2698,2.458848075679587
2699,4.148634931771621
2700,193.90707944016899
2701,67.66808841346979
2702,37.11500139185843
2703,3.870466210540336
2704,179.70157129762902
2705,3.241978728846761
2706,5.368217913472934
2707,189.355565324591
2708,3.0310880004145977
2709,68.78501307751307
2710,5.600029213799662
2711,183.00773908339983
2712,1.861401104683663
2713,111.17978163597061
2714,-45.10866563291951
2715,4.718252949313146
2716,2.6824392571551825
2717,292.8518154154435
2718,3.538549010888589
2719,3.1747443879243953
2720,6.697982937761573
2721,6.220488974302269
2722,4.041328995346422
2723,218.52281497097053
2724,6.54076982377055
2725,30.393636462752838
2726,9.61277355821285
2727,316.2204289973509
2728,35.417985699329364
2729,185.2851562642554
2730,160.25614273741053
2731,172.8287014446675
2732,6.119889705648813
2733,219.63626379557735
2734,115.92835647797935
2735,88.16710479888269
2736,84.51956257530844
2737,165.4559315882375
2738,140.66555831179085
2739,116.46222763213257
2740,5.460853742116438
2741,55.213801194285736
2742,1.4624268628263954
2743,27.881456709232395
2744,-8.856350721553081
2745,4.489650056379903
2746,209.3335084946189
2747,176.49211249584613
2748,2.6681332186964326
2749,5.315744486472045
2750,217.70890218155074
2751,258.4056285808516
2752,2.7459598239518015
2753,119.37557292783626
2754,0.3262672170711517
2755,39.53492963834516
2756,282.191844844286
2757,5.893028992673308
2758,267.8693990991274
2759,41.86990869734737
2760,191.39347810327695
2761,6.505959101979769
2762,3.9381537401215345
2763,113.01954516617326
2764,4.789234273977333
2765,121.9144283694749
2766,1.99442756488648
2767,268.883823152249
2768,4.5003376850025285
2769,2.616661999719362
2770,227.76418140169943
2771,169.4606394264763
2772,6.968669131071847
2773,3.2309090676331618
2774,4.390850864407451
2775,5.70467863408714
2776,4.1200168027332325
2777,262.9840782140408
2778,32.30031597340108
2779,2.1053803994368714
2780,2.6678113317210146
2781,248.39825760413606
2782,218.38882413223917
2783,5.966221045513645
2784,9.063638919935675
2785,5.7299085898106235
2786,3.584979736754847
2787,41.87904882665761
2788,5.303366625405566
2789,172.95419384168179
2790,206.9720509752132
2791,77.86118715490329
2792,165.71186464310034
2793,171.86242597795183
2794,186.37220801226488
2795,46.751128103878585
2796,242.99446176531367
2797,101.87017745270887
2798,36.10209888950497
2799,29.062140846758567
2800,5.219233003954965
2801,4.203349284490837
2802,3.2746586141962277
2803,13.753346582665305
2804,3.7957009844314276
2805,48.85650931183635
2806,7.179364921481511
2807,28.965924325264965
2808,91.08900639513853
2809,6.459687223266031
2810,5.41822243320827
2811,159.4386026821292
2812,6.024850563765165
2813,8.278542613109126
2814,5.984856060123432
2815,274.3516608609266
2816,64.93488715044299
2817,267.6245061884674
2818,106.26150624477894
2819,44.02413606724505
2820,143.00979257297095
2821,43.50112528900225
2822,6.193146884689918
2823,49.25324775614396
2824,249.5716537504771
2825,154.0093709020947
2826,-62.81280547748915
2827,6.271159087587039
2828,5.633789260253458
2829,4.751740114496344
2830,6.061300412350668
2831,6.136768197401285
2832,6.185779791005018
2833,138.49050617654626
2834,3.900764244157891
2835,3.269672962528972
2836,3.4579005915326158
2837,3.479422840659515
2838,5.811810727717756
2839,1.9638226194395418
2840,58.36011185896017
2841,46.41905969688599
2842,283.71474035264725
2843,6.034784181045689
2844,175.08148476856553
2845,294.2184804186131
2846,3.4766457643649007
2847,82.23508967945997
2848,-14.571077190621171
2849,-48.89925474968939
2850,6.547331217637857
2851,6.998179183311059
2852,-41.27179063153855
2853,148.7563892371882
2854,2.3098805324044545
2855,65.5934793648708
2856,5.903407895612237
2857,48.99383021556734
2858,233.56172506050706
2859,1.3653393905182551
2860,145.11062342482427
2861,285.20596330186584
2862,272.17411023028774
2863,2.983952824924188
2864,278.41507567782594
2865,237.5221128601633
2866,2.1224830032680027
2867,2.354465588440374
2868,72.40883491554267
2869,53.1013968821335
2870,192.57983678176498
2871,6.233137277754895
2872,255.42597217306326
2873,4.83049779399499
2874,18.4050743741497
2875,4.277408735196061
2876,-32.748421904642754
2877,279.0546939038659
2878,-68.35619333690306
2879,5.065583594775995
2880,228.10221773221235
2881,5.998679980168031
2882,6.18860521838931
2883,4.245668200638481
2884,6.700396277520749
2885,201.5450078884864
2886,248.20872155468442
2887,5.8815505849080845
2888,2.048070726242888
2889,6.40951213231519
2890,2.5769742197710324
2891,-50.4116715965298
2892,145.03427301960744
2893,-10.990229351555323
2894,53.377202267044765
2895,4.93545489951932
2896,2.5860051125111103
2897,5.300565216210989
2898,105.69398867328118
2899,31.430773666410076
2900,3.171570798395935
2901,28.112241102541336
2902,236.97846941578925
2903,274.5615909303574
2904,4.2017301871924575
2905,4.154638839436343
2906,28.228266158635407
2907,3.931310196509119
2908,3.627556154024557
2909,2.0335950367843862
2910,111.51284449528048
2911,3.8912996735343435
2912,2.038720730326981
2913,6.445767553422946
2914,4.827221253714441
2915,7.801548424532524
2916,246.50881911517882
2917,175.57657778878462
2918,3.748910480927292
2919,357.5737774947353
2920,191.7172666094745
2921,5.485597920846699
2922,4.023583352946478
2923,228.82204407505628
2924,5.269107368258625
2925,4.816961315913707
2926,5.955895018835157
2927,10.441229131105601
2928,6.458156538931811
2929,174.0984936155204
2930,271.34661076563526
2931,2.4119390063019157
2932,5.4357779313846715
2933,-15.98926133205389
2934,103.24404099577092
2935,-8.104768689893197
2936,-63.17925109555179
2937,5.857426965637294
2938,19.410811416865265
2939,2.954880152433451
2940,188.3474434563127
2941,65.33792276755307
2942,97.39310626965246
2943,6.275245644474303
2944,6.523979054054428
2945,5.621223900510007
2946,6.236841936266581
2947,-53.152766241307205
2948,2.434512428683289
2949,6.610150895151545
2950,2.948184852583969
2951,154.0736445315311
2952,141.9641891875113
2953,6.818994695149325
2954,1.848172624271592
2955,18.831270520689294
2956,6.603232591065649
2957,120.73407823130836
2958,5.16672822729956
2959,184.90527365792366
2960,6.675966353116118
2961,159.1906971896757
2962,3.8412898067087333
2963,4.048423069312367
2964,230.33572314567763
2965,187.8940706548928
2966,4.3985334842565535
2967,3.494471237570612
2968,157.6048726664932
2969,-79.51218851029523
2970,1.9209568542742343
2971,220.9522617515476
2972,6.445387078315438
2973,218.9168139241831
2974,256.69022649622815
2975,4.475427605965788
2976,42.38027512747526
2977,39.39413376353698
2978,4.149548697448569
2979,4.515350281947143
2980,309.16674970943944
2981,300.6020782958892
2982,145.9688385530293
2983,125.48980863907997
2984,285.0799970247123
2985,121.06521359839886
2986,304.72962340564095
2987,225.6529366106205
2988,146.92092778394834
2989,73.62993704882456
2990,35.81082783928708
2991,7.246705770682208
2992,2.880149902691006
2993,5.644189719833517
2994,65.94509058388377
2995,2.1194640593479583
2996,3.845654193519115
2997,3.267014435568749
2998,130.35283885935368
2999,130.57479393875943
3000,74.40975355778477
3001,2.9745743810980216
3002,292.9816049769835
3003,4.393872193143887
3004,282.7800341844876
3005,110.63635225243362
3006,95.71447165739147
3007,6.37877978424479
3008,2.9959336603259725
3009,39.80748924436823
3010,4.19863561696484
3011,84.47490434148503
3012,5.276496093832467
3013,195.59642536767075
3014,6.466588556677253
3015,3.4883963748848905
3016,5.835497153252835
3017,6.575911452899889
3018,4.458769643231922
3019,230.0232661752661
3020,3.4715036366766387
3021,219.55634308948706
3022,266.1112495289548
3023,2.8633267026392426
3024,86.41922416889619
3025,238.1001007642423
3026,159.50724305292925
3027,6.132941786504557
3028,5.361377047529471
3029,-25.576223356116373
3030,-41.52215160582938
3031,6.185982204315319
3032,6.3922143146482675
3033,4.892728049751312
3034,121.28371508806286
3035,147.84864510192133
3036,224.57771709049547
3037,5.838713757297611
3038,2.241413013237748
3039,-23.708828487505436
3040,211.50098635679547
3041,4.893763821239251
3042,-0.684365915476306
3043,5.800011833422659
3044,230.6679336358198
3045,168.9957036162237
3046,4.467089515415431
3047,3.9889292149854274
3048,50.16385499469587
3049,5.937427654581789
3050,269.97221971196916
3051,94.61054468661843
3052,6.59445524598096
3053,4.090615289104302
3054,115.13384245131192
3055,187.6712304478537
3056,59.0253417926602
3057,3.2036677013455934
3058,100.74850812286573
3059,1.8393486570223183
3060,255.26181467436214
3061,5.10345808721591
3062,226.8026688406979
3063,119.7280255250752
3064,232.50411735397358
3065,255.78837031120284
3066,138.3098664408074
3067,21.475214300836264
3068,5.7484393125928985
3069,5.971454627570722
3070,3.7778801454293736
3071,6.2602784897095844
3072,197.01345341365806
3073,126.71446186570721
3074,6.295286848658705
3075,5.932144023748071
3076,156.83657125020352
3077,-3.1900990080153035
3078,66.0663868052531
3079,5.689988476132391
3080,3.1686978379358557
3081,34.71370094246461
3082,94.78457095699801
3083,141.01565678736262
3084,1.3471996043066916
3085,5.540164704245839
3086,206.9709597610808
3087,3.0656513026175327
3088,110.07269773149497
3089,3.4211564005155255
3090,296.91706978688626
3091,192.17599276248836
3092,96.31111006492773
3093,4.2776572734541185
3094,191.47475684324522
3095,257.4934330546895
3096,147.4432320785496
3097,4.711449959648322
3098,6.120701284614038
3099,23.784595287346335
3100,83.89061753612121
3101,3.8018195924260576
3102,2.360588295294676
3103,3.1252990026410465
3104,35.82740494872233
3105,-4.700618466724606
3106,40.17006980338969
3107,1.454089280243965
3108,2.6892723979530144
3109,5.458402075630069
3110,256.2744120815759
3111,2.3809852133854186
3112,223.79118652714993
3113,5.463856581758655
3114,-7.035022650882541
3115,269.8975343315748
3116,109.73225814902244
3117,-49.88272680369776
3118,254.19776645385485
3119,4.59108134481815
3120,43.47335149822278
3121,31.78439936335782
3122,130.86538743002276
3123,3.9206463885127985
3124,2.57942408467296
3125,3.6777696140692666
3126,225.58835971821176
3127,278.4128941813283
3128,38.97329676227169
3129,364.23171983554283
3130,2.079558637800925
3131,103.42938489651209
3132,190.1602648702975
3133,138.0860098662023
3134,237.05722940516276
3135,1.6801661776711112
3136,312.2602248055324
3137,2.950289491888765
3138,156.1093829503609
3139,5.988876732349109
3140,2.3068479175105168
3141,43.868571149979516
3142,3.1633261188458395
3143,111.2991198727554
3144,261.00117703659316
3145,5.084929427942804
3146,285.9156651602734
3147,108.16161208182136
3148,95.70520677412739
3149,-17.43055671149851
3150,1.657121535353726
3151,248.21499044252414
3152,7.113895636361699
3153,237.61026435968262
3154,198.0665712490072
3155,57.30717573600516
3156,54.997371579879925
3157,4.906869639554024
3158,282.6871988223178
3159,123.65216616296019
3160,272.5905261119659
3161,-31.803055976159943
3162,3.3966356293361377
3163,184.33301993870757
3164,2.885261292133771
3165,-4.159130941922118
3166,33.37452155859128
3167,6.601430449942418
3168,5.517243595954694
3169,3.6176427522820136
3170,218.8451971428459
3171,3.293871947433752
3172,229.6926002319031
3173,279.59982311778424
3174,64.30605037093122
3175,-56.54343557253709
3176,3.60925194035386
3177,3.249345658176366
3178,203.17618303842548
3179,6.376749020323462
3180,316.7509233790249
3181,191.33876697192517
3182,281.022614573327
3183,5.9557069824915825
3184,81.64577798140508
3185,6.694579700456268
3186,164.0466170068011
3187,283.99221194234167
3188,-64.76929069572108
3189,235.1190693441556
3190,4.329360394089288
3191,248.20931695539753
3192,63.380952035080114
3193,6.3240696778900425
3194,4.6875104611239715
3195,5.932378897392544
3196,137.2947324332749
3197,5.427319389580141
3198,178.1259073624014
3199,182.56053977667227
3200,1.9798099287973039
3201,325.8954147566783
3202,4.6267788107135415
3203,4.898109911044063
3204,0.40074924281467217
3205,6.526883928064571
3206,279.394126042381
3207,5.8743038077207475
3208,193.94155256962688
3209,-32.140657934093944
3210,7.640604873487904
3211,197.38215600269558
3212,214.3831116324245
3213,2.9375149867908155
3214,268.1237402004665
3215,3.2106553276174017
3216,5.923467983802588
3217,118.35520701341872
3218,300.74191405898114
3219,73.64419813319289
3220,66.44264714164574
3221,73.60349042255535
3222,242.12518536529393
3223,350.3574811230069
3224,-65.16114673636847
3225,147.57859269929912
3226,6.027144990439997
3227,5.926806037128175
3228,8.958278789510985
3229,298.32209524500246
3230,229.38246413294485
3231,6.372114310146727
3232,4.816166979010886
3233,5.720788333476467
3234,4.141471482369109
3235,105.6323104149736
3236,143.7235888176354
3237,8.32933177387444
3238,310.07123247178777
3239,6.535672113751046
3240,66.18729871169674
3241,21.551405599121384
3242,2.49529164243141
3243,34.04965440933981
3244,219.08338054899127
3245,5.445936864063495
3246,256.25879278817104
3247,6.283823788700883
3248,48.37603458055557
3249,-8.318178085383167
3250,221.47813903918762
3251,226.46086730733327
3252,120.1536406262775
3253,54.88334672070545
3254,155.75156818229294
3255,6.512848476824145
3256,6.369126382292068
3257,36.94278299728662
3258,2.3695383859780814
3259,53.34422033784162
3260,5.858104985787831
3261,103.18417327367192
3262,318.9410887554773
3263,1.9010739297755888
3264,3.4442770965169367
3265,154.9282805443185
3266,3.755832303464813
3267,6.671768389848971
3268,3.3079170597541245
3269,4.530655903180497
3270,45.814997197137544
3271,224.6782760483053
3272,2.2768298470329107
3273,189.11892403826735
3274,208.8697522321408
3275,141.03607060052565
3276,68.67202706069692
3277,5.6281033480905105
3278,6.43720565587261
3279,3.2147032735378183
3280,180.98592757459608
3281,281.2475196814197
3282,2.7126778283783555
3283,385.4075772786395
3284,334.71644883790395
3285,96.58836896343571
3286,3.1225822410212043
3287,37.2098161573406
3288,52.267908747511726
3289,1.8363507208682768
3290,65.81108901713525
3291,261.07340360996955
3292,2.9726858776862306
3293,53.29901392603784
3294,213.38997497069633
3295,129.4451930641243
3296,30.596869663765794
3297,200.1614428535797
3298,2.3585112176305425
3299,250.56487724377266
3300,3.3956955508034925
3301,207.2860020081515
3302,206.50171013105748
3303,-6.535937803691575
3304,249.04855427332774
3305,5.32679661391929
3306,4.6005779758739855
3307,186.93282894666015
3308,3.0012447944936804
3309,6.439752059394181
3310,-38.12278671506038
3311,2.2265317452722218
3312,3.880851797124612
3313,2.462070508930815
3314,6.033467879127079
3315,4.724042142181865
3316,314.70497785394775
3317,303.2307183593584
3318,44.49407793108848
3319,1.9361913281689707
3320,2.2051010716995947
3321,5.298448885521945
3322,132.96535126297454
3323,4.310158908265634
3324,3.6030513922552485
3325,335.020965007277
3326,82.31162158144551
3327,-52.675667854978066
3328,6.43649575308977
3329,1.8355775889839072
3330,188.87855120410381
3331,115.1322592877348
3332,3.209833836082317
3333,234.53061656733763
3334,105.14821268619909
3335,3.3076821181171345
3336,4.394790178729805
3337,2.600317961665643
3338,1.7433216370912616
3339,-6.240086991196589
3340,31.638207428947197
3341,52.20108736010182
3342,202.64053444080415
3343,139.38243403687642
3344,3.525664921043021
3345,250.50086227385836
3346,294.09836706213275
3347,181.62401597535546
3348,77.1856187407691
3349,5.541985969627018
3350,3.7917093685016443
3351,2.462510639987391
3352,1.881819440032717
3353,178.7632831995749
3354,74.97383923158367
3355,3.002785301564816
3356,314.9641708205024
3357,3.7181896095182623
3358,242.5104101881101
3359,70.10441667866829
3360,150.73469121672957
3361,3.048856767323655
3362,2.8208640510622294
3363,2.8016749128906304
3364,25.988995196357756
3365,108.7134325663576
3366,4.122990775095776
3367,3.9979964905440024
3368,70.91038909748586
3369,4.619568770832295
3370,69.40120056519191
3371,-3.9637791333887478
3372,209.54245407594632
3373,45.786329998898864
3374,321.9167750324807
3375,2.5150224204359573
3376,2.425702322199272
3377,102.78233863329052
3378,5.575333257800196
3379,11.656212544503802
3380,315.6489266643779
3381,6.581041100085498
3382,84.16396719211204
3383,6.250497714722039
3384,21.894529450513165
3385,4.064285804325756
3386,53.427917023228794
3387,2.15728083238787
3388,182.18845977725582
3389,216.97427977897416
3390,2.530774339121797
3391,5.754407208050328
3392,5.065326486676991
3393,183.5495062857547
3394,131.28883897696014
3395,5.2102438755639415
3396,5.493003600827376
3397,146.09299681076982
3398,2.100242858345582
3399,197.58906954671983
3400,161.46593399119362
3401,5.250896256042631
3402,1.2503207251738975
3403,84.34684806240304
3404,91.45686962534502
3405,173.1700342859351
3406,178.3964954029261
3407,4.347954691131372
3408,61.62274389065114
3409,108.32762874507503
3410,5.77588797630075
3411,4.979510069237094
3412,50.67362772719764
3413,2.1769708388931868
3414,6.630531719884516
3415,121.05168131067632
3416,61.758359646767985
3417,203.622766296041
3418,170.57304037223076
3419,-13.063947890362538
3420,21.248121663880497
3421,-70.85072670523635
3422,169.4368721217781
3423,1.9918661831328315
3424,3.1459875344192176
3425,6.383694398576767
3426,3.623359561150672
3427,57.70910481992337
3428,2.4913709437227327
3429,325.87324113129614
3430,314.23182135463577
3431,106.11040806551776
3432,5.964582548055568
3433,89.81364050035077
3434,1.8877668789587405
3435,308.14762233050675
3436,210.42584832358108
3437,3.33267019527428
3438,30.88256312688933
3439,276.63683453221677
3440,6.662965537009702
3441,4.935359336971879
3442,223.78287195309917
3443,5.090362799442201
3444,208.07842984332302
3445,3.8575067193860835
3446,5.871763653162385
3447,263.56691952270853
3448,5.3523461853118
3449,5.573139001462022
3450,93.29015530209398
3451,201.68582800258258
3452,2.1900100101057514
3453,2.5917842214053963
3454,20.802521625721106
3455,4.1139840160225924
3456,5.2749888284817805
3457,3.8266192693622805
3458,6.217626495538896
3459,164.35019368087143
3460,-49.833545700494525
3461,2.5846890105531943
3462,44.01737203939977
3463,225.34225374774212
3464,4.6854062608128855
3465,2.6763879599262603
3466,5.957003143151608
3467,114.56441706789562
3468,35.8979425843001
3469,310.1481686151756
3470,147.68558427629696
3471,21.225332838222677
3472,277.87852913482993
3473,6.24893945918993
3474,3.4587726060150934
3475,4.672835417547487
3476,36.534718603861194
3477,3.6516007787370715
3478,6.5885274068303685
3479,2.6502829791992566
3480,112.88911900393245
3481,115.68270698503117
3482,89.51080971225548
3483,64.65969522378222
3484,181.28154935948953
3485,2.4402260817967254
3486,227.74726897090363
3487,5.830588835112226
3488,4.503813649816852
3489,3.562476191891668
3490,6.1087260016866995
3491,3.354472140785341
3492,2.2671236123145886
3493,307.91108623015543
3494,165.7006064813766
3495,6.358663307665285
3496,45.05603457919089
3497,4.551924364257923
3498,6.636675764070916
3499,-17.469509323098418
3500,70.37752878731297
3501,284.5440466942609
3502,6.057169256431692
3503,3.085710447602674
3504,119.55284785447063
3505,138.17116227729053
3506,96.35991392335987
3507,6.290863100410742
3508,2.9635930085617956
3509,3.26858621534886
3510,275.67276120890335
3511,2.0160038830172993
3512,69.19423595939222
3513,101.83656291492873
3514,3.4416134023982736
3515,72.73252586611831
3516,3.583879192198804
3517,191.05675124620035
3518,4.444058418114297
3519,233.4872170873349
3520,298.3244043422573
3521,1.8891807607973368
3522,61.814349014390814
3523,4.603736275153073
3524,6.677237601403046
3525,5.247793555923735
3526,41.602925203534575
3527,1.6705512986753561
3528,282.17171987011704
3529,206.2779445110113
3530,2.4597476205990834
3531,76.09743319976721
3532,273.3212451639199
3533,41.012825498085576
3534,7.761474953895448
3535,84.35710427880666
3536,3.4980789487813366
3537,64.7913073814237
3538,7.003467036245061
3539,1.5696176369006274
3540,169.7493539249026
3541,-63.17412486977881
3542,2.450418614980729
3543,196.94199914344614
3544,42.509075772004095
3545,2.492561657406247
3546,5.346975133383373
3547,170.63372582421323
3548,5.44638491846729
3549,1.7493859970089962
3550,4.462658519059076
3551,4.0263105421697585
3552,5.734836568459965
3553,6.011144406012344
3554,164.71389574117043
3555,3.845419488294926
3556,1.9721895758894337
3557,121.76384124152892
3558,5.082966746613405
3559,95.67539402077632
3560,68.22471752627385
3561,6.142243459109752
3562,29.48352182006457
3563,-49.55459052561394
3564,5.844695874131878
3565,4.969060598619934
3566,180.63754862305524
3567,1.967613354952051
3568,225.96327386643267
3569,164.2851775792746
3570,42.92567458053731
3571,197.99138432234514
3572,1.9781189879444319
3573,6.070381727031924
3574,5.816973764102229
3575,2.096141712118179
3576,5.250542995004796
3577,6.224500688019919
3578,89.6472773680175
3579,2.086811126478701
3580,69.10641536289577
3581,243.20592434867564
3582,75.07205245953543
3583,45.857979657296276
3584,6.855634097084611
3585,30.06113711182414
3586,5.808738722384662
3587,35.779920216068106
3588,3.128200694781766
3589,228.18147800412248
3590,3.1956911432047077
3591,3.3156874787512276
3592,179.8748111893761
3593,3.7336294236432463
3594,20.15631598738625
3595,6.633687749896387
3596,31.857794424798307
3597,315.5479049765273
3598,88.28844627125564
3599,95.61401344270095
3600,2.592700827838508
3601,299.55036157871103
3602,24.64087130487524
3603,5.166795741716238
3604,2.974083586995606
3605,182.99196303792706
3606,2.1222109039588215
3607,3.769623879019706
3608,278.44759754810286
3609,208.2681805925465
3610,63.391902365021934
3611,5.201749637290842
3612,255.9328938885276
3613,6.412386322316841
3614,4.765260292473893
3615,6.484115070944139
3616,53.48976664109051
3617,4.982433903092601
3618,2.767780202672598
3619,-56.025439390550446
3620,-17.325975050476043
3621,65.03418512581837
3622,5.419823607129926
3623,265.6963239800555
3624,-11.450934757975707
3625,103.56102123383587
3626,28.739690962019257
3627,34.08362156210955
3628,6.351564719238945
3629,52.28162334810431
3630,251.45983032240395
3631,287.9360432341804
3632,251.7791478470545
3633,265.00624533734697
3634,116.9287180868989
3635,120.42395307894094
3636,4.295985200608236
3637,46.30555213621476
3638,73.35503755859747
3639,4.91893543608615
3640,339.76921852147996
3641,222.61633682000672
3642,157.72448100981018
3643,184.78333207843335
3644,6.5373067213143194
3645,119.19409903801252
3646,2.512144400032598
3647,5.827207927440531
3648,241.70970901110132
3649,23.063537300108024
3650,3.25169664781662
3651,193.32361034926075
3652,48.88135578609469
3653,-4.863383183286639
3654,74.49297399917913
3655,2.080994022729162
3656,138.30871380967682
3657,5.783619945481288
3658,7.7544617955806086
3659,4.6338387158199055
3660,5.829423390780931
3661,40.330936482286006
3662,2.124130448291813
3663,5.637255279431466
3664,115.87226670150872
3665,4.7006708852556365
3666,278.62469353998324
3667,244.44356948519757
3668,257.10904912664347
3669,225.47535963437906
3670,6.461824763451755
3671,6.355285912873848
3672,223.37023386315724
3673,5.0069734602916975
3674,288.08249183533155
3675,151.5139907110182
3676,50.13638695983825
3677,31.502019611834726
3678,-3.1790458884483317
3679,4.58352583054231
3680,3.4270127831805572
3681,149.00206481078283
3682,75.82504202919995
3683,150.72767613587266
3684,28.897329907936538
3685,147.22114936728738
3686,279.1292126732143
3687,107.04927284397833
3688,277.55392639424133
3689,2.4186144404155616
3690,209.0054712766788
3691,212.88060485200316
3692,286.13144477940523
3693,274.27165109379115
3694,1.5267333489505726
3695,246.80236395935435
3696,208.9923047463481
3697,0.863915509244358
3698,-29.84408149909943
3699,4.26779663065263
3700,5.606853791728126
3701,351.0261022442776
3702,3.8876351700719596
3703,4.023666447233686
3704,6.166011408746024
3705,1.3922120889976786
3706,58.000128705200126
3707,3.1254769708792742
3708,106.37521515730138
3709,3.2333506313675064
3710,6.663506940979474
3711,346.49294669343544
3712,102.27261927311977
3713,5.537368659503741
3714,329.9185001518541
3715,2.3709027924097965
3716,1.9923486737462184
3717,150.12901035609286
3718,70.77134427951492
3719,167.59368064915714
3720,155.5643773946233
3721,2.699845045980786
3722,4.05306662993732
3723,3.362408469254806
3724,1.892233393119475
3725,67.479564317199
3726,1.7823882495382068
3727,225.16982263494364
3728,58.03161472607492
3729,-33.66985203488704
3730,145.94034536010417
3731,79.85619148333623
3732,3.5459672136577667
3733,-23.563057870978128
3734,3.0518464238062313
3735,2.4626997641908734
3736,-8.62888165709886
3737,6.243041466636285
3738,192.99013883944912
3739,-43.28572446139751
3740,234.47872157346507
3741,36.32843879277802
3742,264.30580552468774
3743,2.338351302617534
3744,78.68431676241075
3745,-11.206103225864403
3746,4.99616463689556
3747,5.045374579966124
3748,188.76295162164104
3749,67.75509640956696
3750,1.5835995233488338
3751,223.39343745231633
3752,76.07521381657988
3753,4.7489598660960946
3754,3.62440793352222
3755,2.716525624933066
3756,5.548666184064299
3757,37.969854036624135
3758,6.091723687490108
3759,47.673031401968686
3760,1.9427740609159942
3761,6.463859536592482
3762,6.340620114674584
3763,117.22723611476346
3764,172.7348597058815
3765,357.97371872751273
3766,6.57933606128581
3767,281.3287072278724
3768,73.49112232194862
3769,1.6627292023804987
3770,136.17262269704366
3771,3.7549768262399983
3772,191.24581462131442
3773,244.81235370328125
3774,2.4962279292620804
3775,4.055661565436812
3776,248.08595649566195
3777,6.177252026514504
3778,228.5461175660942
3779,290.3640191923902
3780,6.106660312565882
3781,6.444906761437146
3782,2.098961249586184
3783,2.1001570561464638
3784,5.521638184863734
3785,31.62714784368211
3786,93.01623715099367
3787,6.092174856876541
3788,6.6690379750555895
3789,284.88770463196965
3790,7.008498181713168
3791,6.284109493520657
3792,3.7807313148842505
3793,32.07818128846591
3794,-22.371782555869956
3795,192.5791062390362
3796,182.83114542892983
3797,4.794008747372718
3798,196.24358653757008
3799,-61.66482462552576
3800,241.26937079018867
3801,134.02825689428744
3802,138.73781894905454
3803,49.22147549416091
3804,54.54908729719274
3805,5.1558105272049115
3806,2.999917071581333
3807,124.36213014681572
3808,3.8768160395371782
3809,-32.306316416703666
3810,2.7927976765497022
3811,4.343859400183085
3812,268.3184280480456
3813,3.581836761924283
3814,290.69902042308917
3815,7.134207341255584
3816,3.537397166146843
3817,50.17279558157583
3818,6.14934707799553
3819,2.354538363150726
3820,142.99268137409348
3821,7.3388001736849855
3822,5.487265552186199
3823,256.60083426647157
3824,5.208352131346203
3825,250.12043801271335
3826,6.064626439105951
3827,310.58971706929805
3828,308.64817263507115
3829,6.594320776286599
3830,243.6021274018181
3831,68.40600726156111
3832,1.7704333084144244
3833,59.95570357634469
3834,22.422890468616767
3835,2.756289054291723
3836,5.165200983431333
3837,6.73239516582383
3838,5.8895242435566795
3839,242.41686906091445
3840,5.700735276444542
3841,122.72408231492219
3842,3.4386080038348164
3843,270.2666309427213
3844,5.358631839440875
3845,5.572718272522309
3846,6.557258830368498
3847,71.94630093795391
3848,110.07081032596696
3849,190.49590502806728
3850,17.453275103967666
3851,110.32685522157547
3852,241.84937246520244
3853,5.486055001738766
3854,248.9057419637847
3855,1.919900014839504
3856,57.279653932733794
3857,4.021839609754903
3858,3.1799431246704106
3859,250.0440250244095
3860,6.2457560115817925
3861,-59.63321868669887
3862,-7.839596113446189
3863,4.104560322607642
3864,2.868350070932558
3865,290.92066213011196
3866,4.047505113239984
3867,199.3835951576225
3868,4.810325533170339
3869,3.0099704131338125
3870,185.28283373846443
3871,44.121754546657144
3872,3.4955662650618224
3873,25.658906077943954
3874,352.13467002208745
3875,276.585209562153
3876,103.42322771234797
3877,-62.842314840339974
3878,211.2797176638031
3879,245.03098837407444
3880,6.494488036483094
3881,4.169336497326941
3882,2.7365264252895374
3883,205.61198441494452
3884,148.5362507247802
3885,6.431566689159947
3886,5.500190974173366
3887,6.247239898019087
3888,2.688256883336476
3889,176.51174372515737
3890,1.8115089715582129
3891,2.8363549215443467
3892,179.61125175558283
3893,2.630741529743217
3894,295.7432998978741
3895,-33.538435950430035
3896,30.32392268630674
3897,245.29558911180717
3898,190.63154352109876
3899,1.7541861567662547
3900,88.93817307605917
3901,107.7766613864935
3902,2.897402451452704
3903,36.43230630286489
3904,52.0078206671817
3905,3.4038978634588943
3906,7.964416576213497
3907,199.35740983335796
3908,149.08381210734342
3909,3.266935882068684
3910,3.846535053365168
3911,235.69927253274972
3912,4.87010119267827
3913,37.18311839560789
3914,283.1108403569175
3915,7.325697028450166
3916,5.870138314276603
3917,3.801945538851652
3918,-44.990176780340384
3919,4.55708646316962
3920,31.433907948635326
3921,53.15488894412544
3922,7.021665754462851
3923,3.6820995948038613
3924,362.88035852663114
3925,65.67305263824181
3926,1.9411340820467515
3927,249.02742390743066
3928,3.440212793566393
3929,5.1036192797438
3930,6.349287762840818
3931,221.99611168530924
3932,4.640823546057966
3933,2.63155286119712
3934,6.587830447938879
3935,221.84858024254973
3936,1.795816402536302
3937,3.4064600957519255
3938,2.3139100507041688
3939,325.5132123113232
3940,6.091586413445112
3941,6.191240644262097
3942,5.4034475989567765
3943,3.1874798795593806
3944,6.6685715397600305
3945,331.48685379917686
3946,191.81100915921982
3947,27.821154630396617
3948,154.01005758845747
3949,5.260802033395651
3950,247.40487632295435
3951,1.750405856532402
3952,110.28740977762209
3953,124.60988510969635
3954,2.3125604746756565
3955,6.192829477592426
3956,187.84590640939507
3957,56.60925134990184
3958,67.78162977865188
3959,234.21329240368976
3960,6.190130861469672
3961,6.124809759573673
3962,132.5637375725272
3963,5.879423301223512
3964,207.3802337934897
3965,6.141489296717075
3966,2.6116269661401015
3967,4.126338245467945
3968,195.8033950847584
3969,56.812278321237756
3970,2.379484509993575
3971,3.373935565621818
3972,2.548706012191384
3973,3.078940263147481
3974,45.252009790131055
3975,48.97187971298438
3976,3.3915028201179114
3977,4.190589171726094
3978,3.608866100156571
3979,120.00032836654279
3980,246.58597119207766
3981,254.90334578006184
3982,5.415915315780472
3983,3.553161276415239
3984,368.9894328493724
3985,228.56493808359164
3986,177.80809153883166
3987,87.93892404020613
3988,3.2315635406391494
3989,13.97477010027471
3990,94.08682068488865
3991,256.02731308354873
3992,5.895259398545496
3993,6.146672954055024
3994,38.23035330692062
3995,121.82420832207032
3996,3.830876002234863
3997,100.99117502104666
3998,2.429575421951732
3999,277.63831976098163
4000,5.240026870390332
4001,4.248747632476762
4002,25.63009203144581
4003,171.64145211441974
4004,2.2600126173258275
4005,309.16365589591186
4006,70.04550489972311
4007,6.80360820667739
4008,3.369405570188345
4009,5.832120972414545
4010,191.23940368725448
4011,3.311618964984725
4012,6.36141221136608
4013,241.62372509530329
4014,5.870349949849668
4015,6.261384204803015
4016,68.1421640088789
4017,154.64947479710668
4018,120.40950004489687
4019,1.4268925245824127
4020,2.005389374805607
4021,132.0584054494035
4022,51.25903433819431
4023,3.624280064792954
4024,112.03204408947158
4025,48.36713677763721
4026,49.79590492603141
4027,268.52743602727617
4028,102.47755357088738
4029,6.612511233947318
4030,2.556141087026357
4031,115.99525263665218
4032,86.84483623786207
4033,2.4968294842098113
4034,256.35778606985366
4035,109.1460997701686
4036,4.2179408092143085
4037,3.6040782375624763
4038,5.982789883315446
4039,5.846023001465353
4040,107.86204928740236
4041,327.4338706921104
4042,62.07439258966415
4043,265.4498449822396
4044,4.447475349339115
4045,37.659857684335506
4046,5.844092233196701
4047,4.45656078321207
4048,278.30692370234095
4049,125.26790967943103
4050,276.35578269301334
4051,63.182851076836144
4052,2.6832717105136537
4053,4.0163259201441495
4054,5.219928844387032
4055,4.341914036248281
4056,268.61214256854
4057,6.833505752888454
4058,289.6106640588528
4059,21.104050591129045
4060,267.01276365755416
4061,101.09432117210639
4062,3.8406909455423133
4063,2.1303910855690704
4064,223.58055399093686
4065,2.0442241294070786
4066,97.43937819493203
4067,199.31290107105912
4068,165.71752163395968
4069,347.1003612579625
4070,2.68563495313598
4071,2.845679297651956
4072,1.716148461525024
4073,3.3004399795409123
4074,4.279337012443632
4075,-29.254591517893772
4076,46.113170930904744
4077,4.828640591234757
4078,6.3200091182375955
4079,7.17153359879744
4080,278.81611955280266
4081,4.799259580937378
4082,124.83337671257858
4083,4.127356530827924
4084,14.925282642082948
4085,24.547569100264173
4086,-7.781928957509341
4087,4.266286740237652
4088,4.92388495062518
4089,68.55559696311049
4090,141.23770726457798
4091,4.472637866324182
4092,74.18187687824809
4093,24.319640863420666
4094,5.011260596802945
4095,6.741173368113889
4096,2.3990599944501656
4097,2.614116435570751
4098,2.9994422305984667
4099,-41.99563972960665
4100,66.09120019481063
4101,5.757962708904804
4102,4.436515287931705
4103,67.39616269254508
4104,200.4822537978992
4105,5.825772107648206
4106,115.9997856948213
4107,87.0174078093801
4108,71.80396602964628
4109,237.54059892163423
4110,6.039207407269286
4111,50.3078182962245
4112,81.21787294193332
4113,3.346818024696981
4114,5.105262841859207
4115,82.10251885171888
4116,89.55696079503277
4117,91.09531590154349
4118,289.76818365176166
4119,244.54787317575767
4120,230.05067882096859
4121,91.04541009760196
4122,-24.393553135174646
4123,2.2000493583555962
4124,140.09010022914828
4125,2.3058500334323977
4126,54.3879934366972
4127,5.897382770410275
4128,1.7707500632625823
4129,6.247183963597463
4130,2.14081472101487
4131,57.68274880321377
4132,6.099045044401513
4133,5.181905368726765
4134,113.51078850349334
4135,25.768272550112837
4136,160.58728340904793
4137,327.041550601665
4138,-8.640426138478418
4139,103.75837657875985
4140,59.85529400620746
4141,4.121621362707534
4142,106.99086548424167
4143,307.4229836269231
4144,71.2831788543499
4145,200.86207262058042
4146,76.18161540187057
4147,66.10605089591928
4148,288.8315465054866
4149,57.782142380422066
4150,34.60903997462286
4151,53.249751450866526
4152,116.03778991884317
4153,4.202446060575648
4154,346.99450193140945
4155,147.20450108182828
4156,3.4595039147075877
4157,18.57165552713056
4158,4.049575752657903
4159,4.959967315273398
4160,146.0776149006216
4161,182.96359039767742
4162,6.3054325521487495
4163,58.587553692214
4164,183.23694639524558
4165,-10.546851308961685
4166,45.57599834384419
4167,100.03133021523851
4168,7.144237137153688
4169,2.428411527117495
4170,-3.8670062898291153
4171,92.85848333166189
4172,4.249757760874516
4173,3.966000151793251
4174,62.90468994475533
4175,115.73752533748171
4176,2.015174620246312
4177,4.1699406039622495
4178,13.72724464422576
4179,125.45316562158514
4180,161.20589746723988
4181,62.56611037984594
4182,64.02842447489994
4183,28.224122004025766
4184,194.94307215676258
4185,272.00931781664826
4186,2.455935487815048
4187,71.72571417253533
4188,4.203844966261467
4189,4.308181645988436
4190,115.0974134053804
4191,2.141141754502125
4192,48.37849904810473
4193,51.36228350523522
4194,5.9163342079286885
4195,4.225426270701443
4196,130.1685642791087
4197,6.394791138692613
4198,3.2341409974231228
4199,5.05860716745492
4200,299.206034613004
4201,248.3715518278064
4202,176.45399723888744
4203,5.737876122536157
4204,106.10047008353479
4205,4.888904674068711
4206,7.729878112110641
4207,122.93878400011016
4208,157.30950499509964
4209,229.9237803856799
4210,-51.34924847795192
4211,1.9148239128539224
4212,5.8480121443655
4213,-12.069180954350593
4214,7.343658987828204
4215,3.110219412632456
4216,1.5582370471750382
4217,3.302384022852019
4218,5.916685103482401
4219,52.72157830157253
4220,69.43438249345556
4221,2.1971509789064894
4222,109.09909502252225
4223,3.0437457104530177
4224,6.277480192866651
4225,5.183696199151378
4226,288.05233579677247
4227,1.9616647214182243
4228,208.79706647888355
4229,115.57145546019922
4230,2.8042363202749305
4231,2.8340578259827227
4232,55.005760569957104
4233,3.2453930957301558
4234,-7.484550036499273
4235,69.81004308127771
4236,247.0214117786046
4237,176.00477408176164
4238,3.3164635105124862
4239,79.66738148730775
4240,4.406247508658688
4241,34.525712378907656
4242,231.71084062516152
4243,-56.153977669151175
4244,328.54364887115287
4245,5.072920005436119
4246,1.9363773989702566
4247,3.9106971088988187
4248,4.142663687875129
4249,-20.589911349493164
4250,2.516374205882778
4251,294.69054169735284
4252,6.644908518055432
4253,6.013959678618397
4254,5.1567799877349
4255,-50.61345860390547
4256,1.9948928492395201
4257,111.24557690830902
4258,2.3445210083972174
4259,1.5921158712798988
4260,84.99628915887087
4261,2.4115191258769815
4262,283.2498196553647
4263,92.82926817850479
4264,2.6773610302863107
4265,44.944667493739814
4266,4.148275327526096
4267,6.277482306920848
4268,5.59481815036206
4269,207.97516238414326
4270,171.25935068420122
4271,149.6408245234099
4272,4.561189541342853
4273,8.07921148104236
4274,102.90828199527304
4275,6.748611917477326
4276,287.52955506856074
4277,233.88084710787086
4278,376.9457766962586
4279,309.24453711094554
4280,120.79064429529626
4281,90.362991681616
4282,12.695581311598357
4283,6.340961156686534
4284,4.432170601336874
4285,109.42680261456559
4286,309.436147514362
4287,1.7774143311170598
4288,208.079718994266
4289,207.85417296806776
4290,177.1015735625814
4291,2.938741022095364
4292,5.032391775132145
4293,6.568953262232904
4294,-29.266483905384327
4295,1.1027147686105565
4296,5.322898432368729
4297,6.450764341989046
4298,5.752639655700818
4299,58.40765610874516
4300,46.7762172389398
4301,1.268708192291875
4302,97.30223548362376
4303,1.3442285679193846
4304,-40.83606921805195
4305,3.682577438509344
4306,294.2556518160974
4307,2.7493700503180585
4308,17.320385894690958
4309,4.614701656881099
4310,2.9631040510220394
4311,7.823148245265482
4312,307.47119621860236
4313,3.011423915850295
4314,3.198609252975492
4315,228.95266739461388
4316,1.4280193832657095
4317,192.83992149507486
4318,6.1613525923765025
4319,53.422639620495744
4320,99.29700913145962
4321,4.788117634594744
4322,295.4416422906536
4323,75.9134728200212
4324,3.432438109902516
4325,6.685321211718194
4326,3.427446400373623
4327,102.76680628076849
4328,131.79290085531525
4329,197.40385883993326
4330,-11.002888673533711
4331,2.5763549040289657
4332,2.2683935126422705
4333,246.08029105494003
4334,3.2753864271063957
4335,3.603762959360184
4336,2.167267401862344
4337,5.818419275274797
4338,0.7326645909417888
4339,5.7407311164222055
4340,-33.720096152139924
4341,62.69207710417653
4342,189.69744237696213
4343,170.9909388493806
4344,106.41675960262255
4345,5.880692506845336
4346,4.6791096817564295
4347,180.25860007299804
4348,5.552569810943412
4349,100.65598521340479
4350,-50.62475765800093
4351,116.22315148058959
4352,195.76037303818768
4353,5.073670710930042
4354,115.67040388470438
4355,122.62327073295339
4356,1.9055580878637752
4357,5.305779563212507
4358,321.67116369890357
4359,222.49060264327687
4360,3.5022586291655946
4361,-3.3343299660660843
4362,1.1805837872352953
4363,3.907461193872093
4364,4.3988400172887925
4365,1.6525416915821043
4366,3.336052565540185
4367,257.4670534699615
4368,-30.624468866866472
4369,80.09620232698606
4370,6.358905679198953
4371,198.52619737976227
4372,79.86128403382753
4373,324.6313187453442
4374,6.263681177937173
4375,226.30621331843912
4376,277.5129757118071
4377,5.456440851176547
4378,5.771294169031268
4379,168.5169012603811
4380,3.010666270220617
4381,2.4556749750691305
4382,6.654224971569462
4383,27.924052586814092
4384,4.935356511024187
4385,195.74941646879478
4386,35.633887505858056
4387,288.22056900509784
4388,67.23113250555762
4389,6.666313059970216
4390,4.443003220992293
4391,3.885508271961835
4392,2.4445097712558876
4393,83.85861172610859
4394,76.48991970013867
4395,3.175557035842413
4396,14.797311633435786
4397,2.5160040423649006
4398,6.397558927203274
4399,3.751868003956499
4400,255.37876785626247
4401,6.81937157691781
4402,237.75216740894564
4403,247.9385225464336
4404,239.77439852857503
4405,356.8204090480589
4406,48.00788146191465
4407,96.52435725142135
4408,6.3704427817272675
4409,112.02751737136481
4410,-91.75756156363559
4411,2.7523747813799098
4412,273.6244646661036
4413,222.54008263828862
4414,3.7988976735976228
4415,191.43929468254208
4416,66.05376728533159
4417,2.6909939079638225
4418,231.09419838151294
4419,264.08591279834735
4420,369.89352691900433
4421,325.47757504309516
4422,11.71364122253428
4423,2.48399979063916
4424,51.08507384102796
4425,187.74431610359358
4426,5.470757972875455
4427,215.89234685558205
4428,6.533291188787352
4429,5.066172943964888
4430,5.154964937695117
4431,178.47252059371684
4432,3.90755805617018
4433,3.793571506691587
4434,102.86865727016453
4435,5.657421969100447
4436,6.499003027106276
4437,11.227037030575788
4438,79.67570197275349
4439,7.065424020962977
4440,271.40753401537495
4441,2.124171484040403
4442,280.41188855500513
4443,6.222136308188448
4444,277.53113174214536
4445,3.9783475365258916
4446,3.7277797327012863
4447,149.11412262445486
4448,5.268430845587383
4449,-14.111445468026336
4450,66.07221432731171
4451,103.84956632295356
4452,286.72780429692966
4453,247.2349209518775
4454,4.5801785751280715
4455,4.99358384482823
4456,204.2380679287278
4457,4.030503174377658
4458,6.793116922985668
4459,83.80223182418499
4460,0.6783113604233819
4461,84.0621780899303
4462,153.6734274362086
4463,45.236569357409834
4464,4.259431075869117
4465,98.94621852901216
4466,4.527264932166684
4467,-5.447092903226922
4468,1.7882829915733356
4469,2.15443784872745
4470,4.82806339248053
4471,3.0836187632453793
4472,258.1024953252629
4473,3.1728233215076282
4474,251.2968691765153
4475,4.5277178209027085
4476,94.53057431722256
4477,5.901277955229958
4478,3.9909911449042834
4479,144.41103866177318
4480,290.57787264543157
4481,3.711191514703435
4482,194.5649740268948
4483,69.40314060741848
4484,313.3142335203882
4485,205.63914430185594
4486,2.4255466816668054
4487,114.02780966518259
4488,54.796448073348
4489,-45.005465266851964
4490,103.98378640404496
4491,5.235160000639059
4492,262.8271789189616
4493,319.8582002495792
4494,-1.1430040822918395
4495,2.6737786559279835
4496,102.30859027959912
4497,6.695230061794335
4498,193.7705883749881
4499,310.684469768482
4500,162.0248181618146
4501,5.501348360891276
4502,5.955637481709422
4503,195.70519014652172
4504,13.894586081151159
4505,68.43106996353067
4506,2.9875519455204214
4507,-3.6535748648005475
4508,122.0590642546393
4509,40.56284639314332
4510,2.2626855709637974
4511,272.4016455229215
4512,57.57839971704584
4513,109.54660389599329
4514,2.9746765812922753
4515,2.6293210273426344
4516,3.355489152479441
4517,4.997227286163685
4518,4.5064014284521665
4519,113.99821269711023
4520,54.29514539659982
4521,2.6083345058217975
4522,57.618971920892726
4523,6.665384076104113
4524,232.02767560872599
4525,19.24355343163799
4526,2.2508229873536543
4527,117.8216962108255
4528,134.0730582534266
4529,100.29852471712505
4530,145.07992012115196
4531,3.9254629671348398
4532,4.0857193619586525
4533,4.621341656565275
4534,61.98773910872504
4535,5.748766400411523
4536,1.8672784244177123
4537,1.8462851432060579
4538,6.418768045212325
4539,285.558087664767
4540,173.10551534827493
4541,3.317257289938245
4542,2.7779482112342446
4543,206.40540229427518
4544,34.03134218814435
4545,5.1928530785600024
4546,30.98515389657922
4547,6.008590338589968
4548,178.20001529507738
4549,4.767714615786584
4550,245.40479003992021
4551,26.349872606337442
4552,130.7731938602469
4553,121.91838771854637
4554,4.4723524400498285
4555,192.7876482366675
4556,290.0114688269311
4557,5.125738969528858
4558,4.416859973136033
4559,72.25703513028327
4560,7.359790564712629
4561,5.271191678376233
4562,185.9310216642776
4563,45.701907554881785
4564,212.31664826919797
4565,71.13721596195232
4566,221.11929127597216
4567,269.9042637314818
4568,138.43578584203325
4569,4.656059196198273
4570,200.0356431696709
4571,262.62599425143424
4572,4.9930590892763735
4573,3.0384728458478176
4574,1.7933295622445806
4575,5.232345860572348
4576,146.1383033795055
4577,256.7182662084051
4578,54.64075153408493
4579,7.459600203729039
4580,0.6522010016271245
4581,349.1691212208881
4582,32.89553723537746
4583,1.5519893735778936
4584,273.2567149740638
4585,39.37686461697554
4586,6.694947011590905
4587,4.18097652871698
4588,1.3482356718380164
4589,4.247219039693258
4590,2.9814489876582733
4591,77.28318661553044
4592,5.357470554866577
4593,88.80975218314026
4594,-17.496807822010492
4595,2.902303603367628
4596,72.6731126397597
4597,145.4609366558023
4598,4.337069957578349
4599,-44.141371855244024
4600,85.18007844625015
4601,6.943694937792793
4602,5.320193790399811
4603,5.28978654894526
4604,68.60907992273714
4605,1.911468399702287
4606,156.87688552906522
4607,51.05765250104479
4608,4.598355576938662
4609,217.40260689109
4610,144.0829185587471
4611,100.2555565212981
4612,3.5774797603011335
4613,-68.93262104390755
4614,76.64979503951804
4615,-45.673306180392714
4616,4.796427468330494
4617,4.974067320190002
4618,3.9806941331242793
4619,6.220223833413736
4620,6.661105992733329
4621,69.23582480460848
4622,3.925195172865366
4623,6.318097672233867
4624,1.2729854125473423
4625,88.31622268701719
4626,48.298639368515836
4627,5.606628855454282
4628,5.8906721842648455
4629,65.20575256982835
4630,5.446112098706891
4631,-10.970181673916995
4632,6.654398140824133
4633,222.43116741825668
4634,5.9420407583876305
4635,6.045531959013233
4636,39.60957154791889
4637,6.968912405268242
4638,397.20358165481855
4639,275.5147072353981
4640,2.0721019262594758
4641,208.35375898499478
4642,121.50619872094221
4643,61.63535731638103
4644,68.3055976824655
4645,5.755015591971937
4646,47.18299392415537
4647,22.234011191144365
4648,199.3737860051594
4649,127.38642862242783
4650,123.65645801775645
4651,44.35226091297191
4652,4.598386383981701
4653,251.24308449355237
4654,-4.9821838287023
4655,5.564343335416002
4656,2.4529013988633768
4657,3.161825936451932
4658,6.218893511090332
4659,84.63029055138425
4660,2.826601136183796
4661,2.625307741047476
4662,3.4629413868153316
4663,115.58639243650842
4664,5.8743040777764195
4665,137.32304657644545
4666,240.6402920501833
4667,1.8425956732207742
4668,97.54383939993937
4669,254.7206250001468
4670,45.23886447158155
4671,1.909545311813007
4672,0.7037507563318928
4673,69.74901846461766
4674,298.394573468411
4675,1.752080545927476
4676,134.93116311706382
4677,61.539518060371066
4678,5.489755395667206
4679,68.80142865068257
4680,4.003619569044474
4681,1.456064069594731
4682,194.07366998168442
4683,138.3004506402046
4684,97.55502047927763
4685,242.14801477940108
4686,4.378170867200202
4687,216.83487430199222
4688,339.25864619506245
4689,79.3965919049715
4690,5.948965573628412
4691,6.938037386446527
4692,4.206872222706036
4693,101.7316526226513
4694,4.196093428583537
4695,374.2364454157779
4696,4.50573365435809
4697,2.491266392918769
4698,4.744221860965864
4699,4.110003239684855
4700,93.97276343925272
4701,5.2169690740277
4702,2.0115673432801886
4703,3.7241137603863104
4704,5.15308791727497
4705,282.4072266908399
4706,3.416395800165197
4707,4.938556653010179
4708,3.254257923248045
4709,76.15428046578015
4710,150.0330904366033
4711,6.274985688874659
4712,243.48155440365832
4713,3.6138034130443213
4714,5.687756351713407
4715,75.23922588666589
4716,80.09147659589905
4717,7.349700655262016
4718,5.469307443258544
4719,191.67645011703058
4720,157.73354630228232
4721,6.199061794379171
4722,3.8103183912457466
4723,6.327227949825174
4724,72.06576579348896
4725,177.3979202412521
4726,3.4876221642780485
4727,263.33706362420776
4728,245.33414825056602
4729,3.7809118901453727
4730,177.237316597191
4731,61.26076201469767
4732,-59.03328262603428
4733,5.4733076598204065
4734,6.228682019582178
4735,5.274177270292462
4736,3.3094565616327447
4737,65.92434941436017
4738,-23.279452483575618
4739,189.12224821713534
4740,309.55414570249036
4741,5.08158350761769
4742,82.17956204119064
4743,5.331250304946902
4744,267.4192602041118
4745,39.80705182040927
4746,3.9163935327815924
4747,2.8921944546992995
4748,3.1441860704024647
4749,5.649600911600521
4750,5.782688966854324
4751,3.6627966410516155
4752,98.36808066390515
4753,155.29505495707008
4754,134.40897528147838
4755,3.980332606734186
4756,2.0251048504825127
4757,3.2231547961476084
4758,79.10516432205702
4759,114.51302083668443
4760,5.085747579953585
4761,3.3314280634717464
4762,187.00894205896216
4763,214.44344842616687
4764,2.3802656620162495
4765,333.4147881922428
4766,25.734069241970165
4767,17.56344097618141
4768,26.201505144431692
4769,-26.265132100676183
4770,51.272057692181605
4771,31.592964314501852
4772,3.739944869254958
4773,4.172842940163549
4774,138.58479489923843
4775,2.4396508968356083
4776,2.492483649869539
4777,193.9334902837977
4778,5.06344686586784
4779,39.58140135548726
4780,1.3070962617016195
4781,56.95344681405214
4782,4.888665620687471
4783,3.8670870164749074
4784,2.474661198569538
4785,66.21705441529899
4786,68.92158877061154
4787,5.523244773370679
4788,3.737769617495969
4789,2.885135547224711
4790,126.46336497968608
4791,167.59038553262928
4792,4.422180270076949
4793,164.34321046984658
4794,59.87043155006931
4795,228.40938239327446
4796,3.3764479703145005
4797,138.33376743375933
4798,5.8733504867043616
4799,4.075470081962857
4800,354.91476066278574
4801,3.8345027363352315
4802,4.999225056146795
4803,272.5095044798728
4804,1.6284187832176247
4805,230.1242833503167
4806,4.01548691280527
4807,3.2795529835914126
4808,61.129032852545876
4809,114.75932753640792
4810,1.636158487085831
4811,2.115078779968932
4812,5.350596289836102
4813,259.0878963651086
4814,238.7656521570089
4815,2.812424433364787
4816,2.7094578632282733
4817,6.231608004261603
4818,1.6984433932019105
4819,87.36941502918145
4820,2.716001772880228
4821,186.9534455970953
4822,125.89578277855007
4823,5.05932748808139
4824,2.942208947677566
4825,269.67469991959626
4826,4.502899661295999
4827,6.014389758159975
4828,215.68007544327395
4829,119.08450146379145
4830,95.49743517383827
4831,213.82000410407306
4832,6.860398477278154
4833,3.7161035925059607
4834,111.7566724295564
4835,3.839131074220116
4836,6.4060184624059975
4837,203.54925945718026
4838,35.1483587627446
4839,308.8843505105483
4840,2.495526146366754
4841,109.21314162424866
4842,28.349779166415924
4843,2.346243268789524
4844,3.7988899171533284
4845,4.546250158900744
4846,7.141563464133111
4847,4.009908646186157
4848,2.3972287093844042
4849,4.338285580968324
4850,6.696465694794044
4851,5.822646918396021
4852,107.88914476877058
4853,293.52056806477015
4854,2.759666534026654
4855,3.2068973504700207
4856,199.26788371269964
4857,246.71050141677964
4858,235.74465744191497
4859,135.10146695303555
4860,248.88648449801371
4861,-14.838850240025266
4862,120.9296289112817
4863,6.954510110484107
4864,5.917014422106763
4865,1.913826726497933
4866,1.281198805121926
4867,3.5214905273916486
4868,67.69296358205017
4869,0.9605338344252227
4870,142.6753959635158
4871,6.720198659826119
4872,2.316065976012262
4873,288.3572618473641
4874,9.836298451249505
4875,3.420249392770693
4876,225.1630347768174
4877,6.32357167183755
4878,85.11004346422513
4879,69.98828444163301
4880,5.9207122622899355
4881,6.301819651419457
4882,23.437040901928135
4883,1.8161108643645116
4884,133.95173557666283
4885,-51.81519234821906
4886,241.99044797620812
4887,5.204751750564341
4888,297.5810080450965
4889,53.165839838597506
4890,217.74814978957392
4891,128.06718070835262
4892,1.9780189106500612
4893,5.798207095583314
4894,102.94466905318359
4895,6.7106950019472595
4896,5.823569256785137
4897,5.486094805942585
4898,5.129056050148377
4899,206.6752365177631
4900,2.0498899225230383
4901,276.9744959679841
4902,4.108428641243274
4903,153.2250378970706
4904,378.01196203621765
4905,85.15274903296671
4906,154.41834829257832
4907,185.56950854509918
4908,4.38369699574611
4909,139.7215465006114
4910,152.2376889779461
4911,88.48968388308376
4912,5.571478551794485
4913,177.44123643448654
4914,186.4637054010517
4915,4.376043025313676
4916,4.680558402888197
4917,6.38499074096897
4918,2.5416783367191575
4919,-4.073553543692519
4920,2.175759184019935
4921,-8.125255305175157
4922,168.2881632981609
4923,209.55501622856298
4924,5.825958111743454
4925,2.353574291692221
4926,1.4297083404483626
4927,5.194055974738141
4928,3.1188365938748808
4929,73.50466030859752
4930,100.31770775843584
4931,-24.709368966736033
4932,5.955151518823618
4933,239.01326947222657
4934,-52.5267524236935
4935,49.71935134231039
4936,254.4882875530488
4937,24.516134170842644
4938,74.0277432862633
4939,60.66136021223228
4940,3.8831866375367095
