id,target
1,3.914738
2,2.5766889999999973
3,360.7845999999999
4,-50.000800000000034
5,4.584713000000001
6,6.528277000000005
7,5.525478
8,78.02199999999999
9,107.9443
10,93.0028
11,79.957
12,62.76379999999999
13,247.30919999999998
14,128.73480000000004
15,3.659896999999999
16,270.60200000000003
17,2.922226
18,68.7482
19,3.4571000000000027
20,6.497774000000005
21,-53.13840000000001
22,59.94049999999999
23,3.952083000000002
24,3.6413390000000003
25,65.3781
26,99.24700000000001
27,1.1170480000000005
28,179.6393
29,54.1325
30,3.845604000000005
31,6.210576999999997
32,13.057800000000002
33,48.91999999999999
34,3.960931000000001
35,2.084759000000002
36,6.436244000000001
37,268.3109
38,281.1210999999999
39,71.0038
40,96.089
41,-56.82420000000002
42,5.379316000000002
43,6.066717999999997
44,4.854351999999995
45,169.935
46,102.12460000000002
47,2.703516000000002
48,-73.70600000000003
49,3.634874999999998
50,1.8130740000000003
51,259.22360000000003
52,2.8344289999999996
53,2.9708120000000013
54,83.78079999999999
55,2.953634999999998
56,4.215216
57,5.854624000000002
58,180.5889
59,254.85
60,6.776165999999997
61,2.3427020000000023
62,252.575
63,6.460154000000005
64,3.652489000000003
65,3.9660819999999997
66,4.068622999999999
67,5.12452
68,221.35389999999998
69,179.59179999999998
70,2.5748579999999994
71,2.4614450000000003
72,2.4302340000000027
73,26.328999999999997
74,242.9817
75,239.9815
76,6.208253000000001
77,5.829656000000008
78,126.49130000000001
79,236.363
80,3.6190820000000006
81,44.966499999999996
82,4.701304999999999
83,148.0317
84,65.03660000000002
85,25.81490000000001
86,2.3538719999999995
87,96.96650000000001
88,130.25759999999997
89,6.036747000000007
90,4.703671000000003
91,44.58840000000001
92,81.82099999999997
93,41.68169999999999
94,5.534136999999999
95,4.265311999999995
96,3.341553999999998
97,7.274847000000002
98,268.2107999999999
99,130.49299999999997
100,256.732
101,5.082506999999999
102,256.5306999999999
103,2.8687879999999994
104,6.254314999999996
105,140.36980000000003
106,73.83229999999999
107,261.4418
108,2.5438659999999995
109,224.47049999999996
110,3.6068859999999976
111,44.8373
112,2.106772000000004
113,123.86730000000001
114,6.005476999999998
115,4.255941000000002
116,340.4752
117,256.44599999999997
118,217.0548
119,261.2021
120,237.98230000000004
121,147.3398
122,3.670827
123,131.1193
124,199.9664
125,190.90649999999997
126,6.417337000000004
127,145.387
128,3.5502890000000003
129,247.8026
130,133.5085
131,82.28710000000002
132,-5.981199999999998
133,79.72559999999999
134,289.0964999999999
135,6.307161999999993
136,2.675428000000002
137,136.715
138,5.601977000000006
139,226.805
140,299.707
141,96.7881
142,53.50620000000001
143,55.239400000000025
144,67.0627
145,6.955460999999999
146,148.8546
147,239.54799999999994
148,1.678821000000002
149,143.65869999999998
150,97.44679999999997
151,250.372
152,289.0956999999999
153,171.10199999999998
154,24.431500000000014
155,4.3088999999999995
156,214.5825
157,139.19029999999998
158,83.7793
159,99.68549999999999
160,6.3847970000000025
161,94.0182
162,3.924895
163,211.24290000000002
164,2.7723759999999995
165,78.02729999999993
166,222.67300000000003
167,231.842
168,6.305147999999999
169,2.1690120000000004
170,262.555
171,3.168246999999999
172,4.000803000000002
173,-60.613000000000085
174,3.916643
175,5.850281000000001
176,182.02900000000002
177,118.00659999999999
178,273.69719999999984
179,183.32150000000001
180,274.04849999999993
181,6.550400000000001
182,3.1464060000000007
183,345.87919999999997
184,6.327032
185,1.598325
186,3.294904999999998
187,2.724443999999999
188,3.9539310000000016
189,104.81279999999997
190,4.1953939999999985
191,2.384090000000001
192,67.3524
193,3.666973999999998
194,266.0027999999999
195,113.836
196,265.1595
197,109.305
198,219.4615
199,97.65150000000001
200,2.0097230000000024
201,2.9691810000000003
202,104.80640000000001
203,94.772
204,4.083295999999999
205,264.4453
206,49.31510000000001
207,205.0158
208,127.8813
209,86.76349999999998
210,229.1625
211,50.6232
212,81.8835
213,236.3114
214,86.84880000000001
215,50.100000000000016
216,96.9612
217,88.07999999999998
218,205.0164
219,233.0792
220,5.608100000000004
221,205.21179999999995
222,193.25190000000003
223,2.7831919999999992
224,169.57690000000002
225,240.84399999999997
226,273.3305
227,96.696
228,266.19399999999996
229,247.89
230,3.826722000000002
231,213.60050000000004
232,7.0494000000000065
233,57.645
234,208.581
235,121.15700000000001
236,2.4092860000000034
237,6.214754
238,68.24669999999998
239,5.9110239999999985
240,152.46379999999996
241,263.5207
242,238.54809999999998
243,3.6605689999999993
244,4.130043000000002
245,64.28800000000007
246,135.70900000000006
247,88.8963
248,6.863059999999999
249,5.977805000000003
250,105.84110000000001
251,97.697
252,220.59950000000003
253,7.422553999999999
254,233.743
255,-60.92390000000003
256,5.763919999999998
257,2.2220169999999997
258,50.6188
259,258.99769999999995
260,2.2583770000000003
261,5.858542
262,6.330851999999997
263,-59.07100000000003
264,3.8431
265,3.7141309999999983
266,2.453134
267,3.326532000000002
268,1.3199190000000007
269,214.8
270,2.898482
271,109.1064
272,87.30679999999997
273,4.396754000000005
274,5.190740999999998
275,267.52709999999996
276,236.52769999999998
277,196.8434
278,-67.0896
279,3.9533030000000027
280,185.6398
281,5.251085000000002
282,80.94459999999998
283,243.77219999999997
284,99.8715
285,246.33199999999997
286,186.555
287,257.49199999999996
288,6.432258999999999
289,98.31389999999998
290,4.447512000000001
291,164.84239999999997
292,3.5318020000000003
293,60.162599999999976
294,95.90909999999998
295,3.94662
296,124.04790000000003
297,48.28040000000001
298,-68.55090000000003
299,209.105
300,5.87087
301,2.3562099999999986
302,4.963777000000001
303,4.512278999999998
304,4.0143999999999975
305,4.813353000000001
306,143.43390000000002
307,2.7502639999999987
308,3.5138640000000017
309,197.76149999999998
310,2.2581169999999995
311,1.8635809999999986
312,3.675127000000001
313,91.89959999999999
314,3.9518999999999993
315,0.20240800000000042
316,3.743796000000002
317,3.7980469999999995
318,3.7091999999999983
319,82.05839999999998
320,1.8719729999999988
321,6.457492000000002
322,2.713533
323,1.8894569999999993
324,2.467208000000001
325,5.362593000000001
326,4.909606000000002
327,26.920299999999997
328,4.980209000000001
329,98.523
330,91.81800000000001
331,-14.850900000000001
332,5.637697999999998
333,3.7147270000000003
334,6.843921000000002
335,97.84810000000002
336,3.803150999999998
337,2.4627790000000016
338,117.013
339,47.741100000000024
340,315.6519
341,79.64859999999999
342,76.1193
343,3.5982999999999987
344,2.8645419999999997
345,113.521
346,2.728515
347,4.932900000000003
348,33.36300000000002
349,25.534100000000002
350,101.1125
351,251.66
352,54.54800000000001
353,1.167483
354,5.942981999999998
355,265.272
356,225.08469999999997
357,2.935896
358,-57.3879
359,3.915244
360,153.22729999999999
361,4.704362999999999
362,6.341652999999999
363,35.58099999999999
364,4.104319
365,5.125608
366,61.03449999999999
367,4.514485000000003
368,230.41499999999996
369,4.926460999999997
370,-59.04550000000002
371,246.71319999999992
372,47.1682
373,94.0584
374,47.20510000000002
375,129.516
376,3.000485000000001
377,1.977542999999999
378,3.8587869999999986
379,4.195872999999998
380,0.8819979999999993
381,5.746756
382,5.863718000000001
383,53.93069999999999
384,1.804047
385,3.981738000000001
386,257.15139999999997
387,2.605773000000001
388,4.2246489999999985
389,65.92359999999998
390,4.935000000000001
391,212.78889999999998
392,6.241229999999999
393,3.9219999999999966
394,257.2607
395,176.15849999999998
396,4.945351000000004
397,1.7328920000000005
398,6.231287999999999
399,154.9194
400,309.59759999999994
401,1.6885489999999999
402,6.155301000000004
403,5.637700000000002
404,5.554142000000001
405,9.984500000000002
406,7.539565000000006
407,-69.51830000000001
408,4.031683999999998
409,3.1206480000000005
410,2.73394
411,2.7588669999999995
412,-51.397300000000016
413,322.5934
414,6.106044
415,43.448
416,3.2524999999999977
417,6.779490000000005
418,6.673147000000001
419,5.888040999999995
420,3.9919670000000003
421,213.62549999999996
422,148.89350000000002
423,156.9743
424,230.64339999999993
425,5.653868999999999
426,244.79259999999994
427,3.1903989999999958
428,127.52449999999999
429,2.297030000000002
430,4.2814340000000035
431,241.07299999999998
432,148.95770000000002
433,-7.825300000000002
434,6.0023919999999995
435,55.71429999999997
436,238.37919999999997
437,227.9803
438,184.2428
439,5.934780000000004
440,240.485
441,191.19029999999998
442,137.7336
443,269.7144999999999
444,5.597751999999999
445,5.969643
446,55.21580000000003
447,1.168863999999999
448,6.129892999999995
449,278.2521999999999
450,248.50650000000002
451,189.58339999999995
452,237.7645
453,1.9073939999999985
454,3.8358490000000023
455,125.975
456,3.313072999999997
457,4.554837999999998
458,239.88800000000003
459,87.19269999999997
460,54.08610000000001
461,104.44189999999999
462,6.578310000000004
463,179.771
464,5.283355
465,161.25969999999998
466,68.04129999999999
467,2.315179999999999
468,4.4772929999999995
469,3.9461999999999984
470,88.08439999999999
471,1.7888879999999998
472,1.9233230000000006
473,77.68090000000002
474,5.802791000000001
475,88.17639999999997
476,6.299441999999998
477,1.626650000000001
478,4.334178999999999
479,201.96919999999997
480,3.741998999999999
481,6.001647
482,233.335
483,1.7151759999999985
484,228.0927
485,136.643
486,4.456699999999999
487,2.6691410000000007
488,151.18599999999998
489,2.4883340000000014
490,4.476996
491,6.318377999999998
492,3.9700349999999998
493,4.052335000000003
494,246.6015
495,5.759669000000002
496,118.48769999999999
497,6.237314000000001
498,6.185499999999999
499,5.5655999999999946
500,12.170000000000027
501,2.7977469999999993
502,360.6345999999999
503,89.4175
504,33.1784
505,1.7562160000000007
506,6.248149000000004
507,330.32
508,92.0182
509,255.29729999999992
510,4.110246000000003
511,177.72050000000007
512,214.05419999999998
513,121.33400000000002
514,265.14069999999987
515,227.7654
516,256.961
517,221.56250000000003
518,6.481805999999999
519,59.1536
520,361.49569999999994
521,1.6582279999999998
522,3.875799999999997
523,250.0
524,4.1880239999999995
525,206.75029999999995
526,5.967391999999995
527,4.652417999999998
528,5.5554770000000016
529,6.440843999999995
530,266.466
531,86.58319999999996
532,3.9581609999999987
533,127.7593
534,4.393399999999998
535,6.953546
536,5.729501999999999
537,1.6570320000000007
538,4.311634000000001
539,271.262
540,261.8496999999999
541,252.1125
542,61.03579999999998
543,41.68200000000001
544,5.3634729999999955
545,3.798165999999999
546,4.086609000000001
547,2.094803
548,318.7855999999998
549,5.882802000000003
550,239.06519999999998
551,5.811672000000003
552,146.0368
553,3.9190009999999997
554,88.65559999999999
555,173.12260000000003
556,228.71949999999998
557,208.1464
558,5.979003999999994
559,5.607152999999998
560,111.64029999999998
561,101.26690000000002
562,137.4453
563,3.2858120000000004
564,84.09599999999999
565,137.56
566,2.5243810000000013
567,50.7642
568,122.2836
569,314.763
570,3.896776000000001
571,143.03099999999998
572,2.9182629999999983
573,46.8046
574,30.523899999999998
575,6.559065000000004
576,1.9296429999999989
577,2.4141730000000017
578,181.6419
579,64.3215
580,298.7025
581,52.94449999999999
582,112.2854
583,5.401540999999997
584,2.9203719999999986
585,186.274
586,5.992108999999998
587,189.5329
588,3.479116000000002
589,152.95359999999997
590,225.56080000000003
591,141.17620000000005
592,6.940938000000005
593,250.08370000000002
594,257.43969999999996
595,57.416000000000075
596,5.337108999999997
597,215.3573
598,2.526184
599,109.304
600,103.7015
601,151.03470000000002
602,58.28640000000008
603,2.1247750000000005
604,234.07729999999995
605,2.6883999999999992
606,3.7970170000000003
607,6.433110000000003
608,42.773
609,245.37869999999995
610,41.2536
611,97.4255
612,39.655300000000025
613,24.303300000000014
614,28.0537
615,1.9089800000000003
616,191.6757
617,-59.41300000000001
618,166.67
619,4.570609999999999
620,6.002814999999997
621,174.2114
622,108.96600000000001
623,146.0505
624,218.66670000000013
625,2.450764000000003
626,1.7985519999999995
627,80.077
628,4.402530999999996
629,242.09400000000002
630,4.621434000000001
631,2.1197869999999996
632,180.99919999999997
633,153.9249
634,234.50550000000007
635,2.454836000000001
636,166.8343
637,86.316
638,6.495774999999997
639,92.74189999999997
640,106.19409999999999
641,6.360942000000001
642,3.099833000000001
643,273.0292999999999
644,3.210174000000001
645,148.7581
646,61.2146
647,207.50949999999997
648,227.16639999999998
649,374.0967
650,295.7555
651,191.44800000000004
652,61.16560000000001
653,3.4660870000000017
654,239.4634
655,56.98499999999999
656,179.30400000000012
657,112.28949999999998
658,261.1016999999998
659,1.9089349999999987
660,160.2469
661,3.984674999999997
662,124.348
663,3.6898999999999997
664,-45.7583
665,79.6718
666,132.7786
667,181.9303
668,384.07329999999985
669,98.3035
670,213.30700000000002
671,110.4504
672,82.89819999999997
673,4.028193999999998
674,5.249558000000004
675,6.024036999999998
676,5.913160999999997
677,59.76260000000001
678,80.34419999999999
679,4.368088000000004
680,2.709882000000001
681,1.9708730000000003
682,146.7884
683,6.325245
684,80.91639999999995
685,214.41
686,5.790056000000002
687,369.26559999999995
688,157.8023
689,114.3098
690,246.88700000000006
691,3.1877849999999994
692,99.85179999999998
693,5.033580999999994
694,6.942199999999996
695,-17.29169999999999
696,293.7892
697,1.0042479999999998
698,285.89619999999996
699,2.0138280000000024
700,226.7854
701,3.8250020000000005
702,5.979493
703,67.76100000000001
704,91.12299999999999
705,122.0848
706,232.04799999999994
707,225.28889999999993
708,67.33740000000003
709,127.19200000000001
710,193.7554
711,235.43769999999992
712,6.674120999999992
713,50.404300000000006
714,6.474189000000003
715,235.6599
716,1.8181930000000002
717,91.4578
718,293.618
719,239.378
720,4.172505999999999
721,161.8324
722,2.159887
723,6.472758
724,0.7089300000000003
725,2.785265999999999
726,113.1992
727,247.94650000000001
728,102.34270000000001
729,84.09
730,149.8812
731,290.41499999999996
732,4.3272770000000005
733,6.311757000000003
734,-4.092600000000001
735,248.38449999999997
736,51.653800000000004
737,-5.869599999999996
738,130.0678
739,245.95050000000006
740,174.1275
741,66.0869
742,254.65549999999996
743,77.5271
744,2.0751270000000006
745,246.7832
746,226.222
747,3.70947
748,73.60479999999998
749,60.643999999999984
750,172.6898
751,-7.929699999999998
752,231.07399999999998
753,1.8670190000000004
754,246.2925
755,6.312165000000002
756,5.957762000000002
757,203.47800000000004
758,1.866243
759,-48.04230000000003
760,-50.926800000000014
761,218.7604
762,5.483578999999999
763,1.9452290000000005
764,56.2259
765,5.455083000000002
766,55.730199999999996
767,1.7276879999999992
768,4.3903219999999985
769,5.728287000000003
770,2.0529810000000013
771,243.1564
772,54.0135
773,112.0548
774,-29.976199999999995
775,-12.920499999999995
776,4.108700000000002
777,254.9362999999999
778,33.14699999999999
779,165.3058
780,100.90559999999999
781,299.7616
782,3.7079330000000037
783,40.65540000000001
784,2.4149959999999995
785,92.27960000000002
786,136.183
787,5.097132
788,1.9345269999999988
789,187.00130000000001
790,90.73630000000001
791,34.663399999999996
792,136.4905
793,43.990499999999976
794,264.14619999999996
795,-59.36919999999999
796,124.79880000000001
797,3.857266000000001
798,60.09049999999999
799,3.5333769999999998
800,5.624175000000001
801,183.35199999999998
802,77.73969999999997
803,139.20929999999998
804,6.394435000000002
805,2.235144
806,135.43
807,2.417961
808,89.366
809,1.566411999999999
810,52.12
811,240.4785
812,95.99350000000003
813,260.905
814,5.8245739999999975
815,4.819826
816,6.947126999999998
817,3.8624169999999993
818,-9.332600000000003
819,5.148458000000001
820,99.78
821,5.887414000000006
822,2.0453340000000004
823,26.233
824,115.31319999999997
825,7.400555
826,65.1965
827,4.360899999999999
828,5.9544669999999975
829,65.74400000000009
830,203.8425
831,97.05899999999998
832,6.042171000000008
833,330.92349999999993
834,180.90579999999997
835,139.2065
836,2.593923999999999
837,89.07780000000001
838,169.05879999999996
839,6.4570010000000035
840,168.15839999999992
841,181.72650000000002
842,77.8635
843,2.4111869999999977
844,4.186923
845,5.343377999999999
846,6.314844000000002
847,5.915643000000002
848,165.57389999999998
849,6.072982999999999
850,62.4788
851,120.41010000000001
852,57.379000000000076
853,128.88309999999998
854,-14.850900000000001
855,6.511701
856,255.42050000000003
857,105.84170000000002
858,74.99299999999998
859,140.6596
860,2.2633430000000008
861,4.104784000000001
862,3.168645999999999
863,58.68
864,246.09869999999998
865,258.1456999999999
866,244.38609999999994
867,5.481798
868,159.6695
869,170.55909999999997
870,111.09739999999996
871,214.0467
872,190.98809999999997
873,2.9533820000000013
874,62.624199999999995
875,5.772168999999999
876,104.12770000000002
877,33.938
878,39.206999999999994
879,6.182100000000007
880,6.544992999999998
881,176.21699999999998
882,5.484260000000002
883,255.791
884,5.913877999999995
885,188.9582
886,57.98169999999999
887,2.1600120000000005
888,2.188192000000001
889,225.70369999999994
890,4.328365000000002
891,2.684042
892,91.5715
893,5.199534999999994
894,78.91739999999999
895,3.505167
896,238.09949999999998
897,2.5416050000000014
898,234.00379999999998
899,-59.26420000000003
900,237.2139
901,3.507309000000003
902,193.0853
903,5.126387999999995
904,110.9276
905,1.9477099999999994
906,0.7406899999999998
907,195.99169999999998
908,70.95429999999995
909,91.72700000000003
910,2.2038969999999987
911,6.541458000000003
912,65.91029999999996
913,116.439
914,287.5984999999999
915,56.305499999999995
916,69.9041
917,-27.9158
918,2.852159
919,3.225451999999999
920,372.8489
921,135.8244
922,229.2052
923,2.620819
924,98.28800000000001
925,138.5161
926,46.5758
927,135.27030000000002
928,4.875072999999999
929,155.19709999999998
930,91.90250000000002
931,242.63639999999998
932,198.87760000000003
933,5.167748
934,2.131433000000002
935,146.8501
936,104.43299999999995
937,3.693473
938,4.517758999999997
939,128.49140000000008
940,1.8490680000000008
941,5.870083000000002
942,4.834684000000002
943,96.31300000000002
944,4.165063000000003
945,1.9892129999999995
946,98.24159999999996
947,50.01539999999999
948,94.1577
949,230.17699999999996
950,254.80639999999988
951,-0.2196999999999997
952,5.796799999999999
953,5.440566999999998
954,246.41799999999995
955,228.72
956,127.0027
957,2.522028999999999
958,3.138918
959,221.76849999999988
960,64.38550000000001
961,199.16
962,5.159198000000003
963,6.357596000000002
964,5.040187000000002
965,6.351300000000002
966,4.047487999999998
967,89.71250000000002
968,176.7638
969,157.94829999999996
970,6.454169000000003
971,353.1179999999999
972,5.5119789999999975
973,94.02339999999998
974,5.948266000000001
975,3.554323000000001
976,5.122669999999997
977,224.0728
978,267.5842999999999
979,2.7105249999999996
980,1.8256720000000002
981,-2.9415999999999998
982,98.1216
983,275.93
984,259.93999999999994
985,240.74
986,107.30040000000002
987,2.353513000000001
988,265.0705
989,371.12229999999994
990,118.91770000000001
991,3.8786999999999985
992,236.3875
993,233.87529999999992
994,2.9476580000000014
995,16.308800000000016
996,59.1779
997,2.077165000000001
998,74.459
999,88.12390000000003
1000,43.221599999999995
1001,256.6557
1002,181.4123
1003,5.344473999999999
1004,1.1174050000000006
1005,1.7445240000000006
1006,3.8762999999999987
1007,158.2067
1008,2.0646669999999987
1009,5.956776000000001
1010,88.69390000000001
1011,251.9217
1012,28.2502
1013,146.8714
1014,100.7678
1015,240.48
1016,6.383982000000003
1017,5.272492000000001
1018,3.3626200000000015
1019,6.469694000000001
1020,4.041774000000003
1021,132.93460000000002
1022,57.7539
1023,180.6079
1024,144.0162
1025,5.088757999999999
1026,2.7288349999999997
1027,4.151205999999999
1028,100.277
1029,3.8637400000000035
1030,26.964999999999996
1031,226.06659999999994
1032,3.374215000000001
1033,2.8711820000000006
1034,235.43739999999997
1035,1.483689
1036,235.0349
1037,6.749058999999999
1038,109.71699999999996
1039,3.682200000000002
1040,-46.079899999999995
1041,3.7779290000000056
1042,4.931661000000003
1043,3.9408420000000017
1044,367.3445999999999
1045,101.1446
1046,30.006500000000003
1047,226.76550000000006
1048,1.8173199999999992
1049,5.046471000000001
1050,5.657900000000003
1051,72.11869999999998
1052,191.77
1053,244.9842
1054,6.1920509999999895
1055,96.6192
1056,51.35720000000001
1057,3.8458829999999993
1058,3.9891309999999978
1059,3.0593379999999986
1060,92.41359999999999
1061,3.5245439999999983
1062,5.993900000000005
1063,293.39
1064,216.8782
1065,90.3256
1066,235.42879999999997
1067,225.93500000000003
1068,5.563999999999996
1069,3.9239019999999996
1070,274.30309999999974
1071,150.27030000000002
1072,5.261806999999997
1073,5.032568999999999
1074,6.136721000000002
1075,4.578509
1076,269.0054
1077,6.439897999999996
1078,78.31599999999999
1079,2.625193000000001
1080,2.176892000000001
1081,5.747916000000007
1082,3.9353200000000026
1083,3.549867999999999
1084,6.034981999999994
1085,131.3926
1086,256.7711
1087,60.1655
1088,305.1387
1089,8.781853000000002
1090,121.50609999999999
1091,224.75
1092,6.176688
1093,3.6163239999999996
1094,6.276185000000003
1095,3.3437249999999987
1096,3.349149000000001
1097,5.920044999999999
1098,125.55809999999998
1099,121.25519999999999
1100,5.647099999999999
1101,4.5194119999999955
1102,5.8312579999999965
1103,252.195
1104,4.4569
1105,88.43979999999999
1106,4.166897000000003
1107,5.916289999999995
1108,50.2772
1109,97.5932
1110,125.50449999999996
1111,3.447986999999999
1112,242.4844
1113,2.663593
1114,170.0614
1115,-22.053700000000003
1116,5.518664999999999
1117,267.45979999999986
1118,265.68699999999995
1119,3.7941059999999998
1120,88.83959999999998
1121,83.52799999999998
1122,211.23989999999998
1123,3.705670999999997
1124,114.02099999999999
1125,2.642128
1126,76.49820000000001
1127,6.193016000000001
1128,-43.0428
1129,151.2007
1130,5.856449999999998
1131,79.20270000000001
1132,6.444723000000003
1133,53.09610000000001
1134,125.41179999999999
1135,212.83750000000006
1136,-52.479900000000015
1137,3.9449999999999967
1138,98.9575
1139,94.5615
1140,111.8151
1141,215.07519999999997
1142,143.37599999999998
1143,18.434500000000003
1144,-7.867600000000001
1145,73.49920000000002
1146,60.3951
1147,4.177633000000003
1148,104.54700000000014
1149,49.1618
1150,4.504579999999999
1151,1.2045460000000001
1152,3.9147419999999964
1153,4.092521000000001
1154,65.6622
1155,233.47769999999997
1156,6.535805999999999
1157,92.1623
1158,176.32230000000004
1159,83.78779999999999
1160,105.598
1161,1.704719
1162,5.803717000000002
1163,5.380779999999999
1164,4.7561819999999955
1165,218.71050000000002
1166,91.59729999999999
1167,32.856
1168,4.242706000000003
1169,152.03770000000003
1170,4.246873000000004
1171,4.129200000000003
1172,-56.81350000000003
1173,3.863605999999999
1174,185.90550000000002
1175,-23.976
1176,262.5895
1177,2.4989160000000004
1178,168.3945
1179,2.3341620000000005
1180,2.838310999999999
1181,2.188150000000001
1182,225.19499999999996
1183,7.648915
1184,3.6569380000000007
1185,254.3227
1186,95.67409999999998
1187,4.096480999999998
1188,3.4985139999999983
1189,116.6067
1190,3.4327190000000005
1191,3.512348999999999
1192,4.830230000000002
1193,63.17439999999996
1194,5.138560999999999
1195,2.1073739999999983
1196,271.08
1197,99.43299999999999
1198,3.6046800000000014
1199,227.39449999999997
1200,59.505500000000005
1201,200.48089999999993
1202,-6.494699999999998
1203,3.436786
1204,181.0367
1205,1.8959379999999983
1206,223.7075
1207,140.59670000000003
1208,144.70020000000002
1209,219.1839
1210,241.59520000000003
1211,233.7089
1212,6.192717
1213,4.013470999999998
1214,215.46450000000004
1215,41.21970000000001
1216,220.82
1217,191.49459999999996
1218,-60.11680000000004
1219,6.251027000000002
1220,5.658077000000002
1221,251.8025
1222,5.795341999999994
1223,2.3054819999999996
1224,2.742092
1225,92.99359999999999
1226,1.4381200000000012
1227,4.399430000000002
1228,3.4645040000000025
1229,81.59929999999997
1230,93.1305
1231,244.165
1232,1.8266690000000003
1233,-33.1081
1234,3.530403999999999
1235,31.470499999999998
1236,245.1827
1237,3.9800850000000008
1238,2.516208999999999
1239,3.7943809999999987
1240,43.26029999999999
1241,2.1724040000000016
1242,3.8097859999999986
1243,5.1125000000000025
1244,180.0553
1245,3.9536990000000016
1246,210.44459999999998
1247,6.469715999999998
1248,111.04399999999998
1249,138.0248
1250,7.022229999999999
1251,85.9427
1252,5.749741000000001
1253,3.944302000000002
1254,3.292496999999999
1255,-22.728599999999997
1256,84.54
1257,93.5516
1258,249.9847
1259,95.79750000000001
1260,229.06300000000002
1261,5.829606999999997
1262,5.899207999999996
1263,127.55180000000001
1264,3.4279979999999988
1265,62.27369999999999
1266,113.2024
1267,2.286215000000001
1268,6.368008999999993
1269,256.87319999999994
1270,-53.4358
1271,264.825
1272,46.636
1273,-2.6506000000000016
1274,203.3823
1275,201.79819999999995
1276,43.015
1277,3.9374680000000017
1278,1.5262930000000015
1279,4.158317999999999
1280,14.330400000000003
1281,3.753698999999997
1282,120.72519999999997
1283,201.58309999999997
1284,2.803756999999999
1285,-61.75240000000001
1286,3.3709279999999984
1287,48.47679999999998
1288,110.94319999999999
1289,4.0936460000000015
1290,165.2242
1291,2.798931
1292,67.4465
1293,171.007
1294,250.99
1295,132.27080000000007
1296,6.167027000000002
1297,75.85670000000002
1298,47.24230000000002
1299,6.350399999999997
1300,211.2125
1301,268.9945
1302,211.9739
1303,6.344374000000003
1304,3.9837960000000003
1305,5.054082999999992
1306,69.55560000000001
1307,107.63819999999998
1308,1.872490999999998
1309,4.544500000000002
1310,325.09
1311,2.7235560000000003
1312,6.779897000000002
1313,64.97170000000001
1314,77.46309999999998
1315,106.3639
1316,246.94199999999998
1317,69.13600000000001
1318,2.1267670000000005
1319,202.2375
1320,226.07120000000003
1321,37.6535
1322,46.38580000000001
1323,197.6627
1324,252.67079999999999
1325,35.420500000000004
1326,62.6743
1327,276.724
1328,3.8258819999999987
1329,5.9193859999999985
1330,101.9598
1331,-17.498399999999997
1332,284.7032
1333,1.9940699999999993
1334,273.46439999999996
1335,1.8912439999999984
1336,127.77400000000009
1337,57.26140000000004
1338,255.69800000000004
1339,7.006197000000006
1340,182.26000000000008
1341,217.75900000000001
1342,153.7263
1343,-7.585599999999995
1344,199.134
1345,2.944404
1346,50.381499999999996
1347,91.62070000000001
1348,3.269861000000002
1349,246.58849999999998
1350,105.9491
1351,220.57600000000002
1352,2.412822000000002
1353,38.930499999999974
1354,5.076374000000003
1355,6.208017999999998
1356,3.922799999999997
1357,7.655497000000001
1358,6.196714000000001
1359,1.6785370000000013
1360,310.1067
1361,5.224501999999998
1362,6.280365999999997
1363,87.0538
1364,3.6983129999999993
1365,5.958916000000004
1366,6.444945999999999
1367,5.962557000000011
1368,63.05310000000002
1369,177.77949999999998
1370,264.3295
1371,221.42250000000007
1372,3.3411000000000026
1373,3.858659000000003
1374,146.55
1375,116.259
1376,5.299803000000001
1377,4.963573999999994
1378,144.3173
1379,55.18419999999998
1380,102.5076
1381,172.19889999999998
1382,90.33569999999997
1383,67.40299999999999
1384,16.277800000000017
1385,181.16050000000004
1386,2.8188659999999994
1387,78.2912
1388,1.6552590000000007
1389,249.875
1390,184.5625
1391,118.76609999999997
1392,74.60300000000001
1393,271.9127999999999
1394,32.3688
1395,52.857299999999995
1396,225.8382
1397,5.585233
1398,233.6729
1399,1.3181400000000008
1400,103.47059999999998
1401,266.09169999999995
1402,55.63539999999998
1403,223.58949999999996
1404,64.57640000000002
1405,226.69469999999998
1406,1.9541940000000004
1407,128.50750000000002
1408,7.28241
1409,3.9951040000000035
1410,272.1955
1411,213.27769999999998
1412,-15.674100000000005
1413,127.81000000000002
1414,202.4463
1415,1.8636320000000024
1416,2.555776
1417,3.9123119999999996
1418,296.83169999999996
1419,211.1667
1420,4.792840999999996
1421,126.47959999999999
1422,6.489293999999998
1423,3.613276000000003
1424,5.2783000000000015
1425,2.68783
1426,-28.1343
1427,4.4500850000000005
1428,4.202699999999999
1429,5.487705
1430,4.427803000000003
1431,6.481127000000002
1432,141.5932
1433,2.3129149999999976
1434,6.110333999999998
1435,4.287000000000002
1436,-47.1586
1437,172.28040000000001
1438,83.75839999999998
1439,6.433312000000005
1440,3.1116019999999986
1441,115.77840000000002
1442,126.11760000000002
1443,87.22549999999997
1444,5.692084999999996
1445,127.53460000000001
1446,268.25489999999996
1447,163.4426
1448,-34.521699999999996
1449,5.930479000000002
1450,244.86319999999995
1451,77.56739999999996
1452,4.808637999999998
1453,5.468600000000007
1454,230.5775
1455,82.1475
1456,1.5509999999999922
1457,8.114414999999994
1458,5.257754999999994
1459,260.56239999999997
1460,369.0367
1461,109.64390000000002
1462,-8.7573
1463,75.99
1464,5.866614000000007
1465,3.1725970000000006
1466,247.0875
1467,5.720698000000002
1468,5.570480000000001
1469,65.47449999999999
1470,3.624411999999999
1471,71.33519999999997
1472,6.793780999999998
1473,3.503564999999999
1474,235.98299999999992
1475,64.97989999999999
1476,6.217935000000001
1477,2.6269989999999983
1478,74.39700000000002
1479,5.720506000000001
1480,176.8757
1481,5.916077999999996
1482,67.3618
1483,6.199231000000002
1484,206.7224
1485,178.1909
1486,7.410484999999997
1487,3.9804999999999984
1488,65.44479999999997
1489,-26.1827
1490,71.23820000000002
1491,3.811114000000001
1492,2.0489529999999996
1493,6.571160000000003
1494,5.093615999999995
1495,62.1152
1496,7.375730000000001
1497,97.8303
1498,5.3943520000000005
1499,90.86540000000001
1500,7.1291000000000055
1501,5.7106129999999995
1502,40.56300000000001
1503,5.686499000000002
1504,2.155053000000002
1505,4.469447999999999
1506,230.66989999999998
1507,119.76
1508,57.3769
1509,83.9048
1510,3.123652000000003
1511,19.507500000000007
1512,82.47349999999999
1513,5.679907999999997
1514,254.815
1515,54.44740000000001
1516,2.8361490000000003
1517,278.5921999999999
1518,4.199529999999999
1519,321.6031999999999
1520,5.2429570000000005
1521,59.18760000000001
1522,4.626309999999999
1523,2.5841340000000006
1524,147.5625
1525,-47.24790000000004
1526,2.5470959999999994
1527,5.764769
1528,3.8171810000000024
1529,181.571
1530,242.31779999999998
1531,3.4055000000000035
1532,4.982399999999997
1533,3.566504999999999
1534,28.420299999999994
1535,69.23279999999998
1536,5.520083999999996
1537,2.6282389999999998
1538,260.9584999999999
1539,211.57589999999996
1540,2.2441209999999994
1541,167.71620000000001
1542,3.109000999999998
1543,63.66670000000001
1544,7.508554999999998
1545,3.5530000000000035
1546,5.87159
1547,26.827799999999996
1548,208.05880000000002
1549,45.2144
1550,4.390972000000001
1551,2.2680810000000005
1552,237.005
1553,5.823458
1554,247.18970000000002
1555,211.3915
1556,3.861191999999999
1557,63.562700000000014
1558,3.7590000000000026
1559,221.47900000000004
1560,134.34090000000003
1561,228.19329999999994
1562,224.8565
1563,99.93390000000001
1564,3.5891889999999993
1565,92.64729999999997
1566,3.8748270000000025
1567,85.74699999999999
1568,82.93799999999999
1569,38.93549999999999
1570,360.87
1571,3.408094000000003
1572,92.78450000000001
1573,2.013053999999999
1574,4.097873999999999
1575,6.118912000000002
1576,4.0022030000000015
1577,5.619413999999997
1578,91.72700000000003
1579,5.274131000000001
1580,213.99599999999998
1581,222.37579999999994
1582,6.7992509999999955
1583,279.90049999999997
1584,292.88
1585,5.835096000000004
1586,4.786699999999995
1587,52.545399999999994
1588,259.61
1589,6.3082160000000025
1590,6.239999000000001
1591,123.97630000000001
1592,7.392220999999991
1593,101.15230000000001
1594,225.132
1595,104.29950000000001
1596,5.981086000000002
1597,96.5512
1598,6.2357309999999995
1599,5.269408999999999
1600,4.413999999999998
1601,2.391584
1602,5.932197999999999
1603,222.31570000000002
1604,42.78649999999997
1605,87.646
1606,243.88150000000002
1607,14.958499999999999
1608,4.061931999999999
1609,6.853447000000001
1610,5.275052999999998
1611,186.33369999999996
1612,115.46189999999999
1613,3.206044999999999
1614,263.51599999999996
1615,5.543074000000006
1616,4.207292000000001
1617,207.06589999999997
1618,208.96919999999997
1619,-12.7065
1620,92.92559999999997
1621,3.377654999999999
1622,3.606124999999998
1623,2.4029359999999995
1624,198.1714
1625,112.2616
1626,1.6305660000000004
1627,97.6626
1628,3.8508039999999992
1629,141.3807
1630,62.32779999999999
1631,4.9975119999999995
1632,275.40539999999993
1633,4.823369999999998
1634,69.0771
1635,3.8955750000000005
1636,4.559399999999997
1637,7.772599999999994
1638,171.5142
1639,79.9554
1640,4.269293999999999
1641,279.4565
1642,167.6685
1643,195.0175
1644,109.63879999999999
1645,210.8439
1646,7.264499999999997
1647,6.326758000000003
1648,12.290499999999998
1649,4.489999999999996
1650,66.2037
1651,6.1497850000000005
1652,6.301990000000002
1653,242.00499999999997
1654,6.560895999999998
1655,281.2681999999999
1656,41.37559999999997
1657,1.1616609999999994
1658,228.0995
1659,2.1818809999999993
1660,-18.578999999999997
1661,6.638594000000005
1662,202.64699999999996
1663,5.996350000000006
1664,200.6431
1665,1.0661359999999995
1666,86.05380000000001
1667,-52.61580000000001
1668,240.57450000000006
1669,40.952799999999996
1670,1.9933240000000014
1671,2.3208729999999993
1672,5.563691
1673,4.039657
1674,93.76310000000001
1675,2.2751380000000014
1676,-59.93140000000003
1677,28.067999999999994
1678,45.101699999999994
1679,247.01769999999996
1680,75.44740000000003
1681,1.4098710000000003
1682,3.0126560000000033
1683,78.742
1684,45.3935
1685,6.469942000000004
1686,155.93
1687,7.186710999999999
1688,213.3525
1689,249.7917
1690,3.040567000000002
1691,3.6265999999999985
1692,4.078291000000005
1693,3.8249100000000023
1694,141.75610000000003
1695,162.0127
1696,103.4311
1697,3.202326
1698,235.81150000000002
1699,216.41369999999998
1700,116.51529999999998
1701,295.46049999999997
1702,-42.16640000000001
1703,6.648156999999995
1704,5.6372120000000026
1705,3.7012370000000003
1706,128.5417
1707,5.987400000000001
1708,-5.790299999999999
1709,202.09479999999996
1710,5.784850000000007
1711,112.76899999999999
1712,1.894623999999999
1713,5.966419000000001
1714,-32.528400000000005
1715,5.019309999999993
1716,3.5573209999999995
1717,39.3808
1718,93.794
1719,-8.141799999999995
1720,6.274547000000002
1721,272.42049999999995
1722,3.7174039999999997
1723,188.7322
1724,167.666
1725,5.903218999999998
1726,4.119600000000002
1727,248.84419999999997
1728,4.035656000000002
1729,3.658999999999998
1730,130.6962
1731,226.5345
1732,4.609652000000001
1733,358.9990999999999
1734,276.1936999999998
1735,226.69289999999998
1736,3.6554170000000004
1737,262.325
1738,243.7415
1739,220.43319999999997
1740,52.7763
1741,114.28439999999996
1742,249.56669999999994
1743,5.421304
1744,185.47650000000002
1745,67.81819999999999
1746,3.574199999999996
1747,7.693404000000002
1748,175.7137
1749,3.640699999999998
1750,91.57859999999997
1751,75.54449999999999
1752,6.496387999999997
1753,5.995430000000006
1754,235.0382
1755,231.17
1756,1.9280779999999995
1757,201.27919999999997
1758,267.6196999999999
1759,4.188687000000001
1760,328.9733999999998
1761,217.88250000000008
1762,31.5845
1763,76.4347
1764,54.0839
1765,4.706826999999999
1766,248.9579
1767,188.355
1768,5.816316999999998
1769,115.0839
1770,67.9295
1771,2.9657169999999997
1772,174.067
1773,278.3959
1774,6.4835530000000015
1775,240.3271
1776,2.7973120000000007
1777,3.3310999999999997
1778,133.7341
1779,57.89599999999996
1780,95.98809999999999
1781,5.669633000000001
1782,246.6714
1783,252.8489
1784,4.393400000000003
1785,26.761199999999995
1786,3.5980029999999976
1787,76.70710000000001
1788,5.032476999999992
1789,2.3334360000000003
1790,132.24839999999998
1791,4.266135000000003
1792,2.7420540000000004
1793,2.1547170000000007
1794,189.5964
1795,206.5332
1796,331.38219999999984
1797,113.1798
1798,6.401861999999999
1799,91.4765
1800,166.24380000000002
1801,5.330595999999998
1802,2.5051749999999995
1803,130.1023
1804,3.885166000000001
1805,181.71340000000004
1806,5.849318999999997
1807,300.6235
1808,138.93159999999997
1809,-18.2138
1810,4.2434769999999995
1811,2.4824160000000024
1812,-9.631300000000001
1813,3.2614419999999997
1814,164.7543
1815,220.7955
1816,5.553798999999999
1817,96.91409999999998
1818,33.771
1819,228.06619999999998
1820,6.639795000000004
1821,3.1617560000000013
1822,243.65499999999992
1823,-0.395
1824,96.7307
1825,2.2903980000000006
1826,5.946061000000004
1827,5.456770000000003
1828,2.217132000000001
1829,257.026
1830,239.879
1831,6.850820999999999
1832,78.98370000000001
1833,3.678337000000001
1834,5.233512000000004
1835,113.44200000000001
1836,6.304607000000003
1837,5.735556000000003
1838,6.015300000000009
1839,105.61590000000002
1840,72.5764
1841,-73.73550000000002
1842,244.7897
1843,229.125
1844,202.26739999999998
1845,192.3039
1846,-11.198299999999996
1847,269.7311
1848,94.1305
1849,3.7800010000000026
1850,5.550069
1851,-69.80000000000013
1852,6.157838000000002
1853,65.7742
1854,67.08179999999999
1855,5.233645
1856,185.8516
1857,3.5938089999999994
1858,5.129011999999996
1859,6.809024000000007
1860,5.403032000000003
1861,119.898
1862,6.2969339999999985
1863,68.3542
1864,65.90480000000001
1865,233.01989999999998
1866,113.29709999999999
1867,150.3719
1868,232.4235
1869,158.23
1870,3.667018000000001
1871,129.71759999999998
1872,70.834
1873,3.9573230000000006
1874,48.12049999999999
1875,168.2261
1876,2.9153180000000005
1877,2.5725900000000013
1878,63.056
1879,84.47469999999994
1880,274.0364
1881,6.047090999999999
1882,82.06289999999997
1883,6.810199999999996
1884,116.73000000000002
1885,283.7527999999998
1886,242.67909999999992
1887,4.2491629999999985
1888,228.81409999999997
1889,237.71369999999996
1890,2.309270999999999
1891,229.3541
1892,240.55419999999998
1893,4.034772999999999
1894,2.109596999999999
1895,42.965599999999995
1896,5.991615
1897,70.96969999999997
1898,-7.8587000000000025
1899,3.5102080000000018
1900,5.755154999999999
1901,253.12119999999996
1902,231.82150000000001
1903,-57.27800000000001
1904,35.155100000000004
1905,67.0186
1906,209.0534
1907,6.907517999999995
1908,6.321969999999998
1909,118.7245
1910,5.873245000000005
1911,5.4503999999999975
1912,3.629564000000002
1913,87.48729999999999
1914,-4.7449
1915,6.651321
1916,1.21148
1917,3.2645380000000004
1918,169.13559999999998
1919,4.279942999999996
1920,4.536599999999996
1921,81.46610000000001
1922,3.6883630000000007
1923,6.440677000000003
1924,2.5229960000000036
1925,3.8546929999999997
1926,50.79179999999999
1927,179.3595
1928,5.135819000000003
1929,42.92059999999999
1930,2.7573320000000012
1931,6.106740999999996
1932,4.588953999999995
1933,2.624191999999999
1934,249.23799999999994
1935,6.200859999999995
1936,3.5719460000000014
1937,-56.52510000000003
1938,-41.8438
1939,2.4715070000000012
1940,244.5745
1941,3.611686
1942,239.53329999999997
1943,4.229171000000003
1944,237.54949999999997
1945,265.4637999999999
1946,5.8952430000000025
1947,84.1178
1948,5.824955999999999
1949,-61.99140000000003
1950,71.02270000000001
1951,2.8144270000000016
1952,-19.68839999999999
1953,296.2654
1954,2.715082000000001
1955,83.16490000000003
1956,2.054727000000001
1957,111.47699999999999
1958,3.8485909999999963
1959,219.99919999999997
1960,85.0429
1961,0.9702979999999998
1962,4.291100000000002
1963,3.616637999999999
1964,5.002561999999998
1965,107.40709999999999
1966,3.7528089999999996
1967,4.3495530000000056
1968,333.3409
1969,82.15589999999996
1970,5.901559999999997
1971,3.3609819999999972
1972,193.81849999999997
1973,-33.5421
1974,2.828421
1975,3.072208999999999
1976,266.6823999999999
1977,1.6574460000000002
1978,168.4142
1979,155.87510000000003
1980,261.7117
1981,135.36540000000002
1982,163.837
1983,110.36519999999999
1984,6.27364
1985,4.7817760000000025
1986,3.8000000000000007
1987,6.102257
1988,1.1055590000000002
1989,5.660522000000006
1990,4.699782999999997
1991,-0.9941000000000002
1992,4.240063000000001
1993,15.338799999999994
1994,2.0486050000000002
1995,113.36970000000001
1996,3.863827999999998
1997,2.6502130000000004
1998,5.907185999999999
1999,361.74709999999993
2000,5.987012000000005
2001,254.02779999999998
2002,-69.33710000000002
2003,6.772421999999997
2004,282.34189999999967
2005,69.02279999999999
2006,4.237839000000003
2007,42.7692
2008,243.389
2009,102.64450000000001
2010,300.0664
2011,6.702499999999997
2012,108.30199999999999
2013,-26.1856
2014,247.01949999999997
2015,168.4648
2016,70.56439999999996
2017,3.718511000000001
2018,44.77399999999998
2019,60.36599999999999
2020,6.835849000000003
2021,4.532773000000001
2022,215.655
2023,88.2893
2024,3.3343429999999983
2025,4.293799999999999
2026,99.677
2027,5.913960000000002
2028,6.1895059999999935
2029,-18.8516
2030,294.70669999999996
2031,82.8355
2032,253.20459999999994
2033,163.4576
2034,2.761216
2035,61.56599999999999
2036,197.6
2037,4.366350999999998
2038,3.6282900000000025
2039,2.988982999999999
2040,83.61110000000001
2041,250.61720000000003
2042,4.020639000000002
2043,180.0884
2044,3.5206689999999985
2045,98.353
2046,247.0769
2047,5.420522999999998
2048,-12.6005
2049,1.7480049999999998
2050,268.25909999999976
2051,3.7283539999999995
2052,5.364948999999997
2053,209.50400000000002
2054,4.309942000000001
2055,3.737785
2056,-48.21550000000001
2057,214.57
2058,33.1254
2059,5.575000000000002
2060,37.46409999999999
2061,2.3155789999999996
2062,124.08200000000002
2063,3.411130000000002
2064,4.315264
2065,3.6526999999999994
2066,2.0060930000000012
2067,6.107590000000003
2068,3.988060000000001
2069,1.7663369999999998
2070,243.07
2071,261.37
2072,4.605951999999997
2073,193.33169999999998
2074,373.9189999999999
2075,234.17539999999997
2076,3.9138910000000022
2077,4.253300000000001
2078,3.8321450000000006
2079,3.710167
2080,2.629671999999999
2081,3.0864999999999982
2082,6.038800000000005
2083,57.416000000000075
2084,2.173139000000001
2085,4.9390000000000045
2086,123.87180000000002
2087,92.41009999999999
2088,59.45489999999999
2089,78.70269999999994
2090,239.79870000000003
2091,168.78580000000002
2092,-52.49630000000002
2093,4.4100769999999985
2094,4.300984
2095,80.1989
2096,71.56469999999999
2097,99.75040000000001
2098,5.875692
2099,57.973099999999995
2100,33.2401
2101,4.919626999999998
2102,5.50627
2103,88.9742
2104,102.569
2105,29.022699999999997
2106,255.19069999999996
2107,6.854125999999999
2108,6.681815000000001
2109,5.762213000000002
2110,236.32369999999995
2111,4.285799999999998
2112,50.9569
2113,80.67800000000001
2114,2.5756849999999964
2115,-5.004700000000001
2116,3.9159810000000026
2117,3.6300479999999955
2118,3.0695640000000033
2119,124.77600000000001
2120,4.438799999999997
2121,176.82309999999998
2122,230.7204
2123,2.757089999999999
2124,1.6246869999999995
2125,3.9879670000000003
2126,5.907143999999995
2127,65.89500000000002
2128,221.3867
2129,1.8536469999999992
2130,2.6854739999999993
2131,5.435992999999997
2132,6.006202999999997
2133,260.3517
2134,77.0509
2135,203.07199999999997
2136,65.61250000000001
2137,220.47799999999998
2138,3.415072000000001
2139,68.57180000000001
2140,52.98130000000001
2141,42.57469999999999
2142,5.546269999999994
2143,23.2957
2144,166.5232
2145,44.1375
2146,3.844599999999998
2147,4.455171999999999
2148,103.5888
2149,-47.767300000000006
2150,64.4036
2151,84.72749999999998
2152,4.593363999999997
2153,5.717558000000002
2154,2.1339569999999997
2155,2.3368669999999994
2156,5.94345600000001
2157,104.8415
2158,3.8249999999999993
2159,275.0319999999999
2160,120.3519
2161,264.74629999999996
2162,1.9097079999999993
2163,249.386
2164,6.4374480000000025
2165,2.914467
2166,2.7805529999999994
2167,35.975299999999976
2168,234.563
2169,2.536065000000001
2170,2.5237840000000014
2171,110.17800000000001
2172,5.651267999999999
2173,246.338
2174,235.195
2175,0.8378420000000001
2176,4.390729999999998
2177,14.35810000000001
2178,4.778991999999999
2179,87.17199999999997
2180,242.25209999999998
2181,2.3358170000000005
2182,169.77419999999998
2183,238.36669999999998
2184,6.075649000000007
2185,3.8181469999999975
2186,2.8517380000000028
2187,4.443392999999998
2188,268.17999999999995
2189,222.276
2190,129.7931
2191,2.955350999999999
2192,3.0319190000000003
2193,111.88990000000001
2194,3.934727000000005
2195,4.7452610000000055
2196,6.331836000000001
2197,1.9698019999999996
2198,3.2091409999999985
2199,3.1137100000000015
2200,1.7702349999999987
2201,4.004954
2202,100.85429999999998
2203,3.0487560000000014
2204,2.042315
2205,96.42349999999999
2206,5.258038999999991
2207,120.846
2208,5.449757999999998
2209,0.9418999999999988
2210,221.095
2211,1.7623019999999994
2212,3.9373670000000023
2213,6.476301999999997
2214,65.16229999999996
2215,27.8715
2216,79.9408
2217,4.613341999999998
2218,81.55519999999999
2219,2.537088000000001
2220,5.565438999999998
2221,3.890669999999998
2222,-38.16660000000002
2223,228.8344
2224,1.8556999999999981
2225,128.35379999999998
2226,-51.592300000000016
2227,88.98770000000002
2228,121.26790000000001
2229,103.1513
2230,3.278139
2231,5.739034999999998
2232,4.315373000000003
2233,222.23399999999998
2234,172.7224
2235,236.3611
2236,3.7952079999999997
2237,4.414325999999999
2238,256.4546999999999
2239,21.705999999999996
2240,240.15199999999996
2241,3.9204080000000006
2242,205.06369999999998
2243,6.2441350000000035
2244,99.4917
2245,220.299
2246,107.3658
2247,242.15449999999998
2248,6.0333000000000006
2249,263.2267999999999
2250,113.18950000000001
2251,4.400446
2252,249.12169999999998
2253,6.1610319999999925
2254,132.913
2255,-64.48600000000002
2256,68.75169999999997
2257,1.513402000000001
2258,3.8461940000000014
2259,103.16479999999997
2260,6.1911380000000005
2261,3.052799999999999
2262,1.6496330000000006
2263,98.5848
2264,114.5992
2265,64.77789999999999
2266,2.4053040000000014
2267,2.857626
2268,5.119427999999994
2269,4.100617999999998
2270,8.770319000000002
2271,151.5426
2272,43.7196
2273,2.5385970000000015
2274,6.262325999999998
2275,6.417941000000001
2276,4.2605970000000015
2277,5.495519000000002
2278,1.5209550000000007
2279,6.092534999999999
2280,2.3005269999999998
2281,240.41589999999997
2282,2.370879000000001
2283,4.138390000000001
2284,205.618
2285,3.227114999999996
2286,45.766200000000005
2287,5.792521000000004
2288,2.9509380000000003
2289,5.1315440000000025
2290,13.949000000000007
2291,64.7471
2292,4.407624999999999
2293,1.9487469999999991
2294,63.13390000000003
2295,3.1501730000000006
2296,5.027599999999995
2297,170.03650000000002
2298,-20.918299999999995
2299,162.65030000000007
2300,4.171969000000001
2301,5.118771999999994
2302,-55.356300000000005
2303,176.0822
2304,5.790368000000001
2305,36.8806
2306,267.5254
2307,-16.505199999999995
2308,65.57839999999999
2309,6.249158999999997
2310,183.9203
2311,-59.68970000000002
2312,125.4785
2313,3.9328680000000027
2314,4.863776999999993
2315,275.3084
2316,6.641412
2317,3.967099999999998
2318,205.165
2319,6.605149999999994
2320,43.25009999999998
2321,5.4159640000000016
2322,255.6954
2323,161.02219999999997
2324,1.954339999999999
2325,26.236000000000004
2326,3.2895239999999997
2327,90.81299999999999
2328,3.846456000000001
2329,359.0496999999999
2330,158.695
2331,0.20240800000000042
2332,245.046
2333,0.3194000000000024
2334,77.92319999999998
2335,5.497127000000002
2336,57.945399999999935
2337,106.15159999999997
2338,161.93149999999997
2339,19.289
2340,54.47729999999997
2341,212.62209999999996
2342,1.7698979999999995
2343,6.1592959999999985
2344,296.21969999999993
2345,5.668496000000001
2346,65.00859999999999
2347,100.6792
2348,1.8721979999999991
2349,242.922
2350,55.65050000000001
2351,4.814936999999993
2352,4.016947999999997
2353,1.5110300000000008
2354,-7.66
2355,155.494
2356,3.878626000000001
2357,105.90509999999999
2358,6.015766000000001
2359,6.683649999999997
2360,4.513800000000004
2361,6.28134
2362,211.606
2363,4.692176999999998
2364,271.80879999999996
2365,78.1785
2366,73.4863
2367,79.7807
2368,-79.92650000000002
2369,4.392773000000006
2370,242.517
2371,68.412
2372,74.31599999999999
2373,1.9423980000000014
2374,-40.94960000000001
2375,2.777183999999998
2376,92.8331
2377,121.38059999999997
2378,4.567055
2379,6.810188999999995
2380,58.93090000000001
2381,157.3498
2382,180.1415000000001
2383,34.1625
2384,3.487622999999999
2385,322.55479999999994
2386,5.857841000000007
2387,61.42010000000005
2388,264.86469999999997
2389,94.529
2390,1.9192420000000012
2391,87.31059999999998
2392,57.0443
2393,105.955
2394,172.773
2395,5.727382000000003
2396,3.320805000000003
2397,257.48440000000005
2398,261.2322
2399,4.4433419999999995
2400,134.2229
2401,90.1153
2402,209.33300000000003
2403,6.192871999999999
2404,1.9590200000000004
2405,5.204174
2406,2.457358
2407,104.75149999999998
2408,252.679
2409,189.87659999999997
2410,4.466627999999997
2411,6.8475569999999975
2412,258.5643999999999
2413,38.023900000000005
2414,4.055099999999997
2415,84.40780000000001
2416,250.76
2417,72.6247
2418,3.0369849999999987
2419,4.048500000000003
2420,1.8726569999999998
2421,59.06240000000002
2422,260.5818
2423,2.7382409999999977
2424,187.73449999999997
2425,5.948229000000001
2426,47.8789
2427,230.9925
2428,33.24690000000001
2429,4.358900999999998
2430,5.801762999999999
2431,4.550240999999999
2432,287.7664
2433,248.7865
2434,4.083731000000001
2435,48.53080000000002
2436,225.15699999999998
2437,-62.3362
2438,5.583425000000003
2439,7.128499999999999
2440,215.0228999999999
2441,6.1067389999999975
2442,6.045386
2443,4.965104999999998
2444,-18.969300000000004
2445,6.569998000000002
2446,5.843889000000001
2447,181.1675
2448,6.569526000000004
2449,5.892448000000003
2450,32.58770000000001
2451,3.0208259999999982
2452,3.775326999999998
2453,90.4355
2454,319.66339999999997
2455,175.0159
2456,5.2627910000000035
2457,228.8439
2458,6.390140999999999
2459,3.7161230000000014
2460,5.727820999999993
2461,10.694900000000008
2462,55.65199999999999
2463,6.058273999999992
2464,-70.65270000000008
2465,62.203199999999995
2466,206.7103
2467,160.59560000000002
2468,259.23839999999996
2469,256.30359999999985
2470,5.844102000000001
2471,119.3565
2472,3.239222000000002
2473,95.8849
2474,212.8964
2475,6.5398390000000015
2476,69.4508
2477,102.46709999999997
2478,117.2545
2479,5.333004999999995
2480,70.12879999999998
2481,39.8319
2482,2.4098699999999997
2483,5.101173000000001
2484,86.8933
2485,100.887
2486,6.371743000000005
2487,5.170501999999994
2488,-11.758199999999993
2489,196.6977
2490,6.785412000000005
2491,167.10139999999998
2492,60.178399999999975
2493,46.801400000000015
2494,5.809909999999998
2495,5.669300000000002
2496,196.85190000000003
2497,-8.635899999999998
2498,1.886063
2499,6.7704629999999995
2500,1.8990739999999997
2501,102.5368
2502,200.62419999999995
2503,86.10329999999995
2504,246.85719999999998
2505,3.2914770000000027
2506,4.3322999999999965
2507,261.6629
2508,199.632
2509,103.042
2510,6.687684000000001
2511,212.498
2512,56.0545
2513,59.301299999999976
2514,236.67079999999999
2515,258.6962
2516,2.246306000000001
2517,2.611878000000002
2518,253.16819999999998
2519,4.0216470000000015
2520,75.2906
2521,72.93639999999999
2522,2.3565390000000015
2523,6.505392000000003
2524,4.6371459999999995
2525,237.815
2526,4.815076999999994
2527,3.6771899999999977
2528,233.45
2529,141.44270000000003
2530,262.56899999999996
2531,222.86500000000004
2532,0.8048000000000005
2533,2.407995000000001
2534,5.959369000000001
2535,6.09622100000001
2536,3.7792999999999988
2537,6.254053
2538,5.55558
2539,120.22
2540,3.4228390000000006
2541,62.51449999999999
2542,-19.298199999999994
2543,5.326731
2544,88.34869999999997
2545,2.4591960000000026
2546,252.88799999999995
2547,11.791000000000004
2548,43.4151
2549,128.8628
2550,99.9156
2551,-64.13650000000001
2552,2.3046929999999985
2553,265.0729999999999
2554,2.1038920000000014
2555,36.254
2556,73.58719999999998
2557,4.464116999999999
2558,-24.9743
2559,6.219596000000001
2560,156.03689999999997
2561,2.337553
2562,236.6177
2563,255.5052
2564,271.8684999999998
2565,4.7985869999999995
2566,4.2547939999999995
2567,254.70899999999997
2568,8.851599999999998
2569,62.9275
2570,3.8070429999999975
2571,77.11859999999999
2572,-39.39480000000001
2573,215.884
2574,3.3057969999999983
2575,3.6257820000000023
2576,3.749568
2577,6.636900000000001
2578,158.762
2579,6.143205
2580,4.840872000000005
2581,2.475943000000003
2582,112.1372
2583,1.1332130000000011
2584,6.507531999999994
2585,54.52440000000002
2586,4.435357
2587,258.69229999999993
2588,178.4555
2589,4.673700000000003
2590,70.74100000000003
2591,1.9099260000000013
2592,161.0869
2593,46.4291
2594,90.50839999999998
2595,103.82429999999994
2596,32.8975
2597,5.205215000000001
2598,6.621264000000002
2599,8.2226
2600,5.154215000000001
2601,195.91199999999998
2602,6.079842999999994
2603,380.7857999999999
2604,206.2364
2605,85.8307
2606,3.6247450000000017
2607,43.12879999999999
2608,197.9375
2609,61.41160000000001
2610,2.6356170000000008
2611,46.03310000000002
2612,3.1588439999999984
2613,4.9209659999999955
2614,3.5642459999999976
2615,132.196
2616,133.39350000000002
2617,240.01399999999998
2618,200.47279999999998
2619,4.487074000000001
2620,2.6200320000000006
2621,3.6557439999999986
2622,2.610266999999999
2623,3.818002000000003
2624,6.306307999999998
2625,158.30669999999998
2626,269.0062
2627,-19.40329999999999
2628,151.925
2629,39.85030000000002
2630,76.16199999999999
2631,43.205799999999996
2632,6.164286999999991
2633,190.99790000000002
2634,55.505
2635,126.8645
2636,-59.75300000000003
2637,4.073744
2638,-68.60000000000001
2639,-58.16220000000002
2640,224.06009999999998
2641,5.134873000000002
2642,5.587822999999994
2643,70.75339999999997
2644,111.03949999999999
2645,258.14
2646,2.439040000000001
2647,3.802224
2648,5.138584000000002
2649,6.157237999999998
2650,199.62100000000007
2651,212.18200000000002
2652,56.30449999999999
2653,3.688745999999999
2654,81.21649999999998
2655,228.47799999999992
2656,224.00050000000002
2657,2.8080839999999996
2658,-50.186600000000034
2659,245.65490000000003
2660,1.8327920000000006
2661,259.5467
2662,122.30489999999995
2663,-51.611800000000024
2664,85.43699999999997
2665,269.2975
2666,260.12149999999997
2667,-40.77280000000002
2668,57.054000000000016
2669,6.816297000000007
2670,130.626
2671,170.4815
2672,135.202
2673,234.2695
2674,254.075
2675,2.336764
2676,-17.9457
2677,321.7561999999999
2678,39.0463
2679,5.740773999999999
2680,65.1354
2681,4.219321000000003
2682,3.9337369999999994
2683,2.601965999999996
2684,3.523702
2685,6.470935999999996
2686,32.680400000000006
2687,40.2064
2688,72.9181
2689,43.980299999999986
2690,157.9235
2691,75.6558
2692,46.80860000000001
2693,114.67
2694,100.6101
2695,6.640200000000002
2696,69.28469999999997
2697,3.6854999999999993
2698,2.404326
2699,3.9810999999999983
2700,193.7275
2701,100.5501
2702,57.995599999999996
2703,4.218026000000002
2704,163.97620000000003
2705,3.7423229999999985
2706,5.723184999999997
2707,189.4019
2708,3.613151000000002
2709,63.40840000000001
2710,5.714155999999998
2711,157.495
2712,1.9011410000000006
2713,148.59210000000002
2714,-58.34860000000001
2715,4.398435000000004
2716,2.7312299999999965
2717,267.0127
2718,4.478047
2719,3.315496
2720,6.478016000000002
2721,6.208341999999998
2722,3.921197000000003
2723,232.49939999999998
2724,6.218400000000003
2725,45.79950000000001
2726,40.246999999999986
2727,353.90019999999987
2728,70.19900000000001
2729,117.9297
2730,212.47060000000002
2731,170.83309999999997
2732,6.364351999999999
2733,213.3576
2734,113.87189999999998
2735,105.133
2736,-5.400399999999996
2737,169.335
2738,107.2155
2739,88.51960000000001
2740,5.436589999999996
2741,65.67980000000004
2742,1.8445840000000024
2743,77.82569999999998
2744,-26.949300000000004
2745,4.808547999999996
2746,201.57219999999998
2747,191.48669999999998
2748,2.999810000000001
2749,5.324782999999994
2750,222.1045
2751,262.966
2752,2.7649869999999988
2753,91.57509999999998
2754,0.585612
2755,22.858499999999996
2756,160.6418
2757,5.7128200000000025
2758,273.0783999999999
2759,137.921
2760,138.7567
2761,6.466564999999996
2762,4.204008999999997
2763,137.283
2764,4.713058
2765,127.00550000000001
2766,2.222256
2767,258.135
2768,4.515578999999999
2769,3.652534999999998
2770,140.52360000000002
2771,123.36759999999998
2772,6.196488000000001
2773,3.1212630000000035
2774,4.9792000000000005
2775,6.115411999999999
2776,3.7759910000000008
2777,256.0392
2778,23.378999999999998
2779,2.0448130000000004
2780,3.005927
2781,175.40829999999997
2782,225.52900000000002
2783,5.972099999999999
2784,81.8981
2785,5.626409000000003
2786,2.341338999999999
2787,98.34620000000001
2788,71.11899999999999
2789,146.553
2790,193.4734
2791,78.19050000000001
2792,96.3475
2793,199.49439999999996
2794,121.2585
2795,97.93629999999997
2796,193.0207
2797,79.09309999999999
2798,45.50549999999999
2799,29.799400000000006
2800,5.632014000000003
2801,4.3856389999999985
2802,3.59975
2803,50.20680000000002
2804,3.6158000000000006
2805,66.28170000000001
2806,6.258868000000001
2807,17.6425
2808,97.98939999999999
2809,5.861601000000004
2810,5.552626999999997
2811,172.53599999999997
2812,5.9031129999999985
2813,-9.818000000000003
2814,5.894687000000004
2815,248.58109999999996
2816,115.69700000000003
2817,247.66400000000004
2818,166.5175
2819,43.7933
2820,162.6891
2821,124.6286
2822,6.3818290000000015
2823,107.09599999999999
2824,233.7879
2825,81.59280000000001
2826,16.940100000000005
2827,6.373825000000003
2828,5.147610999999996
2829,4.898000000000003
2830,6.062355000000002
2831,5.942670000000004
2832,6.069606
2833,146.6079
2834,3.781042000000003
2835,3.3641179999999986
2836,3.3063999999999982
2837,3.77896
2838,5.762623000000001
2839,2.046241000000002
2840,66.00880000000004
2841,88.23999999999998
2842,258.87929999999994
2843,6.085503
2844,202.0831
2845,265.28569999999996
2846,3.4004389999999995
2847,93.27599999999998
2848,22.3303
2849,-61.33800000000003
2850,6.447291000000002
2851,5.849226000000001
2852,-15.070299999999998
2853,73.65650000000002
2854,2.2654010000000007
2855,69.94539999999999
2856,6.134868000000001
2857,52.386600000000044
2858,177.5717
2859,1.8334329999999988
2860,166.81599999999997
2861,276.0784
2862,255.21439999999996
2863,2.479659
2864,240.9117
2865,126.1055
2866,2.3708910000000007
2867,2.4696790000000006
2868,167.27020000000002
2869,68.36970000000002
2870,176.96419999999998
2871,6.087514999999996
2872,168.95210000000003
2873,4.9648839999999925
2874,116.83810000000001
2875,4.514899999999998
2876,8.73
2877,264.6114999999999
2878,-70.18700000000011
2879,5.001654999999993
2880,195.74579999999997
2881,5.476673000000002
2882,6.263736000000005
2883,6.1619759999999975
2884,6.496034999999999
2885,167.5765000000001
2886,141.0629
2887,5.943850000000008
2888,1.8302400000000005
2889,6.153625000000003
2890,1.8249660000000005
2891,-57.93020000000001
2892,116.79799999999999
2893,31.755999999999993
2894,28.122799999999994
2895,4.354390000000001
2896,2.9002199999999982
2897,5.177993
2898,136.44240000000002
2899,86.57379999999998
2900,2.665461000000001
2901,80.9965
2902,242.46169999999998
2903,255.18669999999997
2904,4.1323
2905,4.456233999999999
2906,30.6025
2907,4.143879000000004
2908,110.92280000000001
2909,2.065115999999999
2910,135.50300000000001
2911,3.226448000000001
2912,2.3379610000000013
2913,6.290421999999999
2914,29.974
2915,6.539410000000001
2916,218.9634
2917,180.8542
2918,3.631106000000001
2919,364.59009999999995
2920,208.82500000000007
2921,5.359942999999998
2922,3.9973920000000005
2923,126.4125
2924,5.328593999999998
2925,4.374987999999999
2926,6.008683999999997
2927,52.3134
2928,6.311515999999999
2929,136.4993
2930,239.81699999999998
2931,2.4503499999999994
2932,5.595478999999999
2933,30.817999999999987
2934,88.0689
2935,49.226600000000005
2936,-51.63580000000001
2937,6.214219000000002
2938,38.28520000000001
2939,2.9994290000000037
2940,125.85949999999998
2941,103.06200000000001
2942,72.0507
2943,6.554789999999994
2944,6.449541999999997
2945,5.956646000000002
2946,6.359296000000005
2947,-61.13010000000004
2948,2.5596699999999992
2949,6.608812999999999
2950,2.8949670000000003
2951,132.553
2952,139.78
2953,6.2921580000000015
2954,1.5721819999999989
2955,117.23810000000002
2956,6.342358999999998
2957,93.3369
2958,5.4011000000000005
2959,233.6653
2960,6.2451789999999985
2961,105.03190000000001
2962,3.5805780000000045
2963,3.892700000000001
2964,256.4657
2965,191.8175
2966,4.387099999999997
2967,3.5267910000000016
2968,161.7119
2969,-64.04500000000002
2970,1.852839000000001
2971,235.26069999999999
2972,6.002632
2973,105.33829999999998
2974,227.33970000000002
2975,4.595982999999998
2976,52.4825
2977,49.61140000000003
2978,4.942747
2979,4.457000000000004
2980,310.1588999999998
2981,270.48369999999994
2982,166.551
2983,111.8583
2984,244.66219999999998
2985,143.8265
2986,254.11900000000006
2987,229.3525
2988,115.63800000000005
2989,-20.105100000000004
2990,2.5760999999999994
2991,7.030979000000001
2992,3.172267999999999
2993,5.714600000000001
2994,-8.188799999999997
2995,53.4102
2996,3.9949289999999995
2997,3.676694999999997
2998,75.06550000000001
2999,150.5829
3000,71.79979999999999
3001,3.460980999999998
3002,264.93739999999997
3003,4.320132999999999
3004,285.86749999999995
3005,102.07259999999997
3006,106.91800000000005
3007,6.744434000000008
3008,2.494784
3009,43.03659999999998
3010,4.414192999999998
3011,30.1958
3012,5.092808
3013,178.6067
3014,6.432636
3015,3.3491530000000025
3016,5.828665000000004
3017,6.182786000000001
3018,4.440600000000004
3019,230.4698
3020,2.4042380000000003
3021,249.0943
3022,280.92069999999984
3023,3.7596259999999986
3024,141.586
3025,208.77550000000002
3026,182.1096
3027,6.090473000000006
3028,5.333998999999994
3029,-32.43180000000001
3030,-1.1447999999999998
3031,5.9566830000000035
3032,6.553669
3033,4.508674999999996
3034,121.21
3035,143.8878
3036,210.26059999999998
3037,5.430842999999999
3038,2.0965670000000007
3039,-41.583999999999996
3040,115.9196
3041,4.717463000000002
3042,52.334400000000024
3043,5.602962000000006
3044,220.27379999999994
3045,186.99579999999997
3046,4.027089000000002
3047,3.7978099999999997
3048,-8.071299999999997
3049,5.611692000000004
3050,190.40330000000003
3051,72.181
3052,6.392634
3053,4.077122999999997
3054,140.746
3055,180.13559999999998
3056,19.097400000000004
3057,2.7637389999999997
3058,104.5908
3059,1.8238339999999997
3060,240.3721
3061,5.245185999999993
3062,245.37150000000003
3063,168.12779999999998
3064,240.64199999999997
3065,247.21989999999997
3066,97.8057
3067,96.9549
3068,6.677154999999999
3069,6.516495999999994
3070,4.152637000000001
3071,6.134471999999996
3072,197.80309999999997
3073,158.3975
3074,6.22200399999999
3075,5.8167480000000005
3076,110.7387
3077,38.70569999999998
3078,111.89020000000001
3079,5.778802999999998
3080,3.430718
3081,-13.7191
3082,95.2739
3083,144.6586
3084,1.1262609999999995
3085,5.416230999999995
3086,224.334
3087,3.1276789999999983
3088,86.18310000000001
3089,3.748833999999998
3090,276.0276999999997
3091,123.7408
3092,124.61079999999998
3093,3.9512000000000023
3094,157.0526
3095,265.8525
3096,99.60810000000001
3097,4.6458999999999975
3098,5.857575
3099,-4.2784
3100,111.50049999999999
3101,3.715200000000002
3102,2.602291000000002
3103,3.1652359999999993
3104,62.332300000000004
3105,81.97049999999999
3106,42.95219999999999
3107,1.5136649999999992
3108,3.7390109999999983
3109,6.131062999999998
3110,259.76799999999986
3111,1.8089790000000014
3112,224.9815
3113,5.866793999999999
3114,35.4348
3115,255.34039999999987
3116,84.5705
3117,26.860499999999988
3118,296.1504999999999
3119,4.327754999999999
3120,49.657
3121,28.020799999999998
3122,171.20690000000002
3123,3.7717780000000016
3124,3.7161480000000036
3125,6.397300000000005
3126,159.488
3127,220.2028
3128,46.08549999999998
3129,365.1901
3130,2.1765280000000002
3131,111.66
3132,204.47209999999998
3133,100.15890000000002
3134,202.08409999999995
3135,1.692993999999999
3136,278.7894999999999
3137,3.475680000000003
3138,134.1629
3139,6.171573
3140,3.118855
3141,31.7152
3142,2.588173999999999
3143,142.9735
3144,262.3622
3145,5.613809999999998
3146,258.49269999999996
3147,98.7743
3148,155.642
3149,17.291700000000002
3150,1.6991460000000007
3151,249.60949999999997
3152,7.1945109999999985
3153,178.3488
3154,183.96
3155,-42.40340000000001
3156,11.251200000000004
3157,4.805743
3158,248.956
3159,96.12449999999998
3160,265.76349999999996
3161,-60.527400000000036
3162,4.913436999999998
3163,198.03650000000002
3164,3.4828850000000013
3165,1.0230000000000012
3166,79.48449999999998
3167,6.542497000000002
3168,5.106078999999997
3169,3.6807449999999995
3170,232.49650000000003
3171,3.1579270000000026
3172,182.1625
3173,290.915
3174,89.3266
3175,-59.55700000000002
3176,3.8829150000000006
3177,3.6970839999999994
3178,187.7238
3179,6.167619999999997
3180,310.9868
3181,197.8876
3182,260.388
3183,5.765470999999999
3184,65.7271
3185,6.365894000000003
3186,129.24689999999998
3187,305.68859999999995
3188,101.80490000000002
3189,219.63449999999997
3190,4.156898999999998
3191,321.86319999999995
3192,49.2772
3193,7.019767000000006
3194,4.365283999999999
3195,5.805486999999999
3196,133.94619999999998
3197,4.9941070000000005
3198,138.4665
3199,214.62259999999998
3200,2.564423999999998
3201,219.3556
3202,4.244037999999998
3203,4.661114999999997
3204,41.446800000000025
3205,6.425089000000001
3206,238.75130000000001
3207,5.935514000000001
3208,210.18419999999998
3209,-36.4753
3210,7.427992999999999
3211,128.30290000000002
3212,166.09029999999998
3213,2.5899860000000006
3214,246.942
3215,3.5793619999999993
3216,6.007602000000002
3217,165.7897
3218,194.88119999999995
3219,149.6256
3220,102.59649999999999
3221,66.30719999999998
3222,257.30299999999994
3223,249.65309999999997
3224,-61.02719999999999
3225,155.7162
3226,6.160685000000004
3227,5.6352329999999995
3228,61.88030000000003
3229,261.28
3230,231.155
3231,6.391565999999998
3232,4.659600000000005
3233,5.796811000000002
3234,4.006676999999999
3235,103.51449999999998
3236,169.3903
3237,49.435
3238,253.27009999999996
3239,6.375947000000004
3240,94.6733
3241,-6.040600000000001
3242,2.6161319999999972
3243,38.323699999999995
3244,149.3
3245,5.268721
3246,249.20269999999996
3247,6.0400779999999985
3248,34.864000000000004
3249,-20.181999999999995
3250,243.82140000000004
3251,195.14809999999997
3252,92.61929999999997
3253,53.98569999999999
3254,150.989
3255,6.181346999999997
3256,6.111603999999992
3257,71.935
3258,2.508219999999999
3259,77.98929999999999
3260,5.624018000000004
3261,106.00000000000001
3262,266.91
3263,3.024312
3264,4.0518069999999975
3265,129.6905
3266,3.9057
3267,6.227292000000001
3268,5.103641000000007
3269,4.644630999999999
3270,75.6966
3271,192.6484
3272,2.4252819999999997
3273,264.4275
3274,160.08039999999994
3275,102.07770000000001
3276,89.52320000000002
3277,6.3953890000000015
3278,7.189341000000009
3279,3.6117540000000026
3280,107.45229999999998
3281,243.63299999999998
3282,3.6012770000000014
3283,350.1456
3284,275.3490999999999
3285,101.0042
3286,2.894231999999999
3287,70.02519999999996
3288,1.6357999999999981
3289,1.8847400000000007
3290,77.49770000000001
3291,226.0079
3292,3.0610759999999986
3293,63.50630000000001
3294,217.09099999999998
3295,121.476
3296,63.140600000000006
3297,224.70850000000007
3298,2.4643449999999985
3299,223.572
3300,5.0297469999999995
3301,245.99009999999996
3302,184.9832
3303,49.01749999999999
3304,216.40979999999996
3305,5.251109999999999
3306,4.6107
3307,177.67559999999997
3308,3.2265030000000015
3309,6.216317
3310,-56.53420000000002
3311,3.572963000000003
3312,3.966181
3313,2.5715850000000007
3314,6.096268000000004
3315,2.698844
3316,268.20439999999996
3317,298.33
3318,73.4408
3319,1.9347529999999986
3320,2.233805000000001
3321,4.657773999999997
3322,184.72029999999998
3323,4.6501589999999995
3324,4.105194999999997
3325,355.60269999999997
3326,77.50630000000001
3327,-35.82210000000001
3328,6.119112
3329,1.8888270000000003
3330,215.2078
3331,60.87030000000001
3332,3.778441999999992
3333,208.9769
3334,117.88
3335,3.786852000000002
3336,5.8782999999999985
3337,1.8266910000000018
3338,1.7898729999999994
3339,40.842600000000004
3340,15.960999999999999
3341,57.04699999999999
3342,262.3382
3343,97.93369999999997
3344,4.231186999999994
3345,274.55999999999995
3346,257.8
3347,119.93549999999999
3348,59.694300000000005
3349,5.710751999999997
3350,3.828944999999999
3351,2.820741
3352,1.8552669999999991
3353,122.80310000000003
3354,43.603899999999996
3355,3.1196029999999957
3356,262.07
3357,2.859541000000003
3358,236.42309999999998
3359,116.09100000000007
3360,45.469399999999986
3361,3.6858929999999988
3362,3.975933
3363,3.8422289999999966
3364,45.972
3365,206.78150000000002
3366,68.94030000000001
3367,3.606700000000002
3368,168.1454
3369,4.065961999999996
3370,52.818000000000005
3371,51.90300000000003
3372,179.12300000000002
3373,72.52909999999999
3374,258.5094
3375,2.3307099999999985
3376,2.9498190000000006
3377,113.20880000000001
3378,5.358551999999998
3379,49.712300000000006
3380,284.01699999999994
3381,6.528999999999997
3382,105.363
3383,6.373516000000002
3384,53.2612
3385,4.378731
3386,-25.2957
3387,2.2197939999999985
3388,209.1093
3389,241.98600000000002
3390,1.8369009999999997
3391,5.729513999999998
3392,4.842598000000005
3393,181.972
3394,107.84609999999999
3395,5.403049999999997
3396,5.371927999999998
3397,117.36139999999999
3398,2.503361000000001
3399,234.96099999999998
3400,169.93
3401,5.380597999999997
3402,0.7473830000000001
3403,90.11550000000001
3404,138.80050000000006
3405,209.6177
3406,135.9916
3407,4.076069
3408,102.70229999999998
3409,143.99059999999997
3410,6.145391999999998
3411,5.7586970000000015
3412,38.9021
3413,2.2179480000000025
3414,6.517604000000002
3415,140.8567999999999
3416,93.83959999999998
3417,207.01919999999998
3418,156.43
3419,70.25289999999991
3420,61.00170000000001
3421,77.9549
3422,153.6164
3423,2.0685589999999996
3424,4.013222999999998
3425,70.2958
3426,3.576658999999998
3427,62.4938
3428,2.8766040000000004
3429,372.2267
3430,286.2074
3431,92.82029999999999
3432,5.952206999999996
3433,50.481799999999986
3434,1.9335900000000001
3435,281.0386999999997
3436,214.4235
3437,3.255499999999999
3438,55.04959999999999
3439,272.64139999999986
3440,5.224667
3441,4.716500000000003
3442,269.69899999999996
3443,4.5831689999999945
3444,201.61649999999997
3445,3.702800000000003
3446,5.906819
3447,336.7009
3448,5.440029000000007
3449,5.689473999999993
3450,56.460599999999985
3451,184.9197
3452,1.8286400000000003
3453,3.6935490000000017
3454,46.597699999999975
3455,4.284099999999998
3456,5.689536000000003
3457,3.835300000000002
3458,6.112922999999996
3459,219.2628
3460,-55.20870000000001
3461,5.152051
3462,28.9415
3463,233.48950000000002
3464,4.044999999999998
3465,3.457157999999999
3466,5.583356000000001
3467,90.93549999999999
3468,63.3875
3469,311.04
3470,159.1744
3471,-34.0135
3472,268.4847
3473,6.246896
3474,2.6843860000000017
3475,4.3170370000000045
3476,56.528999999999996
3477,3.6241530000000006
3478,6.0298750000000005
3479,2.022965000000001
3480,140.896
3481,117.48729999999999
3482,96.97550000000001
3483,68.16749999999999
3484,160.6975
3485,2.4973580000000024
3486,230.66759999999994
3487,5.762707000000001
3488,4.805300000000002
3489,2.504888000000003
3490,6.156520999999999
3491,3.4902820000000037
3492,2.746784
3493,253.76539999999997
3494,178.01999999999992
3495,6.179291999999995
3496,-25.6692
3497,4.535183999999998
3498,6.1183890000000005
3499,8.889399999999998
3500,72.98859999999999
3501,265.08299999999997
3502,5.989670999999996
3503,4.241124000000001
3504,44.772999999999996
3505,154.8259
3506,80.4015
3507,6.144847999999995
3508,3.011489000000001
3509,3.2617370000000023
3510,253.4602999999999
3511,1.9396649999999993
3512,73.7346
3513,98.5827
3514,3.384946
3515,93.35379999999998
3516,3.1502450000000004
3517,185.98489999999998
3518,4.014097
3519,186.8845
3520,247.53599999999997
3521,1.9240459999999988
3522,79.60949999999998
3523,4.8306759999999995
3524,5.292148000000001
3525,5.1466610000000035
3526,57.941
3527,1.6018080000000001
3528,251.98409999999996
3529,219.14209999999994
3530,2.8419089999999985
3531,95.25009999999996
3532,234.85350000000003
3533,68.895
3534,6.595259000000003
3535,85.78900000000002
3536,3.726885000000001
3537,90.20000000000002
3538,6.966099000000003
3539,39.79230000000001
3540,170.423
3541,30.055700000000005
3542,3.423710000000002
3543,137.0238
3544,62.5651
3545,2.599336000000002
3546,5.817235000000002
3547,175.5148
3548,5.270906000000004
3549,1.7348039999999976
3550,4.052004000000004
3551,3.9033770000000008
3552,5.685470000000001
3553,5.651284
3554,151.22930000000002
3555,4.191587999999998
3556,2.475889999999997
3557,116.0873
3558,5.162960000000001
3559,142.64700000000002
3560,73.28549999999998
3561,6.3217859999999995
3562,93.03569999999998
3563,-53.56610000000004
3564,5.828533999999999
3565,5.364496999999996
3566,136.767
3567,1.9851480000000001
3568,284.70599999999996
3569,207.7414
3570,-7.880799999999998
3571,226.7267
3572,1.8318190000000003
3573,6.117946000000001
3574,5.890334
3575,1.2417410000000004
3576,5.459320999999997
3577,5.412303999999999
3578,108.4395
3579,2.175805000000001
3580,92.98179999999998
3581,234.21099999999998
3582,61.6137
3583,68.68249999999999
3584,6.636664
3585,62.74769999999999
3586,5.839697999999994
3587,22.3153
3588,5.303180000000002
3589,247.73769999999996
3590,2.6083860000000016
3591,3.3482880000000006
3592,226.13819999999998
3593,5.0480920000000005
3594,82.85489999999996
3595,6.622368999999997
3596,38.54029999999999
3597,277.1937
3598,50.4432
3599,67.27109999999999
3600,2.7814099999999997
3601,272.0874999999999
3602,68.657
3603,5.306698
3604,3.4005040000000046
3605,142.88620000000003
3606,2.148664000000002
3607,3.352055999999997
3608,271.2011
3609,139.0084
3610,86.52609999999999
3611,5.626405999999998
3612,261.9089
3613,6.360692999999994
3614,4.974300000000001
3615,6.390100000000003
3616,94.5063
3617,5.060715999999998
3618,3.653581
3619,-65.5397
3620,-2.7389000000000006
3621,216.27200000000005
3622,5.2559559999999905
3623,249.855
3624,-0.7378000000000013
3625,108.88
3626,43.11449999999999
3627,50.394900000000014
3628,6.3741350000000025
3629,66.40239999999999
3630,259.1049
3631,246.67899999999997
3632,224.33599999999998
3633,245.99659999999997
3634,131.89000000000001
3635,82.1101
3636,4.4768060000000025
3637,45.77709999999998
3638,83.0388
3639,4.524527999999995
3640,247.21620000000001
3641,166.17
3642,181.1
3643,180.73809999999997
3644,6.559908000000004
3645,175.0395
3646,2.6463200000000002
3647,5.9173110000000015
3648,217.99150000000006
3649,-14.34259999999999
3650,3.5878540000000005
3651,183.4742
3652,53.07279999999999
3653,39.0889
3654,62.248999999999995
3655,2.1357630000000007
3656,132.9955
3657,6.866321000000005
3658,6.768323000000007
3659,4.686200000000006
3660,5.889536000000006
3661,60.94649999999994
3662,2.104264
3663,5.945072
3664,169.2707
3665,4.312135000000001
3666,259.475
3667,245.00800000000004
3668,279.8275
3669,199.5505
3670,6.461294000000004
3671,6.474571
3672,180.2072
3673,5.547985999999998
3674,261.38559999999995
3675,184.6825
3676,125.76720000000002
3677,95.33560000000001
3678,35.56820000000001
3679,4.071100000000004
3680,4.155126000000002
3681,121.91380000000001
3682,87.6019
3683,234.90250000000003
3684,36.285199999999996
3685,159.6892
3686,261.45599999999996
3687,92.5425
3688,257.60979999999995
3689,2.445923000000003
3690,197.4925
3691,141.752
3692,255.8294
3693,239.62099999999998
3694,1.7612260000000015
3695,241.1201
3696,160.3258
3697,0.7740729999999992
3698,-34.20089999999999
3699,4.105400000000002
3700,5.897611999999998
3701,381.2887999999998
3702,3.7341859999999985
3703,3.892399999999999
3704,5.676464000000001
3705,1.5134089999999991
3706,105.08060000000002
3707,4.182899999999999
3708,91.71949999999998
3709,3.2388180000000037
3710,6.615899999999998
3711,360.3734999999999
3712,78.14389999999999
3713,6.179678999999998
3714,284.12579999999986
3715,2.635371
3716,2.0222270000000004
3717,149.14150000000006
3718,78.8333
3719,224.5275
3720,136.9758
3721,3.358665999999999
3722,4.113659999999997
3723,3.289672000000002
3724,1.948492
3725,125.12810000000003
3726,1.6373959999999996
3727,271.6106
3728,74.0499
3729,-12.170299999999996
3730,119.5643
3731,71.57930000000002
3732,3.5816450000000013
3733,-35.641600000000004
3734,3.203451000000003
3735,2.056381999999999
3736,-8.315699999999998
3737,6.214298999999998
3738,240.76099999999994
3739,21.503999999999998
3740,261.47349999999994
3741,90.337
3742,243.97449999999998
3743,2.328219
3744,76.6747
3745,65.95109999999998
3746,5.120265000000001
3747,4.369598000000004
3748,158.70909999999998
3749,150.97790000000003
3750,1.6020560000000004
3751,244.49249999999992
3752,90.26450000000003
3753,5.206124999999999
3754,3.627199999999996
3755,93.19949999999999
3756,5.857775000000001
3757,40.24949999999998
3758,5.892988999999997
3759,79.6956
3760,1.9244680000000005
3761,6.3011769999999965
3762,5.941766999999999
3763,224.90720000000002
3764,239.85139999999998
3765,397.8147999999998
3766,6.919215
3767,262.3342
3768,38.73469999999999
3769,1.6773219999999995
3770,135.3751
3771,3.6843260000000004
3772,244.4474
3773,180.4525
3774,2.725081999999999
3775,3.7318170000000026
3776,220.3784
3777,6.076493999999996
3778,274.8517
3779,291.02889999999996
3780,6.293515999999994
3781,6.3397969999999955
3782,1.9111349999999996
3783,2.3957310000000014
3784,5.866992999999999
3785,19.781000000000002
3786,98.07619999999999
3787,5.891323000000003
3788,6.4609720000000035
3789,344.0992
3790,7.003992000000002
3791,6.4580480000000025
3792,4.216514999999998
3793,4.773299999999998
3794,-51.25530000000003
3795,246.3914
3796,128.1966
3797,4.279517999999999
3798,111.49279999999999
3799,-48.13980000000001
3800,242.10769999999997
3801,158.3904
3802,178.43579999999997
3803,100.40259999999998
3804,82.61249999999998
3805,6.007931000000001
3806,2.920202999999999
3807,71.33619999999999
3808,3.732031000000001
3809,-60.61540000000004
3810,2.3437189999999988
3811,5.022000000000003
3812,225.41850000000002
3813,4.150702999999998
3814,257.2804999999999
3815,7.589117000000004
3816,3.614646999999999
3817,55.06229999999999
3818,6.343826999999999
3819,2.481170000000001
3820,91.35860000000001
3821,7.9628
3822,5.456085999999996
3823,257.376
3824,5.2434530000000015
3825,244.3245
3826,6.021486000000013
3827,265.179
3828,224.885
3829,6.358849000000008
3830,204.18220000000002
3831,90.31460000000001
3832,1.8417949999999996
3833,-3.2964999999999973
3834,127.7294
3835,2.5459829999999983
3836,5.191477999999993
3837,6.8448679999999955
3838,6.030872000000001
3839,254.6207
3840,5.8503710000000035
3841,148.0574
3842,3.6308789999999984
3843,181.0652
3844,5.6354000000000015
3845,6.280658
3846,6.208370999999997
3847,75.7171
3848,108.62569999999998
3849,186.94
3850,79.21649999999998
3851,143.45900000000003
3852,275.8064
3853,4.944074999999999
3854,258.921
3855,1.975019000000001
3856,114.31
3857,3.8242559999999957
3858,4.1533359999999995
3859,244.1589
3860,6.260770999999997
3861,-59.555699999999995
3862,17.120000000000015
3863,3.735652999999998
3864,2.976524
3865,256.09
3866,4.4866660000000005
3867,216.9425
3868,4.625016
3869,2.9993000000000034
3870,70.63959999999999
3871,48.40029999999999
3872,3.851137000000002
3873,70.13470000000001
3874,268.88989999999995
3875,257.66139999999996
3876,153.1009
3877,-41.55050000000002
3878,167.83869999999996
3879,272.8725
3880,6.554424000000007
3881,3.699075
3882,2.244798000000001
3883,136.7337
3884,181.07449999999997
3885,6.455531999999998
3886,5.884074000000001
3887,6.036285000000003
3888,2.660283000000001
3889,182.2793
3890,1.482304
3891,3.175972999999999
3892,143.76860000000002
3893,4.162284
3894,370.94789999999995
3895,-51.41670000000001
3896,-49.853900000000024
3897,227.01350000000005
3898,200.56699999999998
3899,1.7551779999999997
3900,85.75389999999999
3901,171.24689999999998
3902,2.851140999999999
3903,54.41300000000002
3904,88.76
3905,3.7805500000000007
3906,7.656889000000007
3907,206.33
3908,175.05650000000003
3909,4.461294000000002
3910,4.0833999999999975
3911,273.92719999999997
3912,4.1820319999999995
3913,58.32720000000007
3914,269.9084
3915,8.006530000000005
3916,6.096432
3917,3.736000000000003
3918,-58.602900000000034
3919,4.975466999999996
3920,25.7825
3921,69.47370000000001
3922,7.5853
3923,2.4907900000000005
3924,250.57769999999994
3925,74.5638
3926,2.3436059999999976
3927,233.34849999999994
3928,3.399257
3929,5.780899999999998
3930,6.285129999999999
3931,164.90419999999997
3932,4.213874999999999
3933,2.8713950000000006
3934,6.2395770000000015
3935,193.11
3936,1.9549400000000017
3937,3.9588959999999993
3938,2.5569189999999993
3939,280.0254
3940,6.0132239999999975
3941,6.292235999999997
3942,5.284743000000002
3943,3.1679289999999996
3944,7.956999999999999
3945,231.15740000000002
3946,226.80939999999998
3947,57.9394
3948,113.94419999999998
3949,5.576823999999993
3950,246.107
3951,1.790822
3952,68.38370000000003
3953,89.15880000000001
3954,2.1798820000000014
3955,6.191541999999999
3956,99.8882
3957,70.3388
3958,132.4849
3959,214.206
3960,5.930668999999999
3961,6.314600000000004
3962,84.1127
3963,5.784203000000006
3964,100.18440000000001
3965,6.103232000000002
3966,3.7880659999999984
3967,4.245890000000002
3968,126.04299999999999
3969,-27.488600000000005
3970,2.7245450000000027
3971,3.622077
3972,2.6433030000000004
3973,3.2109059999999983
3974,75.6797
3975,26.2146
3976,3.5718079999999985
3977,4.220075000000001
3978,3.6764000000000046
3979,136.56800000000004
3980,229.32399999999998
3981,242.1087
3982,5.893241000000001
3983,5.727860000000003
3984,402.34079999999966
3985,221.5054
3986,229.70629999999997
3987,110.0548
3988,3.3940819999999974
3989,12.631099999999995
3990,107.7571
3991,241.45829999999995
3992,6.0179290000000005
3993,5.505312
3994,104.87019999999998
3995,140.091
3996,4.590544999999999
3997,130.626
3998,2.7044199999999994
3999,249.72859999999994
4000,5.2721880000000025
4001,4.3983659999999976
4002,28.20239999999997
4003,198.17430000000002
4004,2.164711
4005,274.2684999999998
4006,155.3845
4007,6.201538999999998
4008,3.505422999999999
4009,5.656475999999999
4010,197.86900000000003
4011,4.2312210000000015
4012,6.200814999999995
4013,242.18
4014,5.759328999999999
4015,6.279096999999999
4016,98.3618
4017,101.12289999999999
4018,142.5985
4019,3.2732229999999998
4020,1.9874750000000008
4021,129.3862
4022,15.506699999999999
4023,3.9898040000000012
4024,133.424
4025,120.53690000000002
4026,61.46959999999999
4027,180.27969999999996
4028,95.89029999999998
4029,7.305287
4030,2.3115840000000007
4031,104.55319999999998
4032,82.90440000000001
4033,4.133961000000002
4034,230.246
4035,194.36300000000003
4036,4.144253999999999
4037,3.885313000000002
4038,6.181700000000002
4039,5.86716400000001
4040,120.30500000000002
4041,285.2404
4042,49.52720000000002
4043,266.16949999999997
4044,4.0857139999999985
4045,70.5377
4046,5.8513470000000005
4047,4.334872999999999
4048,251.4217
4049,163.2325
4050,277.49559999999985
4051,32.549099999999996
4052,2.819044999999997
4053,4.079853000000001
4054,5.450528000000003
4055,4.387882999999999
4056,247.43689999999998
4057,6.7501269999999955
4058,232.53250000000003
4059,130.26889999999997
4060,226.5745
4061,77.66590000000001
4062,3.8505999999999947
4063,1.5538950000000011
4064,190.5485
4065,1.8441629999999976
4066,109.84029999999996
4067,185.8694
4068,246.29319999999993
4069,270.7123999999999
4070,2.8593840000000013
4071,3.163670999999998
4072,2.2486119999999996
4073,3.558998000000001
4074,4.010635999999999
4075,-58.78950000000003
4076,-13.1347
4077,4.354245999999996
4078,6.21361799999999
4079,6.847687000000003
4080,249.10240000000002
4081,3.9213230000000014
4082,77.38899999999998
4083,4.319868999999996
4084,12.39
4085,52.574600000000004
4086,38.633799999999994
4087,4.076549000000001
4088,5.203786999999994
4089,162.90019999999998
4090,181.1105
4091,4.328197000000002
4092,71.9458
4093,-37.367
4094,5.404369
4095,6.549354000000005
4096,2.5014330000000027
4097,4.289481999999996
4098,2.390491
4099,-54.72480000000002
4100,55.862499999999976
4101,6.388402000000002
4102,4.105566000000005
4103,81.6456
4104,211.1084
4105,6.111578999999999
4106,159.4091
4107,95.39399999999999
4108,67.7107
4109,210.85209999999998
4110,6.060399000000002
4111,123.8907
4112,60.05170000000001
4113,2.888613000000001
4114,5.198766000000005
4115,124.77510000000001
4116,150.98090000000002
4117,77.71139999999988
4118,281.12229999999994
4119,255.3665
4120,242.9201
4121,135.4405
4122,24.879600000000003
4123,2.2965120000000003
4124,87.7581
4125,2.0620249999999993
4126,67.6355
4127,5.691486000000001
4128,1.6478840000000008
4129,6.281911000000003
4130,2.1833989999999996
4131,60.18
4132,6.041413000000001
4133,4.32274
4134,88.70199999999998
4135,-19.89049999999999
4136,157.5375
4137,269.3511999999999
4138,-26.150300000000026
4139,100.32369999999999
4140,36.8984
4141,4.309448000000001
4142,102.7387
4143,246.2895
4144,60.6444
4145,13.940800000000007
4146,73.05149999999999
4147,77.63969999999999
4148,252.85869999999994
4149,58.87219999999999
4150,63.1698
4151,12.058400000000004
4152,132.8476
4153,4.353466000000001
4154,368.2967
4155,177.965
4156,3.860704000000004
4157,-21.1354
4158,3.887372000000003
4159,4.6265800000000015
4160,194.36810000000003
4161,167.9095
4162,6.3436369999999975
4163,78.21379999999999
4164,219.40529999999998
4165,40.5901
4166,81.94600000000003
4167,105.8377
4168,103.38160000000002
4169,2.5511129999999986
4170,6.297999999999999
4171,74.57119999999999
4172,4.612251999999997
4173,2.3973839999999997
4174,93.01370000000001
4175,150.57500000000002
4176,1.9881110000000015
4177,3.7541789999999997
4178,59.76260000000001
4179,129.33
4180,154.5002
4181,78.85889999999993
4182,0.24940000000000054
4183,97.33169999999998
4184,206.2798
4185,264.4204
4186,2.714082999999997
4187,55.26699999999999
4188,4.1893490000000035
4189,4.319111
4190,118.7116
4191,2.1989520000000002
4192,10.377200000000006
4193,49.531499999999994
4194,5.8132
4195,4.189508999999996
4196,137.49400000000003
4197,6.124073999999999
4198,2.635379
4199,4.346736999999999
4200,246.98019999999997
4201,241.42399999999995
4202,189.1924
4203,6.240768999999998
4204,120.0843
4205,5.015222
4206,7.786405000000013
4207,134.69
4208,199.083
4209,247.5719
4210,-51.48650000000001
4211,2.3409630000000003
4212,5.830454
4213,20.8211
4214,7.186240000000003
4215,3.663335999999999
4216,1.9106450000000013
4217,2.8358449999999995
4218,5.832840000000002
4219,78.53559999999997
4220,107.92260000000002
4221,2.0256650000000014
4222,129.934
4223,2.654287000000001
4224,6.308474
4225,4.585726
4226,262.1855
4227,2.8410369999999983
4228,214.3264
4229,123.79360000000001
4230,2.6419649999999995
4231,1.8370379999999995
4232,69.9412
4233,3.050217999999997
4234,37.831199999999995
4235,112.9329
4236,226.1914
4237,172.42
4238,2.6908530000000006
4239,37.8875
4240,35.999500000000005
4241,59.05099999999999
4242,169.44400000000002
4243,1.8519000000000034
4244,294.4932
4245,4.858644999999993
4246,1.9986560000000027
4247,3.831915000000001
4248,4.076099999999993
4249,17.004200000000004
4250,-9.065100000000005
4251,261.6059
4252,6.186983999999996
4253,5.654077000000001
4254,5.458651
4255,-56.941200000000016
4256,-9.566900000000004
4257,137.71640000000002
4258,2.8872029999999995
4259,1.5695659999999987
4260,80.52199999999999
4261,3.4305840000000014
4262,252.56759999999983
4263,49.1925
4264,2.602907999999998
4265,30.522499999999994
4266,4.294156000000001
4267,3.7187769999999993
4268,5.974599999999994
4269,249.03879999999998
4270,197.51749999999993
4271,122.6346
4272,4.984473999999999
4273,7.956730000000001
4274,151.2028
4275,6.402950000000001
4276,253.14219999999997
4277,226.92359999999996
4278,377.12669999999997
4279,282.3379
4280,90.6336
4281,89.94310000000002
4282,77.5348
4283,6.2747319999999975
4284,4.467870999999997
4285,111.3658
4286,273.9737
4287,1.7784619999999993
4288,149.0955
4289,217.82700000000006
4290,287.30909999999994
4291,3.168354999999999
4292,4.586627999999994
4293,24.1179
4294,-35.7363
4295,0.814790999999999
4296,5.746438
4297,6.3136329999999985
4298,5.780089999999998
4299,72.13449999999999
4300,45.47039999999999
4301,51.245200000000004
4302,-29.235000000000003
4303,2.613940000000002
4304,-69.50400000000003
4305,3.8643430000000016
4306,284.4796999999999
4307,3.0167460000000004
4308,84.05559999999997
4309,4.971451999999994
4310,2.8711750000000005
4311,48.80369999999999
4312,253.04479999999995
4313,3.528169
4314,2.6989590000000003
4315,241.595
4316,1.4083600000000005
4317,176.82309999999998
4318,6.090297999999994
4319,72.9733
4320,136.46070000000003
4321,4.566999
4322,267.96889999999996
4323,94.80799999999999
4324,3.5388610000000007
4325,6.502452000000004
4326,3.7542399999999985
4327,88.23349999999999
4328,220.92399999999998
4329,187.6444
4330,34.2526
4331,3.5908840000000004
4332,2.4551429999999996
4333,241.76209999999992
4334,3.9346619999999985
4335,3.7759769999999997
4336,2.141137
4337,5.993962000000005
4338,51.603799999999985
4339,4.791699999999994
4340,-26.5262
4341,93.85979999999999
4342,217.29649999999998
4343,200.31889999999999
4344,85.60869999999996
4345,5.944126000000004
4346,4.52937
4347,260.89269999999993
4348,5.812954999999999
4349,114.14029999999998
4350,35.8175
4351,52.82429999999999
4352,177.69
4353,4.396591999999999
4354,80.31609999999998
4355,133.9475000000001
4356,1.904405
4357,4.636323999999999
4358,270.5263
4359,226.72469999999998
4360,3.0142899999999972
4361,52.107000000000035
4362,3.827168000000001
4363,3.57625
4364,4.9085000000000045
4365,1.6355800000000005
4366,3.560704999999999
4367,256.4796999999999
4368,-17.599499999999995
4369,54.308099999999996
4370,6.234722999999995
4371,210.94250000000002
4372,64.46849999999999
4373,266.547
4374,6.062220000000001
4375,234.34649999999993
4376,273.4824999999999
4377,5.548161000000001
4378,5.426495000000004
4379,157.5594
4380,3.104657999999998
4381,2.291502999999999
4382,6.537708000000005
4383,57.766200000000005
4384,5.141399999999996
4385,150.7684
4386,9.1195
4387,245.01649999999995
4388,84.70259999999995
4389,6.523782000000006
4390,4.3049139999999975
4391,4.2820040000000015
4392,3.171214
4393,160.87740000000002
4394,92.81659999999997
4395,3.255599000000004
4396,35.3602
4397,2.6514689999999996
4398,6.521481999999997
4399,3.580684999999997
4400,225.3822
4401,6.082971
4402,219.43970000000002
4403,290.0367
4404,262.10369999999983
4405,262.0737999999999
4406,36.693200000000004
4407,57.47469999999999
4408,6.101990999999997
4409,197.946
4410,-46.33680000000001
4411,3.7371310000000033
4412,275.6346
4413,202.5992
4414,3.8381000000000007
4415,208.0075
4416,95.27079999999998
4417,2.606683999999999
4418,208.2471
4419,257.70669999999996
4420,374.7389
4421,325.09
4422,7.019300000000007
4423,2.4135519999999997
4424,112.93830000000001
4425,126.36170000000001
4426,5.2544830000000005
4427,211.9
4428,6.214062000000001
4429,4.425818000000004
4430,5.44957
4431,204.1216
4432,3.689899999999997
4433,3.7947850000000005
4434,88.25900000000001
4435,5.841401000000002
4436,5.98826
4437,76.1253
4438,143.02360000000002
4439,7.784285999999995
4440,244.2337
4441,2.199542000000001
4442,352.1998999999999
4443,6.076905
4444,249.085
4445,3.6983189999999992
4446,3.6773000000000002
4447,68.67669999999998
4448,4.613580999999999
4449,66.30050000000001
4450,136.5196
4451,90.1091
4452,241.96359999999996
4453,222.5814
4454,4.5239519999999995
4455,5.798967000000004
4456,214.2184
4457,4.058818
4458,6.9082970000000055
4459,104.67250000000001
4460,0.4660959999999995
4461,54.291199999999996
4462,212.97859999999997
4463,68.4945
4464,4.012999999999999
4465,102.04269999999998
4466,4.870592999999997
4467,46.495299999999986
4468,1.784608999999999
4469,2.0138810000000014
4470,4.657071999999997
4471,2.3857720000000016
4472,208.5485
4473,3.9525829999999984
4474,249.0734
4475,4.483244000000001
4476,80.18990000000002
4477,5.657294000000004
4478,4.363067000000001
4479,105.08879999999999
4480,256.69939999999997
4481,3.641500000000001
4482,165.8236
4483,74.9624
4484,274.23569999999995
4485,191.2978
4486,1.914928999999999
4487,129.151
4488,76.6237
4489,-40.56680000000001
4490,114.24600000000001
4491,5.219916999999999
4492,326.57989999999995
4493,288.07599999999996
4494,32.596999999999994
4495,2.862561
4496,65.03409999999998
4497,6.73104499999999
4498,220.28250000000003
4499,274.60989999999987
4500,171.5564
4501,6.147637
4502,5.835354999999998
4503,167.1756
4504,34.53370000000001
4505,57.50980000000004
4506,2.8219699999999985
4507,58.27450000000001
4508,139.0673
4509,86.76529999999997
4510,2.1440649999999994
4511,233.1609
4512,78.3212
4513,79.55359999999999
4514,5.411711
4515,3.074079
4516,2.6361350000000017
4517,5.877712999999999
4518,84.5659
4519,93.779
4520,58.06589999999999
4521,3.571470000000003
4522,70.3941
4523,6.6951509999999885
4524,196.51650000000006
4525,38.353499999999976
4526,2.2438069999999994
4527,115.0158
4528,60.570699999999995
4529,86.5055
4530,155.9668
4531,3.9476850000000003
4532,4.2854
4533,4.333569
4534,109.01059999999995
4535,6.296295000000002
4536,1.917681000000001
4537,1.7983509999999998
4538,5.888217999999999
4539,280.48679999999996
4540,274.16610000000003
4541,3.7725499999999976
4542,2.7089470000000024
4543,213.37750000000003
4544,77.774
4545,5.324318999999998
4546,76.521
4547,5.895275000000001
4548,234.3025
4549,3.899461
4550,206.423
4551,32.7915
4552,138.33059999999998
4553,104.00089999999999
4554,4.689467999999995
4555,195.94169999999997
4556,247.2659
4557,5.037534999999992
4558,4.502923
4559,69.8817
4560,7.3214400000000035
4561,5.314039999999993
4562,176.7559
4563,45.2144
4564,278.50409999999994
4565,52.81710000000004
4566,207.1882
4567,289.2519999999999
4568,135.43200000000004
4569,4.891427999999999
4570,216.399
4571,332.2809
4572,4.742171999999999
4573,2.9097569999999973
4574,1.8683240000000005
4575,5.803208
4576,169.9603
4577,274.5999999999999
4578,123.16190000000002
4579,53.5533
4580,0.5770179999999996
4581,373.3367
4582,84.6005
4583,3.736299000000002
4584,275.8005
4585,29.499499999999998
4586,6.157828000000002
4587,3.1858770000000014
4588,1.9376059999999993
4589,3.7379679999999977
4590,3.5726780000000007
4591,62.92699999999999
4592,5.216177999999998
4593,140.546
4594,-30.257700000000003
4595,3.4691809999999994
4596,85.21009999999997
4597,180.2789
4598,4.159800000000002
4599,-55.81920000000001
4600,69.46820000000001
4601,6.843118000000008
4602,5.018636
4603,5.342300000000002
4604,107.68260000000001
4605,1.874316
4606,95.43109999999999
4607,122.83840000000001
4608,3.9497569999999995
4609,204.551
4610,108.29400000000001
4611,90.9057
4612,2.489944000000001
4613,-65.905
4614,125.802
4615,-55.886200000000024
4616,4.195944
4617,4.565357999999998
4618,3.749696
4619,6.166893
4620,6.606205000000004
4621,128.0218
4622,4.1118670000000055
4623,6.336292999999995
4624,3.769450000000002
4625,74.401
4626,76.46170000000001
4627,4.904762999999997
4628,5.71723
4629,103.75619999999999
4630,5.691213000000001
4631,64.23010000000001
4632,6.466185000000004
4633,156.51620000000003
4634,5.697026999999996
4635,6.553773000000004
4636,129.6422
4637,6.4120500000000025
4638,346.29229999999995
4639,290.88
4640,2.1778690000000003
4641,177.605
4642,182.69050000000004
4643,53.2297
4644,68.1871
4645,5.927793000000003
4646,111.62530000000002
4647,44.5591
4648,100.13339999999998
4649,126.65050000000001
4650,170.8598
4651,61.5471
4652,4.469375
4653,259.66919999999993
4654,44.0898
4655,5.214863999999993
4656,3.631457000000001
4657,3.2196720000000005
4658,6.062078000000001
4659,120.97279999999996
4660,2.4967479999999997
4661,2.7389939999999977
4662,3.6955830000000005
4663,140.8165
4664,5.8545189999999945
4665,234.10069999999996
4666,242.25189999999998
4667,1.859583
4668,79.64549999999998
4669,279.7596
4670,32.723100000000024
4671,2.0512189999999997
4672,0.9021069999999992
4673,75.3181
4674,237.10399999999998
4675,1.8106699999999991
4676,207.247
4677,61.7558
4678,5.569019000000003
4679,60.98499999999999
4680,4.597400000000001
4681,2.4794080000000016
4682,111.07349999999998
4683,180.8493
4684,168.2415
4685,278.54329999999993
4686,5.629628000000004
4687,277.8203
4688,374.2789
4689,93.06060000000001
4690,6.181453
4691,6.7393149999999995
4692,4.238731999999999
4693,130.558
4694,4.660500000000002
4695,339.38339999999994
4696,3.190723000000002
4697,2.5644
4698,4.460127999999998
4699,3.9276040000000005
4700,74.50240000000002
4701,5.857828
4702,1.8977889999999988
4703,3.7760760000000033
4704,4.420758000000004
4705,249.6017
4706,4.254886000000002
4707,5.139307999999996
4708,2.9904730000000006
4709,84.57570000000001
4710,235.041
4711,6.2401129999999885
4712,228.5764
4713,3.536525
4714,5.884551000000003
4715,67.2561
4716,86.9598
4717,7.345734999999995
4718,6.154610999999999
4719,227.2875
4720,100.75200000000001
4721,5.9914739999999975
4722,3.7798000000000003
4723,6.414189999999998
4724,67.70469999999999
4725,136.52270000000001
4726,3.9195399999999965
4727,254.798
4728,231.20129999999995
4729,3.7830999999999992
4730,225.28889999999998
4731,61.41740000000001
4732,-3.4149999999999996
4733,5.536903000000004
4734,6.2827020000000005
4735,5.797311
4736,2.943013
4737,39.9014
4738,22.023099999999996
4739,152.7454
4740,345.69919999999996
4741,6.073567999999998
4742,71.37259999999999
4743,5.877133000000002
4744,222.82979999999995
4745,119.28280000000001
4746,4.330791000000002
4747,2.5777890000000023
4748,3.3860530000000013
4749,5.604547000000002
4750,5.737392999999998
4751,4.215916000000002
4752,107.46809999999999
4753,116.92739999999999
4754,205.9445
4755,3.9892000000000007
4756,2.030989
4757,5.178576000000003
4758,69.3488
4759,78.48639999999997
4760,4.224855
4761,3.543143999999998
4762,202.7942
4763,213.365
4764,2.4487350000000014
4765,323.0334
4766,75.16109999999999
4767,80.7429
4768,65.8101
4769,-56.40700000000001
4770,64.3889
4771,43.8555
4772,4.610705999999997
4773,4.115441
4774,141.78179999999998
4775,2.4679170000000012
4776,3.5408539999999977
4777,239.40599999999998
4778,5.490698
4779,39.108999999999995
4780,3.5194160000000005
4781,74.15039999999998
4782,3.870818999999999
4783,4.002099999999993
4784,2.7613910000000006
4785,60.9331
4786,76.30770000000004
4787,5.781423999999998
4788,3.252438
4789,3.6570629999999995
4790,135.53
4791,202.55569999999997
4792,4.647710999999999
4793,183.47650000000002
4794,71.86810000000001
4795,259.0169999999999
4796,3.3024180000000034
4797,164.2744
4798,5.953920000000011
4799,4.256999999999998
4800,276.97769999999997
4801,3.7201580000000005
4802,3.919548999999999
4803,265.83179999999993
4804,1.7931449999999995
4805,223.863
4806,3.9888700000000012
4807,2.8485069999999983
4808,46.4291
4809,107.5623
4810,1.6559500000000003
4811,2.109913999999999
4812,5.210121999999995
4813,272.70689999999996
4814,240.8775
4815,2.799095
4816,2.518465999999998
4817,6.214113999999998
4818,1.700715999999999
4819,123.0346
4820,1.7957670000000017
4821,207.2325
4822,102.0325
4823,4.5008009999999965
4824,3.8525789999999995
4825,249.515
4826,5.118377999999996
4827,5.155058999999999
4828,240.2787
4829,91.7035
4830,122.32920000000001
4831,163.3892
4832,7.072336999999999
4833,3.9147000000000003
4834,120.26450000000001
4835,3.6672999999999973
4836,6.258632000000001
4837,223.1884
4838,65.6008
4839,362.16009999999994
4840,2.711695
4841,111.29539999999997
4842,-16.986599999999996
4843,2.456522000000003
4844,3.812662000000001
4845,4.625520999999999
4846,7.0363439999999935
4847,3.798461000000001
4848,2.4133640000000023
4849,4.590055999999996
4850,6.5218260000000035
4851,6.061492
4852,114.375
4853,318.6567
4854,2.418481
4855,3.455069000000001
4856,130.17289999999997
4857,214.2885
4858,197.59620000000004
4859,160.8588
4860,337.67329999999987
4861,81.34049999999999
4862,97.30740000000002
4863,7.057807000000002
4864,5.817563999999997
4865,1.8943700000000012
4866,1.1392209999999985
4867,3.502573000000002
4868,103.96209999999999
4869,0.9541299999999996
4870,91.9602
4871,6.4321730000000015
4872,2.2583550000000012
4873,268.2022999999999
4874,1.9844999999999988
4875,2.0459520000000024
4876,218.821
4877,6.462949999999999
4878,85.26989999999999
4879,104.26580000000001
4880,5.992860999999996
4881,6.071861000000002
4882,57.2307
4883,1.8566940000000003
4884,56.06980000000002
4885,-37.98400000000001
4886,273.7032
4887,4.569957999999997
4888,227.98099999999994
4889,94.99529999999997
4890,221.71300000000002
4891,163.65789999999998
4892,2.0459009999999993
4893,5.890421000000003
4894,114.9993
4895,6.745345999999997
4896,5.757170000000009
4897,6.1894199999999975
4898,-34.0985
4899,255.085
4900,2.63302
4901,250.0
4902,4.264800000000001
4903,127.15729999999999
4904,351.10009999999994
4905,114.87200000000001
4906,186.66389999999998
4907,214.4923
4908,4.539603000000001
4909,67.692
4910,201.29139999999998
4911,96.6042
4912,5.590521999999998
4913,181.8696
4914,76.99769999999998
4915,4.362933000000003
4916,4.528185999999998
4917,6.302827999999997
4918,3.9120259999999996
4919,45.56879999999999
4920,1.9673470000000004
4921,16.650800000000014
4922,153.2124
4923,201.3468
4924,5.634656000000003
4925,2.5684380000000018
4926,2.0687560000000023
4927,5.880265000000001
4928,3.9257879999999994
4929,95.04819999999998
4930,61.3183
4931,34.531
4932,5.415017000000005
4933,222.3599999999999
4934,-70.64110000000002
4935,15.033999999999997
4936,231.31150000000002
4937,46.11599999999999
4938,113.2535
4939,63.95109999999999
4940,3.6680810000000013
