target,canon,n_variants,std_graph,std_full,range_full,mean_pred
tg,*O[Si](C)(C)c1ccc2ccc([Si](*)(C)C)cc2c1,12,1.0658141036401503e-14,12.524304980110339,48.59229780739771,53.20213543972519
tg,*CC(*)C(=O)OCCCCCCCCn1c2ccccc2c2ccccc21,12,1.0401331093090527,6.46497558378637,25.10574089551841,30.444319692081894
tg,*c1ccc2c(c1)C(=O)N(c1cccc(N3C(=O)c4ccc(C(*)(C(F)(F)F)C(F)(F)F)cc4C3=O)c1)C2=O,12,5.684341886080802e-14,7.101364274040806,23.251448796487637,316.1527950248599
tg,*CCCCCCCCCCCCNC(=O)CCP(C)(=O)CCC(=O)N*,12,7.105427357601002e-15,4.5298838095379255,17.717965073476428,51.93425390717362
tg,*CC(*)C(=O)NC(C)(C)C,12,2.842170943040401e-14,10.530412644688024,37.3806723359306,99.19539416321453
tg,*c1ccc(Oc2ccc(C(=O)c3cccc(C(=O)c4ccc(Oc5ccc(-c6nc(-c7ccc(-c8nc(*)c(-c9ccccc9)[nH]8)cc7)[nH]c6-c6ccccc6)cc5)cc4)c3)cc2)cc1,12,1.078195145100822,18.740291873045717,57.28052391572149,238.58449992223169
tg,*Oc1ccc(CC(NC(=O)CCc2ccc(OC(=O)CCC(*)=O)cc2)C(=O)OCC(C)C)cc1,12,1.4210854715202004e-14,8.648577685097043,34.124984293149645,63.12951538359952
tg,*C(=O)c1ccc2c(c1)C(=O)N(c1ccc(-c3ccc(N4C(=O)c5ccc(*)cc5C4=O)c(C)c3)cc1C)C2=O,12,0.0,7.866576412601671,30.67001146797196,304.853163185264
tg,*c1cc(C(=O)NCCCCCCCCCCCC)cc(N2C(=O)c3ccc(-c4ccc5c(c4)C(=O)N(*)C5=O)cc3C2=O)c1,12,1.248631418236403,9.020442184344446,28.03162627825691,192.12324519847832
tg,*c1ccc(Oc2ccc(C(=O)c3ccc(C(=O)c4ccc(Oc5ccc(-c6nc7ccccc7n6-c6ccc(-n7c(*)nc8ccccc87)cc6)cc5)cc4)cc3)cc2)cc1,12,0.8039842394254708,17.38132234795565,51.57265515715477,231.969504755122
tg,*NNC(=O)c1cc(NC(=O)c2ccc3c(c2)C(=O)N(c2ccc(C)cn2)C3=O)cc(C(=O)NNC(=O)c2ccc(C(*)=O)cc2)c1,12,1.4847150260527961,7.708163706355522,28.366804143257127,195.58553034653508
tg,*CC(O)COc1ccc(C(C)(C)c2ccc(OCC(O)COc3cccc(NC(=O)Cc4cccc(CC(=O)Nc5cccc(O*)c5)c4)c3)cc2)cc1,12,1.7514413262627242,3.820491264869152,13.694182465870895,113.07149172333187
tg,*CC(*)(CC)C(=O)OCC,12,7.105427357601002e-15,12.406169967696624,39.890021732533924,50.56651076785379
tg,*O[Si](C)(C)CCCN=C1C=CC(=NCCC[Si](*)(C)C)c2c(O)ccc(O)c21,12,0.0,8.34537666173518,24.53732657345485,44.37390529899624
tg,*CCCCCCCCCCCCCCC(=O)N*,12,0.0,2.909452862804552,9.0035222588266,30.637510315739092
tg,*C(=C(*)c1ccc(Oc2ccccc2)cc1)c1ccccc1,12,0.0,11.866908641388337,42.78816487219248,165.2611397960727
tg,*C(=O)Nc1ccc(Oc2ccccc2-c2ccccc2Oc2ccc(NC(=O)c3ccc4c(c3)C(=O)N(c3ccc(Oc5ccccc5-c5ccccc5Oc5ccc(N6C(=O)c7ccc(*)cc7C6=O)cc5)cc3)C4=O)cc2)cc1,12,0.6713121036176553,11.694802473344637,41.498840696695765,231.15563736908913
tg,*c1ccc(Oc2cccc(Oc3ccc(N4C(=O)c5ccc(Oc6ccc(Sc7ccc(Oc8ccc9c(c8)C(=O)N(*)C9=O)cc7)cc6)cc5C4=O)cc3)c2)cc1,12,1.5011470956058073,16.579975222953806,52.07584071856601,182.25539062839937
tg,*CC(*)CCCC,12,0.0,11.646550378288458,43.184264141686654,-50.23102830649558
tg,*Oc1cc(Cl)cc(Cl)c1*,12,2.842170943040401e-14,14.143280724982722,47.07781319823059,165.31012866729947
tg,*C(=O)Nc1ccc(Oc2ccc(NC(=O)c3ccc4c(c3)C(=O)N(c3ccc(Oc5ccc(N6C(=O)c7ccc(*)cc7C6=O)cc5-c5ccccc5)c(-c5ccccc5)c3)C4=O)cc2-c2ccccc2)c(-c2ccccc2)c1,12,0.8636614690070934,14.473049998444234,47.64512561650969,287.9053069841746
tg,*c1ccc(-c2cc(CCCCCC)c(-c3ccc(-c4ccc5ccc6ccc(*)nc6c5n4)cc3)cc2CCCCCC)cc1,12,0.17919371720651867,4.9207906293161034,16.334969829726305,176.83784733760706
tg,*Oc1cc(CC)cc(OC(=O)c2cccc(C(*)=O)c2)c1,12,2.842170943040401e-14,10.126754493500162,26.75653866218957,140.93216917594313
tg,*Oc1ccc(C(CC)(c2ccccc2)c2ccc(OC(=O)CCCCCCCCC(*)=O)cc2)cc1,12,1.4210854715202004e-14,12.907582779766235,43.40741086677934,61.49067851551637
tg,*CC(*)(C)C(=O)NC(C)c1ccccc1,12,0.0,7.093696974782478,21.05654838091894,116.75574477202666
tg,*CC(*)C(=O)Oc1ccc(N=Nc2ccc([N+](=O)[O-])cc2)cc1,12,1.2509973722897887,6.994180551980152,23.687639874206624,121.1620482807255
tg,*COC(=O)OCC1OC(C)(C)OC1*,12,7.105427357601002e-15,15.212878836356508,49.84715977151955,90.88174443022693
tg,*CC(COCCCCCC)O*,12,1.4210854715202004e-14,8.709580083398414,36.10861074420245,-62.0719508740595
tg,*C(=O)c1ccc2c(c1)C(=O)N(C1CCC(CC3CCC(N4C(=O)c5ccc(*)cc5C4=O)CC3)CC1)C2=O,12,5.684341886080802e-14,5.798517298418978,21.780763109356002,244.2634956777902
tg,*C(F)(F)C(*)(F)c1c(F)c(F)c(F)c(F)c1F,12,2.842170943040401e-14,12.13938957263227,48.07322414666325,121.61133545151937
tg,*c1cccc(S(=O)(=O)c2cccc(N3C(=O)c4ccc(Oc5ccc(S(=O)(=O)c6ccc(Oc7ccc8c(c7)C(=O)N(*)C8=O)cc6)cc5)cc4C3=O)c2)c1,12,0.2774643665436915,10.108704153416316,34.968635698050036,230.4026660324995
tg,*Oc1ccc(CC(NC(=O)CCc2ccc(OC(=O)COCC(*)=O)cc2)C(=O)OCc2ccccc2)cc1,12,1.4210854715202004e-14,5.593833452397934,20.91706626903504,60.10795236480947
tg,*c1ccc(Oc2ccc(N3C(=O)c4cccc(Oc5ccc(Sc6ccc(Oc7cccc8c7C(=O)N(*)C8=O)cc6)cc5)c4C3=O)cc2)cc1,12,2.842170943040401e-14,11.736792418639487,39.64466636616592,211.09158740148052
tg,*OCCOC(=O)c1cc(N=Nc2ccc(OCC)cc2)ccc1-c1ccc(N=Nc2ccc(OCC)cc2)cc1C(=O)OCCOc1nc(-c2ccc(OCCCC)cc2)nc(*)c1-c1ccc(OC)cc1,12,1.0598587701427602,7.514729614920531,29.899863836256827,116.73709845984668
tg,*CC(*)C1CCCCC1,12,0.0,16.612472134180454,59.7639727798946,68.44758649776651
tg,*Oc1ccc(C2(c3ccc(OC(*)=S)cc3)CCCCC2)cc1,12,0.0,7.423795100085965,26.957768075244246,143.7756997550308
tg,*CC(*)C(=O)c1ccccc1,12,1.4210854715202004e-14,7.007999983376217,22.96600881739223,60.434589721631845
tg,*CC(O*)c1ccccc1,12,0.0,8.713637950688652,23.798853633201546,45.92108863762621
tg,*Oc1ccc(C(c2ccc(OC(*)=O)cc2)C(C)C)cc1,12,2.842170943040401e-14,10.68262407890284,38.40482960421379,125.91303567411406
tg,*Oc1cccc(C(=O)c2ccc(*)cc2)c1,12,2.842170943040401e-14,8.102933050978303,26.449960606241916,151.96205773321833
tg,*C(=O)Nc1ccc(S(=O)(=O)c2ccc(NC(=O)c3ccc(N4C(=O)c5ccc(*)cc5C4=O)cc3)cc2)cc1,12,0.0,11.25509978778519,36.796064897995734,270.4412348652712
tg,*Oc1c(-c2ccccc2)cc(Cc2cc(-c3ccccc3)c(OC(=O)CCCCC(*)=O)c(-c3ccccc3)c2)cc1-c1ccccc1,12,4.263256414560601e-14,4.914935592885898,15.29858440440509,130.89516096755722
tg,*c1ccc(Cc2ccc(N3C(=O)c4ccc(Oc5ccc(Oc6ccc7c(c6)C(=O)N(*)C7=O)cc5)cc4C3=O)cc2)cc1,12,2.842170943040401e-14,10.145522313861866,40.418360619550356,245.527754204192
tg,*CC(CCCCCCOc1ccc(N=Nc2ccc(C)cc2)cc1)COC(=O)CCCCC(=O)O*,12,0.46871940056121064,7.030045955627049,26.910230753732115,20.727105842234547
tg,*CC(*)CNc1ccc([N+](=O)[O-])cc1,12,2.842170943040401e-14,11.657151996400636,38.13721256586442,118.10768933681857
tg,*CC(*)C(=O)Nc1cccc(Cl)c1,12,1.4210854715202004e-14,10.49421410056585,40.093552368929466,92.81544656768908
tg,*C(=O)OCCCCCCCCOC(=O)c1ccc(NC(=O)c2ccc(N3C(=O)c4ccc(*)cc4C3=O)cc2)cc1,12,0.9834173530790578,10.350958696420339,35.008261811264674,116.65632519297606
tg,*CC(*)C(=O)N(C)C,12,0.0,14.243228234711,47.09369383404647,78.89269941885837
tg,*C(=O)c1ccc(Oc2ccc(C3(c4ccc(Oc5ccc(C(=O)c6ccc7c(c6)C(=O)N(c6ccc(Cc8ccc(N9C(=O)c%10ccc(*)cc%10C9=O)cc8)cc6)C7=O)cc5)cc4)OC(=O)c4ccccc43)cc2)cc1,12,1.6471567631007646,8.100543104930878,28.771071287201096,257.49987415431747
tg,*Cc1ccc(COC(=O)Cc2ccc(C(=O)O*)cc2)cc1,12,7.105427357601002e-15,9.21274015039342,33.63097194929345,95.70153904193153
tg,*Nc1ccc(C(c2ccc(NC(=O)c3cccc(C(*)=O)c3)cc2)(P2(=O)Oc3ccccc3-c3ccccc32)P2(=O)Oc3ccccc3-c3ccccc32)cc1,12,0.0,9.223996995186354,25.010843219186,217.74295787735753
tg,*c1ccc(Oc2ccc(S(=O)(=O)c3ccc(Oc4ccc(C5(*)OC(=O)c6ccccc65)cc4C)cc3)cc2)c(C)c1,12,2.842170943040401e-14,10.238279646571696,35.54739535166877,241.00691933429496
tg,*C(=O)c1ccc2c(c1)C(=O)N(c1ccc(OCCOCCOCCOc3ccc(N4C(=O)c5ccc(*)cc5C4=O)cc3)cc1)C2=O,12,2.842170943040401e-14,5.634441590998226,18.497776430535197,147.98413906106973
tg,*CC(*)(C)C(=O)OC(COc1cccc2ccccc12)COc1cccc2ccccc12,12,1.4210854715202004e-14,4.412835151577343,13.721827962345913,105.58695316846297
tg,*Cc1cc(C23CC4CC(CC(C4)C2)C3)cc(CN(*)c2ccccc2)c1O,12,2.842170943040401e-14,12.574307404457997,44.05389419566302,179.5424944427211
tg,*CC(*)(C)C(=O)OCC(=O)c1ccccc1,12,0.0,7.9299400628483125,30.7341167019581,68.4522632242031
tg,*Oc1cccc(OC(=O)c2cccc(C(*)=O)c2)c1,12,2.842170943040401e-14,12.71015961712431,35.05453500219808,139.92948256777336
tg,*NNC(=O)c1cc(NC(=O)c2ccc3c(c2)C(=O)N(c2ncccc2C)C3=O)cc(C(=O)NNC(=O)CCCC(*)=O)c1,12,1.3751675010167994,6.182958920305086,21.116541584774893,176.85229915207503
tg,*C=C(*)c1c(F)c(F)c(CCCC)c(F)c1F,12,1.4210854715202004e-14,9.819557366048214,29.459510984932095,87.151646651615
tg,*Oc1ccc(N=Nc2ccc(S(=O)(=O)c3ccc(N=Nc4ccc(OC(=O)c5ccc(N=Nc6ccc(C(*)=O)cc6)cc5)cc4)cc3[N+](=O)[O-])c([N+](=O)[O-])c2)cc1,12,0.9574795261768828,7.33791049432436,22.905348485735345,155.7202663275277
tg,*CC(*)c1ccc(COCCC(F)(F)C(F)(F)C(F)(F)C(F)(F)F)cc1,12,1.2703548986189943,11.004149966922428,34.823098388789575,35.284580150725
tg,*CCN(CCOC(=O)c1ccc(C(=O)O*)cc1)c1ccc(N=Nc2ccc(-c3nc4ccc([N+](=O)[O-])cc4n3CC)cc2)cc1,12,1.6712030425091664,5.001222409615991,20.428731099391143,152.062128381295
tg,*C(=O)c1ccc2c(c1)C(=O)N(c1ccc(Oc3ccc(C(=O)c4ccc(C(=O)c5ccc(Oc6ccc(N7C(=O)c8ccc(*)cc8C7=O)cc6)cc5)cc4)cc3)cc1)C2=O,12,1.8772193054255664,16.436106434681,51.72537086159576,214.3942312288999
tg,*Oc1ccc(Oc2ccc(NC(=O)c3cc(C(=O)Nc4ccc(*)cc4)cc(C(C)(C)C)c3)cc2)cc1,12,5.684341886080802e-14,10.332758705205931,32.7148430066662,233.21472645114852
tg,*c1ccc(C(c2ccc(N3C(=O)c4ccc(Oc5ccc6ccc(Oc7ccc8c(c7)C(=O)N(*)C8=O)cc6c5)cc4C3=O)cc2)(C(F)(F)F)C(F)(F)F)cc1,12,5.684341886080802e-14,3.9214626781171957,13.590550182531103,260.08831914133583
tg,*c1ccc(Oc2cccc3c(Oc4ccc(N5C(=O)c6ccc(-c7ccc8c(c7)C(=O)N(*)C8=O)cc6C5=O)cc4)cccc23)cc1,12,0.0,12.084500551369382,38.71426726051334,282.4190761987974
tg,*c1ccc(C(=O)Oc2c(C)cc(C(c3cccnc3)c3cc(C)c(OC(=O)c4ccc(N5C(=O)CC(Nc6ccc(NC7CC(=O)N(*)C7=O)cc6)C5=O)cc4)c(C)c3)cc2C)cc1,12,1.2822409893134872,5.053704235060647,18.663942239236604,203.7913044318353
tg,*Oc1c(C)cc(C2(c3cc(C)c(OC(=O)c4ccc(C(*)=O)cc4)c(C)c3)CCC3CCCCC3C2)cc1C,12,0.0,5.549864162721061,18.491044759352036,259.75077482685697
tg,*CC(*)(C)C(=O)Oc1ccc(C(=O)Oc2ccc(C(=O)c3ccccc3)cc2)cc1,12,2.136742519092369,6.909144817516517,19.71152936738642,118.04102918952692
tg,*c1cccc(P(C)(=O)c2cccc(N3C(=O)c4ccc(NC(=O)OCCOc5c(Br)cc(C(C)(C)c6cc(Br)c(OCCOC(=O)Nc7ccc8c(c7)C(=O)N(*)C8=O)c(Br)c6)cc5Br)cc4C3=O)c2)c1,12,0.925639670127358,6.172347751107679,21.043151276889915,169.91198199236825
tg,*Oc1ccc(OC(=O)Oc2ccc(C(*)=O)cc2)cc1,12,0.0,9.779914217007107,37.19830164313089,115.56568015909754
tg,*c1ccc(Oc2ccc(S(=O)(=O)c3ccc(Oc4ccc(-c5c6c(c(*)c7ccccc57)C(=O)N(c5ccccc5C(F)(F)F)C6=O)cc4)cc3)cc2)cc1,12,5.684341886080802e-14,13.064288910241126,47.322873156383906,263.4282225344182
tg,*Cc1ccccc1[Si](*)(C)C,12,0.0,14.57816341453344,46.471026251369075,78.81102804243719
tg,*Oc1ccc(S(=O)(=O)c2ccc(Oc3ccc(Sc4ccc(*)cc4)cc3)cc2)cc1,12,0.0,7.192794561619896,25.29895814938763,159.5488199086827
tg,*c1ccc(OC(=O)Nc2ccc(-c3ccc(NC(=O)Oc4ccc(-c5nc(-c6ccc(-c7nc(-c8ccc([N+](=O)[O-])cc8)c(-c8ccc([N+](=O)[O-])cc8)[nH]7)cc6)[nH]c5*)cc4)cc3OC)c(OC)c2)cc1,12,0.416280536453185,8.424167918636382,25.817988121936764,207.88780687825263
tg,*C=CC(COCc1ccccc1)C(*)COCc1ccccc1,12,4.440892098500626e-16,7.9351271908478616,27.083325923502457,13.814918398414484
tg,*c1ccc(Oc2ccc(Oc3ccc(N4C(=O)c5ccc(Oc6ccc7c(c6)C(=O)N(*)C7=O)cc5C4=O)cc3)cc2)cc1,12,5.684341886080802e-14,9.085937802418348,30.223794328087195,226.18222483731935
tg,*OC(C)C(*)=O,12,0.0,10.772435644736028,30.413709867319753,58.272630448841966
tg,*c1ccc2c(c1)C(=O)N(c1ccc(Oc3ccc(N4C(=O)c5ccc(C(*)(C(F)(F)F)C(F)(F)F)cc5C4=O)cc3)cc1)C2=O,12,5.684341886080802e-14,9.465773419428887,31.474630048733104,277.824482572257
tg,*C(=O)c1ccc2c(c1)C(=O)N(c1ccc(Oc3ccc(C(=O)c4ccc(Oc5ccc(N6C(=O)c7ccc(*)cc7C6=O)cc5)cc4)cc3)cc1)C2=O,12,1.2486759670359466,10.946952256829924,44.03983720223803,229.14845764637448
tg,*OC(CC(*)=O)C(Cl)(Cl)Cl,12,2.842170943040401e-14,12.89324866395849,56.82642909893687,116.77484192545046
tg,*CCN(CCOC(=O)Nc1ccc(C)c(NC(=O)O*)c1)c1ccc(C=Cc2ccc([N+](=O)[O-])cc2)cc1,12,1.4983531191775876,8.530692709365352,24.580087948670766,129.17626095689482
tg,*Oc1ccc(C(C)(C)c2ccc(OC(=O)c3ccccc3-c3ccccc3C(*)=O)cc2)cc1,12,2.842170943040401e-14,6.594000972804765,22.64497477488166,169.9627237271109
tg,*c1ccc2c(c1)C(CCCCCCCC)(CCCCCCCC)c1cc(-c3cc(F)c(*)cc3F)ccc1-2,12,7.105427357601002e-15,7.493239210258228,25.89250280590918,67.5893198562802
tg,*Oc1ccc(C2(c3ccc(OC(*)=O)cc3)CCCCC2)cc1,12,2.842170943040401e-14,8.794865795781654,31.569786471108557,164.1588691704123
tg,*Oc1ccc(NC(=O)Nc2cc(NC(=O)Nc3ccc(*)cc3)ccc2C)cc1,12,5.684341886080802e-14,11.981400510475389,51.046769333141555,229.93752677588682
tg,*CCCCCCCCCCOC(=O)CCCCC(=O)O*,12,0.0,15.836016215956873,59.53109166856399,-36.01531590754755
tg,*CCSCc1ccc(Cc2ccc(CSCCOC(=O)CSCc3ccc(Cc4ccc(CSCC(=O)O*)cc4)cc3)cc2)cc1,12,0.9400229064988049,10.925361409646195,35.31002214789208,23.09517035411571
tg,*c1c(C)cc(-c2cc(C)c(N3C(=O)c4cccc(Oc5ccc(C(C)(C)c6ccc(Oc7cccc8c7C(=O)N(*)C8=O)cc6)cc5)c4C3=O)c(C)c2)cc1C,12,5.684341886080802e-14,7.946243653567708,25.516751091643584,256.7084595930027
tg,*CC(O)COc1ccc(C(C)(C)c2ccc(OCC(O)COc3cccc(NC(=O)C(=O)Nc4cccc(O*)c4)c3)cc2)cc1,12,1.715809990128703,6.146663618121021,17.78746786473745,108.94575664679881
tg,*Oc1ccc(NC(=O)c2cccc(C(=O)Nc3ccc(Oc4ccc(C5(c6ccc(*)cc6)C6CC7CC(C6)CC5C7)cc4)cc3)c2)cc1,12,5.684341886080802e-14,11.034647290687339,38.146202766791475,243.60373698450158
tg,*Nc1ccc(Cc2ccc(NC(=O)c3cc(C(*)=O)cc(S(=O)(=O)c4ccccc4)c3)cc2)cc1,12,5.684341886080802e-14,9.737106250478302,34.6258824823052,227.2188204695857
tg,*CC(*)(C)C(=O)OCc1ccc2c(c1)c1ccccc1n2CCCCCCCCCCCC,12,1.2596423476474534,4.282629512522782,15.477225625768568,35.76343994628174
tg,*c1ccc2c(c1)C(=O)N(c1cccc(C(F)(F)C(F)(F)C(F)(F)c3cccc(N4C(=O)c5ccc(C(F)(F)C(F)(F)C(F)(F)C(*)(F)F)cc5C4=O)c3)c1)C2=O,12,0.0,8.524310418205426,29.61956739636625,163.6038289192729
tg,*CC(*)CCCCCC,12,7.105427357601002e-15,5.909922580606554,22.78791493011228,-38.012557331392856
tg,*CCCCCCCCCCCCCCCCCCNC(=O)Cc1ccc(CC(=O)N*)cc1,12,0.0,7.452354758998758,25.94205269593361,59.771611917997326
tg,*Oc1ccc(C(c2ccc(OC(*)=O)cc2)C(Cl)(Cl)Cl)cc1,12,2.842170943040401e-14,8.751611144194792,33.63268335994039,174.8206289464091
tg,*C1CCOC1*,12,1.4210854715202004e-14,15.985983238136381,63.317135787658714,117.39633176606196
tg,*CC(*)c1cc(C(=O)OCCCC)ccc1-c1ccc(OCCCCCCCC)cc1,12,1.557755365464032,10.8899813436477,38.841110644272185,52.89991116373064
tg,*Oc1ccc(Oc2ccc(C(=O)c3cccc(NC(=O)c4cccc(C(=O)Nc5cccc(C(=O)c6ccc(*)cc6)c5)c4)c3)cc2)cc1,12,1.3422263458457813,7.226848290801583,25.230689584187246,200.44310242127366
tg,*CCCCCCCCCCCNC(=O)CCCCCCCCC(=O)N*,12,7.105427357601002e-15,4.372296188884379,15.489862700685542,53.740280461425044
tg,*c1cc(C)c(Oc2ccc(S(=O)(=O)c3ccc(Oc4cc(C)c(C5(*)OC(=O)c6ccccc65)cc4C)cc3)cc2)cc1C,12,0.0,7.060663779531267,23.842906625366,246.25360048118264
tg,*Oc1ccc(Oc2ccc(C(=O)Nc3ccc(Oc4ccc(-c5ccc(Oc6ccc(NC(=O)c7ccc(*)cc7)cc6)cc5)cc4)cc3)cc2)cc1C,12,1.1603777720906012,7.895609279265993,26.1350514961743,185.4164002561198
tg,*CC1(*)CCCCC1,12,0.0,18.523870706883045,68.81685959970935,68.13724695790638
tg,*c1ccc(Oc2ccc(S(=O)(=O)c3ccc(Oc4ccc(-c5c6c(c(*)c7ccccc57)C(=O)N(c5ccc(C(F)(F)F)cc5)C6=O)cc4)cc3)cc2)cc1,12,5.684341886080802e-14,7.348558842203915,25.512023178766526,272.04942341437817
tg,*CC(*)C(=O)OCCOCCOC(F)(F)C(F)F,12,7.105427357601002e-15,8.977755728485647,27.536588759819907,-30.194831289826777
tg,*c1ccc(C(c2ccccc2)c2ccc(N(c3ccc(C)cc3)c3ccc(-c4ccc(N(*)c5ccc(C)cc5)cc4)cc3)cc2)cc1,12,5.684341886080802e-14,3.905009361425356,13.500516759842299,221.3105076902547
tg,*C=CC1CC(*)C(C#N)([Si](C)(C)O[Si](C)(C)C)C1,12,1.4210854715202004e-14,12.520333781457012,43.91124050500241,85.01470252244316
tg,*Oc1ccc2ccc(Oc3ccc(C(=O)Nc4ccc(Oc5ccc(C(C)(C)c6ccc(Oc7ccc(NC(=O)c8ccc(*)cc8)cc7)cc6)cc5)cc4)cc3)cc2c1,12,1.1170902531622915,9.712353381893852,32.71061917398674,171.60516891558186
tg,*c1ccc(C=Cc2cc(OCC(CC)CCCC)c(C=Cc3ccc(N(*)c4ccccc4)cc3)cc2OC)cc1,12,0.7123318975062845,5.909050157513526,21.241091594017405,137.1009693371494
tg,*C=Cc1ccc2c(c1)Sc1cc(-c3ccc4c(c3)Sc3cc(*)ccc3N4c3ccc(OCCCCCCCCCCCC)cc3)ccc1N2c1ccc(OCCCCCCCCCCCC)cc1,12,0.8907365694231637,4.416286710598359,15.564923420187341,110.10498523764255
tg,*c1cccc(OCCCCCCOc2cccc(N3C(=O)c4ccc(-c5cccc6c5C(=O)N(*)C6=O)cc4C3=O)c2)c1,12,2.842170943040401e-14,7.79813653619813,25.636002300625137,156.20959507402753
tg,*c1cc(Br)c(-c2c(Br)cc(N3C(=O)c4ccc(-c5ccc6c(c5)C(=O)N(*)C6=O)cc4C3=O)cc2C(=O)OCCCCCCCCCCCCCCCCCC)c(C(=O)OCCCCCCCCCCCCCCCCCC)c1,12,0.8884428362880357,5.775928388918298,18.65557680920209,105.06834793703534
tg,*CCNC(=O)c1ccc([Si](C)(C)c2ccc(C(=O)NCCN(*)c3ccc(/C=C/c4ccc([N+](=O)[O-])cc4)cc3)cc2)cc1,12,2.842170943040401e-14,7.621222912576721,23.964626354413866,162.68401286504792
tg,*Cc1ccc2nc(-c3cc(-c4nc5ccc(*)cc5c(=O)o4)cc(N4C(=O)c5ccccc5C4=O)c3)oc(=O)c2c1,12,0.6434529908547114,16.02738184279474,60.38673871392632,296.893111490377
tg,*c1ccc2c(c1)C(=O)N(c1ccc(Oc3ccc(-c4ccc(Oc5ccc(N6C(=O)c7ccc(C(*)(C(F)(F)F)C(F)(F)F)cc7C6=O)cc5)cc4)cc3)cc1)C2=O,12,0.8534101924541935,10.000592292732069,35.198248534190384,257.6683744708113
tg,*Oc1ccc(C(=O)OCCCCCCCOC(=O)c2ccc(OC(=O)c3ccc(C(*)=O)cc3)cc2)cc1,12,1.1710884655381102,8.444627671788911,32.17335239051206,60.31908943720655
tg,*CC(*)c1ccc(B(Oc2ccc(-c3c(F)c(F)c(F)c(F)c3F)c3cccnc23)c2ccc(C(C)(C)C)cc2)cc1,12,2.0522282486466845,7.8296365947971625,30.560676579420743,227.8571470230396
tg,*OC(C)C(=O)NC(C)C(*)=O,12,1.4210854715202004e-14,11.917988840511429,34.10082560079992,82.5973476413531
tg,*CC(*)C(=O)c1ccc(C(C)C)cc1,12,1.4210854715202004e-14,8.96642177315303,29.81010434809133,85.0692700899067
tg,*c1cccc(OCCCOc2cccc(N3C(=O)c4ccc(-c5ccc6c(c5)C(=O)N(*)C6=O)cc4C3=O)c2)c1,12,0.0,10.303154148850483,33.268660106915576,199.09432639845366
tg,*C(=O)Oc1ccc(C2(c3ccc(OC(=O)c4ccc5c(c4)C(=O)N(c4ccc(-c6ccc(N7C(=O)c8ccc(*)cc8C7=O)cc6C)c(C)c4)C5=O)cc3)C3CC4CC(C3)CC2C4)cc1,12,1.110990921003319,10.323966977121785,35.20268518729986,245.66072605829982
tg,*C(=O)c1ccc2c(c1)C(=O)N(c1cc(C(=O)c3ccccc3)cc(N3C(=O)c4ccc(*)cc4C3=O)c1)C2=O,12,0.8620535004495857,10.011993719051056,38.512048348140524,267.51856311077927
tg,*CC(*)c1c(F)c(F)c(OCC(F)(F)C(F)(F)C(F)(F)C(F)(F)C(F)(F)C(F)(F)C(F)(F)F)c(F)c1F,12,0.5157001041834686,11.2361754923421,41.15946996608828,16.02595886833201
tg,*C(=O)Nc1ccc(S(=O)(=O)c2ccc(NC(=O)c3ccc4c(c3)C(=O)N(c3cc(-c5nc6ccccc6o5)cc(N5C(=O)c6ccc(*)cc6C5=O)c3)C4=O)cc2)cc1,12,0.5104343327045284,14.362343373656985,44.78738314478909,272.8950781258734
tg,*CCOCCOC(=O)CCCCCC(=O)O*,12,2.1316282072803006e-14,12.537310495000934,44.329178040626346,-40.7714259521225
tg,*Nc1cc([N+](=O)[O-])c(NC(=O)CCCCCCCCCCCCC(*)=O)cc1C=Cc1ccc(N(C)C)cc1,12,0.0,8.70773234358504,27.265462137411276,114.87169100330628
tg,*CCCCCCCCCCCCN1C(=O)c2ccc(C(c3ccc4c(c3)C(=O)N(*)C4=O)(C(F)(F)F)C(F)(F)F)cc2C1=O,12,0.0,5.967083462267891,19.51490847819332,116.63626325158384
tg,*c1ccc(Oc2ccc(C3(c4ccc(Oc5ccc(N6C(=O)c7ccc(Oc8ccc(C9(c%10ccc(Oc%11ccc%12c(c%11)C(=O)N(*)C%12=O)cc%10)CCCCCCCCCCC9)cc8)cc7C6=O)cc5)cc4)CCC(C(C)(C)C)CC3)cc2)cc1,12,1.3704123855727568,5.146959450423857,18.91491386716001,251.02241336747434
tg,*C(=O)Oc1ccc(OCCCCCCCCCCCCOc2ccc(OC(=O)c3ccc4c(c3)C(=O)N(c3ccc(S(=O)(=O)c5ccc(N6C(=O)c7ccc(*)cc7C6=O)cc5)cc3)C4=O)cc2)cc1,12,1.649205175766511,7.551582382737569,28.66520965884196,121.85379196858203
tg,*c1ccc(Oc2ccc(C(=O)c3ccc(C(=O)c4ccc(Oc5ccc(N6C(=O)c7ccc(-c8ccc9c(c8)C(=O)N(*)C9=O)cc7C6=O)cc5)cc4)cc3)cc2)cc1,12,0.9698955274527127,11.39648437221001,41.98968933380982,242.36950107033758
tg,*C(=O)Nc1ccc(S(=O)(=O)c2ccc(N3C(=O)CC(N4C(=O)c5ccc(*)cc5C4=O)C3=O)cc2)cc1,12,2.842170943040401e-14,9.76255909138148,31.35518589943078,200.84914155915865
tg,*CC(*)(C)C(=O)OC1CCCC1,12,0.0,9.702964295589545,33.457532696121774,93.78652751839319
tg,*OC(COCCCC)COC(*)=O,12,0.0,7.99027139357562,25.713277423715308,-32.50711603853558
tg,*CCCCCCCN1C(=O)c2ccc(-c3ccc(-c4ccc5c(c4)C(=O)N(*)C5=O)cc3)cc2C1=O,12,0.0,5.224768320112001,16.999794255728006,146.8504146924917
tg,*CC(*)C(=O)OCCCCCCCCCCCOc1ccc(C(=O)Oc2ccc(-c3ccc(OC(C)CCCCCC)cc3)cc2)cc1,12,1.0958931151948377,9.862372297233447,37.432843857938224,31.323850917345965
tg,*CCCCCCCC(c1ccc(O)cc1)C(*)c1ccc(O)cc1C,12,0.0,14.250576732350568,57.40109329272771,49.770367137259974
tg,*CCCCCCC(Cl)C(*)Cl,12,3.552713678800501e-15,5.791583080764793,23.305312153290902,-13.12883825818895
tg,*c1ccc(Oc2cccc(Oc3ccc(N4C(=O)CC(=O)N(*)C4=S)cc3)c2)cc1,12,0.0,10.250635823935365,35.72855174678662,151.91948629996423
tg,*c1ccc(Oc2ccc(S(=O)(=O)c3ccc(Oc4ccc(C5(*)OC(=O)c6ccccc65)cc4)cc3)cc2)cc1,12,0.0,14.64193058260201,44.28742940772557,220.8476975795452
tg,*Nc1ccc(*)cc1OC,12,0.0,13.732217130782821,54.76618864400841,125.17073482872694
tg,*Oc1ccc(N=C(c2ccccc2)c2ccc(Oc3ccc(C(C)(C)c4ccc(Oc5ccc(C(=Nc6ccc(*)cc6)c6ccccc6)cc5)cc4)cc3)cc2)cc1,12,0.42520553106717424,7.4702826447980115,22.976000368711908,160.30676749457018
tg,*C(=O)Nc1cccc(NC(=O)c2ccc3c(c2)C(=O)N(c2cc(-c4nc5ccccc5o4)cc(N4C(=O)c5ccc(*)cc5C4=O)c2)C3=O)n1,12,0.0,9.810682921602726,31.80186183265488,278.88111271914136
tg,*CCCCCCCCCCOc1ccc(C=C2CCCC(=Cc3ccc(O*)c(OC)c3)C2=O)cc1OC,12,0.8735491698124702,12.071352714379602,34.885137323011826,78.63754028421143
tg,*CCCCOC(=O)CCCCCCCCC(=O)O*,12,0.0,15.799655022937939,53.721726576002474,-40.78626358419433
tg,*CCCCCCCCCCCN1C(=O)c2ccc(-c3ccc(-c4ccc5c(c4)C(=O)N(*)C5=O)cc3)cc2C1=O,12,0.8363548838956142,7.503638671703387,29.18110203224751,118.08241409035372
tg,*Oc1ccc(CC(NC(=O)CCc2ccc(OC(=O)CCCC(*)=O)cc2)C(=O)OCCCC)cc1,12,0.5784080756492439,9.594884290190901,31.732832355389462,53.13541787680941
tg,*CCCC(C)(C)CCCNC(=O)c1ccc(C(=O)N*)cc1,12,2.842170943040401e-14,6.039977558953963,20.297125850807888,125.27135653405811
tg,*c1ccc(OC(=O)c2cccc(C(=O)Oc3ccc(C4(*)OC(=O)c5ccccc54)cc3C)c2)c(C)c1,12,5.684341886080802e-14,3.898900255364688,12.065447461399629,258.35419762336613
tg,*c1ccc(Oc2ccc(C3(c4ccc(Oc5ccc(-c6nnc(*)c7c(-c8ccccc8)c(-c8ccc9ccccc9c8)c(-c8ccc9ccccc9c8)c(-c8ccccc8)c67)cc5)cc4)c4ccccc4-c4ccccc43)cc2)cc1,12,0.44206227717353597,21.300810586425474,56.733116437447734,317.22275885070763
egc,*C#Cc1sc(-c2sc(*)c3c2OCCO3)c2c1OCCO2,12,0.0,0.3072178191666218,0.9085065435156512,2.213922271662231
egc,*CC(O*)C(C)(C)C,12,8.881784197001252e-16,0.14072452738928065,0.501287401541946,5.349181996060402
egc,*C(=O)Oc1ccc(OC(=O)c2ccc3c(c2)C(=O)N(c2ccc(Oc4ccc(N5C(=O)c6ccc(*)cc6C5=O)cc4)cc2)C3=O)c(-c2ccccc2)c1,12,0.0,0.1379003713337035,0.5082794540437758,2.820882801555582
egc,*C(=O)NNC(=O)c1cccc(*)n1,12,0.0,0.19528401343104432,0.6664925095270249,4.322899220198315
egc,*CC(*)OC(=O)OCC(F)(F)F,12,1.7763568394002505e-15,0.16032498933983064,0.5380112165335431,6.836708400437185
egc,*C(=O)CCCCC(=O)N1CCN(*)CC1,12,0.0,0.16814894062945993,0.5658878757842922,5.5911618319647625
egc,*Cc1ccc(CC(*)=S)s1,12,4.440892098500626e-16,0.2889646426027732,1.1744268302569685,3.2713350999325113
egc,*CC(O)CN(*)c1ccc(N=Nc2ccc(C#N)cc2)cc1,12,4.440892098500626e-16,0.21620869243407267,0.6641451428789056,3.12193014723802
egc,*c1[nH]c(*)c(CC(=O)OC)c1CC(=O)OC,12,0.0,0.149820439241646,0.45944549695634684,3.6915873770158854
egc,*Oc1ccc(C(c2ccccc2)c2ccc(OC(*)=O)cc2C)c(C)c1,12,8.881784197001252e-16,0.13870876547311622,0.5262978346029685,4.321149886592102
egc,*CCCNC(=O)c1cccc(C(=O)N*)c1,12,0.0,0.21697967806492985,0.7239319521309131,4.443813427108007
egc,*Nc1ccc(*)cc1,12,8.881784197001252e-16,0.16232407296315893,0.5454556887719799,3.7311564871377585
egc,*c1ccc(Oc2ccc(-c3cc(-c4ccccc4)c4cc5nc(*)cc(-c6ccccc6)c5cc4n3)cc2)cc1,12,4.440892098500626e-16,0.1344861241252375,0.48872318068656684,3.1208384824779043
egc,*Cc1ccc(COC(=O)CCC(=O)O*)cc1,12,8.881784197001252e-16,0.2213110929277539,0.7126087307014375,5.056024543858587
egc,*CCCOC(=O)C(=O)O*,12,8.881784197001252e-16,0.3075359787121783,1.0763432388712086,5.671772993948399
egc,*c1ccc(Cc2ccccc2-n2c(=O)c3cc4c(=O)n(*)c(=O)c4cc3c2=O)cc1,12,4.440892098500626e-16,0.14261455749952046,0.44615838852625256,2.9425179060943996
egc,*CNC(=O)OCc1ccc(COCc2ccc(COC(=O)NCc3ccc(C(C)(C)c4ccc(*)o4)o3)o2)o1,12,8.881784197001252e-16,0.07713400230652513,0.27540938964676887,4.263582213415318
egc,*c1ccc(-c2cc(CCCCCCCCCCCC)c(*)s2)s1,12,4.440892098500626e-16,0.1760070505401361,0.5233365226536548,1.961198416422118
egc,*CNOc1ccc(*)cc1,12,8.881784197001252e-16,0.270373152571088,0.8158819900206336,4.404861943850024
egc,*c1cc(C)c(-c2c(C)cc(N3C(=O)c4ccc(-c5ccc6c(c5)C(=O)N(*)C6=O)cc4C3=O)cc2C)c(C)c1,12,0.0,0.11866301293814978,0.4152811321711676,2.76730816201477
egc,*CCCCCCCCCCCCCCCCCCCCCC(=O)N*,12,0.0,0.07454683246477221,0.24619121562158242,6.000070862162775
egc,*CONC(*)=O,12,0.0,0.15496297787570432,0.5320930728167435,5.963202994984235
egc,*CCCCCC(=O)NCCCCCOCCCCCNC(=O)CCCO*,12,0.0,0.1146523662902522,0.333491809590007,5.742932576890252
egc,*Oc1ccc(C(C)(C)c2ccc(Oc3nc(*)nc(OC)n3)cc2)cc1,12,8.881784197001252e-16,0.12568584241017972,0.46748042461174144,4.341241028422109
egc,*c1ccc(Oc2ccc(-n3c(=O)c4c(Oc5ccc(OCCCC)cc5)c5c(=O)n(*)c(=O)c5c(Oc5ccc(OCCCC)cc5)c4c3=O)cc2)cc1,12,4.440892098500626e-16,0.07766435405854545,0.3153772563874977,2.48721773829114
egc,*c1cccc(-c2nc3cc(-c4ccc5oc(*)nc5c4)ccc3o2)c1,12,4.440892098500626e-16,0.089000088219027,0.28028166473236915,3.416423813793505
egc,*c1ccc(-c2nc3cc4nc(-c5ccccc5)c(*)nc4cc3nc2-c2ccccc2)cc1,12,4.440892098500626e-16,0.09792449377490055,0.34890777159449593,3.022390188151498
egc,*c1nnc(C2CC3(CC(*)C3)C2)o1,12,0.0,0.1940599818176027,0.7203445262641246,5.364980624892546
egc,*CCCCCCCCCCCCCOC(=O)c1ccc(C(=O)NCCCCCCNC(=O)c2ccc(C(=O)O*)cc2)cc1,12,8.881784197001252e-16,0.06843020851090317,0.2226056813442865,4.286122302087028
egc,*Cc1ccc(-c2ccc(-c3ccc(*)cc3)s2)cc1,12,0.0,0.15939888352398127,0.515677017148755,3.563131354568457
egc,*c1ccc2c(c1)C(=O)N(c1ccc(C(C)(C)C(*)(C(F)(F)F)C(F)(F)F)cc1)C2=O,12,0.0,0.06828979719228002,0.2511580216221976,3.6908909938366
egc,*CCN[Si](C)(C)N*,12,0.0,0.1693001498279397,0.5432824938470127,5.011138874794283
egc,*CC(=O)NCC(=O)O*,12,8.881784197001252e-16,0.2637694525607225,0.8535421038143927,5.89116527746539
egc,*Nc1cc(OCC)c(*)cc1OCC,12,0.0,0.17388620584192882,0.6745958397164649,3.87435525870595
egc,*CC(C)(C)CO*,12,0.0,0.10675376649427862,0.40000637388401383,5.692267380925254
egc,*C(F)(F)C1(F)C(F)(F)C(*)(F)C(F)(F)C(F)(Cl)C1(F)F,12,0.0,0.138171582311406,0.4613023034113084,7.097879460322116
egc,*C#Cc1cc(OCCCCCC)c(C#Cc2ccc3c(-c4c(O)ccc5cc(*)ccc45)c(O)ccc3c2)cc1OCCCCCC,12,4.440892098500626e-16,0.07118203973373331,0.24430954490468082,2.8940759459092207
egc,*CC(O*)c1ccco1,12,0.0,0.15482771762394054,0.5057515447479908,4.836280799683528
egc,*Oc1ccc(C(c2ccccc2)(c2ccccc2)c2ccc(OC(=O)CCCCCCCCC(*)=O)cc2)cc1,12,8.881784197001252e-16,0.18808878851533167,0.5528510807727187,4.376603818270337
egc,*Oc1c(C)cc(N=Nc2ccc(C(*)=O)cc2)cc1C,12,0.0,0.18083841448324495,0.5361747012541,3.483903577353942
egc,*C(=O)c1ccc2nc(-c3ccc(-c4nc5ccc(*)cc5nc4-c4ccccc4)cc3)c(-c3ccccc3)nc2c1,12,4.440892098500626e-16,0.08244686266650733,0.3127762505098399,3.1080020999946485
egc,*c1ccc(N2C(=O)c3ccc(Oc4ccc5c(c4)C(=O)N(*)C5=O)cc3C2=O)cc1,12,0.0,0.15777088633149386,0.6018756920561574,3.2035620161983416
egc,*C(=O)c1ccc(-c2ccc(-c3ccc(*)s3)cc2)cc1,12,0.0,0.13338403256318165,0.4163960288121866,2.7479903621718376
egc,*Nc1ccc(-c2ccc(NC(=O)CCCCCCCCC(*)=O)c(O)c2)cc1O,12,4.440892098500626e-16,0.12393940436100767,0.43789804817148026,4.090786633244634
egc,*CC(*)c1ccc(C(=O)Cc2ccccc2)cc1,12,0.0,0.16401020966823632,0.5349929547678602,3.874642512112058
egc,*Oc1ccc(-c2ccc(C(*)=O)s2)s1,12,0.0,0.30575951250720074,1.0660942620132734,3.5153621903050767
egc,*CNC(=S)N*,12,0.0,0.33646431314542125,1.2707091718901666,4.237170154865026
egc,*Nc1ccc(Nc2ccc(*)s2)cc1,12,8.881784197001252e-16,0.1966904472933152,0.5987402705064238,3.0840100742157026
egc,*CCC(F)(F)C(*)(F)F,12,1.7763568394002505e-15,0.37650361894101886,1.3584171475324132,7.858448852403971
egc,*CCCCCCCCc1nc2cc(-c3ccc4oc(*)nc4c3)ccc2o1,12,0.0,0.15206884245265512,0.43811663981240834,4.208820815678352
egc,*c1ccc(-c2ccc(-c3ccc(-c4ccc(*)cc4)cc3)cc2)cc1,12,0.0,0.1446060686823653,0.49427742877538394,3.016655262896183
egc,*CCCCCCCCCCCCCCCCCCCCOC(=O)CC(=O)O*,12,8.881784197001252e-16,0.10944954687810121,0.4331290574173918,6.224886571557238
egc,*c1cc(OCC(=O)C23CC4CC(CC(C4)C2)C3)c(*)cc1OC,12,0.0,0.07060699841353776,0.24395169732169109,3.933655442265294
egc,*C(=O)NCCCCCCNC(=O)c1cc(O)cc(*)n1,12,0.0,0.1978584099977069,0.6581859426963934,4.505484182833582
egc,*C1CCC2C(*)CCC12,12,8.881784197001252e-16,0.16199861868657767,0.5435993230907652,6.398275989539649
egc,*CC(CCl)(CCl)COC(=O)C(=O)O*,12,8.881784197001252e-16,0.10268017616501982,0.31309691556713837,5.935040945269339
egc,*CC(*)C(=O)OCCCCC,12,8.881784197001252e-16,0.20072512235934384,0.683333604592578,6.07125119154508
egc,*CC(C)(CCl)O*,12,0.0,0.195016799549791,0.6516915412378328,5.937825357228601
egc,*c1ccc(-c2ccc(-c3ccc(*)s3)o2)o1,12,0.0,0.2064480664763875,0.6566443753580957,2.3010768115757916
egc,*c1ccc(Oc2ccc(Oc3ccc(-n4c(=O)c5cc6c(=O)n(*)c(=O)c6cc5c4=O)cc3)cc2)cc1,12,4.440892098500626e-16,0.12897658474294013,0.462734529636212,2.5065849459125555
egc,*c1ccc2c(c1)c1cc(*)ccc1n2C(=O)NO,12,4.440892098500626e-16,0.10505726959118049,0.36464306086195863,3.151230037938832
egc,*/C=C\C(C#N)C*,12,0.0,0.1539234171292034,0.5006014063260116,5.147082176343532
egc,*OS(=O)(=O)c1cc(S(=O)(=O)Oc2ccc(C3(c4ccc(*)cc4)CCCC3)cc2)ccc1C,12,4.440892098500626e-16,0.09670514809624849,0.2845799350552074,4.095498629641949
egc,*NNC(=O)CCC(=O)NNC(=O)CCCCCCCCC(*)=O,12,0.0,0.08453444525970955,0.23442874715818451,5.611240344892013
egc,*CCCCCCCCC(=O)NCCCCCCNC(=O)CCCO*,12,8.881784197001252e-16,0.07338091540422655,0.2912424803791511,5.7509408816138325
egc,*CC(C)(C)COC(=O)C(=O)O*,12,0.0,0.14699122445541948,0.5393012126095496,5.5253756411591
egc,*CCCCCCCCC(=O)N*,12,8.881784197001252e-16,0.05324346500927803,0.2135021505885426,6.019717258578136
egc,*CNc1ccc(N*)s1,12,0.0,0.20721753386683794,0.5916374636277011,3.885494881742654
egc,*c1[nH]c(*)c(C(=O)O)c1C,12,4.440892098500626e-16,0.12994355397400092,0.5056170274074328,3.5643132672574045
egc,*CCCCCCCCCOc1ccc(C=CC=Cc2ccc(O*)cc2)cc1,12,0.0,0.17048651410299576,0.5220721842019889,3.80449621187141
egc,*CCCC1CCN(C(=O)Nc2ccc(Cc3ccc(NC(=O)N4CCC(*)CC4)cc3)cc2)CC1,12,8.881784197001252e-16,0.06283956814968035,0.21319341737286024,4.274928947070939
egc,*OC(c1ccccc1)C(C)(C)C(*)=O,12,0.0,0.12784560487929947,0.4775867001339913,5.242349678313421
egc,*C(=O)c1ccc2c(c1)C(=O)N(c1ccc(Oc3cccc(N4C(=O)c5ccc(*)cc5C4=O)c3)cc1)C2=O,12,0.0,0.06794866940507394,0.23820239378659647,2.905671323466569
egc,*c1cc(CCCCCCCC)c(*)s1,12,0.0,0.3158894505649597,1.2124303312452807,2.5593449792814846
egc,*CCCCCOC(=O)NCC(F)(F)C(F)(F)C(F)(F)C(F)(F)CNC(=O)O*,12,8.881784197001252e-16,0.16385758753250934,0.5481662145723636,6.189401286274247
egc,*OC(C)COC(=O)C(*)=O,12,8.881784197001252e-16,0.11886753445658871,0.4752531241499751,5.660599251405169
egc,*c1ccc(C(C=CC)c2ccc(-n3c(=O)c4cc5c(=O)n(*)c(=O)c5cc4c3=O)cc2)cc1,12,0.0,0.14773912923659188,0.5132915107350455,2.4931229448136967
egc,*C(=O)c1ccc2nc(-c3ccccc3)c(-c3ccc(-c4nc5cc(*)ccc5nc4-c4ccccc4)cc3)nc2c1,12,0.0,0.08227812745419827,0.28297591236422015,3.0966322481353674
egc,*c1cc(C=NC(=S)Nc2ccc(-n3c(=O)c4cc5c(=O)n(*)c(=O)c5cc4c3=O)cc2)ccc1Cl,12,2.220446049250313e-16,0.10801920686322546,0.397235395979044,2.2637112501875944
egc,*c1cc(C=O)cc(*)c1O,12,1.3322676295501878e-15,0.18771004056937596,0.6130456341470016,3.4476513700060725
egc,*Oc1ccc(NC(=O)NCCCCCCNC(*)=O)cc1C,12,0.0,0.13503099353061235,0.4585089770708617,4.8280648275289435
egc,*OC(*)CC,12,0.0,0.20136128017355281,0.6561292993491827,5.920735846814935
egc,*CCCCCCCCCCCCCCCCOC(=O)CC=CCC(=O)O*,12,8.881784197001252e-16,0.03473806181790402,0.09409960670823203,5.840332769229715
egc,*CCCCCCCCCCCCCCCCCCCCOC(=O)c1ccccc1C(=O)O*,12,8.881784197001252e-16,0.10309633003384751,0.4024228595928738,5.2165654717853895
egc,*C(=O)Nc1ccc(C(=O)Nc2ccc(NC(=O)c3ccc4[nH]c(-c5ccc(-c6nc7cc(*)ccc7[nH]6)cc5)nc4c3)cc2)cc1,12,0.0,0.10398086795405469,0.36945357708183746,2.7385205236102728
egc,*CCCCCCCCOC(=O)CCCCCCC(=O)O*,12,1.7763568394002505e-15,0.08217377909840405,0.28932085892366377,6.341867758905802
egc,*c1sc(*)c2nc(C)c(C)nc12,12,0.0,0.23851989205701773,1.0077152873945887,2.6574651438309056
egc,*CCC(=O)NCC(=O)N*,12,0.0,0.2307281679332325,0.7940403738404598,5.5487840841092835
egc,*CCCC(C)(C)CNC(=O)c1cccc(C(=O)N*)c1,12,8.881784197001252e-16,0.183890179131149,0.5231721516767438,4.729535523962232
egc,*CCCCCCCCCCNC(=O)CCCCCCCC(=O)N*,12,0.0,0.05214074667771475,0.21408238265467272,5.803314754703382
egc,*CC(*)OC(=O)CC1CCCC1,12,0.0,0.1164314907175062,0.3436428534393192,6.261590007898924
egc,*NC(CC(=O)OCc1ccccc1)C(*)=O,12,8.881784197001252e-16,0.23719907168325766,0.7690564950217089,5.018775722608694
egc,*c1cc(CCCCCCCCCCCCCCCCCCCCCC)c(*)s1,12,4.440892098500626e-16,0.19028818216892038,0.6325091051118612,3.1317176894209227
egc,*C=Cc1ccc(*)c(F)c1,12,4.440892098500626e-16,0.16864106343066806,0.6422717980137007,2.294391153886494
egc,*c1c(C)cc(-c2cc(C)c(N3C(=O)c4ccc(-c5ccc6c(c5)C(=O)N(*)C6=O)cc4C3=O)c(C)c2)cc1C,12,4.440892098500626e-16,0.06307516677902655,0.23616053000053228,2.834809868993435
egc,*C(=O)Nc1ccc(C2(c3ccc(N4C(=O)c5ccc(*)cc5C4=O)cc3)CCC(CC)CC2)cc1,12,0.0,0.10298793275943402,0.3771113124886045,3.4936035895196667
egc,*CCCCCCOC(=O)SNc1ccc(Cc2ccc(NSC(=O)O*)cc2)cc1,12,0.0,0.05707901424338802,0.1877910649216794,4.4042096465336185
egc,*Cc1ccc(CNC(=O)CCCCCCCCCCCCCC(=O)N*)cc1,12,8.881784197001252e-16,0.1267012978739824,0.4560833588983835,5.05043816838841
egc,*CCOCCOCCOCCOCCOc1ccc(C(=O)Nc2cc(NC(=O)c3ccc(O*)cc3)cc(-c3nc4ccccc4[nH]3)c2)cc1,12,4.440892098500626e-16,0.07675626004415426,0.23270804855595673,3.7717194634354265
egc,*Nc1cc(NC(=O)c2ccc3cc(C(*)=O)ccc3c2)cc(C(=O)OCCOc2ccc(C=CC(=O)c3ccccc3)cc2)c1,12,0.0,0.20709452987734123,0.6413880930388891,3.1757101331070685
egc,*CCCCOC(=O)SSSC(=O)O*,12,8.881784197001252e-16,0.33384210159233085,1.3963248279585594,5.10227433912195
egc,*CCCOC(=O)N1CCC(*)CC1,12,0.0,0.13023242008696545,0.557327029377892,5.831898866382947
egc,*c1sc(*)c2c1OCC(CCCCCC)O2,12,4.440892098500626e-16,0.2191289420062071,0.6774949268616237,3.377083174318617
egc,*CCCCCCNC(=O)NCCCCCNC(=O)N*,12,0.0,0.12993254640637203,0.46453632224198316,5.5191519999357785
egc,*CCCCCCCC(=O)OCC1COC(*)O1,12,8.881784197001252e-16,0.1066800822331967,0.32951361295236214,6.33022651040933
egc,*C=C(*)c1cccc(Br)c1,12,5.551115123125783e-17,0.5566664165585133,1.7135298681558728,1.9520636144758594
egc,*Cc1ccc(COC(=O)CCCCSCCCCC(=O)O*)cc1,12,8.881784197001252e-16,0.15393002499560288,0.49661583868897274,4.822688635322987
egc,*CCCCOC(=O)Cc1ccc(CC(=O)O*)cc1,12,0.0,0.15700619494259388,0.5661790547166108,4.888370245549535
egc,*Oc1ccc(C(=O)OCCOCCOC(=O)c2ccc(OC(*)=O)cc2)cc1,12,8.881784197001252e-16,0.06548344964602047,0.23471214401388973,4.429591611138481
egc,*CCCCCCCNC(=O)C(OC)C(OC)C(=O)N*,12,0.0,0.09865905342389587,0.3206571390576265,5.38986508562401
egc,*CCCNC(=O)CCC=CCCC(=O)N*,12,0.0,0.10079246932592412,0.3918798911367203,5.2051027130376655
egc,*CCCCCCCCCC(=O)N*,12,0.0,0.05074666624287432,0.18578599988421374,6.030113210447955
egc,*Oc1cccc2c(OC(=O)Oc3ccc(OC(*)=O)cc3C)cccc12,12,0.0,0.11323379326649172,0.3647608807143743,4.165339277254007
egc,*C(=O)OC1CCC(OC(=O)N2CCN(*)CC2)CC1,12,0.0,0.14593450850207276,0.5257845025076309,5.840702673634993
egc,*CCOC(=O)Nc1cccc2c(NC(=O)O*)cccc12,12,8.881784197001252e-16,0.11193099893155695,0.4118428903397433,4.108037316773548
egc,*NC(CCC(=O)OCc1ccc(Cl)cc1)C(*)=O,12,8.881784197001252e-16,0.2593337892865993,0.7245483742970613,4.857628412006892
egc,*C=CC(C(=O)OC)C(*)c1ccccc1,12,8.881784197001252e-16,0.3904673003078405,1.2916246322058709,3.8850547392435506
egc,*CC(C)(C)COC(=O)Nc1ccc(NC(=O)O*)cc1,12,8.881784197001252e-16,0.14555790360721596,0.5415852690570215,4.842811081031905
egc,*c1ccc(CC(F)(F)C(*)(F)F)cc1,12,8.881784197001252e-16,0.150600923695389,0.509909815418836,4.710325036712319
egc,*CCCCCCCCCCNC(=O)C(C)=C(C)C(=O)N*,12,8.881784197001252e-16,0.0822774947958198,0.2840287647115938,5.384388644747136
egc,*Oc1ccc(-c2ccc(-c3ccc(*)cc3)cc2)cc1,12,8.881784197001252e-16,0.12992718401238798,0.4066693318916923,3.8743455456174645
egc,*CCOCCOC(=O)COCC(=O)O*,12,8.881784197001252e-16,0.1841148783212276,0.6187260237050198,5.853810834372066
egc,*C(=O)c1ccc2c(c1)C(=O)N(c1ccc3c(c1)C(=O)c1cc(N4C(=O)c5ccc(*)cc5C4=O)ccc1-3)C2=O,12,0.0,0.09641399704876721,0.28222284998864966,2.6206783464737984
egc,*Oc1ccc(Oc2ccc(*)cc2)s1,12,8.881784197001252e-16,0.17793046511956875,0.6286217451952911,4.240591900120699
egc,*CC(C)CNC(=O)O*,12,8.881784197001252e-16,0.19642362820662665,0.5076812138668281,6.089483356529141
egc,*C(=O)c1ccc2c(c1)C(=O)N(c1ccc(N3C(=O)c4ccc(*)cc4C3=O)nc1)C2=O,12,0.0,0.12511064180606457,0.4216486233860106,3.072095668062745
egc,*CCCCCC[N+](*)(C)C,12,0.0,0.5343627574397257,1.8861396968648618,2.2162318317038125
egc,*c1cc2cc(*)sc2s1,12,0.0,0.2417161307936271,0.775556705600319,2.5035328490426783
egc,*C(C)C(*)O,12,8.881784197001252e-16,0.14960038261432818,0.4903261136668631,6.0494150673411005
egc,*Oc1cc(Oc2ccc(C(C)(C)c3ccc(*)cc3)cc2)cc(C(=O)Oc2ccc(N=Nc3ccc(C#N)cc3)cc2)c1,12,0.0,0.10162415213820425,0.33197591458909637,3.394696382938472
egc,*CCCCCC(=O)NCc1ccc(CNC(=O)CCCCO*)cc1,12,8.881784197001252e-16,0.12390223030961522,0.4986527846481916,5.010303931810714
egc,*c1cnc(*)c(C)c1,12,0.0,0.21732185318811734,0.6854420733709774,4.1432561709452065
egc,*C(OC(F)(F)F)C(*)(F)F,12,1.7763568394002505e-15,0.19008722686756405,0.7244662845854899,8.230433648679078
egc,*c1ccc(-c2ccc(-c3cnc4cc(-c5ccc6nc(*)cnc6c5)ccc4n3)cc2)cc1,12,0.0,0.10372691268463692,0.34160244252142835,3.0332351432743363
egc,*Nc1ccc(NC(=O)c2cc(NC(=O)c3ccc(NC(=O)C(C)N4C(=O)c5ccccc5C4=O)cc3)cc(C(*)=O)c2)cc1C,12,4.440892098500626e-16,0.10554293250836778,0.3273729135549406,2.9707710647604935
egc,*C=CC1CC(*)C(C(=O)OCCNC(C)(C)C)C1,12,0.0,0.12406395642650533,0.43036552320972454,5.150248417906455
egc,*c1cc(-c2ccc(OCCCCCCCC)cc2)c(*)s1,12,4.440892098500626e-16,0.19196796575562436,0.5753554806698222,2.448101769262499
egc,*CCC[Si](C)(C)O[Si](C)(C)CCCn1c(=O)c2cc3c(=O)n(*)c(=O)c3cc2c1=O,12,8.881784197001252e-16,0.13273162408029335,0.42772237020202253,3.660838606838484
egc,*c1cc(-c2nc3ccccc3o2)cc(-n2c(=O)c3cc4c(=O)n(*)c(=O)c4cc3c2=O)c1,12,4.440892098500626e-16,0.10672829839360592,0.3600185790108048,2.5541712606159592
egc,*OP(=O)(Oc1ccccc1)Oc1ccc(*)cc1,12,0.0,0.12348223368919131,0.3931540994961198,4.629111731950894
egc,*CCOCCOC(=O)C=CC(=O)NCCCCCCNC(=O)C=CC(=O)O*,12,0.0,0.22148295195602052,0.7681662050734905,4.37130034829804
egc,*CC(F)(F)C(F)(F)C(F)(F)COC(=O)CCCC(=O)O*,12,8.881784197001252e-16,0.14448075538081367,0.4646597706782707,6.552936308038082
egc,*CC(CO*)(CS(=O)(=O)CC)CS(=O)(=O)CC,12,8.881784197001252e-16,0.09486213968440504,0.2535864936174139,5.47307514780108
egc,*CCN(*)C(=O)c1c(F)cc(F)c(F)c1F,12,8.881784197001252e-16,0.16906372425376404,0.5447384318457358,4.361344542665183
egc,*CCCCCCn1c(=O)c2cc3c(=O)n(*)c(=O)c3cc2c1=O,12,4.440892098500626e-16,0.13345537458113818,0.37040733357348143,3.8692207465671333
egc,*CCCCc1nc(-c2ccc(-c3csc(*)n3)cc2)cs1,12,1.3322676295501878e-15,0.0662822990370858,0.21749739359180698,3.807116267241969
egc,*OC1(O)CCCC(*)C1,12,8.881784197001252e-16,0.15934708268166367,0.6344437753625556,6.110158120772824
egc,*C(=O)c1ccc2c(c1)C(=O)N(c1ccc(Cc3ccc(N4C(=O)c5ccc(*)cc5C4=O)cc3)cc1)C2=O,12,0.0,0.09554500287753497,0.3784680063702499,2.941750835763527
egc,*c1ccc(-c2ccc(-c3cc(CCCCCCCC)c(*)s3)s2)s1,12,0.0,0.2432456642553311,0.8185353656661183,1.906033438825583
egc,*c1cc(CCCCCCCCCCCC)c(-c2sc(*)c3c2OCCO3)s1,12,0.0,0.17773872109445857,0.6173131865657577,1.9152644973587105
egb,*NC(=O)Nc1ccc(*)s1,12,0.0,0.3156904360752677,1.068841702232477,3.0940537886680075
egb,*CCCCCOCO*,12,8.881784197001252e-16,0.14714445621858577,0.5770158929722093,6.702291048314593
egb,*CC(=S)NO*,12,0.0,0.6489194768147625,2.31295764841779,3.494517349211474
egb,*CNCCNC(=O)OC*,12,8.881784197001252e-16,0.11926583345668945,0.43662925979317535,6.148587297957149
egb,*C(=O)C(=S)OC(*)=S,12,0.0,0.40120745423816384,1.26210588754533,2.3012271988415454
egb,*CCCCCCNC(=O)CCCCCCCCCCC(=O)N*,12,0.0,0.15153221327701286,0.5077914056085424,5.763666413887804
egb,*CC(*)(C)C(=O)OCC,12,0.0,0.11622184789671322,0.4902149941133489,6.139246088545277
egb,*Cc1ccc(C(=S)c2ccc(*)cc2)cc1,12,4.440892098500626e-16,0.37471101689914954,1.2380248989703047,2.796633486529645
egb,*OC(=S)OC(*)=O,12,0.0,0.4041582964863245,1.351888634211111,3.4152542215357795
egb,*CC(=S)OC(*)=S,12,0.0,0.5489580408017616,1.9683318946716761,2.7022531677383235
egb,*CCCCCCCCCCSCCCCCCS*,12,8.881784197001252e-16,0.04962171384859911,0.16349766795754217,4.942031718271018
egb,*NC(=O)C(=S)C(*)=O,12,2.220446049250313e-16,0.7544031747062513,2.1053724976247343,2.6842800813028678
egb,*Oc1ccc(C(=S)c2ccc(*)s2)s1,12,4.440892098500626e-16,0.3544393697785619,1.3709816666739338,2.4799133385768988
egb,*NNC(=O)C(=O)NNC(=O)CCCCCCCC(*)=O,12,8.881784197001252e-16,0.29900657508590284,1.0007276823559708,4.3938346446960885
egb,*CC(C)O*,12,8.881784197001252e-16,0.25421374678472947,1.0166939127931789,7.23525846369111
egb,*CCNC(*)=S,12,4.440892098500626e-16,0.6539365604489854,2.186131020752559,3.404831159677018
egb,*C(=S)c1ccc(C(F)(F)C(*)(F)F)s1,12,4.440892098500626e-16,0.3587947632174028,1.2125186378324297,2.879889851070803
egb,*CNc1ccc(C(*)=O)s1,12,0.0,0.40819009188336464,1.190629371641505,3.4092173057257007
egb,*Nc1ccc(Oc2ccc(*)cc2)cc1,12,0.0,0.2391350717637014,0.8341805836837084,3.430398322227703
egb,*Oc1ccc(OC(=O)c2ccc(C(*)=O)cc2)cc1C1CCCCCCC1,12,8.881784197001252e-16,0.29981580047722467,1.0293572458053841,3.4814269482416793
egb,*CC(=S)C(=O)C(*)=S,12,1.1102230246251565e-16,0.3647145797834902,1.368364518781128,1.7852712822090142
egb,*CCOCCOC(=O)O*,12,1.7763568394002505e-15,0.17007325494104308,0.5780119440437588,6.537874932467297
egb,*Nc1ccc(NC(=O)NC(=O)NC(*)=O)s1,12,4.440892098500626e-16,0.16368355997604805,0.652251604059912,3.4010139511224975
egb,*OC(=S)C(F)(F)C(*)(F)F,12,0.0,0.7048186787218816,2.006087683446408,3.685201917129657
egb,*Nc1ccc(-c2ccc(-c3ccc(*)cc3)cc2)cc1,12,0.0,0.24690141553781533,0.6808563141302937,2.741807307913286
egb,*Oc1ccc(C(=S)c2ccc(*)cc2)cc1,12,0.0,0.5186993027980732,1.762274433593381,2.809234524276574
egb,*Nc1ccc(-c2ccc(NC(=O)c3cc(C(*)=O)cc(S(=O)(=O)c4ccccc4)c3)cc2)cc1,12,0.0,0.18733078199714148,0.5992641401329384,2.551176249267454
egb,*c1ccc(-c2ccc(C(F)(F)C(*)(F)F)cc2)s1,12,8.881784197001252e-16,0.2611729528365974,0.882679781716436,3.7185952556374944
egb,*CCc1ccc(Cc2ccc(CCS*)cc2)cc1,12,0.0,0.11682100628062224,0.37799240680369284,4.167164880500159
egb,*OC(C)COC(=O)CCCCC(*)=O,12,0.0,0.2368618606643968,0.7297637173247038,5.881680986269887
egb,*C(=S)c1ccc(C(F)(F)C(*)(F)F)cc1,12,4.440892098500626e-16,0.2599903737245252,0.8506739311872229,2.9502380174668215
egb,*CC(*)(C)C(=O)OCCc1ccccc1,12,0.0,0.21113002673900944,0.7407458903482853,4.612086297367312
egb,*CCCCOC(=O)c1ccc(C(=O)O*)cc1,12,8.881784197001252e-16,0.20062758761400037,0.7562109675495616,4.040879099966699
egb,*C(C#N)=C(c1ccccc1)c1ccc(*)cc1,12,4.440892098500626e-16,0.28725736853492956,0.8342501155327935,2.4551569380196177
egb,*Oc1ccc(-c2ccc(C(*)=O)s2)cc1,12,0.0,0.2829579611683506,1.0331800451536899,3.0723883042129327
egb,*Cc1ccc(CC(*)=S)s1,12,0.0,0.2619086942228567,0.8266116358987836,2.8326039500280147
egb,*C(=O)c1ccc(C(=O)C(*)=S)cc1,12,0.0,0.3051987595126047,1.2633405769190378,2.3359686957202332
egb,*CCOC(=O)C1C2C=CC(C2)C1C(=O)O*,12,0.0,0.3009430548094945,0.9415401694147274,4.964594879803458
egb,*c1ccc(NC(F)(F)C(*)(F)F)cc1,12,8.881784197001252e-16,0.22597615496365198,0.8431489041030233,4.013313174664378
egb,*CC(*)N1CCCC1=O,12,8.881784197001252e-16,0.1603056990401248,0.48291359133348966,5.981916917089129
egb,*CCc1ccc(O*)cc1,12,8.881784197001252e-16,0.1374261533293274,0.5349008613580892,4.110727891214073
egb,*OC(F)(F)C(F)(F)C(*)(F)F,12,1.7763568394002505e-15,0.18716853158289598,0.7209335279904217,8.273723406979869
egb,*CC(*)C(=O)OCCCSCC,12,0.0,0.159297852772368,0.4973288872906121,5.429961506720988
egb,*Cc1ccc(OC(*)=S)cc1,12,8.881784197001252e-16,0.27836949019336,0.929529914539077,3.231197405606333
egb,*CNC(=O)ONC(=O)NO*,12,0.0,0.21677047056293378,0.6750206692979352,5.222923121880746
egb,*C=Cc1ccc(*)n1CCCCCC,12,0.0,0.636948572988159,2.3944197192480043,3.5588810284578867
egb,*CC(=O)c1ccc(C(*)=S)s1,12,0.0,0.24073305031035414,0.9336398027011383,2.437010082126236
egb,*Cc1ccc(C(=O)N*)cc1,12,0.0,0.2134971740698556,0.714399629747184,3.90673191069621
egb,*Nc1ccc(C(=S)c2ccc(*)cc2)cc1,12,4.440892098500626e-16,0.36756704827731496,1.3631605388080923,2.4375260862594152
egb,*OC(F)(F)C(*)(F)F,12,1.7763568394002505e-15,0.24456572038608718,0.8151313318436166,8.407263063956874
egb,*CCc1ccc(O*)s1,12,0.0,0.3536723365657467,1.0285959489397412,3.9135058555897557
egb,*NC(=O)c1ccc(-c2ccc(*)cc2)s1,12,4.440892098500626e-16,0.3705120276814833,1.409601304245831,2.635301261529831
egb,*CC(=O)c1ccc(C(*)=S)cc1,12,0.0,0.3740994137452553,1.190785413588919,2.6270590762956214
egb,*CC(=O)c1ccc(-c2ccc(*)cc2)cc1,12,4.440892098500626e-16,0.265381977096896,0.8852610549180424,3.345131312414969
egb,*CCOCCOC(=O)CCCCS(=O)(=O)CCCCC(=O)O*,12,0.0,0.1447080763094127,0.5162540660535342,5.841557237812325
egb,*Cc1ccc(CO*)cc1,12,8.881784197001252e-16,0.1673672592936891,0.5955127897100945,4.195714491531277
egb,*CNON*,10,0.0,0.2568822437977832,0.9512041643796758,5.552725877596623
egb,*Nc1ccc(-c2ccc(-c3ccc(*)cc3)s2)cc1,12,2.220446049250313e-16,0.17464615763321786,0.6580356155495348,2.784128759743592
egb,*c1cccc(*)n1,12,0.0,0.2477644422810674,0.817366649921138,3.054291852298375
egb,*CCc1ccc(-c2ccc(*)s2)cc1,12,4.440892098500626e-16,0.36584912016103793,1.2249451998717786,3.4334410751279507
egb,*c1ccc(-c2ccc(-c3ccc(-c4ccc(*)n4CCCCCCCCCCCC)s3)s2)s1,12,4.440892098500626e-16,0.24182277457097764,0.8425616558733582,3.185612527221679
egb,*CNC(=S)c1ccc(*)s1,12,0.0,0.3833050919004564,1.1508103942826122,2.492881141705508
egb,*CNc1ccc(O*)cc1,12,8.881784197001252e-16,0.23393891795996646,0.7116541907522653,3.953877313651066
egb,*Cc1ccc(C(=S)O*)cc1,12,4.440892098500626e-16,0.34090395109767885,1.0928061665542046,3.258259888671796
egb,*CC(CCC)C(CCC)COC(=O)c1ccc(C(=O)O*)cc1,12,0.0,0.13189815853633552,0.5118771592589901,4.590709808052708
egb,*CCCCCCCCCCCNC(=O)c1ccc(C(=O)N*)cc1,12,0.0,0.124712849785644,0.3729520233502095,4.328298155765361
egb,*CCCCCCCNC(=S)Nc1ccc(NC(=S)N*)cc1,12,8.881784197001252e-16,0.1314883318179311,0.43030341941737893,3.234150828119325
egb,*OCC(F)(F)C(*)(F)F,12,0.0,0.12090645935327565,0.3252228948227325,8.11632541220413
egb,*CNOC(*)=S,12,8.881784197001252e-16,0.5321455804038071,1.7940792583998877,3.453951858035167
egb,*Cc1ccc(Nc2ccc(*)cc2)cc1,12,1.3322676295501878e-15,0.19892314748401563,0.6995029743091301,3.7018469409725756
egb,*CC(=S)c1ccc(C(*)=S)s1,12,2.220446049250313e-16,0.15114304199270132,0.490265432240401,2.0873634701311494
egb,*CC1CCC(CNC(=O)CCCCCC(=O)N*)CC1,12,0.0,0.09724385833810259,0.3312401503597462,5.614208345087024
egb,*CCOCCOC(=O)Nc1ccc(C)c(NC(=O)O*)c1,12,0.0,0.1763805224234772,0.6295731385778005,4.1971974455119465
egb,*Cc1ccc(C(=O)O*)s1,12,4.440892098500626e-16,0.35968231859356625,1.0732642110233184,3.70858341218854
egb,*CC(C#N)(C#N)C(C#N)C(*)(C#N)C#N,12,8.881784197001252e-16,0.15303235210761104,0.4851003087368717,6.120002954455599
egb,*C(*)C,6,0.0,0.20095356551311488,0.6111684255602166,7.3962488682612415
egb,*c1ccc(-c2ccc(-c3ccc(-c4ccc(*)cc4)cc3)cc2)cc1,12,4.440892098500626e-16,0.2125853014733763,0.6243343372931558,2.673757769612893
egb,*C1C(=O)OC(=O)C1*,12,0.0,0.2697913169405304,0.8903908842950221,5.446774152677482
egb,*C(C#N)C(*)(C#N)C#N,12,8.881784197001252e-16,0.21777108405325937,0.65718883949455,5.856355812444723
egb,*CC(*)CCC,12,0.0,0.10568764182885391,0.37352847621218466,7.061545172680958
egb,*C(=S)CC(F)(F)C(*)(F)F,12,0.0,0.49532383809217695,1.6722856123194534,4.063220079004133
egb,*Oc1ccc(C(F)(F)C(*)(F)F)s1,12,0.0,0.32644876105873294,1.1416638208963668,4.10340813254354
egb,*CC(*)(C)C(=O)OCCC#N,12,8.881784197001252e-16,0.1542117609066459,0.4694180304513562,6.049411625381563
egb,*Oc1ccc(OC(*)=O)s1,12,8.881784197001252e-16,0.2446490026268289,0.7987723087236525,3.706725030142382
egb,*CCCNC(=O)CCCCCCCC(=O)NCCCNC(=O)C(=O)N*,12,8.881784197001252e-16,0.1002919584556717,0.29752974640450613,5.105328074763672
egb,*CC(=S)c1ccc(O*)cc1,12,0.0,0.40157654915940305,1.4572216559688789,2.787730543907742
egb,*CCC(C)CC(=O)O*,12,0.0,0.15785308632946854,0.5810502625110638,6.235227793623099
egb,*OC(=S)Oc1ccc(*)cc1,12,4.440892098500626e-16,0.38162292838613665,1.1456222614630307,3.2917494961467058
egb,*CCCOC(=O)CCCCCCCCCCC(=O)O*,12,0.0,0.14253022137061713,0.5472237974852598,6.145664050237561
egb,*OC(=O)OCCOCCOC(=O)OC1COC2C(*)COC12,12,8.881784197001252e-16,0.07447468049706069,0.2551535037333208,6.252441267674404
egb,*C(=O)OCCCCOC(=O)N1CCN(*)CC1,12,8.881784197001252e-16,0.08979711859530402,0.2868710799514256,6.290663931523935
egb,*CCc1ccc(C(*)=S)s1,12,4.440892098500626e-16,0.3662363901478825,1.3004856787001358,2.813538958721535
egb,*CC(*)CO,12,0.0,0.20769626515178527,0.6809824424943374,7.1698637297990295
egb,*CCCCCCCCCCOC(=O)CCC(=O)O*,12,0.0,0.12198638923208302,0.37088582491877187,6.228543271405012
egb,*CC(=O)c1ccc(C(*)=O)cc1,12,0.0,0.13596423895925128,0.47272531017873476,3.3827194385351973
egb,*Cc1ccc(Cc2ccc(*)s2)cc1,12,8.881784197001252e-16,0.2036633902449215,0.6538129900557133,3.914943868505046
egb,*CNC(=S)O*,12,0.0,0.5394548622849015,1.6340341615522833,3.6482081834182405
egb,*Oc1ccc(Oc2ccc(*)s2)s1,12,0.0,0.20661117228637751,0.6710555077750926,3.528940420663499
egb,*Cc1ccc(C(=O)c2ccc(*)cc2)cc1,12,8.881784197001252e-16,0.3139690984437966,0.9269825646417438,3.4421134125157624
egb,*CNCc1ccc(*)cc1,12,0.0,0.1503856854923714,0.4356993821241284,4.242768702245317
egb,*OC1C(CO)OC(*)C(O)C1O,12,2.6645352591003757e-15,0.10220076908717542,0.3989674308213491,6.991990362376203
egb,*CC(=O)c1ccc(C(*)=O)s1,12,0.0,0.29821344133061334,1.0308526605436432,3.4711135079717903
egb,*Nc1ccc(OC(*)=S)cc1,12,8.881784197001252e-16,0.2693689136853184,0.9774547657555352,2.8910724104226087
egb,*NC(=O)C(=S)c1ccc(*)s1,12,2.220446049250313e-16,0.25055687501438767,0.910206556542924,1.99673749975847
egb,*CNC(=S)C(*)=O,12,0.0,0.7232234445889546,2.478774749645379,3.148075503969794
egb,*CC(*)c1ccc(C(=O)OCC(C)C)cc1,12,0.0,0.1920944693057395,0.6629014588151092,4.576492903264491
egb,*CC(C#N)(C#N)CC(C#N)(C#N)CC(C#N)(C#N)C(C#N)C(*)(C#N)C#N,12,8.881784197001252e-16,0.12176110517173731,0.3458885093735571,6.156447186712476
egb,*C(=S)c1ccc(-c2ccc(-c3ccc(*)cc3)cc2)cc1,12,0.0,0.24191841877386397,0.902109285013065,2.3090466715812514
egb,*Sc1ccc(*)cc1,12,0.0,0.21486327395016303,0.9321055872951822,3.1699682072428494
egb,*OC(=O)c1ccc(C(*)=O)s1,12,0.0,0.17572330221707055,0.6298820625431092,3.4844412926627863
egb,*NCCCNC(=O)NC(*)=O,12,8.881784197001252e-16,0.15449470055404732,0.5168578138465962,5.674051279611849
egb,*C=CCCCC*,12,8.881784197001252e-16,0.2814174616669038,0.9999062931686931,5.061434734978159
egb,*CC(*)(C)C(=O)OC(C(F)(F)F)C(F)(F)F,12,0.0,0.17346798552956677,0.5328527676174248,6.024110569951017
egb,*CC(=O)Oc1ccc(*)s1,12,0.0,0.3327273293728521,1.0409318684081161,3.816291522835295
egb,*C(=O)Oc1ccc(C(*)=S)s1,12,4.440892098500626e-16,0.30011316859556786,1.0551965665872791,2.4039412205346276
egb,*CCC1CCC(*)C1,12,1.7763568394002505e-15,0.3629620019963695,1.093265045357592,7.218726450779385
egb,*CCOC(=O)NCCSCCCCSCCNC(=O)O*,12,8.881784197001252e-16,0.07267145108521474,0.2664107358790355,5.187110977546824
egb,*Cc1ccc(-c2ccc(-c3ccc(*)cc3)s2)cc1,12,0.0,0.2781579010696765,0.9572049985711795,2.874759884028535
egb,*CC(*)OC(=O)CC1CCCC1,12,0.0,0.13552364410718176,0.437704721363704,6.250330758838501
egb,*C(=O)C(F)(F)NC(*)(F)F,12,8.881784197001252e-16,0.14083280362706652,0.4217539229774241,5.4714947063512405
egb,*C(=O)C(F)(F)CC(*)(F)F,12,0.0,0.23392378091232546,0.8330586603800958,5.579281941658856
egb,*CC(=S)c1ccc(O*)s1,12,0.0,0.36139209244137394,1.1771765343182605,2.552495447240815
egb,*CC(O*)C(F)(F)F,12,8.881784197001252e-16,0.14521932532331214,0.5863677501542517,7.604634227271814
egb,*CCC1CC(*)C2CCCC12,12,1.7763568394002505e-15,0.11316442255938616,0.4268406409390231,6.892530095165608
egb,*NC(F)(F)NC(*)(F)F,12,1.7763568394002505e-15,0.12701155995420424,0.40533857636057924,7.447550916921055
egb,*C(=S)c1ccc(-c2ccc(-c3ccc(*)cc3)s2)cc1,12,0.0,0.24465106734096753,0.8706398185756858,2.2204503976852634
egb,*Oc1ccc(Cc2ccc(*)cc2)cc1,12,8.881784197001252e-16,0.2013666380458606,0.5797773570842586,3.9768121963532863
egb,*Nc1ccc(-c2ccc(C(*)=S)cc2)s1,12,4.440892098500626e-16,0.23050109138858832,0.9314557869877473,2.2097895528172553
egb,*CCNc1ccc(*)s1,12,4.440892098500626e-16,0.32655090422556887,1.0942151448356432,3.9941124794649263
egb,*OC(=O)OC(*)=O,12,0.0,0.4173107208346312,1.3553909715316141,5.232435230201017
egb,*CC(*)F,12,0.0,0.27775554738766667,0.999109776791455,7.698492425216337
egb,*CC(*)(F)C(=O)OCCC(F)(F)C(F)(F)C(F)(F)C(F)(F)C(F)(F)C(F)(F)C(F)(F)C(F)(F)F,12,8.881784197001252e-16,0.09259703614977452,0.2992506362301315,6.230472045766709
egb,*COc1ccc(-c2ccc(*)cc2)s1,12,8.881784197001252e-16,0.284823899333183,0.9791387098930975,3.260221575062454
egb,*CC(=O)c1ccc(O*)cc1,12,4.440892098500626e-16,0.2925700263083822,0.9282712220990827,3.870766350011227
egb,*c1ccc(OC(=S)c2ccc(*)s2)cc1,12,0.0,0.30027851758567686,1.115019426664593,2.4247578778568335
egb,*C(=O)NC(F)(F)C(*)(F)F,12,0.0,0.20402946705084526,0.8473282164689673,5.498738059895721
egb,*CCOCCOCCOC(=O)CCCCCC(=O)O*,12,0.0,0.14316371358889327,0.6079691251889807,5.960984817402397
egb,*SC1CCCC(*)C1,12,8.881784197001252e-16,0.21266314354508933,0.7553350151609539,5.897037059763616
egb,*CNOc1ccc(*)cc1,12,8.881784197001252e-16,0.22561019858199213,0.8970407568454415,3.861292088111455
egb,*c1ccc(NC(F)(F)C(*)(F)F)s1,12,4.440892098500626e-16,0.2623461966478494,0.8316394333468504,3.701153894762669
egb,*NC(=O)c1ccc(-c2ccc(*)cc2)cc1,12,4.440892098500626e-16,0.33605030398586394,1.0956524652948145,2.8457244942071642
egb,*NC1CCCC1C(*)=O,12,8.881784197001252e-16,0.09945073134327863,0.3530387075485164,6.092882872895982
egb,*CCCCSCCS*,12,8.881784197001252e-16,0.13827312925996302,0.4320608974454636,4.997250596007495
egb,*Nc1ccc(-c2ccc(-c3ccc(*)s3)s2)cc1,12,4.440892098500626e-16,0.3240874563354308,0.9966797563747818,2.5559446222512934
egb,*OC(F)(F)CC(*)(F)F,12,1.7763568394002505e-15,0.2161256647782069,0.6880299508427319,8.354118868715524
egb,*CC(*)OC(C)=O,12,0.0,0.15951521042491162,0.5700491545126667,6.004169584648433
egb,*c1cccc(-c2nc3cc4nc(*)c(-c5ccccc5)nc4cc3nc2-c2ccccc2)c1,12,0.0,0.1402682890241309,0.5353377628600415,2.3129104327638035
egb,*Cc1ccc(CC(*)=S)cc1,12,4.440892098500626e-16,0.3751181066963682,1.5488332063363202,3.02648609029359
egb,*CC(=O)C(=S)C(*)=O,12,0.0,0.6326362319931768,1.8976947232732522,2.5906141751898817
egb,*c1cc(-c2sc(-c3cc(C)c(*)s3)cc2C)c2cccccc1-2,12,2.220446049250313e-16,0.21928211081017765,0.6278083918513782,1.7608297375671091
ei,*Nc1ccc(-c2ccc(-c3ccc(*)s3)s2)cc1,12,8.881784197001252e-16,0.1799092717813389,0.7329178743578755,5.252554794441488
ei,*OC(=O)c1ccc(C(*)=O)s1,12,8.881784197001252e-16,0.17712444945810793,0.4726858955889064,6.966687727308011
ei,*Oc1ccc(-c2ccc(C(*)=O)cc2)cc1,12,0.0,0.18492574689265012,0.6765386374148719,6.391777677552341
ei,*Oc1ccc(C(=O)c2ccc(C(=O)NOC(*)=O)s2)cc1,12,1.7763568394002505e-15,0.1292258839417546,0.4021211491681962,6.6103433522408634
ei,*c1ccc(C(=O)C(F)(F)C(*)(F)F)s1,12,0.0,0.12939950019615074,0.42034264038111147,7.2845547593194375
ei,*Oc1ccc(Cc2ccc(*)cc2)cc1,12,0.0,0.15691365700999715,0.5221952210287801,5.861135838661222
ei,*c1ccc(NC(F)(F)C(*)(F)F)cc1,12,8.881784197001252e-16,0.13708884805212304,0.3730632286467941,6.749770535211212
ei,*Nc1ccc(C(=O)c2ccc(*)s2)s1,12,8.881784197001252e-16,0.1661496851288356,0.6972536977589252,5.716149747855682
ei,*NC(=O)NC(*)=S,12,0.0,0.16248093366181846,0.5554862481743141,6.646114903173
ei,*CC(*)C,12,0.0,0.19904894056824504,0.6717135427869909,6.155978315808543
ei,*CNC(=S)O*,12,8.881784197001252e-16,0.12037279538231796,0.41997149645347154,6.216465509897773
ei,*Oc1ccc(OC(*)=O)cc1,12,0.0,0.10256062053118514,0.36256037629598126,6.543415757493594
ei,*CNC(=O)c1ccc(*)s1,12,0.0,0.27190632962140204,0.8787539420394257,5.885185057943356
ei,*NC(=O)C(=S)c1ccc(*)s1,12,8.881784197001252e-16,0.17290150512376204,0.601946418464542,6.232852187481299
ei,*CNCCCOCO*,12,8.881784197001252e-16,0.09833672304961996,0.3923770139404139,6.301685559954137
ei,*C(=O)c1ccc(-c2ccc(C(*)=S)s2)cc1,12,0.0,0.1528983328614779,0.5259666903969045,6.092703564237589
ei,*CCC(=O)O*,12,8.881784197001252e-16,0.30162510272456194,0.9907013100605315,7.2145204574685735
ei,*Cc1ccc(C(=S)c2ccc(*)s2)s1,12,8.881784197001252e-16,0.09204810293596805,0.2611128239530087,5.800035800245946
ei,*CCC(F)(F)C(*)(F)F,12,1.7763568394002505e-15,0.10599451246683723,0.3483154874321883,8.661821384485885
ei,*C(=O)c1ccc(-c2ccc(C(*)=S)cc2)cc1,12,0.0,0.1445671531012236,0.6078249935681752,6.117131792268
ei,*CNOc1ccc(*)s1,12,0.0,0.11921152275083066,0.41929375430096805,5.708664437717836
ei,*c1ccc(NC(F)(F)C(*)(F)F)s1,12,8.881784197001252e-16,0.20015931766303915,0.6088855327036065,6.594983063417831
ei,*OC(=S)Oc1ccc(*)cc1,12,0.0,0.1550449440187402,0.49516722730404084,6.255433332172317
ei,*CC(=O)c1ccc(-c2ccc(*)cc2)cc1,12,0.0,0.1381974628533415,0.46131305038924175,6.060543901318739
ei,*C(=S)c1ccc(C(=S)c2ccc(*)cc2)cc1,12,0.0,0.12985481182129996,0.41225788746644376,5.89136916551089
ei,*C(=O)c1ccc(C(=O)c2ccc(*)cc2)cc1,12,8.881784197001252e-16,0.16521488235049495,0.5116161513916682,6.711244836145556
ei,*c1ccc(C(=O)C(F)(F)C(*)(F)F)cc1,12,1.7763568394002505e-15,0.09621136232238194,0.2794168602236988,7.274442224375843
ei,*CCCO*,10,8.881784197001252e-16,0.22913916263346734,0.9319054033725171,6.335796371700567
ei,*NC(=O)NC(*)=O,12,8.881784197001252e-16,0.2236468018796894,0.9522810330830147,6.47644987123946
ei,*OC(=O)C(F)(F)C(*)(F)F,12,1.7763568394002505e-15,0.1384658738796098,0.5419403436954671,8.415743498761834
ei,*OCCCCONC(*)=O,12,8.881784197001252e-16,0.14775649617196562,0.5817400729171025,6.778006820480484
ei,*NC(=S)NC(*)=S,12,1.7763568394002505e-15,0.10883441315363017,0.40095642183759317,6.454781143991553
ei,*OC(=S)OC(*)=O,12,0.0,0.1202927897815309,0.5021782993996462,7.2841230861897195
ei,*CNC(=S)N*,12,8.881784197001252e-16,0.07906985882240518,0.3298823052287867,6.104355436518662
ei,*CNc1ccc(C(*)=S)s1,12,0.0,0.10714487989856689,0.4034587472479858,5.490321107161125
ei,*COc1ccc(O*)cc1,12,8.881784197001252e-16,0.11134016008324131,0.39668447586008426,6.038591917670673
ei,*CCNC(*)=S,12,8.881784197001252e-16,0.1363843880890349,0.5049721709536756,5.665623965880221
ei,*CC(=O)c1ccc(-c2ccc(*)s2)cc1,12,8.881784197001252e-16,0.0699492949497526,0.22734337740361799,6.0721756342444
ei,*CCCN*,10,8.881784197001252e-16,0.09146594196222813,0.34152243268723925,5.843530957565757
ei,*NOC(=O)NCC(=O)NC(*)=O,12,0.0,0.1006348251660678,0.36597844553702874,7.4443999192395225
ei,*CNCCNC(=O)OC*,12,0.0,0.10046676071611359,0.4120925999178926,6.469499466236496
ei,*CC(=S)c1ccc(O*)s1,12,8.881784197001252e-16,0.0799236496814615,0.29683244000449527,5.958651663524332
ei,*C(=O)c1ccc(C(=O)C(*)=S)s1,12,0.0,0.12812249538691348,0.45191836747667136,6.746742559797873
ei,*c1ccc(-c2ccc(-c3ccc(-c4ccc(*)s4)s3)s2)cc1,12,8.881784197001252e-16,0.18449096720053432,0.5910811047914137,5.308703588917347
ei,*C(=S)C(=O)CCNc1ccc(C(=S)c2ccc(*)cc2)cc1,12,8.881784197001252e-16,0.1634744279457367,0.6158637943271152,5.992068401440289
ei,*NC(=O)c1ccc(C(*)=S)cc1,12,0.0,0.07732096958729913,0.34138328977301136,6.321614147860372
ei,*C(=S)Oc1ccc(-c2ccc(*)cc2)s1,12,0.0,0.12018836161232371,0.3658281577718494,5.825290482881648
ei,*C(=O)CC(F)(F)C(*)(F)F,12,8.881784197001252e-16,0.17191028836449668,0.5417850703151466,8.350604878410708
ei,*CC(=O)NC(*)=O,12,8.881784197001252e-16,0.2979063147624622,1.004114890051273,6.517477368348248
ei,*CNCN*,10,0.0,0.1379610999835525,0.4837184944260011,5.86580465428821
ei,*Nc1ccc(NC(=O)NONC(*)=O)s1,12,8.881784197001252e-16,0.20578159698244608,0.7696747266019495,6.047264040561617
ei,*NC(=O)C(=S)C(*)=O,12,8.881784197001252e-16,0.07945834742176068,0.2852407530017036,6.54860821189144
ei,*Cc1ccc(NO*)s1,12,8.881784197001252e-16,0.14198333367010413,0.5100800916079775,5.503372632288923
ei,*C(=O)c1ccc(-c2ccc(-c3ccc(*)cc3)cc2)cc1,12,0.0,0.21106901330164654,0.6272488250103283,5.964978899949475
ei,*Cc1ccc(NO*)cc1,12,8.881784197001252e-16,0.08644182216273325,0.2862702408127662,5.683928521555785
ei,*C(=O)c1ccc(-c2ccc(-c3ccc(*)s3)cc2)cc1,12,0.0,0.1292867544217525,0.4371248304505997,5.879566696649936
ei,*CCOC(=S)NC(=S)c1ccc(N*)cc1,12,0.0,0.11726228219780793,0.3869358725985501,5.766778054379899
ei,*OC(F)(F)NC(*)(F)F,12,1.7763568394002505e-15,0.08375583426872509,0.23485286758904778,8.666406815390543
ei,*c1ccc(C(F)(F)CC(*)(F)F)s1,12,8.881784197001252e-16,0.08431945614877448,0.3169510068551311,7.06550713367128
ei,*Oc1ccc(-c2ccc(-c3ccc(*)cc3)cc2)cc1,12,8.881784197001252e-16,0.12884519977617906,0.4568549680731051,5.648707487858425
ei,*OC(F)(F)C(=O)C(*)(F)F,12,1.7763568394002505e-15,0.17665516326922445,0.6919431050871694,8.34952310656848
ei,*c1ccc(OC(=S)c2ccc(*)s2)cc1,12,8.881784197001252e-16,0.08040576744138658,0.2586152621454145,5.949673515445617
ei,*CNc1ccc(-c2ccc(*)s2)cc1,12,8.881784197001252e-16,0.18355521759437063,0.6484803113444748,5.282543382789984
ei,*OC(=O)OC(*)=O,12,1.7763568394002505e-15,0.2126974736669314,0.703336489242516,7.8053206466655505
ei,*CC(=S)c1ccc(C(*)=S)s1,12,8.881784197001252e-16,0.26325030883411943,1.038277564323315,5.658595790409113
ei,*COC(=S)O*,12,8.881784197001252e-16,0.08508083961179885,0.2608299113032162,6.693850912147453
ei,*Cc1ccc(Nc2ccc(*)cc2)cc1,12,8.881784197001252e-16,0.139678818799959,0.48487624355209835,5.475990112753642
ei,*CNC(=S)C(*)=O,12,8.881784197001252e-16,0.09476574714613294,0.3163117925587997,6.444757798673391
ei,*C(=S)NC(F)(F)C(*)(F)F,12,8.881784197001252e-16,0.21275128434823823,0.9213224132491451,7.274604083730293
ei,*CNCc1ccc(*)cc1,12,0.0,0.12318713609642484,0.423265769707343,5.858429024896338
ei,*CCON*,10,8.881784197001252e-16,0.30461506693033163,1.1774454490611763,5.738270170206472
ei,*C(=O)Oc1ccc(C(*)=S)s1,12,8.881784197001252e-16,0.09680273226596257,0.3684335909063865,6.385305097995233
ei,*Cc1ccc(-c2ccc(-c3ccc(*)s3)s2)cc1,12,8.881784197001252e-16,0.16081260642156744,0.5950723339785986,5.514286552092867
ei,*CNCC(*)=O,12,0.0,0.14041812929862116,0.5264876495124282,6.331135973403949
ei,*CNC(=O)ONC(=O)NO*,12,8.881784197001252e-16,0.1479599403394894,0.5505676535104627,7.492076029919391
ei,*CCc1ccc(C(*)=S)cc1,12,0.0,0.07921638634307869,0.30824061508732825,5.897916965977978
ei,*Sc1ccc(*)cc1,12,0.0,0.20074071356007356,0.6718185854569851,5.797731451939119
ei,*C(F)C(*)(F)F,12,1.7763568394002505e-15,0.10282272361370393,0.41091909814156224,8.62238967666267
ei,*Nc1ccc(C(=S)c2ccc(*)s2)s1,12,0.0,0.09466089296493642,0.329408503235622,5.510068754638308
ei,*NOC(=S)O*,12,8.881784197001252e-16,0.13912084776215608,0.5541384593761345,7.255363251491981
ei,*COc1ccc(O*)s1,12,0.0,0.15053306887817125,0.43942982343701775,6.032223369814599
ei,*c1ccc(-c2nc3cc4nc(*)oc4cc3o2)cc1,12,0.0,0.1032096443455598,0.3741187901131937,5.789439564521865
ei,*C(=O)C(F)(F)NC(*)(F)F,12,1.7763568394002505e-15,0.12209341099444251,0.4637967097735487,8.380532752667348
ei,*C(=O)c1ccc(OC(*)=S)cc1,12,0.0,0.10858015702140317,0.3376208908471847,6.584325765510709
ei,*CCC(O*)(C(F)(F)F)C(F)(F)F,12,0.0,0.13438896347312057,0.4346773260352279,8.310541711820942
ei,*NC(=O)C(=S)c1ccc(*)cc1,12,8.881784197001252e-16,0.0949491834694895,0.2902077005135837,6.216135703607158
ei,*CCOCCOC(=O)O*,12,8.881784197001252e-16,0.14560400917490368,0.43218468090779183,7.407616623647651
ei,*Oc1ccc(-c2ccc(-c3ccc(*)cc3)s2)cc1,12,8.881784197001252e-16,0.1209951783686458,0.37680659074370215,5.570969851653543
ei,*C(=S)C(F)(F)CC(*)(F)F,12,0.0,0.17696049591690943,0.5879340943164637,7.628758341965142
ei,*c1ccc(-c2ccc(C(F)(F)C(*)(F)F)s2)s1,12,8.881784197001252e-16,0.07986119808665212,0.3172453011655332,6.5763679817417655
ei,*CC(=O)CO*,12,0.0,0.13941720697285476,0.5131729591885303,7.137234069807977
ei,*CNCO*,9,0.0,0.1954467113316605,0.6932074853260168,6.052688185356145
ei,*CCCCCOC(=O)Nc1ccc(C)c(NC(=O)O*)c1,12,0.0,0.24529669694778222,0.8391101542495418,6.027857263859693
ei,*c1ccc(C(=S)c2ccc(C(=S)C(=O)Nc3ccc(-c4ccc(*)s4)cc3)s2)s1,12,8.881784197001252e-16,0.15694799626388778,0.5051709594866773,5.531097447842353
ei,*CNc1ccc(N*)s1,12,8.881784197001252e-16,0.21329990537132607,0.7821154129805992,5.289590401997896
ei,*Oc1ccc(C(F)(F)C(*)(F)F)s1,12,1.7763568394002505e-15,0.10950026572487932,0.4347984798872657,7.061386307838576
ei,*Oc1ccc(C(=S)c2ccc(*)cc2)cc1,12,8.881784197001252e-16,0.12844210679393964,0.4130232643058003,6.004583834080509
ei,*Nc1ccc(-c2ccc(-c3ccc(*)s3)s2)s1,12,0.0,0.20256445516426733,0.6638234305746114,5.091006346864273
ei,*Oc1ccc(Oc2ccc(*)cc2)s1,12,8.881784197001252e-16,0.17873280431414026,0.5557237055256952,5.81730238297436
ei,*Nc1ccc(*)cc1,12,8.881784197001252e-16,0.25779505198320546,0.778763119812866,5.5249614685853885
ei,*C(=O)c1ccc(-c2ccc(-c3ccc(*)cc3)s2)cc1,12,8.881784197001252e-16,0.10494109890115116,0.38003208113721954,5.92121812527222
ei,*OC(F)(F)CC(*)(F)F,12,1.7763568394002505e-15,0.14472207120147182,0.49354027119358435,8.886311658412891
ei,*CNC(=S)c1ccc(*)cc1,12,0.0,0.06261775894770273,0.24329535427217674,5.8274681674023725
ei,*Oc1ccc(-c2ccc(-c3ccc(*)cc3)cc2)s1,12,0.0,0.12924574575457343,0.4296223484797119,5.509622410990384
ei,*CC(=O)O*,12,0.0,0.20684979179202456,0.7147602131941602,7.245874374751199
ei,*Oc1ccc(-c2ccc(-c3ccc(*)cc3)s2)s1,12,8.881784197001252e-16,0.16937113478243898,0.5870494381304381,5.508958792543354
ei,*NC(=O)c1ccc(NC(=S)c2ccc(Nc3ccc(*)cc3)cc2)s1,12,8.881784197001252e-16,0.2116131094957057,0.7005098258966997,5.548875785145736
ei,*Cc1ccc(-c2ccc(-c3ccc(*)cc3)s2)cc1,12,8.881784197001252e-16,0.13186986226044356,0.47423506673704185,5.476619544384572
ei,*CC(=O)Cc1ccc(*)cc1,12,0.0,0.1270646830685958,0.4586852529721108,6.233469694600626
ei,*CC(=S)CO*,12,0.0,0.25831568036487007,0.8050412393255177,6.061093362797511
ei,*CNCC(*)=S,12,0.0,0.23863866111463924,0.8520452484508114,5.848911446148679
ei,*C(=O)Oc1ccc(C(*)=S)cc1,12,8.881784197001252e-16,0.07544841660054097,0.24659275185639906,6.525063162058959
ei,*Cc1ccc(Nc2ccc(*)s2)cc1,12,0.0,0.15643840406674048,0.5096000770161648,5.315182865548135
ei,*Cc1ccc(C(=O)c2ccc(*)s2)cc1,12,8.881784197001252e-16,0.15770830987203632,0.6063936614724446,6.161065008486016
ei,*OC(F)(F)c1ccc(C(*)(F)F)s1,12,2.6645352591003757e-15,0.06297493908506988,0.20693547182547345,7.187015324779061
ei,*OC(=S)Oc1ccc(*)s1,12,8.881784197001252e-16,0.13809227333476562,0.4344246596365977,6.2427061258566665
ei,*CC(CC(CC(*)c1ccccn1)c1ccccn1)c1ccccn1,12,0.0,0.14451635149194592,0.4011649391964429,6.083638136809259
ei,*NC(=O)c1ccc(-c2ccc(*)s2)cc1,12,8.881784197001252e-16,0.19119353231231687,0.6564471275074961,5.959280255429558
ei,*Oc1ccc(Oc2ccc(*)s2)s1,12,8.881784197001252e-16,0.18195665850384252,0.682691962915599,5.601136769607218
ei,*CC(=S)NO*,12,0.0,0.21381154940371502,0.7837557880494934,6.169300024218181
ei,*NC(=O)OC(*)=O,12,0.0,0.20084618109640026,0.6536076605044201,7.849295106868008
ei,*CC(=O)c1ccc(O*)cc1,12,0.0,0.10501856050193738,0.325328934429554,6.718336368181276
ei,*c1ccc(CC(F)(F)C(*)(F)F)s1,12,0.0,0.1011676395091084,0.3118647809332513,6.963509766433499
ei,*C(=O)c1ccc(-c2ccc(-c3ccc(*)s3)s2)cc1,12,8.881784197001252e-16,0.07943172393532663,0.23772401481474148,5.9389249992289725
ei,*Nc1ccc(Oc2ccc(*)s2)cc1,12,8.881784197001252e-16,0.07988887183592677,0.31357480723852316,5.515873746151777
ei,*NC(=S)Nc1ccc(Cc2ccc(*)cc2)cc1,12,8.881784197001252e-16,0.10753301394896829,0.35112997303316185,5.802884143514266
ei,*CC(*)(F)F,12,1.7763568394002505e-15,0.1235245516507436,0.4925268608374882,7.994215162136341
ei,*Cc1ccc(C(=O)c2ccc(*)s2)s1,12,0.0,0.18855646438543622,0.5455193580254285,6.039407199154805
ei,*C(=O)c1ccc(-c2ccc(C(*)=S)s2)s1,12,0.0,0.09926318034888668,0.2853963571868716,5.935228140350662
ei,*Nc1ccc(-c2ccc(C(*)=O)s2)s1,12,8.881784197001252e-16,0.16403734960385918,0.6323708683594109,5.638609033834489
ei,*CCCc1ccc(*)s1,12,0.0,0.1087355606472185,0.4167043998993041,5.728541876624322
ei,*Nc1ccc(C(=S)c2ccc(*)cc2)cc1,12,0.0,0.07632322670110772,0.3078310107673099,5.804453646121193
ei,*CNc1ccc(C(*)=O)s1,12,0.0,0.17748709515389316,0.7365478957890517,5.804582518400455
ei,*c1ccc(*)s1,12,8.881784197001252e-16,0.3246059655047998,1.2828794966749655,5.5457718072592215
ei,*C(=O)c1ccc(-c2ccc(-c3ccc(*)s3)s2)s1,12,0.0,0.09814260213393128,0.3334869049455813,5.747223791750905
ei,*c1ccc(C(F)(F)c2ccc(C(*)(F)F)s2)s1,12,8.881784197001252e-16,0.1061356653004859,0.3658139399374276,6.691287885888326
ei,*CC(=O)c1ccc(C(*)=O)s1,12,8.881784197001252e-16,0.2394710335567536,0.812778579729418,6.696614730462695
ei,*CNc1ccc(O*)cc1,12,0.0,0.17293668730432693,0.7156705217525028,5.620140183748508
ei,*Cc1ccc(CC(*)=S)cc1,12,0.0,0.07917703529549176,0.25564252771122487,5.972494043136474
ei,*Cc1ccc(-c2ccc(C(*)=S)s2)s1,12,0.0,0.06504484174294332,0.23259831366642203,5.729769314870622
ei,*CC(=O)NC(*)=S,12,8.881784197001252e-16,0.1402636613185905,0.4642015899508367,6.385911972476895
ei,*Cc1ccc(C(=S)O*)s1,12,8.881784197001252e-16,0.11067691269778344,0.361450478799048,6.052445751149485
ei,*c1ccc(C(F)(F)c2ccc(C(*)(F)F)cc2)s1,12,1.7763568394002505e-15,0.06984683149887055,0.2811219257422577,6.591009244083222
ei,*NC(=O)Nc1ccc(*)s1,12,0.0,0.2931689916741084,1.1439926889065122,5.541303088280522
ei,*OC(=O)c1ccc(C(*)=O)cc1,12,0.0,0.20113289152000788,0.7353696676252,7.050644970492113
ei,*CC(=O)C(=S)C(*)=O,12,0.0,0.11531367446226608,0.35828943082523423,6.9069641181531765
ei,*Cc1ccc(C*)cc1,12,8.881784197001252e-16,0.0996032638663531,0.3439166849772022,5.996639711248306
ei,*C(=O)c1ccc(C(=S)c2ccc(*)cc2)cc1,12,0.0,0.1448091338950896,0.4604874334788329,6.248886204820267
ei,*Nc1ccc(Oc2ccc(*)cc2)cc1,12,8.881784197001252e-16,0.13449392065379392,0.5664946431272675,5.517516583704075
ei,*OCCC(=O)CC(=O)Oc1ccc(*)cc1,12,8.881784197001252e-16,0.0956775133953897,0.31904929990643005,6.785999478594802
eea,*Oc1ccc(Oc2ccc(*)s2)s1,12,2.220446049250313e-16,0.21272865267879093,0.692319577831354,1.706215646694399
eea,*CC(=S)NO*,12,4.440892098500626e-16,0.3519255099907747,1.0778208952580197,2.3838887075002266
eea,*CC(=O)C(=S)O*,12,0.0,0.2850962809997681,1.0202305653509418,3.1149710511213637
eea,*Nc1ccc(Nc2ccc(*)s2)cc1,12,0.0,0.1190937997528483,0.47295129581018536,1.4096442402148106
eea,*CCNC(*)=S,12,2.220446049250313e-16,0.37723637475539773,1.3200226834097204,2.3340518385267712
eea,*Nc1ccc(*)cc1,12,2.220446049250313e-16,0.10238573410103693,0.2882077286988023,1.3858128414795328
eea,*CNc1ccc(O*)cc1,12,0.0,0.11888052964474871,0.38861880494192147,0.9857038599713626
eea,*CC(=O)Nc1ccc(*)cc1,12,0.0,0.1684411178585084,0.6147594927256894,1.3284125237616704
eea,*CCCc1ccc(*)cc1,12,0.0,0.09128108809313855,0.34253309181621394,1.0954014354361281
eea,*OC(F)(F)C(=O)C(*)(F)F,12,0.0,0.4765395751265323,1.6331746068204223,2.2702371175308
eea,*NC(=S)NC(*)=S,12,0.0,0.2892605523745942,0.8033289475540979,3.623120652456574
eea,*COC(=O)O*,12,0.0,0.2653763076881111,0.9313621219304918,1.1617450453989993
eea,*Cc1ccc(NO*)cc1,12,1.1102230246251565e-16,0.1041517674473092,0.3291788758843589,0.9573396165095988
eea,*NC(=O)NC(*)=S,12,4.440892098500626e-16,0.34393685587302025,1.3056507537889668,3.4453427605310627
eea,*Cc1ccc(Oc2ccc(*)s2)s1,12,0.0,0.11220795528939757,0.4155964152878704,1.5153376957298483
eea,*NC(=O)c1ccc(NC(=S)c2ccc(Nc3ccc(*)cc3)cc2)s1,12,4.440892098500626e-16,0.12292526535918831,0.35585595748519383,2.7551685878019074
eea,*C(=S)c1ccc(C(=S)c2ccc(*)cc2)cc1,12,4.440892098500626e-16,0.1471255820564654,0.45862894681020316,2.9877883599089814
eea,*Nc1ccc(C(=O)C(*)=S)cc1,12,8.881784197001252e-16,0.24700502975522518,0.7809585669974419,3.3126229328730363
eea,*CC(=O)NC(*)=S,12,4.440892098500626e-16,0.34576057692102785,1.182149397763804,3.1673329089299664
eea,*C(=O)c1ccc(-c2ccc(-c3ccc(*)s3)s2)cc1,12,4.440892098500626e-16,0.1950576710502301,0.6244357678222212,2.26933947503492
eea,*OC(=S)c1ccc(C(*)=O)s1,12,0.0,0.23975418871781767,0.7088453434878081,3.603764471067471
eea,*Cc1ccc(C(=S)O*)cc1,12,4.440892098500626e-16,0.12411820525229493,0.3711755194329305,2.683526260042422
eea,*Cc1ccc(C(=O)O*)cc1,12,4.440892098500626e-16,0.18859387341683803,0.8377426163011161,1.7666088753116365
eea,*CCOC(=O)NCCOCCOCCNC(=O)O*,12,1.1102230246251565e-16,0.12564932774391344,0.41840990425801816,0.8291571162389113
eea,*CO*,6,0.0,0.10547372490285792,0.31641744123573323,1.0640340948984128
eea,*Nc1ccc(-c2ccc(-c3ccc(*)s3)cc2)s1,12,4.440892098500626e-16,0.17844269081146663,0.6549336427436638,1.9684829308307317
eea,*C(=S)c1ccc(C(F)(F)C(*)(F)F)s1,12,0.0,0.22075167002776594,0.7789930392026725,3.682058269759391
eea,*C(=S)C(F)(F)c1ccc(C(*)(F)F)s1,12,0.0,0.28326657202241373,0.9395338276170362,3.4760992426322037
eea,*CC(O*)C(F)(F)F,12,0.0,0.13878155735453782,0.3423802896339623,0.9280489058989535
eea,*CNc1ccc(N*)s1,12,0.0,0.15376558783245434,0.6028974531094113,0.9667218238150999
eea,*Nc1ccc(C(=S)c2ccc(*)cc2)s1,12,0.0,0.13276365383442962,0.4892445666629839,2.966130179000899
eea,*OC(=S)C(F)(F)C(*)(F)F,12,0.0,0.21435887978700766,0.7413662985867981,3.2769619245355184
eea,*Cc1ccc(-c2ccc(-c3ccc(*)s3)s2)s1,12,0.0,0.18144000547045577,0.5232915152648445,1.7853025616602387
eea,*C(=O)c1ccc(C(=O)c2ccc(*)cc2)cc1,12,4.440892098500626e-16,0.31522852975284255,1.0466351855976728,2.3195346336943445
eea,*C(=O)c1ccc(NC(=S)Oc2ccc(Nc3ccc(*)s3)s2)s1,12,4.440892098500626e-16,0.14467630340737406,0.43323263687556635,3.023990626130466
eea,*Cc1ccc(C(=S)O*)s1,12,0.0,0.23113749696836447,0.8067625445281998,2.530952636147133
eea,*Cc1ccc(OC(*)=S)cc1,12,0.0,0.16222250293224177,0.5411012190289242,2.473322010567896
eea,*Oc1ccc(C(=O)c2ccc(*)cc2)cc1,12,0.0,0.21343843973573404,0.7979347862428192,1.8913514698190055
eea,*NC(=O)NO*,12,4.440892098500626e-16,0.1792781166663383,0.6136641679485284,1.7969695796047802
eea,*Oc1ccc(C(=S)c2ccc(*)cc2)cc1,12,0.0,0.2005036420705546,0.6327612510009608,2.8661938856656826
eea,*CCC(=O)c1ccc(*)s1,12,4.440892098500626e-16,0.19035744543852082,0.6497992477752741,2.188417437260206
eea,*c1ccc(-c2ccc(-c3ccc(-c4ccc(*)s4)cc3)s2)cc1,12,4.440892098500626e-16,0.15823157703454493,0.4950861429263069,2.109417096647006
eea,*c1ccc(-c2ccc(-c3ccc(-c4ccc(*)s4)s3)cc2)cc1,12,0.0,0.17164489023741877,0.596825842363782,2.0058906942988672
eea,*NC(=O)C(=S)O*,12,8.881784197001252e-16,0.2880952664166554,0.9908958152509642,3.60941550712823
eea,*CC(=O)Cc1ccc(*)cc1,12,2.220446049250313e-16,0.11347029727895552,0.49571767142221956,1.5321623835547389
eea,*CNc1ccc(O*)s1,12,1.1102230246251565e-16,0.11788428498302717,0.39715234786076403,1.0660913767906879
eea,*CC(=O)c1ccc(O*)s1,12,4.440892098500626e-16,0.2438173339628625,0.7085161739539394,2.1591436294619437
eea,*C(=O)c1ccc(OC(*)=S)cc1,12,0.0,0.24485647237506802,0.7606986618550478,3.1760399600494718
eea,*c1ccc(-c2ccc(C(F)(F)C(*)(F)F)s2)s1,12,4.440892098500626e-16,0.13160303804468532,0.43708791926733825,2.168765935962614
eea,*CC(*)C,12,1.1102230246251565e-16,0.24511683826764213,0.9945738334541132,1.083615086402906
eea,*NC(=O)C(=S)c1ccc(*)s1,12,0.0,0.2519704993882155,0.8308041009322467,3.3027057900975065
eea,*Cc1ccc(NO*)s1,12,0.0,0.10325204175757635,0.3743156751248893,1.175673802157131
eea,*CNCCNC(=O)OC*,12,0.0,0.2034658522154995,0.7122417097296825,0.8664480525638942
eea,*OC(=S)c1ccc(-c2ccc(*)cc2)cc1,12,0.0,0.17419506176245406,0.6052259012881449,2.651445010832506
eea,*C(=O)Oc1ccc(C(*)=S)cc1,12,0.0,0.20868242332493578,0.7005735554600605,3.337646051479496
eea,*OC(=O)c1ccc(C(*)=O)s1,12,8.881784197001252e-16,0.3706262508266624,1.5139869696093018,2.6279791108375092
eea,*CC(=O)Nc1ccc(*)s1,12,2.220446049250313e-16,0.21092494692341046,0.8495994498008446,1.5338087993901877
eea,*Nc1ccc(NC(*)=S)s1,12,4.440892098500626e-16,0.16050959648033963,0.6398184747355575,2.4580046176686743
eea,*c1ccc(CC(F)(F)C(*)(F)F)s1,12,2.220446049250313e-16,0.09003156078045686,0.32233534258149654,1.8303192999496305
eea,*Cc1ccc(C(=S)c2ccc(*)cc2)cc1,12,0.0,0.14098002294729803,0.45998022869231514,2.725465492567677
eea,*CNCO*,10,0.0,0.10691744331254138,0.35659747300686595,0.8647085282312877
eea,*C(=O)c1ccc(C(=O)C(*)=S)cc1,12,4.440892098500626e-16,0.17769041192389348,0.5871959093269399,3.5750237168641217
eea,*CCOC(=O)c1ccc(C(=O)O*)cc1,12,4.440892098500626e-16,0.22510797057988652,0.7119353196095983,1.9800888574121502
eea,*Oc1ccc(-c2ccc(-c3ccc(*)cc3)cc2)cc1,12,4.440892098500626e-16,0.1751556419990622,0.5872830622082177,1.7175009103325196
eea,*Oc1ccc(C(F)(F)C(*)(F)F)s1,12,2.220446049250313e-16,0.22904780029259245,0.7706816464967505,2.1592770441658495
eea,*CCNc1ccc(*)cc1,12,0.0,0.05575479891718955,0.20635906965888862,0.8933027579070701
eea,*CCOC(=O)CCCCC(=O)O*,12,0.0,0.09119537577699786,0.2964867539538276,1.1486017357360525
eea,*CCc1ccc(-c2ccc(*)s2)s1,12,0.0,0.1277492556430327,0.46854009829038334,1.5497983845799077
eea,*C(=O)c1ccc(-c2ccc(-c3ccc(*)s3)cc2)cc1,12,0.0,0.18023129869875795,0.6128402211724517,2.26133697720431
eea,*CC(=O)O*,12,0.0,0.22108789164487908,0.715748223908119,1.3238064525857791
eea,*CC(=O)CC(*)=S,12,0.0,0.2685264371326587,1.0191621114002922,3.322948447110404
eea,*C(=O)C(F)(F)CC(*)(F)F,12,0.0,0.3587979228641529,1.124662251013877,2.0002778183741863
eea,*OC(=S)Oc1ccc(*)cc1,12,4.440892098500626e-16,0.24655992392124526,0.9279809088368309,2.3458537753617317
eea,*CC(=S)c1ccc(C(*)=S)cc1,12,0.0,0.1425327778196402,0.41844101199495576,2.994060657898227
eea,*NC(=S)c1ccc(O*)cc1,12,4.440892098500626e-16,0.1994023038714675,0.6897885895514024,2.7605790943448976
eea,*Cc1ccc(-c2ccc(C(*)=S)s2)s1,12,0.0,0.14959349089468163,0.5145105531112755,3.043076922697143
eea,*CNC(=O)C(*)=S,12,0.0,0.5143015058330755,1.821546078307004,3.5015124020362762
eea,*CCc1ccc(O*)cc1,12,0.0,0.09224613771520675,0.3030648712010905,1.075002401405162
eea,*NC(F)(F)NC(*)(F)F,12,2.220446049250313e-16,0.12312239783513644,0.3992439291495209,1.615664611564661
eea,*Oc1ccc(C(F)(F)C(*)(F)F)cc1,12,2.220446049250313e-16,0.15439728005684353,0.4655039660156468,1.890702253136322
eea,*CCOCCOC(=O)O*,12,0.0,0.13297481842269268,0.46083510824919455,0.7654925008153738
eea,*Cc1ccc(-c2ccc(-c3ccc(*)s3)cc2)s1,12,4.440892098500626e-16,0.13337507115861985,0.47883960942464987,1.771827334031804
eea,*CCC(O*)(C(F)(F)F)C(F)(F)F,12,0.0,0.21285681262591233,0.6842166042754763,0.9957610585857354
eea,*C(=S)CC(F)(F)C(*)(F)F,12,4.440892098500626e-16,0.3440977763334618,1.0431644995339275,3.414048306054791
eea,*Cc1ccc(C(=S)c2ccc(*)s2)cc1,12,0.0,0.17377721909122157,0.5162151817499692,2.8265784006953587
eea,*C(=O)c1ccc(Oc2ccc(*)s2)s1,12,0.0,0.20468248153868823,0.7524453076021675,2.3537033685467703
eea,*c1ccc(-c2ccc(C(F)(F)C(*)(F)F)cc2)cc1,12,0.0,0.17562463224452765,0.6185339069834328,2.0163465769544238
eea,*OC(F)(F)C(=S)C(*)(F)F,12,0.0,0.2916619567962376,0.8736405522621613,3.5262891109616366
eea,*COc1ccc(O*)cc1,12,0.0,0.11499607195036368,0.3073403213703466,1.0703261495294853
eea,*CNC(=S)c1ccc(*)s1,12,4.440892098500626e-16,0.28036168341893936,1.0287255295319966,2.3991897234043345
eea,*CNCC(*)=S,12,4.440892098500626e-16,0.262702080954121,0.8974261583967795,2.7574344341278696
eea,*Cc1ccc(NC(*)=S)cc1,12,4.440892098500626e-16,0.1682911038613655,0.5716860316673182,2.3933348012406763
eea,*Cc1ccc(CO*)cc1,12,0.0,0.15239541465130282,0.6169978801866255,1.173662771976726
eea,*c1ccc(C(=O)C(F)(F)C(*)(F)F)s1,12,0.0,0.28270256656267473,0.7585329397552152,2.8528113984374985
eea,*CNON*,10,1.1102230246251565e-16,0.11730808703212982,0.3583934385454133,0.9866214799719627
eea,*CCc1ccc(O*)s1,12,0.0,0.13974691194150576,0.46981634802161887,1.176032894000276
eea,*c1ccc(C(F)(F)NC(*)(F)F)s1,12,4.440892098500626e-16,0.17328796460218845,0.5408515964432212,1.8279388813482276
eea,*C(=O)c1ccc(C(=O)C(*)=S)s1,12,8.881784197001252e-16,0.30364315668775727,1.172000828034824,3.9738753621195735
eea,*c1ccc(C(=O)C(F)(F)C(*)(F)F)cc1,12,0.0,0.26091067246242994,0.755372014062174,2.500059334200737
eea,*NCC(F)(F)C(*)(F)F,12,1.1102230246251565e-16,0.15889023434836552,0.6132969847135452,1.272134374970925
eea,*Cc1ccc(-c2ccc(-c3ccc(*)cc3)s2)cc1,12,4.440892098500626e-16,0.16557373093357614,0.5268280644271564,1.6003271759879965
eea,*NC(=S)OC(*)=S,12,0.0,0.353059856860078,1.110802706518231,3.4639921374445453
eea,*Nc1ccc(Nc2ccc(*)s2)s1,12,0.0,0.10276984147231442,0.34032175214724614,1.6384134766025535
eea,*C(=O)c1ccc(C(=S)c2ccc(*)cc2)cc1,12,0.0,0.1848380204934312,0.6012172599723593,3.123530913981565
eea,*Cc1ccc(Cc2ccc(*)s2)s1,12,2.220446049250313e-16,0.05520312733594118,0.1810279435781832,1.5100549668934018
eea,*CONC(*)=O,12,0.0,0.14842548632767358,0.45684374898240976,1.305224059031055
eea,*Nc1ccc(-c2ccc(C(*)=S)s2)cc1,12,4.440892098500626e-16,0.1262818099191533,0.47210031374799266,2.9388532973648407
eea,*c1ccc(C(F)(F)CC(*)(F)F)cc1,12,0.0,0.0978611442889131,0.3810067749813657,1.7449070697933404
eea,*CCCCCCC(=O)N*,12,0.0,0.12224213390169114,0.3763195204707013,0.9087932199554066
eea,*C(=O)Oc1ccc(C(*)=S)s1,12,0.0,0.195819079299839,0.5861537176039695,3.535131810123023
eea,*Nc1ccc(-c2ccc(C(*)=S)s2)s1,12,0.0,0.16964986814286467,0.5487580586802694,2.9854977850083384
eea,*COc1ccc(O*)s1,12,1.1102230246251565e-16,0.19389886935723613,0.5935355355465401,1.123236941879249
eea,*Nc1ccc(-c2ccc(-c3ccc(*)cc3)cc2)cc1,12,0.0,0.1379084031407947,0.48153722994993897,1.7321069757527932
eea,*OC1C(CO)OC(*)C(O)C1O,12,1.1102230246251565e-16,0.14958996530093419,0.43015887701873545,1.1162766643614386
eea,*Oc1ccc(-c2ccc(C(*)=O)s2)s1,12,0.0,0.2772345592795375,1.050251908921853,2.3971161424023273
eea,*CCC(=O)C(*)=S,12,0.0,0.40877640398826703,1.6180756863531194,3.4110420063848346
eea,*COC(=S)O*,12,4.440892098500626e-16,0.2987309306662285,0.8740529153579057,2.4606860391568417
eea,*CCc1ccc(C(*)=S)s1,12,0.0,0.16751792997296944,0.6349657927118999,2.8858438656652594
eea,*C(=O)c1ccc(C(=S)c2ccc(*)s2)cc1,12,0.0,0.19809767206006781,0.7064230343333073,3.383754556870518
eea,*C(=S)OC(=S)c1ccc(*)cc1,12,8.881784197001252e-16,0.23599676364751052,0.9146435832275284,3.0988212401162722
eea,*COCOCCCO*,12,0.0,0.08011536705006927,0.23972491998919454,0.7507144982359483
eea,*Cc1ccc(C(=O)c2ccc(*)s2)s1,12,4.440892098500626e-16,0.22664182939899494,0.650715890785071,2.3057306885440743
eea,*CCCC(*)=O,12,2.220446049250313e-16,0.1532965490263062,0.5922097209611694,1.3312113580318656
eea,*CCO*,8,0.0,0.18369336712127227,0.6047612738145658,0.8430446855572584
eea,*Cc1ccc(CC(*)=S)cc1,12,0.0,0.15017050297679402,0.5177236547652626,2.6316820780559396
eea,*CC(=O)CC(*)=O,12,2.220446049250313e-16,0.1448360696823564,0.5007904813520412,1.4904399189979516
eea,*CC(=O)c1ccc(O*)cc1,12,4.440892098500626e-16,0.24287485565698327,0.7715123870617593,1.9610670323677766
eea,*Oc1ccc(Cc2ccc(*)cc2)cc1,12,2.220446049250313e-16,0.0688169418851265,0.22526655122769923,1.3456199117384422
eea,*CNC(=O)NCOCO*,12,1.1102230246251565e-16,0.08644533407221179,0.26119573523725703,0.9016812952269883
eea,*CCOC(=O)CCCCCCC(=O)O*,12,0.0,0.14662211821593032,0.5011548254560277,1.046655332319695
eea,*Cc1ccc(-c2ccc(N*)s2)s1,12,4.440892098500626e-16,0.1455193974214863,0.437188924464597,1.592100835949154
eea,*c1ccc(-c2ccc(Oc3ccc(*)s3)s2)cc1,12,4.440892098500626e-16,0.2692955111266455,0.7500605125198541,1.794266856259359
eea,*NC(=S)C(=O)O*,12,8.881784197001252e-16,0.24871371371088516,0.8420273722093823,3.62692189370911
eea,*c1ccc(C(F)(F)CC(*)(F)F)s1,12,4.440892098500626e-16,0.10218752332183792,0.3034208291754239,1.8575116620952719
eea,*c1ccc(C(F)(F)c2ccc(C(*)(F)F)s2)s1,12,4.440892098500626e-16,0.10743669529358318,0.30845974664972475,2.1629289937873044
eea,*Nc1ccc(C(=O)c2ccc(*)s2)cc1,12,0.0,0.2535630031122405,0.921402650102322,2.468835204492384
eea,*Nc1ccc(NC(=O)NC(=O)NC(*)=O)s1,12,0.0,0.17064594577746045,0.5738658154783467,1.6898163287299521
eea,*c1ccc(C(F)(F)c2ccc(C(*)(F)F)cc2)s1,12,0.0,0.17277575986687024,0.6589792688082119,2.1204941700053013
eea,*CNc1ccc(N*)cc1,12,0.0,0.08743254660318789,0.29800299167501254,0.8812223481431758
eea,*Nc1ccc(NC(=O)NONC(*)=O)s1,12,2.220446049250313e-16,0.18114803987991424,0.6122754946858555,1.7873267616768824
eea,*CC(=O)Oc1ccc(*)s1,12,0.0,0.21662420928506268,0.8356981042859954,1.6663767495423354
eea,*OC(=S)OC(*)=O,12,0.0,0.23705442128850374,0.8487741620805807,3.323001441866055
eea,*Oc1ccc(Oc2ccc(*)cc2)s1,12,2.220446049250313e-16,0.1778200209931204,0.5614300219404051,1.653788780363631
eea,*Cc1ccc(-c2ccc(C(*)=S)cc2)s1,12,0.0,0.14691201084929212,0.46151534296163055,2.834272261833263
eea,*NC(=O)c1ccc(-c2ccc(*)s2)cc1,12,4.440892098500626e-16,0.19961663667051788,0.6049607074411298,2.182856545708855
eea,*C(F)C(*)(F)F,12,0.0,0.13822461134313835,0.47541125177788435,1.9726162629807316
eea,*Cc1ccc(Oc2ccc(*)s2)cc1,12,0.0,0.09572668925800501,0.34026540975053454,1.2397065884291285
eea,*NC(=O)OC(*)=S,12,4.440892098500626e-16,0.2898574620290562,1.2370697959000676,3.414027441878449
eea,*CC(=O)c1ccc(C(*)=O)s1,12,0.0,0.18943294911762262,0.7021888296525547,2.62299518109248
eea,*c1ccc(-c2ccc(-c3ccc(-c4ccc(*)s4)cc3)cc2)cc1,12,4.440892098500626e-16,0.19153500115370267,0.7064337534618148,1.943959635477585
nc,*CNc1ccc(C(*)=O)s1,12,0.0,0.030065981619459725,0.10105899626281434,1.8923785484926328
nc,*OC(=S)c1ccc(C(*)=O)s1,12,4.440892098500626e-16,0.07169360235530665,0.20040629284911327,2.004186320311473
nc,*C(=O)c1ccc(-c2ccc(C(*)=S)cc2)cc1,12,0.0,0.05454129945817248,0.211786200054213,2.0162949084507944
nc,*C(=O)c1ccc(NC(=S)Oc2ccc(Nc3ccc(*)s3)s2)s1,12,0.0,0.042613676297353284,0.133543036300513,2.030951396834215
nc,*CCO*,8,0.0,0.019250587594087314,0.05684877101170893,1.675684548388546
nc,*C(=O)c1ccc(C(=S)c2ccc(*)s2)s1,12,4.440892098500626e-16,0.0803733069466635,0.3022719219019343,2.1026023097173554
nc,*c1ccc(-c2ccc(C(F)(F)C(*)(F)F)s2)s1,12,4.440892098500626e-16,0.025644366382845944,0.08723374464405786,1.8747074533398493
nc,*CC(=O)O*,12,0.0,0.026629853402672345,0.09826799456769031,1.7242915101517438
nc,*Oc1ccc(-c2ccc(-c3ccc(*)s3)s2)s1,12,0.0,0.05277278960974275,0.19471691787644163,2.1225185237499633
nc,*OC(=S)c1ccc(-c2ccc(*)cc2)cc1,12,0.0,0.04607231671937521,0.15330558690382912,2.010924053761264
nc,*C(=O)CC(F)(F)C(*)(F)F,12,2.220446049250313e-16,0.022728106888504417,0.09031397533304242,1.6196662241098856
nc,*CNC(=O)C(*)=S,12,4.440892098500626e-16,0.0696666458650098,0.2331434565568431,1.9391124814495777
nc,*CCOC(=O)NCCOCCOCCNC(=O)O*,12,4.440892098500626e-16,0.02547594377012036,0.07249829451559964,1.6875951772133269
nc,*OC(=S)OC(*)=O,12,2.220446049250313e-16,0.0535976415730902,0.16999225786200256,1.8868831790069402
nc,*CC(=O)c1ccc(C(*)=O)s1,12,0.0,0.039565049787031965,0.11646369450725103,1.9063594514366453
nc,*CC(=S)NC(*)=S,12,0.0,0.053031212451175674,0.2104778081802554,1.9719969875840055
nc,*Oc1ccc(-c2ccc(-c3ccc(*)cc3)s2)s1,12,4.440892098500626e-16,0.05452318085918141,0.1693803415603643,2.132691645287062
nc,*Cc1ccc(C(=O)C(*)=S)s1,12,0.0,0.030751523790209963,0.09267386491189478,2.013679226664479
nc,*C(=O)c1ccc(-c2ccc(-c3ccc(*)s3)cc2)s1,12,0.0,0.11680052201523033,0.45281994282817495,2.2706825974956817
nc,*Oc1ccc(-c2ccc(-c3ccc(*)cc3)cc2)s1,12,0.0,0.029639588612890535,0.10824739363731606,2.0757600649259387
nc,*Oc1ccc(-c2ccc(C(*)=O)s2)s1,12,4.440892098500626e-16,0.05711515113567721,0.22892777718640867,2.052049525080333
nc,*CC(*)(F)F,12,2.220446049250313e-16,0.029571023905794004,0.10362306879910355,1.6396045598760962
nc,*Cc1ccc(-c2ccc(-c3ccc(*)s3)s2)s1,12,4.440892098500626e-16,0.02888747136878822,0.08962293733913906,2.0586713367245366
nc,*C(=S)OC(=S)c1ccc(*)s1,12,4.440892098500626e-16,0.057553955863644736,0.18614181228429993,2.1345504386840397
nc,*Oc1ccc(C(F)(F)C(*)(F)F)cc1,12,2.220446049250313e-16,0.020698113803751486,0.06304082507150532,1.7420657792326388
nc,*OC(F)(F)OC(*)(F)F,12,0.0,0.010947633301952671,0.0410834046043973,1.5921413999667153
nc,*CNCO*,9,0.0,0.015691698869533546,0.05460388305023267,1.7036329927162384
nc,*OC(F)(F)c1ccc(C(*)(F)F)cc1,12,2.220446049250313e-16,0.007747999994544635,0.02369428865247114,1.7190561869291363
nc,*Nc1ccc(C(=O)c2ccc(*)s2)s1,12,4.440892098500626e-16,0.04323990492401546,0.17266251664897636,2.0248448862965023
nc,*CCc1ccc(O*)cc1,12,2.220446049250313e-16,0.023251813752366027,0.0888100466534616,1.7543122736767172
nc,*NC(=O)C(=S)c1ccc(*)cc1,12,4.440892098500626e-16,0.0628767160038179,0.23569034556618318,2.022036881251315
nc,*C(=S)C(F)(F)NC(*)(F)F,12,6.661338147750939e-16,0.05005104256275269,0.1512113717935475,1.7176785953399252
nc,*CCCC(*)=O,12,2.220446049250313e-16,0.027348253730844638,0.10999107383736129,1.6826469849848313
nc,*C(=O)c1ccc(-c2ccc(-c3ccc(*)s3)s2)cc1,12,4.440892098500626e-16,0.06644756487067054,0.26820860314177164,2.201079517845382
nc,*CC(=S)CC(*)=S,12,2.220446049250313e-16,0.06004223054095596,0.22121912120500142,1.9315129432435307
nc,*Oc1ccc(-c2ccc(C(*)=O)cc2)cc1,12,0.0,0.03890274804956397,0.1085287653429663,1.8912530461011638
nc,*CCCCCCNC(=S)Nc1ccc(NC(=S)N*)cc1,12,0.0,0.020965714340408934,0.06330957074439514,1.880371156103502
nc,*C(=S)NC(F)(F)C(*)(F)F,12,4.440892098500626e-16,0.045665714361150966,0.16914529515131616,1.7325606175566357
nc,*Nc1ccc(OC(*)=S)cc1,12,0.0,0.03028751306943082,0.11423350625849604,1.9586171159005605
nc,*Cc1ccc(-c2ccc(N*)cc2)cc1,12,0.0,0.03095081396089483,0.08272568040080142,1.915152861165218
nc,*Nc1ccc(-c2ccc(C(*)=S)s2)s1,12,0.0,0.06560552154295882,0.19813114320069047,2.2888032450293356
nc,*OC(=O)c1ccc(C(*)=O)s1,12,2.220446049250313e-16,0.027856749894365217,0.10782596002109246,1.8809224752541551
nc,*NC(=S)NC(*)=S,12,0.0,0.04312777763094386,0.15209328924462806,2.156627569928451
nc,*Oc1ccc(OC(*)=O)cc1,12,6.661338147750939e-16,0.03322829958375409,0.10457096602313065,1.811397836425309
nc,*NC(=O)c1ccc(-c2ccc(*)cc2)cc1,12,0.0,0.05428945253878245,0.17475974340011824,1.9723737308299178
nc,*C(=O)c1ccc(-c2ccc(C(*)=S)s2)cc1,12,4.440892098500626e-16,0.08615219307523372,0.26722299557993745,2.157814693748225
nc,*C(=O)c1ccc(OC(*)=S)s1,12,4.440892098500626e-16,0.038718798966264886,0.12162413990449261,2.0428849579327557
nc,*CCc1ccc(C(*)=S)cc1,12,0.0,0.038422337291173086,0.1250311410486027,1.8931343024497387
nc,*Cc1ccc(Oc2ccc(*)s2)cc1,12,2.220446049250313e-16,0.026289810238657632,0.07506206970705787,1.8551694100141793
nc,*CC(=O)CC(*)=S,12,4.440892098500626e-16,0.07729951180437823,0.21588678328933342,1.8773343308004653
nc,*C(=O)c1ccc(C(=O)C(*)=S)cc1,12,4.440892098500626e-16,0.06814308412221128,0.23688097369842231,2.003786842684605
nc,*Nc1ccc(-c2ccc(-c3ccc(*)s3)s2)s1,12,0.0,0.050432061805157614,0.1476457531391322,2.197549764435855
nc,*CNC(=O)NCOCO*,12,2.220446049250313e-16,0.010451122297041315,0.03254656646702614,1.6978428011733124
nc,*NOC(F)(F)C(*)(F)F,12,2.220446049250313e-16,0.03207221031285557,0.08709078102654999,1.6310355352906127
nc,*CCC(=O)O*,12,4.440892098500626e-16,0.016899663029068056,0.05961935445092292,1.6756155268333108
nc,*Cc1ccc(C(=S)c2ccc(*)cc2)cc1,12,2.220446049250313e-16,0.04760451229287281,0.16184117620133853,1.9422325219019003
nc,*CCOC(=O)CCCCC(=O)O*,12,4.440892098500626e-16,0.02557115591913046,0.08457508304623107,1.6687775604549107
nc,*OCC(F)(F)C(*)(F)F,12,2.220446049250313e-16,0.01431296796339658,0.05285303143252129,1.607958916048089
nc,*CC(=S)NO*,12,4.440892098500626e-16,0.07400443398527792,0.23464797853522668,1.9075962881913007
nc,*CCOCCOC(=O)Nc1ccc(C)c(NC(=O)O*)c1,12,2.220446049250313e-16,0.02263700037132711,0.0708805508294923,1.7365279228716173
nc,*CCCN*,10,2.220446049250313e-16,0.010900500742007553,0.039265542493563066,1.705248546712679
nc,*Nc1ccc(-c2ccc(-c3ccc(*)s3)cc2)s1,12,0.0,0.06841554310087415,0.1801309148554866,2.139647079002225
nc,*Nc1ccc(-c2ccc(C(*)=O)s2)s1,12,4.440892098500626e-16,0.06393696399391519,0.2303556154474955,2.1574549452686944
nc,*Cc1ccc(C(=O)N*)cc1,12,0.0,0.0203278473470735,0.06779378080766674,1.8307457064994253
nc,*CC(=O)Cc1ccc(*)s1,12,2.220446049250313e-16,0.02283050334096484,0.08881681323800361,1.7994064674414847
nc,*CC(=O)C(=S)c1ccc(*)cc1,12,0.0,0.04637513469421114,0.14439861173091928,1.9713413348601412
nc,*CCNc1ccc(*)cc1,12,2.220446049250313e-16,0.011095593592851522,0.034828106592593944,1.786123326454508
nc,*Cc1ccc(Cc2ccc(*)s2)s1,12,2.220446049250313e-16,0.014707195136637635,0.05356746998750639,1.8334787673196093
nc,*Cc1ccc(-c2ccc(C(*)=S)cc2)s1,12,4.440892098500626e-16,0.039463886372868684,0.13066976652611828,2.030641512067835
nc,*CCCCCOC(=O)Nc1ccc(C)c(NC(=O)O*)c1,12,2.220446049250313e-16,0.026741473571571413,0.0880390109102176,1.7565625226304038
nc,*CC(=S)c1ccc(O*)s1,12,4.440892098500626e-16,0.06441453661537723,0.2254640310707483,2.047223947042672
nc,*c1ccc(NC(F)(F)C(*)(F)F)s1,12,2.220446049250313e-16,0.026971618357937408,0.08371021024542658,1.7784373686914778
nc,*Oc1ccc(C(=O)c2ccc(C(=O)NOC(*)=O)s2)cc1,12,2.220446049250313e-16,0.03616830565086812,0.1305778869298797,1.9425282492585243
nc,*COC(=S)O*,12,4.440892098500626e-16,0.05811462440672233,0.17594746068995515,1.8536037422605816
nc,*Nc1ccc(NO*)cc1,12,0.0,0.014257153661723736,0.04571268451527244,1.861641104790005
nc,*CCC(=O)N*,12,2.220446049250313e-16,0.026321147655511565,0.11517652880170592,1.7211928404380492
nc,*CCCCCOCO*,12,0.0,0.018286233265359667,0.06925422001160908,1.653569579547888
nc,*OC1C(CO)OC(*)C(O)C1O,12,0.0,0.01571912736522193,0.05586034773563031,1.6789063597462712
nc,*c1ccc(C(F)(F)CC(*)(F)F)s1,12,0.0,0.023759493397541694,0.09475468469466142,1.7450258716284963
nc,*c1ccc(-c2ccc(C(F)(F)C(*)(F)F)cc2)s1,12,4.440892098500626e-16,0.01521651133849617,0.05983122130208707,1.8046358651200913
nc,*c1ccc(NC(F)(F)C(*)(F)F)cc1,12,0.0,0.010970065876984044,0.03560008741469267,1.7552294039533718
nc,*Cc1ccc(Cc2ccc(*)s2)cc1,12,2.220446049250313e-16,0.019149801730765414,0.06912096742290386,1.843575685901986
nc,*Cc1ccc(-c2ccc(-c3ccc(*)s3)cc2)s1,12,0.0,0.026539742352588665,0.09401304445337111,2.0122423410700434
nc,*NC(=O)c1ccc(C(*)=S)s1,12,4.440892098500626e-16,0.05158908101036725,0.17310774027346998,2.0936256264531323
nc,*c1ccc(-c2ccc(C(F)(F)C(*)(F)F)cc2)cc1,12,4.440892098500626e-16,0.02623988602972786,0.07989212331411255,1.8269226104070306
nc,*CC(=S)CO*,12,2.220446049250313e-16,0.09287638116562734,0.245558354824295,1.8234377456954423
nc,*NC(=O)c1ccc(C(*)=S)cc1,12,0.0,0.048682054614488005,0.21656860301732017,1.9594170461006393
nc,*CC(*)C,12,2.220446049250313e-16,0.03077348860962683,0.10676793454999034,1.6759026277634888
nc,*OC(F)(F)NC(*)(F)F,12,2.220446049250313e-16,0.015220404068372271,0.05878760299766017,1.6156779099187115
nc,*c1ccc(C(F)(F)CC(*)(F)F)cc1,12,0.0,0.006259536168796119,0.019670871958388014,1.7235827140441142
nc,*CC(=O)Nc1ccc(*)s1,12,2.220446049250313e-16,0.03147294477460006,0.09952895428849229,1.857764914181576
nc,*CCc1ccc(-c2ccc(*)s2)cc1,12,4.440892098500626e-16,0.029521534196040082,0.07716215292432649,1.8746024678701232
nc,*Cc1ccc(C(=S)O*)cc1,12,4.440892098500626e-16,0.040634230824910085,0.13074652315731572,1.8944090336899764
nc,*CCNc1ccc(*)s1,12,2.220446049250313e-16,0.01088645404200582,0.03642684166360155,1.7933715906291257
nc,*Nc1ccc(Oc2ccc(*)s2)cc1,12,2.220446049250313e-16,0.021330936123964923,0.07298365507528004,1.902472067722764
nc,*NC(=S)C(=O)O*,12,4.440892098500626e-16,0.07476418619493785,0.2688689619251734,1.9814363017899712
nc,*C(=S)c1ccc(C(F)(F)C(*)(F)F)cc1,12,2.220446049250313e-16,0.038682460276225517,0.11268533251374113,1.8707999411420262
nc,*CNOc1ccc(*)s1,12,0.0,0.017394796634086083,0.052152368964450524,1.831298889612736
nc,*c1ccc(-c2ccc(Oc3ccc(*)s3)s2)cc1,12,0.0,0.05337622098231452,0.15821175407455335,2.0746986953523474
nc,*Oc1ccc(C(=O)c2ccc(*)cc2)cc1,12,2.220446049250313e-16,0.03694521922570899,0.13583737546278374,1.8604144513718086
nc,*Cc1ccc(Oc2ccc(*)s2)s1,12,0.0,0.009065629236940381,0.027805131384661008,1.869248029568271
nc,*NC(=O)Oc1ccc(*)s1,12,2.220446049250313e-16,0.030610354096441243,0.1075198417011638,1.8951878224697374
nc,*c1ccc(CC(F)(F)C(*)(F)F)cc1,12,0.0,0.010091767296225886,0.03379701269982838,1.7367297844984482
nc,*Nc1ccc(C(=O)O*)cc1,12,2.220446049250313e-16,0.022523705960714624,0.07873018806282794,1.8238132944777308
nc,*NC(F)(F)CC(*)(F)F,12,4.440892098500626e-16,0.0076356553948608,0.02512675161356248,1.6214138406403735
nc,*NC(=S)c1ccc(O*)cc1,12,0.0,0.030579664386464377,0.09674936557151192,1.9452112715400576
nc,*c1ccc(*)cc1,12,4.440892098500626e-16,0.03765592649860913,0.15455231081448972,1.9948880079436015
nc,*Nc1ccc(*)cc1,12,0.0,0.033076566843670906,0.12779980986522887,1.9570030401702905
nc,*Cc1ccc(CO*)cc1,12,4.440892098500626e-16,0.018220199963314216,0.06425757046142899,1.7433000518331259
nc,*Nc1ccc(-c2ccc(C(*)=S)cc2)cc1,12,0.0,0.05126931134891953,0.1507665941414016,2.0685996693615154
nc,*CNc1ccc(C(*)=O)cc1,12,4.440892098500626e-16,0.0238181271670058,0.07654210322773003,1.8707078969108164
nc,*NOc1ccc(O*)cc1,12,4.440892098500626e-16,0.01924905685531702,0.07315143598575657,1.8275915138530399
nc,*Nc1ccc(C(=O)C(*)=S)cc1,12,0.0,0.03366807833130804,0.1060742513479831,2.0185524463590463
nc,*Nc1ccc(NC(*)=S)s1,12,4.440892098500626e-16,0.07420030989316252,0.23122954335657786,2.072160719211035
nc,*Cc1ccc(C(=O)c2ccc(*)cc2)cc1,12,4.440892098500626e-16,0.033098676843375606,0.10012007678570911,1.8720562465073751
nc,*CCC(O*)(C(F)(F)F)C(F)(F)F,12,0.0,0.009124866409687106,0.03514547134783719,1.595104201388584
nc,*C(=O)C(=S)OC(*)=S,12,4.440892098500626e-16,0.07134543533137089,0.26273425741593304,2.097699757701959
nc,*NCC(F)(F)C(*)(F)F,12,4.440892098500626e-16,0.025098827471297068,0.0964559888933949,1.6416585863049917
nc,*c1ccc2oc(-c3ccc4nc(*)oc4c3)nc2c1,12,4.440892098500626e-16,0.036799942422734364,0.09698259161813372,2.070090324373296
nc,*Cc1ccc(-c2ccc(O*)s2)s1,12,2.220446049250313e-16,0.019128759433736698,0.06260416372272348,1.959539773588937
nc,*CC(=O)Nc1ccc(*)cc1,12,2.220446049250313e-16,0.026434589910592783,0.0785340356096158,1.872673604527786
nc,*NC(=S)Nc1ccc(NC(=S)Nc2ccc(Cc3ccc(*)cc3)cc2)cc1,12,2.220446049250313e-16,0.02838011184047948,0.08178515236302197,1.9954676975442214
nc,*Cc1ccc(-c2ccc(-c3ccc(*)s3)s2)cc1,12,6.661338147750939e-16,0.02813578149221704,0.10926111771237945,2.0477950107869933
nc,*C(=S)C(F)(F)CC(*)(F)F,12,2.220446049250313e-16,0.041683198680492396,0.1272583246267751,1.685395266034026
nc,*Cc1ccc(-c2ccc(-c3ccc(*)s3)cc2)cc1,12,4.440892098500626e-16,0.028428108172386838,0.09247810670495493,1.9882301892492265
nc,*Nc1ccc(C(=O)c2ccc(*)s2)cc1,12,4.440892098500626e-16,0.06122301082993151,0.19172000546920542,1.9818302248600705
nc,*Cc1ccc(NO*)s1,12,2.220446049250313e-16,0.020882166751021447,0.07040859911800479,1.8329597924067593
nc,*CCC(=O)c1ccc(*)s1,12,2.220446049250313e-16,0.013129147690116895,0.05504837827413156,1.8172822827742865
nc,*CNc1ccc(O*)cc1,12,2.220446049250313e-16,0.019560433139363814,0.07073931712207804,1.8166071500868908
nc,*C(=O)c1ccc(-c2ccc(-c3ccc(*)cc3)s2)cc1,12,4.440892098500626e-16,0.09668661047072467,0.33171987790737134,2.1727874806375813
nc,*OC(=S)C(F)(F)C(*)(F)F,12,0.0,0.05798339624803844,0.17001530198926829,1.7280069783569443
nc,*NCNC(=O)OC(=O)NC(*)=O,12,2.220446049250313e-16,0.006607476433863049,0.02816845394948153,1.7535722608388413
nc,*C(=S)C(F)(F)c1ccc(C(*)(F)F)cc1,12,4.440892098500626e-16,0.019196115338473152,0.07395456253212629,1.8316877088082724
nc,*NC(=O)c1ccc(O*)s1,12,4.440892098500626e-16,0.028758205281169957,0.08662376909513436,1.8742745238753986
nc,*CCCOC(=O)CCCCCCCCOC(=O)CCCOC(=O)CCCCCCCCOC(*)=O,12,2.220446049250313e-16,0.037543037570875466,0.1282932168795048,1.6649216144565742
nc,*Nc1ccc(Oc2ccc(*)s2)s1,12,0.0,0.02440800803182868,0.09190241459893911,1.902620658885919
nc,*Cc1ccc(CC(*)=S)cc1,12,4.440892098500626e-16,0.020611416001461873,0.08844368865637575,1.8472376836210342
nc,*Nc1ccc(-c2ccc(C(*)=S)s2)cc1,12,0.0,0.08240500089898284,0.254081588925541,2.1892130754971015
nc,*NC(=O)c1ccc(C(*)=O)s1,12,0.0,0.0258423264006116,0.10461663894737616,1.9230840870941286
nc,*CCC(=O)c1ccc(*)cc1,12,2.220446049250313e-16,0.02831767142580119,0.08437879390514769,1.7913309996465718
nc,*NOC(=O)NCC(=O)NC(*)=O,12,0.0,0.015328185627234318,0.05373095576721365,1.77069501785006
nc,*c1ccc(OC(=S)c2ccc(*)s2)cc1,12,4.440892098500626e-16,0.028149959716170434,0.10257779118509003,2.068525452763812
nc,*Nc1ccc(-c2ccc(C(=S)c3ccc(-c4ccc(Nc5ccc(*)cc5)s4)s3)s2)s1,12,4.440892098500626e-16,0.04639857591492961,0.15676174490221007,2.2137427751714287
nc,*OC(=O)C(F)(F)C(*)(F)F,12,0.0,0.038407211831847005,0.09830600930506406,1.641816024186804
nc,*NC(=O)c1ccc(NC(=S)c2ccc(Nc3ccc(*)cc3)cc2)s1,12,0.0,0.07506389282995057,0.32318740917256994,2.0679248352445394
nc,*Nc1ccc(Oc2ccc(*)cc2)cc1,12,0.0,0.021971138449729692,0.07662913603165711,1.8890111562731473
nc,*CC(=O)Oc1ccc(*)s1,12,0.0,0.021914400337811748,0.07407598371684454,1.8453108801015399
nc,*C(=O)Oc1ccc(C(*)=S)cc1,12,4.440892098500626e-16,0.03932735269459195,0.11359368147011839,1.94135919913448
nc,*C(=S)c1ccc(C(F)(F)C(*)(F)F)s1,12,2.220446049250313e-16,0.05793883312978664,0.1648447877740986,1.890506677206325
nc,*COc1ccc(O*)cc1,12,6.661338147750939e-16,0.027941251466142784,0.08797260154641329,1.7857691634271193
eps,*CC(*)(F)F,12,0.0,0.11834593335020642,0.45873765561534663,3.4922234987133236
eps,*c1ccc(C(F)(F)C(=O)C(*)(F)F)s1,12,8.881784197001252e-16,0.1083712165930184,0.3016767791383961,3.9472061861433776
eps,*C(=O)c1ccc(-c2ccc(-c3ccc(*)cc3)cc2)cc1,12,8.881784197001252e-16,0.15835168766038538,0.5376911476666892,4.542927321688707
eps,*CCOC(=O)CCCCCCC(=O)O*,12,4.440892098500626e-16,0.08468150219200753,0.2670072538152315,3.399377656679686
eps,*C(=O)c1ccc(OC(*)=S)cc1,12,8.881784197001252e-16,0.20161707140793458,0.701333280325489,4.811263742125194
eps,*Cc1ccc(C(=O)c2ccc(*)cc2)cc1,12,8.881784197001252e-16,0.057817204148066126,0.16287345405503695,3.941731753780361
eps,*Nc1ccc(NO*)cc1,12,8.881784197001252e-16,0.09510994504562148,0.34846860670331203,4.340191509602755
eps,*Nc1ccc(-c2ccc(-c3ccc(*)s3)s2)s1,12,0.0,0.11527432261521196,0.41581518920898564,5.235283418798677
eps,*COc1ccc(O*)s1,12,1.3322676295501878e-15,0.08660748932501927,0.2683151140654201,4.000027885969584
eps,*COc1ccc(O*)cc1,12,4.440892098500626e-16,0.09379027561727911,0.3300849770482621,3.944197693245647
eps,*OCC(F)(F)C(*)(F)F,12,0.0,0.12265466313732928,0.3775691967895223,3.625622239914405
eps,*C(=O)c1ccc(-c2ccc(C(*)=S)s2)cc1,12,0.0,0.38641090930555555,1.5777079703830026,5.613101243399625
eps,*CC(=O)c1ccc(C(*)=O)cc1,12,8.881784197001252e-16,0.053398901110139306,0.21830630650226368,4.1035310185707425
eps,*CNc1ccc(-c2ccc(*)s2)cc1,12,8.881784197001252e-16,0.04178011313605594,0.15161467829509867,4.2133424383999944
eps,*OCCCCONC(*)=O,12,0.0,0.12093404513949665,0.3993241620371588,3.71956444030886
eps,*Cc1ccc(C(=O)O*)s1,12,8.881784197001252e-16,0.08524697472862124,0.32513767404591265,4.224710455382584
eps,*c1ccc(C(F)(F)NC(*)(F)F)s1,12,8.881784197001252e-16,0.07884918064570273,0.25584506476260627,4.0749616408106535
eps,*CC(*)C,12,0.0,0.20752498615828321,0.873675221640569,3.3075351460462126
eps,*C(=O)C(=S)OC(*)=S,12,8.881784197001252e-16,0.25835392771651255,1.0385967348259273,5.770684766371691
eps,*CC(*)F,12,4.440892098500626e-16,0.08286294585250313,0.2884030250776455,3.441799987640563
eps,*Oc1ccc(C(F)(F)C(*)(F)F)s1,12,0.0,0.06823553508157516,0.22350935182525866,3.938993800198477
eps,*Oc1ccc(OC(*)=O)cc1,12,8.881784197001252e-16,0.12534224695140328,0.4377757602183987,4.271723293960167
eps,*COC(=S)O*,12,8.881784197001252e-16,0.2244099935312998,0.7686378886299181,4.536161089014091
eps,*Nc1ccc(C(=O)c2ccc(*)s2)s1,12,8.881784197001252e-16,0.14042521067786587,0.5265216121781053,5.506249055164677
eps,*CNCO*,10,0.0,0.12060164431289741,0.340938618235227,3.7425107723564794
eps,*NC(=S)Nc1ccc(*)cc1,12,8.881784197001252e-16,0.39790189953920835,1.3333818357062208,5.351057533390988
eps,*NC(=O)c1ccc(-c2ccc(*)s2)cc1,12,0.0,0.10594817732195566,0.4109501735136316,4.922626671453516
eps,*Nc1ccc(-c2ccc(-c3ccc(*)s3)cc2)cc1,12,0.0,0.15329261843800568,0.542906477465241,5.104375647555594
eps,*CC(=O)c1ccc(C(*)=S)s1,12,8.881784197001252e-16,0.17653512913708852,0.6481679999433494,4.8292409265174365
eps,*Cc1ccc(CO*)s1,12,8.881784197001252e-16,0.09077892898716977,0.2818556625476245,3.8721136483946332
eps,*CNCCNC(=O)OC*,12,1.3322676295501878e-15,0.0798226318809097,0.3235069100858867,3.843960542435248
eps,*CC(=O)c1ccc(-c2ccc(*)cc2)cc1,12,4.440892098500626e-16,0.06166590256087937,0.23062493830539177,3.956253422803112
eps,*Cc1ccc(Cc2ccc(*)s2)cc1,12,0.0,0.07664360607865736,0.2696934476878807,3.661647739156988
eps,*C(=S)OC(=S)c1ccc(*)s1,12,0.0,0.1489821685431588,0.48910284826967665,5.584058987744918
eps,*OC(=O)C(F)(F)C(*)(F)F,12,4.440892098500626e-16,0.10441232178928044,0.31180265355945425,3.6777828945630624
eps,*Cc1ccc(C(=S)O*)s1,12,8.881784197001252e-16,0.0799819767893814,0.34383809895700423,4.616089431817642
eps,*NC(=S)OC(*)=S,12,8.881784197001252e-16,0.14528216348524736,0.4895940510848362,5.632371095701995
eps,*Cc1ccc(C(=O)O*)cc1,12,8.881784197001252e-16,0.09421654902132127,0.33810341034302605,4.013134908326134
eps,*CC(=O)OC(*)=O,12,4.440892098500626e-16,0.13066104899658046,0.40974996672361064,4.005223471287741
eps,*Cc1ccc(NO*)s1,12,8.881784197001252e-16,0.10303844202986162,0.3510045601530467,4.07431623968034
eps,*c1ccc(-c2ccc(-c3ccc(-c4ccc(*)s4)cc3)cc2)cc1,12,8.881784197001252e-16,0.17750772648508426,0.6932135709628477,4.980820575338453
eps,*NC(F)(F)CC(*)(F)F,12,4.440892098500626e-16,0.09175451885097566,0.3071692816925129,3.660713108585767
eps,*Cc1ccc(-c2ccc(-c3ccc(*)cc3)cc2)cc1,12,0.0,0.11023941171929758,0.3333843964117542,3.9460807438178747
eps,*CC(=S)C(=O)O*,12,8.881784197001252e-16,0.18213050334646552,0.696621932765213,4.4700146313072935
eps,*CNC(=O)C(*)=S,12,8.881784197001252e-16,0.32115588270991136,1.2954067675660195,5.169619357271917
eps,*CC(=S)NC(*)=S,12,0.0,0.2257693385296925,0.7804680738627852,5.352972530328401
eps,*CCCc1ccc(*)s1,12,0.0,0.07643547412591614,0.31832323261790574,3.4491212060043726
eps,*CC(=O)c1ccc(-c2ccc(*)s2)s1,12,8.881784197001252e-16,0.12153930756589341,0.3375708969324789,4.359672630338467
eps,*OC(F)(F)c1ccc(C(*)(F)F)s1,12,4.440892098500626e-16,0.06621961845547654,0.23465514939966914,3.9307934417905996
eps,*c1ccc(-c2ccc(C(F)(F)C(*)(F)F)cc2)s1,12,4.440892098500626e-16,0.08883712083418721,0.3837291881104985,3.9309881876864448
eps,*Cc1ccc(OC(*)=S)cc1,12,0.0,0.2096657335452583,0.8201370993855837,4.248847203130345
eps,*CNc1ccc(O*)s1,12,8.881784197001252e-16,0.10717811188278344,0.3926299706742187,4.116887442438211
eps,*NC(=O)C(=S)O*,12,0.0,0.2869372498001655,0.9630716981310758,5.5161481717087
eps,*C(=S)c1ccc(-c2ccc(-c3ccc(*)cc3)cc2)cc1,12,0.0,0.17142538386128925,0.5935778813716848,4.691807710343731
eps,*CC(=O)OC(*)=S,12,4.440892098500626e-16,0.21288253094469586,0.7993615228405195,4.416347929300539
eps,*Cc1ccc(C(=S)c2ccc(*)cc2)cc1,12,8.881784197001252e-16,0.12218350994548297,0.4432244178011864,4.3368272800651155
eps,*NC(=O)c1ccc(O*)cc1,12,8.881784197001252e-16,0.06358564015113108,0.24052876717877858,4.329450397266737
eps,*NC(=O)Nc1ccc(*)s1,12,0.0,0.09696436645528184,0.3610808842107378,4.782205459477685
eps,*NC(=O)C(=S)c1ccc(*)s1,12,0.0,0.24732076720353469,0.810300788487047,5.804555503785714
eps,*c1ccc(CC(F)(F)C(*)(F)F)s1,12,8.881784197001252e-16,0.10052986997828976,0.34941782933174004,3.649637330112343
eps,*C(=O)c1ccc(C(=S)c2ccc(*)s2)cc1,12,0.0,0.2567218817976706,0.723405428766914,5.52300731785608
eps,*NC(=O)NC(=O)c1ccc(C(=S)c2ccc(-c3ccc(*)s3)s2)s1,12,8.881784197001252e-16,0.29595612438892416,0.947952949940774,5.481250256843057
eps,*C(=O)c1ccc(-c2ccc(-c3ccc(*)s3)cc2)cc1,12,0.0,0.10629559066889038,0.3586362710636255,5.001298310310684
eps,*CCCCOC(=O)c1ccc(C(=O)O*)cc1,12,4.440892098500626e-16,0.08898488698915681,0.2522914411186763,3.774345771991792
eps,*CNC(=S)c1ccc(*)s1,12,0.0,0.47061941680011354,1.6123470785906724,4.8383809048348745
eps,*C(=S)c1ccc(C(F)(F)C(*)(F)F)s1,12,0.0,0.1167342762676815,0.3929198921456285,4.279644168812231
eps,*CNc1ccc(-c2ccc(*)cc2)s1,12,0.0,0.09109104784166835,0.2780208869689389,4.182246388577165
eps,*NCC(F)(F)C(*)(F)F,12,8.881784197001252e-16,0.11735809913916785,0.4767212256962612,3.7392768211958582
eps,*C(=O)c1ccc(C(=S)c2ccc(*)s2)s1,12,8.881784197001252e-16,0.20798884898867262,0.6509528130911466,5.676882899567462
eps,*Oc1ccc(-c2ccc(C(*)=O)cc2)s1,12,8.881784197001252e-16,0.13226299667253047,0.4985610367088906,4.6847155324183545
eps,*C(=O)c1ccc(-c2ccc(C(*)=S)s2)s1,12,8.881784197001252e-16,0.2904925998697188,0.9428090623527101,5.890504780553402
eps,*Nc1cccc(C(*)=O)c1,12,8.881784197001252e-16,0.08567359414867294,0.3051076709785461,4.5747288608521375
eps,*NC(=S)C(=O)O*,12,0.0,0.33191570113730245,1.055561543617305,5.520034587431319
eps,*CC(=S)c1ccc(C(*)=S)s1,12,0.0,0.25120733110732746,0.6661390590902734,5.2850339987698565
eps,*CCCCCOC(=O)O*,12,4.440892098500626e-16,0.16805725257715307,0.4991027951084699,3.3733558833358557
eps,*NC(=S)c1ccc(O*)s1,12,0.0,0.21962856230169328,0.745810702499373,5.236753343241602
eps,*CCNC(*)=S,12,8.881784197001252e-16,0.3241239268542994,1.039418942883258,4.415439737449214
eps,*C(=O)Oc1ccc(C(*)=S)s1,12,8.881784197001252e-16,0.19563900927328975,0.7444324130399664,5.202358428559391
eps,*Cc1ccc(NC(*)=S)s1,12,8.881784197001252e-16,0.18584698814708228,0.6197027779363005,4.527013032077824
eps,*NC(=O)NC(*)=S,12,8.881784197001252e-16,0.4035145835570967,1.655635187334112,5.8746179185665435
eps,*Nc1ccc(-c2ccc(C(*)=S)cc2)cc1,12,0.0,0.19371013988029784,0.67254469759758,5.243858944173419
eps,*OC(=S)c1ccc(-c2ccc(*)cc2)cc1,12,8.881784197001252e-16,0.17807164756369906,0.6924908931170748,4.751160036886322
eps,*CC(=S)c1ccc(O*)s1,12,8.881784197001252e-16,0.17277298404785343,0.5103618465947672,4.795540424499264
eps,*CCCCCCNC(=S)Nc1ccc(NC(=S)N*)cc1,12,0.0,0.17625689300528474,0.644783845802448,4.387524143798048
eps,*CC(=O)Nc1ccc(*)cc1,12,8.881784197001252e-16,0.05912599519400774,0.1835570741576995,4.0486844884180675
eps,*CCc1ccc(C(*)=S)s1,12,8.881784197001252e-16,0.233023568593455,0.7397066744620426,4.411932719769868
eps,*c1ccc(C(F)(F)c2ccc(C(*)(F)F)cc2)s1,12,8.881784197001252e-16,0.06522166224778668,0.24051326256157868,3.9153550487541255
eps,*CO*,6,0.0,0.07061782250715287,0.1968728084466056,3.680311492712607
eps,*Nc1ccc(C(=S)c2ccc(*)s2)s1,12,8.881784197001252e-16,0.21616279581394787,0.8485700172565762,5.8536773079629905
eps,*NC(=O)c1ccc(O*)s1,12,8.881784197001252e-16,0.11741264297664716,0.3905764303976449,4.770918587870233
eps,*NC(=O)NO*,12,0.0,0.12654463408424874,0.5178886253825006,4.867634062774095
eps,*Cc1ccc(C(=O)C(*)=S)cc1,12,8.881784197001252e-16,0.18792767257558438,0.7436595496647938,4.459441490504982
eps,*c1cccc(*)n1,12,0.0,0.10717919731206564,0.2971687666897598,4.425099365981502
eps,*Nc1ccc(-c2ccc(C(*)=S)s2)cc1,12,8.881784197001252e-16,0.3462933157622167,1.3091111050988244,5.777369909263652
eps,*Oc1ccc(OC(*)=O)s1,12,8.881784197001252e-16,0.08791012902746981,0.2946996308375729,4.3631009894454245
eps,*Nc1ccc(C(=S)c2ccc(*)cc2)s1,12,8.881784197001252e-16,0.33204946000519253,1.1949726585267761,5.621390130896873
eps,*Nc1ccc(Nc2ccc(*)s2)cc1,12,0.0,0.11914159926124171,0.36187554628149066,4.636389669298918
eps,*CCC(=O)OC(=O)Cc1ccc(-c2ccc(*)cc2)cc1,12,8.881784197001252e-16,0.06765821448892877,0.2317532221970695,3.6759439312272053
eps,*NC(=S)c1ccc(O*)cc1,12,8.881784197001252e-16,0.17041713138316508,0.5779884043645662,4.881879619525456
eps,*CNCNC(=O)NC(=O)N*,12,4.440892098500626e-16,0.10929615171942934,0.43960884276599455,4.145601788222668
eps,*CCc1ccc(-c2ccc(*)cc2)cc1,12,0.0,0.05024173703135963,0.1669999741120609,3.6200567204698237
eps,*Nc1ccc(-c2ccc(-c3ccc(*)cc3)s2)cc1,12,0.0,0.31726823288113726,1.2213009676379132,5.148591950079521
eps,*Cc1ccc(C(=O)c2ccc(*)s2)cc1,12,0.0,0.09182442165376328,0.27634839278061385,4.195802726529799
eps,*CC(=O)C(=S)C(*)=O,12,0.0,0.2925275925832069,1.0742528437302026,4.888584246491968
eps,*C(=S)C(F)(F)c1ccc(C(*)(F)F)cc1,12,0.0,0.0951616604209218,0.3364179445745825,3.964204572673838
eps,*Cc1ccc(-c2ccc(-c3ccc(*)s3)cc2)s1,12,4.440892098500626e-16,0.07499893656380074,0.22621344907399976,4.180905210838076
eps,*Nc1ccc(OC(*)=S)s1,12,8.881784197001252e-16,0.2379020361075017,0.8963194613534498,5.151108319716597
eps,*Oc1ccc(-c2ccc(-c3ccc(*)cc3)cc2)cc1,12,4.440892098500626e-16,0.0722912420837521,0.24891152917951587,4.2784013552493905
eps,*CC(=O)c1ccc(C(*)=O)s1,12,8.881784197001252e-16,0.1405903203075555,0.467565970999992,4.273339771930222
eps,*Nc1ccc(Oc2ccc(*)s2)s1,12,8.881784197001252e-16,0.0627493194514184,0.18460397000260276,4.503826218942117
eps,*Oc1ccc(C(=O)c2ccc(*)cc2)cc1,12,0.0,0.08687533738099001,0.27306776258093013,4.23580733229337
eps,*Cc1ccc(-c2ccc(C(*)=S)s2)s1,12,8.881784197001252e-16,0.2510498251462383,0.8809927151421437,5.014747125626919
eps,*CCCCCCC(=O)N*,12,0.0,0.13869552175480046,0.5267533560710467,3.418345064761855
eps,*Nc1ccc(NC(=O)NC(=O)NC(*)=O)s1,12,8.881784197001252e-16,0.14917120322522445,0.5262277158377904,4.906591777691553
eps,*OC(F)(F)NC(*)(F)F,12,0.0,0.05959576843651033,0.2314878579702695,3.761039916167673
eps,*Cc1ccc(C(=S)c2ccc(*)s2)cc1,12,8.881784197001252e-16,0.09435702462174171,0.3426332582902587,4.3808091399137945
eps,*NOc1ccc(O*)cc1,12,8.881784197001252e-16,0.07713380644200692,0.29608559082278063,4.229865696823679
eps,*Cc1ccc(C*)cc1,12,4.440892098500626e-16,0.1137290194029052,0.4430451382881415,3.699179601974309
eps,*CNC(=S)C(*)=O,12,0.0,0.37779669939263494,1.3845545286255758,5.073550019878444
eps,*C(=O)NC(F)(F)C(*)(F)F,12,4.440892098500626e-16,0.11543496741795761,0.4138190566717834,3.8928387545966427
eps,*CCCCCCN1C(=O)c2ccc(C(=O)c3ccc4c(c3)C(=O)N(*)C4=O)cc2C1=O,12,4.440892098500626e-16,0.10198051028962836,0.40517484960807737,3.744476691395094
eps,*CNc1ccc(C(*)=S)s1,12,0.0,0.3526587370167043,1.2298321904185059,5.1597518528621595
eps,*C(=S)C(F)(F)CC(*)(F)F,12,4.440892098500626e-16,0.148829092044432,0.5806670302327799,3.850404437709902
eps,*Oc1ccc(C(=S)c2ccc(*)cc2)s1,12,8.881784197001252e-16,0.24035975867730153,0.7940291783625035,4.830962639375868
eps,*NC(=S)Nc1ccc(NC(=S)Nc2ccc(Cc3ccc(*)cc3)cc2)cc1,12,0.0,0.20142322354416858,0.7613723351629433,4.57374267310986
eps,*CNOc1ccc(*)cc1,12,4.440892098500626e-16,0.12142892688119544,0.440047485077077,3.959872783469704
eps,*C(=S)Oc1ccc(-c2ccc(*)cc2)s1,12,0.0,0.3954466056182707,1.4287621769172665,4.905721678016446
eps,*C(=O)c1ccc(-c2ccc(C(*)=S)cc2)s1,12,8.881784197001252e-16,0.3308551078314074,1.1856398491818805,5.688095927985671
eps,*NC(=O)c1ccc(C(*)=S)cc1,12,8.881784197001252e-16,0.17482923898284033,0.6257996294529091,5.06075496232632
eps,*Nc1ccc(NC(*)=S)s1,12,8.881784197001252e-16,0.2939602524695491,1.0072272162511657,5.5183612624410925
eps,*Cc1ccc(-c2ccc(N*)s2)s1,12,0.0,0.1208916070915467,0.36458602172272947,4.322968806820133
eps,*CNC(=O)NCOCO*,12,0.0,0.11757423095489561,0.38532821503271597,4.084102739821598
eps,*Cc1ccc(-c2ccc(C(*)=S)cc2)s1,12,8.881784197001252e-16,0.190824038077673,0.601221445155594,4.436317053214837
eps,*Nc1ccc(Oc2ccc(*)cc2)cc1,12,8.881784197001252e-16,0.06701900906365606,0.23752965953695337,4.317557331946749
eps,*NC(=O)C(=S)c1ccc(*)cc1,12,0.0,0.3234375641697518,0.9559080602982801,5.236807230066509
eps,*CNc1ccc(N*)s1,12,8.881784197001252e-16,0.17130202505385683,0.664661343114167,4.243364625023378
eps,*CNON*,10,4.440892098500626e-16,0.12252014001857657,0.4105431702278053,3.8194564362834185
eps,*CCOC(=O)c1ccc(C(=O)O*)cc1,12,8.881784197001252e-16,0.08520691759137952,0.27969095116767706,3.9361429637083827
eps,*C(=O)NC(=O)c1ccc(*)cc1,12,8.881784197001252e-16,0.19130055122290257,0.5651175716784529,4.714740056847255
eps,*CC(=O)C(=S)O*,12,0.0,0.18781027502233122,0.6132350224977987,4.548158376034574
eps,*CNOC(*)=S,12,4.440892098500626e-16,0.3274179557878364,1.2601671038042985,4.622734376069787
eps,*Cc1ccc(-c2ccc(O*)s2)s1,12,8.881784197001252e-16,0.08472030695499314,0.26200803565511865,4.097897098592548
eps,*NCNC(=O)OC(=O)NC(*)=O,12,8.881784197001252e-16,0.0969674254880685,0.35579393541226967,4.2943563883350855
eps,*C(=O)c1ccc(-c2ccc(-c3ccc(*)s3)s2)s1,12,1.7763568394002505e-15,0.19378349334230613,0.6683303062622628,5.729780548618055
eps,*CCOC(=S)NC(=S)c1ccc(N*)cc1,12,0.0,0.22446284581713935,0.7625930254992754,5.105241618738739
eps,*CNc1ccc(C(*)=O)cc1,12,0.0,0.16335150758178663,0.6763155445220166,4.3328612083865705
eps,*C(=O)c1ccc(-c2ccc(C(*)=S)cc2)cc1,12,8.881784197001252e-16,0.2089114980268523,0.6485744133920566,5.16508119786667
eps,*CNC(=O)ONC(=O)NO*,12,8.881784197001252e-16,0.11965667526570703,0.4002307828591265,4.379115672241821
eps,*OC(F)(F)OC(*)(F)F,12,8.881784197001252e-16,0.05321067146436003,0.17968074007503443,3.526535563785893
eps,*c1ccc(-c2ccc(Oc3ccc(*)s3)s2)cc1,12,8.881784197001252e-16,0.05761211381167055,0.21530543643549827,4.878348474303046
