id,target
1,4.213595215643727
2,2.6233250655846096
3,304.45749767870075
4,-53.728912609211314
5,4.390569072312296
6,6.707938209858582
7,5.116069733013415
8,70.9010284972845
9,66.49722610702071
10,62.20840283621416
11,31.77147367787837
12,1.4105838381276223
13,276.4690324450508
14,202.0836690913962
15,3.6927266658793183
16,278.14220256236354
17,3.1860385335322254
18,98.86486987242058
19,3.3535407980922978
20,6.746304510392743
21,-66.83646112727325
22,58.944554505437765
23,4.536655803894281
24,2.6599300117076643
25,38.27594627213766
26,89.69373877285958
27,1.3245551076131639
28,173.88099816131006
29,50.02482473465241
30,3.2561861709541313
31,6.388070135352705
32,25.150651417944196
33,45.274456919146076
34,3.676829554824426
35,2.378656982195159
36,6.482535915343367
37,258.2239691792462
38,249.53511765358246
39,52.168459537216606
40,127.87645270484308
41,-51.25786551542324
42,3.1142071504093716
43,5.811127102164176
44,4.368045474067525
45,143.59983397236113
46,62.48436671639522
47,2.927397015924725
48,-75.68492919797353
49,4.378205801251327
50,1.8817928103207726
51,267.25865515295305
52,3.1004706311368615
53,2.5387605986841297
54,108.61309479871568
55,2.920428626028388
56,4.385832233635258
57,5.69815939177701
58,165.36999116391092
59,242.10786406193455
60,6.745204911171988
61,2.377828519996409
62,200.88523775659954
63,6.706597519707977
64,2.507148230673999
65,2.1417423089872836
66,3.6024776337837396
67,4.963801586555525
68,194.33357388757412
69,107.6827976428394
70,2.582638625611496
71,2.5736689070745085
72,2.2015732952951694
73,25.133207471638904
74,251.9089907368724
75,217.51740599089368
76,6.272148363663449
77,5.814108312561313
78,147.61608076694523
79,268.1647879753238
80,3.5877105980238344
81,57.22774978592938
82,4.384103892265313
83,172.0774894761169
84,54.217318210973495
85,-16.668800875564017
86,2.316527515223254
87,58.25844391662905
88,190.04375403683105
89,6.004757284756888
90,5.357479281707851
91,50.532202534704574
92,96.71715947972274
93,30.670756930332566
94,4.773377340578857
95,3.959718700395531
96,3.0740718008295014
97,7.06146161635621
98,216.25592726494335
99,76.43403614617878
100,281.4002936230895
101,5.17519069231224
102,259.6053200729272
103,4.174098289701153
104,6.594550870639729
105,154.99391693590923
106,17.165490779911195
107,291.15376862778817
108,2.5339710722377475
109,193.4737136424896
110,3.4456176168547623
111,63.9026626322935
112,2.033902791895913
113,234.74539222364905
114,6.524586155909313
115,5.248696600140338
116,378.9022358985492
117,191.58671851521416
118,182.45045467753968
119,253.25715920993684
120,342.2015665146759
121,151.42454884273906
122,3.6087351293705274
123,139.75597111667574
124,263.03258677525946
125,116.65792699807973
126,6.408007887960068
127,127.50160441955111
128,3.6785323545835444
129,261.1122119857586
130,101.69021099727883
131,74.83718682628577
132,-3.7345845538418634
133,-69.53412280737219
134,338.5238965911621
135,6.169916251910505
136,2.1533085694954237
137,119.31748061810808
138,5.850777053807331
139,224.2314198940665
140,298.4294602759501
141,59.05274371472526
142,13.103018826374711
143,19.46375706695985
144,15.430923175270799
145,6.73183246384018
146,184.2175100251121
147,227.07273235959832
148,2.0508840412175156
149,167.55375164770794
150,67.07781070007337
151,286.3687772925203
152,242.12140100352482
153,181.56544604889018
154,26.628351411936762
155,4.424339543542187
156,207.35178084788308
157,154.59504962581093
158,111.32958461511564
159,144.6269278717395
160,6.310857276554822
161,54.39513677676817
162,4.69459677097374
163,264.75610548599684
164,3.0454615018560753
165,48.44784790371048
166,209.17554979175003
167,335.47697165993054
168,7.052191175032
169,1.9170780020603264
170,237.3342256774226
171,3.082306025726024
172,4.477965929113804
173,-51.764058970822276
174,3.7618401237469667
175,5.6647063590868
176,144.79200832744274
177,72.16252873336055
178,325.7057194221759
179,131.48094197866357
180,212.30687602006935
181,6.461932387014115
182,2.3353141660593044
183,282.13514536295565
184,6.502834034463067
185,1.6328374523856073
186,3.510654353313206
187,3.067965924948232
188,3.992159802743111
189,83.8703830313118
190,4.278195536107633
191,2.119430546834012
192,36.569098670993256
193,3.5322686798341745
194,332.02442186587155
195,92.03053984909045
196,270.1239100334244
197,124.13882711639855
198,215.60658338665388
199,58.08099334583483
200,1.9609920565073011
201,3.268405413706305
202,103.11292695553142
203,59.77029098119233
204,4.4348885114918914
205,271.2377746642131
206,43.33996961773611
207,218.09519098208665
208,149.1371281212471
209,63.293057032843
210,178.7910877276486
211,79.87479777432296
212,107.08814287421094
213,265.6752571695851
214,64.74954472187653
215,21.264432904030247
216,202.54421020361445
217,80.62088925786041
218,168.52329649061693
219,200.36394322366326
220,6.235350849140793
221,235.9092388537435
222,180.23976325448288
223,2.8496408644558437
224,167.5882450686682
225,266.3075623725889
226,208.4152172155569
227,45.77059538309906
228,270.44253337892997
229,264.1583389364309
230,1.282732513734067
231,214.65494776693097
232,59.892505649196025
233,57.58198074405851
234,242.2902060766201
235,116.1293545041779
236,2.1975248943429992
237,6.179939752023346
238,46.84938921092525
239,6.377979910163889
240,185.44116367547394
241,305.58371919338686
242,228.19845307464539
243,4.248861656814913
244,2.8937296416410394
245,52.635939536758855
246,129.0922906170832
247,146.22315182542218
248,6.535754910641236
249,5.880138154757813
250,65.27844433634775
251,58.87990121745893
252,180.7962856559752
253,8.00045118968225
254,196.4339016331845
255,-48.54014331633457
256,5.531580672399761
257,2.107868775979209
258,63.0932173689735
259,255.67022542443664
260,2.4746430491180025
261,5.716001005745981
262,6.276971146722142
263,-36.2967001510236
264,3.7737754250931363
265,3.6249346000692118
266,2.1630434367325924
267,3.428392594283253
268,1.7727939206290855
269,195.70980350645453
270,3.073734561183072
271,151.22185026415275
272,89.78771014811312
273,4.6700400833283435
274,5.1297181359726896
275,314.4210548603842
276,183.30200148293673
277,211.98717502678002
278,-61.916893697551316
279,4.219149947549449
280,195.55508926655529
281,5.213282829724898
282,170.17045461809914
283,193.16428397100947
284,143.84203991711007
285,238.72863473332387
286,133.13753454926268
287,236.63285583331012
288,6.29234349004757
289,100.68429164347737
290,4.76511685599336
291,97.16704852640912
292,4.050440623261331
293,58.103556215134304
294,124.18307197119063
295,5.4069669444589685
296,105.2737108429297
297,49.678022160384685
298,-38.15489688751369
299,210.24051223352583
300,5.861729895964896
301,4.4062425392499405
302,4.963098600960106
303,4.277957238471158
304,3.996268486478017
305,4.751369320649607
306,247.03203008903233
307,3.7007624719222916
308,3.188432358706274
309,115.98219334520302
310,2.1942577084225316
311,2.216591616111714
312,3.78751411593393
313,136.90157664533336
314,3.8694331170646774
315,0.6516008236447437
316,2.277321836787081
317,4.486976703678025
318,3.988637173310189
319,31.58241666533717
320,1.8462501576081927
321,6.308398786409944
322,3.392771199922333
323,1.8386388808054688
324,2.536885294175867
325,4.0473347432352265
326,4.942841738333241
327,54.52976560882471
328,4.634411958182624
329,83.18327595618065
330,56.24679141117767
331,56.63095485780113
332,5.553942517999426
333,2.8166484743613607
334,6.733982242290678
335,150.70931412917372
336,3.8529110416640213
337,2.3735442329876926
338,132.0777413841169
339,49.103422639570944
340,295.0038085877096
341,125.48865287330324
342,63.754220499539
343,3.729318758902827
344,2.401756410778361
345,124.38577303695857
346,2.6680474739383757
347,4.831788153437715
348,65.42336453783318
349,-50.01400325737356
350,104.94555531590515
351,242.44908272464002
352,32.89849616616606
353,1.3221143879849218
354,5.914690702854642
355,316.1373359665555
356,215.8772558805911
357,3.0327960342681664
358,110.84339738665983
359,4.351532086673231
360,128.76567386128966
361,4.856994322731625
362,5.443370651145494
363,-12.094065628597425
364,4.286530518600083
365,5.398966367286748
366,75.2348608745598
367,4.660346387722957
368,234.87641321697765
369,5.086839938607362
370,-33.66264043161351
371,255.98785156197945
372,51.38295141911313
373,140.2665768705891
374,-10.26546664698763
375,104.49903157913643
376,2.8442977804503426
377,2.8738103381302595
378,3.866433320288349
379,3.1056901195469964
380,0.6827157138565603
381,6.070976408609717
382,6.381277639688884
383,148.28895837115041
384,1.7730314058395957
385,3.7643353728966407
386,274.07563626376816
387,2.7017814192997207
388,3.937808034399935
389,56.69637890683738
390,4.92528024091892
391,164.8862511169271
392,6.470759009026677
393,3.903428275996516
394,312.35259324292474
395,211.44802117891592
396,2.85427965343401
397,1.7628210842778897
398,6.612023321573693
399,213.15743449952703
400,242.76935796929286
401,1.6661897822334932
402,6.401929093706809
403,5.193109600000264
404,5.769759155567965
405,14.73971180543046
406,7.32598815014952
407,-62.261974892153475
408,4.027250057366009
409,3.4199480836947265
410,3.6713555056549536
411,2.5777996389158044
412,-32.072157930260516
413,334.0198330070197
414,5.844444722298865
415,42.276860739646494
416,3.2479071697544653
417,6.734065263894797
418,5.469786645547893
419,5.652928628356114
420,4.63630604449861
421,141.0972428011627
422,166.95893979789275
423,115.04489859838579
424,162.75166608225467
425,5.738418536934417
426,255.51436198399182
427,3.172055284023757
428,213.74905627949485
429,2.9799473820771674
430,4.565300484404576
431,269.1709393931095
432,147.335811859253
433,11.195346044855206
434,6.280060756033137
435,45.29037096699443
436,246.70904613122462
437,220.02532002902333
438,174.06801007509432
439,5.818303325602765
440,263.44075491813123
441,218.54504621770784
442,125.6889789178279
443,320.71360911842544
444,5.390700434800789
445,6.249580382276892
446,61.8884263105642
447,1.4118087284354686
448,6.274782529222138
449,304.25432465043696
450,269.40309251548433
451,155.62617808223095
452,233.5706232131937
453,1.87170632619425
454,4.080436358954966
455,122.38035804939244
456,2.979054788618081
457,4.887043391763392
458,273.7742095120164
459,68.27641378884664
460,24.50476355028823
461,114.76736327184828
462,5.913871659665951
463,215.60116678208468
464,5.199029279946164
465,156.03951767145014
466,71.08070953053355
467,2.2467451795717235
468,5.478574599528162
469,26.2519519523641
470,22.61881196685004
471,1.8061673295485607
472,1.9194503765283208
473,57.969253260202024
474,6.091323499304995
475,102.76430595146162
476,6.326839080327313
477,1.970446437876392
478,4.482297739206682
479,214.03120518464476
480,4.630915549671872
481,5.973946631719862
482,238.43517946780284
483,1.7343287029104149
484,205.13305316430726
485,107.90011327502195
486,4.466808518347296
487,2.5969221824040147
488,184.15870865298112
489,2.576928629900197
490,4.757546555662072
491,6.371888236337427
492,3.792846140516241
493,3.798269770028699
494,234.21966485355884
495,5.863894050650899
496,199.81198301815235
497,6.109024204438292
498,6.015668099101097
499,5.764325343602701
500,8.693981354756087
501,3.462448367966796
502,315.5603096129574
503,113.19862912683338
504,-3.150020434684603
505,1.8436257075047264
506,6.47041036394136
507,332.25812947859606
508,69.28954886932557
509,271.3901943317733
510,4.290772259850732
511,90.97637524154644
512,207.70160004890207
513,203.66799496576942
514,336.25577386535326
515,249.74853007925628
516,233.99096366666103
517,284.51297900467057
518,7.124195946969931
519,36.221721843172226
520,312.2032549945049
521,1.4941548367111004
522,3.9594512946957794
523,238.78716846139938
524,4.426456542058942
525,166.7731110892388
526,5.523892915484973
527,4.987832078200742
528,4.5023657065715526
529,6.326490986512941
530,250.11359131539814
531,108.17901563967425
532,4.018147697232724
533,79.88565940617698
534,4.2209375136774945
535,6.966498932199178
536,5.936910468700079
537,1.6332278772091342
538,5.189468976221518
539,268.7133130198255
540,267.82897051302444
541,244.35620304378145
542,55.9754060525799
543,108.19376794789991
544,4.855668661309737
545,4.2661087840332135
546,3.9632260289209333
547,2.058429217378507
548,331.1243130166903
549,5.775367451453171
550,255.41868497038604
551,5.875655586899525
552,111.36150476647762
553,3.6508543541318312
554,67.14022025759044
555,102.03268567450803
556,239.64921211553462
557,196.28791117949604
558,5.16485510946563
559,5.564221517748281
560,146.491311502943
561,120.39982016637819
562,162.26795436295677
563,3.1621591132676423
564,29.34563803786089
565,153.61555307330468
566,2.674622657025414
567,58.40553181881375
568,115.09561065763677
569,293.92200165853075
570,4.340627770282578
571,207.2035583148061
572,3.155292309283309
573,70.00265343463984
574,107.23536004215671
575,7.306503334241145
576,1.8525332158089185
577,3.1667192196041833
578,171.92912049413545
579,-0.3390699653549042
580,281.82878777097665
581,63.604078600759586
582,98.04053851624515
583,5.2888738305002665
584,3.1351360717741157
585,153.97314895156543
586,4.874892291365157
587,217.17799540562964
588,3.050342893481437
589,194.76071756199752
590,293.64228650880216
591,149.36610069266015
592,6.836313937812372
593,233.92333849153832
594,287.15541344365096
595,41.57864038194154
596,5.348681925882773
597,116.76610446970429
598,2.6071620351203406
599,76.1379144548926
600,159.45954846187195
601,135.2765930961409
602,42.5909891893982
603,2.1312557162823245
604,248.25758693130388
605,2.5465484477991107
606,2.647943719698549
607,6.687508619661484
608,55.04567825272157
609,271.6172176421383
610,34.53562888744523
611,60.726713354407494
612,2.3802845260117795
613,-0.021778797871238376
614,60.51990367038417
615,1.8830697575576343
616,176.6218255323435
617,-51.889865500981905
618,233.71388847649433
619,4.855061655620649
620,5.995422076397183
621,177.34994912523686
622,107.05716571479957
623,194.08371687201998
624,188.20296476269326
625,2.4361122619900284
626,2.145983681679764
627,62.4050174097991
628,4.36833490419536
629,231.74061576008216
630,4.436934459989407
631,2.31928586924443
632,195.55376268359691
633,144.37149397829555
634,227.57193027355564
635,2.4855822017912708
636,110.50252530710617
637,119.90219857264732
638,6.792664738779356
639,37.550084009038926
640,108.86157991484339
641,6.800718807467283
642,3.122280381196605
643,282.68096818297073
644,3.7110335714956193
645,71.57295567594869
646,71.28609518565068
647,195.90920297064162
648,261.53703898458434
649,385.10710408338815
650,328.18365862943824
651,100.4419831493408
652,62.18400852984235
653,3.2855401340389587
654,198.74314623444826
655,23.225745037238312
656,205.73071506161722
657,181.09141477543233
658,284.27931615744194
659,1.9072390742432754
660,114.03631760011814
661,4.095572615900802
662,141.8948085638894
663,3.574509172727957
664,-37.49804859819527
665,94.63666980259897
666,127.54194580231407
667,235.66340285484029
668,351.08207660825485
669,202.61843466400862
670,209.74400906295986
671,125.10690274450508
672,75.81138740713646
673,4.3306005981830165
674,5.191982224332918
675,5.888296340219869
676,5.012508770653439
677,32.97752435892069
678,215.98226842589207
679,4.782602640978128
680,2.9502160583867174
681,1.943676629038526
682,88.3640649039727
683,5.607701128009937
684,164.69466894377155
685,221.02360774312478
686,5.864062381235955
687,365.4128602672337
688,79.97461726874045
689,108.0088855753789
690,333.6780017446436
691,3.771917052334213
692,69.9882429721604
693,4.9841800233357425
694,6.599189726727552
695,-28.60720351171806
696,305.29604156768846
697,1.1347766826411514
698,228.5060738026052
699,1.857013056691416
700,260.0510459740152
701,3.7671911494675294
702,4.325667601151365
703,57.89536210596382
704,76.72568184439629
705,193.18250713137905
706,224.39586396801127
707,173.13686748351
708,75.4076008770117
709,77.01159415139617
710,218.68882026955836
711,271.7437231817522
712,6.596166950538529
713,47.945440249932034
714,6.669368245108527
715,240.83960107750025
716,3.1073386645385765
717,82.83028039527801
718,357.634915367624
719,198.58676874068686
720,4.954148607975304
721,131.90694040831286
722,2.370577743469725
723,6.227057550214374
724,2.480481261643737
725,2.456488017571857
726,105.05930859894374
727,252.72215818559016
728,55.88925530610806
729,58.268352418375265
730,56.9311671125429
731,279.388979990144
732,4.581224122356776
733,6.597452615355573
734,40.26502309684065
735,253.80133928040078
736,54.38691394703092
737,45.28824028334925
738,119.47681008658654
739,322.830181570079
740,142.71012709968818
741,51.522632040294226
742,270.04886514949396
743,137.37440122336596
744,1.7123660528186928
745,284.4080977217492
746,177.57790932874346
747,3.1349949329030498
748,62.820096129495425
749,73.34149211325041
750,204.29242191196752
751,84.63824126448735
752,227.46674363327475
753,1.950760231588926
754,252.64332808348135
755,6.194601598646851
756,5.975212861850011
757,192.190909396249
758,2.324015053087788
759,71.01655467782201
760,8.047964238006838
761,206.24771267998108
762,5.014773963398795
763,2.0984128791876415
764,69.5392115586898
765,4.731900724085398
766,33.50656735554691
767,1.0628680001724051
768,4.95162868691871
769,5.845736979642682
770,1.9757711012224752
771,258.32184050267375
772,70.13861085128855
773,117.08961537122204
774,-12.29174576756722
775,57.42161848290009
776,4.220362463329467
777,234.3978630617135
778,-21.68591696450867
779,156.69410822493944
780,68.71188428196056
781,314.67188680272545
782,3.948789876313004
783,48.916380214383636
784,2.8706320430755707
785,41.3416085323537
786,112.53619781345333
787,5.511087605720388
788,1.8861507718844392
789,185.26561053424246
790,65.89847646705886
791,-5.554158311110433
792,96.50069906161255
793,-62.07674913611969
794,324.06323899017394
795,-45.85353270053855
796,122.35237976518333
797,3.778755770817051
798,64.75430127141885
799,3.482759559784803
800,5.875481164598719
801,211.784351117229
802,71.92430466291493
803,152.04962715073955
804,6.632070895400138
805,2.118756135629799
806,166.07938737718106
807,2.6752472036413693
808,64.75605905018597
809,1.5837206271480808
810,52.51120085523541
811,258.2818610552594
812,110.44466471640669
813,292.24548152142387
814,5.846263677328176
815,4.667769027059226
816,6.894473714041226
817,3.258437598761912
818,19.17600122252113
819,5.412359943987274
820,70.12640516321115
821,5.744485486331866
822,2.0305080888415286
823,46.50513959266331
824,67.11706323201055
825,7.0570984150805955
826,76.96107341049787
827,4.062932854311919
828,6.096340700239327
829,49.663851160637655
830,168.30064216249932
831,114.59827301220798
832,6.049760113454687
833,248.0445365576671
834,201.1519913945452
835,153.943405558345
836,2.323360701606966
837,84.652897444957
838,151.150643430345
839,5.819438403005829
840,196.698802331336
841,136.91566597628915
842,57.96987854181735
843,2.4001943231053704
844,2.9420130463677427
845,5.343944417838268
846,6.387496124414339
847,5.487324422993696
848,168.14932329076768
849,6.071184339741191
850,74.32598044988679
851,14.23945713137878
852,37.76953422300147
853,101.68352269193933
854,52.28367051092012
855,7.059383025864317
856,233.78583239907277
857,102.45980371584494
858,68.59509146167497
859,209.09559381582042
860,2.1312532908568937
861,3.4898649764942062
862,2.9675679333234957
863,110.08291309136911
864,243.66086620808562
865,272.27473988751876
866,200.7281239241387
867,5.470367771643845
868,114.64063124604081
869,151.87571583071053
870,119.44316816799689
871,160.02391268694365
872,141.0686263963063
873,3.152853595081245
874,77.04609504932299
875,6.500988915750636
876,100.03605509397455
877,49.422212247172205
878,161.49933585915596
879,5.462315608022056
880,6.806050077153021
881,163.84346485164963
882,5.743529397414345
883,242.17389060166522
884,5.879618565794309
885,166.63472985259074
886,44.59586967218407
887,2.4536562761378926
888,2.1051817029865885
889,254.04745371309895
890,4.3228296279625695
891,2.8880699449480614
892,51.75603580930334
893,4.987170318839565
894,-18.913289183773262
895,3.539973401791472
896,217.24119820062316
897,2.498418005334617
898,224.7613681630262
899,-56.685572180277234
900,239.74834223234058
901,3.8436423125002737
902,204.00573165408136
903,5.040681462966781
904,122.49899727330346
905,1.945623608634381
906,1.2319121325299
907,202.5283949326853
908,51.896637125089
909,74.44601934826733
910,2.263254108769004
911,6.698001079786819
912,268.67094515842683
913,148.4256241906488
914,273.79695000721256
915,124.59928044733334
916,141.68798457204548
917,-31.89048077518398
918,2.4102180899685064
919,2.6557209171053646
920,387.13936133171353
921,132.05941086217615
922,223.2171125041412
923,2.485787564147958
924,111.10894745105989
925,196.6182299900574
926,52.808056358063745
927,52.32834256403464
928,5.271837462188785
929,9.316110258614572
930,26.31836361862075
931,217.07395019850728
932,182.65357359932452
933,5.242403167889027
934,2.1165019091974493
935,187.69000811873798
936,53.84094008923212
937,3.6168187691427747
938,4.729821748177249
939,87.01602698813264
940,1.3651869375720036
941,5.761859900737173
942,4.914435184127944
943,108.33066895512198
944,4.738725566269535
945,2.0150619106926917
946,64.48960955701162
947,29.06073979944358
948,42.554539003730945
949,239.80656069652727
950,353.95390753524185
951,7.132002608248581
952,-18.69506707302682
953,5.708406495669513
954,267.617461599462
955,207.58039883616647
956,146.89845261887726
957,2.5580583278188365
958,2.996980979899404
959,231.18002948226962
960,45.90699498070869
961,162.62470388544142
962,3.3416104070232864
963,6.562127681518136
964,5.037578048380592
965,6.338790604117213
966,3.281398225262525
967,27.41211827256074
968,170.9159577958203
969,200.3561297877567
970,6.255127005626593
971,366.5436171259367
972,5.2114249990661765
973,112.0049019719239
974,5.399801226546309
975,4.149626555647485
976,5.25648775680293
977,202.08972456474717
978,294.1067314254219
979,2.1499417351001364
980,1.8632003048085268
981,0.7881071582443804
982,56.49787607711404
983,300.66540270980073
984,317.89300513921626
985,264.58807715824395
986,100.4819564749432
987,3.1448050532887977
988,237.2789335055438
989,364.1031288381204
990,77.77854036979032
991,4.2224357520094316
992,312.1112926548102
993,174.93887342181154
994,3.3342045128564504
995,-10.88138167522902
996,24.74565223057005
997,2.0759522482163915
998,36.40384045132537
999,64.62136214263349
1000,-13.56408534234825
1001,293.9347151996452
1002,148.70108203511091
1003,5.483176607933684
1004,1.2471023483906745
1005,1.7781530493716458
1006,3.8500779960119664
1007,152.5587601990649
1008,1.8647007057502765
1009,6.589883906244017
1010,10.074830954506384
1011,263.0958756766148
1012,18.084450810519165
1013,196.43854281724987
1014,52.14446151072198
1015,233.30573002141304
1016,6.556683179541646
1017,5.108205549271128
1018,3.4672777104347947
1019,6.484822113564745
1020,4.572127244266184
1021,124.29515700252765
1022,77.87074415042133
1023,197.9839703841123
1024,185.49029979327204
1025,5.344366363118668
1026,4.21356509375563
1027,4.7454521689716795
1028,93.3660172675942
1029,3.7407072162536674
1030,36.15416739928227
1031,260.97327081084586
1032,3.1236487754326183
1033,2.4096957642531436
1034,247.68905468933582
1035,1.3467826337552034
1036,245.33369638904674
1037,6.754973509131467
1038,48.983601691973305
1039,3.6429393608425227
1040,-32.08309931852664
1041,3.557779720830302
1042,4.394450302101017
1043,3.942259822295623
1044,346.95240362711127
1045,140.44935282964994
1046,33.118426570639315
1047,228.14698538697832
1048,1.8362785417203744
1049,2.609915217877169
1050,6.351240573996742
1051,64.23393868874919
1052,172.53486003711512
1053,251.24198983623654
1054,6.351599404552514
1055,43.331448801335696
1056,30.142465480681356
1057,4.390796919112207
1058,2.836500596642763
1059,3.0105124724182706
1060,79.58818970247098
1061,3.7066027113422453
1062,5.825604671037418
1063,292.2292352298537
1064,238.32816883952972
1065,85.43161854012699
1066,273.0396050224374
1067,263.0172150584125
1068,6.33716131698915
1069,4.282192032829117
1070,319.1073094272976
1071,193.0953495832256
1072,5.453418092575046
1073,3.641741946869557
1074,6.290411673609276
1075,4.894136006943348
1076,293.38246409909755
1077,6.264310212148847
1078,151.69118621895768
1079,2.7914493313655004
1080,2.490437652565355
1081,5.827083657188876
1082,4.159902616313153
1083,3.3990990885163432
1084,6.193708672519648
1085,126.0489500260139
1086,197.97909577431113
1087,62.53102898198363
1088,254.49000078488137
1089,8.456672666528641
1090,158.1657706868188
1091,257.0012539302487
1092,5.846449834406707
1093,4.231297015538566
1094,6.6809098723339915
1095,3.349666387826853
1096,2.5873359907651534
1097,4.919317668370477
1098,82.56700866549173
1099,112.92655946868024
1100,5.905226434198044
1101,4.692502917104928
1102,6.251901668823674
1103,262.2591559689262
1104,4.660645484906557
1105,110.08643302203518
1106,5.449867005257207
1107,6.195932840462332
1108,11.96237254482989
1109,110.50823778165737
1110,77.18359545363313
1111,3.4399985195201843
1112,205.9993958281114
1113,2.6394870205176475
1114,166.17375899313228
1115,65.20877204431699
1116,5.126374128695363
1117,282.38781743789633
1118,288.28348849943785
1119,4.345179132448072
1120,53.34475472652995
1121,-18.550935165890095
1122,245.9806046515503
1123,3.4615785890359003
1124,196.71214675106313
1125,2.6503253937354283
1126,66.73666835229918
1127,5.979883265410196
1128,-46.80375128378623
1129,157.21549791232474
1130,6.369922818823097
1131,45.49724036805642
1132,4.286975421059519
1133,-70.70962808574868
1134,188.6154888199097
1135,201.54012078266783
1136,-53.11457199517051
1137,4.056785058545268
1138,56.95593672338278
1139,109.91325654655591
1140,115.06494359783186
1141,226.8839828573477
1142,135.02112088290923
1143,12.97736265465096
1144,-46.828356671964954
1145,103.87307407857233
1146,53.19260107290853
1147,4.495507836498547
1148,77.46292113986081
1149,40.03190324886896
1150,4.128629809161776
1151,1.3258667939160471
1152,3.7142554503183716
1153,4.315100687843815
1154,32.99963715443451
1155,178.08940340161624
1156,6.675346155556286
1157,74.53410525773427
1158,203.4025923448434
1159,83.89986200900128
1160,74.45248039289092
1161,1.7158906204157065
1162,5.503805871572913
1163,5.506182074534555
1164,4.8770541680319806
1165,208.50088132234248
1166,42.63225813375817
1167,-28.19561481446598
1168,4.930672710766727
1169,156.70701286054697
1170,4.7920523181830905
1171,4.354137618035011
1172,-30.62341104617218
1173,3.8381133945656893
1174,198.439867066023
1175,-52.809903918223974
1176,246.30596500591707
1177,2.3074238795947224
1178,138.84335525024107
1179,2.634723275597932
1180,2.6572940561234137
1181,2.1397277932484515
1182,130.50748916762151
1183,7.531809087621616
1184,3.9088768530868223
1185,279.5022085053713
1186,122.36634976087211
1187,4.485689282560422
1188,2.8524815485306836
1189,126.77320813426296
1190,3.5125794864769437
1191,3.101527414848783
1192,4.990827713003001
1193,179.55931996747216
1194,5.539785108879959
1195,2.203458354923499
1196,265.4445876591272
1197,79.27611483591494
1198,3.1924694544688377
1199,264.58571889413827
1200,50.85350753314265
1201,219.5941548637357
1202,95.89154237655403
1203,3.4026065602752658
1204,177.29592552132775
1205,1.8074130733625071
1206,161.3455664753623
1207,124.02892719153985
1208,215.6235009427455
1209,244.54366031825793
1210,208.53077230474517
1211,219.3700626950736
1212,6.142461863820536
1213,3.791649764560224
1214,205.46051954320433
1215,118.43981301496656
1216,233.85873971044708
1217,181.76555867747328
1218,-39.29804680538521
1219,6.06029525187331
1220,5.815862927417041
1221,259.33371337283324
1222,6.071173035148683
1223,2.521712512523111
1224,2.609152804278204
1225,127.918015444306
1226,1.3501157009875033
1227,4.628884369161156
1228,2.4227112253461547
1229,35.63668555316159
1230,117.45091693449416
1231,232.65568503239842
1232,1.8465712212840941
1233,-36.77934066389071
1234,3.081902667511037
1235,21.46654822328798
1236,261.54046347857866
1237,4.100547414874533
1238,2.544102680231624
1239,1.6185172544418043
1240,36.88214590892038
1241,2.126355341231221
1242,4.337372831596213
1243,5.481197339375662
1244,158.8129879220544
1245,3.8746640440002924
1246,264.4153469746774
1247,5.427040412107036
1248,123.0651137988857
1249,146.6977717454883
1250,7.4137203166406795
1251,40.58370132047466
1252,5.747365650570527
1253,4.142206500363935
1254,4.563218805232257
1255,55.22068001542634
1256,75.79956619650832
1257,137.5307168455394
1258,274.8209623532406
1259,43.522130912834754
1260,264.64485154435823
1261,5.78567136842755
1262,5.356656052091189
1263,201.10571338885367
1264,2.1155224831938773
1265,53.950658550031676
1266,129.48683411297077
1267,2.4483942769564084
1268,6.449835485870116
1269,273.5319088272708
1270,-53.90206361398041
1271,226.76343956362237
1272,52.808056358063745
1273,31.206774969024174
1274,222.38759560054712
1275,182.8316146566556
1276,42.04236280289496
1277,4.327511358808182
1278,1.8071299948082908
1279,3.9880199413283606
1280,-62.23157510354404
1281,3.4085212990417197
1282,69.56084979941087
1283,160.34070421990867
1284,2.843069809147102
1285,-54.19150970927977
1286,2.4086676100879023
1287,55.18616168756564
1288,144.76782517774234
1289,4.412778895272245
1290,214.50349643704777
1291,3.2419366177284483
1292,51.237630751073425
1293,106.64276905605028
1294,261.33965629813736
1295,172.69097069458175
1296,6.505119296809555
1297,63.68237882832459
1298,-3.5807675179881255
1299,5.454696293717394
1300,174.2322413289892
1301,237.67782420791735
1302,209.12732448106237
1303,6.132575310263105
1304,3.7100007036832547
1305,5.109191888092786
1306,62.22657958842151
1307,142.34215950944258
1308,1.8745762386202853
1309,4.942833846094427
1310,344.8948257402018
1311,2.639457561422317
1312,6.667715534020967
1313,36.047009978648155
1314,219.9525255102111
1315,170.1069563119924
1316,262.5473800688795
1317,62.29227619535787
1318,2.0780670093150633
1319,211.05453676471558
1320,243.06960333212976
1321,13.236001725141453
1322,52.433094816967966
1323,260.2350684817519
1324,236.2863960710401
1325,43.985099687580984
1326,62.12701048150997
1327,249.0943000497117
1328,2.983212614358777
1329,6.042730015481464
1330,124.9344259329558
1331,-19.24423278436761
1332,296.3685520412388
1333,1.291603965672055
1334,346.7789977267688
1335,1.8478828442211261
1336,105.27374226479513
1337,34.22092453026461
1338,239.4589056665388
1339,6.609249187522762
1340,188.9261349381798
1341,241.37800788652223
1342,181.06332675124224
1343,46.72139798178631
1344,118.08243954329028
1345,3.2067195316050006
1346,67.1590477820888
1347,91.29959705828625
1348,2.877357958535211
1349,200.20007129491785
1350,56.635169247257224
1351,231.87439517323966
1352,2.566967419859501
1353,18.33579368928897
1354,4.999944741402223
1355,5.990962378512958
1356,3.528496068026975
1357,7.060764748389221
1358,6.71071693636852
1359,1.6536175331174252
1360,301.42968687034374
1361,4.748908586919214
1362,6.458395449574324
1363,66.42435180418857
1364,3.432540580627757
1365,5.875219616988743
1366,6.623513426807764
1367,5.8730559599905074
1368,8.395216255080417
1369,182.6913352228972
1370,279.939325450841
1371,219.7634641500329
1372,31.083503336142527
1373,3.7370170794126705
1374,193.26366056677452
1375,154.95800802210272
1376,5.404117617153812
1377,4.91319979409494
1378,108.64786474771064
1379,102.63401698145965
1380,82.5888362501444
1381,242.28339782513876
1382,82.20134428912414
1383,60.72024311636074
1384,-9.685948129856646
1385,164.93835155856252
1386,2.5381142398397194
1387,71.11575728550181
1388,1.6412882171038965
1389,218.10319955860464
1390,167.50330484335387
1391,105.42361045111929
1392,46.09359491997193
1393,267.50889279500996
1394,-13.783451737973186
1395,32.00426464622633
1396,173.82238176459308
1397,5.417903545423448
1398,190.63357274378012
1399,1.527784371542894
1400,65.80298563932155
1401,320.9103775455575
1402,59.1287740354676
1403,296.08354122677576
1404,94.68812070790646
1405,117.95536478766111
1406,1.9789972121479096
1407,124.14947278516026
1408,7.720532223746823
1409,3.6532791412085346
1410,237.14470211610518
1411,254.69511435346556
1412,-30.167688206009252
1413,125.603275492759
1414,250.5091400482737
1415,2.036209182310348
1416,2.531664040034747
1417,4.266634812121071
1418,315.2099939403706
1419,156.7391087932503
1420,4.691541745916448
1421,36.99172095243108
1422,6.659284295367944
1423,3.2138870424007866
1424,5.594114160093925
1425,2.341075260211593
1426,-22.496295394976066
1427,3.750058667646286
1428,4.756122036210161
1429,4.1575305547284085
1430,4.313481358467746
1431,6.528861970693181
1432,213.713074063543
1433,2.7714963516729565
1434,5.400004635752778
1435,4.637437677563597
1436,-54.389725612069626
1437,183.6551105502959
1438,120.1417597834442
1439,6.342138054822454
1440,2.526209124648467
1441,111.8020228420007
1442,192.03668613945936
1443,41.681381570793015
1444,5.823355047478729
1445,55.6679095009975
1446,274.20595795841416
1447,243.31083033973528
1448,-45.09942338649104
1449,5.874199799769361
1450,281.18218438568954
1451,148.08375689665573
1452,5.1081396437037405
1453,5.731713815359583
1454,180.75556959995652
1455,70.00901517188956
1456,-5.6674725304434554
1457,7.7999051378693425
1458,4.81818988487421
1459,301.7327667150844
1460,345.2171741785238
1461,195.23470002803577
1462,-6.559564516447824
1463,72.27054653935231
1464,5.846263677328176
1465,3.176497162541252
1466,238.4971499313337
1467,5.8307817801379755
1468,5.317709122076073
1469,30.958862017429666
1470,3.8072341637754095
1471,47.0220778641304
1472,6.736395908789128
1473,2.2405382630340664
1474,236.34848078378104
1475,99.96709984277139
1476,6.692668494435548
1477,2.5908308544294822
1478,120.50082107553726
1479,5.157572278023209
1480,106.54266318297068
1481,5.8285864423348
1482,177.36031289544331
1483,6.180207781095815
1484,248.05762888477705
1485,177.62460524593217
1486,7.320904305709295
1487,3.482971209118381
1488,54.814493811336774
1489,-11.16442188296256
1490,85.2957187442837
1491,3.3773264712383932
1492,2.0165524100811676
1493,7.2810278010658545
1494,5.420093443609081
1495,31.7057848794629
1496,7.345064704064776
1497,64.66318535142604
1498,6.045028653663259
1499,83.51867838179638
1500,7.285847906205872
1501,5.769397400293936
1502,103.04530184949233
1503,5.710386276091459
1504,2.09927892429495
1505,4.774714629847992
1506,177.25276737305265
1507,37.62018358094247
1508,102.2113068462049
1509,62.01332404059073
1510,3.219676760871466
1511,-16.233678178964418
1512,63.29540183076348
1513,5.161826880850354
1514,261.01614982313544
1515,34.643979483466474
1516,2.902839479391358
1517,346.7528301867918
1518,4.409445269018105
1519,250.87362355976597
1520,5.15209005605971
1521,46.28057524759881
1522,4.96868681650021
1523,2.9748485830688915
1524,135.4245999048502
1525,-32.89996852346965
1526,2.5588548944061325
1527,5.842659645874411
1528,3.3322005983852856
1529,214.54701156924187
1530,283.1469791372965
1531,3.4602331490318017
1532,5.971604009109005
1533,3.3855556337010455
1534,-7.82487139661202
1535,83.03391056754174
1536,5.879547055228102
1537,2.5890950258573233
1538,288.46259667649895
1539,160.6260060286034
1540,2.212662056457566
1541,118.07573495826857
1542,3.24834260615402
1543,31.552475748075274
1544,7.854339223413332
1545,3.562639704071843
1546,4.528474134199335
1547,-32.29293515378207
1548,201.65639411547684
1549,45.928372041858466
1550,3.8665952651007354
1551,2.329494725255186
1552,238.8228937553957
1553,6.576819733365045
1554,275.9948405034951
1555,118.36702050446834
1556,4.127491111748333
1557,21.7359582874311
1558,3.7056194816503636
1559,245.41397955229326
1560,176.80490657494596
1561,194.3805783124065
1562,243.79446654678046
1563,91.69820727434634
1564,3.178374588056693
1565,113.16658944528035
1566,3.9358588363174003
1567,15.179035317264216
1568,108.0097921320656
1569,20.56686237488934
1570,279.7348830714962
1571,3.222191469530956
1572,74.71654784664946
1573,2.1053052587702883
1574,4.470597749455983
1575,5.843661090235781
1576,4.152909458448592
1577,5.6140864545326234
1578,81.97591655064511
1579,5.166169131050504
1580,167.73360377131655
1581,274.7332051300508
1582,6.72791395574613
1583,293.48389122988755
1584,308.92707405968747
1585,6.1403631100664136
1586,5.089417878920468
1587,62.62588233978482
1588,291.58062750791487
1589,7.07453486098393
1590,5.937093996639462
1591,177.0243568308744
1592,7.1619791165595785
1593,123.87436338105307
1594,144.73898499250814
1595,112.71189194607868
1596,5.7351922367777695
1597,63.12965124069275
1598,6.214394168631563
1599,4.1107560886673875
1600,4.464417172452173
1601,2.5195794794504613
1602,5.900336205953484
1603,269.81292599745734
1604,57.05816844499121
1605,130.26867249008484
1606,264.00005275490525
1607,3.4667614454125597
1608,3.3523710476204442
1609,6.815403540517353
1610,4.09236591458095
1611,202.35552063899357
1612,88.25830872584945
1613,2.3401219371508764
1614,282.2998517668806
1615,5.730067972372758
1616,4.1459315695635794
1617,183.99076329849183
1618,237.71682070009805
1619,17.18601443804232
1620,81.93908494564621
1621,2.480976608581561
1622,2.9209012621934027
1623,2.7956978790861746
1624,249.93287095780698
1625,72.53321304794548
1626,1.6488179225927628
1627,49.044119407956195
1628,3.74616811892583
1629,204.01589782449452
1630,120.30822239742078
1631,2.8586784105858505
1632,292.32650354206373
1633,5.111315276898997
1634,13.483751660270382
1635,3.3828383111442606
1636,4.956791002893855
1637,6.733358465498039
1638,214.0816919601989
1639,55.828687586840545
1640,4.6193474487625625
1641,315.36309829453575
1642,142.61778091157848
1643,197.90251243568335
1644,127.08728398529965
1645,177.1861246136668
1646,6.19195540369138
1647,6.553081891555444
1648,28.695670200439775
1649,4.342805897241867
1650,90.72739845966944
1651,6.654898747801514
1652,6.760494164649585
1653,220.70594034850768
1654,6.596153579492754
1655,294.68094776540136
1656,63.78042211796007
1657,1.3161560907648917
1658,296.0079653006919
1659,2.1962011327544744
1660,-29.791802622418068
1661,7.083569319632284
1662,189.49480145951776
1663,5.87667052108058
1664,130.01266610512957
1665,1.0554149487491398
1666,74.94955509347331
1667,-62.41598369072
1668,240.78062881559018
1669,59.18570912647783
1670,2.0094882652880885
1671,2.45093252373756
1672,5.3824670653094255
1673,4.436346572457246
1674,144.79754809231338
1675,2.173789268283729
1676,-58.60723331477473
1677,33.862768090700584
1678,6.621072165720955
1679,242.44912121656736
1680,99.51011575979408
1681,1.4521144546011189
1682,3.2095151339631034
1683,79.54307000200643
1684,23.278453625812894
1685,6.714337600438503
1686,137.51338348716263
1687,7.415805815848173
1688,181.5635666713177
1689,274.7962806888056
1690,3.2065858647206165
1691,3.659617428677417
1692,4.181482788890141
1693,2.4578494790251524
1694,54.555721181270265
1695,238.3113047325894
1696,130.44267813654005
1697,2.140818122434402
1698,223.39366848596273
1699,189.75130180571168
1700,121.34873693316331
1701,284.40872888101813
1702,-56.32762475044192
1703,5.6036117871792035
1704,5.49420879932775
1705,2.8829523592564374
1706,88.94536643072291
1707,4.991452533039149
1708,66.52349748241389
1709,133.14226404891974
1710,6.354173672670696
1711,69.80168517154326
1712,1.8715649194458934
1713,5.845434925813276
1714,-54.68781651254066
1715,5.086950116858889
1716,2.3197071982484747
1717,29.644955342458275
1718,117.71039938032355
1719,26.416024265676725
1720,6.211943768523574
1721,240.85439151186347
1722,3.3373085616409317
1723,128.932883830421
1724,126.19377934502992
1725,3.5739318684440198
1726,4.071170438297995
1727,265.11598111353345
1728,4.201950856837824
1729,3.655069649473627
1730,53.91089679240005
1731,222.74405322796332
1732,4.805302952126506
1733,375.10932138549936
1734,272.76579881648024
1735,180.79848935142826
1736,3.3092708025196678
1737,307.0321598759351
1738,285.83842565926875
1739,212.67385353134412
1740,93.61465134126385
1741,114.27752247660342
1742,237.6598484723361
1743,5.328727193708463
1744,117.34296727615421
1745,37.997216069964644
1746,3.507445255817398
1747,7.5169848189900055
1748,227.1438565920296
1749,3.609564999921555
1750,112.05880272269268
1751,35.071879840327064
1752,7.064025167449784
1753,5.970203289788067
1754,278.2399126860418
1755,229.700471101911
1756,1.8849521939485334
1757,216.95412682384062
1758,339.5823913950713
1759,5.0218878398503755
1760,312.97058638838473
1761,251.34527090996374
1762,20.682312861256403
1763,46.494657445253104
1764,8.455935199615103
1765,4.936432898113489
1766,222.3960162150024
1767,189.76095175729236
1768,5.800727440047514
1769,57.90951290862522
1770,76.2794176278193
1771,2.5371719519534377
1772,233.18348348572098
1773,278.7688499198047
1774,6.460629553860706
1775,282.94048618180295
1776,2.616456001706136
1777,-11.93132751112604
1778,-15.455969550259086
1779,-37.82613473270496
1780,105.5803616079904
1781,5.713523645281637
1782,189.88524491563004
1783,239.6430613250565
1784,3.9769869538173794
1785,56.056576210262165
1786,2.7679584076716397
1787,71.40002279038413
1788,5.225885685750925
1789,2.562459498616206
1790,25.228756454290167
1791,3.81774406577384
1792,2.8092771397274436
1793,2.0473350495315668
1794,176.96533540162335
1795,187.10275923450433
1796,272.2130536547888
1797,142.6341870530017
1798,6.608400029858434
1799,236.62297588403982
1800,118.72613014665733
1801,5.082956895780587
1802,2.24733908276713
1803,126.07010978763358
1804,4.046256921930067
1805,175.39184215459255
1806,5.707146624783618
1807,285.04011702744083
1808,176.44731228890515
1809,60.26275662642885
1810,4.350718682603312
1811,2.6855871007250762
1812,32.30482388362072
1813,3.659317758618263
1814,151.59443964122514
1815,252.1838556989715
1816,5.691458042083267
1817,109.85138897217021
1818,64.13706798854375
1819,234.18300958773762
1820,6.396149747231053
1821,3.2180075315904952
1822,270.1659936391486
1823,-0.4919211474948373
1824,79.00858008023286
1825,2.3071703517754365
1826,6.066775450552399
1827,4.226461413265503
1828,2.0899100195776237
1829,196.64174833874182
1830,230.58777507037217
1831,6.767463370327288
1832,53.39722854596174
1833,3.2603198111988947
1834,4.022166829229724
1835,109.47703968050614
1836,6.322605610760372
1837,5.961231765108282
1838,5.876670506875483
1839,114.9193920125273
1840,-21.443406249162983
1841,-76.308077180561
1842,247.2175405673046
1843,178.45571625974492
1844,250.5091400482737
1845,156.07917013288946
1846,53.98303378234212
1847,266.077595800027
1848,119.31742690460584
1849,3.96599200788751
1850,5.520638703324796
1851,-68.50934819035989
1852,6.506818738056489
1853,76.23952401132797
1854,69.84252801485228
1855,5.294509359233916
1856,192.7563256107283
1857,2.23102245712839
1858,5.004672998642014
1859,6.37520454752309
1860,5.748511094163302
1861,146.0733024848025
1862,6.225158555958037
1863,105.35445987872028
1864,70.79188877050598
1865,214.9341917691951
1866,109.33924365426701
1867,85.12680795685091
1868,272.49266909779755
1869,147.68078515213625
1870,3.461160964912156
1871,247.33700286640934
1872,34.5302086410396
1873,2.8224128036632354
1874,24.45599816903267
1875,72.18533905675854
1876,3.26256950824068
1877,2.5938058397948853
1878,59.335945152394345
1879,65.70912099657943
1880,264.4777805523673
1881,5.972025689109083
1882,105.64715637195042
1883,6.652997216338402
1884,82.35182631218844
1885,289.0437363719601
1886,258.59929144639244
1887,3.292773226717962
1888,200.25338180564262
1889,229.55659442211797
1890,2.5479610167749436
1891,247.57832746810524
1892,213.06379311025447
1893,4.3275732063662655
1894,2.011184826953247
1895,9.494583536261207
1896,5.889250475991773
1897,63.43994623604674
1898,-49.54040583889246
1899,3.066607362098452
1900,5.850785064856725
1901,277.0763390612419
1902,231.55898153422197
1903,-57.763592791852986
1904,87.45888479215301
1905,66.05288761948376
1906,174.96583243367277
1907,6.728012722356447
1908,5.936454705004172
1909,114.11115303033307
1910,5.858756414103615
1911,4.916115095526524
1912,3.96309157535301
1913,75.56523001977195
1914,-19.006866069629524
1915,7.200448000043152
1916,1.2158664959499792
1917,2.9463045894108744
1918,152.62885827914425
1919,4.782773452784588
1920,4.662075112462028
1921,67.3364685787688
1922,2.9842423006292558
1923,6.389977925182785
1924,2.6554720326190564
1925,3.9358385231073445
1926,84.05499271652197
1927,144.4366376614225
1928,3.9563582456367636
1929,48.916380214383636
1930,2.9814230988110753
1931,5.945490771862579
1932,4.8254293572819265
1933,2.9637377168609493
1934,256.1297912151526
1935,6.331960023271169
1936,4.832884832156468
1937,51.12402285798113
1938,-26.728861121600474
1939,2.9401764113588293
1940,254.16361961958154
1941,3.344454599511592
1942,227.5298943225631
1943,3.906288360056023
1944,228.1305136249734
1945,288.14883853401034
1946,5.884173786267741
1947,103.7015394524926
1948,5.840981044246541
1949,21.30520332338853
1950,23.949730299141454
1951,2.56965945687592
1952,42.88585874787533
1953,401.95876458100423
1954,2.737980126016972
1955,95.1653032942591
1956,1.9945376890539221
1957,125.61568861686777
1958,4.186901648411893
1959,170.89357920271001
1960,58.87986257768631
1961,1.0738014151707254
1962,4.113638726020186
1963,3.2486545360484422
1964,4.953378681253689
1965,92.84981760705566
1966,3.1720940144591654
1967,4.900519522601733
1968,272.7372725456855
1969,60.79137462778656
1970,5.675705690102489
1971,2.068456771798605
1972,98.9686663662172
1973,-30.02873052947872
1974,2.663952229497726
1975,3.017546939386394
1976,319.90922174056806
1977,1.6619840574792055
1978,223.62618211571322
1979,85.90082230980839
1980,268.93584349355984
1981,189.41389223026096
1982,111.04117176556026
1983,65.58838010765949
1984,8.525784041690457
1985,4.759704843320035
1986,3.874901341478414
1987,6.273813357827928
1988,1.349786694448237
1989,5.68660514921578
1990,4.888773863721472
1991,41.43102233444574
1992,4.40261635603901
1993,28.758328771264953
1994,1.9395123269490202
1995,104.11097388719527
1996,3.7705097465508084
1997,2.608641594085064
1998,5.254760073139169
1999,312.5946320186563
2000,5.875219616988743
2001,279.1780718814847
2002,-49.66575700642567
2003,6.734065263894797
2004,338.1929613141912
2005,51.68816112694192
2006,4.786700497644965
2007,47.336931509123374
2008,219.04940605215546
2009,142.40166425162352
2010,291.7662289099393
2011,6.464826995401305
2012,184.16735283305024
2013,-32.333005627594964
2014,277.94721582094695
2015,203.03876482983338
2016,42.07581127708748
2017,2.75957903323917
2018,61.13791166846437
2019,77.84832964142814
2020,6.741177468759435
2021,4.5352090261716125
2022,185.25470526214406
2023,104.40828284787528
2024,2.824467478174037
2025,4.079650047802788
2026,82.48154859762793
2027,5.8661494572533055
2028,6.295941512110216
2029,45.66311251931189
2030,300.1835321383086
2031,87.5296244156038
2032,283.9038085162212
2033,233.33738709132842
2034,2.640830672330485
2035,51.33563956215867
2036,192.1950090083972
2037,5.196462631660797
2038,3.3937769740668253
2039,2.862061541689391
2040,130.8626866156458
2041,226.10441085930688
2042,4.214993478115157
2043,186.58930786654187
2044,2.728813625326134
2045,81.77358762938614
2046,283.14940691514175
2047,5.11073466175179
2048,-43.79009278643436
2049,1.7249507807315734
2050,350.93030845541386
2051,3.790669135968269
2052,3.1312650009785945
2053,238.22391552940658
2054,4.388106470012701
2055,3.692118832487746
2056,-40.365676941330854
2057,180.95609864608312
2058,-15.091166477321632
2059,5.016018639585785
2060,29.982041049731762
2061,2.3019306219073226
2062,200.8463441406378
2063,3.6280010622545036
2064,3.3945189519023593
2065,3.6955999540899818
2066,1.9285193932683513
2067,6.200652595281792
2068,3.2414382545233345
2069,1.633424435003577
2070,282.5330678380855
2071,291.58062750791487
2072,4.579019513865796
2073,202.7822884848237
2074,382.10085062534324
2075,246.97668064282618
2076,3.6564652268201896
2077,2.808465244897683
2078,4.174495713699962
2079,4.075974094696171
2080,2.558991899775139
2081,3.198989850884107
2082,5.574900594811926
2083,40.81411752611528
2084,2.655268664334837
2085,5.072388818191336
2086,115.51617009545473
2087,103.15188256903804
2088,9.63807040392366
2089,71.0859252195484
2090,249.4143608906827
2091,182.92697785146592
2092,-95.62826424218954
2093,5.261290143031301
2094,3.6686746098087957
2095,105.90846130332386
2096,53.54788608871161
2097,107.56844728770999
2098,5.709843371566994
2099,-43.3376233791655
2100,16.597163979885742
2101,5.79499410600164
2102,6.644207628532975
2103,76.14468794159342
2104,64.41019404552361
2105,51.33304079385956
2106,313.9625003628519
2107,7.37718887666366
2108,6.953097084998685
2109,5.871754604698823
2110,230.4290053556344
2111,3.6689974450224305
2112,37.41080113139123
2113,79.75322877158024
2114,2.476735835286127
2115,41.81997096163834
2116,3.6861260601003085
2117,3.496873022151206
2118,3.638777828714069
2119,111.43249597956537
2120,4.218361106179255
2121,194.94751242769996
2122,232.20061565032256
2123,2.9248550962692597
2124,1.6401067527485311
2125,4.7449217686142635
2126,6.038059348183843
2127,54.353734688872734
2128,200.11534078049067
2129,1.8021164407762496
2130,2.406734247787855
2131,5.379146395852313
2132,6.022028668767036
2133,221.43736915984104
2134,48.673092030684494
2135,222.16534053992012
2136,25.866732918849458
2137,239.1916883956585
2138,3.290395097955938
2139,63.01407160730241
2140,48.251729257229925
2141,51.46241831172986
2142,5.604561371828791
2143,1.9748016796373546
2144,164.85830532760588
2145,35.14899911076625
2146,4.273303408584285
2147,4.422228199044808
2148,68.01485291804671
2149,-64.86685129425112
2150,12.353056725754795
2151,64.1965918965799
2152,4.900636627973019
2153,3.145023441976499
2154,2.134527955893139
2155,2.381075519556182
2156,5.876670506875483
2157,115.64874083273682
2158,3.9459970077715187
2159,329.5897921322718
2160,228.9507577962753
2161,289.2479242600973
2162,1.8584925564280448
2163,297.62524426437807
2164,6.351689776558666
2165,2.9673074153692225
2166,2.3315561414906774
2167,30.16349444515802
2168,303.93159169178796
2169,2.148708993748419
2170,2.3088333342876908
2171,139.2980558070581
2172,5.3982883763963745
2173,250.2890202378607
2174,255.7059549192847
2175,1.2542978485723426
2176,4.851161756753605
2177,-42.79884737201671
2178,4.195517334806915
2179,71.88999387570232
2180,280.8523210575071
2181,2.2945539704995985
2182,177.94454095026344
2183,176.22152680855396
2184,5.874199799769361
2185,2.1040471215812477
2186,2.758527245683862
2187,4.7332166971331695
2188,241.9369681258612
2189,248.01758754383636
2190,70.3918709325849
2191,2.648378222223304
2192,3.0485957749227772
2193,139.72561045848073
2194,3.3076015085984665
2195,4.964491647695996
2196,6.6365317656104335
2197,1.9417120862324397
2198,4.201524204732957
2199,3.372591446319662
2200,1.7526238063072963
2201,4.12879158205949
2202,76.74924086266097
2203,2.6360605335060803
2204,1.971790447279898
2205,105.51805536267118
2206,5.351731826660964
2207,173.68610303782532
2208,4.6629700755962755
2209,12.200015037175106
2210,240.46045369402896
2211,1.7329779983602618
2212,4.7921577425226864
2213,6.562681744018665
2214,100.71351801539717
2215,36.41505799020524
2216,114.79505671580961
2217,4.838805889759081
2218,43.059735047685265
2219,2.6464269772288223
2220,5.438855569093856
2221,3.7469835171597716
2222,-36.22880247977581
2223,204.74404666527357
2224,-49.580502064363486
2225,165.20331539997116
2226,-31.66661626384921
2227,62.28385056303881
2228,113.13826451770792
2229,199.35052121108018
2230,3.2064826245848166
2231,5.357738252092847
2232,4.6284927061088785
2233,261.530338482792
2234,204.6413658083375
2235,228.12937571968453
2236,3.5334612871333193
2237,3.713951629445764
2238,254.3000958809442
2239,95.69077181886182
2240,237.694311983852
2241,2.2712282779069213
2242,221.76048620721326
2243,6.269316141041955
2244,99.69752498233191
2245,232.75087466912748
2246,125.50566883117651
2247,247.3400689980698
2248,6.214005124162708
2249,287.35381698288586
2250,137.8849023731566
2251,5.1734533681561805
2252,247.51631574058788
2253,6.203839062167739
2254,166.56085970808056
2255,-90.92071533031265
2256,42.4524155670747
2257,1.7696003557603728
2258,2.96289094525103
2259,75.38602582713943
2260,6.310748650968385
2261,95.5226756105761
2262,2.2309716361627157
2263,64.16011576894937
2264,-12.854286771732752
2265,52.283756228972614
2266,2.3937888785722516
2267,2.845839224622933
2268,5.568972258491534
2269,4.140818091327198
2270,8.466872743419954
2271,180.52904270442468
2272,47.4185924608674
2273,3.527932569649759
2274,6.21907988819359
2275,6.545811447566356
2276,4.759149149212621
2277,2.820229574724511
2278,1.395123540586684
2279,6.002807613902416
2280,2.803311047615064
2281,191.7699333904369
2282,2.3008081145389947
2283,4.0517713086576865
2284,229.29000743046774
2285,3.1974579517196684
2286,-16.567079585504302
2287,5.51514209376791
2288,2.9983417457869854
2289,6.403754516708659
2290,-21.0714753233427
2291,55.5436861128606
2292,4.89957513527964
2293,1.9707287456602547
2294,7.9516001001073775
2295,2.4292717905344867
2296,4.836069092371815
2297,139.59941024192892
2298,-39.28005913404631
2299,24.691545635884694
2300,3.648392735843741
2301,5.55559380327615
2302,-94.9876125918383
2303,171.9979345350588
2304,5.545282251266406
2305,40.85255610895205
2306,272.87028302251025
2307,31.09905165778025
2308,56.38309580574405
2309,5.8091444608964355
2310,174.06801007509432
2311,-51.88439138046307
2312,74.45929091531548
2313,4.166706011160795
2314,4.848634984907614
2315,203.96166735185375
2316,7.191891122916344
2317,3.6660412525685224
2318,247.67726568250848
2319,6.472516932538325
2320,120.58690912264184
2321,3.183722959937754
2322,228.32782724674752
2323,174.80639605848367
2324,2.010671855371643
2325,30.829337942962894
2326,3.307693605860525
2327,95.10734891817464
2328,3.8877460808928808
2329,351.19876650003334
2330,179.37896763647458
2331,0.9748832087582582
2332,280.3805094465446
2333,-19.861770735422713
2334,10.866530438065478
2335,5.530074343219186
2336,44.0455160516296
2337,145.30728162727624
2338,197.01399614012803
2339,31.355702153602834
2340,41.15579726335012
2341,123.09098066265727
2342,2.3894548629605055
2343,6.143387641900423
2344,245.06447797201304
2345,5.92449511781635
2346,96.29779336357059
2347,149.20275644135458
2348,1.8412307105168355
2349,270.2184659112064
2350,56.321059766865666
2351,4.991941608299489
2352,4.970820445104229
2353,1.7384580781779502
2354,-26.05602707424867
2355,134.64510750949566
2356,3.8349788556695428
2357,104.16937012985781
2358,6.297324479372913
2359,6.737597789988
2360,4.610579604353635
2361,5.695346294607429
2362,245.17109876247116
2363,4.594313494541078
2364,219.93881028335406
2365,101.56614853795719
2366,36.94344769358062
2367,46.575157791562674
2368,-59.23668411549667
2369,4.399569656844905
2370,232.7960905448794
2371,33.02598345246171
2372,67.6041056338026
2373,1.9733321720812795
2374,-58.85192614935384
2375,2.1137808963097555
2376,137.65931302683498
2377,106.28217991116279
2378,5.541545110799426
2379,6.52088179943604
2380,35.72191321516806
2381,135.56826888971398
2382,169.36465849306586
2383,50.716543253659154
2384,3.3394467428496224
2385,255.33748825716276
2386,5.846263677328176
2387,20.824606384393068
2388,263.02440267704003
2389,74.07973489656244
2390,1.9740163148254828
2391,115.07523861376028
2392,20.995152965722028
2393,55.8568408329463
2394,137.46603894699237
2395,5.858997877029529
2396,2.5623993915989587
2397,292.946943823176
2398,278.9737751968449
2399,4.575013168940913
2400,191.30469363081534
2401,69.63375658375736
2402,212.40500495767262
2403,6.302667879523275
2404,1.9727490403054104
2405,5.186128137999335
2406,2.572031575339151
2407,78.67516781836025
2408,252.64704169399494
2409,172.838991503483
2410,4.209126951180799
2411,6.5857061863667345
2412,311.4881830024094
2413,-6.386606179155141
2414,3.9384670854624244
2415,65.60921393799693
2416,258.89784885737356
2417,24.383760378210717
2418,3.099995775677527
2419,4.071057598262224
2420,1.7993351878629227
2421,8.039263407851648
2422,204.40865993308438
2423,2.551241063191009
2424,189.14315672581913
2425,6.1403661928323
2426,-5.696818097271169
2427,166.5097565395784
2428,24.651948734958495
2429,3.4595994570215085
2430,5.932661634959762
2431,2.555062987094805
2432,312.04713940829157
2433,264.5934190134194
2434,4.480748914099546
2435,58.025743564964415
2436,231.6336592744595
2437,-63.80539421213774
2438,5.759576051788505
2439,7.307241659043614
2440,183.24847383079862
2441,6.364224605741209
2442,5.879060566412589
2443,4.884841112806338
2444,-80.24128648912935
2445,6.514603519466303
2446,5.510892552634472
2447,240.84196349898895
2448,6.754289705300562
2449,6.261724088028218
2450,20.13784069203531
2451,2.7886310863059496
2452,4.083505979233025
2453,39.70587081661261
2454,289.44309327706503
2455,122.11795451485243
2456,3.193159020351416
2457,255.5762091398465
2458,5.878566926589605
2459,2.3629741753582083
2460,5.84559805051926
2461,65.23384503890973
2462,56.41255953649082
2463,6.26335263001365
2464,-67.04571680670202
2465,23.051926818971396
2466,197.52130243915207
2467,153.48793063238895
2468,272.54174151075927
2469,265.03094431908187
2470,5.797737506792461
2471,120.74050408308275
2472,2.7046403856036574
2473,23.71309131574683
2474,191.70348939707804
2475,6.647196514028335
2476,106.58279145669047
2477,144.24022540117394
2478,189.9319311829555
2479,5.227736275632131
2480,52.13686221758374
2481,55.771424660502404
2482,2.2618465852695517
2483,5.082153233098496
2484,122.82587540848807
2485,123.93041940131971
2486,6.731423894716624
2487,5.363149098359132
2488,-34.74544259718606
2489,172.4733963362802
2490,5.64758493174448
2491,139.67360833604488
2492,51.792749444668075
2493,67.63038959618676
2494,5.806338518879049
2495,5.55306869161743
2496,92.03697516691128
2497,71.70005232966847
2498,1.851645962431009
2499,6.731861443492944
2500,1.8990803564584864
2501,75.93333191179333
2502,263.42018968539605
2503,87.7991466933744
2504,351.34428610016045
2505,3.185316338030569
2506,4.763646562755239
2507,274.8316847547841
2508,198.78407239063688
2509,78.00216348331793
2510,6.603306669957564
2511,216.20919032324605
2512,73.68395563946396
2513,142.7346220992793
2514,221.93056461687945
2515,301.07531486426825
2516,1.9933947695794485
2517,2.201960776962553
2518,290.94749704963886
2519,4.538075501078715
2520,76.05950005710204
2521,108.14944362711326
2522,1.5603587160002927
2523,5.280125922458623
2524,4.85707195885849
2525,281.74644044853227
2526,3.398496201993767
2527,3.7445080437054763
2528,234.17008168651031
2529,125.69815710551308
2530,229.97511287611837
2531,276.57602338283544
2532,77.5352153171598
2533,1.8427049182408635
2534,6.074491454517827
2535,5.875219602783646
2536,3.8033908811010075
2537,6.422740417348866
2538,5.945286645599998
2539,172.91935316298697
2540,2.2266074533219946
2541,-1.0084368519737579
2542,12.47526661373197
2543,5.601495629293627
2544,171.40332036465333
2545,2.4319375063380506
2546,287.9192951982851
2547,21.257321829714858
2548,17.356135757138095
2549,179.86758444586013
2550,110.05164019901201
2551,-40.472244010626696
2552,2.0035054116576707
2553,282.49188270231116
2554,2.333088584611073
2555,65.23696770661768
2556,126.78950545245101
2557,4.574334304037542
2558,23.620274117840353
2559,6.421753670378406
2560,222.91188000192741
2561,2.402722848371596
2562,216.9420435969516
2563,242.02213306948724
2564,267.97815496150537
2565,4.8037114321297505
2566,4.586347921825865
2567,269.46308719089285
2568,39.7164368755606
2569,73.97789219020277
2570,3.654551123361901
2571,93.19739410901518
2572,-58.15370241428406
2573,188.85602384530665
2574,3.0936540105815573
2575,4.830664255618294
2576,3.5774356860697414
2577,6.5203164358032595
2578,34.99481524092818
2579,6.008560281848409
2580,5.1890233285514995
2581,3.0159558513899984
2582,-21.100634116498522
2583,1.9782365780057811
2584,6.8318434858264565
2585,47.54416905367774
2586,4.909189359133289
2587,210.54847135889892
2588,220.199881074801
2589,4.84789143491625
2590,38.621975473115945
2591,1.7895696126341702
2592,116.94743196990404
2593,59.59720823527748
2594,86.13629599642954
2595,54.24434984256618
2596,51.80044356268806
2597,5.639893958084458
2598,6.381964683310749
2599,-1.925559141402438
2600,4.06189945896909
2601,210.50427161991695
2602,6.12709460207031
2603,355.4057353930839
2604,149.82743589158977
2605,40.41169705370008
2606,3.757925653581533
2607,32.95437842959116
2608,186.88259850780105
2609,36.107334050154094
2610,2.6158450313523858
2611,-12.543848823427405
2612,3.5193337207064976
2613,4.38470371731628
2614,2.9890651782791933
2615,117.50895714277337
2616,135.90316099167975
2617,263.2009079773849
2618,201.9361405850825
2619,4.66139918521928
2620,2.3938434638622947
2621,4.506468871439163
2622,2.6513117646616062
2623,1.5197281581639257
2624,6.737848671733829
2625,110.33450519389424
2626,285.06935651307936
2627,53.698359025676254
2628,130.91135675612946
2629,56.20214371068705
2630,121.8791229027222
2631,29.24577247591086
2632,6.080893329015935
2633,299.696494955532
2634,56.85191079989339
2635,142.22171050638053
2636,-41.16351973732452
2637,3.5922899137810953
2638,-64.65232526589764
2639,-49.34858649071394
2640,186.2142434456177
2641,3.798194734934134
2642,5.645654607857924
2643,178.08028564987075
2644,156.1847030049467
2645,205.18923805633202
2646,2.3930083351182296
2647,3.495630779517595
2648,4.648021659058442
2649,6.365377790692159
2650,261.85608007735965
2651,213.63972233849347
2652,48.32078972423062
2653,3.496115911674802
2654,26.00297331213198
2655,231.56623185916425
2656,240.08291287911374
2657,2.957639067316349
2658,-4.298856054877205
2659,288.20424176782336
2660,1.839551384195639
2661,277.22075242478013
2662,95.42492806029315
2663,-12.846872729876688
2664,72.6608086144347
2665,277.0038624985874
2666,214.5243971463934
2667,-43.43818412883805
2668,38.012621917447234
2669,6.753616454461776
2670,107.73254549304662
2671,202.27535229120227
2672,123.93341928126137
2673,240.35791527569842
2674,235.4636761089724
2675,1.7837528078908775
2676,-51.86063110294316
2677,366.3821097918776
2678,9.657033944502373
2679,5.649356153962795
2680,83.3421814745129
2681,5.137983289611565
2682,2.8340915036046015
2683,2.404194739067595
2684,2.4514402815272556
2685,6.501264853075118
2686,20.425810021416783
2687,57.005382058665916
2688,48.5756629103888
2689,42.51167796162578
2690,147.7826058688899
2691,77.83809816751878
2692,51.781958197414205
2693,136.721591498841
2694,102.07687352448046
2695,6.587529484180927
2696,121.20351042058465
2697,3.7631188606129733
2698,2.3835812318745413
2699,4.075939902379372
2700,183.4559279871015
2701,64.15488893981059
2702,6.69637251639595
2703,4.084336523463106
2704,163.14542463604778
2705,3.0366457945658585
2706,5.238086534022933
2707,183.7763742127247
2708,3.063919553841463
2709,60.806081235821324
2710,6.120487039608904
2711,187.34560140594843
2712,1.8516859373281838
2713,102.40357239210812
2714,-45.71571852141233
2715,4.64869093531636
2716,2.7306080252713487
2717,282.86765673407484
2718,3.036260788486895
2719,3.0984298434657007
2720,6.670556188845091
2721,6.286778729515633
2722,4.2574693080847155
2723,214.95800853620796
2724,6.603659331793773
2725,26.7906924358572
2726,14.135941791168099
2727,317.3936240771378
2728,39.31691801103912
2729,179.10959145707298
2730,163.81366093780755
2731,151.01632693238903
2732,6.251378547753831
2733,223.3873355797495
2734,116.24215207451357
2735,92.10540185253916
2736,94.44529175921043
2737,164.92805753330072
2738,137.70170068400813
2739,109.9402716625643
2740,5.639041867065685
2741,52.44299661088484
2742,1.2562305334420993
2743,27.52271468993704
2744,-32.94495066859915
2745,4.858186272886445
2746,206.2376511645202
2747,180.17763263538117
2748,2.64271339421797
2749,5.435190799836792
2750,221.1325194208074
2751,258.1261027162567
2752,2.9907971074561734
2753,100.60786085994081
2754,0.31188422554280293
2755,36.5783377910156
2756,268.78873739176595
2757,5.843375891816294
2758,280.1381222322616
2759,46.811647130446275
2760,183.80592157948314
2761,6.5260123702582185
2762,3.9861291927374016
2763,114.95581441432226
2764,4.713171635823021
2765,129.76655230519518
2766,1.9331055239726185
2767,273.7948902069557
2768,4.831978243600843
2769,3.24757581364148
2770,208.30011247272566
2771,153.80188133479712
2772,7.042488897982164
2773,3.1285128170567047
2774,4.864720943755339
2775,6.008885288361427
2776,4.06586549222698
2777,265.8143487664487
2778,30.83471443291854
2779,2.119443140146122
2780,2.6544305559500945
2781,240.30228230814353
2782,220.53351680273772
2783,6.146125396441525
2784,-32.89596800213083
2785,5.758998875410299
2786,3.7762225580140756
2787,45.78989944285483
2788,8.631397110509571
2789,159.06040024965054
2790,214.12723136224488
2791,90.10658324689997
2792,167.28821978515123
2793,173.8487700729592
2794,187.13966753398907
2795,48.92462683487413
2796,245.71260483049377
2797,126.53221575387188
2798,34.13164474264484
2799,28.31571241771914
2800,5.255823965158404
2801,4.179090129179431
2802,3.245053540305062
2803,11.221128772738751
2804,3.722121792498731
2805,49.30945667875682
2806,6.953605042722946
2807,29.120110711342818
2808,102.3192187066885
2809,6.080271343174752
2810,5.19293651687699
2811,161.25963768477357
2812,6.0016111923055595
2813,19.509415509607507
2814,6.008854629700869
2815,250.52642014794952
2816,67.70025100991886
2817,270.952653699319
2818,117.79675604598991
2819,45.67430837646198
2820,163.18568914246185
2821,42.834983464356
2822,6.052016134426845
2823,54.189813591068365
2824,245.02293602147654
2825,150.0427986764883
2826,-55.66272722578818
2827,6.471018490660707
2828,5.5272010466111405
2829,4.710336360383311
2830,6.526652681805446
2831,5.867421279004456
2832,5.894619135148096
2833,122.56460676363929
2834,3.8188246542354225
2835,3.176295720109251
2836,3.514440201625348
2837,3.429001583117814
2838,5.719405895838648
2839,1.9892723048591106
2840,55.96358864781439
2841,48.08618619102748
2842,281.8711096536568
2843,5.957570006288702
2844,174.2189167115774
2845,277.5885865936815
2846,3.5922502047508624
2847,96.72879060456998
2848,-2.1676530777481875
2849,-55.79358744145042
2850,6.658408285157712
2851,6.759442055124714
2852,-47.49663209820291
2853,128.96068356895404
2854,2.3199074167081486
2855,67.90530078595381
2856,5.9186887572507505
2857,59.46835258430559
2858,231.26669812610328
2859,1.5055165339760297
2860,141.24641100717886
2861,282.4034439220332
2862,280.2059544098994
2863,2.9289792898815
2864,278.381709291048
2865,234.24193417920705
2866,2.1844339464536495
2867,2.448954686760747
2868,78.89727436856043
2869,60.4573525672445
2870,188.45380395709793
2871,6.209836170547011
2872,245.27541810055396
2873,4.439737474137682
2874,12.025407695977986
2875,4.497618862331332
2876,-31.555314428946435
2877,269.24673279599824
2878,-67.55801237114764
2879,5.029071121007072
2880,235.49780926993367
2881,5.614563373507016
2882,6.1890728867343325
2883,4.189918548023549
2884,6.675538220415088
2885,185.8938549653021
2886,250.44189812991726
2887,5.880836818056546
2888,1.9470727408890514
2889,6.1873306064799625
2890,2.313254709372232
2891,-48.97710583732258
2892,172.70935618364686
2893,46.17425113731208
2894,48.181977336123204
2895,4.795330986015461
2896,2.5676272608744553
2897,5.392635026552003
2898,114.8438837934037
2899,30.635886045680245
2900,3.2505144792415646
2901,34.70732241268004
2902,237.88004458647794
2903,279.4471692221964
2904,4.1069297498127835
2905,4.432972830722383
2906,26.427434539083666
2907,4.108557767388382
2908,10.952830496524424
2909,2.099299242294358
2910,113.48512791938751
2911,3.80194135489355
2912,2.1838968880993948
2913,6.448675781862121
2914,10.147621640578523
2915,8.125168016490335
2916,256.3404419790791
2917,177.29592552132775
2918,3.9100934856295835
2919,364.42114145046213
2920,195.03662503132097
2921,5.382884927325895
2922,3.785293067727086
2923,219.86287543655106
2924,5.357780500623322
2925,5.001723648361029
2926,5.840473888054157
2927,51.876346142848455
2928,6.486123063485968
2929,172.08571899476613
2930,277.54686637613634
2931,2.3684233849412424
2932,5.4484228880062515
2933,66.45658495124066
2934,106.33329665918264
2935,1.888804085939021
2936,-62.11985688436293
2937,6.069675089652556
2938,9.087029794980676
2939,3.068270655519909
2940,173.2189600040397
2941,64.71178316336363
2942,125.71187193568042
2943,6.212200253297118
2944,6.5432335787771105
2945,5.678939520245943
2946,6.4416817552646375
2947,-52.96335979360266
2948,2.520992129529706
2949,6.688968191594528
2950,2.863679592739788
2951,148.49723841817158
2952,131.19135846973663
2953,6.597410339544775
2954,1.6642653727250645
2955,12.927708557404076
2956,6.568031199924387
2957,123.97895470024919
2958,5.153644936300989
2959,195.6032360768171
2960,6.401372052056608
2961,165.78033939919152
2962,3.8680484548246596
2963,4.233621196956397
2964,246.73182637862197
2965,182.6136374642204
2966,4.382720582239735
2967,3.6909973090894495
2968,162.00525858716304
2969,-74.68630326814359
2970,1.9247789885579012
2971,207.9719790728638
2972,6.558251538994316
2973,210.37762875948906
2974,251.84720544573128
2975,4.10703681049177
2976,39.97496220800237
2977,38.57040832393539
2978,4.304987536208727
2979,4.648262871739389
2980,310.8067849733251
2981,298.3638467991579
2982,145.0740514530398
2983,120.1707147037377
2984,273.57684311887544
2985,126.80815173119538
2986,303.0170149407572
2987,227.3046438580255
2988,145.91333599077845
2989,66.62875634820624
2990,52.94965560799932
2991,7.249400945059795
2992,3.052955635115487
2993,5.378505510496671
2994,52.242885063446096
2995,4.592453007062848
2996,4.24448185223341
2997,3.2750537561200153
2998,100.25823417567162
2999,144.32322470900394
3000,74.66776652963503
3001,2.962318782935038
3002,303.42948717422183
3003,4.532491750497057
3004,281.51290915799916
3005,106.87020821411343
3006,106.38366548026671
3007,6.414961615783536
3008,3.0142655255838284
3009,34.93511583309379
3010,4.291222219512118
3011,94.8180394812268
3012,5.297496808475666
3013,194.8003424188349
3014,6.431986712854418
3015,3.333582439422471
3016,5.870883863712855
3017,6.162867536296547
3018,4.339147519873059
3019,225.25537954549188
3020,3.605180065820363
3021,222.88683297468077
3022,273.0765460437262
3023,2.7776938405807194
3024,99.6126604410438
3025,242.26517519850347
3026,156.30155017861256
3027,6.117264146702416
3028,5.442927054677561
3029,-21.09036415796106
3030,-47.090192523349685
3031,6.123819860309715
3032,6.403958519145536
3033,4.949441411188193
3034,122.69020138808483
3035,147.21324822378566
3036,227.97665022154487
3037,5.511017572234675
3038,2.1842315293874246
3039,-30.725393114304957
3040,216.25971679225938
3041,4.796478155227712
3042,9.14134266705477
3043,5.862884389290727
3044,229.73813738214648
3045,165.28724864085078
3046,4.439833524693663
3047,4.1137187089365375
3048,33.65132927878555
3049,5.87312181385157
3050,260.2735144132944
3051,90.70295121544763
3052,6.573479466429477
3053,3.91617582044491
3054,125.10275169754757
3055,188.39451730098995
3056,57.43405703496042
3057,3.0769748103018255
3058,92.90470581879688
3059,1.8569434491150225
3060,248.5340564752724
3061,5.037844746583238
3062,215.88373882736855
3063,128.04517897241988
3064,244.36165885233433
3065,237.07641011807303
3066,133.50756160702105
3067,23.453619144221687
3068,6.0430419964431366
3069,5.976438731054677
3070,3.834234054646756
3071,6.230857146858332
3072,202.08382523945087
3073,130.39639253232843
3074,6.294165942256502
3075,5.873296056837812
3076,160.98244816349185
3077,33.74028030710117
3078,63.2295898928935
3079,5.464812621490342
3080,3.2224263497329177
3081,46.890107873189635
3082,88.93520240129492
3083,145.35685077801202
3084,1.2737474852251456
3085,5.689861822609611
3086,189.12981584553776
3087,3.143443893721976
3088,101.41680838668206
3089,3.5719399755007935
3090,299.0480609477223
3091,168.9078712564943
3092,90.68135603539054
3093,4.019710504682319
3094,183.51370076502184
3095,261.44135543082876
3096,129.16217211361348
3097,4.716634877064274
3098,6.228090981416756
3099,22.221998684285666
3100,80.58667621728739
3101,3.674649307530294
3102,2.384939872521742
3103,3.224182071477769
3104,52.226546197735246
3105,0.6881218974723071
3106,44.84167112515797
3107,1.4954218799900518
3108,2.5860568431648527
3109,6.1019952722454915
3110,261.0541626727138
3111,2.18571029521199
3112,210.05675957626846
3113,5.513876359864562
3114,28.90137044274861
3115,269.5450357998819
3116,112.13822719435325
3117,-25.150818330912145
3118,262.62080218394686
3119,4.865341531490034
3120,40.760834886717014
3121,24.469001163697115
3122,125.63624267146716
3123,3.9626228438469875
3124,2.5696312139579227
3125,3.776456502096317
3126,230.0997017560334
3127,261.2789053147488
3128,45.395946559341155
3129,367.9640197068403
3130,2.1448318943360327
3131,106.60987039730736
3132,183.19405063885986
3133,119.1747163149719
3134,224.72404847318623
3135,1.6975321953705929
3136,307.81337061788815
3137,2.9059671475745743
3138,180.89287375840303
3139,5.973378780614411
3140,2.4040804991311093
3141,21.137601283983706
3142,2.991001669891396
3143,108.09788627462174
3144,261.4301268949839
3145,5.411047798475933
3146,289.84561988896905
3147,88.58263950123958
3148,93.25358401071483
3149,-12.41052104315768
3150,1.6856069083723777
3151,246.86277980878947
3152,7.179963246374985
3153,239.62677117728842
3154,195.81802323690772
3155,56.878830612767814
3156,62.100983826745484
3157,4.861801689305677
3158,279.9734032668928
3159,106.194811105848
3160,269.61657155760065
3161,-38.136424813460096
3162,2.7698118594673358
3163,188.36375636355697
3164,3.0573542248045156
3165,-7.000375044689907
3166,28.463980187459327
3167,6.597423154235031
3168,5.402710598148232
3169,3.6424365768173237
3170,211.66531933423096
3171,2.902002710075532
3172,236.27108131181916
3173,282.95990695374866
3174,66.71533137822973
3175,-58.8278488772927
3176,3.4876285886617673
3177,3.3046595242735597
3178,200.28761836996125
3179,6.284269372078727
3180,316.8247660007138
3181,193.2036589713928
3182,284.9658390093312
3183,5.857087892941041
3184,56.67394252855672
3185,6.860425544880378
3186,155.8229795121927
3187,278.7907833864737
3188,-65.72801850293379
3189,235.62923194573685
3190,4.407947068209111
3191,252.36334788242553
3192,61.63791589946032
3193,6.357941526178774
3194,4.37982002036113
3195,5.976083214592866
3196,142.69130995803704
3197,5.473578217646145
3198,138.24409450703078
3199,177.1504490338683
3200,1.982133925066751
3201,305.98136650461856
3202,4.55513244450526
3203,4.852251593824956
3204,2.2501354751449956
3205,6.616245143506744
3206,273.7835641117839
3207,5.874199799769361
3208,189.57878110107586
3209,-11.657115708743373
3210,7.745669033854198
3211,199.73443689739136
3212,218.0059348641522
3213,2.654609966310895
3214,265.1663337372102
3215,3.2821106029625975
3216,6.048980178918073
3217,124.99073381434386
3218,278.4212888488586
3219,79.61755932922065
3220,77.275367318154
3221,78.84826881077632
3222,250.99678517260043
3223,350.2251363384998
3224,-73.12178351742642
3225,145.72625607323891
3226,5.9680760930686425
3227,5.88489763887996
3228,8.843618882426323
3229,294.7371390646908
3230,229.6960434611076
3231,6.39545198993012
3232,4.8770252257178015
3233,5.686964067674168
3234,4.131640913354115
3235,129.84715183632375
3236,136.80255516107468
3237,6.169913243619593
3238,309.6348872986025
3239,6.53506559222166
3240,70.6562426002393
3241,8.48881063432951
3242,2.549903421959192
3243,28.305064048822018
3244,207.29506471021557
3245,5.406280208175292
3246,252.99988837762112
3247,6.18553833816553
3248,39.56522775294407
3249,-28.22283356704727
3250,222.0945791458802
3251,230.0166292026895
3252,114.36241973746402
3253,60.82289816392494
3254,157.2051632273359
3255,6.422435562837526
3256,6.292298748691504
3257,26.360230938670426
3258,2.676265174900909
3259,61.73381736563864
3260,5.8793944491538035
3261,119.07247876557854
3262,311.6160500287599
3263,2.1843963681718845
3264,3.6246610926800313
3265,161.59714591207205
3266,3.664244515412787
3267,6.68492866613656
3268,3.222855861944913
3269,3.829742169959835
3270,48.819619470531414
3271,219.56028080080392
3272,2.317257565987564
3273,188.60866739982495
3274,217.71514304701938
3275,133.18318530140493
3276,72.62201842334872
3277,5.900213304383028
3278,6.4646272753545535
3279,3.3205752770338903
3280,179.20054847240834
3281,272.20327629688177
3282,2.785487862244455
3283,390.4826791432022
3284,352.9016029388976
3285,80.44338738518432
3286,3.139560613987327
3287,-16.006747090257917
3288,110.99283716909962
3289,1.8128127509483687
3290,57.438299513681926
3291,256.33911529804607
3292,3.002683692751875
3293,54.28611745085261
3294,214.35404417976474
3295,124.83712517830098
3296,34.32084513666714
3297,201.5056795793729
3298,2.3231929600778307
3299,241.9055240800025
3300,3.5833658762045832
3301,198.85860096117293
3302,211.88859440551948
3303,-7.4907281588900325
3304,248.93521006338136
3305,5.217782930732775
3306,4.35290284923178
3307,188.18636193659057
3308,3.1305187304670805
3309,6.3366134407780095
3310,-43.93162724676766
3311,2.447445187144036
3312,3.5505209244909426
3313,2.4668663753137947
3314,5.971039722461885
3315,4.661452955315389
3316,304.8044610195692
3317,296.9593786656302
3318,49.40170376185441
3319,1.9341787407690867
3320,2.131847636087553
3321,5.118282074312747
3322,128.96356262926062
3323,4.643884176172211
3324,3.8022578048642814
3325,350.22053245087534
3326,84.24746527265032
3327,-56.97853274560407
3328,6.456612567800088
3329,1.8453196572970092
3330,184.59818478473647
3331,112.92834602558437
3332,3.5834084838049893
3333,233.42839865620414
3334,105.2578921371311
3335,3.4047485080979625
3336,4.7604872309410995
3337,2.6142480335250866
3338,1.7389523747328837
3339,-14.453980225680185
3340,29.34824210825753
3341,57.5959715761175
3342,204.8439371719761
3343,155.52790977943786
3344,3.362227476288002
3345,253.3241275032339
3346,293.9193776035414
3347,175.7621078404727
3348,75.3594451064744
3349,5.641749124239045
3350,3.6889965553801236
3351,2.585658110676988
3352,1.82768626895704
3353,132.93794885039244
3354,73.0554404482312
3355,3.0544961634025927
3356,310.1331647700757
3357,3.669851251821762
3358,243.71364251397006
3359,79.23295722593306
3360,149.59644936022698
3361,2.9278127603606237
3362,2.9704343792377017
3363,3.1786333146174997
3364,15.614546700950967
3365,99.29112004976025
3366,10.932343580445293
3367,4.28642460449991
3368,61.97852557804674
3369,4.794612231084252
3370,65.93684594960193
3371,-3.6098294765281054
3372,211.28574624011463
3373,53.56802004342664
3374,320.9653871935736
3375,2.400887849104975
3376,2.3396944870949667
3377,106.77217971328875
3378,5.035181703729594
3379,-1.648911863007395
3380,333.9746839984555
3381,6.679597394414493
3382,85.8709691923925
3383,6.332804487892843
3384,21.322769988659665
3385,3.717971553343868
3386,51.17144341001105
3387,2.1240002161525964
3388,182.92081034475734
3389,208.60960812951595
3390,2.233501285890512
3391,5.799072992132599
3392,5.046415895148798
3393,191.22858049376666
3394,133.39262369985903
3395,5.156327471117958
3396,5.628164557857204
3397,136.39694096494327
3398,2.1942169781688476
3399,199.2135590640027
3400,162.24517037621854
3401,5.06541479902632
3402,1.0791923539697599
3403,93.21726848143425
3404,109.92693034689388
3405,174.21612227690525
3406,137.34683076396652
3407,4.382619900853671
3408,65.08869521755834
3409,106.95917396827744
3410,5.958232397790188
3411,5.417047601462573
3412,42.400077485191375
3413,2.2082153268868137
3414,6.713452150348857
3415,89.63768458125924
3416,94.91508652251571
3417,196.27089455318293
3418,170.24457595539178
3419,-32.391655495744466
3420,46.8784686168588
3421,-70.44191044644714
3422,165.31528352517364
3423,1.9707167371192273
3424,3.5711344162848673
3425,-3.8563043204927085
3426,3.6653325638774135
3427,58.417214960966284
3428,2.750212031438414
3429,321.2349989147878
3430,307.6167114993884
3431,100.79866742169153
3432,5.922750822937287
3433,76.68444144337118
3434,1.895074494429495
3435,312.5670083367511
3436,217.1751971385423
3437,3.3220169444271983
3438,29.986272159032016
3439,257.8038315684561
3440,6.605844057077518
3441,4.913193244279297
3442,237.86602364989943
3443,5.0616370362962435
3444,218.80337271360182
3445,3.837097059266984
3446,5.676867026091122
3447,246.63583562012167
3448,5.360465747091655
3449,5.709256346103354
3450,107.23169491618656
3451,201.42468339735825
3452,2.2376889945447225
3453,3.3111988880555954
3454,19.561915313725677
3455,4.03923523388751
3456,5.3739906580358525
3457,3.8870850451588694
3458,6.20212843257384
3459,167.73458120599673
3460,-48.00127596059062
3461,3.8485653604652557
3462,37.0013996989033
3463,222.73884360938342
3464,4.473913940597857
3465,2.576277669768249
3466,5.722525646243442
3467,110.11578704416257
3468,31.84807059663426
3469,303.2642983138976
3470,146.10753403558095
3471,23.463475401678565
3472,276.9883120436102
3473,6.436265122023114
3474,3.6536792656480097
3475,4.8636827996403476
3476,34.44725479930998
3477,3.7463308110304654
3478,6.686968250538882
3479,2.6086283990288
3480,84.07512841176404
3481,127.83906197809546
3482,85.22989175896964
3483,59.3198293377745
3484,188.4389149678198
3485,2.3820826131052
3486,234.65537807647243
3487,5.845561370189696
3488,4.53454398418677
3489,3.402619930510419
3490,6.486323007249398
3491,3.17662499926029
3492,2.466115597660656
3493,301.5478250960833
3494,170.93290461215122
3495,6.331255600165351
3496,29.17398684841507
3497,4.536034470243528
3498,6.67119658451789
3499,-28.262662145952326
3500,77.59714522106255
3501,284.9524521797272
3502,6.043823088162517
3503,3.682955351900994
3504,82.74976644933184
3505,125.78617772476984
3506,91.98953985208193
3507,6.274782529222138
3508,3.270624803442129
3509,3.022540298132616
3510,282.99803943019776
3511,2.00657366783787
3512,73.0974042675785
3513,87.94071305216313
3514,3.4150744123529924
3515,44.39048785683029
3516,3.536738849046899
3517,196.01426378640696
3518,4.331359496375278
3519,219.55318180288265
3520,291.3299774192954
3521,1.8940409529011077
3522,21.594286016644265
3523,4.575662112976047
3524,6.652054446826798
3525,5.257466839731615
3526,45.89635114414856
3527,1.6820467499786413
3528,286.82434464471356
3529,209.64075797550825
3530,2.3799190719468717
3531,73.32110484411525
3532,270.2270044994095
3533,32.26860446462156
3534,7.939262294053845
3535,81.53282686711256
3536,3.614348403457231
3537,65.89012467259928
3538,7.053683346577712
3539,-8.210321065370463
3540,158.7373875210364
3541,-63.84600195213059
3542,2.640491012430177
3543,197.55657898295325
3544,35.31135579380977
3545,2.543410088611627
3546,5.4135246276723175
3547,177.13858158790737
3548,5.518990848092517
3549,1.749651634983598
3550,4.550786144328667
3551,4.024287468985272
3552,5.710386276091459
3553,5.780823588368728
3554,186.10958983163462
3555,3.7719135645289628
3556,2.03813366074706
3557,118.78957847708729
3558,5.093610233788336
3559,90.91236881432764
3560,57.97140728374513
3561,6.231682430272266
3562,23.809750778153028
3563,-47.165323326087844
3564,5.873759293952342
3565,4.673593642345016
3566,176.1083948825731
3567,1.9786497084646593
3568,217.7689431173406
3569,164.93079930584224
3570,35.94856616786688
3571,201.94977121583602
3572,1.8618594103858157
3573,6.164628165419459
3574,5.620639823327448
3575,2.080944396372187
3576,5.217101448131788
3577,6.229068260679968
3578,90.75553324006157
3579,2.083015017454324
3580,65.7825457404896
3581,240.69709740124688
3582,77.59346345101312
3583,52.052066961798396
3584,6.678266838483992
3585,33.019462070514436
3586,5.7687384865731675
3587,38.0903610975257
3588,3.207265895854816
3589,225.4927153544681
3590,3.150638267637427
3591,3.576997794342738
3592,171.92026985010443
3593,4.373022119681568
3594,22.476134292982685
3595,6.662050929360678
3596,30.81551417308566
3597,316.21341631022466
3598,73.01348988951072
3599,94.13278825510213
3600,2.759308760720257
3601,302.7363343849775
3602,25.8051980085177
3603,5.077362293346574
3604,2.8320135753384044
3605,164.8731742116259
3606,2.1283691085928576
3607,4.016397749196342
3608,274.885120613054
3609,206.93748068753823
3610,36.17571476241302
3611,5.413406566870348
3612,258.942668315178
3613,6.368748289421207
3614,4.805589583084819
3615,6.549295399463343
3616,60.06812908685695
3617,4.938222632764077
3618,2.5510140836025954
3619,-49.87121241726183
3620,7.331460932798001
3621,69.07610821056021
3622,5.415838159060895
3623,265.5731122421887
3624,2.9313553691376586
3625,104.24556562834226
3626,34.90211676348717
3627,32.85533079886238
3628,6.423506934123758
3629,47.23961483112112
3630,258.7679267805736
3631,287.1297041953027
3632,247.44560534766012
3633,259.35058330124536
3634,114.14112383534393
3635,126.50239925925652
3636,4.481118834382458
3637,47.384332621077554
3638,57.51384546862134
3639,5.052714057197157
3640,350.43775865106164
3641,228.42712801358093
3642,154.96302786587881
3643,190.73879836728796
3644,6.64908558234083
3645,122.9213806614
3646,2.496131519700188
3647,5.856753910229537
3648,237.90578240423196
3649,20.987189049092898
3650,3.229786090369444
3651,195.44007245976985
3652,52.046960826270976
3653,-4.6542671189664215
3654,72.61068946867059
3655,2.0866861564649577
3656,145.95463338988228
3657,5.881259387239224
3658,7.8787684249105325
3659,4.629288420313692
3660,5.810150798475793
3661,49.61753210208232
3662,2.1053601641844693
3663,5.647677431126416
3664,120.0458467608407
3665,4.94039091968867
3666,278.2898178028063
3667,251.96119400178566
3668,271.5919677612404
3669,222.92050286507006
3670,6.901593327301384
3671,6.806519849266866
3672,231.3999469640617
3673,5.28861442452445
3674,285.6464178833329
3675,147.69041823202082
3676,40.6833135744392
3677,40.937579014180955
3678,-3.3386557651387108
3679,4.535256501298332
3680,3.2133152255874142
3681,141.29295559885804
3682,78.42754749052762
3683,161.03628623709415
3684,29.569260173901384
3685,151.51663530380344
3686,259.719726863399
3687,123.85694990788588
3688,273.81801298868197
3689,2.4557165461142203
3690,195.1394977660255
3691,205.45224802455692
3692,286.9165259812945
3693,270.7940905969879
3694,1.5672245234944384
3695,248.0632673295762
3696,214.03324772937455
3697,0.803713429109236
3698,-27.530268762321537
3699,4.290447221602464
3700,5.545099618845909
3701,353.9316572091371
3702,3.897093385563419
3703,3.8662017923294707
3704,6.038546338207146
3705,1.480954144761077
3706,50.918767912439726
3707,19.008636266833655
3708,123.05091891867747
3709,3.1418311024143852
3710,6.5582003915815665
3711,349.6064664833972
3712,103.11709052511438
3713,5.654805632262231
3714,337.06081121408687
3715,2.5176437163084446
3716,2.0175827796588766
3717,139.19196656628668
3718,72.0293639379475
3719,161.9953286129098
3720,159.49881686472105
3721,2.37945341085533
3722,3.891368286540649
3723,3.372946992576562
3724,1.8674157674856908
3725,70.32715617002728
3726,1.7524716822552597
3727,225.51096936526645
3728,63.413842810722585
3729,-50.65986778214536
3730,129.35780250210257
3731,77.00360584030086
3732,3.4573237133788943
3733,-35.84382266623258
3734,3.1338235544988278
3735,2.4016981222145235
3736,20.165425599191543
3737,6.260705531767152
3738,192.03908667654292
3739,-48.40993960543944
3740,235.71515485013597
3741,23.649845058151186
3742,264.42536276730027
3743,2.422017312396665
3744,73.70562829922805
3745,-23.331384880842506
3746,5.150181348350886
3747,4.99114079458616
3748,188.54663475125614
3749,68.58682724442507
3750,1.5760584540135436
3751,233.03545637067998
3752,80.22501334371172
3753,4.854663388322297
3754,3.87165179675278
3755,-12.065962649587199
3756,5.653191463741749
3757,26.493320223942256
3758,5.990483988359148
3759,43.013720445739324
3760,1.936760321408533
3761,6.3150172234568425
3762,6.292085514143059
3763,120.90825550097566
3764,170.33431970683228
3765,361.7158308841997
3766,6.521427472841402
3767,290.86956030149275
3768,71.2408906517862
3769,1.6725329390233101
3770,180.51624942831813
3771,3.6640101422451874
3772,202.35717475379906
3773,240.09450267327463
3774,2.5708369917302667
3775,3.8428216379698577
3776,246.71494941174552
3777,5.9579456642448925
3778,221.2727817454211
3779,298.6735007712367
3780,5.942545818567304
3781,6.527168512406774
3782,2.0896113388384867
3783,1.9759271567019967
3784,5.5083213118344325
3785,30.036167812089204
3786,89.03246222465904
3787,6.044415709905984
3788,6.698271809897487
3789,277.2610994187063
3790,6.874028970274479
3791,6.305643326275367
3792,3.706273646983803
3793,4.302643785212431
3794,-29.71731927723536
3795,196.35596667287223
3796,197.07314699784604
3797,4.865037844116654
3798,185.9086543847273
3799,-63.12861316176647
3800,241.42632738026302
3801,125.17894257060885
3802,142.41077776861067
3803,44.987867569107145
3804,62.222530805882755
3805,4.586877288893968
3806,3.0134230780635773
3807,126.17420382524134
3808,3.756798600437217
3809,-36.85915497598839
3810,2.723445512121279
3811,4.556266572688347
3812,268.9912081092318
3813,3.608097146181
3814,287.4175766867968
3815,7.3584088374217735
3816,3.8135031792272693
3817,56.03593857490291
3818,6.34412100873902
3819,2.3612175936294646
3820,122.74420798326526
3821,7.574788297424634
3822,5.5036849902656115
3823,263.11280998242336
3824,5.194144430309176
3825,260.56543771461236
3826,5.9903698376466625
3827,306.82160828024735
3828,303.364389532913
3829,6.5283698609320275
3830,234.39519560288144
3831,64.26678376398256
3832,1.7948122912966367
3833,60.46077945680525
3834,47.963399497071315
3835,2.6858566083596838
3836,5.154612343013679
3837,6.748767785644148
3838,5.897823507399383
3839,232.37186890104618
3840,5.58891342090623
3841,124.55245235826814
3842,3.5032691156773414
3843,267.215949503365
3844,5.4107160548793765
3845,5.946022804903039
3846,6.531745637280151
3847,73.22329519915365
3848,102.34837636851313
3849,194.9918034519765
3850,23.730764195300328
3851,117.45588896926036
3852,263.4393211630905
3853,5.507856516540321
3854,248.80196622283623
3855,1.9388180141728388
3856,63.14589237715507
3857,3.844633612061262
3858,2.997824365664244
3859,250.43319491908943
3860,6.430373384254881
3861,-62.009982482150434
3862,-9.735014084256084
3863,4.001765752764523
3864,2.6895401869578635
3865,293.38555545674524
3866,4.320357742075138
3867,195.486399519359
3868,4.874400717965772
3869,3.0888027264305027
3870,172.19922698040017
3871,39.822021687763176
3872,3.5819994024680355
3873,32.3219118620866
3874,345.30967052274684
3875,278.66828935840476
3876,101.15354560350748
3877,-63.19523190935047
3878,195.49384270845374
3879,240.35210576593005
3880,6.68848488670351
3881,3.9984484492338557
3882,2.670973673797125
3883,203.27621797551942
3884,150.228945612122
3885,6.386977323762956
3886,5.432672791794534
3887,6.33560543286144
3888,2.632913463433899
3889,181.8210172084989
3890,1.8226692345467728
3891,3.187226922838521
3892,208.26940675270382
3893,3.4492201758252747
3894,295.2293660164814
3895,-24.167656729953254
3896,18.131359395625374
3897,253.49817338094147
3898,186.84831692999674
3899,1.739958298538241
3900,88.23626598342054
3901,95.3660186921106
3902,2.8900218776570226
3903,41.314918544067716
3904,53.3166602911761
3905,3.707664554106684
3906,7.741574872477322
3907,201.08092457550413
3908,136.23870759888305
3909,3.325320546317726
3910,4.016596501930246
3911,248.7517330788211
3912,4.121509938960246
3913,39.274265893439434
3914,276.95432833700073
3915,7.333395495886834
3916,5.840139114802029
3917,3.8026062266032237
3918,-50.46721796827715
3919,4.821723689304827
3920,29.49108261948648
3921,59.90367440751427
3922,7.007391886778493
3923,3.6139886896376794
3924,357.3850419665656
3925,62.684705932759684
3926,1.9129992314650477
3927,249.1811278602375
3928,3.3804834467406133
3929,5.3391738029440585
3930,6.374063836091776
3931,216.68133499088393
3932,4.881713685390773
3933,2.6870898820496536
3934,6.657124914102144
3935,217.0930546407502
3936,1.8042370673869987
3937,3.1639285519807085
3938,2.7050025946527914
3939,292.54470975564175
3940,6.102323252420707
3941,6.345275751252396
3942,5.157972844791036
3943,3.217687809465975
3944,6.932404427598696
3945,329.76373273063876
3946,195.62450002189996
3947,27.95635935951862
3948,140.48877177656698
3949,5.295392337186446
3950,236.08698925763838
3951,1.7267536945513153
3952,129.71091160379717
3953,128.69070049627823
3954,3.3300743529303958
3955,5.873054577217143
3956,184.81668613354125
3957,55.50281947523883
3958,84.80175418870604
3959,226.43885036630692
3960,6.062413217436013
3961,6.085041808141053
3962,120.24338710621015
3963,5.855487301841568
3964,213.31202980437658
3965,6.114577072486087
3966,2.975230452476479
3967,4.382739344499488
3968,192.499701580535
3969,49.46852780367011
3970,2.4653243770782636
3971,3.508762654851795
3972,3.0165636532064295
3973,3.2782088299362115
3974,29.775687534088604
3975,49.692725318316604
3976,3.7761537478259335
3977,4.17968326437641
3978,3.6560175414051486
3979,144.04991098329543
3980,244.39857657629898
3981,251.78744703253454
3982,5.485915347545684
3983,3.1199369645925756
3984,370.1398966059929
3985,227.5500238158344
3986,183.805278736747
3987,86.23735340498362
3988,3.2206967943360603
3989,17.198626011748566
3990,89.67634652802569
3991,253.3213024771075
3992,5.854916475659665
3993,6.079797627012535
3994,41.34749639625598
3995,124.04750766422904
3996,3.53501161712653
3997,107.73254549304662
3998,2.398179208144208
3999,278.3721121351219
4000,5.295442937252762
4001,4.321116086557882
4002,30.139453050073307
4003,163.95659746471802
4004,2.295759785382037
4005,315.2992059205636
4006,75.91432126338654
4007,6.90436537927908
4008,3.415380014257929
4009,5.865473692045673
4010,194.31621255901368
4011,3.694183523839957
4012,6.341794963611283
4013,241.65006419353082
4014,5.8517438137701205
4015,6.1283853187730095
4016,69.3234357459735
4017,168.68876740993784
4018,123.69892113226402
4019,1.5986027773708424
4020,2.005588414029643
4021,126.53676431826946
4022,36.52139119289301
4023,3.663331811642255
4024,110.64504010286015
4025,54.01950565065023
4026,10.928413445539489
4027,246.19787385313367
4028,110.3784254540432
4029,7.290217107908433
4030,2.5727453031310046
4031,113.48889426334664
4032,82.93119011363338
4033,2.9635835917046727
4034,259.95465781262754
4035,103.87219408988608
4036,4.632973069176664
4037,3.6142089156117185
4038,6.203816336819905
4039,5.846263677328176
4040,106.11932427243471
4041,331.7292897868804
4042,57.954818637368014
4043,266.2912850275967
4044,3.8404442660675224
4045,25.102204635890768
4046,5.871630050924621
4047,4.61761379530791
4048,279.1497565371897
4049,121.00622097188881
4050,269.82013940816887
4051,68.88190310491021
4052,2.706601610534362
4053,3.933666621091128
4054,5.293924770195505
4055,4.159375640255038
4056,266.63247765671895
4057,6.900572455919782
4058,281.28839484138854
4059,20.30392821728971
4060,258.4955922856236
4061,116.28060040306383
4062,3.7741662654988684
4063,2.1697728173545983
4064,219.33132419523452
4065,2.014070932206222
4066,99.63942121128123
4067,200.57619877473687
4068,178.4113907918848
4069,342.64773913874205
4070,2.7084526685821184
4071,2.7734788095373637
4072,2.1265519603655325
4073,3.358369361399271
4074,4.129469783805436
4075,-34.60327741008504
4076,49.172299615666766
4077,4.813551156119626
4078,6.291274339947519
4079,6.941971007681493
4080,289.321704811641
4081,5.016967591753773
4082,122.19322540987338
4083,4.0140086782355535
4084,16.541009877240207
4085,23.148089067926087
4086,3.718178528558338
4087,4.063815396809483
4088,4.908631970286061
4089,70.46199619705611
4090,138.67280559292948
4091,4.496999228936867
4092,68.40505993077753
4093,27.685016952079216
4094,4.953006806800255
4095,6.732197066028945
4096,2.389523161472206
4097,2.5378820203721006
4098,2.771665000663673
4099,-41.50687128309288
4100,61.238676557857495
4101,5.75034281926286
4102,4.653401391211342
4103,67.34639129165957
4104,200.95967831144657
4105,5.682937174759209
4106,125.47303402776687
4107,79.08634535861775
4108,69.62870343527493
4109,246.55821619583935
4110,6.391330697546039
4111,58.44410204331474
4112,76.81956597604031
4113,3.1462905393555163
4114,5.079652701760299
4115,91.78489200022177
4116,109.63240838977235
4117,88.48325416337462
4118,292.5924400092794
4119,243.70545439174074
4120,229.71782381857747
4121,87.38648367603915
4122,-22.698806197089738
4123,2.3082562133802798
4124,140.164554290131
4125,2.283234154457422
4126,54.95377907403132
4127,5.930135736889359
4128,1.7573625316339156
4129,6.286933749515183
4130,1.9561670083903235
4131,58.89431483540629
4132,6.051619001632453
4133,5.175559406288309
4134,98.13347869539885
4135,13.184393638911878
4136,172.7663613829244
4137,320.2126513391258
4138,-18.932063876683248
4139,109.06095332313421
4140,50.50797925910566
4141,4.168395183286897
4142,114.27514224559295
4143,309.3096830999699
4144,66.7145338642188
4145,199.36445008578204
4146,84.17891288642804
4147,63.27186758548309
4148,288.8825590992725
4149,50.1708296399339
4150,55.64283160335522
4151,61.1734087310908
4152,118.33635309917739
4153,4.102361094262237
4154,353.96373570334805
4155,149.3930497699293
4156,3.490084142757974
4157,69.46537888007174
4158,4.122887890019349
4159,4.8189251921725695
4160,147.03753886354016
4161,189.8199658032163
4162,6.227464306031611
4163,67.1688690769892
4164,180.63112308081838
4165,-3.110460168632729
4166,49.17747154690798
4167,94.80926390264223
4168,22.660441727734458
4169,2.4885235856807277
4170,-2.2663680583057086
4171,84.39599248498362
4172,4.667590704063182
4173,4.113703132657165
4174,63.27016908780735
4175,118.45279951406597
4176,1.9964694132364267
4177,3.935719934048794
4178,31.295929627776385
4179,119.33885911123254
4180,171.13748091038957
4181,70.83195196061429
4182,52.73837713302355
4183,25.859133930738587
4184,186.25125186907735
4185,270.49592258711607
4186,2.596722334823877
4187,69.66095179647775
4188,4.240946474859111
4189,4.100366106253489
4190,119.63792618111961
4191,2.1285206913099937
4192,52.311051217445204
4193,55.24833434225314
4194,5.911977530286772
4195,4.138879994651159
4196,127.38713031244968
4197,6.494729906592221
4198,3.2432942875545354
4199,5.01901152743872
4200,292.7913852497229
4201,248.6793112399729
4202,215.60192060569543
4203,5.444618699067611
4204,114.84536898406938
4205,4.794089047044157
4206,7.61931808249955
4207,125.50002001834062
4208,159.98044072911645
4209,225.46690662492597
4210,-60.11585353129141
4211,1.5141877621436217
4212,5.885381186340443
4213,-15.36825058446958
4214,7.326451433971862
4215,2.948018825178868
4216,1.6564312072462057
4217,3.343838469977797
4218,5.821652587409774
4219,61.582694876512434
4220,56.63389680064353
4221,2.2224218605843076
4222,89.17893829972337
4223,2.836327674338515
4224,6.378392719456326
4225,5.180458663318628
4226,274.49020357497557
4227,2.06884514367538
4228,209.79287112728653
4229,115.13101471781013
4230,3.0588896275909176
4231,2.320748735496589
4232,54.919030231245344
4233,3.059821827716887
4234,-5.263904164769125
4235,89.53261137643302
4236,250.01123006104615
4237,178.6091067261097
4238,3.4237441977610095
4239,58.40228253456349
4240,9.001975696828742
4241,27.387815568756288
4242,240.80601835855606
4243,-57.93408189003051
4244,329.14089276192135
4245,5.0658316949296704
4246,1.9497019055789306
4247,3.5679883735585785
4248,4.186960627372403
4249,-15.284799099222742
4250,12.483766659466113
4251,282.8911149878775
4252,6.610686393240384
4253,5.997111169584003
4254,5.307404775120721
4255,-51.68294062048429
4256,9.191377283037731
4257,120.00383427027658
4258,2.48292159256847
4259,1.580820265408348
4260,86.1966462424963
4261,2.4355608639864776
4262,287.8553117845674
4263,83.59154198415897
4264,2.638179248083601
4265,40.757496130134484
4266,4.119726689869035
4267,6.158296753344407
4268,5.604797407957077
4269,209.14276734994152
4270,174.6576457216224
4271,150.84777060093853
4272,4.635817788451503
4273,7.913109303152654
4274,112.90466947580443
4275,6.407714914380226
4276,301.09202012379296
4277,240.00516502289315
4278,379.2431689189923
4279,308.77776986796783
4280,113.0392281163628
4281,76.13575550127777
4282,12.117267055105508
4283,6.31749700813395
4284,4.381621679560951
4285,112.67948412286746
4286,306.31625536752676
4287,1.8038548514565655
4288,205.29690738601582
4289,205.06040949348173
4290,177.46514371771977
4291,3.0647645945984996
4292,5.008066717498182
4293,3.965436775898195
4294,-39.84547027539227
4295,0.9226467133993332
4296,5.408718055561511
4297,6.504129315910414
4298,6.041218866499969
4299,64.68927071240883
4300,45.90648079802368
4301,-10.046705720664491
4302,79.86548611771373
4303,1.3322465995517283
4304,-44.04412246890064
4305,3.8387118080820755
4306,298.81190742376464
4307,2.7393250883526745
4308,24.850832893193218
4309,4.635286349668062
4310,2.7772389157747734
4311,13.06093266272243
4312,304.6146982868062
4313,3.2859857090126194
4314,3.2903740398439743
4315,226.20527734737416
4316,1.5057823646272084
4317,194.94751242769996
4318,6.113795809601177
4319,53.69867537049005
4320,98.02977592560156
4321,4.728039662144834
4322,297.4670265683858
4323,74.52635528394627
4324,3.6450070443530214
4325,6.598614040251129
4326,3.5490001044543074
4327,104.51704211481929
4328,142.69027881771407
4329,203.024419971088
4330,19.103160237320292
4331,2.662664444133804
4332,2.288046076353269
4333,261.824272685354
4334,3.219956618637886
4335,3.660877691072006
4336,2.169306510883906
4337,5.871940191008125
4338,0.1302378102206081
4339,5.64521669808334
4340,-38.5855507910515
4341,62.57481957927456
4342,194.6154048945592
4343,165.1487022187687
4344,107.71453674535812
4345,5.879618565794309
4346,4.578503498382146
4347,200.12059431804354
4348,5.640586384293016
4349,111.00965508747382
4350,-53.76959173500845
4351,111.90418289994433
4352,186.3896955780892
4353,5.115864330709707
4354,141.1135126539107
4355,124.02375131615082
4356,1.8870587573637672
4357,5.300021658157725
4358,324.2536562762276
4359,233.07009934448115
4360,3.3265220950763723
4361,4.369088735757668
4362,1.124872341020728
4363,3.7510713257623918
4364,4.418955299146857
4365,1.6441103269137236
4366,3.4305036929963073
4367,258.3073116247165
4368,-37.08284958325015
4369,91.87661788503029
4370,6.3494266041900715
4371,198.56884287161276
4372,91.78417404648602
4373,327.697747161823
4374,6.19592399231723
4375,224.1202941090983
4376,289.52797576707064
4377,5.558983509068373
4378,5.7508144314346294
4379,160.80442925950388
4380,3.095973856681759
4381,2.302903629265495
4382,6.701936874521261
4383,23.342350377168263
4384,5.098972762072462
4385,200.52377693009717
4386,41.70938606251046
4387,297.7911654562431
4388,53.097179357502654
4389,6.703027793341874
4390,4.1856221996889715
4391,4.164365347129596
4392,2.4374526802753076
4393,88.11069779090748
4394,71.46633522241719
4395,3.1810798533272013
4396,11.428876031180863
4397,2.5492517156783423
4398,6.332495666031531
4399,3.595359340178868
4400,232.75054958609022
4401,6.824168329546582
4402,238.33120801749044
4403,256.2260991436794
4404,238.1315704215182
4405,354.83979394544764
4406,45.315064014945946
4407,105.70302402816861
4408,6.324252691827693
4409,103.44074142401527
4410,-91.64994621304714
4411,2.784905232123756
4412,276.6789680051535
4413,204.82481244536731
4414,3.8482202357778736
4415,188.09838124619696
4416,66.2158940445918
4417,2.7163964139363275
4418,224.8174211563941
4419,256.4062985708054
4420,365.20176524291804
4421,329.0669277714318
4422,16.00949119701526
4423,2.423484271095159
4424,53.81618453724457
4425,183.8891310526142
4426,5.320878575966696
4427,222.13176291094396
4428,6.250804726356555
4429,5.14574252686321
4430,5.179815258354808
4431,177.16089981397622
4432,3.7012643318080967
4433,3.5995904279202495
4434,106.05155846350401
4435,5.715541173933348
4436,6.436129058484518
4437,18.801165221000236
4438,86.27725829136565
4439,7.432435474137116
4440,281.58163841151065
4441,2.083093893415967
4442,265.4106040185646
4443,6.057910383171879
4444,280.18760212576524
4445,3.8849267734215203
4446,3.674423692857329
4447,178.21032089601485
4448,5.042284345688898
4449,6.47426773218152
4450,81.10869061851088
4451,100.55343033325195
4452,255.54432569626053
4453,251.9235311513201
4454,4.97619602800084
4455,5.421325081913665
4456,201.799044624082
4457,4.164356221296075
4458,6.666582018564868
4459,74.34514038243483
4460,0.5451019550979563
4461,76.57803356770704
4462,148.3796423544178
4463,49.718234502086915
4464,4.249129883326565
4465,100.95600729886655
4466,4.3802949195905185
4467,-4.782012260245827
4468,1.8242342601976809
4469,2.068445127729617
4470,4.8967235855206726
4471,3.045299252108908
4472,251.81525219258467
4473,3.5700077209424514
4474,243.01275893351243
4475,4.6854565383331295
4476,95.80627460662076
4477,5.8685616121118205
4478,4.452910821888023
4479,125.75550738730053
4480,288.9489193236244
4481,3.7018687732405993
4482,205.3468691941554
4483,65.81990660572266
4484,307.15361104830293
4485,205.3816674036663
4486,2.445667617698488
4487,117.36556553131658
4488,55.761581444235645
4489,-41.961944780633246
4490,109.32649509457191
4491,5.2855888846747465
4492,268.6552831179123
4493,309.35662005730063
4494,20.108621133137685
4495,2.9024214015818224
4496,113.19556565897685
4497,6.726878663700667
4498,196.7605525160501
4499,312.103482735185
4500,167.33309705385582
4501,5.770214225319858
4502,5.882740274351129
4503,191.76475021272387
4504,11.995979656101579
4505,64.88012522132374
4506,2.9942391267770687
4507,-20.675228073575653
4508,123.49022440996382
4509,53.61542178400259
4510,2.2015183464836454
4511,270.53849156756894
4512,59.026545067681354
4513,91.50878276130591
4514,3.0038401536262946
4515,2.5823326391983805
4516,3.445382808121943
4517,4.8859666903322845
4518,-3.2147171736805378
4519,116.32643092811009
4520,58.47011279138043
4521,2.675315652111588
4522,55.69504695826826
4523,6.715067374888412
4524,211.24098687195252
4525,18.725577397652657
4526,2.2174019767156716
4527,111.06532175066798
4528,127.46686133047658
4529,107.41471159799296
4530,144.16466903846188
4531,3.7677543884607507
4532,4.295391100351502
4533,4.46644574793876
4534,61.95974416371526
4535,5.957591252813088
4536,2.0130931965053587
4537,1.8321508743001662
4538,6.3440282806100345
4539,288.91445358329673
4540,180.05744381946462
4541,3.4153055872219715
4542,2.6968384717028115
4543,214.60001121354233
4544,32.82844009535188
4545,5.054100984399917
4546,26.82446421209078
4547,5.8547471819341625
4548,178.8034866650332
4549,4.771093607309589
4550,239.49543152866738
4551,26.008459403611365
4552,122.73477582319552
4553,135.1345928935889
4554,4.664109350262738
4555,190.2773868681022
4556,287.649314926858
4557,5.145142484196374
4558,4.55826768825961
4559,76.11699335452845
4560,7.478140587069252
4561,5.214270711841739
4562,190.58238083493762
4563,45.91356463824507
4564,225.55289185418732
4565,52.78481144395503
4566,221.4939787232234
4567,279.94207692435316
4568,142.48172876412067
4569,4.741805931617089
4570,202.90705301397747
4571,268.49000025637815
4572,5.289529671648511
4573,2.9109360855030904
4574,1.5639415772193097
4575,5.347610401238187
4576,154.4689273558693
4577,259.0402020530144
4578,57.50767583797502
4579,6.380176315354236
4580,0.7347889941763435
4581,351.6307874787983
4582,47.44763782466933
4583,1.5187108935471978
4584,267.3901601083227
4585,41.07500915109864
4586,6.163645982558707
4587,4.181280819311454
4588,1.4754508984015193
4589,4.30271547710575
4590,2.8118029090899563
4591,72.86140561916518
4592,5.335520936178415
4593,99.49408718565142
4594,-18.164309432896125
4595,2.6539792030190905
4596,64.1623851087357
4597,135.71923140172285
4598,4.321910409995519
4599,-40.551498716862675
4600,101.50715239798386
4601,6.9880199453307466
4602,5.293748304806557
4603,5.470979577373133
4604,79.2488943765427
4605,2.3558055423896977
4606,154.26380978633745
4607,47.34424654138695
4608,4.53900294170626
4609,214.41885283295093
4610,117.3460146022567
4611,107.79180522285375
4612,3.5154678004392244
4613,-67.75336350302834
4614,83.54871345663585
4615,-38.24994492580237
4616,4.648888112130906
4617,4.814810772208525
4618,4.001128330318508
4619,6.167922232180102
4620,6.676311667167071
4621,69.58216047979509
4622,4.192062034621301
4623,6.043533492951736
4624,1.1463339050854562
4625,88.99918250205099
4626,49.028374090474436
4627,5.404451891498497
4628,5.86926807222707
4629,67.5289357366193
4630,5.4810927816732855
4631,3.92639632128818
4632,6.686569480941344
4633,222.7943217897071
4634,5.801133070314621
4635,5.9993813885438385
4636,57.35089887578938
4637,7.0128735135621225
4638,403.52559381878507
4639,280.356401354756
4640,2.0185557719061387
4641,206.17447065636
4642,134.7476802883067
4643,64.04835442339028
4644,42.00485247096976
4645,5.559767357159395
4646,53.58825483171665
4647,20.331946560629365
4648,196.2675279090394
4649,125.86119821132323
4650,125.22000137332971
4651,33.10675621316056
4652,4.6746169115072895
4653,243.35847923605405
4654,6.8974229145790815
4655,5.547465701796302
4656,2.7226510564347475
4657,3.131510181238065
4658,6.536547868266863
4659,105.2321044157064
4660,2.7066830999405376
4661,2.7084256197218672
4662,3.7538361096870956
4663,122.3052414950602
4664,5.874199799769361
4665,129.33401090599236
4666,235.00463089481332
4667,1.8575216413031994
4668,108.52442699572005
4669,245.80790942110275
4670,13.697577101645493
4671,1.9167573299892593
4672,0.8615217407683384
4673,72.1454042117781
4674,282.4476558491127
4675,1.779188865303229
4676,141.05109288402497
4677,62.452350358506045
4678,5.487630386259972
4679,75.07554385103123
4680,4.534672428024641
4681,1.8507640192039219
4682,167.58088372641112
4683,138.86899829632213
4684,100.69775171122025
4685,245.2279270312647
4686,4.297717993449023
4687,216.6566781836693
4688,343.07202015748305
4689,99.98672218825395
4690,5.9693173317663275
4691,6.7565987129324006
4692,4.306791678882529
4693,108.78183557356851
4694,4.246511083664023
4695,361.52763503238407
4696,4.505171564367769
4697,2.5357669275001595
4698,4.695591396267968
4699,3.9336428725117125
4700,103.92603993860027
4701,5.553140200388992
4702,1.9835349767944312
4703,3.698044427361936
4704,5.09999781017561
4705,283.00833692932076
4706,3.3903446921756544
4707,4.942819053162473
4708,3.1292353546574123
4709,78.12695661936371
4710,158.24915005624013
4711,6.316972900856413
4712,243.12668638640758
4713,3.648620834975199
4714,5.767292798406127
4715,84.53560569565606
4716,59.79984660827192
4717,7.494372534065585
4718,5.714906602861251
4719,183.5708520408436
4720,166.7034015195063
4721,6.187973915392289
4722,4.133971713916843
4723,6.312802117170276
4724,60.051225374473084
4725,187.66622070545662
4726,3.648184089926722
4727,270.04308765562774
4728,243.43312397380464
4729,3.9173890222552923
4730,172.24347353526286
4731,22.202921832432132
4732,-52.568469196244536
4733,5.456710914865167
4734,6.308326622972273
4735,5.5373857237030695
4736,3.266334362098025
4737,63.76147144845767
4738,-25.681000505658663
4739,154.46911198129814
4740,297.20153574958033
4741,4.781959972673177
4742,86.13434108479352
4743,5.577965135926453
4744,269.859728484373
4745,51.02445715327455
4746,4.117298624695775
4747,2.7981956636346834
4748,3.121428242893787
4749,5.805140240641883
4750,5.737934183047529
4751,3.7489124531372306
4752,103.99308675758186
4753,154.39649541896554
4754,131.14507929825118
4755,3.970028706630592
4756,1.9852246606559467
4757,3.347068312652181
4758,74.78829229706517
4759,113.64330980825834
4760,5.106568738133065
4761,3.5667417404696904
4762,185.6399091509116
4763,213.48056379481852
4764,2.3500512915867997
4765,339.55129850307156
4766,26.484320979388308
4767,15.644459089073427
4768,15.889164352065642
4769,-22.517506551754387
4770,29.905225681615175
4771,26.256642222500712
4772,4.021561680627021
4773,4.201098979413645
4774,146.14359268643338
4775,2.335095013918562
4776,2.5079100530338816
4777,189.9761928754117
4778,4.823866663216365
4779,37.705495390448945
4780,1.6941631751351218
4781,61.11158188757449
4782,4.832717364545951
4783,3.856289846794045
4784,2.6302769521199294
4785,53.15251983531989
4786,72.28738302017506
4787,5.593012602959615
4788,3.612593042433377
4789,3.073936423762782
4790,137.61772132438986
4791,194.24501770920065
4792,4.479117638354646
4793,169.4109661241163
4794,55.94148264566841
4795,235.24590452458906
4796,3.3701458268535247
4797,133.94461768414052
4798,5.876670506875483
4799,4.035687770010954
4800,348.60444161037486
4801,3.8969981476655464
4802,4.950370250389336
4803,274.7345215677818
4804,1.657183825469158
4805,226.89173432787263
4806,4.333065734650434
4807,3.3638818569511586
4808,60.15685414218581
4809,114.77209785554078
4810,1.653569877825447
4811,2.0962361819997533
4812,5.153282379575044
4813,250.76691234450993
4814,237.41686459450725
4815,2.7167256753859106
4816,2.668612981191383
4817,6.024773677174667
4818,1.6843587940420566
4819,74.92376107353498
4820,2.3831101288061642
4821,190.54552574160152
4822,121.45408110150251
4823,4.999970216468016
4824,3.2294316897108857
4825,262.054985310155
4826,4.881574127128532
4827,6.021886461885728
4828,230.79314508346454
4829,119.91529932959318
4830,105.16112047412713
4831,205.2069262351438
4832,6.94644371825097
4833,3.7017115580564637
4834,106.82917588150822
4835,3.8120769800557337
4836,6.732380658764774
4837,197.02273298433653
4838,32.97088818320542
4839,299.9144981705007
4840,2.5215087120003035
4841,136.65254034190315
4842,40.4650330776971
4843,2.1727799629693294
4844,4.097456069643694
4845,4.516681809677012
4846,7.098461772179978
4847,4.004642873652184
4848,2.4026062523030793
4849,4.451964662302936
4850,6.73467124277731
4851,5.774432209950245
4852,103.73225159538978
4853,287.94267102103487
4854,2.5959992441784796
4855,2.8301386327236377
4856,189.27876640347554
4857,246.77111208464393
4858,251.01597087753188
4859,129.14695725756835
4860,251.36363722323009
4861,-41.14053792547314
4862,116.32666566852433
4863,6.741761187008994
4864,5.919717006888851
4865,1.8928669853735673
4866,1.2085699018784963
4867,3.3511695872320484
4868,63.611714428421514
4869,1.1622810414347373
4870,140.0976508324515
4871,6.775800117823726
4872,2.3345829331918755
4873,303.8843708702832
4874,-6.420413657054961
4875,3.4996439341436054
4876,224.1426713889891
4877,6.342261594462237
4878,92.96097135660258
4879,66.17028015205264
4880,5.85752417916034
4881,6.047071874755536
4882,27.56883319009838
4883,1.8103478952939864
4884,125.67329094126765
4885,-59.26811241258302
4886,237.06785930389054
4887,5.818017235929726
4888,291.8548535957614
4889,58.429890505031764
4890,221.95220224952297
4891,152.07369396609727
4892,1.879525274077117
4893,5.739279642040261
4894,94.60037512970406
4895,6.645311756910198
4896,5.8200718950617265
4897,6.019871410785598
4898,14.80219952153437
4899,208.88799888920818
4900,2.3742865021665622
4901,266.3257388520101
4902,4.052347454364726
4903,150.9724125137797
4904,384.74000795694485
4905,87.78462017148664
4906,152.64517619286067
4907,177.69811556286282
4908,4.516349952881047
4909,130.52074015736176
4910,144.88928892566943
4911,80.32352080452186
4912,5.585601514742388
4913,192.21675688970137
4914,141.20576118387424
4915,4.457450590037025
4916,4.819368928332694
4917,6.428314188305456
4918,2.85498833662425
4919,-4.376453017282691
4920,2.077513440572332
4921,-7.53926446840356
4922,174.65416635505434
4923,216.99622228827792
4924,6.079570490669989
4925,2.3444013374427324
4926,1.2317969560313768
4927,5.457474732646701
4928,3.2384753590581488
4929,82.31251572105795
4930,104.36009189252141
4931,-26.101331123982437
4932,5.881429920235856
4933,283.75489284440476
4934,-56.88422757310863
4935,62.867912705937115
4936,264.37423416835526
4937,30.1718862898508
4938,79.78061589490014
4939,65.99050354802907
4940,3.82733933850505
