id,target
1,4.194830058428282
2,2.5788713238834093
3,310.8994776011767
4,-35.36780652086596
5,4.2459570403937885
6,6.680002996953821
7,5.379656515092114
8,77.13399805680478
9,80.87718543963246
10,104.44418035737507
11,37.096658780961505
12,1.1883511251536492
13,263.3591778180266
14,176.42299031188475
15,3.500381136591899
16,275.6711969189769
17,3.127665698885317
18,85.16474451180832
19,3.446536235547379
20,6.7815645547296155
21,-65.93501462279674
22,58.596580045243854
23,4.299657573119273
24,2.7453390430485607
25,33.66956868273088
26,84.89293420705401
27,1.4323477274547556
28,156.30802733153
29,45.44475134203911
30,3.1891736755168436
31,6.445872742823737
32,31.176718621381234
33,45.6254353710992
34,3.780377934044895
35,2.3300814941438945
36,6.642560674424301
37,257.56492644289733
38,236.94948187233177
39,60.67130675373488
40,138.79483101608906
41,-39.0628499519771
42,3.3128242745945586
43,5.806154344205886
44,4.462155336981075
45,143.38780315647216
46,56.10358673280581
47,3.0206635115884497
48,-89.26514601316772
49,4.288836705474686
50,1.8299982148749416
51,264.27348001492214
52,3.111214265735658
53,2.7693774112268104
54,97.40157067999162
55,2.8858525416097254
56,3.7750048758408505
57,5.725201895871353
58,177.34788157044596
59,240.5683604994428
60,6.797220906235468
61,2.3614822965703013
62,226.82770078654914
63,6.688258137257653
64,2.6053743078759735
65,2.5675673500120397
66,4.007882237027855
67,5.092090561862642
68,189.110747251011
69,112.48529991849404
70,2.6667238678449365
71,2.4770436528796687
72,2.305358987026149
73,25.66646062595109
74,256.403319082198
75,185.42744099999635
76,6.084121448683434
77,5.798570669130545
78,146.50336351624938
79,269.41208878661917
80,3.534552048129262
81,54.20021590333564
82,4.289457815263602
83,181.43126190858507
84,50.08096092587839
85,-12.292745315381737
86,2.2564665729626276
87,61.09044619375085
88,187.25306679734672
89,6.04076353222223
90,5.254647850039272
91,49.15453331743268
92,42.05105674711851
93,33.59977557051231
94,4.880880479634568
95,3.9327317077320787
96,3.161259682665367
97,6.6065119663736995
98,219.52355553899247
99,82.67543545052402
100,272.99689669083017
101,5.328732254973176
102,255.4924457113134
103,3.5847738116714023
104,6.294082950424579
105,148.0975600919466
106,11.19736977574873
107,290.58864343818
108,2.5754247526733005
109,191.2700998650866
110,3.456871892497849
111,61.161140235692294
112,2.0505972457552115
113,231.67759785478586
114,6.498108824809379
115,5.26846146084489
116,388.29616646649464
117,200.02974613652327
118,184.1828286483837
119,233.71596731175532
120,313.0458957637454
121,129.87776493041846
122,3.649766252496871
123,121.53635797629035
124,282.2707953711643
125,143.4000577733879
126,6.330329442996617
127,130.46801912749683
128,3.288003228026206
129,242.02897696918245
130,98.06973246882023
131,69.02371340690765
132,-2.71994202291419
133,-48.21637162163355
134,313.7340215684102
135,6.210406764282948
136,2.183641258427001
137,130.24356164776526
138,5.829944556559907
139,206.06995056523067
140,299.55888457455677
141,58.77980876590786
142,4.560409376897998
143,54.663386682330994
144,12.247132415674946
145,6.698027352201698
146,172.7940951561191
147,224.321484116062
148,2.510138839844841
149,185.72277581161256
150,68.1834024235715
151,285.0859469373449
152,262.7344164457207
153,171.59633941931952
154,14.183516735697879
155,4.486474601076039
156,211.15913761964373
157,148.00280098665215
158,117.88365427136222
159,160.96200606956583
160,6.239999645551149
161,61.23420339028169
162,4.558306554971664
163,258.9041619851449
164,3.080848462537167
165,17.368910401167625
166,209.4966150835042
167,322.4854989644581
168,7.004647219610275
169,2.1798874985329526
170,232.56041807322646
171,3.059243136164864
172,4.319196516940285
173,-43.80601704285213
174,3.7427320236903188
175,5.662911352096268
176,142.28279753787615
177,76.50634074747946
178,317.6544691656158
179,145.1488844224822
180,226.15340772278535
181,6.401812059241563
182,2.3339997541514315
183,298.33077121972724
184,6.609447063245237
185,1.648240318971444
186,3.330276355063756
187,3.056120470087314
188,4.079839115566761
189,82.88766792136506
190,4.038706478567469
191,2.0528073226861134
192,45.511853234854
193,3.549418252532924
194,328.3176174317939
195,103.65175900809255
196,265.4789554408667
197,128.04269888638203
198,224.1581181182863
199,56.35672887412493
200,2.089731752102604
201,3.3469982400428857
202,87.3302138550523
203,47.209093188846765
204,4.396241118364107
205,271.59729352759274
206,85.74841342947249
207,224.1782155339223
208,163.11771317542224
209,67.71399694235932
210,177.37336521173236
211,59.016524010456514
212,106.638945592402
213,255.74498444350917
214,65.88710575189977
215,11.555675363377166
216,187.43996558312753
217,87.66427549886428
218,176.1211662766982
219,203.58067929844776
220,5.577922636172173
221,211.47359783161204
222,168.2753955340976
223,2.8767996963143028
224,179.53325645314152
225,268.3498487744475
226,221.46573559409376
227,48.672942448490936
228,268.7224428913728
229,257.2766517786868
230,1.5046973488540252
231,218.06762698309456
232,46.29670761527188
233,52.41136623025659
234,234.37994938090756
235,116.98733204957774
236,2.175877451433396
237,6.252076363726481
238,50.33544063955868
239,6.311740538831376
240,180.33135072427885
241,305.35164439711264
242,232.24442828789364
243,3.81948370824922
244,2.8726968406882416
245,46.64041769755888
246,116.09815612414499
247,137.15090162958975
248,6.642208198517945
249,5.917734406158954
250,63.4262877875218
251,69.18519348533351
252,196.05987924712673
253,7.685920178545878
254,180.30164528467617
255,-60.063088454166085
256,5.508470625146183
257,2.1303908437307073
258,88.58155930596237
259,262.74220261875905
260,2.425323182871594
261,5.712880564801684
262,6.265932965745087
263,-36.08196983403673
264,3.843316242213195
265,3.6617387303655584
266,2.0633035512207045
267,3.13865753313177
268,1.7354408257962994
269,201.66934268613323
270,2.8807153168121253
271,146.4717895084754
272,94.05105614735413
273,4.632474745640982
274,5.1670400875857085
275,316.5528499098418
276,185.11675355128807
277,206.4431691716198
278,-63.479816542346924
279,4.1314281501184995
280,187.29475263563066
281,5.323396148145682
282,177.98760165086128
283,216.9307319508825
284,134.54723776015757
285,253.1134816106929
286,138.14163413899976
287,227.59496746158754
288,6.165042614682582
289,112.69116693924038
290,4.644615335112832
291,131.40443869025137
292,3.8716986710012082
293,73.42713951024422
294,119.00181457419109
295,5.000680438721522
296,126.84264721954628
297,39.11584168242164
298,-36.5141289183117
299,214.09670812343356
300,5.850426231931327
301,4.019099877839512
302,5.095663447318125
303,4.2694177470671795
304,3.9258471147732443
305,4.747130132572565
306,243.96695895134405
307,3.223632262979538
308,3.2610121468581514
309,104.95666025153022
310,2.2594057365561966
311,2.3348865295304595
312,3.6968386898711105
313,155.70091876532862
314,3.9627187506414825
315,1.4007026390969146
316,2.927603744675962
317,4.095781042072917
318,3.9951280969778282
319,58.54064294998986
320,1.8751534859619148
321,6.4506311571096
322,3.051303229118648
323,1.8381056053459153
324,2.4662737555001915
325,4.206548866858578
326,4.880991132811674
327,45.071044719293795
328,4.0365535144970375
329,81.13320488785246
330,56.240202856559215
331,30.718591335613265
332,5.60771876284787
333,2.995322023588403
334,6.728679778276753
335,154.11313362199968
336,3.540089123826979
337,2.29164764154589
338,142.26234512843124
339,60.70503318650128
340,293.89279592674086
341,113.84543574141746
342,70.36524899269644
343,3.690554980257398
344,2.853769486529047
345,126.07291503488855
346,2.64806048519579
347,4.9154754682747015
348,56.28162905105072
349,-40.75386822311026
350,117.09821864539458
351,246.38581344188884
352,25.245387549956053
353,1.3292909280138112
354,5.951898049007687
355,302.5147880423209
356,222.6106471708194
357,3.0685267512251473
358,79.23873708799783
359,4.245535510761378
360,138.19293876850793
361,4.638275771384836
362,5.859977194980546
363,4.819760831206503
364,4.153231107692428
365,5.272361899024718
366,75.55829143914914
367,4.612472461281918
368,247.99570186432058
369,4.869323822419425
370,-32.116158320513094
371,260.2999448242606
372,45.449973271449835
373,152.33216290947772
374,-8.421637392514977
375,122.75305350728146
376,2.887817901352466
377,3.0756134225384866
378,3.5179184123893634
379,3.13846433536177
380,0.8906921549105544
381,6.066634937502304
382,6.09240553927919
383,133.5179662757647
384,1.7231833543425785
385,4.034254201823726
386,266.483419537644
387,2.703962564259462
388,3.994012006867149
389,57.700374994573465
390,4.9533560646349235
391,168.4583957774344
392,6.4145049227815845
393,3.970339908069729
394,315.4958803727417
395,215.85768778908698
396,3.1087910808153003
397,1.7828597435627402
398,6.523408789214419
399,169.61997619081316
400,231.32295245396165
401,1.6686466228315344
402,6.296337800221933
403,5.033212800905254
404,5.723242802701028
405,14.40355927393945
406,7.171731153934101
407,-61.36113326227914
408,3.8523092540241044
409,3.3430363256922084
410,3.9051528570562053
411,2.5512211213741294
412,-20.606603505547007
413,334.3202367007408
414,5.879436728182346
415,41.588869582354235
416,3.1443196229494954
417,6.713830138694211
418,5.625469818584266
419,5.453702712524716
420,4.527022634429295
421,162.13455588965883
422,151.98245550271966
423,134.94186559740837
424,165.43954599279874
425,5.703169464268039
426,240.16434480339475
427,3.0889643083695475
428,233.63864979610764
429,2.960693295212794
430,4.346470045771768
431,264.1521906115254
432,170.3045044812778
433,8.324219913091952
434,6.160911450793021
435,52.97508666688455
436,253.46876401339858
437,202.68972967595474
438,171.18083022563604
439,5.806628969556308
440,258.52219025386694
441,204.05734127503166
442,127.19019241872002
443,312.98912691297653
444,5.53355224601652
445,6.230269940780502
446,67.45579467447862
447,1.3548482669269872
448,6.225918018616483
449,310.1734861577136
450,271.6655723659937
451,157.15725029831088
452,233.7319410634771
453,1.8589662475178097
454,3.7600839935245824
455,132.74613635753053
456,3.282589417434029
457,4.875648429674469
458,259.0850611316552
459,72.02130317432973
460,25.159841605779157
461,106.2769925394648
462,5.89304203450975
463,198.90172556156566
464,5.324288672177369
465,139.16703097640237
466,71.55833627997579
467,2.4508537245513584
468,5.242344886269916
469,29.028441787440144
470,25.98121031184737
471,1.7858382921580496
472,1.9309928990705703
473,54.66959619148551
474,6.116216379520532
475,96.32660907616432
476,6.281346577295762
477,1.934013022197922
478,4.460466940014983
479,217.29275860576212
480,4.290456395430023
481,6.341240610750714
482,218.57326103715724
483,1.7488874684425266
484,201.26595951796622
485,116.60007030109357
486,4.676465832028091
487,2.6053031823499655
488,200.12789969505292
489,2.5912730941797064
490,4.726939052509568
491,6.361228757250421
492,3.899876184087951
493,3.9689570774208587
494,238.8312425422551
495,5.897318812795033
496,161.90951899905113
497,6.168830001498667
498,6.222471496821443
499,5.967405358459398
500,6.363578795858851
501,3.3630572403166648
502,314.18508910773943
503,132.51978593839368
504,24.455429955027846
505,1.8109203846010675
506,6.464447310640292
507,330.48709571082
508,70.33136908661527
509,259.2939288273817
510,4.097399381615545
511,150.6541034822923
512,208.26983076005342
513,217.36604289534392
514,331.7533176017057
515,258.2402952642323
516,224.5932348310597
517,282.7363765145856
518,7.113388961380611
519,39.094404015042215
520,307.2837884631866
521,1.568574626369152
522,4.0134972710396255
523,210.84709454562238
524,4.514028380903664
525,157.910893938276
526,5.658091550077302
527,5.055755454830804
528,4.304115013246798
529,6.289697912395157
530,254.42921141517166
531,94.02880118207685
532,3.91711796594726
533,108.49552623318178
534,4.33187722893568
535,7.102507760505984
536,5.927057897501827
537,1.783971290873185
538,4.960594354613727
539,268.0831902691009
540,280.9462638504931
541,242.80185055081336
542,59.95762715346686
543,96.92137766865685
544,5.025385316450482
545,4.121919161366085
546,4.001449382911034
547,2.0829654950141725
548,321.15098502954567
549,5.744644945724651
550,245.19489025599927
551,5.918385400404624
552,138.9441939123107
553,3.8356870680758313
554,77.64906910524724
555,117.68674654567101
556,241.29134130607758
557,199.1039660845882
558,5.033653704824225
559,5.54191458239322
560,145.55678365409833
561,127.1107274491465
562,159.74429912584768
563,3.1307634753082483
564,35.161230020037124
565,166.25915374016657
566,2.6021649048421156
567,53.00419937226237
568,116.00612673156729
569,302.73187596352216
570,4.116962360448009
571,207.25815270568677
572,3.0357702029940765
573,76.53853039363213
574,110.02319024085581
575,7.06552151760001
576,1.8951874508511632
577,3.188073644431446
578,173.60727067969438
579,7.521504146696644
580,283.27882022436006
581,58.40091252682217
582,76.98294281470753
583,5.292501863344741
584,3.161519214063637
585,151.3697243728526
586,4.805419825917762
587,209.35277518056716
588,3.073770612070776
589,193.13964247955968
590,288.42988127797787
591,151.58312885954652
592,6.658584535408387
593,239.98130845356033
594,287.58688188613354
595,33.634954302533586
596,5.290376410198652
597,125.9598201531746
598,2.526985396068677
599,75.63126309885615
600,160.3447596343259
601,143.09153004134853
602,34.514922389138576
603,2.1485682978623992
604,245.01117894312944
605,2.5631438606231924
606,2.781814738834211
607,6.823467060847561
608,50.42473704851196
609,272.96723940788365
610,32.641294985797956
611,66.0103811060515
612,11.937289310266316
613,2.9997930158838746
614,59.62061566880089
615,1.9031167890486638
616,169.89567365369805
617,-56.035329176373594
618,237.07096699834534
619,4.80045005391561
620,5.760895455002345
621,187.83056332610136
622,109.35384747152142
623,169.76698935277767
624,199.84296418529533
625,2.3389541689697686
626,2.157760371155718
627,70.08033258571501
628,4.067201389716948
629,223.80995037650789
630,4.484078763753117
631,2.4213318368308867
632,197.88239818492355
633,148.28884873808477
634,225.41183823190448
635,2.5084368105421504
636,112.0111844430763
637,109.69556145024771
638,6.836807800781351
639,34.95018931201522
640,122.32431468171116
641,6.801428606697139
642,3.0292456000504764
643,286.3371137992268
644,3.3314209052696215
645,100.2427836603116
646,73.65225701231859
647,173.88099645449932
648,248.9425570584266
649,371.5343416410601
650,319.696134229045
651,129.63527429674346
652,57.23663693159726
653,3.264996457207001
654,186.06838167218524
655,12.339660516561494
656,214.33702766704937
657,151.07207676560483
658,286.85400226291154
659,1.9060300234613365
660,130.18217452423372
661,4.0788478125491245
662,134.49368614269414
663,3.4315138936961738
664,-37.11683090771561
665,92.13097332280847
666,140.4782106431354
667,224.1029344829031
668,337.23367144490936
669,152.60622703051575
670,208.8931156361537
671,117.0817364670137
672,90.68044458381134
673,3.856126428439416
674,5.0463156134401235
675,5.831619717058612
676,5.378429846022501
677,33.90299149011587
678,206.60506034372997
679,4.7740591272399655
680,2.9909764256627653
681,1.9825001624470109
682,87.94598563946596
683,5.391403749948305
684,160.0725309733356
685,209.05828588787628
686,6.034147899818116
687,359.27568203543785
688,86.21029248892663
689,104.87908768996073
690,327.8133434330033
691,3.7505079899443627
692,71.20021103475659
693,5.064922667170331
694,6.592796038537249
695,1.1959236431844715
696,291.3180567975102
697,1.1608110804875167
698,234.58658788196234
699,2.0047366377097653
700,247.6077349879236
701,3.636677675044778
702,4.5276995273730005
703,58.06465387398376
704,86.67903127382672
705,147.89003374964048
706,219.863803299796
707,176.33289984978447
708,59.44244797102124
709,84.50057077771767
710,212.7543110305213
711,243.14313434603343
712,6.615635529180308
713,31.234727017581562
714,6.837890055956898
715,243.88535529578337
716,2.813882547611309
717,72.91963097370953
718,344.2063610010124
719,190.434024913484
720,4.516309983091481
721,148.64322789902656
722,2.4508632534283645
723,6.125059668076209
724,2.4797674199030917
725,2.7170738543697244
726,117.19095253813006
727,251.05920854328008
728,66.0765939840485
729,65.07191442080817
730,83.07621326637238
731,284.78910773428595
732,4.55240327289413
733,6.586653817343189
734,18.70427165823125
735,249.8345228237461
736,45.99241326117232
737,50.04105805188404
738,128.12411396794892
739,311.4844298280557
740,142.8766589110205
741,19.72324164969331
742,270.925312904453
743,145.19978232912575
744,1.7815639748141403
745,283.72735018080414
746,177.88949576149807
747,3.6856747228222924
748,63.44699700923795
749,59.551034005320496
750,209.43430789117548
751,69.94644883710299
752,231.5789783456255
753,2.0848792559895806
754,245.64409836748547
755,6.145565846437412
756,5.961671334201663
757,204.24469481839702
758,2.0339162546359923
759,62.891351711419006
760,-4.067161935382083
761,218.69190541826498
762,5.191993147695347
763,2.0047040580006077
764,63.71309678843874
765,4.565680003688466
766,30.413924950374877
767,1.267818909696499
768,4.95408819602003
769,5.7985803265937905
770,1.98559097293583
771,257.77692165700944
772,73.14656078291907
773,124.69555855360679
774,-14.597410872231187
775,58.99574440532925
776,4.3846714824992
777,227.7299283435534
778,-12.065899299947743
779,157.44563933949652
780,70.79295452154747
781,303.0797831552283
782,3.578577062052667
783,46.800832417449556
784,2.8253492103922038
785,36.61752269406469
786,127.84365249397138
787,5.466045391616764
788,1.891584567750306
789,173.78657049875164
790,70.9502168740307
791,-3.1572782430175694
792,114.4868975933549
793,-59.726771515732835
794,323.24697559259005
795,-47.01018750520485
796,131.12614213531097
797,3.763588205682406
798,62.30979111638412
799,3.4721661075660997
800,5.88427044802224
801,212.18097336367396
802,80.28135776318118
803,140.4838304281956
804,6.861885001864873
805,2.2083987907861453
806,170.71870184882695
807,2.785389624697456
808,74.38220741346217
809,1.5698243647857388
810,45.74662290501305
811,245.41008369883872
812,102.40196716733098
813,285.49610948126445
814,5.832077660520761
815,4.689040257514227
816,6.9176863702700855
817,3.0879825371784966
818,17.3124913501398
819,5.425892817288903
820,82.3766191128228
821,5.712447022308345
822,2.036699097788158
823,39.06180836333924
824,76.31051690476387
825,7.28906370489584
826,76.73589935108275
827,4.201417250494643
828,6.033687833876967
829,38.93970126879716
830,177.71413424333338
831,102.54708735379447
832,6.068034656427403
833,257.6621824251125
834,190.21946715419574
835,140.6311487589905
836,2.179265777340286
837,69.25835925891462
838,154.13706680315607
839,5.7736048463269505
840,171.85826554936477
841,140.36085737424585
842,67.29031098805893
843,2.1935382493686144
844,3.4931652474869423
845,5.349193332863341
846,6.2437679845224725
847,5.462782061653526
848,157.94918756502227
849,6.008445618443896
850,79.92307396330182
851,27.25802286923604
852,29.9467123214553
853,102.48081858166526
854,27.195177339960345
855,6.83929272757938
856,237.1654469629039
857,88.72135891722614
858,86.63755299097696
859,217.1387288281856
860,2.1066087070900616
861,3.6164739742946237
862,2.937143852414043
863,104.49201081692416
864,246.15852819230236
865,270.0250197630618
866,212.68709465715312
867,5.545172961504256
868,126.67983736682567
869,141.03205536327567
870,132.50127374317267
871,157.56746619250285
872,145.05913595206408
873,3.0682996138978313
874,83.15957044784997
875,6.387898091401807
876,108.04412149429535
877,40.73145317416297
878,90.64116584440862
879,5.382545672335035
880,6.80135763967426
881,157.34090763142092
882,5.7088489821593695
883,250.3524430582064
884,5.871201740252457
885,171.02374133492248
886,52.18176115884707
887,2.6738982828761313
888,2.084693244274311
889,228.4007662971602
890,4.065852066701517
891,2.880444682394642
892,59.05078859246469
893,5.006970228757355
894,-10.153915613445818
895,3.6774643914220766
896,220.1046475914984
897,2.5350891751846394
898,222.88900090208867
899,-57.74411060907595
900,242.21706608673242
901,3.7412091259659785
902,190.87824753280213
903,4.915730463391128
904,127.65806010672577
905,1.9647169094504093
906,1.4518126407243446
907,201.9990105815547
908,36.23484378568757
909,80.431306103263
910,2.2090001964926405
911,6.683241930450645
912,259.91280474205143
913,166.3368642212286
914,292.87627824830395
915,88.57053867261726
916,143.7164749340963
917,-18.638460273376857
918,2.5549089312519473
919,2.9306658840107818
920,393.5168059873853
921,113.95819537505689
922,214.4145291496065
923,2.4613839042077963
924,103.04795678873171
925,184.36491453746146
926,52.287628270358695
927,58.86460317957757
928,5.22574240122006
929,66.67416910541507
930,34.98557876911953
931,218.13199197520964
932,183.3745535042045
933,5.324965658263866
934,2.157109462813681
935,158.7946929252995
936,66.8033591646326
937,3.580438374876816
938,4.639396704062733
939,105.44831367791821
940,1.7611235376213425
941,5.8352099954071495
942,4.921944045245224
943,108.53189916507992
944,3.5959322409407717
945,1.9938422406302836
946,75.73287714977451
947,33.042055057688366
948,66.5685791674574
949,239.32205931846465
950,342.4923683385849
951,13.670995806329861
952,-28.583953807538563
953,5.845222134738279
954,259.5324470933493
955,196.03669450230123
956,164.84114885857605
957,2.739495228812422
958,2.96159982627805
959,223.7079910827825
960,55.979084355080005
961,166.89333775944385
962,3.611766095223031
963,6.417270556460451
964,5.019442030988982
965,6.477238722582069
966,4.018221267539119
967,43.1502562192414
968,170.35421732896322
969,164.73277168910857
970,6.286933371420034
971,356.263915735731
972,5.139370495146972
973,108.70582675861237
974,5.347640799735368
975,3.924970703615067
976,5.250833682963918
977,183.74786088338584
978,295.2310652476998
979,1.8727554007630314
980,1.89089435700003
981,-7.19887980705705
982,57.97009768107987
983,305.4956792531993
984,311.6507402066413
985,258.95300669296023
986,102.49083034030592
987,2.9367214720300083
988,243.7138259968944
989,336.38877860307707
990,81.04374771285737
991,4.304044338132505
992,303.3184629277976
993,187.94616508423962
994,3.2233804393044836
995,-10.518636256086646
996,38.07105176278208
997,2.091648045435928
998,38.808375739233924
999,71.53292080334863
1000,-4.0442678959736025
1001,279.66846813683856
1002,171.65921239080154
1003,5.5741720456350965
1004,1.4231919604886492
1005,1.8157833424061343
1006,3.8648553127247993
1007,148.9557271888737
1008,1.883743253104913
1009,6.47429890709034
1010,8.38644355925087
1011,261.0041378984812
1012,16.189532267162626
1013,199.5751022402876
1014,70.29166929342027
1015,238.36056670031167
1016,6.536168042083066
1017,5.265688718855783
1018,3.7662915447616165
1019,6.505614008552628
1020,4.338908885649613
1021,137.1334554587258
1022,77.51226255786004
1023,179.46327151616015
1024,176.66799700600723
1025,5.24549518366622
1026,3.924651092594388
1027,4.581205337152048
1028,87.77779856090748
1029,3.737081605740383
1030,32.719404488138466
1031,255.77291711876643
1032,3.117845374881397
1033,2.3686776955253137
1034,237.34371382575722
1035,1.448036940684597
1036,240.1667639524569
1037,6.780020899979517
1038,59.016911956944796
1039,3.4179293295143287
1040,-31.637925635473167
1041,3.271113829229713
1042,4.467367979404247
1043,4.0900563487822925
1044,339.19832919834994
1045,128.55227478364208
1046,38.04400506111107
1047,226.02547740317198
1048,1.8224252078323566
1049,2.902067620223028
1050,5.825517104798422
1051,65.30819263107246
1052,170.29518090071036
1053,252.8316064190821
1054,6.334315024954543
1055,37.469903021132396
1056,22.19387523940431
1057,4.396445376441138
1058,2.821745807967381
1059,3.0470274431615443
1060,96.18123397882374
1061,3.4835495047713096
1062,5.718160278895697
1063,292.8511990166586
1064,222.1312478099856
1065,66.69973945813669
1066,261.9580771809791
1067,266.63991433217865
1068,5.633208287616265
1069,4.223297079719951
1070,315.30464105961346
1071,168.0911587889657
1072,5.377480636614402
1073,4.002493852918507
1074,6.296989836262037
1075,4.856722406391115
1076,291.29179129473056
1077,6.256551841354185
1078,143.34926900487636
1079,2.8356858150214546
1080,2.317570579294307
1081,5.831186501778529
1082,4.123774481641821
1083,3.2817707005042545
1084,6.178259036773414
1085,137.7611905257853
1086,197.4560524842738
1087,50.48699823813954
1088,262.94845422339796
1089,8.667099641398297
1090,142.15460187970567
1091,250.301054341289
1092,5.851732939603983
1093,4.133047578356561
1094,6.601970792430228
1095,3.5910505298275472
1096,3.613417529145204
1097,5.223869239213042
1098,91.72930424372694
1099,116.24202143098766
1100,5.833380651471709
1101,4.681048252466656
1102,6.077857007781718
1103,261.06857512787946
1104,4.661625032469647
1105,114.14897660480167
1106,5.090267062257647
1107,6.190023760124806
1108,13.73357045824681
1109,122.92997592969681
1110,90.30297902588147
1111,3.12848576157638
1112,211.64170370237395
1113,2.64473125654008
1114,166.06880307913667
1115,41.166146238707306
1116,5.364315123628855
1117,280.83730620714397
1118,284.67809960960477
1119,4.370745660427997
1120,54.14578234040945
1121,-12.494857972892397
1122,240.70634184315273
1123,3.3109844384916225
1124,183.4501024597525
1125,2.60926753587119
1126,78.63226680991355
1127,6.001944122135946
1128,-42.56629593981039
1129,154.53299782905785
1130,6.137308695859679
1131,43.47410861714006
1132,4.635078044164646
1133,-52.033553027942666
1134,169.70645422362725
1135,202.83948638586125
1136,-53.117482997305366
1137,4.057501479764976
1138,52.58107989064372
1139,99.37026575980816
1140,119.37451144684823
1141,207.96915919842024
1142,141.57586252230743
1143,12.883015568639237
1144,-47.89987639159037
1145,115.02968456278477
1146,46.010405636169786
1147,4.217951221573964
1148,103.50856474354197
1149,39.801228629824955
1150,3.9559112601031883
1151,1.3264051760190507
1152,3.589956762913271
1153,4.303486868503279
1154,27.792830138834265
1155,178.79503025859583
1156,6.605875122067662
1157,85.23751925164706
1158,208.54487884117856
1159,106.71044061971591
1160,89.49148640583837
1161,1.7285817606361777
1162,5.473937708823925
1163,5.585730771002617
1164,4.825691992633074
1165,210.91196614768222
1166,52.792864405026776
1167,-12.40118614155798
1168,4.858407565390696
1169,163.50953880685324
1170,4.784773052598577
1171,4.508262694335017
1172,-31.697805076004546
1173,3.899758465341935
1174,186.0598151845541
1175,-51.12319211911078
1176,246.94523992762112
1177,2.3461725219926066
1178,146.76829566272733
1179,2.6765493805294396
1180,2.8106684595570393
1181,2.485694781324736
1182,140.32071000139206
1183,7.475524409210212
1184,3.815542983041322
1185,277.6913299851755
1186,128.06881757506846
1187,4.203321850414484
1188,3.210460063090004
1189,130.3872975059491
1190,3.504369472897113
1191,3.1145162374876185
1192,4.91552495026818
1193,153.1899802174316
1194,5.482580569359726
1195,2.132372087140621
1196,263.1796953816623
1197,97.94170544176731
1198,3.215875649603804
1199,271.69122901281764
1200,61.71018254270486
1201,205.52255260393656
1202,70.00123158887043
1203,3.0341203306576294
1204,165.60379178566944
1205,1.857346589533594
1206,160.1904617750567
1207,135.62495567526088
1208,223.67845890248236
1209,248.97067875578944
1210,205.66138641618755
1211,213.17852350666095
1212,6.098605585019596
1213,4.078056606577394
1214,204.25002263822603
1215,108.05547015709209
1216,237.3717946069662
1217,173.4769737235935
1218,-35.526498067800205
1219,6.151312743962568
1220,5.7584966451451445
1221,253.57939016076654
1222,5.708422596571017
1223,2.6985213046622736
1224,2.78810676824367
1225,124.33675936185601
1226,1.361480864200657
1227,4.634690387179958
1228,2.5666453129650124
1229,42.383722818481644
1230,109.89786190707768
1231,230.74485928762255
1232,1.8492371777118592
1233,-24.194548142235536
1234,3.3324173502820806
1235,14.289133506259374
1236,263.22256996828065
1237,4.088896093679075
1238,2.462311548895482
1239,1.3578915070473052
1240,45.38003293596789
1241,2.11348560753959
1242,4.190336166998269
1243,5.035498327619197
1244,166.77391531829898
1245,4.000865999186069
1246,242.95734935569794
1247,5.661969764251421
1248,120.65303347484675
1249,149.59464031615929
1250,7.4017774108166545
1251,44.823437522724106
1252,5.714256898142513
1253,4.182619118353941
1254,4.064377656848609
1255,50.91672640964086
1256,82.87184917546472
1257,130.42155816347383
1258,271.36654931174905
1259,48.31350747492513
1260,268.2202197743952
1261,5.869983177168344
1262,5.437999457712541
1263,170.81778710223523
1264,2.1355773114911383
1265,63.070271972429595
1266,116.39545601411358
1267,2.2868613380430656
1268,6.24195786790056
1269,269.2833662500741
1270,-59.84807998037795
1271,239.2878726123957
1272,52.28762502346514
1273,24.89249595489167
1274,212.83652163859645
1275,193.23901614933123
1276,43.05186898116226
1277,3.917924139683232
1278,1.7953897160356243
1279,3.9078163318263783
1280,-53.05080951915793
1281,3.5957023062305162
1282,74.22675295628406
1283,176.29676464482796
1284,2.897459999067722
1285,-48.725865690540274
1286,2.76901350697735
1287,45.32418751549537
1288,127.00523096677514
1289,4.254737478007367
1290,211.93873293973516
1291,3.2490647117444187
1292,48.71843103531596
1293,112.4415925747785
1294,260.47404875617895
1295,168.4777771262672
1296,6.382655283273167
1297,66.45489794238375
1298,-4.6205005050467225
1299,5.844961327609197
1300,174.0494908507111
1301,240.08712079989562
1302,212.35750845881876
1303,6.0551141936362685
1304,3.6171047942263437
1305,5.14102268336344
1306,59.656655080775096
1307,133.02571200353623
1308,1.8932512768643233
1309,4.95838777796667
1310,339.39032836591434
1311,2.7529203662565873
1312,6.467684579549504
1313,36.391885264496906
1314,187.91407551590723
1315,165.51871946788665
1316,262.45800881393313
1317,67.06540343781742
1318,2.038982221499889
1319,206.40267923204078
1320,247.37850423485136
1321,26.344401862132244
1322,53.47740804738021
1323,249.0546359654512
1324,226.87935365923852
1325,44.90328140231105
1326,58.74385494486868
1327,250.8892702715545
1328,3.5308965775530137
1329,6.083043260041453
1330,122.43553033144141
1331,-12.83762849729817
1332,305.7173647584562
1333,1.7340726829936222
1334,338.6540239551812
1335,1.8622773949007738
1336,105.74912875537277
1337,26.832240987609055
1338,239.9958245826858
1339,6.475286905090045
1340,194.74877412846857
1341,231.22843470770542
1342,182.8502844878554
1343,48.570759980089406
1344,132.26610531987632
1345,2.8702899221429092
1346,52.52802106361062
1347,93.99557696933604
1348,2.9206490342005833
1349,217.515266359231
1350,46.25771669157464
1351,226.41940883517248
1352,2.5951718167354394
1353,14.304672713795636
1354,4.815469438122896
1355,5.8863826494948315
1356,3.9154143916014936
1357,7.3312411678088605
1358,6.673893773635529
1359,1.6617076890861686
1360,300.6437680010089
1361,4.466027640459618
1362,6.283702284902761
1363,67.82402011420061
1364,3.35965638290443
1365,5.862200962980194
1366,6.408002115037899
1367,5.861077279735948
1368,2.443327152307717
1369,185.40989057788175
1370,273.4117527691784
1371,221.36275179447102
1372,34.123928623867016
1373,3.80750266156164
1374,164.41751355948423
1375,182.46543701328287
1376,5.409207328204419
1377,4.898493400026565
1378,118.49678595610935
1379,83.59482875848919
1380,102.84651791136932
1381,236.74870907810737
1382,84.17526727516551
1383,57.63847719955434
1384,-10.508625840367177
1385,160.43153746041256
1386,2.5127295102246054
1387,67.77192107967974
1388,1.6389385116732553
1389,217.9648735856481
1390,173.39415340328594
1391,88.32041932769414
1392,54.152706429126006
1393,271.3261832210852
1394,-7.833407332797913
1395,41.05079964141726
1396,174.4214746127496
1397,5.423615160300927
1398,206.2336938150308
1399,1.672065324894466
1400,84.69023684251519
1401,333.7552306277259
1402,58.584938990186345
1403,288.9583953695178
1404,89.5733684765785
1405,127.91294424553082
1406,1.9693503050533987
1407,131.17118321840564
1408,7.562567178575593
1409,3.3984761735327726
1410,250.8431261968585
1411,239.94966291729796
1412,-31.593906256965195
1413,127.74432962251716
1414,253.10687879564887
1415,2.020525931878281
1416,2.5282038447701156
1417,4.376203054312445
1418,307.28366387342743
1419,158.0773134876612
1420,4.62622757024284
1421,41.99988771977416
1422,6.634883171964451
1423,3.2870486686769427
1424,5.6794431481099945
1425,2.516451144289126
1426,-18.843537390872243
1427,3.519576471792656
1428,4.643418084640633
1429,4.6039008221493
1430,3.8836035172047767
1431,6.342539612939387
1432,172.3990628153027
1433,2.829744615492365
1434,5.421460318442371
1435,4.642398327495102
1436,-46.140642212540556
1437,174.43407912312375
1438,118.34078765580887
1439,6.389033635720491
1440,2.649622981638203
1441,120.55788958254864
1442,178.28852850868373
1443,52.51277900864416
1444,6.06495847529981
1445,56.60170404141141
1446,271.54121400118623
1447,244.81509667308217
1448,-37.68078315738093
1449,5.867613862021518
1450,275.43017128155583
1451,143.54123443050452
1452,5.086881708845034
1453,5.546792074059215
1454,183.24423517564753
1455,73.84159187082413
1456,-6.8491374289135365
1457,7.894580496515584
1458,4.830107375051126
1459,295.84057854122085
1460,333.6717957445394
1461,174.63501142713346
1462,-10.224716895430639
1463,75.85728950846976
1464,5.832077701378975
1465,3.2037485052527312
1466,226.90968821105054
1467,5.760342264049073
1468,5.462416454850265
1469,27.913956015135355
1470,3.711443642069073
1471,44.40802614513164
1472,6.71233296782189
1473,2.3186663078341474
1474,247.53114916624475
1475,91.5684837303956
1476,6.7038727504706115
1477,2.696274173973353
1478,104.36587661682341
1479,5.009109212798544
1480,117.36181827084204
1481,5.746984835297682
1482,172.96805738109236
1483,6.283079506322526
1484,244.79627662634624
1485,174.8669190625325
1486,7.271547948564086
1487,3.547238035322994
1488,64.06115763606294
1489,-14.034404757192027
1490,108.74150022640914
1491,3.5964369896936645
1492,2.0398183327542334
1493,6.978395798016317
1494,5.312584160167198
1495,32.15879650334044
1496,7.3317468868369176
1497,64.75608106984512
1498,6.073103645194386
1499,90.17739356277067
1500,7.108156318601425
1501,5.813775644630665
1502,91.72229298922093
1503,5.72107082827346
1504,2.1245952169859046
1505,4.524851501443239
1506,193.92928182209695
1507,45.66198679361413
1508,97.55900597268302
1509,62.96269078820231
1510,3.1947342544836395
1511,4.24164170605528
1512,64.22588939343015
1513,5.570217489877873
1514,264.5980645786848
1515,56.91427368952536
1516,2.8222461797614047
1517,342.4911178818242
1518,4.409886684505039
1519,249.0951610138807
1520,5.100196482271132
1521,48.71388381944172
1522,4.999122701903907
1523,2.948356117482652
1524,126.77150951548641
1525,-36.622955353573964
1526,2.7466136332069353
1527,5.861933338859087
1528,3.7304296969558
1529,216.39100232629394
1530,274.46741826692954
1531,3.333399285024832
1532,5.603758098613876
1533,3.437219825538911
1534,-13.101560703467113
1535,77.13271160621687
1536,5.992666136929092
1537,2.5952692942512074
1538,292.88928363222186
1539,170.71685791107092
1540,2.154251482374389
1541,141.45074292363938
1542,2.860611731577073
1543,20.118342550223666
1544,7.674499086790833
1545,3.5498774947391487
1546,5.977278026881594
1547,-22.033020239755317
1548,209.000307163974
1549,44.7216902299627
1550,3.7719419655319117
1551,2.3297587084401226
1552,237.33906954134773
1553,6.318839720612738
1554,272.5827748156612
1555,130.71071440281725
1556,4.254536095868507
1557,12.113068703393685
1558,3.6302620693944556
1559,248.3925690729074
1560,170.9677354956202
1561,202.4542365403341
1562,245.4763404437714
1563,123.93566433893628
1564,3.3368525073014332
1565,89.81627705820745
1566,3.5866170933303
1567,10.391857253194834
1568,102.4938641888026
1569,14.743153866471939
1570,288.9269496495376
1571,3.3244944484325094
1572,82.49993963045566
1573,2.0824060815553556
1574,4.166463084492225
1575,5.9184529457077275
1576,4.293005348855611
1577,5.639880712942948
1578,87.18155260918876
1579,5.2821957894993385
1580,193.54446116170766
1581,235.6211792568658
1582,6.7566300064642695
1583,282.86379020989796
1584,301.77353654181275
1585,6.02317942196468
1586,4.9553862378604805
1587,66.96086219885463
1588,287.2013890923858
1589,6.9737806862424
1590,5.9448383669661915
1591,154.68811165321563
1592,7.177912468352062
1593,131.85720200552421
1594,148.19098988833758
1595,125.35236217102226
1596,5.928978694423382
1597,65.82781021754819
1598,6.345042732728999
1599,4.047956989845729
1600,4.423069417235299
1601,2.6504546367275825
1602,6.015257845300573
1603,255.87081456439978
1604,51.73199637261909
1605,119.29401348081188
1606,264.3945145579055
1607,34.51659539726876
1608,3.460017869375981
1609,6.573339883789237
1610,3.7806368192320203
1611,191.58141176770212
1612,89.47561689843674
1613,2.6620827890187315
1614,274.5716058606375
1615,5.9715236917455
1616,4.099862996889993
1617,188.00543243647934
1618,224.5119768605763
1619,10.682014626324317
1620,88.86603661741265
1621,2.7850372833697117
1622,2.8155183090172886
1623,2.790607622106746
1624,245.23640326004016
1625,75.80804921476238
1626,1.691993111198295
1627,47.447773149473875
1628,3.4565121198112996
1629,203.97870336916787
1630,100.8798762944289
1631,3.885501615501984
1632,285.8105862369638
1633,5.041653736131231
1634,-3.4623000521189002
1635,3.6647106972781733
1636,4.977831327234216
1637,6.400464168933459
1638,207.31943564345033
1639,56.55156018489109
1640,4.373566996181377
1641,314.5752547397658
1642,145.74650679333303
1643,200.33743815553754
1644,120.93101109313501
1645,179.9785607676587
1646,6.230846730840719
1647,6.456741157156632
1648,30.36620193471599
1649,4.437409106780074
1650,89.82938304754576
1651,6.665134352821975
1652,6.680618493298677
1653,225.89617566358876
1654,6.561287748161529
1655,307.4202146717938
1656,59.08732816851655
1657,1.3593245344806486
1658,282.21597439544803
1659,2.2157108554685156
1660,4.954301857062086
1661,7.0783375469042475
1662,210.48503950461512
1663,5.870957845874008
1664,139.51420513952996
1665,1.2273139228847558
1666,66.03709242602676
1667,-62.54615970742108
1668,246.99611603814503
1669,55.08193876901696
1670,2.0002664133373647
1671,2.364852206570162
1672,5.340137000664059
1673,4.473724503372283
1674,153.59230766173155
1675,2.1786768990359593
1676,-54.05678641808795
1677,33.261032925131865
1678,-5.809604093652396
1679,228.30699555784676
1680,102.05011913195617
1681,1.8192203323761373
1682,3.18881429851709
1683,76.83845174689516
1684,18.342272983892965
1685,6.669881652732891
1686,138.40926899205635
1687,7.488177608301443
1688,186.54320268657312
1689,279.6131327364331
1690,3.121064754887853
1691,3.703571704794254
1692,4.20447301936843
1693,2.545359729781667
1694,78.66904477677502
1695,218.0080142103238
1696,139.02652794725307
1697,2.48630065760753
1698,222.07487440557347
1699,184.29250615120037
1700,111.43930265960526
1701,264.0725123717998
1702,-77.42318493947562
1703,5.919267556977715
1704,5.577404001428313
1705,3.0155296241359038
1706,112.96167620586172
1707,5.520905575247886
1708,69.03391724062129
1709,150.91577365703313
1710,6.332972818385414
1711,74.50433714171393
1712,1.8892047480183956
1713,5.897614965489325
1714,-61.39929508425712
1715,5.042673896896359
1716,2.5205657480649775
1717,19.516821492047434
1718,119.6569886782712
1719,22.358502502292353
1720,6.261327926590528
1721,241.4451691170068
1722,3.576329202959367
1723,164.03029520372678
1724,138.93995168713778
1725,3.724366818212358
1726,4.0547463014332825
1727,254.41448583351246
1728,4.095375468074293
1729,3.6213581794931593
1730,54.55989026628926
1731,216.15939337089907
1732,4.767968184938078
1733,360.9741649043236
1734,270.4415145425059
1735,184.48825655017743
1736,3.352997114339529
1737,309.5550149890125
1738,290.531653406114
1739,194.89416331264354
1740,83.86395224326064
1741,109.48314040643967
1742,246.32094311855258
1743,5.235240508522666
1744,118.73309809472367
1745,63.56500680878504
1746,3.56042269591324
1747,7.670438377779789
1748,197.82797031538263
1749,3.5914316523718064
1750,125.2544007381285
1751,42.148016599664246
1752,7.041460239237855
1753,6.031181512544006
1754,275.8797739902685
1755,228.2140273553571
1756,1.9054706310080816
1757,212.3797473928536
1758,321.97492116033163
1759,4.448928546741828
1760,263.65072629229513
1761,251.7200925379455
1762,21.30965342961791
1763,46.49110039453589
1764,19.551890713110588
1765,4.776559560281861
1766,228.39282199230968
1767,184.49839997580483
1768,5.767457985018412
1769,88.29297530649401
1770,73.75024784831817
1771,2.7296669250644356
1772,220.66647447231085
1773,261.10109959422323
1774,6.520239389697181
1775,281.85903657142296
1776,2.838025417782654
1777,13.857746643694462
1778,3.0373255477863084
1779,-23.22067803094023
1780,112.74381037888082
1781,5.7130515059042395
1782,201.6930288315741
1783,235.26324293414837
1784,4.3366073190318914
1785,46.27944633004056
1786,2.7329581471015367
1787,70.81164410956235
1788,5.170239982774822
1789,2.6085070525789704
1790,43.61011181299373
1791,3.979622215781786
1792,2.7723808339467304
1793,2.0983400210012966
1794,167.96075012139445
1795,188.66846422415017
1796,251.40227234280414
1797,140.47925257466778
1798,6.3879542308334845
1799,203.35188074024506
1800,137.01623777412598
1801,5.071877284208531
1802,2.3247088340915445
1803,137.53963073909716
1804,4.072606394417417
1805,178.48002824020165
1806,5.619132076777435
1807,292.0652792567595
1808,163.72866369938848
1809,62.902774947060905
1810,4.298086216161431
1811,2.8187274306781327
1812,33.69069852885553
1813,3.5532158727359238
1814,171.4722005340751
1815,253.09076235582478
1816,5.437161302679747
1817,110.1203327481276
1818,64.01994964005102
1819,232.6633162323609
1820,6.220890455048009
1821,3.2351603135059013
1822,271.5820754734687
1823,14.445501841865536
1824,69.54860606048541
1825,2.272157801133685
1826,6.044084490968817
1827,4.476856194136289
1828,2.1072959713815833
1829,207.67384588937762
1830,237.12201745021696
1831,6.762212017992894
1832,36.20973859824852
1833,3.4676529876026043
1834,4.051459558880621
1835,111.44290217377971
1836,6.236012882276553
1837,6.086023339656123
1838,5.8709578867322225
1839,124.22575727732116
1840,2.119042216736409
1841,-89.24346898123406
1842,244.88390984035567
1843,176.52196390328356
1844,253.10688139316375
1845,164.54420142430592
1846,49.110543293368195
1847,263.57793272049264
1848,108.40569085056576
1849,3.628004994512434
1850,5.434795101781669
1851,-76.45153811035097
1852,6.092842086605257
1853,85.44121298224704
1854,61.29106209608787
1855,5.4304944004021705
1856,182.44290841868474
1857,2.6483255891194806
1858,5.049313022579903
1859,6.304109591718793
1860,5.75185180949592
1861,152.29497334716086
1862,6.265342349598602
1863,75.6143409833725
1864,64.97479393183296
1865,214.52466474085526
1866,167.3504840764641
1867,97.50370265541936
1868,265.23004826849717
1869,148.88154571384885
1870,3.523735945772636
1871,211.48268385755608
1872,42.72093813792567
1873,2.928136336681617
1874,22.492996974165475
1875,111.0738607341103
1876,2.9385009611555306
1877,2.544207378152348
1878,65.24000884506265
1879,79.44587107670405
1880,255.18520272388866
1881,5.641566836883216
1882,102.63567881657093
1883,6.131842504816981
1884,88.5212808521228
1885,302.2117141064275
1886,267.18819282471577
1887,3.347088314598766
1888,197.90564392986957
1889,234.3995317878941
1890,2.5207089088145196
1891,249.11833437640354
1892,213.83762942457344
1893,4.281126495782732
1894,2.0463698542428603
1895,14.73515339175383
1896,5.836068982823604
1897,66.3141796571491
1898,-46.36677297246962
1899,3.0646844212513686
1900,5.855455584095572
1901,268.6520455211378
1902,225.23026010112363
1903,-64.4871891759821
1904,82.24950936688302
1905,61.14201499277503
1906,182.60477276554138
1907,6.723588715393195
1908,5.974039305529488
1909,125.19981475375974
1910,5.668700273261922
1911,5.538326154971421
1912,3.7068117826758966
1913,79.70470552872955
1914,-19.239252614843153
1915,7.220700681295359
1916,1.4933829134539607
1917,3.053574397105275
1918,163.00750363930632
1919,4.735142703811947
1920,4.7822743979051126
1921,80.74161176394506
1922,3.1978322382569977
1923,6.781179679723949
1924,2.736712207275784
1925,4.093518674126717
1926,92.12754570166567
1927,148.3518614138831
1928,4.170990786437782
1929,46.80083371620698
1930,2.8337309538055253
1931,5.964114288148545
1932,4.792367571879721
1933,2.913768009204382
1934,251.87005163268765
1935,6.165964148462074
1936,4.96001807600238
1937,36.34185177848805
1938,-21.409695986927332
1939,2.6985768548496543
1940,266.554046963174
1941,3.4928953663757007
1942,214.87516982423585
1943,3.7629806384791245
1944,233.60092389586214
1945,296.67113800165794
1946,5.772024655568396
1947,108.05820435663682
1948,5.5073980946202425
1949,1.6043047636649872
1950,39.868128946319906
1951,2.5233313360005396
1952,50.40620941473044
1953,386.70015032318247
1954,2.5484208563437267
1955,112.69993297565304
1956,2.014289493152309
1957,122.57978888963214
1958,3.953616496006596
1959,172.8256519143402
1960,63.46616448566938
1961,1.088178487753939
1962,4.2626591093396815
1963,3.458571088637475
1964,4.924010368898253
1965,96.88667201718715
1966,3.3150314495359234
1967,4.847470899280715
1968,261.28367070835367
1969,74.5990740116736
1970,5.771944961346676
1971,2.1389270322364538
1972,99.93928551943723
1973,-16.36960031223771
1974,2.668333586922291
1975,2.7411260877204184
1976,313.56129298354944
1977,1.6849210750523564
1978,216.3571080547095
1979,99.135577713181
1980,267.6356501408537
1981,162.0805249532123
1982,127.89508505550631
1983,80.37016287419472
1984,8.159495422466561
1985,4.48089940274978
1986,3.952723142344358
1987,6.276294855960574
1988,1.3786243185703706
1989,5.697084593371736
1990,4.711971055058378
1991,30.690239618395665
1992,4.062509735385218
1993,17.873979532990624
1994,2.0514392941648394
1995,111.78276069165119
1996,3.9610937786757585
1997,2.727808578810296
1998,5.270571687982403
1999,307.3853916557074
2000,5.8622010038384085
2001,274.2952605533799
2002,-42.19588592366698
2003,6.713830097835997
2004,329.05545862175103
2005,64.33517013722638
2006,4.805530264934628
2007,45.02224393567776
2008,232.42260543818838
2009,132.80969652240748
2010,285.2756118174452
2011,6.167406561313728
2012,177.91775263470362
2013,-17.69312454543195
2014,277.75056272016366
2015,200.52991295547724
2016,41.093477054102564
2017,2.8789967222598136
2018,41.22312891134062
2019,73.46621628637612
2020,6.734036203800133
2021,4.3249229442711785
2022,189.06575885018628
2023,90.82887496370682
2024,2.7952121180735947
2025,4.199886186817042
2026,82.09933397223914
2027,5.858960216583013
2028,6.253756131360494
2029,38.61964715629037
2030,299.21031613896014
2031,80.5105422071005
2032,289.28350797045084
2033,226.0598729932453
2034,2.634320259365021
2035,60.767626289524664
2036,194.76753383676456
2037,4.871282586009681
2038,3.041185746079505
2039,2.9958284609502535
2040,127.54213757721577
2041,251.37525920752512
2042,4.205563929128948
2043,181.11062070058753
2044,2.733946984760975
2045,94.97054030359656
2046,282.41357214223325
2047,5.279893956521931
2048,-28.69421495412304
2049,1.7122658466042047
2050,348.84598783442425
2051,3.7481920209009734
2052,3.466246489600407
2053,242.57644433966323
2054,4.476287202743909
2055,3.867790615663687
2056,-40.97512090465618
2057,191.86765428796053
2058,-7.636126965689246
2059,5.462084941623104
2060,27.621088116952627
2061,2.256787805950776
2062,199.21023154947363
2063,3.4964970606501353
2064,3.5871327920816327
2065,3.681600214498284
2066,1.9475932804282885
2067,6.196017558253418
2068,3.3447892718489167
2069,1.6729904428509328
2070,269.75516690536074
2071,287.2013877936284
2072,4.6258608990510774
2073,203.84975490067205
2074,365.21563695669477
2075,254.17962559869352
2076,3.4089520983390815
2077,2.7556047157105
2078,4.1980750783844645
2079,4.088394229878333
2080,2.647483243324026
2081,3.1974482978298795
2082,5.492217502478904
2083,32.38005588295235
2084,2.7419454191721844
2085,4.918688751234271
2086,130.64739069982068
2087,90.29019353249925
2088,19.04955245404793
2089,79.26414228163799
2090,251.28527394375354
2091,182.06197286235795
2092,-88.397326023696
2093,5.055034869452847
2094,3.3853664641194117
2095,91.98780027852402
2096,44.70030936991134
2097,114.68018225828453
2098,5.843317494212235
2099,-20.118726364876352
2100,13.591291973389492
2101,5.774339452857535
2102,6.436770006489937
2103,91.27317006823137
2104,64.56693955768901
2105,55.744788268116324
2106,303.8759688784853
2107,7.2931428018705695
2108,6.993842712360693
2109,5.854309071658496
2110,247.90809879708846
2111,3.463381465542675
2112,43.57876113714079
2113,85.9120721164762
2114,2.418713795231929
2115,49.04764157438726
2116,3.644917871318538
2117,3.6034081341336908
2118,3.339298072221893
2119,119.86819760986066
2120,4.54923517336416
2121,189.60848325502408
2122,216.32136534264316
2123,2.8322573760451504
2124,1.6423804483431734
2125,4.368937849636431
2126,6.051378237011021
2127,57.00197630481071
2128,206.30714332284384
2129,1.8077942686573454
2130,2.4143826870817673
2131,5.387990830305384
2132,6.019500221470579
2133,225.34772393418828
2134,67.84231614938247
2135,224.2931715869318
2136,27.902981052205273
2137,236.34832224310702
2138,3.374322943743828
2139,63.45237513292951
2140,52.57421527001799
2141,58.31763240788841
2142,5.62124412185669
2143,9.873047146547352
2144,151.68988512717306
2145,45.070328876390604
2146,4.2072752534199696
2147,3.7956208921068857
2148,67.39814048622482
2149,-63.469366742168134
2150,16.40655772397097
2151,64.31069398879416
2152,4.911220324788267
2153,3.2586112982643525
2154,1.859737987442084
2155,2.3264367097158196
2156,5.870957845874008
2157,124.95868556213875
2158,3.9166062760018825
2159,322.2406182495975
2160,223.92611430643666
2161,289.54244211767354
2162,1.8778800016885755
2163,298.693100840493
2164,6.430244820481624
2165,3.091140040849865
2166,2.4266973599794763
2167,29.529790279819387
2168,295.1787752083954
2169,2.3453561387406037
2170,2.4781000341534476
2171,155.52421139663088
2172,5.475974447352548
2173,259.63686276500573
2174,258.4052557753329
2175,1.4086902080578296
2176,4.751895322517952
2177,-33.69813146416795
2178,4.229058274012566
2179,74.86498403643907
2180,272.6177165028121
2181,2.44361008622837
2182,173.76893423227426
2183,165.6519092397171
2184,5.867613862021518
2185,2.3991732929077023
2186,2.753185697404029
2187,4.48598961195995
2188,247.96243995954353
2189,248.96898419988523
2190,75.79656349678262
2191,2.5951172709283816
2192,2.9696309685662934
2193,114.13414876259048
2194,3.1659020915744804
2195,4.902790278670286
2196,6.411554317511294
2197,1.9548320364085405
2198,4.57506334152807
2199,3.0322256281345834
2200,1.7431817079868317
2201,4.158286821733746
2202,84.36967323951862
2203,2.6916800087283184
2204,2.025701177512895
2205,118.0134369251349
2206,5.206985310641604
2207,174.01787556476694
2208,4.66195376179144
2209,10.296763204648864
2210,239.3334217216408
2211,1.7280226898888293
2212,4.555350707387526
2213,6.512233270201246
2214,77.81213175687449
2215,62.370066156812385
2216,94.1057300928534
2217,4.633042789248919
2218,41.474727482130554
2219,2.7176546610739223
2220,5.636388546733646
2221,3.439679039071608
2222,-31.653617052809068
2223,204.43398750149015
2224,-61.074139601819006
2225,168.24116263647127
2226,-20.32963333890294
2227,66.52560405744404
2228,134.70164801637563
2229,162.72701672687967
2230,3.098514988417433
2231,5.475203443708861
2232,4.309972766902576
2233,262.4392417828557
2234,220.47055117958172
2235,221.41906282663905
2236,3.221479369561282
2237,4.244798627637735
2238,253.10473121104783
2239,95.85645815106707
2240,241.8234392644153
2241,2.4779116395073757
2242,233.02560481051853
2243,6.105476889113943
2244,99.26993370723636
2245,224.48917042198607
2246,113.83745400224544
2247,246.14837433301648
2248,5.94027639255739
2249,293.6890000511295
2250,135.55475148748445
2251,5.0248288354831905
2252,257.9010682115181
2253,6.123244324265507
2254,170.61778438550516
2255,-94.5004481375112
2256,51.537606539923345
2257,1.8359895441838727
2258,2.952859901510168
2259,76.45507569398559
2260,6.281936225461024
2261,81.7038082485158
2262,1.9479127508474696
2263,73.4848691124069
2264,0.44850160120178906
2265,54.00552674150942
2266,2.320833299815185
2267,2.9513495048481087
2268,5.405451162409808
2269,3.8359157702452498
2270,8.387464792560046
2271,173.90303500664209
2272,47.48107573902048
2273,3.3676069838755622
2274,6.135364615691556
2275,6.706372474131481
2276,4.470322943364258
2277,2.7826549920399515
2278,1.602900193585063
2279,6.03231646806416
2280,2.849459862666503
2281,206.12714063422385
2282,2.375760737280182
2283,3.81513177570382
2284,236.0930671798567
2285,3.1717896973103246
2286,-16.349178339738657
2287,5.725695080058536
2288,2.9214313426743708
2289,5.848467606760709
2290,-22.793939369251117
2291,46.64594919865449
2292,4.55239832405211
2293,1.9815121790890349
2294,13.420002471266988
2295,2.875374653562131
2296,5.10586973247918
2297,141.2877408403496
2298,-38.46868199901674
2299,84.77102567442358
2300,3.653780616975498
2301,5.3782337247811
2302,-93.17513731979736
2303,154.24947071856576
2304,5.512133936907255
2305,57.659994253947964
2306,269.5258280267227
2307,34.33718066371918
2308,57.75721384361038
2309,5.814912966860977
2310,171.18083022563604
2311,-52.407093883408095
2312,69.75090640026733
2313,3.940996230275013
2314,4.726277929433208
2315,228.11094299930778
2316,6.723418832464079
2317,3.636619825325606
2318,240.14165453377166
2319,6.4187211805147655
2320,104.76742945165151
2321,3.4455544642554745
2322,238.8746944115859
2323,170.70785321804203
2324,2.0132676385709227
2325,32.397132110496045
2326,3.074810855463446
2327,114.86441271718599
2328,3.5572078474569695
2329,338.506897484031
2330,175.68145923935984
2331,1.9207714928528359
2332,274.2321898326204
2333,-5.620459199206483
2334,0.8797957159788855
2335,5.371668063214443
2336,45.69103854677044
2337,147.98805562466598
2338,186.27808626822895
2339,29.014197713268416
2340,47.08442571985222
2341,133.2908548202004
2342,2.380539672127296
2343,6.132595447603138
2344,264.9722086350413
2345,5.951960471603108
2346,98.9012300803663
2347,124.14942923879688
2348,1.8427292949628966
2349,269.2973221073159
2350,39.857916211946055
2351,4.955735363069866
2352,4.951903655459485
2353,1.7948426692328112
2354,-16.529314688570196
2355,141.78920084324665
2356,3.848929683578151
2357,109.13398699527016
2358,6.256962903628257
2359,6.778261379054563
2360,4.382488771802548
2361,5.5025297084459845
2362,249.8388440995836
2363,4.228902757618777
2364,224.32188037881042
2365,93.991152842113
2366,53.528810705527725
2367,43.20935176746825
2368,-63.43184637802981
2369,4.556054229569372
2370,232.49620734527326
2371,31.57358878240982
2372,69.15746766087736
2373,1.982819256505643
2374,-55.38832180890118
2375,2.0421691060833016
2376,135.3328228477871
2377,104.06807497223659
2378,5.342414533761496
2379,6.177937648893473
2380,37.785621653425395
2381,147.66302186787385
2382,168.72160947591072
2383,50.07930958077945
2384,3.2375505855462925
2385,247.17171859960592
2386,5.832077660520761
2387,18.013217148643246
2388,258.6408155145919
2389,85.0877405066941
2390,1.9929572447312025
2391,108.09140127503443
2392,26.000571807969237
2393,61.428419336965284
2394,133.08093359364898
2395,5.913548948362542
2396,2.612247506624295
2397,296.33260364303015
2398,284.5678408186685
2399,4.422046508744265
2400,186.33949688005697
2401,66.46585918500331
2402,223.81046855030598
2403,6.3940251628772335
2404,2.009332201825598
2405,5.1182044054388225
2406,2.6659527179613915
2407,93.44351663324755
2408,262.5019513599069
2409,199.34023489017707
2410,4.205718963841063
2411,6.515696496675849
2412,310.3209367425699
2413,-14.549357913616248
2414,4.139770865875262
2415,68.8443995259799
2416,257.51153526372894
2417,25.652836464939604
2418,3.0850498774094732
2419,4.050225567358293
2420,1.84206470922774
2421,4.805076539518348
2422,230.1739636014396
2423,2.4595563914334324
2424,175.79094000019194
2425,6.203301300859496
2426,-7.005682176545642
2427,164.14726142127802
2428,23.09337331166899
2429,4.434031854130103
2430,5.965580176984312
2431,3.3462976208101614
2432,314.5206219671692
2433,259.1747280402742
2434,4.117070206559883
2435,58.194347077705935
2436,230.51698446146986
2437,-71.87272651184476
2438,5.992237037736728
2439,7.337977164133173
2440,174.3699983941549
2441,6.360260556561789
2442,5.968092000941679
2443,4.862940030481226
2444,-68.85887137267912
2445,6.402534575760911
2446,5.447532379013339
2447,238.3030636295545
2448,6.681323645534233
2449,5.90528225021761
2450,33.189336545733426
2451,2.7153839711878947
2452,3.9311795377163237
2453,37.9481734081288
2454,291.06760625195335
2455,142.2661684158685
2456,3.549916826235717
2457,252.3224269034088
2458,5.971308521345143
2459,2.5644014480902877
2460,5.976539865410407
2461,66.04252005363196
2462,55.68058168394734
2463,6.27404933424282
2464,-76.09219524372796
2465,30.525829571847765
2466,207.89179659541358
2467,156.1256024332669
2468,265.5397518854006
2469,256.99375758009273
2470,5.871440683734383
2471,134.05938386957664
2472,2.690468835798191
2473,48.90862340427556
2474,186.87212513199674
2475,6.555038696902134
2476,109.04623208689793
2477,131.9391798160123
2478,186.60846277263335
2479,5.299643654700615
2480,45.030390326255855
2481,47.862055123025996
2482,2.085066911839089
2483,4.9751200183207285
2484,124.33665288363869
2485,127.01380668566117
2486,6.718869925877925
2487,5.264854632780076
2488,-45.75454934352483
2489,186.73956940139234
2490,5.598511125966289
2491,148.77898169731787
2492,55.12716977803127
2493,68.31120548760414
2494,5.832780830459749
2495,5.590643104251151
2496,108.52833653608833
2497,65.56354161919305
2498,1.6637283780942596
2499,6.705446298932947
2500,1.9036317128219964
2501,89.41841243523672
2502,247.37280564765751
2503,103.60745680671167
2504,341.0330967182715
2505,3.3631072713481913
2506,4.85816954537582
2507,271.54575061924584
2508,202.4793655471987
2509,110.98752665684049
2510,6.594083795880398
2511,209.45747245235935
2512,78.50810211697943
2513,154.0045120374496
2514,223.2383977624706
2515,297.9374587605854
2516,2.137662947004849
2517,2.290479346086938
2518,276.62424042621706
2519,4.464491925715259
2520,50.54786823660386
2521,131.86513646253334
2522,1.8990030801092104
2523,5.7389249237919016
2524,4.637774747596378
2525,290.82817188206303
2526,3.7796119025680044
2527,3.7643849359533803
2528,233.31390271671336
2529,116.62029483862003
2530,240.2896974421232
2531,272.9029908320308
2532,62.50868705289379
2533,1.9717454163678196
2534,6.048689058613931
2535,5.862201044696623
2536,3.747546049817827
2537,6.338803897176475
2538,5.947324538351048
2539,173.28115592555423
2540,2.7729233834300873
2541,6.314777554770353
2542,0.02033647751323553
2543,5.317919163886331
2544,142.2416103022136
2545,2.397007703534474
2546,290.37469156596853
2547,25.109418044426157
2548,19.437754447974285
2549,166.15548109837601
2550,122.71228068204371
2551,-33.03215035039135
2552,2.021907608431842
2553,279.2724686267826
2554,2.266262535963144
2555,66.62384839244044
2556,124.19777421353189
2557,4.3289142754411145
2558,-2.5810595493738333
2559,6.466329688612827
2560,222.10990255886827
2561,2.507532838268581
2562,221.5191762640359
2563,238.8765511227566
2564,274.3122711287055
2565,4.561126726059492
2566,4.610887394688888
2567,262.3816560485952
2568,25.73404240960316
2569,70.0244505446679
2570,3.672566917299456
2571,96.04836472231025
2572,-54.248192316651114
2573,191.5947874486058
2574,3.0288807388231804
2575,4.675416223393254
2576,3.648540811736824
2577,6.531228465148482
2578,43.436673090418225
2579,6.130359760478973
2580,5.0507336820073405
2581,3.0918068418965947
2582,-28.280806183421966
2583,2.189256867556075
2584,6.490725933542886
2585,33.39775702397925
2586,4.678227797090568
2587,210.5999731202878
2588,201.98222222874256
2589,4.654159989986461
2590,38.680670693299916
2591,1.8700671068925838
2592,117.16028778167811
2593,58.08962049953955
2594,75.30278475661848
2595,58.3454856495854
2596,48.945380251516156
2597,5.68389890241309
2598,6.392067107018731
2599,30.45987843503231
2600,4.566616643845894
2601,215.0653027842135
2602,6.1201373714720315
2603,352.67749117834296
2604,154.30082043305208
2605,49.265268573171795
2606,4.015755623341665
2607,39.987715989347095
2608,187.96278178362616
2609,42.2275940168105
2610,2.8011477888148764
2611,-9.316516759710955
2612,3.4986155642214585
2613,4.400162060341652
2614,3.0409784602543497
2615,119.62590544551816
2616,151.86753459274416
2617,265.8145780710345
2618,198.13092963396747
2619,4.608899760016561
2620,2.4677128840659734
2621,4.0529685089351535
2622,2.731171101662489
2623,1.440479005984327
2624,6.767267326588882
2625,129.48380271869044
2626,284.18162606290326
2627,32.28726252793555
2628,126.75732672173041
2629,48.38685339514214
2630,119.33610095906946
2631,40.430887401760444
2632,6.113115721579966
2633,305.8000902363947
2634,61.39429762970359
2635,146.68971246093938
2636,-37.57033071433458
2637,3.6624368886854413
2638,-69.95597163342151
2639,-57.88071793094524
2640,190.15155330394077
2641,3.907668788182472
2642,5.739552649853597
2643,152.8742090075541
2644,156.89690428096168
2645,216.07459705416954
2646,2.287951276846245
2647,3.5332880623838236
2648,4.679515123015143
2649,6.252999005375816
2650,253.61756502153756
2651,219.1603610822539
2652,57.50336371856183
2653,3.3557764974404636
2654,44.09072692818788
2655,232.9666193863522
2656,244.64717569470298
2657,2.8877864512383953
2658,-7.577142905929108
2659,278.64036930913
2660,1.8286019502714599
2661,272.979939435412
2662,82.73345572157325
2663,-14.387397768320255
2664,72.83075363417775
2665,266.9775314443238
2666,227.79350201991886
2667,-30.005141392719842
2668,28.12789653193088
2669,6.741372634475286
2670,123.24085269964291
2671,198.68916437927126
2672,109.61322970882631
2673,236.25424022086742
2674,240.77869945125795
2675,1.8741153438127487
2676,-31.893539752124212
2677,335.3183617869291
2678,6.885671647033137
2679,5.739772806984359
2680,78.0117915811104
2681,4.812196244109148
2682,2.820426561660225
2683,2.367996527591172
2684,2.758540767421321
2685,6.503041837551655
2686,12.046487368427258
2687,55.876274522924675
2688,59.30616388970293
2689,41.56282822878673
2690,139.98247910457405
2691,80.40273628742038
2692,52.298090484796106
2693,142.98894357560306
2694,103.5415560085952
2695,6.629421291994927
2696,152.28273425486236
2697,3.8224492547330255
2698,2.4733529143626614
2699,4.181943641558502
2700,201.304101807037
2701,63.44575467009811
2702,-7.119768437004313
2703,3.9897681979412027
2704,156.35155197559868
2705,3.1652614508050347
2706,5.334013515788547
2707,188.4901634862237
2708,3.244123932620406
2709,56.289904677345454
2710,5.943944981495706
2711,173.07667382704136
2712,1.865116825044522
2713,137.96757860876414
2714,-41.69929068328172
2715,4.583975678307839
2716,2.840610649759979
2717,286.4785437105501
2718,3.124647739443226
2719,3.112894526476539
2720,6.9040719041144545
2721,6.258091898123467
2722,3.9152118256590454
2723,220.96243790846563
2724,6.383549115513934
2725,39.06976094156006
2726,9.877684142470661
2727,313.0235993542202
2728,55.514948406474424
2729,179.97534477378963
2730,180.5772313935825
2731,152.44785684879895
2732,6.2191282097697504
2733,225.87831485865536
2734,115.22892725658288
2735,91.85537322135829
2736,82.3992040173323
2737,183.30900856200742
2738,151.0624278687322
2739,129.98917168297604
2740,6.150964089266697
2741,52.98550375153423
2742,1.5141313226042448
2743,3.635041270323928
2744,-14.31878007067493
2745,4.386628327747737
2746,199.2088249074033
2747,174.69995793533386
2748,2.8024593233699044
2749,5.4758076184015465
2750,220.58053255348727
2751,261.93363291747926
2752,2.840773134414826
2753,102.34444471228655
2754,0.44890040866091463
2755,32.71940237765765
2756,256.5567199413807
2757,5.815211727899551
2758,286.4877901785156
2759,81.43374082580365
2760,176.50000890134808
2761,6.517520105724782
2762,4.10572575519451
2763,133.88574878750524
2764,4.1941348806156435
2765,111.99265233739791
2766,2.156221995934741
2767,271.5111975048884
2768,4.52049680974778
2769,3.392391801169186
2770,206.42305859480774
2771,146.93171369382713
2772,7.0768055027433325
2773,3.170256534617938
2774,5.271722512541838
2775,6.118116783683393
2776,4.039599858882826
2777,257.6576104005544
2778,29.235119257637066
2779,2.047088227492043
2780,2.660209500223825
2781,240.5267648062129
2782,221.04499688431196
2783,5.661342250675502
2784,-13.066261720352724
2785,5.798546994878179
2786,3.558162314633022
2787,51.42562836326502
2788,18.901356126974786
2789,159.2487579223784
2790,208.98196143151796
2791,92.93956553773532
2792,156.1531136950874
2793,170.69640721766314
2794,181.16273220013016
2795,55.22241384152238
2796,243.7633957140144
2797,101.90298353046344
2798,39.890992003687316
2799,33.01331835176939
2800,5.2197304191447165
2801,4.115407812515176
2802,3.2551315674170676
2803,52.71816019719521
2804,3.6172557716473297
2805,50.24193972442387
2806,6.343632144012505
2807,30.17279684847885
2808,94.59238307137485
2809,6.171311872159837
2810,5.456473823302325
2811,180.10731167898254
2812,5.999193555014316
2813,16.879262195840703
2814,6.029338463227987
2815,263.16359728794066
2816,62.51836699920599
2817,262.9395905275726
2818,126.19890179927421
2819,48.03366874612293
2820,151.34284450341306
2821,46.18325540048487
2822,6.106906803727528
2823,42.96985714203031
2824,257.8669272086599
2825,149.47217899360336
2826,-56.87498869767293
2827,6.472208122401183
2828,5.440749024141938
2829,5.11103508271279
2830,6.211122680721753
2831,5.914493115414948
2832,5.905360073232152
2833,133.55978935669884
2834,3.7854803526319003
2835,3.532947166680549
2836,3.6326681535566463
2837,3.5194435750450075
2838,5.763042398294542
2839,2.000359102440169
2840,56.23205623356065
2841,55.274537421065325
2842,275.2417938498305
2843,6.002736338401414
2844,174.31224347173878
2845,286.94393039926877
2846,3.4453926277909406
2847,103.3202550210276
2848,19.716325851400853
2849,-56.38342575876242
2850,6.597491883686816
2851,6.784405515698339
2852,-40.0430903101515
2853,130.6059659253071
2854,2.3757769008697505
2855,65.07982733129245
2856,5.936911406639609
2857,53.81957107208636
2858,203.9481774215567
2859,1.6715490494491478
2860,142.6298395710272
2861,281.6492522430698
2862,274.5490267562563
2863,2.93783958446832
2864,273.74793979088884
2865,218.10183335217405
2866,2.156733901815243
2867,2.3917619668131556
2868,89.26690894063672
2869,59.16963809868692
2870,185.77930060930402
2871,6.165093293444483
2872,271.4519773467953
2873,4.9402325879973805
2874,23.314360500866236
2875,4.775453757045618
2876,-26.490187345731457
2877,284.7479625641774
2878,-75.01498141771802
2879,5.00437608355248
2880,229.5631552049765
2881,5.837956492989402
2882,6.165002623597774
2883,4.005893857595105
2884,6.665885674306246
2885,197.13704857627192
2886,244.19310269078062
2887,5.876790227182156
2888,2.098805540309477
2889,6.30916882237499
2890,2.391783172910281
2891,-56.406489472782084
2892,161.98344535087034
2893,64.04580137147072
2894,54.837376309437275
2895,4.810423471826535
2896,2.365065043580988
2897,5.221482916486455
2898,125.3553711682681
2899,27.32817378044221
2900,3.229911311326622
2901,44.33321421845605
2902,236.728582255201
2903,273.9449000064012
2904,3.646347312086138
2905,4.021982030214449
2906,29.706467311788757
2907,4.118611489183501
2908,25.261809216734783
2909,2.076227362359881
2910,118.80571304457999
2911,3.6817999204007936
2912,2.1899475831162154
2913,6.5300727924677044
2914,10.439083184323476
2915,8.074643728438422
2916,244.15440650246614
2917,165.60379178566944
2918,3.888485220534536
2919,353.9179764523791
2920,196.6927555214607
2921,5.407717787620027
2922,3.6761260166523955
2923,219.323718768983
2924,5.411243630171718
2925,4.981996211266173
2926,5.803501606169238
2927,47.03575676878473
2928,6.559265712335734
2929,165.93833779845713
2930,277.6919878405692
2931,2.4163114140821014
2932,5.645812842929027
2933,46.47350492571058
2934,108.93029751006489
2935,0.6861722907608865
2936,-64.39044128850692
2937,5.74054882180618
2938,-3.8727432541258127
2939,3.041861547068245
2940,167.28657489784473
2941,84.30504839375152
2942,108.73074801618
2943,6.211313614722246
2944,6.5486352639602625
2945,5.666052630547209
2946,6.3888793416641825
2947,-49.29609327224285
2948,2.4511739794416325
2949,6.634124718383448
2950,2.815142320241753
2951,153.38270004804056
2952,141.4832368804815
2953,6.409953548122322
2954,1.666102956900057
2955,25.15309735386679
2956,6.477441503704265
2957,96.13919890532713
2958,5.169261922994177
2959,182.94004740743952
2960,6.264486925985786
2961,159.49476399209044
2962,3.704433696798306
2963,4.198033408777717
2964,243.2064898964103
2965,186.2707139483736
2966,4.457031025716407
2967,3.5711383563969585
2968,175.12405029137886
2969,-80.6327007794188
2970,1.9332995263169281
2971,220.2522276816864
2972,6.706631776708069
2973,216.1383238613932
2974,254.91391449323703
2975,4.2499450055053325
2976,43.69287516848411
2977,35.43337133733493
2978,4.461936501431048
2979,4.634915920868837
2980,301.96392964758127
2981,317.00614178820945
2982,146.4840236170035
2983,140.80330961880733
2984,266.7465877683227
2985,135.56215463436797
2986,290.8866970158855
2987,227.4579281999092
2988,122.62776505709445
2989,103.3890354348246
2990,46.081617388659694
2991,7.536246804658537
2992,3.0234187954236638
2993,5.381231946770379
2994,38.6987132882082
2995,10.205113800282145
2996,4.354760846691003
2997,3.565261491723576
2998,95.31079923408187
2999,150.80363055427995
3000,73.98921502436451
3001,3.1829770176462913
3002,287.77459628659653
3003,4.2271089317319674
3004,281.80062772593203
3005,102.08295126011919
3006,86.50474366019031
3007,6.304551872399413
3008,2.8837117953656417
3009,36.24587152709863
3010,4.351312067563069
3011,67.13222051751175
3012,5.204500578791961
3013,190.91424647432927
3014,6.4995375665686
3015,3.3118454208192833
3016,5.889095488858121
3017,6.084983410847115
3018,4.424713880905731
3019,225.05829187831935
3020,3.2903269314630057
3021,233.6300866606079
3022,273.71686378838865
3023,3.0064275119136834
3024,98.74262641084583
3025,238.75094136446518
3026,166.1589773868384
3027,6.117953645843794
3028,5.517962588144281
3029,-19.20199520655966
3030,-43.220080169633405
3031,6.074830817880941
3032,6.402075040232394
3033,5.003484087321729
3034,129.95958221208886
3035,158.39121072212322
3036,218.58530068574518
3037,5.470565167173003
3038,2.089056594781249
3039,-25.98758135770528
3040,175.70961071234703
3041,4.782119060970008
3042,5.05524602726199
3043,5.8346201272667075
3044,226.168705718166
3045,171.5166371353365
3046,4.347609005538434
3047,4.074174380055751
3048,31.0670251439303
3049,5.851301859437684
3050,249.29459998588743
3051,99.26460576446293
3052,6.47903680179304
3053,4.048879714303661
3054,132.67849941978133
3055,185.18087287494262
3056,57.855769318045915
3057,3.1215960440535553
3058,103.72522200152221
3059,1.886643770800393
3060,252.11245649693882
3061,5.161914293384581
3062,224.39529399566635
3063,147.53829682615793
3064,239.82096713591113
3065,250.25129346801344
3066,133.87074125824319
3067,47.77533674077324
3068,6.136757892591489
3069,5.969036658422351
3070,3.774326152372734
3071,6.182448706068139
3072,202.388981788636
3073,128.81932638577644
3074,6.257165445396271
3075,5.866066456860132
3076,156.48356983198022
3077,28.304482700162225
3078,63.67810715044037
3079,5.494677555745374
3080,3.261442969793322
3081,5.176845742326945
3082,93.0381774548711
3083,149.32810804985377
3084,1.3563716557825338
3085,5.5114554667591555
3086,196.41383332577726
3087,3.106715146371261
3088,107.86864886980104
3089,3.540915307032717
3090,301.87497941099275
3091,161.4807055240517
3092,103.33932053930408
3093,4.051674045553115
3094,196.55323155606874
3095,262.61274628803017
3096,135.91053427271527
3097,4.845089312312025
3098,6.254025811383874
3099,17.97710735409716
3100,85.40305681058442
3101,3.5734740738964113
3102,2.277510375082324
3103,3.2238935606529093
3104,41.980250166732716
3105,20.533594245206118
3106,39.26376422947823
3107,1.5565637974685438
3108,2.5607239089646052
3109,6.163502306238637
3110,253.64602445211946
3111,2.0626488098697404
3112,214.336625976905
3113,5.425935793085417
3114,56.39663305416458
3115,274.5250434548812
3116,101.85017655448004
3117,44.776605751191
3118,270.93774503463857
3119,4.519215839410339
3120,44.7200271268965
3121,22.249679715565158
3122,135.67259759574557
3123,3.874145845559861
3124,2.642349509031081
3125,4.025640715179995
3126,213.89946243594025
3127,264.13089479939515
3128,38.12340337296437
3129,361.7005578464002
3130,2.1248571005581036
3131,106.48839325260593
3132,193.5854679785304
3133,127.1851105068217
3134,247.63359284286844
3135,1.7199098046209966
3136,310.2099156450286
3137,2.81104866103928
3138,173.00843636907047
3139,6.033509870248208
3140,2.6967887996436986
3141,18.067348917766545
3142,3.055068693840366
3143,113.62170023341798
3144,253.85016910715308
3145,5.478467701730318
3146,286.6254803997793
3147,96.96880342522505
3148,101.67682895381182
3149,-3.5158560163928017
3150,1.7098808611425234
3151,247.90672632952726
3152,7.218813689824346
3153,239.5479672440676
3154,171.84186178579273
3155,55.74706370054312
3156,47.42263768834989
3157,4.943191673692599
3158,281.2461824773832
3159,102.14569168680558
3160,262.2306137137086
3161,-33.67515515718026
3162,3.2534203867098856
3163,198.25772973337826
3164,3.191033741387648
3165,-7.53294027881602
3166,49.87487323998893
3167,6.721694879854127
3168,5.290702805229102
3169,3.5807981508783397
3170,206.8153804134377
3171,2.9283271828562505
3172,225.72845057747566
3173,277.9456417900693
3174,65.87017159880938
3175,-63.44039638846546
3176,3.655265312482826
3177,3.309494259527452
3178,185.27804089054464
3179,6.156552416287401
3180,317.18915495711565
3181,186.6063645453287
3182,285.9095281673586
3183,6.036759384640733
3184,44.89064279851695
3185,6.756590524472293
3186,124.05926685318767
3187,267.51750636343917
3188,-28.506223912956465
3189,242.2033079768878
3190,4.238701003910449
3191,244.69751499124538
3192,60.71955919324642
3193,6.536569631904234
3194,4.113177010120388
3195,5.956869134115243
3196,142.5263975424376
3197,5.477076026620347
3198,155.15905590702596
3199,183.03118535813442
3200,1.9267814054010923
3201,292.43283999817265
3202,4.417461017868239
3203,4.791002913022419
3204,18.581160900309293
3205,6.480763320154086
3206,272.17485344777384
3207,5.867613862021518
3208,197.93248477875957
3209,-27.236641474780047
3210,7.556945812013843
3211,182.25402280687757
3212,208.16966302473764
3213,2.7040655562183322
3214,257.7081540109408
3215,3.632764734937739
3216,6.0549844481945065
3217,126.59483024963814
3218,285.3477139570627
3219,88.74042247514178
3220,78.11198075585143
3221,92.42775714756445
3222,258.58505374062037
3223,342.7823060013191
3224,-70.25419590085161
3225,150.41053076548906
3226,6.021038041245226
3227,5.878672982931645
3228,17.804838866566357
3229,298.0865906269531
3230,224.45821273594612
3231,6.498256345720549
3232,5.047791667029181
3233,5.666132111930044
3234,4.145688808503486
3235,99.19470222864012
3236,144.73429288292186
3237,12.84576499544356
3238,308.24446417333075
3239,6.510982339923178
3240,76.29869866449599
3241,22.90057443685852
3242,2.671367063044607
3243,21.995317601719222
3244,193.73877840603305
3245,5.395987094777548
3246,254.2741781611869
3247,6.1795708379667
3248,45.8872711656944
3249,-26.63931436861543
3250,228.16004069042563
3251,238.00067719274705
3252,118.15801026596955
3253,56.8606022737453
3254,150.9973936896221
3255,6.331339145520429
3256,6.251718495406918
3257,8.584451181533481
3258,2.5983778364185794
3259,59.701930031429015
3260,5.878601207872137
3261,110.52572845137347
3262,317.16094647673094
3263,2.462897446573567
3264,3.4729774164299183
3265,146.43530598890987
3266,3.5560172654890234
3267,6.720231326758816
3268,3.5029379541683
3269,3.976485797815358
3270,54.06492401671011
3271,219.47639289076795
3272,2.2060041453476846
3273,192.8383900227243
3274,213.81595562125642
3275,130.63907707637992
3276,107.19880760332502
3277,5.964972720871276
3278,6.5084573158677355
3279,3.28664142957953
3280,150.95015541480802
3281,273.7668361302981
3282,2.781695571204217
3283,397.2141828252983
3284,341.9972695207416
3285,84.30887837562433
3286,3.128177251233994
3287,-7.250746142860558
3288,87.27591008246249
3289,1.8317014644794862
3290,61.640398687802104
3291,243.69303095163997
3292,2.935952030273881
3293,53.12137028196408
3294,213.83783194053908
3295,130.958183230977
3296,31.035626501781742
3297,205.3828659238596
3298,2.424746465527872
3299,253.67483670257633
3300,3.7783001924194592
3301,206.28175422972873
3302,234.34621050026175
3303,7.937394506888003
3304,248.64083608466836
3305,4.845741181303753
3306,4.711116193587461
3307,197.26855485521526
3308,3.0791317357070396
3309,6.255145758598955
3310,-45.263304872418175
3311,2.542308529229255
3312,3.9111921271629115
3313,2.5245263322278375
3314,6.012208251106971
3315,4.350673159251576
3316,313.09795333731836
3317,298.1531571862724
3318,42.55288007590214
3319,1.9665595199603574
3320,2.1240881336264485
3321,5.009352509063453
3322,153.87230272328992
3323,4.825162621406313
3324,3.728612547940183
3325,322.78817219721947
3326,75.19967718903672
3327,-48.79646558097641
3328,6.39310940531046
3329,1.8424085838718947
3330,181.06132414418562
3331,106.8198960267627
3332,3.5396788986798757
3333,236.62527574987115
3334,114.59837900340563
3335,3.3466686674076134
3336,5.42367147309152
3337,2.75656078142576
3338,1.7758482292305586
3339,1.097950797881329
3340,29.598765136210435
3341,60.65788395729339
3342,219.47609974233296
3343,126.63245382097674
3344,3.087640340168666
3345,254.75607626279924
3346,291.0565738140899
3347,184.368177786174
3348,59.27194597915951
3349,5.675222513485702
3350,3.764545645572949
3351,2.771250495487184
3352,1.8467313802559295
3353,161.50213646593065
3354,78.6105546293123
3355,3.040346415794177
3356,313.5772378737563
3357,3.5822354267978094
3358,249.3743616341643
3359,74.59465270368466
3360,133.62158499211915
3361,3.309941690578714
3362,3.370505141307209
3363,3.426142456679994
3364,44.99571548879098
3365,117.89136913816901
3366,13.190601092086725
3367,4.297360125685565
3368,83.40138793844744
3369,3.6992952253637004
3370,66.41387028124333
3371,-2.6114915354897006
3372,205.39433430687816
3373,59.2406908623021
3374,309.92964186175556
3375,2.570218251880703
3376,2.7281442299723127
3377,110.95644282335151
3378,5.045244185091089
3379,49.43224705858823
3380,315.0988973440973
3381,6.617207321473412
3382,100.63490596957274
3383,6.627622291877484
3384,53.561535956266525
3385,4.365896631534032
3386,50.65477268514084
3387,2.1411431732750037
3388,180.0470739190131
3389,218.88455371153555
3390,2.222509764644194
3391,5.727826171035776
3392,5.027395716045261
3393,168.92240376253096
3394,136.40337578799313
3395,5.2929531766390365
3396,5.681193687475757
3397,142.119313469796
3398,2.113617818861149
3399,205.24658073388997
3400,164.81312185492277
3401,5.134492622274139
3402,1.3052349856564953
3403,78.31677810973675
3404,111.18036036838822
3405,176.76898194852154
3406,190.0962676132288
3407,4.200843563559532
3408,79.49445215024491
3409,116.77462909719694
3410,5.903724991009966
3411,5.684376711261673
3412,40.996236330899094
3413,2.196256981824266
3414,6.720537644957394
3415,103.03737022261268
3416,83.21967041921295
3417,197.0868937085687
3418,164.7294789868652
3419,-28.179810838496543
3420,33.78617945912531
3421,-51.20110408742808
3422,173.06822715113844
3423,2.041927651295227
3424,3.4789916533691
3425,15.288989904373551
3426,3.5975492466689536
3427,55.48731631806979
3428,2.4872873831372844
3429,333.2467730987231
3430,307.97145051732406
3431,104.14089397695398
3432,5.8652651457317635
3433,84.73708783078334
3434,1.9508776758800996
3435,306.99683316588687
3436,222.78356687590335
3437,3.3584323539134635
3438,27.788715141407863
3439,265.28286214426754
3440,6.502887450042696
3441,4.941892010047249
3442,232.63117054223727
3443,4.966030311725718
3444,200.0932734345677
3445,3.8180630338438766
3446,5.867573323464656
3447,253.9003433153842
3448,5.418873993954435
3449,5.680016081823186
3450,103.98303926061661
3451,194.94067185665125
3452,2.12233428911087
3453,3.294089755603505
3454,16.078556049414605
3455,4.131547211459582
3456,5.6333029447106036
3457,3.84754048385731
3458,6.137901348544976
3459,169.74612239413676
3460,-48.38762956508282
3461,4.326211328195801
3462,39.55912200234468
3463,216.0952310845807
3464,4.417486640238838
3465,2.7310920499559113
3466,5.901384016197825
3467,101.78273060207113
3468,35.83067501639279
3469,310.28423644051145
3470,156.39826518920353
3471,20.40452426995742
3472,275.27261325189414
3473,6.409882389775332
3474,3.752275655647071
3475,4.496390441405396
3476,35.84442184981171
3477,3.473911616528615
3478,6.587922814029586
3479,2.68616552141779
3480,99.5733735527428
3481,151.9743955791996
3482,97.42273948654983
3483,75.1587781183847
3484,172.77556744831853
3485,2.32267270601478
3486,226.7269446785906
3487,5.824120611599349
3488,4.6748776016589755
3489,3.2331661641600693
3490,6.195555940001244
3491,3.1826743532889687
3492,2.3195626963826728
3493,305.62954903522086
3494,154.91949225475162
3495,6.380905075837391
3496,16.506212354139087
3497,4.500801087136216
3498,6.640836906040156
3499,-20.441662437877582
3500,99.22722731189197
3501,279.7969115922742
3502,5.880610826084875
3503,3.7930203260547874
3504,32.90757708647689
3505,143.58016698758684
3506,89.72540026636936
3507,6.225918018616483
3508,3.2670849981711845
3509,3.0738182812168664
3510,279.0130740646968
3511,2.0296025206139094
3512,80.01903434199573
3513,101.07940325620743
3514,3.3530721152657197
3515,33.515909936590205
3516,3.530660985632076
3517,198.57491959428108
3518,4.332855819277297
3519,223.2754313386025
3520,304.94294248935665
3521,1.9160925189156488
3522,3.49642487425431
3523,3.849264483466737
3524,6.624453074891781
3525,5.27084375320821
3526,36.65032338361583
3527,1.6923032726424572
3528,284.8937879660652
3529,200.0571137799822
3530,2.4170888864278695
3531,85.94004822341222
3532,266.91516809064535
3533,42.911226323337964
3534,7.658280725028627
3535,96.45852811180367
3536,3.500811148294015
3537,61.26141657153687
3538,6.702332369193563
3539,-4.306096010952332
3540,153.6975790200915
3541,-55.63853916779801
3542,2.7149486773770706
3543,186.3228027771853
3544,34.73144753348283
3545,2.5521569776115474
3546,5.67027945035176
3547,168.06447834663345
3548,5.32565159833914
3549,1.737680464596182
3550,4.539623120411198
3551,4.6230179889372796
3552,5.72107082827346
3553,5.840197627628329
3554,177.44450237181522
3555,4.199317834502906
3556,2.120055417010501
3557,117.12207782236564
3558,5.208065412178108
3559,98.3158788297748
3560,65.68777197115598
3561,6.250474244991909
3562,34.34264362487742
3563,-51.592923238050574
3564,5.89401431470545
3565,4.912888361276249
3566,167.36412661074397
3567,1.9846578783227573
3568,247.3106331575116
3569,169.31493677321032
3570,35.88789777501894
3571,207.54660786113487
3572,1.854207444425197
3573,6.029072057961051
3574,5.675608745669663
3575,1.9269279920219382
3576,5.334485035360256
3577,6.347319852138771
3578,77.44747464188656
3579,2.0728804975354946
3580,69.62526680418219
3581,250.6484618810371
3582,78.97630872512528
3583,75.12832858011947
3584,6.636601219773559
3585,39.393229903435376
3586,5.863068353514762
3587,38.66763841064937
3588,3.606042763268895
3589,230.79899157755676
3590,3.1215200686625155
3591,3.547048553049433
3592,176.30238704468036
3593,4.002316393203383
3594,19.412822264355192
3595,6.633352243065662
3596,33.087781992387875
3597,310.91037795874547
3598,73.98779874574785
3599,86.69015299929708
3600,2.7258478758343476
3601,288.1805591968287
3602,34.6053098622962
3603,5.422651217794183
3604,2.7561974361674517
3605,155.04434295738005
3606,2.1470885998741425
3607,3.5099371962665784
3608,283.04781244314387
3609,196.34030211710007
3610,24.20494876053999
3611,5.41704135476259
3612,265.53800998419774
3613,6.369035550961202
3614,5.246787108472912
3615,6.4471278387480915
3616,52.86557278005671
3617,5.018365312598274
3618,2.619962399326445
3619,-45.7018112384869
3620,-3.0353531397402196
3621,66.72007167833706
3622,5.171865938014468
3623,264.6396282992293
3624,-5.979511730163723
3625,112.85914917149327
3626,40.46621813023865
3627,31.127900222278498
3628,6.385241477621586
3629,44.04626313469877
3630,253.80451950554448
3631,298.4204915879015
3632,258.6584570169096
3633,247.8240522439262
3634,121.7655773226731
3635,136.40932419936502
3636,4.5491885293112615
3637,43.57473824752423
3638,64.84904536941522
3639,4.879449887656483
3640,330.90536010850906
3641,228.19050812556446
3642,154.99414901027671
3643,193.40773433826888
3644,6.60194292174891
3645,128.8443339932876
3646,2.504973655386242
3647,5.925077079515871
3648,246.3519117188006
3649,9.111679340519878
3650,3.2293454106105184
3651,199.9194699176179
3652,44.699135478055524
3653,-2.191753282491731
3654,70.4970597477612
3655,2.139188859705061
3656,157.80879599251196
3657,5.847365395208556
3658,7.942198414304254
3659,4.628728734414638
3660,5.826811264718659
3661,50.72714054096999
3662,2.1565468454839865
3663,5.7109701100057855
3664,122.15189706411552
3665,4.82378888715577
3666,274.1879754636369
3667,249.9595944034224
3668,263.16091333980825
3669,230.6720185976272
3670,7.147007482505202
3671,6.751969512409994
3672,221.52623773795517
3673,5.117928695441044
3674,286.25238727623497
3675,145.00001256096814
3676,54.88261323170735
3677,36.436121244021635
3678,-4.303183838975467
3679,4.703397339049778
3680,3.8389492720622815
3681,160.0974451565723
3682,83.38919297646004
3683,173.86168233859576
3684,47.36443541367676
3685,151.73056359766554
3686,265.20511331258746
3687,119.2776850684302
3688,258.1359883354616
3689,2.474836727380998
3690,177.9313730583038
3691,201.57542116488332
3692,288.49856111502254
3693,274.04626011859887
3694,1.7783728425895737
3695,247.75986298757175
3696,201.35154255447895
3697,0.8247071719395911
3698,-15.66560834453451
3699,4.458086679265871
3700,5.6315489084596475
3701,368.9883252770619
3702,3.84040166914738
3703,4.036216742861272
3704,5.949048778426321
3705,1.5263982421629476
3706,53.315692919549306
3707,5.798471914425004
3708,131.32367682455993
3709,3.146197896720099
3710,6.51974328176025
3711,339.51810250211594
3712,101.7183687238978
3713,5.833686245867038
3714,323.6322725357181
3715,2.531433535993692
3716,2.0594923974388153
3717,143.12219002829562
3718,78.6095909149812
3719,167.78551857884386
3720,159.19833322238816
3721,2.9529740239492837
3722,3.980292078906191
3723,3.2817761797904685
3724,1.8873165273898163
3725,73.38192322356436
3726,1.709718908391641
3727,221.98928203178394
3728,64.88356258281655
3729,-44.829664512717514
3730,159.60342687759868
3731,79.23696431765933
3732,3.499479756940313
3733,-33.62455743423881
3734,3.184457129606938
3735,2.568451687561706
3736,21.222244225521443
3737,6.062259253843045
3738,198.73907883980698
3739,-40.43818608888241
3740,238.0687835168422
3741,29.433735400360277
3742,263.0978008486237
3743,2.342354067057415
3744,72.18328627523607
3745,-13.784375728731142
3746,4.917019330744428
3747,4.8666080263850775
3748,177.45914407587875
3749,77.50574811607123
3750,1.5544588098228596
3751,216.6288689428572
3752,84.07860335474263
3753,5.04216437064507
3754,3.843495122663063
3755,-5.8149806729348406
3756,5.645783216683559
3757,26.576359199003868
3758,6.079364234990141
3759,45.4822128932497
3760,1.9514984887453954
3761,6.185992127076195
3762,6.305307743932676
3763,131.15083636195155
3764,169.50127210170868
3765,358.3687348672042
3766,6.408631363111682
3767,289.1791397504701
3768,62.84898421052688
3769,1.6582921967901336
3770,150.87294782054582
3771,3.6334349160712454
3772,206.00851314253782
3773,239.55862495376977
3774,2.575657085868346
3775,3.7081525300470735
3776,234.1355860395335
3777,6.0735384771698495
3778,229.07848609886378
3779,284.7715370371078
3780,5.891887047755962
3781,6.485093533298371
3782,2.074615924621167
3783,2.0731726822046284
3784,5.52763692852793
3785,28.609875712241234
3786,114.40090017807665
3787,6.071517630136022
3788,6.655041998242293
3789,294.5951102331155
3790,6.909912677549958
3791,6.344222923662707
3792,3.668451653688131
3793,15.190236685182311
3794,-19.561776507154285
3795,214.50289106477877
3796,194.20692051884012
3797,4.757430702464893
3798,163.97919025847116
3799,-59.50115677835643
3800,241.75231034655252
3801,137.53073562983735
3802,140.50231146154493
3803,58.15959919304359
3804,58.283252577501486
3805,4.636525132046364
3806,2.9103344122062413
3807,107.91300229937768
3808,3.664184659690506
3809,-34.11842545936351
3810,2.7528034448613408
3811,4.774057739395429
3812,265.86696002595676
3813,3.394065414170937
3814,285.4296920110222
3815,7.41041149862583
3816,3.774914863964606
3817,49.481737921179146
3818,6.255503562770185
3819,2.4411251606430877
3820,118.25904372543246
3821,7.442943466883987
3822,5.579045238926597
3823,265.1792117144363
3824,5.280855185976412
3825,242.5271800816728
3826,6.011046393005193
3827,295.4841271704722
3828,300.39433677033423
3829,6.508977249398699
3830,239.1826714920935
3831,64.71915366387158
3832,1.78911322755295
3833,53.62635645179748
3834,32.571009637108205
3835,2.709205040151903
3836,5.208394548127858
3837,6.735609539255764
3838,5.892532095029191
3839,239.39991509324187
3840,5.707963863084492
3841,133.52736380940877
3842,3.61551619988314
3843,232.32125519451262
3844,5.639982891857466
3845,5.981886273295989
3846,6.4598883730582175
3847,80.43824015650438
3848,92.71632650822356
3849,195.8997758987574
3850,33.32795749966811
3851,126.29784859794208
3852,255.17656584987168
3853,5.516994266157964
3854,253.28464030695616
3855,2.0067817136878974
3856,65.1654888077629
3857,3.858992003088054
3858,3.0105890298392906
3859,247.65669210708552
3860,6.2186581012573185
3861,-60.1991695688279
3862,-8.685630835244279
3863,3.7821884004430015
3864,2.8746115848612637
3865,266.0501066188081
3866,4.468449017638077
3867,192.01865881517142
3868,4.401511388694743
3869,3.0426760817831138
3870,122.18122252408801
3871,40.28551407368952
3872,3.5495891201731182
3873,37.96511899614587
3874,342.2921729692032
3875,274.2629901635429
3876,105.73114752187473
3877,-75.26460359132159
3878,175.90450656124796
3879,247.64871366020554
3880,6.577860625469437
3881,3.8350030536602993
3882,2.696561028183372
3883,199.6075159178135
3884,149.1626118308349
3885,6.344368992863888
3886,5.512115550108657
3887,6.2616457979937135
3888,2.671565848940805
3889,174.68790787410592
3890,1.8297909003777715
3891,2.9785431114217276
3892,184.7350247136821
3893,3.6031451179531615
3894,292.84769735708693
3895,-20.2492379589627
3896,6.652757008832699
3897,244.76409487390282
3898,180.17476788038175
3899,1.7125252062868301
3900,100.6026997309919
3901,97.87419908819254
3902,2.843364192769941
3903,27.837959300400478
3904,57.089994026823334
3905,3.7931130107597366
3906,7.60508453546669
3907,217.9989654591987
3908,143.5194255021833
3909,3.4879088036785495
3910,4.080340162947772
3911,248.72101671448354
3912,3.9706129325751363
3913,30.61985589825089
3914,278.3789109658842
3915,7.626658181865033
3916,5.8949533207018465
3917,3.769814582171229
3918,-44.52251654107638
3919,4.836005299596913
3920,32.17446274024932
3921,61.38331809694444
3922,6.7242045055837885
3923,3.183013755429265
3924,352.9181831616504
3925,64.40900954312512
3926,2.197570725880229
3927,246.0977602782664
3928,3.4321188255620028
3929,5.371406963533246
3930,6.240435588153357
3931,209.7561498161798
3932,4.353815221481556
3933,2.546596048350121
3934,6.524995714417692
3935,219.11517881394272
3936,2.02889600402531
3937,3.3802646054451495
3938,2.867853392759873
3939,317.6073387327613
3940,6.111717449356739
3941,6.1686101854954725
3942,5.195035119709095
3943,3.2015376978692114
3944,6.864844239416669
3945,322.51061976806716
3946,210.59864067205396
3947,32.57196120157084
3948,166.52640145203608
3949,5.6003587696964034
3950,247.38958571880474
3951,1.7413203518973708
3952,119.6451721085228
3953,128.70257560331564
3954,2.6721405115617864
3955,5.883797971605234
3956,168.84060910543445
3957,59.62168757354656
3958,89.0723626483248
3959,221.73609590924877
3960,6.02312901595395
3961,6.2679279036972195
3962,111.14330404171426
3963,5.8701977894134645
3964,174.8056761737097
3965,5.979281778952108
3966,3.271379619197343
3967,4.1266009209710965
3968,184.63041598519357
3969,46.12302583940611
3970,2.496512657165205
3971,3.423034200409147
3972,2.8078104934989963
3973,3.3263317369615546
3974,30.109529677083668
3975,38.30271492503977
3976,3.641087812633469
3977,4.223428430185008
3978,3.470200841619986
3979,127.52393086302142
3980,247.95744082422829
3981,257.4193996148822
3982,5.5363035025347465
3983,3.3544841159687375
3984,367.62389749187633
3985,230.237005058298
3986,161.67229833054182
3987,103.44966129442136
3988,3.5356047899122447
3989,13.16425928523117
3990,90.18271033900305
3991,261.61096107159096
3992,5.928034312823035
3993,5.759279023935486
3994,57.34716814525812
3995,129.84254004531223
3996,3.5275793587966566
3997,123.24085205026421
3998,2.4820259196770476
3999,253.78190914781112
4000,5.42616053772664
4001,4.200460821861791
4002,34.91962677324311
4003,166.19594042253982
4004,2.241006010721477
4005,313.7590718821382
4006,92.75487462150471
4007,7.052434234256516
4008,3.439349009306542
4009,5.80747398227479
4010,212.58678758079515
4011,3.6698390274019514
4012,6.369878845093075
4013,237.83628710853526
4014,5.862860999040583
4015,6.126241074773006
4016,70.39598162650131
4017,150.02295452677618
4018,127.22771374359297
4019,1.7783107475634936
4020,2.021428087827439
4021,109.10945090128014
4022,43.96684511525828
4023,3.603675548208874
4024,117.25293529655983
4025,49.22980023384632
4026,-4.965003046966024
4027,260.11713332450086
4028,115.86089520646934
4029,7.11621482855527
4030,2.548006123913229
4031,107.25663513813333
4032,86.5642155603583
4033,3.1212359272378767
4034,249.92397653841064
4035,136.08468797425206
4036,4.971116656980057
4037,3.5557208154679056
4038,5.96128825532684
4039,5.832077660520761
4040,113.27512520832019
4041,310.91650798766807
4042,59.56317403580998
4043,255.99180181968995
4044,3.8437215650813976
4045,39.505031632773466
4046,5.916955232278515
4047,4.1223377656846
4048,274.7609675806526
4049,130.5394435534789
4050,271.85852496452316
4051,55.16187786933692
4052,2.683814141010878
4053,4.0134140141907295
4054,5.427625129042824
4055,3.9763002245737926
4056,262.99633036797354
4057,6.784963150333618
4058,269.599176349741
4059,39.86716834145856
4060,252.01076566989354
4061,88.21493030716188
4062,3.820766978518008
4063,2.1871604485787715
4064,190.3464452761128
4065,2.037283423103586
4066,93.97511132378226
4067,192.08715552377828
4068,176.65184335246343
4069,337.4526365705158
4070,2.6757950313140038
4071,2.948362631922797
4072,1.9852109321198368
4073,3.247272953760862
4074,4.17584538191001
4075,-27.455929023194624
4076,46.117824945626225
4077,4.8818581023624334
4078,6.298898962583862
4079,6.60007380788123
4080,274.58195360082
4081,4.703786654091859
4082,115.24232866447257
4083,3.9822397151527626
4084,14.890201544037025
4085,11.172167304501865
4086,11.891714826795816
4087,4.045311276019397
4088,4.417500189466024
4089,87.4422659347131
4090,150.36535871053465
4091,3.9831265673982874
4092,59.56915454865129
4093,22.90884629374732
4094,4.940948175525122
4095,6.69406076319461
4096,2.2979224323131318
4097,2.6204806729101247
4098,2.8486707368076036
4099,-33.09818660459679
4100,74.1776888278814
4101,5.916168102982808
4102,4.136615620620149
4103,79.0751271732355
4104,200.2754093992218
4105,5.733627540073741
4106,118.78326205058784
4107,92.15486557944192
4108,76.21179458056028
4109,240.98085446008184
4110,6.2035750972961194
4111,72.97916846321026
4112,78.51591666831683
4113,3.0589816147873945
4114,5.1706914166574744
4115,86.00874098224985
4116,135.32802448781803
4117,86.40553108369417
4118,289.3717932986631
4119,252.2191411980379
4120,225.65686836429376
4121,91.98217988223846
4122,-26.653369712298467
4123,2.3378602986634034
4124,129.21376021290408
4125,2.3234171509581345
4126,58.71312295558544
4127,5.993817090135988
4128,1.8645426831643008
4129,6.221631787051065
4130,2.177057060783996
4131,56.59573902240356
4132,6.024379448140146
4133,4.981754848176675
4134,110.32825418744491
4135,-1.0614053941074832
4136,169.27113120556325
4137,340.91187801860656
4138,-12.03669232806649
4139,105.81337640162737
4140,53.61591830773898
4141,3.973092739502631
4142,117.26223472445241
4143,295.73842289061736
4144,72.40177771621923
4145,187.79571816870987
4146,79.53719635433029
4147,63.53574411739468
4148,290.62929631740155
4149,51.09631058667617
4150,45.83765650603737
4151,65.71397886279148
4152,124.17739502881885
4153,3.9696031710304833
4154,344.31886590079216
4155,153.63945408096492
4156,3.25402920168984
4157,15.392285902823746
4158,4.1067163813919025
4159,5.242833628200433
4160,156.00030438260995
4161,181.708807890874
4162,6.151149887930089
4163,84.0190607277743
4164,190.50012939797668
4165,9.102783438565737
4166,47.4037129991181
4167,135.47576098006206
4168,34.560872611526854
4169,2.5085431296619585
4170,19.199492767981457
4171,80.6255275136308
4172,4.629215178169924
4173,3.6700501422383915
4174,76.0604882535797
4175,138.42595081323316
4176,1.9875634023577127
4177,3.81231210858768
4178,31.46435130879356
4179,118.3317113629983
4180,178.2013555531853
4181,73.62112658008994
4182,49.963507573502106
4183,39.44239756934325
4184,187.8046419184294
4185,274.813214651178
4186,2.6131966000027975
4187,64.19917777603135
4188,4.200803589555182
4189,4.233605911785142
4190,123.09410608365727
4191,2.143427274381623
4192,35.74352295082403
4193,50.520747320235046
4194,5.9133300264214625
4195,4.163573589932007
4196,132.4034874116059
4197,6.356225350909051
4198,3.0693477748513005
4199,4.9639772591315845
4200,289.1515269952977
4201,256.2084321939708
4202,198.93090091769255
4203,5.473899957644719
4204,100.2746653057993
4205,4.7917847120278445
4206,7.484164585503055
4207,127.4056339383454
4208,158.19038266704433
4209,238.89497183599232
4210,-58.0882095247348
4211,1.8487571579239854
4212,5.899279338574525
4213,-1.7961333887538569
4214,7.093836663081387
4215,3.0120586292877576
4216,1.7938892638080661
4217,3.1165079412122916
4218,5.910586287872737
4219,64.68120023652497
4220,74.38140850044884
4221,2.1973348151359544
4222,106.85912551368841
4223,2.8789992440335985
4224,6.277153574983905
4225,5.203429335155965
4226,272.9720181363123
4227,2.2831673497021656
4228,210.8768135835466
4229,123.48311673010859
4230,2.98542167197336
4231,2.4920598792716904
4232,57.03005607337596
4233,3.149129421069896
4234,-15.119973362527626
4235,84.15253449187108
4236,249.58044600270867
4237,167.20917140801765
4238,3.156776207102033
4239,40.897222447689074
4240,5.703751440180194
4241,37.98896316876834
4242,223.48732417623302
4243,-43.981018971984966
4244,318.4704485299594
4245,5.1146270532724225
4246,1.9637117224112088
4247,3.753919046176433
4248,4.20210155725598
4249,-10.904964840532424
4250,10.175901800033463
4251,285.5978453451632
4252,6.503649405552208
4253,5.977887954692019
4254,5.334110979710558
4255,-54.325659726445416
4256,8.620760103594412
4257,100.07814960782119
4258,2.485060693503489
4259,1.5640588286064685
4260,85.52432401547243
4261,2.467306123471002
4262,286.5253059211411
4263,74.37884971833456
4264,2.6254500481507472
4265,45.184972485230844
4266,4.277531159954591
4267,6.380670023336872
4268,5.771560487696682
4269,183.12907233406028
4270,177.3188031515591
4271,213.57949739679253
4272,4.552629466598184
4273,7.9722897532438175
4274,106.40327975992858
4275,6.271278774944826
4276,299.98949108435573
4277,230.95570239800014
4278,370.1988464482919
4279,311.10923398372967
4280,113.47646854954887
4281,67.5309266617281
4282,14.498631858704693
4283,6.317863439861505
4284,4.422859469150048
4285,111.07985088324682
4286,299.1644657399819
4287,1.813943868420636
4288,184.32526609364584
4289,213.77416839828874
4290,191.88563189570237
4291,3.226722009847298
4292,5.00173499786181
4293,4.975503247438429
4294,-38.26120646495434
4295,0.9386742207502645
4296,5.4110451378418905
4297,6.469195846105051
4298,6.000068087886872
4299,76.07478571968988
4300,44.7600078708132
4301,-6.099552510588348
4302,114.60924546625654
4303,1.634612171249216
4304,-26.038931448537326
4305,3.9967188592817386
4306,295.3470388505495
4307,2.645471151199643
4308,31.958652993261747
4309,4.519560101745645
4310,2.7586516278113975
4311,2.407237592223596
4312,269.2419611274487
4313,3.366072035557323
4314,3.073728019853337
4315,225.03546117648347
4316,1.4920560679548411
4317,189.60848195626664
4318,6.068886119380656
4319,54.620105998781774
4320,115.30594126393527
4321,4.3164136884469935
4322,290.5647909967053
4323,87.4773914678612
4324,3.567983513762611
4325,6.7087647275255025
4326,3.8702083628969426
4327,107.33925418946593
4328,152.782185342599
4329,203.5676483363268
4330,29.38412534882504
4331,2.7560147743773067
4332,2.4038163102251424
4333,260.81845884819796
4334,3.683697621674237
4335,3.560596245351616
4336,2.111080793974833
4337,5.909915227256269
4338,0.901229234035218
4339,5.4347410774402105
4340,-35.27030096635135
4341,62.02750186866958
4342,198.11363713315836
4343,165.71753059680162
4344,120.11183197187964
4345,5.871201699394242
4346,4.652409420859167
4347,211.63729079402793
4348,5.68558397649936
4349,132.86946368097745
4350,-31.166391083575427
4351,118.5289458822885
4352,197.53207496417633
4353,5.054468594253839
4354,154.08654447753042
4355,125.23327914460069
4356,1.8744625251875537
4357,5.221649263717567
4358,306.87531290840025
4359,223.98079617013772
4360,3.31538661493055
4361,2.703429348004205
4362,1.2583570510253301
4363,3.460381762847186
4364,4.893435343135625
4365,1.640560142622683
4366,3.2415192970590048
4367,258.6686910971795
4368,-26.780955862720255
4369,76.03976608032735
4370,6.368874844138202
4371,202.98060192774184
4372,87.14538370214615
4373,323.15496307269336
4374,6.111438116386257
4375,234.943449912296
4376,285.03312844535657
4377,5.524815123715069
4378,5.731708148918876
4379,156.8588868820798
4380,3.050323047429747
4381,2.1987347167147075
4382,6.686287208263567
4383,27.91844173114884
4384,5.468907369049539
4385,201.16724034366325
4386,34.71246902652629
4387,297.666800986634
4388,69.46157115380765
4389,6.671985260949409
4390,3.849380896221577
4391,4.022025714258143
4392,2.6250621862418138
4393,130.58564864946607
4394,82.42918748295135
4395,3.1412405461927233
4396,15.807012664470083
4397,2.524227516911139
4398,6.374770774056319
4399,3.5335355672555053
4400,235.73109491658357
4401,6.78689800824014
4402,248.79798733257195
4403,263.3730463964762
4404,244.09734198910328
4405,357.1341455886693
4406,53.44558052130806
4407,72.96227890756462
4408,6.319083084608745
4409,110.08343104071841
4410,-87.02122268868948
4411,2.804943222336178
4412,284.1307478020082
4413,210.47989520336066
4414,3.9286070825903057
4415,189.48693159480285
4416,58.9102586097915
4417,2.734529259277708
4418,230.3906360306799
4419,262.75056733119175
4420,348.7044063264281
4421,327.8489380113518
4422,16.959490612418357
4423,2.505855015739765
4424,50.96241700496972
4425,174.57695156547118
4426,5.348830997098704
4427,220.92394965103614
4428,6.3107115196574854
4429,4.970345469865506
4430,5.193558381516478
4431,182.90988915132442
4432,3.7189279432186524
4433,3.6343431897754774
4434,108.85202815653275
4435,5.714694955216588
4436,6.363111414411673
4437,8.07666814939569
4438,102.10223751289718
4439,7.212707389593485
4440,276.9402122337126
4441,2.3376685908642854
4442,264.3545192809927
4443,6.008168099121519
4444,269.94664691192
4445,3.883824849885923
4446,3.7651377441870526
4447,133.47456506949635
4448,4.992032526196729
4449,-4.427922703925246
4450,120.55471784672841
4451,111.08576201701091
4452,249.53229708832367
4453,260.79292766897083
4454,4.927923494164858
4455,5.357919344890154
4456,197.61516595115972
4457,4.122451123068858
4458,7.014242552816017
4459,78.1299430801217
4460,0.6667363608305312
4461,86.24668916774337
4462,169.24378850501722
4463,47.118940510956804
4464,4.306951911737157
4465,105.27231825760362
4466,4.466222055523373
4467,17.54340703533541
4468,1.7922800505844971
4469,2.343076343068823
4470,4.865400591616186
4471,2.834545959122691
4472,229.30466809663042
4473,3.672686248319429
4474,248.95393437478856
4475,4.289502323166571
4476,92.55680387589851
4477,5.850055205515601
4478,4.4102975729369
4479,136.8714943423664
4480,286.1124964993281
4481,3.6978675661506695
4482,204.37588398581147
4483,65.11080217704173
4484,300.67729554596986
4485,212.14030882781384
4486,2.4083177109527387
4487,111.68319278111744
4488,57.33889943890742
4489,-33.57734162635556
4490,110.79204159964448
4491,5.43732248445609
4492,259.5226321979027
4493,306.4040681562687
4494,6.750832589551052
4495,2.8020498939575496
4496,80.51635534696794
4497,6.698294811449347
4498,204.50338583506152
4499,308.7433980504238
4500,159.82380488368824
4501,6.012482848279314
4502,5.874767617072565
4503,186.05547186504106
4504,0.6954427157073848
4505,72.09307366863223
4506,2.906347993587036
4507,0.8852009367783271
4508,129.50103957473786
4509,52.048290547653245
4510,2.1775395795368775
4511,265.7462576254703
4512,58.62724489609124
4513,102.62006192828952
4514,3.221646856224015
4515,2.7609107986731063
4516,3.3846415821080105
4517,5.221893008770953
4518,28.311265611566313
4519,115.24278101948113
4520,57.68982640177173
4521,2.719466404519128
4522,73.9717293925249
4523,6.679271273195399
4524,213.3608790056548
4525,15.194497064401219
4526,2.217662868005324
4527,112.76871028698972
4528,122.08718571805443
4529,106.92537596771714
4530,181.585540901083
4531,3.874073915729849
4532,4.525468160409047
4533,4.558956401963329
4534,61.037159510274655
4535,6.115043566125859
4536,2.121969931868486
4537,1.8286988044649135
4538,6.413955614488365
4539,292.26689428091873
4540,178.98640535082842
4541,3.314809596211317
4542,2.6954862953240397
4543,210.49976389915793
4544,32.72291092956584
4545,5.203367852506071
4546,32.889426001416474
4547,5.861460272731712
4548,179.9483157500569
4549,4.7111937580321435
4550,228.4666789895419
4551,26.795214208821115
4552,107.67727941949892
4553,120.37756461800137
4554,4.583381356922733
4555,197.00282483316417
4556,284.4856985176879
4557,5.083648381542045
4558,4.520366720689383
4559,76.87065041613621
4560,7.404779138117263
4561,5.2745615472967415
4562,184.47926967683597
4563,44.61278752625263
4564,233.26033685912978
4565,45.715584380738065
4566,223.17089854268488
4567,278.77308840839265
4568,141.58088060704037
4569,4.675757188094253
4570,196.90661876709163
4571,256.57189025033176
4572,5.073987527267901
4573,3.0987839483553223
4574,1.8396366954448773
4575,5.601185899623878
4576,152.9129863985477
4577,236.18834000611443
4578,52.07533058798694
4579,11.91700417024391
4580,0.8456016044282013
4581,351.65211668173407
4582,68.00988522793455
4583,1.7997851598816719
4584,281.2088239026117
4585,40.49933872000166
4586,5.979166096515965
4587,3.794341956670211
4588,1.799133941389252
4589,3.782052329903621
4590,3.0740326207703665
4591,70.19905820553637
4592,5.396795056389337
4593,115.14699385373939
4594,-13.743564209448362
4595,3.0585622171414326
4596,55.95160282949966
4597,144.30599400868232
4598,4.3840356262325635
4599,-31.65180628530343
4600,92.1827673079045
4601,6.998275754107722
4602,5.120820977365912
4603,5.605182588715678
4604,85.3373411820462
4605,1.9819828148572973
4606,136.708642451202
4607,46.60675755924595
4608,4.503765062540386
4609,219.6865156830042
4610,121.57535870019936
4611,98.49775727839452
4612,3.1599222867680887
4613,-70.99819721364982
4614,76.67718689913532
4615,-37.545464625624135
4616,4.272899123206281
4617,4.807339941516833
4618,4.204316838344174
4619,6.1037939102980285
4620,6.676901044263144
4621,84.4249486187384
4622,3.9163317723809934
4623,5.942082365781849
4624,1.5017505134032176
4625,83.29145373115443
4626,48.23097014940515
4627,5.300757382039404
4628,5.737079029668876
4629,69.96424853874427
4630,5.519977062566456
4631,4.894106404077066
4632,6.650639695495981
4633,217.3173322010473
4634,5.865667887766769
4635,5.995132658264414
4636,70.86619099433192
4637,6.9794921155555505
4638,413.17398681271584
4639,275.87264976598306
4640,2.0927260473922207
4641,207.53084056203755
4642,145.66245873644834
4643,59.734777098799086
4644,54.13063837657664
4645,5.481303069380679
4646,45.50261476316222
4647,10.180555900042773
4648,188.80726287322332
4649,126.169930711597
4650,135.4074290439288
4651,44.2486491975444
4652,4.779848299073881
4653,245.05259163578614
4654,12.011814595196338
4655,5.511917165685297
4656,2.9713331094632607
4657,3.1537015971661244
4658,6.441559393192907
4659,85.63153412184931
4660,2.3841026301605144
4661,2.6759481500995888
4662,3.8980471759221977
4663,122.86388798460426
4664,5.867613862021518
4665,150.31632042750076
4666,243.41432482860773
4667,1.8417716497854781
4668,117.69817897963628
4669,258.00458139630433
4670,31.702214433163782
4671,1.936533624323256
4672,1.0670262100553953
4673,73.0901995246683
4674,272.9772509094555
4675,1.7790702611929314
4676,135.88204693988786
4677,55.91700455965402
4678,5.450153523916103
4679,64.75671036513488
4680,4.988987817789916
4681,2.0386704426323865
4682,178.00486640714047
4683,152.38528167723194
4684,102.79147515114175
4685,243.19262949670843
4686,4.126319284064803
4687,232.7848855411794
4688,346.6690571589153
4689,102.37745115207304
4690,5.908452276862668
4691,6.782789707719809
4692,4.349254282905567
4693,97.43621574005417
4694,4.434924633868638
4695,373.9896523924831
4696,4.476048239767931
4697,2.3907456827211258
4698,4.482894123998699
4699,3.7148017692846307
4700,107.8520513791621
4701,5.507920332559582
4702,1.9552429326450051
4703,3.769852627237264
4704,4.940800977246576
4705,281.1323317216172
4706,3.450552338193528
4707,5.074129571335015
4708,3.1154833999719562
4709,79.42520196028747
4710,167.17248395027374
4711,6.274367793256333
4712,238.72958114863394
4713,3.686528248007327
4714,5.716506793379249
4715,77.62879143170687
4716,55.9722428982018
4717,7.408668735455108
4718,5.830324031093204
4719,181.97471311824995
4720,163.14588642174047
4721,6.156773933545765
4722,4.149393509149793
4723,6.4824769927098576
4724,62.96921757427248
4725,175.3328045444515
4726,3.339874164692794
4727,268.6279796938188
4728,240.26789183364994
4729,3.856698343043377
4730,171.93676435726576
4731,57.462798594598965
4732,-54.69768916257047
4733,5.525096010193386
4734,6.139142162624492
4735,5.5605034669101885
4736,2.9429661222343273
4737,64.54810007839097
4738,-24.214792746970218
4739,140.54421266170422
4740,298.606876482691
4741,4.452316721108892
4742,88.89076995573518
4743,5.487913527462739
4744,260.14468972649865
4745,62.17700705024326
4746,4.077575033631452
4747,2.784398039786268
4748,3.1354711964336377
4749,5.975260182972991
4750,5.806962454088314
4751,3.87926783448502
4752,88.91200400695037
4753,154.0092440490729
4754,150.66774376365268
4755,4.053850499617285
4756,2.0750664943687362
4757,3.57435796404471
4758,73.64707767441483
4759,95.81026611122229
4760,4.930243096748149
4761,3.2491430862693176
4762,182.8545306948041
4763,209.05828458911884
4764,2.331921676502246
4765,320.02442721704176
4766,37.35506189375519
4767,53.97625518380612
4768,20.40031529625676
4769,-25.775946656393405
4770,29.28896654212369
4771,28.447829033296255
4772,3.8589460267947073
4773,4.160131640069643
4774,150.76174474108768
4775,2.3872708464691628
4776,2.831184890900781
4777,167.74380403459716
4778,5.104822455999911
4779,31.611214874287562
4780,2.0045240376551074
4781,57.61772550677005
4782,4.813327147637297
4783,3.648713274915344
4784,2.652897130241532
4785,64.42920084364424
4786,73.78241618881407
4787,5.663180210400198
4788,3.6006654659902657
4789,3.153703686655885
4790,139.94220248171254
4791,201.70929388382592
4792,4.5172183315971015
4793,166.51228829355546
4794,59.07004112692306
4795,231.92402241317637
4796,3.3263849233251817
4797,149.4603903902257
4798,5.870957845874008
4799,4.293321182450442
4800,343.9406927535302
4801,3.8666391612482998
4802,4.840241773395425
4803,279.4837307735319
4804,2.0795161984086707
4805,246.17183333816456
4806,3.8752329696931342
4807,3.0490736308631816
4808,61.32661218284136
4809,98.81838455789949
4810,1.6687712821489553
4811,2.1851061629368065
4812,4.850718588262648
4813,244.06682033670472
4814,238.5478399698595
4815,2.776672465090746
4816,2.4611207226758562
4817,6.107697631768692
4818,1.702071362434598
4819,103.29477183204588
4820,2.4291464177833406
4821,195.16270268616597
4822,118.70425888825878
4823,4.829437285063485
4824,3.245541026339409
4825,261.41256211883024
4826,4.826901812735398
4827,6.298015215373853
4828,216.42171906904952
4829,125.49895984231891
4830,108.76522826422689
4831,204.10857090694014
4832,7.089554715211995
4833,3.8043345839712126
4834,113.9218182650713
4835,4.00089971182857
4836,6.550104556502168
4837,189.911501640624
4838,27.431454196071954
4839,306.30475336413804
4840,3.2571488569395544
4841,138.89019525581563
4842,33.69974084108806
4843,2.175131573272824
4844,4.087519443472425
4845,4.499651022383394
4846,7.116006541617923
4847,3.892106026462299
4848,2.471009813653398
4849,4.35081468842133
4850,6.696829506961241
4851,5.867695231394136
4852,99.08784738607454
4853,293.17158250928395
4854,2.823496373786716
4855,2.970491150917188
4856,177.59254607595994
4857,244.55807829696226
4858,269.63483273349146
4859,139.10821125325202
4860,255.57076833400203
4861,-28.779070205307455
4862,118.49392421115584
4863,6.978465395897616
4864,5.945277780644366
4865,1.8952057317008952
4866,1.1954741851636466
4867,3.1588129912821534
4868,63.00073094780288
4869,1.1072635865984974
4870,136.88680830704016
4871,6.598877195874626
4872,2.2712271200393124
4873,291.0226571990739
4874,0.7022849240378712
4875,3.422150065801157
4876,209.5774859305801
4877,6.44355048817713
4878,89.06217596652567
4879,65.07236421565273
4880,5.939804798848344
4881,6.082821075572684
4882,38.29172705361604
4883,1.8157025219648928
4884,99.01331430199022
4885,-55.17740354584879
4886,245.4323884015266
4887,4.775491359470131
4888,288.45611593655457
4889,54.2314581513032
4890,221.2693561605866
4891,143.99965474959134
4892,1.9306968603463361
4893,5.659658209360801
4894,102.15396364020299
4895,6.577313109910584
4896,5.797514844602441
4897,6.12319035464405
4898,4.782616913417345
4899,191.1314321455464
4900,2.4528006501189528
4901,256.0452230996748
4902,4.156328456996819
4903,150.24406807014918
4904,393.61784205372976
4905,102.03320134118493
4906,156.69269275082215
4907,178.49697397500898
4908,4.260599111677548
4909,132.14661040451128
4910,153.99421278671318
4911,90.6592085352859
4912,5.315135199030152
4913,189.4924862010207
4914,168.4022706590869
4915,4.23010981650871
4916,4.645822831564138
4917,6.318667366837561
4918,3.0196991932864194
4919,4.5230396974055465
4920,2.079307530256568
4921,-9.555324143624222
4922,176.65604380998025
4923,230.33423277228576
4924,5.871835571327383
4925,2.2198246305649754
4926,1.6196196896754484
4927,5.459088389002143
4928,3.148397608297241
4929,85.79520452429318
4930,91.06874819516909
4931,-10.802869880379749
4932,5.837207281634672
4933,239.49414248676382
4934,-62.20314833402941
4935,67.38123233293007
4936,253.7222173855547
4937,24.557100422772024
4938,95.73101266383469
4939,58.74707322205761
4940,3.907053838269756
