id,target
1,4.05548264692439
2,2.65116143571192
3,297.86532231968135
4,-41.05839528894851
5,4.14549002298587
6,6.604516940306764
7,5.118222279537749
8,76.76661027223615
9,87.88245558153065
10,88.81733327588196
11,38.1826788270823
12,-4.702161980247156
13,258.08189718234945
14,161.21741962103016
15,3.5877284359927692
16,283.6820013194508
17,2.966813411045562
18,94.28047953285608
19,3.2915140296418235
20,6.4812382480467505
21,-70.56740694976584
22,57.14607887267492
23,4.111211426551229
24,2.802423176538822
25,30.825764768689353
26,82.55968104017305
27,1.3265476355550905
28,164.98239104487598
29,46.881486731916
30,3.560210365595012
31,6.135312456081665
32,36.128203788244626
33,53.6580174251906
34,4.002026314514231
35,2.379677030102053
36,6.355160203458728
37,244.79995762227446
38,253.63704268535395
39,67.33608185386012
40,147.73165564715924
41,-42.00041075130584
42,3.3755943813598033
43,5.808549374476315
44,4.2767537333121695
45,146.79275158817813
46,59.4741843862283
47,2.936337451192053
48,-92.27894650039376
49,4.219875620180737
50,1.8308290829546867
51,275.70149184789864
52,2.9369094753747853
53,2.7158585376345274
54,97.72580889526732
55,2.9925295192917023
56,3.9459371289024032
57,5.825465264058087
58,170.96580954947746
59,244.45506843444883
60,6.691793307806173
61,2.3574208751153334
62,229.43695604921723
63,6.633171061823132
64,2.837674276076659
65,2.8111147912661454
66,4.503025701493606
67,4.99052573630264
68,193.32125419072958
69,126.86054278392004
70,2.3095573283810014
71,2.357906516165435
72,2.268492171117709
73,25.66336127544281
74,262.4222486147522
75,180.3179669020048
76,6.257601309452886
77,5.788936175636898
78,140.93981490611714
79,270.9201089718383
80,3.6333274549676613
81,48.17083784321825
82,4.250112702179231
83,187.70459690518828
84,45.77902795219166
85,-13.874132978041551
86,2.3009981846714846
87,55.92457288026019
88,198.5059771428532
89,6.012592813737659
90,5.393119504945643
91,58.4228350055829
92,26.58751080836041
93,29.336516539533562
94,5.187060811138471
95,3.9014449074264594
96,3.152343462142766
97,6.873312667650724
98,222.52561744455295
99,78.53242857384643
100,268.9342219131201
101,5.3700215679531125
102,257.836519171778
103,3.841120418935895
104,6.17896330581589
105,149.06126322544378
106,51.5793860655711
107,286.4116799058804
108,2.6014426848361483
109,188.4484409014679
110,3.1578239413369427
111,53.05981153118998
112,2.1651931271445553
113,168.26851662843572
114,6.236514512773898
115,5.082517701779897
116,398.1045417189347
117,219.66759613022782
118,174.75041313698648
119,250.83018298684914
120,300.3243392874479
121,130.04778434703073
122,3.631395110066542
123,122.51892351955496
124,282.5894427163912
125,122.1250638355003
126,6.243406853288225
127,155.66816478370356
128,3.2919868932264116
129,252.61846011263705
130,84.68377373637972
131,74.05052696889459
132,-30.935288526324776
133,-32.113339091151595
134,288.90291840947225
135,6.319669835325886
136,2.0766729095624563
137,124.16708344462361
138,5.850313449338541
139,202.64743206834717
140,289.65815128061934
141,51.60924278966586
142,12.27094815339566
143,64.10048238856743
144,21.96614997196243
145,6.608812222965956
146,157.8557278550046
147,233.59835136182934
148,2.298358987592349
149,173.14330584154155
150,82.6106478524122
151,263.86151661068885
152,251.29748625950137
153,172.08955264125092
154,18.938275248268663
155,4.414522644723283
156,217.69475744521472
157,140.5068456257906
158,100.01378506686186
159,142.86666423408872
160,6.290640912801416
161,70.77933416092493
162,4.538798630651552
163,263.827601068912
164,2.9361062507171742
165,26.93935325098471
166,206.90340497732603
167,318.5638585842851
168,6.907026575156099
169,1.9071708935829146
170,248.62050024957787
171,3.020258748080251
172,4.441203938300937
173,-38.62178821807604
174,3.8926710814363483
175,5.753129976428271
176,138.57429426313917
177,80.32337000596984
178,313.6627292736445
179,162.27750741204827
180,245.63259296310252
181,6.303766659519879
182,2.2697288027894755
183,295.9361039986207
184,6.5560468287954246
185,1.6538708657253762
186,3.2111504870670537
187,3.016324467414428
188,4.097047623407194
189,86.62232150051467
190,4.008597955783418
191,2.1592546265726207
192,30.476165238202327
193,3.3343035988721974
194,309.50454954787926
195,96.18395314840782
196,262.697042803661
197,120.07099221282
198,233.93127748786878
199,62.934495659717186
200,2.0415844469423527
201,3.2221548638248914
202,93.18575573173804
203,52.41875482416758
204,4.337218215574963
205,269.03851563729984
206,75.57296207221466
207,233.22814901780472
208,160.30367904982018
209,71.77241702656886
210,181.843731527445
211,61.51466664911206
212,105.4350424652527
213,255.06561691823623
214,70.61225878620169
215,12.566608841722367
216,166.47998671115454
217,81.01262574176192
218,169.05034325045844
219,193.32980075247997
220,5.711407116088058
221,217.2382534193401
222,165.87362761013884
223,2.7454160496783464
224,185.1315832140187
225,261.82448121017524
226,213.77820205107116
227,40.16716808242832
228,266.58233024569455
229,270.65175945506803
230,1.88146269760544
231,209.84765529736663
232,47.14342566172389
233,56.20264595084154
234,233.62066723454268
235,125.01378685160194
236,2.2673234186043514
237,6.19120138056924
238,46.595458873514
239,6.130112511818945
240,175.5437216252798
241,304.6482918341238
242,234.0387458237705
243,3.949777510848468
244,3.29318330523873
245,49.3677739535837
246,119.74253582650547
247,126.569728978257
248,6.56025686547957
249,5.9264831700755005
250,73.53654886148765
251,50.2913322683474
252,194.10778004356285
253,7.8947324571839665
254,191.1516981421909
255,-63.2106249996365
256,5.812270126414775
257,2.156117620324041
258,83.29771765273404
259,253.44138773066638
260,2.3822274819606593
261,5.686873143472527
262,6.3568319253369125
263,-36.78660682639179
264,3.701313203702167
265,3.6059119688960224
266,2.1510259278771136
267,3.256077231079967
268,1.8280595260849044
269,200.85687185301765
270,2.88639020954378
271,147.04270415677615
272,130.15256708271934
273,4.614930601963309
274,5.306017149833583
275,309.3734412348963
276,188.70646783200084
277,224.37469481299144
278,-69.63817690799414
279,4.302421719189641
280,190.99228325151557
281,5.241727382788191
282,168.53014430998203
283,211.68924039658515
284,140.37502614000715
285,248.76014819285118
286,135.57142056394426
287,233.62950768680238
288,6.336877585356548
289,126.15202439491722
290,4.746467240107365
291,134.0458627952438
292,3.7961096558218084
293,58.54727693864564
294,116.58321431885234
295,5.264454743618555
296,127.26531304794392
297,35.56919415295667
298,-48.823056218182415
299,221.51217741228112
300,5.822104512165796
301,4.078597041426075
302,5.1614366034516905
303,4.241361207701393
304,3.9957005048520897
305,4.858086017565478
306,240.1497880588821
307,3.5033357487660064
308,3.344369210956187
309,135.87236177603447
310,2.239580362074847
311,2.0593858627544765
312,3.604561021454151
313,135.61241745791992
314,3.96574291460504
315,1.2134183687322042
316,2.881365672400722
317,4.1905678469794445
318,3.9270722458905194
319,68.21335343652814
320,1.8518207499063066
321,6.578125514560853
322,2.968161824333926
323,1.851731067790459
324,2.478882832973673
325,4.105791509554417
326,4.927111062103547
327,46.392495645187154
328,4.292745789334594
329,80.51524155959936
330,59.71641335291078
331,22.37427181721556
332,5.571475766124676
333,3.213864575938082
334,6.697595887881538
335,142.68007582098485
336,3.616161385767672
337,2.2600721136752893
338,139.99732595342516
339,52.27012520568374
340,299.489451848889
341,140.84310419880987
342,78.61086743857493
343,3.6930763333880603
344,2.932236723815281
345,136.31390446489132
346,2.8087300744556147
347,5.2484400835445015
348,73.8163329511542
349,-40.96348895611959
350,104.29966916030219
351,244.48943206019985
352,33.87160530156247
353,1.3119610722002344
354,5.895140252072206
355,305.9134996278541
356,220.9993579352614
357,2.864607074352902
358,41.52125710485711
359,4.241607265639084
360,139.40157846835837
361,4.684669156658067
362,6.047197660646644
363,26.174509156651954
364,4.115481174241241
365,5.392683008018819
366,76.81663007696918
367,4.576538422967263
368,244.2211966043999
369,4.863471079084169
370,-33.30438432305354
371,246.98662800634048
372,44.28204203099624
373,163.25307274259916
374,-1.3791119208813427
375,117.29739117919334
376,2.867240986104239
377,2.924152003094829
378,3.570909004042086
379,3.180446693561579
380,0.8010466855241978
381,6.105304344625964
382,5.790281803227504
383,131.20150915679113
384,1.7794315534830312
385,3.950426514161635
386,265.85554796432
387,2.614256183722529
388,4.087451420299143
389,59.85846801718938
390,5.1695478929708365
391,162.10928559147874
392,6.32953615010064
393,3.8768449080225906
394,300.6992523928853
395,213.32804150441189
396,3.385677154400264
397,1.714892583457325
398,5.979766072507992
399,162.04614912596816
400,245.33504479085553
401,1.6984729564674184
402,6.2590927609113525
403,5.117563370131068
404,5.657985598474682
405,16.63327309750402
406,7.064942456424553
407,-59.81130293085974
408,3.8315557821667574
409,3.06047846857508
410,4.019777435698844
411,2.6943858003687264
412,-27.687714658841035
413,332.37698544554564
414,5.768987065992524
415,54.93978909294763
416,3.1349351970611883
417,6.679859137292924
418,5.539034722712239
419,5.445046604992697
420,4.642654997046797
421,154.70519119259302
422,151.16025616133416
423,138.52471681190872
424,158.88851549547195
425,5.739325615978826
426,257.69387128323444
427,3.412900434156589
428,234.0251719821888
429,2.8054074191407286
430,4.480750442683043
431,269.54108879982834
432,150.66597881730894
433,18.948653599467683
434,6.053080695556856
435,54.947056225612414
436,244.22988322693675
437,213.02407638796808
438,161.58162599976208
439,5.874691334855884
440,247.46106460566625
441,207.97238472127552
442,110.20648194307228
443,308.9322118681133
444,5.405804602066328
445,6.320073859569385
446,71.58970738317427
447,1.550535575175684
448,6.208348437200093
449,308.13797006371135
450,275.3655953845338
451,150.8067560441892
452,235.5855797721104
453,1.8743281216404386
454,3.6090190210148974
455,139.72512593479723
456,3.2882455781380244
457,4.842034181994754
458,277.64750393386237
459,75.51217515678623
460,30.598687533632255
461,105.32380214339737
462,6.480629429230092
463,194.92187382134017
464,5.264354925811996
465,136.546763109178
466,75.59445754628806
467,2.356846598428384
468,5.322388107211774
469,38.028248354054455
470,43.107787675615846
471,1.7976608391774822
472,1.9466060576734383
473,52.37213783792562
474,6.029205852296571
475,96.89700487002199
476,6.351187701798628
477,2.03764529242239
478,4.4003079055517675
479,213.87445397988495
480,4.165193448957382
481,6.224261083646966
482,203.64616433784886
483,1.7445496529595526
484,205.86027405544476
485,111.38519746427193
486,4.797483683902122
487,2.5647537909214875
488,212.67994744185108
489,2.598693545253796
490,4.764513058486587
491,6.370616961246896
492,3.8578837247351454
493,4.073399241677862
494,244.1764413331295
495,5.848713413682674
496,132.23856947976967
497,6.472755292804134
498,6.13848403476808
499,5.997154789572416
500,6.48752505974837
501,3.3234497137190044
502,308.0963382453465
503,121.29125178666442
504,31.62174946397983
505,2.0762891991815957
506,6.457006988607154
507,330.79884204679115
508,72.86008257157941
509,267.11255369735846
510,4.096179493496581
511,153.4935910736207
512,204.78487807303054
513,213.78195510874934
514,320.5864373417065
515,260.8322869414351
516,222.76046004529957
517,275.8332224557803
518,7.010149130012391
519,44.305000358698486
520,331.0267131422542
521,1.7685550024139594
522,3.982968680475533
523,216.75803883610166
524,4.307168185760841
525,164.13208091258622
526,5.721121025587731
527,4.867441545336542
528,4.082504611535537
529,6.32933488535864
530,259.7364009151917
531,96.39878128772244
532,3.8217503430347586
533,130.04618944221133
534,4.264231128035094
535,6.867338560285377
536,5.967965076164445
537,1.7209684048495935
538,5.0696498949744475
539,275.16451762301
540,261.4920983692022
541,244.10991243752807
542,52.34558206087728
543,83.1159021448773
544,5.583350912871185
545,3.9165936425975283
546,3.6479895238773614
547,2.0381278428048115
548,325.73815140735945
549,5.651859960904769
550,248.78593200561767
551,5.8814049436786044
552,128.74149602070017
553,3.890357216806846
554,74.79846767351998
555,125.58738875970243
556,238.90621858833197
557,205.25231340138257
558,5.378063076368623
559,5.207702180986768
560,120.99420262118748
561,103.33739279172958
562,164.96791587016583
563,3.234253345144355
564,38.278837613651014
565,166.76010490641187
566,2.659775200078494
567,42.503452230561216
568,111.75844093149689
569,295.0784072289756
570,4.390510006132008
571,206.87066264665845
572,3.0722015713468247
573,84.23880019483575
574,104.34859881625498
575,7.860310232214934
576,1.889900082058237
577,2.952639553600505
578,177.60054004274733
579,9.30107102452893
580,289.4711438726106
581,58.353997296238205
582,72.0670276053998
583,5.524531547251384
584,3.0285379386931726
585,161.7715173608935
586,5.110478172676828
587,211.09804347582724
588,3.0519563535436296
589,196.86740162381415
590,304.57083741012434
591,139.53474437458385
592,6.795432226901401
593,259.2031736957344
594,281.35380895018807
595,31.98126982435957
596,5.270512080173418
597,147.13793233433054
598,2.6200690569718716
599,87.33000670033593
600,151.98889830431935
601,148.7353215120218
602,27.893252511565095
603,2.158271344978984
604,239.57343937284975
605,2.5696800776798945
606,2.4845429328761592
607,6.775428361678973
608,49.247913489798734
609,278.6702641736016
610,41.964807088780745
611,66.80546466790624
612,11.824017646151544
613,-2.6411753454846787
614,55.89956533275454
615,1.8879928639031047
616,174.24951446164343
617,-58.05224426837658
618,235.449919567557
619,4.937110478940051
620,5.369065023838232
621,181.421898607895
622,116.83493680368719
623,161.41893503696508
624,226.66587382854357
625,2.390617419714792
626,1.781993153097237
627,67.67187345217198
628,4.177548751170665
629,236.45623697603295
630,4.4900157192495955
631,2.1403037961920446
632,169.16031703815534
633,140.10003139248556
634,228.95271468573307
635,2.534321698356111
636,108.99816823479583
637,107.85422545414667
638,6.892025720896143
639,40.021058349131586
640,113.50097871980017
641,6.72804896209815
642,2.838649035486143
643,299.2794331684683
644,3.4094690775322407
645,98.20391723742884
646,60.570727616446035
647,181.10477802578015
648,257.32172849523886
649,378.90119378886084
650,315.7951002009773
651,144.7777903626963
652,50.257967858679464
653,3.2359123482977443
654,181.37810923748157
655,21.403631395632818
656,211.04592889613997
657,132.14239188371567
658,272.54264114822666
659,1.9035323625772143
660,124.99411112816185
661,4.010875289566995
662,130.40204208418731
663,3.565198797544439
664,-26.83339894450633
665,97.88081413960836
666,137.68203311947525
667,231.16950694246503
668,334.0897659558783
669,142.40192912619372
670,209.43519245465643
671,113.22896496358261
672,82.58248614326128
673,3.813637161210578
674,5.114468420575701
675,5.8930732909710315
676,5.837245450383466
677,19.19101862833767
678,171.30838597673477
679,4.845664485561121
680,3.302455882876443
681,1.9800936816574874
682,103.86860657223934
683,5.224531972572494
684,159.58673101665912
685,215.12045047433577
686,5.944413256406384
687,362.2741980061917
688,79.32734014604989
689,106.6584610321826
690,322.78572540034645
691,3.617646291305145
692,84.65069241834591
693,5.187253108560256
694,6.630861039277002
695,2.5373890153954273
696,296.8362534356354
697,1.0431845826783126
698,228.56193532763461
699,2.073112286741967
700,251.45594452265226
701,3.8243982509699856
702,4.43411421388946
703,68.4858769859008
704,87.485854573811
705,137.10148233006
706,230.92284005882146
707,177.0149568031871
708,58.57310790824401
709,84.887276586564
710,219.88889038753945
711,244.81212980740924
712,6.543195783589489
713,27.623264520259667
714,6.884375528901443
715,250.80825350857083
716,2.6493026195267273
717,87.27016361269766
718,345.7226045428838
719,181.44138943524803
720,4.268031414376795
721,150.9598521800766
722,2.244662064821599
723,6.329333463496242
724,2.2853605676719577
725,2.8451847804255834
726,121.97058498492245
727,252.19735370322735
728,64.89025515340433
729,59.8828258166326
730,80.7679065519649
731,289.5983082880437
732,4.574928167179942
733,6.430990915042679
734,21.411480285917655
735,257.1642170984451
736,39.47048069902581
737,52.50993333003119
738,129.3145716993431
739,311.93000098647565
740,150.51919575763324
741,27.104745061673945
742,269.77874231341264
743,129.82229018698501
744,1.7521254313090076
745,261.16896782941114
746,168.5535808836749
747,3.903051658366549
748,68.04690913886692
749,50.37271398502199
750,203.65075218283792
751,53.09355968243568
752,236.05786282713444
753,2.0767495201848347
754,238.28350172621185
755,6.416980578325888
756,5.962058835284909
757,188.82072810107837
758,1.9059401099468072
759,71.1787145431075
760,-9.154929297893354
761,202.0884852183118
762,5.264420343430107
763,1.9859226385230901
764,56.20179268578961
765,4.621032714862473
766,29.46039516983257
767,1.3934674321120697
768,4.851399453816038
769,5.811017535568819
770,1.8379740173927686
771,250.12750380136382
772,81.84023314133307
773,120.40147237298723
774,-16.625777360554373
775,70.69353949212483
776,4.324299366098408
777,221.6585378241286
778,-1.2022739855270697
779,154.44855592347278
780,68.33997197859478
781,292.7547826116526
782,3.2854102528643545
783,49.515426122608
784,2.628203326388694
785,38.7366482326854
786,132.47823354175378
787,5.421204345075752
788,1.8814624343236825
789,169.37882859224044
790,83.36824401824333
791,-8.336967557046131
792,119.85060417642975
793,-51.24945883070577
794,331.7668029945571
795,-59.17706268448979
796,127.78505853229994
797,3.9397830359475434
798,63.70373034844799
799,3.3855904393354415
800,5.842431267075494
801,204.7164763844384
802,76.67336006838143
803,139.91363942501434
804,6.829498284686024
805,2.1648712092614195
806,168.061014644949
807,2.7803541089083534
808,82.69729155264753
809,1.5608268248222164
810,47.087495653672256
811,261.48643472673314
812,112.72109737326404
813,286.6298208907627
814,5.7696439407544595
815,4.806142967081976
816,6.888794705802986
817,2.8811868023068907
818,16.91348605213345
819,5.245119995341185
820,86.71067519566122
821,5.851140913399238
822,2.0528757233046604
823,32.42222554895628
824,75.08467722661834
825,7.01402383326524
826,77.41631911215083
827,4.398759084379149
828,5.990027296413682
829,48.01029188854902
830,182.86007356429468
831,114.40468904756261
832,6.0661384569089245
833,258.94543014371243
834,181.1050997789704
835,134.96661702161725
836,2.059823746439805
837,73.27681020515362
838,148.96845782969484
839,6.027974424425731
840,163.61108219951595
841,143.17814863004327
842,80.27791613792986
843,2.335051292857484
844,3.589649278189317
845,5.3063091401160705
846,6.304420306574265
847,5.491671604430644
848,166.0611322459226
849,6.187878264216905
850,78.13215107681346
851,19.65664664109699
852,26.684035430771647
853,80.15982992509376
854,17.245314563502
855,6.922645959259995
856,239.06898595001394
857,88.34988729477621
858,103.09359903531697
859,202.3395550405062
860,2.119909464947128
861,3.545715887038541
862,2.913463615544276
863,105.23273507514733
864,252.27524607856648
865,273.1089227858279
866,205.41316260369496
867,5.200906462271963
868,124.79589922145604
869,132.14584340469065
870,148.6594981410647
871,150.88129926321943
872,147.87577902723478
873,2.9634418279563324
874,61.60352804215968
875,6.001654691558787
876,112.38209394847277
877,34.00010393881912
878,115.5877469462506
879,5.365568096233654
880,6.806609984409918
881,159.02019172067472
882,5.71262854900259
883,248.1044871490236
884,5.869168555556487
885,169.45764453698416
886,59.54260249389112
887,2.1706275549635405
888,2.148332083645757
889,226.18568485977454
890,3.8693452424275105
891,2.8106746859044254
892,44.68801801276885
893,5.060326341089642
894,-12.762058754113959
895,3.502531702918943
896,226.28494780637277
897,2.575176898202411
898,226.71788821872062
899,-52.620020560019555
900,244.24421170937296
901,3.6416748899350884
902,189.09815062068566
903,5.000068703166559
904,130.5212244125683
905,1.9638693195308397
906,0.722742313420849
907,200.55428207421295
908,21.658157618361876
909,99.82145447067963
910,2.15883393775257
911,6.652888754039537
912,266.6273974170357
913,164.9383586973639
914,296.74582496248235
915,96.13693506576493
916,138.6629322072689
917,-18.075609266543577
918,2.3975627992886404
919,2.826754341255705
920,388.6349636705809
921,111.89351289351248
922,245.0221531303414
923,2.4950380483428733
924,124.17963661781133
925,184.24468145339785
926,57.78398142154536
927,64.05951859657617
928,4.971654170022067
929,78.24573929060718
930,16.25641007365995
931,234.92891782172669
932,175.54939176803433
933,5.293687538568713
934,2.1954975269511054
935,176.82829361058768
936,44.691953659127535
937,3.5625680858806623
938,4.73682045092203
939,111.78081850906455
940,1.8615949095154407
941,5.865392544684028
942,4.926754244606527
943,126.50256332191671
944,3.6151434087695704
945,2.0179948211570724
946,61.36808985150437
947,38.360703595235194
948,54.72626975243786
949,236.06598422495262
950,347.92198688940886
951,15.390754010163553
952,-28.54283211450651
953,6.3088298025815455
954,254.76814238453645
955,205.9139221117435
956,154.24349461078876
957,2.562815118319083
958,2.997976072874785
959,244.77156839735414
960,58.6842509755859
961,169.3323508850935
962,3.288250351575484
963,6.361305715341652
964,5.024821662095206
965,6.2505101966878405
966,3.8552137878081254
967,50.436975369923715
968,176.5312884230519
969,164.54566356789354
970,6.311103334411417
971,357.57249578259234
972,4.96573878289507
973,115.83672173970729
974,5.402979648731936
975,3.8168727840031877
976,5.26735031975821
977,190.9274110635733
978,297.54823455073563
979,1.546260715184529
980,1.9035192437343011
981,3.7678625915077673
982,56.485546250622164
983,286.05522315932745
984,310.4473674365168
985,267.52856997792
986,117.13804906454553
987,2.577307356003438
988,231.86115127102346
989,328.48321147408785
990,82.51485356396772
991,4.003899666400098
992,295.61541148990284
993,188.57096285055405
994,2.9739659905359
995,-7.334600882053741
996,9.747843331718315
997,2.1133091336661165
998,48.738055794073176
999,72.90787038249424
1000,-6.268455444797567
1001,281.7571934760014
1002,174.21200101457447
1003,5.466504650596995
1004,1.3010084587300879
1005,1.9680823550965054
1006,3.9254373913521396
1007,138.97929841873466
1008,1.9519751424527811
1009,6.02752452937263
1010,-13.863457908403749
1011,267.14328468618083
1012,23.27882383261838
1013,188.2410025935245
1014,87.85627573807444
1015,233.76302148707344
1016,6.610918954266298
1017,5.175869152964957
1018,3.550491727420278
1019,6.363129296257426
1020,4.277614827356349
1021,128.6360341829017
1022,62.52604010553996
1023,183.2315004401948
1024,164.51054345970147
1025,5.286644424143374
1026,4.072379021084298
1027,4.355861027952253
1028,80.76762141583158
1029,3.710982435864432
1030,32.84168637269822
1031,254.994344137553
1032,3.1560439800521114
1033,2.5211815750076476
1034,233.33586810639702
1035,1.3306769164072945
1036,239.4376798780018
1037,6.697224995150837
1038,49.926151745947465
1039,3.435882844611162
1040,-27.893874760281978
1041,3.444689831736296
1042,4.240895095440224
1043,4.15738320693181
1044,322.44435191961884
1045,114.17274239987083
1046,37.835523169833316
1047,217.59673914617156
1048,1.8199039646921817
1049,2.971087925393737
1050,5.890060029365904
1051,71.89437080065579
1052,170.7615742623503
1053,254.0613402944263
1054,6.297036412588126
1055,29.276546324331463
1056,38.750045577824906
1057,4.3908275088820785
1058,2.938978944378242
1059,3.034769259807333
1060,113.35077312805285
1061,3.4523731168128067
1062,5.86513696772699
1063,291.0998960354858
1064,213.01550117984715
1065,76.57403500499287
1066,249.8392019766414
1067,258.8489303838961
1068,5.359626679034069
1069,4.189834026914513
1070,307.4019860123084
1071,162.76527668617715
1072,5.25529732567148
1073,4.012199122841737
1074,6.279613986182958
1075,4.849258323396026
1076,284.5102608797419
1077,6.3353757737701635
1078,127.35421452164212
1079,2.760399153916501
1080,2.1750705046463246
1081,5.892625120410462
1082,4.107989606741719
1083,3.4068051149958642
1084,6.3593374173653086
1085,116.47064338365453
1086,214.23783416288722
1087,54.60704629798538
1088,267.9226869733535
1089,8.486953068461041
1090,141.85233640620598
1091,250.72222651201483
1092,5.65200045948902
1093,3.8305115367436944
1094,6.6776824792967195
1095,3.4442691327360744
1096,3.147101373043948
1097,5.5099837696861655
1098,90.45826228964373
1099,114.52757351760255
1100,5.986368111408022
1101,4.596410946362711
1102,5.962860521734642
1103,262.79975958673623
1104,4.624349857433886
1105,112.15779451520555
1106,4.958665032472443
1107,6.225603814569163
1108,12.741887570688192
1109,101.85650370054154
1110,101.52223814568397
1111,3.3797271750183477
1112,206.2786322049201
1113,2.698009839759915
1114,175.32482028114438
1115,24.172591234735254
1116,5.419433746986269
1117,281.4777591732783
1118,274.31911779985836
1119,4.617935319004947
1120,67.71790719600546
1121,-8.85283508227022
1122,236.7923631456971
1123,3.4195685708288375
1124,190.16291294818905
1125,2.6299664329190326
1126,73.66310715718414
1127,6.173809716952149
1128,-29.179751825599674
1129,164.70077067139874
1130,5.8520064877698355
1131,39.222621187572685
1132,4.365851353109473
1133,-23.54471136323771
1134,135.36653159639965
1135,215.63206507559175
1136,-51.468071925491344
1137,4.098191937898289
1138,56.435738724786106
1139,112.21565466456057
1140,127.57733804409548
1141,206.56388338716494
1142,143.62043634807284
1143,35.13458893383922
1144,-34.289902666676966
1145,117.6385574623957
1146,57.88233570205132
1147,4.130460122466357
1148,88.53852164715332
1149,36.58383070705756
1150,4.081634081848543
1151,1.3058317827652592
1152,3.540668721113318
1153,4.345898337405834
1154,32.262350714482594
1155,180.48253896855192
1156,6.59767071022933
1157,91.62495105753484
1158,208.0458292434521
1159,96.94754105830368
1160,74.06793724606979
1161,1.6810495259048168
1162,5.443651146852931
1163,5.480977873550427
1164,4.894539340812842
1165,217.7052382818784
1166,51.63010514514028
1167,-11.462013505043405
1168,4.808072385305595
1169,163.12438799765278
1170,4.658365463094277
1171,4.41711230088513
1172,-23.47384147001771
1173,3.9559894140407126
1174,181.8116877050408
1175,-35.84326279303879
1176,234.62547083379343
1177,2.2596055461229305
1178,148.81101765326315
1179,2.4442447931331954
1180,2.684143246751528
1181,2.5200327137890723
1182,150.31431432465521
1183,7.530041757325173
1184,3.9121594750495796
1185,274.886039265528
1186,129.77525531878314
1187,3.8896813348499233
1188,3.1055077437476704
1189,146.05317880692593
1190,3.5581243692690303
1191,3.5256956585842127
1192,4.911653320339206
1193,159.27552804472833
1194,5.425313804988148
1195,2.122203655419402
1196,261.2749813805433
1197,74.46241213005202
1198,3.2863469813214023
1199,268.24539799072386
1200,59.7434613156601
1201,209.1781581647575
1202,80.7603968784388
1203,3.107325822597841
1204,168.77639985097926
1205,1.8613076071231938
1206,163.06112069120002
1207,146.8592322446278
1208,210.96646837529426
1209,260.7865278323461
1210,206.8768419052102
1211,221.6714591394384
1212,6.034101287567872
1213,3.9853123603569545
1214,206.6855272331863
1215,88.8863676762475
1216,232.13860467286918
1217,199.53701666447273
1218,-44.77713523532202
1219,6.219870811695282
1220,5.820373850059176
1221,260.30245346423294
1222,5.871470356464091
1223,2.8937038471926364
1224,2.824383030993675
1225,121.62747453136348
1226,1.434329962044167
1227,4.5849099690534105
1228,2.6156284754025836
1229,38.804449296503485
1230,114.42322478690522
1231,245.64863439001104
1232,1.8521212075007087
1233,-31.172953796046748
1234,3.2002325982112056
1235,15.207971608533985
1236,258.56855839043374
1237,4.21128924519121
1238,2.5204032072326643
1239,1.1461863660975202
1240,49.31703878155449
1241,2.0526783029935807
1242,4.285512330749669
1243,4.773348694590638
1244,166.69818700837658
1245,3.98614766902047
1246,259.97016959897553
1247,5.704530090750759
1248,119.30066087502382
1249,145.94684195537153
1250,7.089893659286956
1251,42.89222513722535
1252,5.763210410851062
1253,4.1712884900430165
1254,4.229671071015918
1255,38.54448618966039
1256,95.71675951532643
1257,149.0464573429142
1258,255.31366759460502
1259,49.59952740242487
1260,251.84180446360102
1261,5.905731642262193
1262,5.432615458677258
1263,164.41511162969476
1264,2.3900153443138863
1265,20.59628789599261
1266,123.13584965972589
1267,2.3343820009931777
1268,6.237253804417542
1269,272.9937073316853
1270,-59.622777390147334
1271,252.5476016341157
1272,57.74179416996511
1273,21.945410512621127
1274,213.84954781586725
1275,197.98325349842514
1276,40.21846264929494
1277,3.7583205066560854
1278,1.6200968346362958
1279,4.128982041154169
1280,-60.729896067338906
1281,3.381836492359914
1282,82.32534535707543
1283,167.4144060341193
1284,2.8457459649050953
1285,-58.305437772642115
1286,3.151091435938806
1287,40.9801179137644
1288,126.94231877077469
1289,4.195971426210779
1290,208.01831261119685
1291,3.332623191541875
1292,45.424818448499295
1293,115.84024773728984
1294,262.9742404204013
1295,155.98188596587073
1296,5.6982474238241965
1297,74.98657612154409
1298,-1.8198035099210923
1299,5.958225230358491
1300,174.54688707435884
1301,245.3671439836622
1302,212.41648996637434
1303,6.052979919912417
1304,3.3387172471237756
1305,5.072467278636506
1306,55.02460443411907
1307,132.93871423190924
1308,1.8834986537795304
1309,4.910552135289666
1310,334.04460096703815
1311,2.6534622052476085
1312,6.211847212899734
1313,24.6789580044112
1314,165.19087666761823
1315,162.8497428237622
1316,258.044946479706
1317,69.9041518335251
1318,2.0406109661205596
1319,204.61880700324608
1320,238.19514396766314
1321,31.102096772026492
1322,59.383821945719376
1323,247.56079087451238
1324,229.42269656901578
1325,43.63620437479906
1326,59.05543844451597
1327,248.81318217433943
1328,3.349593744407221
1329,6.171825666500366
1330,116.73695989759042
1331,-16.513698824618185
1332,284.03744943785915
1333,1.979870270734272
1334,329.5209238770018
1335,1.8283658142418293
1336,109.00167288004285
1337,28.7448632945138
1338,250.74839997084217
1339,6.501379606656803
1340,188.36003689183676
1341,234.6661536227578
1342,186.68401971818503
1343,42.12117513590268
1344,136.8509186344036
1345,3.002794114498046
1346,57.16047785351844
1347,97.81676273102894
1348,3.1591008622493715
1349,236.15002547433784
1350,43.77112815104563
1351,233.05501119075535
1352,2.5149835907463642
1353,13.941105103049434
1354,4.783572640493529
1355,6.151656336963519
1356,3.704664645671401
1357,6.781619021957095
1358,6.62654942548731
1359,1.656907837426931
1360,304.621782726742
1361,4.296963041302986
1362,6.6044341137131966
1363,69.06313122518475
1364,3.462855211543992
1365,5.849076913630824
1366,6.532185464327048
1367,5.869471805516724
1368,13.68894874635779
1369,191.27350134047413
1370,266.7675687129925
1371,224.06898364904373
1372,55.92503332862208
1373,3.739279331498238
1374,155.35311355564903
1375,170.91553929940883
1376,5.39112896208518
1377,4.861064290996033
1378,118.61347799662215
1379,98.19461418909437
1380,114.47257040086933
1381,238.2435449005332
1382,82.99136185265988
1383,58.22087875096773
1384,-7.242747660408503
1385,149.5158771597762
1386,2.4375927832715574
1387,69.04336428797689
1388,1.6335307622096604
1389,236.5143748970508
1390,176.8271808620996
1391,74.95226377316986
1392,56.82389079123104
1393,274.0632579162094
1394,4.8395651888161
1395,35.469405190789516
1396,187.06328664863162
1397,5.555888716261969
1398,193.38723940188683
1399,1.726237876789479
1400,81.1933333273625
1401,317.1491784993763
1402,55.91707214985904
1403,279.8003789528268
1404,88.48863849140908
1405,119.73968490791924
1406,1.9862973082103244
1407,124.44417938806826
1408,7.883328841646713
1409,3.8190648753564562
1410,260.5330668071412
1411,265.85709984512334
1412,-29.792666318656124
1413,122.16372722630149
1414,255.42110136541925
1415,2.085843598944655
1416,2.5409622910910974
1417,4.5128009727729586
1418,315.2953829889482
1419,149.0980004748013
1420,4.561725032875306
1421,56.53285831156606
1422,6.520396996312673
1423,3.0626507549455013
1424,5.343332974184531
1425,2.513386225030651
1426,-22.322793767205255
1427,3.5782646135619194
1428,4.5553402591853125
1429,4.455245958524505
1430,4.536595970122255
1431,6.34186477238065
1432,163.24765131802087
1433,2.8621836578109825
1434,5.871104819142957
1435,4.603645667335199
1436,-46.52822292627776
1437,158.8330528991014
1438,123.99224341471097
1439,6.456693226421256
1440,2.55358055034886
1441,112.64065540902723
1442,157.92994282589842
1443,43.74009178539373
1444,6.318562772806338
1445,65.39609393594736
1446,273.7211775822131
1447,236.30636441478197
1448,-46.05962616121039
1449,5.8532856540536455
1450,265.6210829606829
1451,153.13568224425094
1452,5.182263744286965
1453,5.691144905854812
1454,190.45762391211974
1455,71.51733926584129
1456,-3.9532150556190784
1457,8.051966808692846
1458,4.896293527970045
1459,312.955693583011
1460,353.1933231821646
1461,157.1054126094925
1462,-22.33289312814962
1463,75.37725579482989
1464,5.817180061012896
1465,3.1622104652917384
1466,225.52148708510703
1467,5.674475721174289
1468,5.458354075044048
1469,32.01683417979924
1470,3.675918898003643
1471,40.45815192634359
1472,6.725665745373735
1473,2.3963471966781205
1474,238.656485812662
1475,107.56158872013798
1476,6.668810391716736
1477,2.6644373321921826
1478,112.35698261889732
1479,4.78547513861475
1480,130.2006461537266
1481,5.790385111904966
1482,163.1258655401049
1483,6.391206758363877
1484,254.15152134781135
1485,169.13853789656477
1486,7.35242084167811
1487,3.459846564007788
1488,74.05731934507068
1489,-9.932250061028519
1490,87.88755348739855
1491,3.492503738987513
1492,2.0281255798372873
1493,7.862563749201041
1494,5.412959418627879
1495,29.228449987624227
1496,7.2840203847856575
1497,77.96120766658888
1498,6.136123089326379
1499,89.74405646913723
1500,7.072709487400523
1501,5.803339936916087
1502,68.8781987673957
1503,5.720435838448374
1504,2.1359574237512566
1505,4.77813090743199
1506,192.42043711747775
1507,45.2312888139314
1508,94.75892778002986
1509,61.170915924579255
1510,3.4955719272794936
1511,2.7362362331386922
1512,69.08758446065742
1513,5.4939238624515365
1514,274.6533528827399
1515,45.53386315971731
1516,3.1718835113705923
1517,341.06809342107795
1518,4.334190581202024
1519,253.93677398920104
1520,5.317379162332573
1521,52.0236198294611
1522,5.024994185359902
1523,2.8643740674899147
1524,122.40486846558699
1525,-33.01508991589646
1526,2.607605395147159
1527,5.627993525707426
1528,3.7669490757579407
1529,218.7877881933983
1530,272.4576849028237
1531,3.381888007372978
1532,5.424641323426363
1533,3.468686195523995
1534,-2.91268865866115
1535,81.4868468870778
1536,6.134333076320779
1537,2.4684191270739326
1538,290.6311192792107
1539,167.32001808214517
1540,2.191870138069017
1541,152.11994818082337
1542,3.088730901341944
1543,27.740340353815938
1544,7.819267094160106
1545,3.410982936533112
1546,6.568704117345533
1547,-30.00974991966011
1548,206.08277247454075
1549,43.72092160022427
1550,3.8023307342112656
1551,2.2991167788133122
1552,237.24922401257604
1553,5.741125473995817
1554,266.1089487904365
1555,150.75999359803814
1556,4.178035772866902
1557,18.34550842933117
1558,3.5755153403607083
1559,239.70506676733476
1560,156.68446193009362
1561,199.9519883374284
1562,239.5283418120395
1563,121.80890635434807
1564,3.2456788284628355
1565,101.94872048022286
1566,3.5018342250601617
1567,18.242780106067258
1568,96.86372415419935
1569,18.030348923021965
1570,291.56334966588736
1571,3.5151279369220023
1572,85.61807236748325
1573,2.1613401655292273
1574,4.40207232586304
1575,5.944262947498853
1576,4.301523202039441
1577,5.78190716314383
1578,98.64261169340304
1579,5.185124360544356
1580,178.62913683512858
1581,235.85768557618644
1582,6.710399180654375
1583,291.6855003407795
1584,306.77024927504596
1585,6.154844840428998
1586,5.030093600839612
1587,61.3570218104769
1588,311.07719997279395
1589,6.889692947430246
1590,6.0883843062644
1591,110.22658957326213
1592,7.194266163497055
1593,123.83900200725125
1594,148.63985000052892
1595,126.46536865304975
1596,5.500322251775051
1597,71.95270705886395
1598,6.476868432155081
1599,4.18666717095655
1600,4.148712371031927
1601,2.7144641251126953
1602,5.99353211797175
1603,264.8355992131028
1604,56.17553424261283
1605,99.67401709755438
1606,272.0443979366521
1607,25.28032260347547
1608,3.3224242967177693
1609,6.564291030020938
1610,4.048781450551984
1611,190.51866239610126
1612,84.20043263482559
1613,2.8028303065620195
1614,278.0861538419963
1615,5.885721607637827
1616,4.144070466664537
1617,182.76961008337454
1618,224.62301419182342
1619,8.875161377538989
1620,91.04852527273519
1621,2.629187037709136
1622,2.661836316925614
1623,2.6820402856987577
1624,249.7600040029517
1625,84.9414228559392
1626,1.6004799287379117
1627,41.95373556337109
1628,3.5941293576415827
1629,207.2247975524545
1630,97.07032516288469
1631,3.810289635036223
1632,295.5326535646999
1633,5.017384407507941
1634,3.084349372018335
1635,3.751280883847337
1636,5.167552611067361
1637,6.58522910249358
1638,206.48113610155588
1639,48.98807287147516
1640,4.674481531261057
1641,316.60029493582556
1642,144.4594624480287
1643,204.38821262051331
1644,114.57521895282983
1645,180.45895249601537
1646,6.015642572293366
1647,6.50488843723431
1648,30.825610956461286
1649,4.532988823889426
1650,97.54068532857661
1651,6.552043441057862
1652,6.642123082876402
1653,225.65574647102164
1654,6.5487259988090205
1655,321.3710002877756
1656,49.77223840328686
1657,1.319225089029995
1658,286.90571035114766
1659,2.217411567547661
1660,2.508741496654851
1661,6.722650775640009
1662,209.84196313860903
1663,5.808535582084385
1664,144.3347255370086
1665,1.1891952433777593
1666,62.250364776461225
1667,-51.962339276501176
1668,267.5943953195215
1669,57.69338817240845
1670,2.03600637039831
1671,2.4806187321980273
1672,5.47457039238363
1673,4.487354690201322
1674,148.74184858352515
1675,2.1519202193332214
1676,-60.829735498716786
1677,32.017288738228494
1678,3.291352508251473
1679,225.35213738706415
1680,95.32020699171116
1681,1.5855711311993341
1682,3.217434158150601
1683,74.64563973072043
1684,18.909810948373966
1685,6.6155058197699415
1686,134.18234706076237
1687,6.889845353947164
1688,186.74404745916192
1689,271.27006613444837
1690,3.2498808473706866
1691,3.542578968429702
1692,4.2735155344792695
1693,2.2142191376755953
1694,84.6950167769627
1695,203.9393669177577
1696,118.66988202126406
1697,2.6149062606285245
1698,227.1864515658824
1699,179.4241700269872
1700,113.69472553799254
1701,263.9582712199385
1702,-95.96655650306587
1703,5.910894729088755
1704,5.4877144000635685
1705,3.3529110912582993
1706,95.113512054534
1707,5.3475951353425994
1708,75.58332281671807
1709,148.19850258015052
1710,6.47812641767538
1711,92.58283837273765
1712,1.8836424564467527
1713,5.8635664379730965
1714,-54.762224930714865
1715,5.005573336494456
1716,2.502478980991102
1717,27.10731730880575
1718,132.03514043971768
1719,26.01431835807925
1720,6.279029292675294
1721,249.39679338637512
1722,3.697962602582086
1723,163.96760357866162
1724,145.23509323957416
1725,3.8076007156067835
1726,4.226256895323217
1727,249.37107467436715
1728,4.1902600841877256
1729,3.5485015896393004
1730,39.90891843592647
1731,222.69747038846015
1732,4.781848362621938
1733,359.84192825690377
1734,262.6837413004917
1735,188.8323608277753
1736,3.4981149541293126
1737,281.9051433484488
1738,292.74001284417136
1739,200.084522921602
1740,81.25260041554512
1741,115.11614717103438
1742,256.9797451539112
1743,5.172263100765643
1744,130.31226065983697
1745,14.450959531600319
1746,3.6605568415899183
1747,7.594501868478993
1748,202.1929541815545
1749,3.612031578545351
1750,117.56103702023142
1751,36.62785309051203
1752,6.910543313627519
1753,5.8933032357730895
1754,268.44191826671005
1755,222.2563604569794
1756,1.8998578160141157
1757,216.751020042253
1758,323.63558643496685
1759,4.35657036184523
1760,303.2575831209877
1761,236.19403856752626
1762,16.159812761226597
1763,44.60511950900729
1764,19.959725455841546
1765,4.719345039668189
1766,237.63605385283347
1767,182.63236443033423
1768,5.744047632880062
1769,86.74031260502944
1770,62.85213214905911
1771,2.534146078381678
1772,213.7144459027747
1773,244.03805762029688
1774,6.370794672779047
1775,289.7638990526839
1776,2.819993428587452
1777,26.04089683055873
1778,48.305756602052945
1779,-10.124583130706316
1780,116.48894872112473
1781,5.688709093598704
1782,181.68194961049625
1783,234.8329382210726
1784,4.081062802519154
1785,75.63654071428644
1786,2.6817178380215587
1787,73.19969238017701
1788,5.151049801874352
1789,2.7309837768736545
1790,34.32802456193845
1791,3.9069509384790932
1792,2.708695606804479
1793,2.0900837649675488
1794,170.12603368007694
1795,187.7483764023521
1796,269.0929385871139
1797,129.66274389379916
1798,6.507014918877202
1799,199.34827709330727
1800,152.47574946451942
1801,5.043106011353211
1802,2.2348862702006302
1803,145.25178201888104
1804,4.265988204594351
1805,184.00050990077085
1806,5.60872674052868
1807,283.9000554365803
1808,167.88155868718815
1809,56.87543274595252
1810,4.260916962857971
1811,2.819864524211876
1812,32.26716635797028
1813,3.2973657599508326
1814,164.71273149630085
1815,251.9692983315789
1816,5.11942194320901
1817,124.45448346505478
1818,67.08568207656151
1819,232.5167588241691
1820,6.564958621033654
1821,3.3781453333833813
1822,256.7714328041682
1823,14.940413378336913
1824,63.129090338180845
1825,2.2806311969503743
1826,6.035041718803542
1827,4.263145450082138
1828,2.0829709407094525
1829,229.0907559799421
1830,241.4656361060495
1831,6.749877517242492
1832,37.19812235520837
1833,3.3602961542469787
1834,3.955707523133122
1835,110.6960005788572
1836,6.315347534596979
1837,6.03679253639549
1838,5.852123766230262
1839,123.12706595280773
1840,9.899710707273218
1841,-86.8763326006098
1842,247.5749914781671
1843,179.56274145075153
1844,255.44696294039989
1845,172.23465897270114
1846,37.87497834161709
1847,265.3378174094048
1848,120.71530074441966
1849,3.8592139894445525
1850,5.402494642315434
1851,-80.30972806462213
1852,6.263482444512375
1853,68.0458166529061
1854,59.1276184170261
1855,5.651883089887695
1856,190.93970659963077
1857,2.614059950872124
1858,5.037498599668604
1859,6.2779954658616415
1860,5.856739539658711
1861,156.343774687763
1862,6.262449610930041
1863,91.39939050487756
1864,67.37593370466175
1865,211.3520327333441
1866,141.31873243411675
1867,108.64869746615872
1868,259.03551597800697
1869,144.95728478018944
1870,3.4523596912310803
1871,193.13680863431728
1872,52.93972624921231
1873,2.946760732722431
1874,29.087669626474046
1875,125.41700323178455
1876,3.0054628921910616
1877,2.731928239070617
1878,65.5850722134305
1879,81.81912078401893
1880,251.27919665279717
1881,5.894551531585424
1882,101.98582055215451
1883,6.360328919248163
1884,89.26030139330842
1885,303.5137924925747
1886,260.1048668591242
1887,3.4938756008428524
1888,205.46312236589824
1889,242.53095448856567
1890,2.523192568654174
1891,237.2717560515053
1892,228.22754865506357
1893,4.313669668216198
1894,2.1056639796505148
1895,20.240070536813683
1896,5.953993666757293
1897,73.98057347934704
1898,-56.626302135262236
1899,2.993112001030004
1900,5.895665991033004
1901,277.78010282545716
1902,233.70714269462619
1903,-62.09596386091357
1904,55.71496179405385
1905,61.249309879808344
1906,176.10273255304503
1907,6.711527277946994
1908,6.036663920992398
1909,117.25326654736526
1910,5.7229279477028365
1911,5.676613972789826
1912,3.858996368125358
1913,83.75923216581282
1914,-6.2999008299593395
1915,6.953317572585608
1916,1.472032624324798
1917,2.8209577840229794
1918,165.10809605048044
1919,4.70469248940203
1920,4.699651937625962
1921,84.60124987187606
1922,3.335357295671444
1923,6.568281721632296
1924,2.7461034243082656
1925,4.525457135572344
1926,87.77450288203532
1927,143.8205186147198
1928,3.6804288244048182
1929,47.74405453243426
1930,2.952795776152528
1931,5.999136141391992
1932,4.985978677295715
1933,2.862765340913008
1934,250.33539513183422
1935,6.24814640165312
1936,4.8605501064306305
1937,29.596424696312823
1938,-18.992737663022183
1939,2.69298091507266
1940,271.4953595326418
1941,3.4886874990497336
1942,200.60728143170036
1943,3.974935584480245
1944,230.14188375831134
1945,293.1030244708469
1946,5.8533454731902745
1947,123.13001552850736
1948,5.641538311524862
1949,-3.035803505873101
1950,39.65069137455854
1951,2.5356137256811113
1952,54.042507094725146
1953,380.5375711292222
1954,2.6502875826221803
1955,108.45028474133177
1956,2.0569838326311207
1957,109.04006164441984
1958,3.8106870180344554
1959,170.01048280858328
1960,58.48776903462533
1961,0.8482955188224132
1962,4.260724121134032
1963,3.2217035156861042
1964,4.913414549577515
1965,96.66194152179992
1966,3.4734099208906963
1967,4.869526651034638
1968,271.44961620364506
1969,70.69668487360116
1970,5.829166405238688
1971,2.0843753102304277
1972,107.26359324503471
1973,-32.250442604874735
1974,2.694107719163233
1975,2.641436024121163
1976,307.202130374038
1977,1.6788477834787785
1978,216.15709318937473
1979,94.18222097883277
1980,276.73753370786363
1981,161.9798442372944
1982,126.5089251453897
1983,88.76453974291816
1984,8.220041872598955
1985,4.588591652526628
1986,3.8829401745321532
1987,6.115217646308185
1988,1.3267131225203632
1989,5.565443619880358
1990,4.222892386222052
1991,10.347465121010641
1992,4.004758340773341
1993,36.99128517808339
1994,1.8940237185487618
1995,113.22485225632408
1996,3.9103680058875154
1997,2.6755488893042068
1998,5.349781768576021
1999,291.9370799671112
2000,5.854173067096182
2001,285.0293238965977
2002,-39.21582200846726
2003,6.738482985752389
2004,335.06984821647006
2005,68.5895162125939
2006,4.716144166874761
2007,47.23754732683639
2008,235.07195278999637
2009,135.96626722213267
2010,256.69969176556265
2011,6.066119437266872
2012,175.14363098209344
2013,-31.093312592724725
2014,272.96226709815693
2015,199.9226745269513
2016,32.992006392421764
2017,2.9196868563411567
2018,49.220913804911696
2019,67.28164999020245
2020,6.6941669559400285
2021,4.218650590401419
2022,176.6189267647458
2023,65.61030348978525
2024,3.016335051074132
2025,4.274480795843199
2026,91.67986098658257
2027,5.895578592116626
2028,6.305821854363207
2029,31.78159833249957
2030,294.21906189041573
2031,80.45988740203313
2032,286.85184458267605
2033,204.34787087260446
2034,2.680571137571087
2035,60.57549036260272
2036,200.76882932163863
2037,4.889599594106611
2038,3.0734292336599767
2039,3.0612157169819434
2040,123.3227833908425
2041,245.29697659358442
2042,4.161527553358106
2043,182.53727311319378
2044,2.7221402480676944
2045,91.97065667448956
2046,272.9365474828296
2047,5.407993017670362
2048,-27.77386224712545
2049,1.5554860709136011
2050,342.12027902220956
2051,3.654247966339729
2052,3.7269289163690176
2053,240.92210433549755
2054,4.344978588946315
2055,3.653578401875855
2056,-35.4025643861166
2057,191.01153365714327
2058,-10.256189273579423
2059,5.26009726598316
2060,27.061338971943357
2061,2.3139444505348696
2062,170.55381252339984
2063,3.553319540430106
2064,3.6971205062273325
2065,3.5565323023778874
2066,2.010354228281812
2067,6.005669672619058
2068,3.4905143657875515
2069,1.5666507068637094
2070,280.5646080030134
2071,280.0944944347745
2072,4.491218579369489
2073,200.46669011536977
2074,366.5223763451294
2075,260.07174986498705
2076,3.574168046084033
2077,2.803353888151454
2078,4.028468141370887
2079,4.048777497286218
2080,2.632526735015307
2081,3.0542135981908185
2082,5.511888157621199
2083,29.846326540702837
2084,3.1651350157044744
2085,4.892796337090708
2086,127.80021753796069
2087,87.98087865971216
2088,14.080751663909695
2089,109.16554789103324
2090,246.57179797720045
2091,193.91787813060515
2092,-77.24803823451234
2093,5.126879281511003
2094,3.5295224885529146
2095,77.75420907584234
2096,48.828009596834086
2097,102.5621210651751
2098,5.500125615195156
2099,-12.436544465774482
2100,22.644767802364512
2101,5.682472751295859
2102,6.424278472086407
2103,100.03716216732882
2104,52.130900995638754
2105,41.09770961270845
2106,304.1888138264725
2107,7.01923242739771
2108,7.441687802040859
2109,5.879586179311464
2110,247.51010149331813
2111,3.5343833960204547
2112,49.99113511248417
2113,78.38670202236926
2114,2.4391180907008025
2115,53.64700869137765
2116,3.672861383353213
2117,3.668046656703006
2118,3.4697636520039143
2119,119.3690021846825
2120,4.7979069395101615
2121,175.48810177823032
2122,215.43826425286161
2123,2.8224062392961207
2124,1.6712315460845688
2125,4.3798910836152665
2126,6.048333872945409
2127,59.32171324130264
2128,204.4060617459217
2129,1.8092359568645118
2130,2.639524996577752
2131,5.711740938473172
2132,6.085441558808691
2133,214.24597895624422
2134,102.59093295678761
2135,223.47571662170287
2136,26.80087947829361
2137,226.98122216038354
2138,3.362540378852644
2139,75.76220401226888
2140,58.78458462384759
2141,56.462904270608135
2142,5.715418903432807
2143,-13.516692456543815
2144,164.55626979945805
2145,49.35542150771229
2146,4.042138222484265
2147,3.762301957752137
2148,78.26064827779754
2149,-64.20699752914416
2150,31.339676791615233
2151,78.51824421256413
2152,4.867573717412443
2153,3.2923349272030946
2154,1.8434742075534627
2155,2.346491837790228
2156,5.8802300421704645
2157,140.16824235579307
2158,3.843964016180056
2159,313.6017121901447
2160,225.9220035767894
2161,300.58773499391714
2162,1.8652705210665947
2163,312.0605687558739
2164,6.406285684115158
2165,3.031787342390289
2166,2.5249198751086537
2167,35.02003748154172
2168,300.80089542482546
2169,2.32881017832487
2170,2.5240911567195137
2171,144.42306465166484
2172,5.464832107293087
2173,251.6975117787555
2174,255.79776134786772
2175,1.8042958244952243
2176,4.713926047210238
2177,-29.409782108391145
2178,4.132815213647587
2179,83.40145425723075
2180,271.16025933842724
2181,2.5890548290225306
2182,180.67179579753622
2183,165.65275519850232
2184,5.9409641354588
2185,2.495640827295571
2186,2.518402194740749
2187,4.164249396819347
2188,242.15463886274068
2189,229.61825517977445
2190,82.76645315178763
2191,2.824535335290486
2192,2.8339157898806118
2193,135.2145549042481
2194,3.2935779968677443
2195,5.028316579727631
2196,6.645486994924455
2197,1.9716262581862667
2198,4.589931493255724
2199,3.1369829073251934
2200,1.7501837050077165
2201,4.165910820602192
2202,84.24640344193574
2203,2.635026595943914
2204,2.017420839654914
2205,97.19013085307097
2206,5.317883172922659
2207,171.05425741807764
2208,4.741881588255627
2209,11.996460428432936
2210,242.64441893076992
2211,1.7370031009499798
2212,4.664595667427837
2213,6.588182865415735
2214,78.92368183943606
2215,47.96017426053711
2216,86.39067801445708
2217,4.602400838166115
2218,46.28614298980366
2219,2.671623707844375
2220,5.5275223939934
2221,3.3408262245181453
2222,-50.06812080191563
2223,210.083484885333
2224,-44.26310113034447
2225,173.14415607785043
2226,-28.15412733942235
2227,63.53552920067478
2228,121.95399750087645
2229,145.68629424065054
2230,3.176068514853191
2231,5.633685551201657
2232,4.405051452468885
2233,248.14391817232934
2234,220.84855752688804
2235,223.1315812680592
2236,3.4814886156313594
2237,4.2553260804140685
2238,253.60946624981307
2239,102.48491141060975
2240,218.94849267991594
2241,2.218155221804139
2242,232.30157555699174
2243,6.168149966944247
2244,89.84619644845446
2245,238.1445857732632
2246,112.77287470965804
2247,250.24146143900504
2248,5.966170860567438
2249,293.88269658501264
2250,141.2242929338531
2251,5.050477987524703
2252,257.57828256866435
2253,6.128496354406796
2254,166.17130213040656
2255,-93.90601790591896
2256,43.08541695707851
2257,1.6674691429019237
2258,3.461896059270195
2259,85.21023596500136
2260,6.249013170064337
2261,87.37106758768195
2262,1.8664627093652948
2263,87.6741144508876
2264,-12.89662253447278
2265,51.656109910886435
2266,2.35585639729018
2267,2.909029723701111
2268,5.438866734699623
2269,3.9943468766012806
2270,8.48004857682832
2271,169.93325790459107
2272,45.2274344798386
2273,3.4183258284994555
2274,6.547375386660486
2275,6.422253340412771
2276,4.389040295824678
2277,3.299223896604559
2278,1.3850554384667788
2279,6.166400355866093
2280,2.9046140807620526
2281,199.5304818224473
2282,2.5216264984593173
2283,3.7361565611613416
2284,229.76231967869253
2285,3.305262190672998
2286,-13.239618495501386
2287,5.657038678829367
2288,2.957428155496578
2289,5.918504183515875
2290,-14.892837041681393
2291,44.95132564444451
2292,4.055867497542168
2293,1.9486159023326952
2294,6.637329257505481
2295,3.0968274363558415
2296,5.135885585113579
2297,146.43322364443335
2298,-45.622443818483944
2299,88.47555433425708
2300,3.4997686880615078
2301,5.430128851132742
2302,-84.87388369762104
2303,158.69333987877593
2304,5.617835143085413
2305,76.80864520622882
2306,275.81745589784396
2307,23.176925217948487
2308,61.532700121468686
2309,5.996309629819451
2310,163.43409221470174
2311,-58.294859992031526
2312,77.08814705276431
2313,3.9321067530985
2314,4.914829731399975
2315,236.63909777309925
2316,7.430283153265134
2317,3.752029547787932
2318,235.41667635891852
2319,6.481890405071768
2320,111.09560359383599
2321,3.69079015966071
2322,235.68957498677784
2323,161.48705447613892
2324,1.9935109283102261
2325,32.38023195165605
2326,3.156241607597252
2327,113.69186045061107
2328,3.7075856475998172
2329,332.3286225763931
2330,173.68478202268508
2331,1.5324110285296029
2332,272.8364606667779
2333,-20.708362106997757
2334,4.336317862214839
2335,5.435041213273669
2336,53.36391099247767
2337,138.30902689877385
2338,183.317430752186
2339,29.971741349647296
2340,47.619536563059285
2341,148.88492259899246
2342,2.3256602085635136
2343,6.286054379537706
2344,242.11805255657887
2345,6.002497725772244
2346,101.75070541286888
2347,115.06649208519616
2348,1.839451245188055
2349,257.94185004378716
2350,42.786321807059515
2351,5.048290265910408
2352,5.0816149203816785
2353,1.8267985953064072
2354,1.8442173553048746
2355,144.4656091136525
2356,3.744113333994128
2357,105.73915095955626
2358,6.292253793818247
2359,6.676397741900508
2360,4.518472038555725
2361,5.301995315540043
2362,244.5542412953789
2363,4.160178917619405
2364,225.86903609500573
2365,93.65485241903912
2366,56.86390841312149
2367,39.22262111114882
2368,-66.197024654163
2369,4.74783902881758
2370,218.94849267991594
2371,33.0863263711249
2372,70.72266026221315
2373,1.9615848133920304
2374,-54.846481169662255
2375,2.0586892646266453
2376,121.88600379044323
2377,100.23861730018791
2378,5.355333037167334
2379,6.195259006486537
2380,35.23974816606206
2381,151.6021191674036
2382,172.15466078526885
2383,47.54081819744798
2384,3.427441095911323
2385,248.56551887885576
2386,5.7675410478644435
2387,30.58075656472579
2388,272.2593762751981
2389,87.35053180721576
2390,1.9585735564553546
2391,89.83523366999495
2392,25.718400360783235
2393,57.50075663488211
2394,133.71545256077962
2395,5.866439892115043
2396,2.640887057174787
2397,296.39570489176833
2398,282.964427608703
2399,4.46383931200203
2400,187.22849952580594
2401,74.74965117680573
2402,222.4958000548046
2403,6.218355908189828
2404,2.0046928770681056
2405,5.039950259369292
2406,2.6381305909763655
2407,97.04765258759824
2408,259.1380758741389
2409,207.22716118929867
2410,4.296847700585148
2411,6.4704969689186385
2412,314.0980084073069
2413,-8.168124646883307
2414,4.107897704600857
2415,73.36024432770299
2416,258.9863943725943
2417,33.51110056743424
2418,3.2837769295308217
2419,3.9688435417085417
2420,1.9030291243277957
2421,6.1653215745712435
2422,224.03864421342928
2423,2.512383434215358
2424,182.7904414887792
2425,6.00765042000285
2426,-1.3604666026166647
2427,163.5507867438966
2428,20.415730031688682
2429,4.297738612375261
2430,6.17761869361039
2431,3.5557957192628775
2432,314.881294594843
2433,247.3556097593904
2434,4.268392489607025
2435,60.00225642311346
2436,240.4599238646615
2437,-79.93610684281184
2438,5.930938591656957
2439,6.960878516505092
2440,177.96054929535075
2441,6.4217601098020225
2442,5.886361919465326
2443,4.87985877172677
2444,-36.456730065449015
2445,6.460759291995405
2446,5.298942561274377
2447,234.7682386253595
2448,6.648022542845422
2449,6.122638516548875
2450,37.61837200013032
2451,2.860234139897907
2452,3.9484961307325115
2453,26.747657155810497
2454,286.0243095986417
2455,145.67477228793126
2456,3.402357706710958
2457,248.20454407184502
2458,5.9201475790415685
2459,2.7671795463199107
2460,6.301962637730709
2461,64.84151762353108
2462,49.93896394724837
2463,6.237620739326529
2464,-68.87462793660757
2465,25.486797647960124
2466,219.7507284237062
2467,169.31471598544186
2468,258.13041272737655
2469,250.54818803158864
2470,5.7572257344668465
2471,125.39552876246204
2472,3.021961539604064
2473,41.57950404002565
2474,191.65058459804632
2475,6.44317401435986
2476,95.53048322330208
2477,123.7622242449394
2478,156.16583890480607
2479,5.453579612397231
2480,44.7505751592368
2481,59.38206909740818
2482,2.3136645029235017
2483,4.96641458237281
2484,105.76850594834958
2485,136.77018951948594
2486,6.695560718215786
2487,5.105082030451996
2488,-50.36590982098187
2489,184.42362328377686
2490,5.728287691043106
2491,154.84269858882112
2492,51.71634244841775
2493,64.58619618374756
2494,6.000160105147192
2495,5.615276473316684
2496,108.70602538531017
2497,63.198832870862944
2498,1.4003325950056225
2499,6.654786033647727
2500,1.8841346054866706
2501,94.70299597458333
2502,239.5513235243294
2503,110.65256255914218
2504,337.8665875101067
2505,3.2465521695816726
2506,4.665801680885619
2507,269.7190036417094
2508,205.58021477592285
2509,99.53946395185523
2510,6.552689488389978
2511,204.88968031860983
2512,83.24579475239598
2513,148.64547210266966
2514,212.6759295173503
2515,298.229404135149
2516,2.158591903118079
2517,2.337201332349862
2518,285.7129754404374
2519,4.566889215706318
2520,80.03323938547666
2521,136.91470168319816
2522,2.14886516399925
2523,5.985282370704619
2524,4.632142756771859
2525,285.85118914600304
2526,3.8209242342962453
2527,3.9187790723417892
2528,245.2679544958482
2529,123.29862577278149
2530,224.27317307291912
2531,268.7104177562207
2532,57.45659224993052
2533,1.9898527718731096
2534,6.067364324119421
2535,5.902203179477198
2536,3.7835448127703177
2537,6.312021975984629
2538,5.94443089663173
2539,183.45303021693445
2540,2.7801236510175276
2541,10.23179438281991
2542,0.17848676818887155
2543,5.153382601504784
2544,141.40079624286582
2545,2.3959098193227493
2546,273.07726352951494
2547,27.712218887691016
2548,28.621333037958454
2549,130.47775735067603
2550,132.53377343845125
2551,-33.14523665834483
2552,2.202816243101095
2553,286.3263209706357
2554,2.153685761955453
2555,60.20372883456601
2556,136.3844629878501
2557,4.273259447991899
2558,-18.352366344908454
2559,6.224976797409115
2560,212.05072102282398
2561,2.569102180362575
2562,211.85238774694494
2563,255.96311481947197
2564,265.0361833605872
2565,4.477330526832913
2566,4.761802195132541
2567,252.44319838428345
2568,15.124027180825298
2569,70.14966870482867
2570,3.67822172364107
2571,91.6352166149469
2572,-42.78328959808588
2573,177.32376155830974
2574,3.0770641467592372
2575,4.479156655590611
2576,3.7281512988918895
2577,6.4121912211280705
2578,44.60983018987968
2579,6.101941916119742
2580,5.3170185893529185
2581,2.835346681957686
2582,-30.653258649948977
2583,2.076168784218471
2584,6.343828148012253
2585,35.95627767920094
2586,4.79593901333485
2587,218.29154485893878
2588,202.4896492041633
2589,4.626985202446162
2590,51.0460226443944
2591,1.7894090320852292
2592,118.37453443163025
2593,62.93616476816876
2594,82.63883309569144
2595,47.98605995824309
2596,47.40757810085117
2597,5.471226797326712
2598,6.6189867542040846
2599,41.43885242423476
2600,4.460708621157922
2601,205.01483107991206
2602,6.166643392811697
2603,352.42584296652296
2604,158.59897537246707
2605,76.44241980666239
2606,4.140656044302476
2607,52.003958217249114
2608,188.88726735314637
2609,54.980534705450324
2610,2.5410119537494467
2611,-2.877575466188832
2612,3.317875722291855
2613,4.338790467793648
2614,3.3042316112895618
2615,115.53976248163539
2616,167.31327226567632
2617,264.1334314212808
2618,199.57788178966192
2619,4.5577271130891335
2620,2.833657397579035
2621,4.47891778010127
2622,2.6702045169388438
2623,1.5819414399460563
2624,6.8016442940762785
2625,131.1006137326587
2626,286.46281112537076
2627,38.99846192377964
2628,131.8227796994523
2629,40.324874023980435
2630,127.78893249986378
2631,31.994171355790556
2632,6.158225148123229
2633,302.19669717436744
2634,58.41782849364702
2635,131.7068870226143
2636,-47.386596588363076
2637,3.747495066854971
2638,-71.11605689407097
2639,-63.51333152412518
2640,191.99740739793154
2641,4.147352512395273
2642,5.790512012330487
2643,149.68212980710544
2644,139.43962728956114
2645,228.2348556361485
2646,2.4000899599183723
2647,3.5503374514267465
2648,4.793756784191119
2649,6.43358414629259
2650,256.5952250364215
2651,209.0130487759774
2652,55.388675713752235
2653,3.51742775190091
2654,40.910233452564725
2655,228.22260111059035
2656,256.30517652763496
2657,2.7914849503098838
2658,-5.406747771968609
2659,265.8836938583514
2660,1.8209362030642962
2661,272.91661198428017
2662,80.7904873288991
2663,-16.60976518536171
2664,94.07495472564912
2665,260.9922892813567
2666,239.77918510702355
2667,-28.283688866476087
2668,33.72774094192895
2669,6.722174955084153
2670,130.50065067967483
2671,200.68263029731048
2672,110.43574153768881
2673,224.95083376277586
2674,235.4753660849804
2675,1.7469085854502973
2676,-23.27680307798157
2677,308.61276778665
2678,8.435433044989713
2679,5.625557005669104
2680,78.89666750513095
2681,4.8711235556344885
2682,2.7517446371609933
2683,2.435820833399475
2684,2.8980146373068143
2685,6.496461616534456
2686,-4.800504941441805
2687,58.55200043655542
2688,70.76619024991959
2689,40.799382203040864
2690,134.08880918682587
2691,79.94039304656359
2692,57.540352501029204
2693,123.27167980958185
2694,116.77977036139859
2695,6.603081404753826
2696,151.88300267484237
2697,3.7347840151852782
2698,2.4696308055363794
2699,4.2301511563604395
2700,206.701159573966
2701,65.4325505389089
2702,6.275053140198467
2703,3.823324799237381
2704,177.34054024031175
2705,2.8853625523802706
2706,5.326728040966309
2707,189.3918073827665
2708,3.402013567203184
2709,49.310809206374934
2710,5.754598201547741
2711,172.03930463999882
2712,1.8421125518315413
2713,137.68161872085346
2714,-43.539639906791685
2715,4.612442184771196
2716,2.8187777157758633
2717,280.6505936474263
2718,3.646451679038811
2719,3.0693974314190613
2720,6.965455860477914
2721,6.449938525979187
2722,4.095265681852223
2723,224.27862933626298
2724,6.129623985810183
2725,28.833461314080004
2726,3.531694368634046
2727,332.91034631380785
2728,53.704776070106504
2729,166.22905711933964
2730,175.48121422226347
2731,158.76194596626422
2732,6.268184096334121
2733,228.00057006364466
2734,121.09033501519127
2735,87.86967980165821
2736,69.29248695538269
2737,174.5799264686831
2738,140.27695427785181
2739,130.79269533833826
2740,5.9908865961784725
2741,60.94384403193693
2742,1.412079563115949
2743,33.537267091648616
2744,0.9352035722003231
2745,4.59220911690626
2746,207.06125995450972
2747,173.31836004450716
2748,2.8327995802690724
2749,5.440017983984229
2750,218.88185196087983
2751,268.5646529061476
2752,2.6997937185697944
2753,113.1702417698488
2754,0.2711006729133748
2755,33.89835522846836
2756,251.57936499172456
2757,5.713291533820445
2758,282.27288021571667
2759,83.8500509682408
2760,170.12471964563966
2761,6.510891779402355
2762,4.0626828185120125
2763,124.39877686541456
2764,3.914545297493876
2765,115.3938560529743
2766,2.015663991852514
2767,263.7663678186641
2768,4.3309184788981465
2769,3.6914673618402523
2770,187.64289724650223
2771,137.02413243342912
2772,6.971716506478922
2773,3.1813549244680552
2774,5.108928232463153
2775,6.147610800817654
2776,3.769438334433471
2777,260.6039654902554
2778,29.148644508083233
2779,2.040930533931179
2780,2.7983418237599147
2781,243.68698821556558
2782,219.7884663544313
2783,5.930902557615029
2784,-3.125887338838936
2785,5.8447607420939995
2786,3.5087048408551196
2787,49.353241281282
2788,15.811211100432242
2789,156.30230754014622
2790,224.1500619232026
2791,89.53669669328633
2792,172.75202212925424
2793,173.46187399196663
2794,179.22172767709395
2795,58.683648935572066
2796,235.86334641855404
2797,116.35563726334541
2798,33.58853045484337
2799,23.617324162172686
2800,5.453156529495809
2801,3.965505952132939
2802,3.308876216178375
2803,53.190823097627415
2804,3.569616289768547
2805,41.795638940181746
2806,7.050241434097071
2807,31.31204943055095
2808,92.3508748393244
2809,6.031397643590173
2810,5.615938126257316
2811,191.91108751003526
2812,5.926405526813183
2813,15.166283395603429
2814,6.029844705455706
2815,271.1628515138579
2816,61.80952634840388
2817,268.24934161971083
2818,121.73112553712271
2819,50.072753859260885
2820,150.86603201853728
2821,55.90756346178429
2822,6.131452748754142
2823,53.42405970122935
2824,268.08969929319943
2825,139.155846754463
2826,-60.511717764828155
2827,6.537787575833965
2828,5.47340880198292
2829,5.058072915850415
2830,5.62575605390028
2831,5.942658351441032
2832,5.631113447683006
2833,121.60165593706331
2834,3.881824991949986
2835,3.3365887641022125
2836,3.329074175584613
2837,3.502072057702621
2838,5.821846959105121
2839,1.9954016699733765
2840,62.539594451936324
2841,46.25056777926495
2842,272.7684442553426
2843,6.059971868041381
2844,179.87139022388206
2845,272.7919935593803
2846,3.579467800412335
2847,111.98206701689745
2848,15.48011316207294
2849,-45.85044996606764
2850,6.587723732066756
2851,6.753882158436445
2852,-35.12645790401739
2853,107.51563363810811
2854,2.2498294469421523
2855,61.11312187301567
2856,5.948120159762464
2857,23.34934242167578
2858,209.46966928515894
2859,1.6627011397690907
2860,151.58629766089143
2861,283.8417966135228
2862,272.4163213126543
2863,2.9582232856404973
2864,272.3360318322009
2865,219.84053135338544
2866,2.0377306827271364
2867,2.4272594740003615
2868,98.14103203944754
2869,52.64577697126211
2870,166.82066264940303
2871,6.206097530917005
2872,259.35834402756177
2873,4.935135710173004
2874,17.476873919153412
2875,4.996772975008003
2876,-31.99786024764027
2877,269.1423553502168
2878,-75.03672890971458
2879,5.0056389009238815
2880,235.52989443178788
2881,5.84426253283945
2882,6.281865716606649
2883,3.9886990894287635
2884,6.603328576551133
2885,191.41488364638616
2886,235.67888696613335
2887,5.862385343586842
2888,2.1664750115496165
2889,6.403530360024156
2890,2.7144260234563395
2891,-60.31812209459309
2892,135.75765744392936
2893,44.30967854109061
2894,43.0912726936599
2895,5.173293660791518
2896,2.5634280725193945
2897,5.442956814668728
2898,116.82560696262877
2899,29.53433489913502
2900,3.080321375475064
2901,37.926812445037875
2902,243.14014780742156
2903,270.1968661271525
2904,3.8389205880802204
2905,4.114225381277716
2906,29.06583514256929
2907,4.016080253855181
2908,19.084125977187632
2909,2.061733470082752
2910,118.22837417099298
2911,3.6909028313833927
2912,2.284353016007697
2913,6.067829154203754
2914,-20.86829062337174
2915,8.160080340327893
2916,247.14044626192876
2917,166.41165976592242
2918,3.9436509011301744
2919,359.92614275470095
2920,205.52215963073132
2921,5.255181504905618
2922,3.9030630136970244
2923,201.33439993793885
2924,5.420814427572633
2925,4.844998339930132
2926,5.897553239033588
2927,29.883827843947866
2928,6.357559772293573
2929,156.32977575082987
2930,265.3863450282673
2931,2.4535572070934304
2932,5.547314264985959
2933,-11.646088982327743
2934,126.3325457260827
2935,-0.7788686560998279
2936,-56.8550722432129
2937,5.738652462209144
2938,-5.174623296346735
2939,3.0153076346489707
2940,175.2327717988432
2941,74.86866077631852
2942,85.2246671993563
2943,6.263612663765641
2944,6.4931199542566445
2945,5.810130968365344
2946,6.253139513121682
2947,-42.35280278099945
2948,2.557084960942695
2949,6.665643106233274
2950,2.7966061609760313
2951,148.14725765940872
2952,140.29533804705028
2953,6.550031382722983
2954,1.8940672722445044
2955,17.431298779512076
2956,6.297511470325084
2957,98.34710936229074
2958,5.385462994952916
2959,194.88051585411083
2960,6.1879565351435755
2961,174.02818421316215
2962,3.8515375050246883
2963,4.307925166635709
2964,253.52398307841761
2965,189.78866690825026
2966,4.389204591650046
2967,3.5508971108311607
2968,166.77740393361933
2969,-83.28723577906712
2970,1.8791136566006459
2971,233.42804623379232
2972,6.595915080403362
2973,205.29709284869773
2974,254.1502971999202
2975,4.686194909279642
2976,42.19726345002554
2977,45.81111750270303
2978,4.609232771903824
2979,4.725251812595289
2980,305.1861412839562
2981,309.10383185911087
2982,137.4935210956462
2983,134.69963968981904
2984,278.79431830648673
2985,131.78266578243822
2986,298.96298551666985
2987,228.22176185720116
2988,121.98282820227652
2989,110.6837311078551
2990,48.23333425181478
2991,6.99290499863327
2992,3.020209514732584
2993,5.460274014021481
2994,22.22422669121409
2995,12.81366131298765
2996,4.4506848167227595
2997,3.400188529568596
2998,95.84508650881362
2999,141.02104428609059
3000,79.52302450555017
3001,3.3995496190725527
3002,307.25759737500584
3003,4.446782406027617
3004,287.01961823495833
3005,97.78531750148635
3006,90.7339919355898
3007,6.19841707663308
3008,2.89220709583355
3009,32.16104521142285
3010,4.505471796137507
3011,55.023628360446914
3012,5.230985708006196
3013,182.8942594296269
3014,6.398952524499136
3015,3.6738987878775005
3016,6.073277778932532
3017,6.152997311750562
3018,4.5064670781910685
3019,225.28837380402257
3020,3.3391868791287824
3021,238.81266734590417
3022,268.4755124398085
3023,2.913789080444025
3024,95.91691605396687
3025,245.0093556634004
3026,168.17359692404764
3027,6.226872331032865
3028,5.440830706358886
3029,-15.255567450990178
3030,-48.2948399506794
3031,6.055951002580601
3032,6.754113370751316
3033,4.978132841114754
3034,123.75787372433064
3035,149.45076790820548
3036,211.16766372997765
3037,5.397796305891617
3038,2.0413241143980247
3039,-33.75244707652624
3040,180.06788595346598
3041,4.860926640604813
3042,6.037128310919256
3043,5.878319406895346
3044,225.3664645618707
3045,157.86917616325798
3046,4.4048277763952735
3047,4.023299125894527
3048,44.184537853936504
3049,5.832170583672671
3050,253.54641093931298
3051,86.64113032089037
3052,6.657274292243924
3053,4.110867616893108
3054,126.92580232588995
3055,178.85001267504896
3056,58.110993476968204
3057,2.981344400478315
3058,111.30003471088045
3059,1.85070966528832
3060,253.32382575030775
3061,5.12894965011489
3062,224.42802281926853
3063,147.75784968644535
3064,245.8786246187842
3065,237.56854041326395
3066,137.72850587367796
3067,49.46047853724755
3068,6.213751091552892
3069,5.990723605476435
3070,3.834577867467089
3071,6.1611895381466315
3072,207.0609272552076
3073,134.79071864264645
3074,6.283503910333963
3075,5.867579893083123
3076,164.23949513938658
3077,7.732056028857626
3078,80.41773269076107
3079,5.667759943485407
3080,3.207327724750121
3081,-1.1018438578478809
3082,102.73524732859059
3083,134.19510674998398
3084,1.0112284396802556
3085,5.45679325289368
3086,197.39348700270352
3087,3.091683071072448
3088,104.93027299584303
3089,3.48105133862934
3090,305.9773703598604
3091,145.79455094703687
3092,96.73879116007782
3093,4.059685220602385
3094,197.68439443204613
3095,260.5927305656903
3096,141.3391618509122
3097,5.191752004979099
3098,6.422756019531387
3099,30.209554649227734
3100,69.28841776435036
3101,3.585153553085507
3102,2.3597861463245957
3103,3.003681068678554
3104,51.65090004534473
3105,3.1365636681429283
3106,47.99905834789299
3107,1.3046836270749769
3108,2.5075914271115725
3109,6.414405578209225
3110,254.22633747073223
3111,2.1405075702205743
3112,218.2741447620501
3113,5.510435171398165
3114,54.13288666796824
3115,272.3167331948443
3116,104.74233206491583
3117,22.95186041999777
3118,266.2412214680053
3119,4.491802728924943
3120,39.15575001118425
3121,21.952190753705537
3122,131.45566632259354
3123,3.9385282553614154
3124,2.7578202944998287
3125,3.726762236770329
3126,206.62652961598113
3127,250.39677643476566
3128,27.486751933897395
3129,362.51007132690916
3130,2.137064943936993
3131,104.14030692500573
3132,197.88148434361537
3133,129.47573951423388
3134,240.39240764501454
3135,1.7123348604864677
3136,309.30692000645905
3137,3.0091440489943486
3138,149.08392107663516
3139,6.075654814375216
3140,2.470883241684686
3141,30.901894588090563
3142,3.091020795542044
3143,117.18799341837465
3144,261.4025095712975
3145,5.215440615373664
3146,297.60496890244417
3147,110.47439111180333
3148,99.26214213966833
3149,18.947580466329825
3150,1.6806171468275144
3151,251.6399669769912
3152,6.99673717710848
3153,240.48945588777158
3154,172.155123925817
3155,45.04379329018338
3156,53.946114284731706
3157,4.78837419558261
3158,277.3798032095302
3159,118.91177068305441
3160,258.63131511665665
3161,-44.384199898070506
3162,3.651465350861272
3163,207.4073789733257
3164,2.9861615031300293
3165,-5.003769847032819
3166,60.03711660302952
3167,6.6518813338933525
3168,5.416127731810704
3169,3.5038442141598214
3170,209.371529080025
3171,3.0450835289873734
3172,217.5560100534104
3173,292.85224298619653
3174,68.33389391685579
3175,-61.949596921590604
3176,3.7049852206216287
3177,3.284756673203984
3178,182.90326749751574
3179,6.04603368347432
3180,306.69345846357703
3181,192.58207559980326
3182,286.11964646294246
3183,6.029170365910458
3184,74.00116077263867
3185,6.994636873961158
3186,136.76581881358442
3187,280.90255836478974
3188,-14.196195019156363
3189,234.2186340632929
3190,4.132706773497218
3191,246.85260013136474
3192,77.49538721826369
3193,6.409897383418766
3194,3.895131990403076
3195,5.797510432302828
3196,136.1035966918693
3197,5.397084136016029
3198,154.00304056714128
3199,179.58566255917526
3200,2.0973061828795445
3201,296.0807208579517
3202,4.4737348015310525
3203,4.702009964901292
3204,18.50039580009076
3205,6.447976565783015
3206,277.4007156939755
3207,5.908218392737384
3208,191.92884026254904
3209,-14.352685886940067
3210,7.179464811516425
3211,180.4219332803622
3212,207.8177029247933
3213,2.7037709201589393
3214,262.7950927583732
3215,3.569425553114008
3216,6.117958038095128
3217,133.69739543183005
3218,274.307361494834
3219,95.85680919657457
3220,71.87715272476564
3221,91.32977101216862
3222,265.50079445817585
3223,330.27391955613905
3224,-65.28233830576963
3225,136.90774600017917
3226,5.939838187195114
3227,5.869697476240623
3228,10.167440259289233
3229,308.9048756672587
3230,228.6335447322193
3231,6.504435923717898
3232,4.916924868733053
3233,5.678106088962526
3234,4.22718068012721
3235,97.0589858066028
3236,137.7513791102706
3237,14.041097170981153
3238,299.30150982366007
3239,6.561826714029624
3240,75.11065092948085
3241,21.42917049450583
3242,2.3718364738493882
3243,28.695293416885924
3244,181.55583070086522
3245,5.275104656591615
3246,250.09209172397652
3247,6.2360349263021995
3248,56.639857683599594
3249,-39.690450387157895
3250,225.05084939044184
3251,237.37774410248647
3252,106.79616635820018
3253,54.408289378145696
3254,146.94607427740124
3255,6.376921777030044
3256,6.127217332953345
3257,40.98016492163569
3258,2.5580292703512346
3259,56.4687372036103
3260,5.935271879325596
3261,104.00858070868887
3262,319.90343456997573
3263,2.2238686329833275
3264,3.4381006209129175
3265,147.9002804877083
3266,3.835698753968573
3267,6.669708312107354
3268,3.3897979418142747
3269,4.303445897590551
3270,60.232594504310214
3271,227.54904616220688
3272,2.3737889208859286
3273,191.98828877127428
3274,188.06107353338797
3275,117.0784918909497
3276,101.30486752507417
3277,6.320704733016186
3278,6.407614157046672
3279,3.340247574341984
3280,146.3454364122295
3281,267.9330124459787
3282,2.876733064768969
3283,376.537054330485
3284,342.3069910062257
3285,87.9762479999959
3286,3.1116303370055487
3287,-16.52118386874552
3288,44.25277269241158
3289,1.8641408406959767
3290,68.16263123500174
3291,250.66083882593813
3292,3.0237037250599075
3293,65.91489124590754
3294,222.40305355124192
3295,132.66536889604834
3296,26.34643902418471
3297,221.0798606771171
3298,2.3300015963447107
3299,238.68549108573222
3300,3.869353976000182
3301,208.5284163921571
3302,208.65805005935664
3303,4.483648293715984
3304,239.7197199879102
3305,4.743499672281878
3306,4.825435468695485
3307,182.78439978416787
3308,3.061356725470812
3309,6.247706895268404
3310,-62.785647354295136
3311,2.5043971860802627
3312,3.6404678870237803
3313,2.495086544855453
3314,5.959024044286643
3315,4.509752410456592
3316,323.350804909361
3317,290.7633977733386
3318,41.064660870663225
3319,1.9358868360623918
3320,2.038227715626256
3321,4.957314944711738
3322,156.41777556593766
3323,4.978077737563526
3324,3.6660021525832285
3325,318.49148014841006
3326,76.05158816837974
3327,-35.343983110991864
3328,6.495359017564214
3329,1.8619048294328735
3330,178.66739866423592
3331,106.93592354091571
3332,3.8038729101327604
3333,222.7693144654346
3334,105.75908094334159
3335,3.366003670262559
3336,5.5044750053803115
3337,2.7237103880816838
3338,1.77779262644667
3339,-6.877865275937711
3340,38.691183589149276
3341,62.03875486702575
3342,215.8008308296483
3343,123.38766779297544
3344,3.5532883298575753
3345,269.413292185713
3346,288.26107817361236
3347,174.21859135374126
3348,63.244449399676384
3349,5.749510443411652
3350,3.7533467531912525
3351,2.8235212206138285
3352,1.8427920747120519
3353,108.51287270357525
3354,78.54141065451199
3355,3.1196143145626527
3356,288.7751005239226
3357,3.250674819158923
3358,240.83449785331703
3359,98.47051106591772
3360,123.28098686320399
3361,3.151581152203967
3362,3.217551333348281
3363,3.2749585276681357
3364,56.11942538161594
3365,130.26962532572273
3366,-14.16103282552594
3367,3.454408610432975
3368,138.50468703161107
3369,4.064180302566762
3370,80.40539273093694
3371,-4.372952090872593
3372,209.6873291777479
3373,73.6554327439845
3374,302.0872528525016
3375,2.3578173237172217
3376,3.098131089997894
3377,109.53823600342619
3378,5.3847892532529915
3379,40.10107840117017
3380,321.42157135493306
3381,6.647725178545626
3382,98.76263156975675
3383,6.06446333198663
3384,52.86723354093154
3385,4.207402158468387
3386,45.43395631716441
3387,2.202998698709113
3388,172.18361814381686
3389,225.84399300312344
3390,2.166079387811835
3391,5.6517697994221106
3392,5.036339816865697
3393,183.31724238642428
3394,124.0914769621902
3395,5.121717142501199
3396,5.714395606565063
3397,140.6476672278393
3398,2.078733882592637
3399,208.39876142071927
3400,185.28595562232908
3401,5.033269656297191
3402,1.1887899945465734
3403,74.04084968532477
3404,111.23367355015057
3405,181.31268460315835
3406,195.7762713320061
3407,4.0187707699375945
3408,79.01518450262058
3409,108.16977515031536
3410,5.946355037048528
3411,6.021378097696898
3412,50.54623873373833
3413,2.238673547134859
3414,6.810782209573787
3415,102.63187885115839
3416,74.7708408696933
3417,191.24875731757714
3418,163.1420041641715
3419,-16.892269507012436
3420,24.03778931542621
3421,-25.68275371410257
3422,166.77752429522593
3423,1.9931867856879348
3424,3.630468197202159
3425,19.129686441354828
3426,3.4822940556972344
3427,57.06600056279762
3428,2.428163633509845
3429,311.4630110605001
3430,313.64502672747125
3431,103.6622792833131
3432,5.912406432936805
3433,81.32157187666346
3434,1.9536431947362174
3435,322.8844641368494
3436,224.5408680753892
3437,3.228895833046341
3438,23.236979472168628
3439,254.2759418568262
3440,6.362900089372682
3441,4.929956296439678
3442,230.38668995407394
3443,5.0104908844166145
3444,199.0987041576793
3445,3.784596376917657
3446,5.846565359273417
3447,256.0050214730803
3448,5.242962959130679
3449,5.808708551957177
3450,111.61392442364807
3451,202.24683364683816
3452,2.0686698776903407
3453,3.492204658165375
3454,24.362171626944082
3455,4.012180750425395
3456,5.862778461615084
3457,3.8399912701432184
3458,6.110891858096997
3459,162.10928681426066
3460,-55.60749786553905
3461,4.147096668640095
3462,37.336611931208836
3463,218.15138211067415
3464,4.381747346696835
3465,2.6755019879718693
3466,5.817150170203124
3467,112.42351479531399
3468,39.49282279444596
3469,309.6558116487714
3470,154.9533957303023
3471,26.634365352828667
3472,281.67216451000166
3473,5.9547774668440105
3474,4.100267285987248
3475,4.618158495460845
3476,35.7266779605307
3477,3.6486618577764345
3478,6.620582999000069
3479,2.636694556835864
3480,107.23261468915433
3481,166.36564480265653
3482,101.70154240700637
3483,76.26851041669565
3484,163.50188481561455
3485,2.3607109496515712
3486,220.87724512400644
3487,5.838583515532825
3488,5.029793174817592
3489,3.24039738936222
3490,6.173058471632576
3491,3.2619710986317427
3492,2.404454471055389
3493,301.3598992182865
3494,114.47255886098304
3495,6.398957240832702
3496,32.59912947338697
3497,4.220038560183055
3498,6.559679835626417
3499,-27.45545831370958
3500,102.64875712559426
3501,276.135480106154
3502,5.75393570993371
3503,3.8351885985676084
3504,38.028984032761954
3505,133.12745082233835
3506,84.55741839094426
3507,6.230303152848461
3508,3.1691748465266176
3509,3.0794660912213043
3510,273.98761003236496
3511,2.016908707580044
3512,78.21245932156192
3513,111.87049364211423
3514,3.359329653738309
3515,21.926003935612467
3516,3.5076070050633805
3517,204.3434358909628
3518,4.316296522268619
3519,232.09883021154093
3520,280.9073644471597
3521,1.9364868031055424
3522,10.952205124052703
3523,4.393547226070123
3524,6.509028310525172
3525,5.256908351401692
3526,41.06702830312218
3527,1.6858486447764962
3528,278.04305250179624
3529,190.56011294041912
3530,2.4502924705182707
3531,81.18555303423202
3532,255.70954015023136
3533,39.641167105076775
3534,7.938486204962022
3535,91.10044385021484
3536,3.574363163817093
3537,69.84309282026275
3538,6.7906171805885105
3539,-2.674400380695088
3540,154.9497163449577
3541,-41.89440980359122
3542,2.6735716390629394
3543,178.10088749663333
3544,35.583258519852784
3545,2.597632750339906
3546,5.56229221250908
3547,169.99454099043444
3548,5.149715495090022
3549,1.7930246027584948
3550,4.647801186048684
3551,4.3117278601240745
3552,5.695317774300637
3553,5.80461642727936
3554,164.91345978150423
3555,4.117142349356884
3556,1.9159718716277963
3557,107.51577851063158
3558,5.376707692691511
3559,100.49731891556574
3560,62.83322483761914
3561,6.3819166893721855
3562,33.52150499037836
3563,-47.39966728923605
3564,5.972559711123587
3565,5.000275787662476
3566,163.4055653950625
3567,2.0041737976192078
3568,256.69661116692487
3569,175.76483645238693
3570,49.86510495508738
3571,203.3652280263659
3572,1.9040943249704534
3573,6.160507942781032
3574,5.734851943106865
3575,2.0486826269569667
3576,5.210783459152435
3577,6.317421146291418
3578,70.2276522170842
3579,2.075572099368947
3580,72.83980088755781
3581,238.6692546808528
3582,82.22310451610474
3583,72.85494921485822
3584,6.649637124811428
3585,35.874134292349034
3586,5.835509438190666
3587,45.19085128047361
3588,3.435958392663962
3589,240.6979736042847
3590,2.7122154417559883
3591,3.4241623991524386
3592,185.12374431023315
3593,4.107801481815714
3594,29.55433617824997
3595,6.726800193572853
3596,32.839934767521655
3597,315.9161219440642
3598,83.34938346074209
3599,78.19390218380364
3600,2.7340484913889473
3601,313.3386518069683
3602,47.323002844246176
3603,5.351262351543748
3604,2.926465992650557
3605,149.02140173994025
3606,2.1762074206345736
3607,3.441451741458029
3608,273.8622317513618
3609,182.40416526103857
3610,-17.25507604631285
3611,5.497211892159621
3612,261.4213182643298
3613,6.2912436898578665
3614,5.075404323334404
3615,6.453827018543446
3616,52.44381495802879
3617,4.987848997303014
3618,2.669325191090688
3619,-51.76291473388008
3620,1.117079730205834
3621,77.13806351018073
3622,5.299013117965158
3623,258.8001937355158
3624,-3.6309108504538834
3625,108.19802355725365
3626,40.27796543118453
3627,32.23796203912147
3628,6.22839400367287
3629,41.73113944961597
3630,262.98140136500416
3631,279.21086441080513
3632,238.95791457009523
3633,260.14919655908307
3634,118.06526703328507
3635,121.38463997762423
3636,4.618324563735192
3637,40.373278601010014
3638,53.20653335241312
3639,4.773982457506656
3640,321.569703961886
3641,220.43260524369305
3642,151.8554601963457
3643,191.4530426827578
3644,6.514384123202346
3645,137.70430356139977
3646,2.6181700417922293
3647,5.825841537546623
3648,236.07650471241715
3649,-2.253772106846972
3650,3.2557475959943183
3651,198.56955664059439
3652,49.46991783028993
3653,7.160260597785593
3654,73.16295858392925
3655,2.2022880874101514
3656,159.83162286366735
3657,5.750988258161714
3658,7.913089446589063
3659,4.670700695407844
3660,5.878321493370442
3661,75.30412706402014
3662,2.138438523218773
3663,5.4911316700568955
3664,128.97849150044874
3665,4.880952127893253
3666,293.18755364089355
3667,250.1985416455106
3668,261.9767660753174
3669,242.18320252938236
3670,6.97695993895899
3671,6.394821170968603
3672,220.82224547934993
3673,5.227923961561921
3674,272.7117961823394
3675,139.6420081054764
3676,59.428440778614394
3677,41.973340815462336
3678,4.6028871834976
3679,4.511556545840211
3680,4.149792840134525
3681,161.42692032814347
3682,86.11475366737645
3683,184.83242934651187
3684,61.326775276778896
3685,153.46969988787296
3686,248.76929575947554
3687,98.24375469347939
3688,248.93516985344405
3689,2.5207267887146743
3690,179.61706663157992
3691,188.18864254931364
3692,301.731663657436
3693,270.1859070156309
3694,1.6821803117913805
3695,244.4577892700929
3696,197.91272109844857
3697,0.8178340896560418
3698,-34.81667099036917
3699,4.377562823418833
3700,5.6610472113923835
3701,354.79174677484264
3702,3.8913852704591627
3703,3.960808850466482
3704,6.104782565331125
3705,1.3150237534174416
3706,60.60958544000282
3707,-14.477833060495477
3708,138.9102478640578
3709,3.158316570026914
3710,6.589703227756372
3711,336.7513910748868
3712,85.63899247424874
3713,5.794816561108634
3714,328.61632760799705
3715,2.6469173897639044
3716,2.0383705299070995
3717,139.6639953419592
3718,81.06575625402206
3719,167.2353834880157
3720,149.20710866504425
3721,3.045119992563627
3722,4.0945936096740265
3723,3.3301831181890442
3724,1.8944011637283789
3725,67.47425233692401
3726,1.7024720292867048
3727,225.20501654223875
3728,59.618415042311554
3729,-16.87762096811175
3730,170.87199679016172
3731,81.71582254458521
3732,3.378633804032392
3733,-39.30069002551882
3734,3.3251375082029853
3735,2.665196917513511
3736,31.944476397985355
3737,6.1658689499745964
3738,199.82806206845777
3739,-38.565712982521646
3740,240.0949788689354
3741,39.04950447552274
3742,256.4666779026295
3743,2.3230479100526664
3744,79.76418826789417
3745,23.02132975502312
3746,4.864284832440107
3747,4.789465765352776
3748,174.38397305192765
3749,93.8694333918476
3750,1.5400793380433846
3751,211.372265589505
3752,108.34354220294236
3753,5.1240343089880716
3754,3.7862330538304443
3755,-19.08040172394665
3756,5.7364168536042595
3757,26.316019691315073
3758,6.215062622672196
3759,39.84120228062264
3760,1.9652114553747386
3761,6.258455204341032
3762,6.089202360037946
3763,132.72568698206663
3764,190.67545295625357
3765,350.67932017505274
3766,6.9652475363971895
3767,291.5423031358806
3768,82.68185168475847
3769,1.6710562438098762
3770,141.705533514946
3771,3.574483065779418
3772,207.0806207294787
3773,237.2894644604552
3774,2.641467570285738
3775,3.698360447096504
3776,230.6688047866158
3777,6.400496071253705
3778,233.51608254311526
3779,292.7884516942509
3780,5.9124585134160235
3781,6.3506144612442075
3782,1.8257361602499516
3783,2.0787598842375656
3784,5.581399807646244
3785,26.563672315567615
3786,111.73980145789356
3787,6.033878493037265
3788,6.6028659544877915
3789,293.14327649158986
3790,6.988782662609238
3791,6.343758595966519
3792,3.6797565286527925
3793,24.7118348161042
3794,-27.444022248750393
3795,184.62822594409502
3796,198.19199570022678
3797,4.900169124446684
3798,154.3121974176873
3799,-58.80996743325181
3800,238.9339667120052
3801,127.14060363593231
3802,145.26976254849234
3803,57.45492508842287
3804,71.90164753685258
3805,4.436417122813172
3806,2.9524633969036054
3807,83.71933758594699
3808,3.6427802157610696
3809,-34.68406187953707
3810,2.799718122596601
3811,4.864804372556459
3812,257.94526651736953
3813,3.5307866514929955
3814,279.8037071524326
3815,7.417118459163532
3816,3.844801514903512
3817,52.34437268759879
3818,6.451708115190245
3819,2.4681257710942863
3820,122.37982367626822
3821,7.935151140585865
3822,5.568723100853269
3823,265.971378480922
3824,5.281307474236249
3825,244.93665372878786
3826,5.974652745920772
3827,296.4613313109809
3828,286.4736319597339
3829,6.505217327392349
3830,229.7484435207497
3831,76.01617087855783
3832,1.812533244572709
3833,54.88180106834631
3834,25.82075325463016
3835,2.6852808622077875
3836,5.237469539679824
3837,6.691914404780234
3838,5.880081993702714
3839,235.19667702141908
3840,5.753190046328487
3841,147.10625939674898
3842,3.5196498159742315
3843,245.4837934248472
3844,5.465605998575532
3845,6.3196128807592125
3846,6.313184614925195
3847,77.00181418445717
3848,89.9862590495085
3849,195.6216369704503
3850,24.95759569740575
3851,155.58534222158454
3852,245.21109584946004
3853,5.4452718054755005
3854,245.64341213626457
3855,2.03425806347252
3856,69.22605781871158
3857,3.8785219200375995
3858,3.1656457073526214
3859,240.10877507210773
3860,6.051158020643843
3861,-55.86981477915288
3862,-8.450141453838595
3863,3.817731602403545
3864,2.8594137190707283
3865,286.44253705800344
3866,4.3324397909457435
3867,194.70051013048698
3868,4.444627811966603
3869,3.0811930316838785
3870,149.59605664238316
3871,34.24921833914773
3872,3.4820160034622027
3873,31.706845545841944
3874,347.0608229531767
3875,274.6925962502442
3876,105.30440833855099
3877,-77.35002770016189
3878,187.99559375692016
3879,262.93897467816777
3880,6.535262852689356
3881,3.7424750701011877
3882,2.8239931944421386
3883,186.18953939154417
3884,158.41908201504512
3885,6.383712988393028
3886,5.556588230801153
3887,6.21076639232548
3888,2.655575056888085
3889,178.49955178226242
3890,1.3328220228121175
3891,2.921218260766402
3892,171.08090765364264
3893,3.6856955865161503
3894,298.130047067651
3895,-13.150106392260087
3896,16.75749453555128
3897,241.64297873684376
3898,182.27526175165872
3899,1.7591020323658537
3900,88.89802005520876
3901,114.61950264256774
3902,2.8986882140115573
3903,30.60334347087837
3904,52.39627447488465
3905,3.757633841883959
3906,7.608278658374299
3907,214.81728135661302
3908,155.61650285491345
3909,3.3864354516487265
3910,4.052042664789447
3911,253.58500109386637
3912,4.15338829265403
3913,38.15567379993191
3914,279.0870028183356
3915,6.984901279587985
3916,5.814736081600363
3917,3.6203451878905755
3918,-28.277488694387518
3919,4.9068816925599625
3920,31.15359844799898
3921,61.3730101742325
3922,6.877045944833327
3923,3.498044176740461
3924,350.685263801299
3925,69.4070917869477
3926,2.184343845409861
3927,241.35127984084198
3928,3.415844295065254
3929,5.485390270096178
3930,6.240672220043102
3931,180.32045517146668
3932,4.272131418601276
3933,2.4759271960615914
3934,6.342784522336108
3935,219.11108025217067
3936,2.01677179866722
3937,3.1305514366989184
3938,3.0079308366373247
3939,296.4376660610746
3940,6.205861223120882
3941,6.297665481981149
3942,5.236699648881984
3943,3.1249083726131075
3944,6.907701475509316
3945,311.835204552155
3946,219.5106746600149
3947,33.87798688392425
3948,142.02363706078285
3949,5.95507058889538
3950,245.09650668532515
3951,1.7879231507537738
3952,108.81750356753174
3953,127.85971881397288
3954,2.5989248744305153
3955,5.986321019144751
3956,165.5292555045831
3957,65.64851768626754
3958,82.79970766443292
3959,195.15302840351
3960,6.082027125377558
3961,6.299059097955618
3962,121.6883123211359
3963,5.943748663396403
3964,155.14877020860774
3965,5.9571885410266185
3966,3.235128210087489
3967,3.924463275408328
3968,177.05040511526377
3969,35.0931149147283
3970,2.5637719890377597
3971,3.5328847778876584
3972,2.9430598370930827
3973,3.2635758577333647
3974,36.66274830878301
3975,41.37917859487447
3976,3.5833103403579205
3977,4.23429398704896
3978,3.5685126178231728
3979,144.86248317133249
3980,238.65837059263302
3981,255.57031032707854
3982,5.562948259005398
3983,3.5094568577341927
3984,359.5506013543686
3985,234.4158549374389
3986,158.32861222419422
3987,96.8332981051394
3988,3.4597175203178265
3989,19.19442630043746
3990,88.7081981366611
3991,252.7160867569325
3992,5.771399157442811
3993,5.8957429015146765
3994,58.5597925713259
3995,135.32934017989174
3996,3.5943067188502944
3997,130.50065067967483
3998,2.6105588719848347
3999,275.8343010695528
4000,5.451448373821701
4001,4.221814905748527
4002,64.29612890211521
4003,170.03753864963466
4004,2.271283926153515
4005,311.6039528309269
4006,88.35006661170324
4007,6.886741087512644
4008,3.4887464794892957
4009,5.94019499214156
4010,209.84108209375813
4011,4.02316395748948
4012,6.432195970299808
4013,232.49697670082378
4014,5.876466385578376
4015,6.236370458923966
4016,79.13842536473598
4017,154.84229975417867
4018,124.81543110566449
4019,1.958846985866862
4020,2.0065214917129377
4021,118.52285620609644
4022,53.375852534523275
4023,3.724848656991083
4024,119.18240326536454
4025,60.995958839898975
4026,15.699394398663856
4027,240.61333995955727
4028,97.54308482318118
4029,7.032710327553142
4030,2.3768320280591464
4031,113.92110413815632
4032,81.06231040330827
4033,3.0595921839545617
4034,254.58082631664809
4035,154.02771944522405
4036,5.04796087779755
4037,3.8165490665993898
4038,6.115041000203887
4039,5.857056954789609
4040,112.17513006745779
4041,313.0483238390061
4042,59.016512566737205
4043,254.36849559822042
4044,4.197494185832219
4045,30.63482256680608
4046,5.826711837585928
4047,4.382390359153425
4048,260.8741649497688
4049,124.69014631372204
4050,272.819648061839
4051,71.64446395616936
4052,2.679571817630438
4053,4.271775323073347
4054,5.445374351790515
4055,4.191588394111051
4056,262.11630684741715
4057,6.825763625900418
4058,267.61532064030047
4059,27.861236271643268
4060,248.49285114915787
4061,87.64521440295238
4062,3.8247751501280884
4063,2.2082236557335047
4064,179.99141081925853
4065,1.9444536216507053
4066,86.51895907476928
4067,187.8598347188692
4068,183.9039904639215
4069,341.3456102767774
4070,2.769473985749961
4071,2.949964607310414
4072,1.8484666558524503
4073,3.357896176277869
4074,4.055296512581402
4075,-17.614662586519767
4076,36.98607179087351
4077,4.90314978569797
4078,6.302341309934233
4079,6.782818540028375
4080,271.8441122233398
4081,4.017725166361213
4082,122.8439680998402
4083,3.9162355319238253
4084,29.018008480800972
4085,24.777405431650124
4086,9.459335008367262
4087,4.179956232652121
4088,4.549358113395835
4089,81.70570945317066
4090,151.19427661389972
4091,4.058878294814287
4092,65.8430002877387
4093,33.40562175453135
4094,5.000768397658117
4095,6.584573701833026
4096,2.353655995217347
4097,2.4883065922598457
4098,2.6667099775970433
4099,-41.86444534983087
4100,78.27110014914368
4101,6.040083989759381
4102,4.2703827481692365
4103,68.90871062286647
4104,194.85302786959105
4105,5.73668733607889
4106,115.36101883548702
4107,93.3559598947329
4108,68.01531459313642
4109,244.95995475847525
4110,6.0146325145857285
4111,63.02058342687961
4112,74.03430913792268
4113,3.1731609078377185
4114,5.22452828744016
4115,74.10893456428049
4116,137.821477317161
4117,99.71673480822867
4118,270.9509320942509
4119,263.5917514090203
4120,220.45219708840284
4121,97.71516674301468
4122,-19.76892564999566
4123,2.2691095371174397
4124,117.43168225320022
4125,2.17818025097961
4126,69.69076740945076
4127,5.953546616240002
4128,1.853021079302838
4129,6.258976592237827
4130,2.2760068582988504
4131,56.3709116535256
4132,6.193700668397352
4133,5.089034547671171
4134,112.89717634253284
4135,2.860301546615407
4136,164.8042750378622
4137,321.12347325426856
4138,-11.837207923335978
4139,96.03794706548925
4140,58.48408732962541
4141,3.9264299069879747
4142,117.6084905525725
4143,293.71224660214534
4144,81.24582995516977
4145,190.63536461676784
4146,77.43325691225128
4147,62.49989630936088
4148,282.33531385548986
4149,41.25896378624937
4150,41.1617528578969
4151,47.79929810667124
4152,134.26415452858691
4153,4.148704086121924
4154,364.2478311121081
4155,146.34069108646048
4156,3.256238750303114
4157,-18.66391708597754
4158,4.010459601808864
4159,5.047559487661049
4160,159.28202833237532
4161,183.96969308606694
4162,6.302797134923965
4163,54.266917203168134
4164,188.07753603159244
4165,9.92547991208418
4166,51.606151264942085
4167,131.63274706398212
4168,11.463841022346887
4169,2.4155750245189695
4170,13.708544061906021
4171,90.14035558332195
4172,4.665458693873491
4173,3.7674020907840307
4174,84.87314626737808
4175,134.4094906054902
4176,2.0166801048990743
4177,3.8562178918925243
4178,21.749451143389223
4179,134.3020643582002
4180,161.67639958601924
4181,76.87220227816651
4182,40.54713936013607
4183,60.50148623016946
4184,195.23695163185383
4185,269.03171941181154
4186,2.67033970302583
4187,58.63866732781921
4188,4.11145541363698
4189,4.34780173748101
4190,124.65394859846928
4191,2.165466823316445
4192,46.412396696005175
4193,51.0227219408228
4194,6.021554135050644
4195,4.174909229952149
4196,127.56286206434311
4197,6.3137135915986
4198,3.130027754008033
4199,5.017001533004341
4200,273.7355600847001
4201,256.7084630935636
4202,180.45906024649167
4203,5.600284461547156
4204,94.80038182359087
4205,5.014309304596351
4206,7.6205020948391695
4207,123.80862984203671
4208,138.88379325191033
4209,239.87964111111768
4210,-50.165872656947116
4211,2.0427582134128306
4212,5.765853925591265
4213,-15.597504668085547
4214,6.881550746344116
4215,3.0606720506484995
4216,2.0690435743263906
4217,3.051305439319864
4218,5.8049965666150865
4219,50.39404837837549
4220,84.60446947441397
4221,2.199634309743825
4222,116.42783446230828
4223,2.7800351056583503
4224,7.07939189130127
4225,5.086663446147578
4226,261.67554410191696
4227,2.007036625640832
4228,222.97435766486893
4229,121.77112790601277
4230,2.951938101003962
4231,2.693813064459801
4232,51.283511082729234
4233,3.1334303375490107
4234,-4.9335165661905656
4235,79.31672243684687
4236,250.36493048825804
4237,154.33383938691858
4238,3.047602772212973
4239,50.457296342483616
4240,7.097534591863672
4241,45.79649471039113
4242,214.43206650196885
4243,-47.42670688395579
4244,325.7586870127209
4245,5.01248244579172
4246,1.9791891231184224
4247,3.9903807459724874
4248,4.134798708595393
4249,-11.343817347250793
4250,4.281867544612057
4251,283.8748028324263
4252,6.513177572398105
4253,6.077999920437466
4254,5.656675407789711
4255,-61.45216235447695
4256,7.068646853278242
4257,94.29202113893035
4258,2.358127768599406
4259,1.5521724072727252
4260,84.51005556524117
4261,2.422865116934806
4262,271.9557872454834
4263,93.29192643608803
4264,2.6898550127439385
4265,43.59908974755
4266,4.187166076200073
4267,6.238150770317933
4268,5.756018696036905
4269,183.24845122845096
4270,198.12815522678835
4271,185.23222468521254
4272,4.675893824603109
4273,7.951946390856957
4274,108.71825792841662
4275,6.264697581884872
4276,290.13123315893984
4277,230.05744123607008
4278,371.00309954148725
4279,314.4949254888973
4280,114.47729836154636
4281,53.42998609906667
4282,10.875888348810877
4283,6.2924075474577545
4284,4.4285666183543375
4285,105.69941497476736
4286,288.6050487905803
4287,1.8231749227983927
4288,203.68058007418708
4289,205.23055996368336
4290,193.90924376291886
4291,3.185124142863711
4292,4.972014064360608
4293,13.442168736555727
4294,-44.49932372939632
4295,1.0879400870687885
4296,5.42711370518028
4297,6.501586562793862
4298,5.932776043838009
4299,79.58079475770921
4300,42.23423841220233
4301,9.50676331079319
4302,107.43787257319097
4303,1.7952755060881416
4304,-41.40328737668988
4305,4.09347362472947
4306,305.59146101407464
4307,2.6746853235627106
4308,34.8266402004478
4309,4.3897210127706
4310,2.771557739954322
4311,10.929839890104804
4312,287.3142756495877
4313,3.2478983807838047
4314,2.8768227334544876
4315,229.09897984688368
4316,1.5896607734868455
4317,175.48809566432075
4318,6.071734905717975
4319,59.873251799006866
4320,124.26616416003174
4321,4.407463448601805
4322,297.593926672293
4323,79.08415404597055
4324,3.433379804857936
4325,6.532985273096132
4326,3.700896989831591
4327,127.28762770985864
4328,147.84239946505073
4329,199.53603201287157
4330,31.740023462879236
4331,2.82915419398262
4332,2.502948842302486
4333,277.5441911612046
4334,3.7588046517403644
4335,3.261838012384698
4336,2.1040490631919315
4337,5.85256672932253
4338,1.3495395711972729
4339,5.325693272178448
4340,-18.0124509419928
4341,61.05300462470284
4342,228.42484636463922
4343,172.69932790602914
4344,144.9751897323985
4345,5.865251320944045
4346,4.6917003832315185
4347,221.8676507023236
4348,5.630351598041422
4349,130.82093378931506
4350,-17.69596222955943
4351,112.81032726873477
4352,187.24044946295854
4353,4.995313824596249
4354,152.13246969800983
4355,130.72593371249692
4356,1.869839419925448
4357,5.241382810452892
4358,304.9574095786607
4359,227.0693309266857
4360,3.3089967053907405
4361,1.2597013512277897
4362,1.1037162224946937
4363,3.773743044282707
4364,5.086425162106578
4365,1.6744442684300958
4366,3.424636328279332
4367,252.88605400736907
4368,-26.27065414429272
4369,74.62118782977852
4370,6.439762308872091
4371,209.0367487186575
4372,75.72656542578139
4373,325.9475220446
4374,6.146729479444872
4375,224.23761180552896
4376,281.9373570724771
4377,5.437091357405851
4378,5.819594682408988
4379,160.24490604301042
4380,3.106520558894722
4381,2.146213508002675
4382,6.6253133469749095
4383,29.912556285677734
4384,5.303169105663095
4385,202.3282538977217
4386,29.579071344690128
4387,297.1410321698457
4388,71.61149153479022
4389,6.606816646962782
4390,3.854235122040775
4391,3.753263945218482
4392,2.6952787906426425
4393,96.2345881161283
4394,92.75043098483171
4395,3.102074888184317
4396,1.2164668644651822
4397,2.5956404498075294
4398,6.226583474694983
4399,3.2268265291061353
4400,245.71547875076163
4401,6.7714620425081575
4402,231.547327434948
4403,258.5858930922033
4404,253.4226735814246
4405,341.6554768910134
4406,54.27480297383731
4407,63.17085196268067
4408,6.368348555428113
4409,112.86255519739342
4410,-78.3018656291708
4411,2.7732017724139175
4412,281.662199475158
4413,216.7204122938552
4414,4.049337454746031
4415,195.63497284109638
4416,69.74886245753306
4417,2.724309882524761
4418,214.70975472215963
4419,261.2605877736598
4420,324.28921939398055
4421,330.12092165214636
4422,11.61316653023957
4423,2.4824758111591967
4424,54.42692934068302
4425,187.31108497822675
4426,5.356496037504583
4427,222.4968198260372
4428,6.119116082485907
4429,5.125278788006271
4430,5.137592788918135
4431,183.07717622269917
4432,3.648582382326451
4433,3.7161910480420124
4434,118.21595342853132
4435,5.631367854542632
4436,6.296870809788923
4437,11.865545819358825
4438,120.46231224227589
4439,7.009470976808917
4440,259.6081237741799
4441,2.8354620984026564
4442,256.42046400926614
4443,6.164095907243296
4444,271.97896093361857
4445,3.9479006501688394
4446,3.9904600016349647
4447,124.84140324016276
4448,4.9689563623738255
4449,-13.936342900532477
4450,122.87370146909787
4451,110.1752199813222
4452,249.26661118458006
4453,255.32689388261537
4454,4.812140064522465
4455,5.3862359668026425
4456,191.82404208764908
4457,4.071398729882991
4458,7.130135871623344
4459,86.21134906856945
4460,0.4807732068690625
4461,80.26762325029537
4462,177.9493593489025
4463,43.6310951711434
4464,4.042619033195211
4465,114.19317691309968
4466,4.383700650053149
4467,8.758746131011645
4468,1.8117536853879201
4469,2.3057373858014696
4470,4.910092943694535
4471,2.7323795304663316
4472,221.92453904002642
4473,3.916253702918295
4474,255.22124261677226
4475,4.034050943137496
4476,91.78524193856515
4477,5.802541790334819
4478,4.399193279603778
4479,123.72355770504815
4480,286.7110893347525
4481,3.542555932460557
4482,211.2469654961825
4483,70.16819789041507
4484,281.1507100679941
4485,218.1743826980329
4486,2.4412714936026
4487,112.83646341754105
4488,65.32375938129648
4489,-44.74907701798887
4490,108.20097577384922
4491,5.326085571397766
4492,262.7130612836795
4493,308.2434831620265
4494,17.088631940908915
4495,2.8555372805504504
4496,60.18330893678057
4497,6.720389049292075
4498,207.67657281766046
4499,303.1705692019749
4500,157.87611822877153
4501,6.0579360124745865
4502,5.912238788299954
4503,158.98717874332587
4504,16.49949241505264
4505,87.296945252139
4506,2.783411560181256
4507,1.3100203626691362
4508,131.06185346968508
4509,62.63341309383485
4510,2.201917397104454
4511,259.10889761189844
4512,59.83286937579889
4513,90.06828363128861
4514,3.788589643739869
4515,2.5449467657555687
4516,3.3777723259941945
4517,5.061066537306817
4518,34.94000197500475
4519,107.12244329907439
4520,55.809743270926894
4521,2.798753448728654
4522,41.41232280275655
4523,6.699430250740928
4524,223.30308445415403
4525,18.783214668861376
4526,2.215100783292428
4527,113.47317504412587
4528,129.1605760794929
4529,104.90808691266756
4530,165.78370940206133
4531,3.766316819077831
4532,4.443610954380444
4533,4.570872305494481
4534,58.066636447206264
4535,6.283892389646699
4536,1.9859819286765017
4537,1.8791810410381058
4538,6.255900798882874
4539,296.4587357240466
4540,177.05042624882563
4541,3.239654121980462
4542,2.7228605831658075
4543,216.87777647348253
4544,25.300592563450714
4545,5.209590608931528
4546,42.17812704513206
4547,5.751799127367434
4548,189.46932796838183
4549,4.6850076679082795
4550,231.85752916819507
4551,25.733758132945244
4552,110.74078428256941
4553,125.883895832916
4554,4.596290336453576
4555,200.00615330388948
4556,274.6250782923012
4557,4.96133842420899
4558,4.563779863412449
4559,68.21657180446024
4560,7.646075226226569
4561,5.305645607372896
4562,195.10000331425488
4563,41.52779463379415
4564,232.31951190458784
4565,39.277912585490355
4566,221.27648746004397
4567,278.27504219181964
4568,154.4059558767746
4569,4.747971401013821
4570,197.86826313968533
4571,268.87920854523816
4572,5.158326077545104
4573,3.160722812348199
4574,1.7273180619722108
4575,5.6070853016207876
4576,159.14236188974678
4577,255.75031871984908
4578,62.50971910427049
4579,18.199593464609546
4580,0.5159279274577577
4581,362.9465549967453
4582,81.30309193176782
4583,1.9374604293201707
4584,281.601284980429
4585,39.15672497466733
4586,6.142540238952813
4587,3.5609865525565967
4588,1.7970342433102138
4589,3.8820575461990146
4590,3.1297029453313887
4591,67.4634598368062
4592,5.243236570964711
4593,120.73653315637627
4594,-26.234911431228245
4595,2.868776464919333
4596,78.15362162375018
4597,152.13698506653324
4598,4.24873440167751
4599,-31.22339310261969
4600,88.37495247109715
4601,6.959165083752575
4602,5.0935681328889455
4603,5.497305164840543
4604,82.61613955391536
4605,1.5710960523492399
4606,139.66329276247677
4607,60.397706196800385
4608,4.439462476070134
4609,222.20320750800286
4610,112.65266296195315
4611,104.28062727954848
4612,3.2531017340642583
4613,-70.90739740472264
4614,77.59128850936415
4615,-35.562553633219004
4616,4.525417328473178
4617,4.74624228317321
4618,4.356992233348436
4619,5.891004707450082
4620,6.657628085793441
4621,88.21036365669036
4622,3.9041376920231015
4623,5.985210285212959
4624,1.457487247885477
4625,97.00497458920916
4626,45.30329043988453
4627,5.095886068597435
4628,5.740721830634852
4629,70.499614963053
4630,5.439835608828641
4631,21.58696182278191
4632,6.595952528060212
4633,206.75186166050116
4634,5.81785212773
4635,5.991417603959326
4636,94.55836503442512
4637,6.950768535511409
4638,404.3848899606048
4639,289.123655111619
4640,2.047255162218934
4641,209.95511288577518
4642,137.08273025155952
4643,57.10307730538925
4644,52.978206690203045
4645,5.651593499688748
4646,48.7166154089098
4647,10.080938262011072
4648,183.4550074433921
4649,126.21947999316015
4650,122.7144205677507
4651,50.09034538454844
4652,4.724048377264035
4653,235.81896704156998
4654,12.26687450055286
4655,5.66331234371578
4656,3.1840574216068975
4657,3.097444827978279
4658,5.9968668301206165
4659,74.09825073549848
4660,2.483197800970639
4661,2.477530894910103
4662,3.947871833276702
4663,126.35565013103013
4664,5.853582598322626
4665,160.65789864270343
4666,237.38739059741874
4667,1.8566151999087945
4668,112.54326482694916
4669,239.9947042700906
4670,20.607190280304103
4671,1.9914851285544184
4672,0.7372304525203603
4673,73.68434314490761
4674,279.4851928498382
4675,1.7749642448363947
4676,137.02319284198552
4677,55.41874534179148
4678,5.62394026553115
4679,50.51622695835478
4680,4.580003814182037
4681,2.1182875034266644
4682,165.96523185568964
4683,151.77399939171045
4684,108.2786642623425
4685,260.20759630100946
4686,3.6854289158859124
4687,227.16575760179163
4688,344.5066970700846
4689,104.92587547320262
4690,5.922062199595928
4691,6.70357455073927
4692,4.36240376230183
4693,104.59246057263863
4694,4.698758029492903
4695,387.73653416369893
4696,4.607247623526148
4697,2.4554011308302672
4698,4.545973762729931
4699,3.6426300369405413
4700,94.44492268280861
4701,5.760973934353877
4702,1.9665331148221348
4703,3.585258854418294
4704,5.020561117732466
4705,276.5479360111196
4706,3.24528963304581
4707,4.998893266796361
4708,2.9294598825300517
4709,85.53034592739232
4710,171.33083221333825
4711,6.2590864337875045
4712,239.81830259259613
4713,3.835430467518308
4714,5.724821541912747
4715,76.22077409698674
4716,41.82871365997332
4717,7.070370743840652
4718,6.218185448588959
4719,183.31789719546987
4720,163.46419292566094
4721,6.184620897748587
4722,4.037033090347695
4723,6.24201302074719
4724,65.4070924504673
4725,168.06089704058607
4726,3.468905547824768
4727,278.26938105960863
4728,247.12314387513607
4729,3.911666606297984
4730,172.31872576149092
4731,68.8280079424879
4732,-45.76219879881904
4733,5.565162766378172
4734,6.2249312986586505
4735,5.774220141501042
4736,3.2456382359596083
4737,71.06854344063706
4738,-18.158387743574757
4739,136.524386765732
4740,292.916358503795
4741,4.646032434086026
4742,97.9047799897086
4743,5.69944166652382
4744,247.44816272296777
4745,65.7889492034609
4746,4.1104849164303925
4747,2.792289555193123
4748,3.163669563620473
4749,5.906083010518767
4750,5.810364016190803
4751,3.9170752020670685
4752,96.51945343446779
4753,150.65742374472256
4754,150.6046490266388
4755,4.088623851138726
4756,2.108774883704976
4757,3.4508819864249185
4758,73.04365666821549
4759,91.07019974613087
4760,4.809146738026612
4761,3.555051077461427
4762,185.13782304306312
4763,214.60481721818013
4764,2.4302260828695004
4765,310.2304722475563
4766,41.15686978794545
4767,72.95637785506321
4768,23.81133827599587
4769,-32.10826781750193
4770,44.5763428334539
4771,31.925456410800845
4772,3.910939037104038
4773,4.108079484927562
4774,154.0082179180455
4775,2.6013125571314544
4776,2.9542495794159094
4777,157.00581185536117
4778,5.287335552840563
4779,25.318868375063733
4780,2.3696041496601428
4781,64.6490733665111
4782,4.582309014117458
4783,3.80248428898832
4784,2.7407987230228867
4785,51.09171326398507
4786,71.29886788339934
4787,5.616146956689576
4788,3.665533230830434
4789,3.2722950735715255
4790,133.39961618722685
4791,203.7571500008127
4792,4.497992609800201
4793,169.13365935995816
4794,63.20544175681436
4795,243.8861868058081
4796,3.254913564081914
4797,162.37630469502608
4798,5.909117296235606
4799,4.271051427988321
4800,333.86124086337134
4801,3.8089177363053843
4802,4.744086069137433
4803,278.5791127377303
4804,2.168372300337915
4805,239.43183714610154
4806,3.34561774028662
4807,3.0972398108854486
4808,63.511673700267025
4809,113.26556110201281
4810,1.6657448370188468
4811,2.215364810458091
4812,4.728321684714401
4813,248.92885078220684
4814,236.6664175268327
4815,2.5430393003436507
4816,2.381154234468288
4817,6.000657165014843
4818,1.6897529635914181
4819,103.12683901084195
4820,2.503776766831448
4821,180.86578988201111
4822,125.28600083152938
4823,4.70215520033482
4824,3.2058880626623942
4825,263.43330847519525
4826,4.848480718860289
4827,6.168802478519118
4828,237.05686259745946
4829,125.84170997274305
4830,141.64191649368726
4831,184.77903225942765
4832,7.020013438260926
4833,3.5149062076397453
4834,103.3778975284899
4835,3.7633268343408246
4836,6.4438107624866845
4837,188.9047534861863
4838,32.46011363917971
4839,296.52392241382046
4840,2.963376125172258
4841,140.25443717802278
4842,18.697021123807602
4843,2.3411497696785215
4844,4.238558203704461
4845,4.434466483288198
4846,7.06832270035863
4847,3.7497316703342736
4848,2.3206483495338657
4849,4.428044184482442
4850,6.724194559189121
4851,5.774957782521354
4852,118.78761197471056
4853,288.9144196794754
4854,2.6197687096528863
4855,3.189970036407699
4856,160.91870829615084
4857,233.32918626358398
4858,273.31635462181697
4859,138.63185694067468
4860,254.5439043251812
4861,-33.71057260653092
4862,116.79385914774136
4863,7.137278570617694
4864,5.840481163453926
4865,1.9159047607439446
4866,1.2838622394120156
4867,3.3678215202411947
4868,61.830039743923805
4869,0.8309354401431351
4870,120.09442066330546
4871,6.380097398558599
4872,2.269466205018843
4873,285.1122830308858
4874,6.9225749992534755
4875,3.612730680411173
4876,191.8728194110581
4877,6.514413504411781
4878,80.1065878212817
4879,58.19227405497969
4880,5.979447945570145
4881,6.1312536392196035
4882,43.61234923737848
4883,1.8299004412401394
4884,92.35433460064338
4885,-53.66550489475918
4886,229.42902469402924
4887,4.711527353703
4888,278.76657713054465
4889,61.29527174608671
4890,218.416304559136
4891,124.74881285433732
4892,1.6549670440768258
4893,5.72362649601984
4894,95.70650275777358
4895,6.610278672925981
4896,5.8378566696038
4897,6.244816750801073
4898,12.425327721158109
4899,190.1742142070554
4900,2.304415413764652
4901,248.75751861708002
4902,4.256583242466741
4903,135.36227284026373
4904,394.8402703613158
4905,93.355425618971
4906,158.60711129378447
4907,179.18091689623031
4908,4.639552923162404
4909,121.85867624933228
4910,156.30028915327713
4911,95.92012548091176
4912,5.367200090892981
4913,205.71694216961762
4914,161.2770841788117
4915,4.484306569747703
4916,4.719844092101128
4917,6.386972876323357
4918,2.9468755948415075
4919,16.03230230323236
4920,2.0373800089189773
4921,-4.629503704848689
4922,161.93494061513866
4923,225.48068815599152
4924,5.867195109474355
4925,2.333449013989604
4926,1.725463709130277
4927,5.638789104406776
4928,3.1669825077311167
4929,77.77081786422559
4930,102.67336632584988
4931,-10.61965459999093
4932,5.933857659306914
4933,233.14026081014367
4934,-51.31583620559303
4935,66.28370133984251
4936,244.58197407837764
4937,19.471481216162797
4938,87.28465506832447
4939,63.930680242393635
4940,3.9611502583561835
