id,target
1,4.13453505780379
2,2.230694600178291
3,316.1473712663143
4,-16.92772231800007
5,4.413151874175046
6,6.721439460230238
7,5.117214529526012
8,64.91979955267442
9,83.78463306118952
10,33.63763907060717
11,37.28967693159911
12,-24.950775370681626
13,261.63471797118945
14,238.4466662306151
15,3.9136606485381176
16,279.3608745221518
17,3.7341450453548877
18,82.00249277278093
19,3.319009953767789
20,6.618676906201924
21,-53.23374392917386
22,60.87688365955764
23,4.125543562991622
24,2.7445138331665873
25,13.167878167595315
26,81.8714101803646
27,1.2411115712831755
28,153.69466490525443
29,47.006201411499575
30,3.6437880106862366
31,6.4079122894237175
32,37.19589003596293
33,46.29097762388625
34,3.700122555181582
35,2.007401006402381
36,5.932558515964504
37,278.257088046873
38,242.123599976894
39,64.78180081851907
40,108.90473731287526
41,-62.03715509965756
42,3.3733881758907622
43,6.09488458753121
44,4.775221700161761
45,139.01057195722137
46,46.17271684741322
47,2.5363984636192365
48,-88.59395562038955
49,3.864995180571667
50,1.794829946092774
51,263.7067905061902
52,3.3288351212905276
53,2.330063889360826
54,65.56634645233015
55,2.8950308543175836
56,3.8756056681693027
57,5.366015413684965
58,155.4375845854494
59,244.75750482447074
60,6.668325238820572
61,2.284466487583742
62,221.94564870822268
63,6.668992591915602
64,2.8537447084634455
65,4.066580139030257
66,5.153364609203888
67,5.344535242270156
68,179.41286143269767
69,113.77753503751714
70,1.7038883883317846
71,2.2953632743734067
72,2.3289590337970005
73,34.23702905246927
74,258.54063463355294
75,187.23789501990157
76,6.322091930427564
77,5.767288880023746
78,159.73909858503586
79,259.7237885248374
80,3.8493990483273977
81,28.950645552170734
82,4.2051284555151325
83,150.59787424707866
84,33.79125321992498
85,16.662709243285374
86,2.5107781839937524
87,73.26816983383797
88,215.89995382950832
89,6.013454016025326
90,4.598977841473597
91,35.80367326921306
92,45.421176506327434
93,25.994096525624474
94,5.041411491743531
95,4.225704317057271
96,3.428899737238585
97,7.068069873782103
98,208.16498505373187
99,103.77725936419408
100,271.2864636908863
101,5.98476456302121
102,283.5324334505092
103,2.9991866962291893
104,6.528631241302643
105,128.48836161094403
106,6.534623035497932
107,302.8329712428066
108,2.0687871657870867
109,153.1610586573321
110,3.5296870109985923
111,67.7553967604624
112,2.003017618143021
113,159.501187350782
114,5.235605271397589
115,5.766388671649723
116,395.3058862315299
117,198.58064655894188
118,181.35278961419826
119,225.36690051739896
120,323.00009765865167
121,123.09771516231619
122,3.9146931775764884
123,117.11213334480252
124,272.7352349656862
125,160.7272948278059
126,5.94964564873893
127,126.4197397374094
128,3.9570238239603768
129,231.69692728943556
130,90.77784910215158
131,70.65877784675394
132,-6.864944654629769
133,-102.40019750407131
134,264.8124221353571
135,6.058831504591777
136,1.9771251526288967
137,149.99333157816753
138,5.756321330511314
139,214.1980294363124
140,300.6494311956002
141,12.089418317913584
142,-6.655800282232001
143,44.08884915125318
144,21.96169713075278
145,6.332523522966405
146,152.18432504986978
147,218.65278543000778
148,1.8931809873381753
149,168.28804698237846
150,58.760430822076295
151,285.05540698276485
152,286.7752527588332
153,179.59523832051684
154,14.226452631832029
155,4.535910807192879
156,210.3195707857662
157,120.69821912638379
158,125.31081244122547
159,109.54410532643166
160,6.124511472646043
161,53.48235302077917
162,4.372397507219289
163,281.5485601122539
164,3.358468469219298
165,127.45143910618113
166,217.1560483480318
167,285.13161145707346
168,7.03300519339871
169,1.633868271093832
170,240.83721286141025
171,2.916381791016904
172,4.411213006158431
173,-48.441736477512165
174,4.026192545165998
175,5.363180865835504
176,139.1411732944589
177,71.15515668830669
178,357.57882604490067
179,149.5760838379167
180,222.5103944901191
181,6.465512079004957
182,2.1898497823115193
183,332.6463166117397
184,6.794573544238629
185,1.5910817915690727
186,3.180819328695219
187,2.8545884116315428
188,3.924751712458815
189,82.39488360240505
190,4.291354111159833
191,2.2402189396672454
192,43.711154247462034
193,3.1130582290110076
194,334.9063985456828
195,112.15510809349016
196,243.61429940766615
197,130.7234751914737
198,239.6425530281314
199,45.899989512147535
200,2.203604207766679
201,3.7785095016865133
202,89.74853378358004
203,25.065966671574213
204,4.033409054669081
205,258.3678480119959
206,38.61391037791387
207,216.00819156267204
208,157.4489524666139
209,67.04798773215978
210,165.60580586718234
211,43.68370831949907
212,114.5351329680407
213,278.8654718974428
214,61.75253271588424
215,26.14924894131949
216,147.78173410509396
217,81.02613854712372
218,208.54787455543092
219,199.0891685964534
220,5.871136633474911
221,252.5740313102579
222,171.5073313476673
223,2.8797560828977815
224,215.77286396076389
225,263.85072161441065
226,153.72591535711524
227,40.80456693305516
228,268.42059676907115
229,279.4298430260847
230,0.5014978699415532
231,216.79782869571832
232,53.578326514914316
233,50.56664477404755
234,233.19932519549633
235,132.67235722678814
236,2.002310254157467
237,6.521760255028783
238,32.9857696796361
239,6.365579276253018
240,161.7301050519561
241,330.33223726667165
242,235.55554995194743
243,3.934161849656479
244,3.697844015307864
245,52.51752532858286
246,130.33984614972383
247,120.09203952429834
248,5.748416208942565
249,5.958595150819611
250,28.577701787770955
251,83.99273602561945
252,211.1918694157227
253,7.869131818567654
254,178.31710382120963
255,-57.471747887602
256,6.097280409767729
257,2.2020998097599085
258,69.32625389777283
259,274.35979542174226
260,1.9544011993724237
261,5.703800204409871
262,6.3034858621236225
263,-8.00654062644646
264,3.678114064473693
265,3.6009473995336654
266,2.259888277073843
267,3.6745250631463238
268,1.3840814817331788
269,204.00739928849023
270,3.4678474217486506
271,145.82026499229275
272,95.71720525849095
273,4.550163555985775
274,4.72578298917445
275,334.52922944757637
276,181.61404130769495
277,258.2026563177814
278,-79.30049201945072
279,4.129823288188506
280,201.10349031906358
281,4.763225477180591
282,181.65085124900682
283,274.71117245543377
284,141.9781804606041
285,242.25177349866493
286,144.06400626954527
287,211.05076601004254
288,6.056302956086527
289,107.191020830043
290,4.888418382084218
291,74.39130336231042
292,3.8095793301625696
293,92.4279456939033
294,99.09640631235962
295,5.0897858334535355
296,108.70589210874603
297,17.571132678656053
298,-16.63555514452517
299,205.3630237052449
300,5.7574672107609715
301,3.9912121292430967
302,4.912095386335731
303,4.155330115140821
304,4.0474464264611765
305,5.1015072489307
306,230.09008934712602
307,2.187904443983838
308,2.777147753421138
309,134.82399758217434
310,2.3519766836513964
311,2.009707722999031
312,3.516741825801419
313,123.07195634627257
314,4.276634041576873
315,0.19744382772611405
316,2.2981596187887
317,3.6931859188335863
318,3.6022388433578216
319,88.97471573282144
320,1.8822765017533958
321,6.466478614549889
322,2.8125694983802947
323,1.8344882584132463
324,2.128395070288891
325,2.6208064450044684
326,4.714714187396842
327,42.16693994919104
328,4.468185196500806
329,162.21653376480725
330,64.301302652976
331,-10.693641097279185
332,5.466731558287756
333,3.2363199783590524
334,6.787977349752952
335,144.19386425730875
336,3.9396447715392013
337,2.466132831140833
338,137.9207625076335
339,55.58897259590914
340,321.83073176369805
341,111.73971753953961
342,75.34225550482128
343,3.388543949965939
344,3.0797483265487684
345,126.84444696724226
346,3.014489905602168
347,5.043136092553873
348,48.34027010801364
349,-55.51931876763674
350,132.54209877969384
351,236.22704328962504
352,30.742953230599092
353,1.0779500992137412
354,5.695388691278682
355,240.4276774924252
356,209.68880214213686
357,2.978787496532153
358,10.694905305810332
359,4.352861228874868
360,135.71140639399135
361,4.480859372316211
362,5.127686320648626
363,-0.4966678580543327
364,4.531071632974327
365,5.340143847070303
366,88.07348715572886
367,4.565144150203404
368,257.7663390436466
369,5.275042453718789
370,-12.653346367794516
371,264.83816448762803
372,80.02097204333167
373,109.23053170751261
374,15.113616480718951
375,111.51131985002064
376,3.3045328959951576
377,2.6483853922013267
378,3.838800608950201
379,4.160660825236239
380,0.5863071722151855
381,6.037092929263567
382,6.777130322063655
383,141.41592858938276
384,1.791549175972317
385,3.2964112920596684
386,293.8042382143037
387,2.292316726709462
388,3.982502839810602
389,75.84291092096018
390,5.226155563609032
391,183.2801723496446
392,6.733987127480835
393,4.028705936929057
394,332.38501775536787
395,172.95015182133375
396,2.6985429198785047
397,1.737581962006684
398,6.633291556884172
399,239.2775006708855
400,229.70438441457776
401,1.6225389482651784
402,6.180965075339329
403,5.588273412352558
404,5.527155211925463
405,31.381171320014055
406,7.7502315338884875
407,-49.20327730168919
408,4.434270047731787
409,2.5007050709783076
410,3.6269708678773447
411,2.037782710239292
412,-10.736599277802034
413,347.5293348042678
414,5.721304896707168
415,32.982707124823406
416,3.28516849775688
417,6.7497243017207875
418,6.1227968025397335
419,5.525907995561066
420,4.2462676092721585
421,149.11605401821083
422,161.51228019349873
423,183.5617538890215
424,161.3380546448024
425,5.498957097876775
426,254.0018534090969
427,3.4086202688335474
428,210.03236710247901
429,1.9574155303833725
430,4.587131050121558
431,256.64480301294475
432,142.6505420529008
433,2.3901464595770836
434,5.880690147904762
435,60.591261532687255
436,247.44514129490807
437,220.40851495985652
438,156.9321983585996
439,5.967602595856409
440,262.1218808176782
441,211.1525390773757
442,151.35512913368527
443,309.479368949023
444,5.443605344572307
445,6.257031749951741
446,58.6623590637317
447,1.5494296119198825
448,6.188926417928121
449,308.7061920989249
450,273.0601380183904
451,142.49094634760218
452,237.93944239650955
453,1.854200738136668
454,4.367329314793117
455,144.37174064473166
456,3.209248639188105
457,5.050855210213249
458,246.22725472127098
459,79.10924076599237
460,49.120117161166895
461,130.51392664977573
462,6.24429771786341
463,180.23920204215457
464,5.125762842223734
465,154.67669750894692
466,70.79468612780323
467,2.1066729953930987
468,5.562606379278285
469,52.33579174743234
470,8.867822662628868
471,1.7651479520565236
472,1.9110119517538529
473,55.49695863636741
474,5.791706043774715
475,111.93516729588433
476,6.937654269410929
477,2.267431632426383
478,4.369404536569806
479,201.8198122207455
480,4.616811302730875
481,6.261382635413762
482,230.05662361968243
483,1.7320352672139634
484,223.57663306812506
485,118.99254051242352
486,4.60445403905487
487,2.0590979882945044
488,224.4372810478741
489,2.8974304067446486
490,4.720983601980294
491,6.84420083867103
492,3.646815322532808
493,4.314275320737179
494,228.41599405017456
495,5.9421749701286
496,133.79120351649104
497,6.291059249790541
498,5.8423156222406805
499,6.1764826130355255
500,7.43118453079393
501,2.860565653875652
502,326.3545442952294
503,111.12707786484074
504,5.386842482041162
505,1.849270758404392
506,6.418172575279573
507,351.2587596872244
508,70.0021322291016
509,263.6933159692848
510,3.8529564926315487
511,129.89723620660044
512,196.62398280879464
513,230.599158659474
514,346.51004101719434
515,273.38629216694653
516,208.68177646052308
517,308.6550624209791
518,7.524098877776785
519,38.81471395964199
520,288.05917294807995
521,1.313936673742933
522,3.994553202626183
523,216.37415832213873
524,4.707940075688073
525,141.3944245135747
526,5.415438074468277
527,4.514576234600667
528,4.219963730122097
529,6.580562632364929
530,256.6727441153039
531,96.97580147329249
532,3.2118812989804084
533,100.34982745659269
534,4.117127946658364
535,6.810482072620118
536,5.94150929810401
537,1.5495593089509905
538,5.016166060609857
539,266.43947866659437
540,256.6267084634459
541,236.39449573727703
542,79.94933092507291
543,91.84325732977072
544,5.33288951641445
545,3.9832828575337436
546,3.4007311611738245
547,2.0096883341554
548,342.3092188744488
549,6.023701779551992
550,255.39624921761
551,5.926767854746686
552,106.00515484736829
553,4.091154271402238
554,68.5171813692017
555,100.00887472920225
556,247.4617179095414
557,212.0588057032847
558,5.276309010793553
559,6.336296511851103
560,176.55127470569047
561,81.40495999654448
562,165.04997762064656
563,3.304165381629468
564,11.011314433220528
565,174.12967547541396
566,2.9772611646413027
567,44.96747530921081
568,106.39313898676058
569,353.58781368038905
570,3.578159312615953
571,202.03762958935374
572,2.8624258270535665
573,95.92048575656649
574,87.74412065225066
575,7.632952104193658
576,1.964339354066631
577,2.713198981825071
578,170.65004732105723
579,-15.585687453930584
580,273.36871710667106
581,64.38081478523405
582,77.00225225236687
583,5.621963178110284
584,3.1014395880189665
585,145.99928612142278
586,5.059310168951777
587,204.50562624925655
588,3.099085359789075
589,184.36995672073158
590,265.82697540993115
591,160.33994324515484
592,7.255929144977667
593,295.7181031478748
594,294.3939294930505
595,40.11729029012712
596,5.566517436038462
597,79.87418853362045
598,2.528444457042623
599,74.8846151194717
600,189.34917863485927
601,153.03361447817323
602,35.26315849674953
603,2.0511864930617913
604,248.88158889564912
605,2.5836278860317217
606,2.2206530611274897
607,6.566797676113412
608,43.29462624811822
609,292.53926626401454
610,29.488913577735673
611,72.57300907905929
612,20.88644593623885
613,8.678363569113053
614,77.52404893998651
615,1.9882263419451451
616,152.41636007406942
617,-66.352992291825
618,233.70596428041662
619,4.864836878907378
620,4.682291805472497
621,167.57995588021586
622,91.46891478001872
623,165.05823790845494
624,196.36340948769177
625,2.4976470540699527
626,2.016472232158175
627,85.82163535098434
628,4.403671443462581
629,219.9127300448371
630,4.578783945937092
631,1.9576663864325135
632,201.089841491815
633,133.78660691343163
634,223.92723544200408
635,2.7477868331223325
636,105.86204084345783
637,103.04082573922683
638,6.735651769359072
639,19.386639636079156
640,139.19885337234774
641,6.709669773497415
642,3.410119834630624
643,292.89582984526515
644,3.986199575316595
645,76.17608819849957
646,70.5383199961645
647,154.07838691076182
648,233.88699311683277
649,323.5687010808555
650,336.6171110182377
651,122.72404511642637
652,35.96646500071916
653,3.224264808134243
654,201.74635966892745
655,20.90754011630412
656,174.37767856718813
657,171.51854426845992
658,287.1894046305246
659,1.7951360950785353
660,133.60344701824732
661,4.223785693155763
662,176.58070018710995
663,3.879271119479765
664,-38.003864453999206
665,78.7557863714714
666,144.67529496077955
667,277.4561086363761
668,366.83714906482516
669,132.18773242623126
670,181.4176196780851
671,104.2509909216581
672,104.06524466566216
673,4.062744389745346
674,5.493398976278096
675,5.989152773674154
676,5.814561859292027
677,34.93372153889353
678,187.7199362212166
679,4.518351437179844
680,3.3944898235727856
681,2.0569907331789548
682,83.62263099418293
683,6.476606075260681
684,156.6438038246508
685,222.7973218329527
686,5.940189817433131
687,353.8863545664842
688,91.54309003009254
689,104.8238623488423
690,332.5971770215752
691,3.2530947690179266
692,62.61359287968687
693,5.105686024529008
694,7.584778230585695
695,-9.164285078178434
696,301.4834281184543
697,1.0987698256848455
698,250.78413484947447
699,1.946807505917541
700,255.4524716913762
701,3.687440023516737
702,2.8447084597123147
703,44.97960157477504
704,92.10067251890729
705,147.2165750817208
706,169.7180305085673
707,154.00941960997244
708,68.0649783270104
709,100.57683361968347
710,207.46951279335698
711,232.01638371930852
712,7.097395544697742
713,62.61930210776277
714,6.477354396159983
715,249.6062099247735
716,2.5684923678766967
717,94.21574370790029
718,380.91646701503424
719,205.9611761197876
720,4.08604390286107
721,134.66996697034628
722,2.2979480077863337
723,6.236382191919842
724,2.389115808150769
725,2.3514924817498777
726,127.48014043496678
727,244.91618480284552
728,68.02341201930358
729,62.67733488478839
730,63.29329606576025
731,271.0889242179186
732,4.324376479546606
733,6.434085356276698
734,13.570860837865201
735,249.98397692012128
736,27.414990606008086
737,60.12918158887267
738,118.26131703774259
739,311.2155337334981
740,144.40201287932683
741,-39.04101726241881
742,268.38275649972303
743,123.0181267911374
744,1.5266233800173137
745,272.43589644007415
746,176.21487650906397
747,4.113460457453272
748,74.30600093902903
749,64.97205488549449
750,192.16837509319407
751,68.57820347880721
752,252.82193573733383
753,1.8278849447885848
754,250.8680590180198
755,6.330466511825245
756,5.9466960836193
757,227.37270141028276
758,1.647102691243644
759,74.18874862306346
760,20.254910463760535
761,216.88361277795988
762,4.758721916896249
763,2.118608397270412
764,88.58550772790805
765,4.539426107259132
766,63.32395498782696
767,1.3882599409425755
768,4.9490137981574795
769,5.832795745884994
770,2.0529021747118152
771,264.7441227535552
772,71.57124226032214
773,122.90328392331635
774,-20.823156663617134
775,15.074176510067698
776,4.302875524497083
777,218.34544996319582
778,-9.958952855917017
779,195.28659796211014
780,57.670757189985906
781,322.1651406776237
782,3.5813615439185105
783,47.71889123874099
784,2.7070807175314218
785,2.0063809827392687
786,126.11834993909297
787,5.7808595459759475
788,1.8937890642878117
789,186.86860475372293
790,83.15735545725899
791,-23.206958376832016
792,116.55971488541613
793,-96.21652664436469
794,318.7537534436155
795,-54.96259889114667
796,125.94805513586353
797,3.8491783059829303
798,52.05836775908567
799,3.3947500253516116
800,5.849569038318954
801,215.27317945847412
802,96.22172027083398
803,168.7504521806485
804,6.352616479210871
805,1.89873732410175
806,180.6328801779782
807,2.470615994783049
808,63.50660949817778
809,1.5894695465908322
810,43.34106347646638
811,261.5715506606548
812,120.60476682106362
813,263.8309726935156
814,5.781553958590637
815,4.7851177755584535
816,7.199970688780899
817,2.682252730095694
818,-16.91164234836908
819,5.404439745272411
820,74.35393696799125
821,5.780298036357011
822,2.045724920338487
823,38.52182577837442
824,92.56902466034259
825,6.903163236834488
826,61.850612387881355
827,4.059751270306287
828,6.214469385544114
829,53.72865305114948
830,163.90742082635848
831,79.84347437423652
832,6.057385767132105
833,268.79958218831615
834,206.541195021958
835,161.04735630902138
836,2.4333146646319075
837,61.17552258964073
838,154.9886750890701
839,6.169262661246878
840,156.88338164278014
841,132.71931402553625
842,67.7580795555232
843,2.8324512104306714
844,3.4644694759942416
845,5.309935062896681
846,6.579302833918231
847,5.536972537052559
848,153.7777040516118
849,6.526796126244538
850,79.76527105455033
851,10.46363070791607
852,37.917997465073746
853,86.88793355862786
854,-10.693641097279185
855,7.213186090808469
856,246.04984120620838
857,86.73450281516801
858,47.044601644112696
859,183.93851248612796
860,2.072519346145073
861,3.5880093501563186
862,2.6224639497082505
863,104.2395134945597
864,254.04147132266803
865,269.6049149206756
866,206.89510172974502
867,5.255666522466307
868,126.46303834308233
869,130.17840342823862
870,130.5128398424775
871,143.34386201557865
872,124.03302065808211
873,3.020140480689503
874,67.8327848086653
875,6.433015875239008
876,102.30706312107802
877,41.61898651186828
878,81.45823518396554
879,4.3018244064963
880,6.8061001331894575
881,155.35523928989048
882,6.578885096149594
883,240.11510319457233
884,5.959325209338141
885,181.36370410413818
886,57.37795817997975
887,2.067736362174523
888,2.160103212331841
889,215.4012521378683
890,4.085704840909948
891,2.9383240685475123
892,38.73626552200239
893,4.331166976119327
894,-22.854467032269117
895,3.7363304551657412
896,213.6652878876332
897,2.2840530624073083
898,243.05238600766606
899,-34.9671431482553
900,241.07629732054903
901,3.945279450509719
902,192.0382343213348
903,5.391658776934104
904,126.99657690345364
905,1.96480146733986
906,0.7267683385091492
907,198.23109924987605
908,16.909071290635705
909,96.19859277424018
910,2.399254090895832
911,6.730115602316692
912,291.97012016078486
913,171.01280785122105
914,276.96553812472155
915,86.19609510273726
916,126.88684664629106
917,-51.750464377555076
918,2.3885278139135635
919,3.2404050792313166
920,381.21679088268917
921,142.9371610004707
922,178.6701835487469
923,2.163701138081213
924,76.3064813694473
925,205.52403818168676
926,54.12198078357032
927,52.889453507493194
928,5.015039451563011
929,-1.5539172224897357
930,-2.388489370035004
931,220.2940413492301
932,181.61675850889173
933,5.128155501278409
934,2.249027961229211
935,168.41779697487834
936,49.00777638859563
937,3.042808167384556
938,4.69754315859721
939,105.94047981276279
940,1.5452734494734102
941,6.04076268252783
942,4.84236409831171
943,119.81739208159726
944,4.012212656679063
945,1.982312045311756
946,67.45493792165595
947,44.72416057503993
948,51.759371157236636
949,220.0813776042034
950,356.45151723696927
951,25.309093312078986
952,-17.02930637531756
953,6.090925359477006
954,265.64432974885875
955,192.34993016770648
956,158.88861710767358
957,2.4184780195824547
958,3.1167479620969836
959,159.10644967300402
960,60.686593657709956
961,153.7667915915249
962,3.552782737803228
963,6.730822227916431
964,5.142123480915881
965,6.32346153816918
966,4.274551384985158
967,14.16097741158315
968,168.82442244852533
969,149.97095649080228
970,6.635955974011905
971,356.949541141393
972,5.896276325206949
973,113.90243412169431
974,5.066129870090408
975,4.169120894553515
976,5.40734243759402
977,185.45630842649913
978,284.44341914141063
979,2.919790828881695
980,2.091289695135177
981,-18.661172208431434
982,17.514906701404527
983,304.8259814683663
984,328.49841697599277
985,246.79556006836452
986,95.12381240491979
987,3.3963929934740826
988,230.79844583939547
989,343.80240935571686
990,126.31176795046622
991,4.01141799295793
992,325.89708409326016
993,172.37653499310937
994,3.1905639597321875
995,-14.27513953073002
996,26.03804056073505
997,1.9639461942997642
998,46.077851845826686
999,80.18018790776931
1000,5.371273075749918
1001,269.37161931676894
1002,176.52216721577253
1003,6.080173741463074
1004,1.2552654504878231
1005,1.6974251527215607
1006,3.7239987209495884
1007,170.28075509603252
1008,2.1437898788658125
1009,6.486868812293251
1010,-2.076775579025113
1011,259.04516365280614
1012,40.45618674059089
1013,207.84019227888206
1014,73.26373752567449
1015,244.36809242790054
1016,6.788152242565628
1017,5.028679943588802
1018,3.639716796096625
1019,6.876075487308886
1020,4.3230684477211705
1021,133.2524919293943
1022,96.24760846855814
1023,180.18475997830367
1024,164.69741667826446
1025,4.343928188696248
1026,3.4046393484667234
1027,5.160654434553498
1028,76.86737027465165
1029,4.085879982922551
1030,27.797363399066757
1031,271.6186595613205
1032,2.922370541774598
1033,2.560659277246997
1034,225.04537706531738
1035,0.8226491622190754
1036,263.39760592587385
1037,6.669730572986168
1038,58.20098211364909
1039,3.7436802612062614
1040,-38.74475770305218
1041,3.4115013262618943
1042,3.5098402456795954
1043,3.453882037278519
1044,324.38110236104507
1045,117.50539132347595
1046,38.86041241126675
1047,202.69176482262586
1048,1.8699904472802928
1049,2.6120053935971854
1050,5.935016692757414
1051,64.83337839643009
1052,192.5385823493396
1053,259.8052386864291
1054,6.295031114673956
1055,45.53518510501743
1056,33.93760612296338
1057,4.444816144499007
1058,2.889198897389392
1059,2.610867131323284
1060,139.25221028050535
1061,3.5811780750301763
1062,5.53645208767736
1063,313.1670332744558
1064,212.14640329858034
1065,78.07193010150104
1066,263.4302660334396
1067,270.17006319794024
1068,5.7835205659179865
1069,4.538611497247284
1070,308.0553107112417
1071,146.0242771702901
1072,5.343653454404646
1073,4.259491216223904
1074,6.208603095114773
1075,4.8574121678206685
1076,286.56086757588173
1077,6.0765025991071315
1078,189.11632053259527
1079,3.1536730015297203
1080,2.907613984219431
1081,5.9389990933414
1082,3.8120508828660333
1083,3.634587224347635
1084,6.547182905937733
1085,139.43424497456496
1086,160.20401125864362
1087,73.51760860555859
1088,281.9302675828479
1089,8.716194065565706
1090,132.8928829881987
1091,264.32631521204576
1092,5.575029627925895
1093,4.451551387265595
1094,6.595945138207358
1095,3.0415400333364713
1096,2.7038531207293546
1097,4.74465258283718
1098,79.89394849039188
1099,118.03138960856634
1100,5.092144095312657
1101,4.663689569146591
1102,5.927489648199894
1103,287.53943189679524
1104,5.315430912277266
1105,122.23436651169618
1106,4.676885525622748
1107,6.325348448990988
1108,24.23542723730535
1109,112.55729711167172
1110,77.54010819699539
1111,2.9852339284246794
1112,228.88276711681291
1113,2.991687587316509
1114,172.22355591403087
1115,-46.71155521914093
1116,5.479870403219037
1117,289.5633348898535
1118,259.2411047940145
1119,4.9294202179499695
1120,44.658564616083154
1121,41.57875107844914
1122,229.03371107970605
1123,3.5831558524819647
1124,202.26180755541958
1125,2.7578230403261386
1126,67.73959356295985
1127,6.127605770522867
1128,-33.826058718215506
1129,176.47451082216216
1130,6.445564518093315
1131,48.93865681089441
1132,3.996779878696187
1133,-75.49745747788806
1134,206.20979557120592
1135,202.24123525838684
1136,-40.28308039176644
1137,4.197701157109509
1138,53.20914134799811
1139,102.96068347090636
1140,117.32507103697633
1141,210.1674945875722
1142,164.03516240423852
1143,40.096129619125485
1144,-33.311235020033756
1145,115.59794038759671
1146,30.384987395001723
1147,4.48269999656228
1148,84.6716571574722
1149,47.35350353610686
1150,4.342785130641395
1151,1.2322637466128523
1152,3.619984297304149
1153,4.355679372385161
1154,35.393666779306706
1155,174.40796267682595
1156,6.7720436175091
1157,79.52721773142193
1158,214.90141558512914
1159,152.66400246768967
1160,97.89639138535624
1161,1.7295331852920603
1162,5.234858295613364
1163,5.289999611011155
1164,4.752203483498233
1165,198.0456296101644
1166,62.114218478687846
1167,-29.672116602496356
1168,4.495230796539291
1169,160.43783725813142
1170,4.791385140338069
1171,4.2408756872910445
1172,-10.014973198495822
1173,3.5783542315900205
1174,197.71489822711737
1175,-44.120984212744034
1176,243.60120735571985
1177,1.8277083233594638
1178,150.50295378327513
1179,3.0193607456143754
1180,2.2473731489578643
1181,1.7626093406376309
1182,140.39570052459192
1183,7.13418723769682
1184,3.835768872810404
1185,286.0697961786028
1186,125.72367755390005
1187,3.8877425671811254
1188,3.1503495573518236
1189,174.73261945248794
1190,4.006463870317449
1191,3.3562653678854653
1192,4.832664286577492
1193,154.8545009129605
1194,5.746763027929116
1195,1.8842224335042015
1196,259.1053654185779
1197,78.0760107461197
1198,3.278009386822677
1199,258.3345603957162
1200,63.78367136527962
1201,235.79463799918844
1202,87.89428495279083
1203,3.357001896656534
1204,178.2621492604716
1205,1.8260455761889631
1206,152.4294477995249
1207,103.63729675928246
1208,238.59049773920964
1209,275.0610680534016
1210,179.19431137871985
1211,226.3236944063728
1212,6.243016683373461
1213,4.0293204975491
1214,194.78041687328397
1215,93.54633946066377
1216,223.99909600922334
1217,174.0552753545277
1218,-42.205452371622876
1219,6.465488191517221
1220,5.964122197180606
1221,238.75210522149055
1222,6.225539398663129
1223,2.6522248460893376
1224,3.224902571012508
1225,117.8473835408101
1226,1.1849492618761668
1227,4.514800570994109
1228,2.092742551602435
1229,33.50700267298467
1230,104.40540199490422
1231,240.0212474138215
1232,1.8264966101878202
1233,-25.372444564655453
1234,2.6429094619457416
1235,19.001031805920324
1236,271.94827537534945
1237,3.650843896864744
1238,2.6221620134718333
1239,0.44299827111697726
1240,47.68508161320773
1241,2.0832873856712855
1242,4.710723840334786
1243,4.527348221405639
1244,205.75711947704863
1245,4.442635414180765
1246,227.23435813555912
1247,5.470573187863122
1248,115.61535485904668
1249,174.17015602278337
1250,7.642593153797043
1251,17.74437522686802
1252,5.816592582127673
1253,4.2130196871978125
1254,4.247001541787578
1255,39.77693569302261
1256,72.1961833018033
1257,165.22075938654402
1258,286.0514313036185
1259,28.43321200061656
1260,271.38955165554233
1261,5.930176917652442
1262,5.230788256796774
1263,179.28541391191547
1264,2.4058552813932055
1265,6.653257211232999
1266,133.6084633691001
1267,2.39640800731187
1268,6.205243358766997
1269,266.44249639537225
1270,-62.4329912949007
1271,264.36099880198805
1272,54.12198078357032
1273,-5.450970006956763
1274,222.55088742902416
1275,189.68200605411224
1276,41.49662673952173
1277,4.342488001682022
1278,1.6867338201602187
1279,4.123757680998955
1280,-59.091754404395445
1281,3.5360388956778683
1282,98.03739265784957
1283,177.53671748906658
1284,2.5131729857379224
1285,-52.88992389428569
1286,2.9813710213221576
1287,70.22156646872598
1288,112.88769213391372
1289,4.201661065087237
1290,221.51438059532703
1291,3.0933631070109744
1292,35.747719038874116
1293,93.20122643875246
1294,256.79698546230657
1295,167.79291796779373
1296,5.774687806494468
1297,63.4958279499496
1298,15.42387681230596
1299,6.058807024663175
1300,170.82266646359062
1301,249.49721084995593
1302,197.809851570652
1303,5.94881820346605
1304,3.6576410424789807
1305,5.141196169928202
1306,76.13042869301401
1307,167.628949893782
1308,1.8536373166484563
1309,4.612779763225795
1310,342.6863715666194
1311,2.50269274777282
1312,7.385651715159117
1313,49.84105386769176
1314,135.53233272946866
1315,244.4593635719241
1316,260.9560569630054
1317,68.02247242915114
1318,2.081137823477563
1319,229.2442435708595
1320,281.37650441115096
1321,26.025036396033887
1322,53.62088079661512
1323,269.001930074934
1324,212.21220419963566
1325,56.4203533531243
1326,73.22512825677642
1327,215.90835976108656
1328,2.427837478829355
1329,6.249573605287733
1330,119.50162450328249
1331,-35.93427792953139
1332,283.569724992375
1333,1.5740994483839394
1334,344.39582084463865
1335,1.8291413984667568
1336,114.49426197775972
1337,36.18953883174059
1338,257.66771340565697
1339,5.421177039017729
1340,176.98395051928563
1341,236.44968281183637
1342,180.98405296349483
1343,44.544698889729474
1344,110.77102676104975
1345,2.4891901577727853
1346,21.37278850866554
1347,95.56212178223214
1348,3.083528413615859
1349,225.54067693033826
1350,27.90394271189637
1351,224.77907349689673
1352,2.633648451298877
1353,17.69163900262958
1354,5.249535354900659
1355,6.172025917792544
1356,3.765598605302617
1357,7.258897070215925
1358,6.686226754481959
1359,1.7283725378886157
1360,318.05661605845967
1361,3.729589924115648
1362,6.319881543463947
1363,74.47548537234196
1364,3.6836861154001665
1365,5.9466960836193
1366,6.871427151800108
1367,5.9352351812412465
1368,6.824317823322353
1369,197.3751376737574
1370,302.2479837806888
1371,198.46801161865963
1372,10.913261478510512
1373,3.6859267147980246
1374,125.82237996375052
1375,188.5578637283111
1376,5.926273626458584
1377,4.5985419171513024
1378,119.99261066306204
1379,65.78537769307341
1380,108.13227861463352
1381,232.81749042200994
1382,68.35126535829457
1383,52.98417495340476
1384,-8.874031498572071
1385,139.20298780964788
1386,2.3413778083802503
1387,75.98794673236794
1388,1.689870747658236
1389,211.11201033745255
1390,199.39892998227631
1391,78.51926221486681
1392,50.341292132513026
1393,271.8258835092295
1394,-37.23466567590455
1395,41.14416037283543
1396,194.81115694925407
1397,5.218880169567686
1398,197.69806225713853
1399,1.7417719895630577
1400,106.41371526813445
1401,316.0235697907146
1402,66.32552685104478
1403,303.9484947934235
1404,84.4266601279261
1405,129.12868051764025
1406,1.9081786992606695
1407,84.92554544378136
1408,7.400133133363729
1409,3.8565860791255133
1410,270.76204538863107
1411,234.60626028325706
1412,-32.82998969227774
1413,108.45662563248133
1414,269.01749448137673
1415,2.6987863334440543
1416,2.616129470569365
1417,4.955027636190937
1418,350.82915809570994
1419,165.89997580095917
1420,4.670417766451228
1421,32.08899006276787
1422,6.787491221372493
1423,2.900365417610235
1424,5.011591260112942
1425,1.7236027436903962
1426,5.551592457810041
1427,3.7399383586452855
1428,4.365052753652197
1429,4.077213918376498
1430,4.377448535674458
1431,6.412776926916683
1432,193.12364674978488
1433,3.136633300674815
1434,6.348868999127706
1435,4.652551100786712
1436,-54.94938572233783
1437,165.24338791968947
1438,130.713583062005
1439,6.279460785533606
1440,2.410839495151762
1441,139.28190118976596
1442,233.22201267464206
1443,49.6934255271342
1444,6.0647043603805
1445,-4.744530815049929
1446,263.8331507505156
1447,226.4907911726299
1448,-41.236480557173294
1449,5.857834745902184
1450,253.18812293804322
1451,134.22206246318515
1452,5.006477176644819
1453,5.040107541345654
1454,179.27771548934592
1455,79.9338916535846
1456,-4.280387885135784
1457,8.144656152420364
1458,5.125748591073651
1459,324.92336854460825
1460,341.5228795692551
1461,160.6421598591245
1462,-19.30326167130719
1463,73.49992484377638
1464,5.781553958590637
1465,3.2897073753463415
1466,218.70782296783295
1467,5.651618860411795
1468,5.229141909820727
1469,37.71756695668787
1470,4.175898177896801
1471,19.267916108335413
1472,6.716467367000232
1473,2.5766038288636506
1474,250.21467276327112
1475,66.64725159909524
1476,6.762260881917214
1477,2.401693224764341
1478,137.40043478301266
1479,4.688043920974812
1480,108.31825400108434
1481,5.697045394641723
1482,151.5430782418729
1483,6.419626835635728
1484,233.63862868713917
1485,191.36885305448263
1486,6.867283822229296
1487,3.913205722545693
1488,114.82482456038267
1489,-13.294723445851005
1490,80.14590836951726
1491,4.233339848228903
1492,1.8872273590346809
1493,7.636985100363371
1494,5.440340721653027
1495,17.516814427110607
1496,7.810367079445755
1497,51.45780350634342
1498,5.488639598088208
1499,67.51681484083893
1500,7.080818611059995
1501,5.501637436046028
1502,63.20828312943299
1503,5.585933754575987
1504,2.1329415263768783
1505,5.139210814867865
1506,210.05383102272972
1507,65.61773459186178
1508,124.95878491580126
1509,53.90370757161561
1510,2.782666888125374
1511,60.29616083337358
1512,50.91056525730493
1513,6.097313840245308
1514,278.36984651508976
1515,75.10825207836298
1516,2.7182469638512794
1517,337.426490323799
1518,4.588500435486149
1519,262.5654220340012
1520,4.7913658934479155
1521,59.750555254303336
1522,5.104125944983739
1523,2.875693349531179
1524,93.12264658323613
1525,-21.709681153194886
1526,2.1107437531475717
1527,5.649347613352153
1528,3.90230224250437
1529,217.31882676242202
1530,277.0458064911657
1531,3.3329714157700145
1532,5.762888376537972
1533,3.2874820359544232
1534,-24.907529489539705
1535,77.4675196251118
1536,5.7976335154041685
1537,2.377954085367914
1538,284.4171545342871
1539,193.30257017558142
1540,2.271144072390229
1541,157.48804378732603
1542,2.8047142653211634
1543,3.23489892201291
1544,7.364459711426632
1545,3.7187584619075698
1546,5.448394890659595
1547,-22.993689442202175
1548,194.67929451833774
1549,45.37819142382314
1550,4.293573555965695
1551,2.324337771837696
1552,233.98664917796486
1553,6.202997524812129
1554,295.0629597640846
1555,129.31803523670135
1556,4.114787706108868
1557,-8.737093906315065
1558,3.693808637062554
1559,240.90043919727242
1560,203.84979844487165
1561,194.56205951186672
1562,238.77943519845522
1563,105.56709459927524
1564,3.713061254038793
1565,95.6711431410976
1566,3.5892406959793015
1567,-25.097309831886243
1568,107.09626747876341
1569,19.622660161557818
1570,266.2164250938875
1571,3.4111785782769624
1572,88.96994627391612
1573,2.880454309018619
1574,4.188720573597299
1575,6.3584714441346675
1576,4.010457492905646
1577,5.539810097797206
1578,92.06082496957329
1579,5.039943417705683
1580,184.46552860347626
1581,196.72842192412998
1582,6.817180837144127
1583,285.3563728342769
1584,309.9710142304137
1585,5.7151332698708694
1586,4.247857751528103
1587,58.62891786921098
1588,282.89003540731596
1589,7.817661387153234
1590,5.988063120300518
1591,136.78767026049667
1592,7.668518945364887
1593,126.27774624987319
1594,138.7363962542694
1595,126.87283122688032
1596,5.792502599311902
1597,56.45779895311274
1598,7.142421574497599
1599,4.0349545118059575
1600,4.492394694097519
1601,2.454816055421169
1602,6.609124537498243
1603,268.6261690061746
1604,32.765556609863935
1605,135.7772674152471
1606,266.28563644688677
1607,14.836894429534485
1608,3.1997114277950205
1609,7.14405609070748
1610,3.505062346687928
1611,216.91252163765097
1612,73.51613828652505
1613,2.38395743344862
1614,257.744225710645
1615,5.791243276289647
1616,3.1727342804531613
1617,211.74730762490555
1618,229.70155680685525
1619,15.513468371719867
1620,36.192825364958054
1621,2.197212064424447
1622,3.0634600028821826
1623,3.486875257809108
1624,259.8736343624085
1625,87.59728098202997
1626,1.6103407452289056
1627,-6.259959966683832
1628,4.001024872848567
1629,209.98383288676922
1630,90.58375771201867
1631,3.0116747162795745
1632,279.4213442522122
1633,4.875004620106659
1634,17.086078755329126
1635,4.1148491872112745
1636,4.582312535199928
1637,6.494213378607695
1638,229.13948204483762
1639,47.87079450514969
1640,4.076514720220119
1641,318.4214831396731
1642,132.0863070569043
1643,184.54693513118696
1644,114.05656913499828
1645,191.2134943470635
1646,5.182711502007827
1647,6.322938844989842
1648,34.50741839309346
1649,4.587854960077183
1650,79.94003189639407
1651,6.396315536834739
1652,6.308966803892248
1653,220.1970532058837
1654,6.60657069084738
1655,298.2411900345176
1656,65.10643374594676
1657,1.125585150007691
1658,267.3052328337712
1659,2.323607343337031
1660,-11.690305979395372
1661,6.4054968859372
1662,176.21318305024317
1663,5.923174844969559
1664,101.73271835158607
1665,0.832073125426845
1666,114.53693146762471
1667,-56.19539012709047
1668,254.42378384049078
1669,59.79485973709889
1670,2.0339592385874012
1671,2.6117229783383027
1672,5.323869981380575
1673,4.148861527534736
1674,135.0002750667741
1675,2.170419459835358
1676,-46.01504235252341
1677,31.458481492322154
1678,-24.43455533521624
1679,252.28908879604714
1680,114.90008263637974
1681,1.3909130585163436
1682,3.2515459398760256
1683,76.12820873987573
1684,24.674233116148123
1685,6.7966586974506
1686,139.79046946853813
1687,7.821962498162755
1688,160.66311857984854
1689,245.5271480232665
1690,2.935830137882363
1691,3.8465435981253853
1692,3.9465471548655175
1693,2.5796682122167676
1694,33.84623927319608
1695,249.6065979050452
1696,113.59081848771436
1697,1.887582941883854
1698,214.43392603525007
1699,185.32153753054706
1700,149.24826298779072
1701,314.55036847459456
1702,-57.19705822321468
1703,5.453346504475432
1704,5.409554004269793
1705,3.347881086787807
1706,102.1675850660091
1707,5.337297523025671
1708,71.99059174878398
1709,129.2274706487533
1710,5.94018645309712
1711,65.32855976529451
1712,1.819556226625357
1713,5.984727273654836
1714,-77.85037923325507
1715,4.97317165056983
1716,3.699939618586664
1717,5.8840040200054595
1718,137.27946719744077
1719,31.65936859598957
1720,6.21514236269154
1721,254.50104143588845
1722,3.4769656086103624
1723,191.63195713436417
1724,146.1150725376474
1725,2.4838261157712767
1726,4.249781236999027
1727,261.9629614937567
1728,4.56722882471202
1729,3.3763560654762705
1730,58.787798040242805
1731,224.20376579005088
1732,4.84600337690152
1733,369.3049904630719
1734,249.34441621026832
1735,191.71048424959932
1736,3.0964202922009005
1737,310.3454656779309
1738,302.77054738062253
1739,163.7938253267566
1740,102.28163444247552
1741,141.32664045002682
1742,220.44064723723585
1743,5.567777019425031
1744,119.20941431709662
1745,58.1209130471358
1746,3.583147826934761
1747,6.691318785604066
1748,168.05507458177576
1749,3.6842353579344866
1750,58.87796785170845
1751,6.750430896066183
1752,7.723629239282792
1753,6.059518236969056
1754,290.4792171377007
1755,225.8202273977572
1756,1.8178020677920617
1757,228.75509043476123
1758,342.4526379232594
1759,4.275024847870205
1760,266.5490764915191
1761,249.969327872965
1762,7.04488883667114
1763,45.21899270148337
1764,-4.817476360488388
1765,5.161083606523968
1766,234.38281418908122
1767,173.96792186716812
1768,4.792071553385869
1769,71.94663473267006
1770,73.90218272016016
1771,3.028155804943208
1772,227.13924568336444
1773,212.2576899929076
1774,6.977236771748609
1775,269.2853210888933
1776,3.107444913834772
1777,11.93064314316034
1778,-9.923344246641117
1779,14.252813655064049
1780,123.56196352530426
1781,5.791416458548674
1782,222.54411980377222
1783,243.0942972157342
1784,4.0967563649947865
1785,34.40333789282121
1786,2.3728142564747614
1787,85.5464487874019
1788,4.729926904098168
1789,2.1962006835753836
1790,44.114105442237246
1791,4.374931941238987
1792,2.533977588176327
1793,2.4906205409695583
1794,163.66273626760517
1795,201.2350721580585
1796,261.3003584149288
1797,144.04456632511
1798,6.822184552875928
1799,227.62402657180073
1800,151.59960104353112
1801,5.010748281323092
1802,1.8671124157058947
1803,136.55954480027134
1804,4.20642056124163
1805,187.17965418665645
1806,5.919835975255252
1807,267.8348526082306
1808,130.6689666488018
1809,66.4642224752229
1810,4.361945498311322
1811,2.8505978156192806
1812,26.92655526216273
1813,3.522537509164104
1814,165.9037112509026
1815,266.15007552726973
1816,5.222061021827857
1817,103.87621075779421
1818,64.1218287374628
1819,234.33722041882228
1820,7.774079294525874
1821,3.1125340129909875
1822,260.13515193352
1823,-49.13038592789964
1824,63.043674739114394
1825,2.368876591107033
1826,6.257925257755462
1827,3.3073977578966405
1828,1.8651513461651856
1829,212.58377705676557
1830,230.36979582634348
1831,6.744597973204203
1832,31.798214919689304
1833,3.95505786914258
1834,4.3730695152920855
1835,114.48542416490734
1836,6.41090904687021
1837,6.004687257352166
1838,5.923174844969559
1839,135.65159718659532
1840,-39.85728877215233
1841,-87.71753269029911
1842,244.0134816888013
1843,171.44751620622046
1844,269.01749448137673
1845,148.80879326814244
1846,40.164297066146
1847,261.36722232474165
1848,117.92844446016059
1849,3.756733160159443
1850,6.093235597770833
1851,-70.08706206051042
1852,5.88020753680241
1853,96.28148392150175
1854,69.54007796757693
1855,5.873189661926878
1856,175.03409791762283
1857,2.7655388590704764
1858,5.2447302963567175
1859,6.124151655660793
1860,5.557222815838743
1861,145.18339844910696
1862,6.063779345636492
1863,46.00641799969868
1864,60.7459341270741
1865,195.17891952101476
1866,126.22719407092264
1867,74.74037915453864
1868,266.95747959712577
1869,153.47076192799986
1870,3.44635122817217
1871,219.9898934803517
1872,38.39807614325267
1873,2.982126159340409
1874,29.216917038433593
1875,62.12702546791617
1876,2.990854380965108
1877,2.7429553279306433
1878,76.15919182328557
1879,71.42347496323316
1880,258.8541053870351
1881,5.973969947111162
1882,85.46875443370983
1883,6.279352624616578
1884,101.67246840564172
1885,297.1089799514279
1886,262.0145565146472
1887,2.879573317974529
1888,217.99333304053886
1889,233.25484124185041
1890,2.3769871794700856
1891,258.2879110943213
1892,201.2928082047586
1893,4.291528426648365
1894,2.1171124600889186
1895,17.352031608460795
1896,5.876996629396927
1897,85.64284387742605
1898,-78.30231450434874
1899,2.7785507599422856
1900,5.803637976732552
1901,261.0784932771226
1902,211.85819862803547
1903,-51.627378782684296
1904,64.1936568101442
1905,62.22857630627021
1906,163.53570685872438
1907,6.743472751646169
1908,6.090686093535363
1909,118.4469530779356
1910,5.746427036262801
1911,4.74008424643904
1912,3.9834382242700768
1913,73.6226653717186
1914,-43.712097292312876
1915,7.728677220583862
1916,1.2139304410979264
1917,2.8494633648434955
1918,171.91465394463577
1919,4.580851701796678
1920,4.842394901362178
1921,68.1857455877131
1922,3.880152486342051
1923,6.3626214651082424
1924,2.4791515779226745
1925,4.525707681202991
1926,97.3853893996434
1927,134.24455511071372
1928,3.4477215416706515
1929,47.71889123874099
1930,2.324202791065978
1931,6.028475996655846
1932,4.708931576744468
1933,2.7190510600422355
1934,250.4418629617512
1935,6.3623992900900745
1936,4.713403631654781
1937,21.76493412633532
1938,-4.105487243753905
1939,2.356456236961717
1940,269.4648383345514
1941,3.45437414940728
1942,267.2285938222106
1943,3.459613367524901
1944,233.39775603844083
1945,289.99151226515585
1946,5.788847252928958
1947,112.75473443926289
1948,5.427072685694123
1949,-18.499356876193993
1950,35.481158914843064
1951,2.822216706201001
1952,29.71100368960014
1953,403.1720822637273
1954,2.82304443597719
1955,89.13013800937648
1956,2.087200629847936
1957,112.19834628200888
1958,3.4115688330582827
1959,168.08179546758635
1960,69.17312023619043
1961,0.8417610854821518
1962,4.024768574096778
1963,3.854876926125118
1964,5.131402524882987
1965,92.71398260303476
1966,4.041684336152506
1967,5.016474898331548
1968,272.126970381834
1969,40.02171917700726
1970,5.627796052131476
1971,1.568832967506711
1972,103.27654472858335
1973,-32.69441290457316
1974,2.9176159765991967
1975,2.6369895876976743
1976,305.07438390616085
1977,1.6823066586710351
1978,218.64288060873278
1979,149.2191425342297
1980,273.99345717482953
1981,163.70711098750715
1982,121.54918936314155
1983,97.0871830664169
1984,8.466260458099008
1985,4.873564807214923
1986,3.6775189902731213
1987,7.043356947709344
1988,1.3987499246190453
1989,6.074821937102028
1990,4.335064203893052
1991,-25.811754450763726
1992,3.987580851492494
1993,42.77023963301559
1994,1.314862270758009
1995,102.15292861026681
1996,4.0665176527387565
1997,2.516455833991316
1998,5.673787399176008
1999,328.2375153315219
2000,5.9466960836193
2001,323.45461881489723
2002,-67.51538128955686
2003,6.7497243017207875
2004,346.77292487636174
2005,62.75236053101925
2006,4.536828257877549
2007,52.430264853114046
2008,218.78074721045746
2009,133.17002738086785
2010,348.0183991157821
2011,5.793466513575474
2012,174.1835463529844
2013,-32.747145297542424
2014,296.5299862279398
2015,180.49716853627868
2016,16.31301397107172
2017,3.263807365625021
2018,41.52415337239746
2019,81.78898362813996
2020,6.797219891826427
2021,4.302765440925077
2022,187.59469096575907
2023,68.37452883877995
2024,2.521893321411685
2025,3.918827210579536
2026,77.24278974573001
2027,5.913080212170506
2028,6.347262541334741
2029,41.58696511449399
2030,292.2312458719679
2031,76.20261550802081
2032,301.94857270143876
2033,255.80425469760544
2034,2.531683489326362
2035,60.387915214003655
2036,195.50262330422663
2037,5.301703636170174
2038,2.6335257582129805
2039,3.1595906127129005
2040,120.83003041050229
2041,265.2087171156116
2042,3.922876249938566
2043,195.48568069706732
2044,2.1952361020943063
2045,86.07413425928313
2046,286.7032799578353
2047,5.475151131193863
2048,-34.44708398911775
2049,1.2463283982161828
2050,353.57217613559806
2051,3.3094037395891585
2052,3.4207818810489337
2053,253.0315019464018
2054,4.517764151711555
2055,3.7612640146309353
2056,-28.092817141400978
2057,177.40779984800028
2058,-32.619960383949625
2059,5.253323049181554
2060,9.834738329004075
2061,2.404323029103618
2062,163.59573752211207
2063,2.9202823711325823
2064,4.135587866785235
2065,3.3505948967180794
2066,1.8791994285273426
2067,5.450284730598652
2068,3.121138818365688
2069,2.0079953301611617
2070,294.07337245867393
2071,282.89003540731596
2072,4.080426669736819
2073,199.64548572195642
2074,365.7991227453787
2075,253.9059050900173
2076,3.832846835518977
2077,3.003029103301755
2078,3.408293362486012
2079,4.40058869790877
2080,2.3292322872750595
2081,3.210819551288822
2082,4.173049550408201
2083,43.95538688844079
2084,3.1188095979022905
2085,4.973335138603145
2086,121.7509422341742
2087,83.89872732055146
2088,-13.856516250981661
2089,54.72955384504009
2090,238.8415936794935
2091,199.38831341823257
2092,-83.67943664191918
2093,5.138918829178676
2094,3.857574878208054
2095,79.36002613607693
2096,32.35330243740118
2097,125.9015607401409
2098,5.386375088444573
2099,39.493495034224416
2100,23.830637551238723
2101,5.998529039628988
2102,6.473947410501611
2103,60.050515642852716
2104,72.56429989168487
2105,52.92469514321065
2106,315.747894562317
2107,6.798307786739864
2108,7.647149751411461
2109,5.839281153498785
2110,276.59146725518025
2111,3.931247977679759
2112,49.825812769995956
2113,119.82859212604146
2114,2.513453153978522
2115,53.37864099550726
2116,4.074524919468822
2117,3.4474721134346993
2118,3.521255199364516
2119,105.93965552528664
2120,3.794144469084814
2121,187.0101373781358
2122,195.91963262037717
2123,2.899259157875453
2124,1.5980674761912252
2125,4.112714500742332
2126,5.6116134981442585
2127,74.39805738219869
2128,196.2652079370109
2129,1.7729899905750657
2130,2.399453632994125
2131,5.73629179038381
2132,6.018402240084393
2133,238.80702975830098
2134,41.96115371641587
2135,201.1038337409314
2136,46.86336073799924
2137,256.54337789338103
2138,3.1582461373111337
2139,78.51710164912546
2140,32.13566801400411
2141,67.08865369918847
2142,5.534785792893257
2143,11.590576826119333
2144,189.83622503392814
2145,21.85175866253339
2146,3.7522836400603268
2147,3.7930324393132873
2148,41.06367502253036
2149,-58.803358513684785
2150,-4.461214996116583
2151,69.07723756257475
2152,5.239159438361913
2153,2.881478935887776
2154,1.920776298372574
2155,2.370653429809579
2156,5.923174844969559
2157,117.96604354005663
2158,3.8344175286619144
2159,326.96143457645957
2160,249.56081740386486
2161,292.36180164918824
2162,1.8612591179677591
2163,285.8883649767117
2164,6.258981306708175
2165,3.169820713353779
2166,2.697932069869835
2167,16.2287755833403
2168,296.3867584483167
2169,2.2905319179276833
2170,2.401660723708199
2171,184.7552411748803
2172,5.246487156540722
2173,259.77764613718216
2174,272.86010288293534
2175,1.3039963907845613
2176,4.811952496688446
2177,-67.4568208839031
2178,4.23837991619573
2179,72.28242039575353
2180,274.8839190094851
2181,2.317458114618627
2182,171.93813849999813
2183,168.80248460453754
2184,5.857834745902184
2185,2.5878075137798167
2186,3.1273268422106346
2187,5.212028935994845
2188,252.03912562918376
2189,256.76689763698124
2190,62.09401430332034
2191,3.0705317776453214
2192,2.8265897574231973
2193,74.04600789105177
2194,2.414514922699406
2195,4.771950191408441
2196,6.741906768785869
2197,2.0545205433706917
2198,4.029649381695967
2199,3.3665307338607087
2200,1.7811644284031214
2201,4.3227310213603305
2202,80.16741499728934
2203,2.262163606389047
2204,2.0823087880940547
2205,121.83553440927645
2206,5.284767365820951
2207,173.30067397314875
2208,4.998367808722448
2209,-10.530295670852576
2210,252.2393261582522
2211,1.732039330348804
2212,4.767180713817678
2213,6.769866780126025
2214,85.03187556456699
2215,30.34293161604744
2216,112.72889768458745
2217,4.429445636072755
2218,13.395681979369769
2219,2.664516223091968
2220,5.079436885424123
2221,3.3014696905564778
2222,-43.330823085890586
2223,172.48298239865335
2224,-71.25390116751218
2225,150.57689187767093
2226,-14.762045979571763
2227,69.4096243170764
2228,155.32025090386287
2229,109.83135225594484
2230,3.210187802611183
2231,4.788500018636949
2232,4.459966878799636
2233,248.96855405661307
2234,236.99245878226938
2235,228.73539070856845
2236,3.443168561820213
2237,3.504754558282633
2238,263.02751351606065
2239,119.18037589384646
2240,238.86806529702426
2241,2.2679032870901352
2242,228.63868539409674
2243,6.355023093790335
2244,100.39997148931542
2245,222.8712784391226
2246,118.11866744075503
2247,248.76675880626664
2248,5.8011269613719145
2249,295.2324270525845
2250,159.82969458777558
2251,4.747980174585969
2252,252.84161863580795
2253,6.181607028024666
2254,179.73434055483762
2255,-84.31634807364571
2256,47.52283153158508
2257,1.6905109421881694
2258,2.9168939172832746
2259,66.0040723864019
2260,6.306732309424988
2261,95.71787987521188
2262,2.051227117362461
2263,64.5937890360143
2264,-19.56674378804533
2265,59.60496243066389
2266,2.3587492819649007
2267,2.6728327215118908
2268,5.322680462542643
2269,4.056985702139041
2270,8.96606105780856
2271,179.73185201670066
2272,46.77892379188456
2273,3.833994769482488
2274,6.022641926892428
2275,7.222919484417432
2276,4.192648487934969
2277,1.869945706853405
2278,1.3727821193256584
2279,6.264612404080916
2280,2.8378924214031813
2281,236.88257534950526
2282,2.435813043350231
2283,3.782935352618671
2284,233.62353127360612
2285,3.2789366693708204
2286,-22.73747829962801
2287,5.4938910531903495
2288,1.8376202376208686
2289,5.7144254629638365
2290,-72.9912260064976
2291,63.081443176683294
2292,4.9388904684728745
2293,1.9407374147271566
2294,11.532758889158778
2295,2.418281275007328
2296,4.471666450031431
2297,136.46702288815774
2298,-77.44114143484225
2299,53.6903819842597
2300,3.4551422494538926
2301,5.419545606395244
2302,-96.84067505328397
2303,162.88182628016636
2304,6.067560678191502
2305,34.495785967452846
2306,296.2443086881406
2307,41.50994419021632
2308,64.09302360351336
2309,5.961569172002709
2310,156.9321983585996
2311,-66.61266878499457
2312,74.44086488527401
2313,3.8907060542132834
2314,5.04466974188032
2315,225.24788273661176
2316,6.881810444708987
2317,3.7563315230796435
2318,260.92406983346876
2319,6.621273351704059
2320,110.07602170751352
2321,3.1088301534505316
2322,172.72588581763338
2323,158.60576822205016
2324,1.9245865986776132
2325,32.20247787192337
2326,3.474501500246991
2327,102.86304988905988
2328,3.6204149355607016
2329,336.72562143944026
2330,187.06895225519804
2331,0.19215092704342418
2332,270.03287607385863
2333,0.16143819085447342
2334,-1.6389348557191201
2335,5.463438544339981
2336,43.01098695952963
2337,118.51166020435964
2338,192.62357773181643
2339,22.805859738385333
2340,64.21308479321281
2341,164.0232712600551
2342,1.8839105921950021
2343,6.550898005227685
2344,291.6797088684491
2345,5.849259395900066
2346,128.31512677359288
2347,96.53558540111068
2348,1.7594939163053893
2349,261.96851363440777
2350,17.877808120498912
2351,4.869458754714782
2352,4.886119841781362
2353,1.4933954009106971
2354,-22.536029119607402
2355,147.01856778823702
2356,3.4908092618002913
2357,110.80451730417512
2358,6.839377343169351
2359,6.76290383871954
2360,4.332597836267868
2361,6.264551794327229
2362,250.55322021149354
2363,4.5630982354927605
2364,253.2638373798032
2365,91.93882741980228
2366,74.86532618182193
2367,40.65670396587139
2368,-58.12066527830454
2369,4.544747301180079
2370,227.11587496297406
2371,54.24265962617627
2372,76.25097741047561
2373,1.9797138466160829
2374,-74.61277013158501
2375,1.9571647874885003
2376,108.25314612970496
2377,102.53628773684147
2378,5.56699392258449
2379,6.5217204067276615
2380,27.723426991358462
2381,165.27476574221814
2382,168.72742542315717
2383,56.152130652847916
2384,3.5872951719682775
2385,251.80192206021826
2386,5.781553958590637
2387,49.039422044508825
2388,262.7011373492742
2389,79.48343121758495
2390,1.9123681002203483
2391,109.70255306780788
2392,14.174489444642864
2393,68.82030358398215
2394,137.00815859012602
2395,6.663848120542767
2396,2.2611390371747504
2397,327.40207637035877
2398,291.7985205922022
2399,4.342814720406265
2400,203.9702280473658
2401,67.36811518018558
2402,239.51521717134784
2403,6.237132902445131
2404,1.917508142246327
2405,5.083095964676717
2406,2.9163072098964524
2407,78.66465335514482
2408,264.2860343331279
2409,159.29078691051026
2410,3.989189534720919
2411,6.631952432443998
2412,332.3082962279001
2413,-3.23348832020075
2414,4.093314670328744
2415,83.57399683976641
2416,268.80270011336034
2417,25.09374596981742
2418,3.6723727726046986
2419,4.129011780872403
2420,1.8574305804223532
2421,24.264009218880116
2422,238.42642196581838
2423,2.655469008944934
2424,167.60171672732335
2425,6.419824735670024
2426,-11.8759368722854
2427,162.53100567107205
2428,22.72340190232747
2429,3.9581635833759274
2430,6.17976254972804
2431,3.9523085362382586
2432,321.0704346667311
2433,238.6678474707356
2434,4.923491686366171
2435,17.56158053883305
2436,234.2881848661641
2437,-71.0152984852761
2438,5.850781708502243
2439,6.794209842446486
2440,208.43157401444986
2441,6.290602301321366
2442,5.807107898422319
2443,5.266015756791397
2444,-44.752241722492194
2445,6.774659316275187
2446,5.765742560227389
2447,218.23983885989418
2448,6.532344669715996
2449,6.345388867365567
2450,60.70173068277664
2451,3.002657596223021
2452,3.997102143139805
2453,40.72029234029971
2454,296.4995165265871
2455,129.28395056336316
2456,2.912894680152918
2457,275.2745091675842
2458,6.651234189043623
2459,1.8820673967423052
2460,5.982140326929004
2461,56.35675467534601
2462,55.78583654511855
2463,6.175045153351539
2464,-63.664628031090544
2465,24.66570516637222
2466,211.45205670060847
2467,159.63254411750282
2468,261.147881763978
2469,241.39952502548175
2470,5.99226836114353
2471,130.24020955242318
2472,2.2577299489238523
2473,47.95947914515166
2474,192.04801009186514
2475,6.875995670231953
2476,101.2451444485263
2477,126.07077042134274
2478,163.7412266174778
2479,5.477561085124503
2480,55.34194742250876
2481,72.45344693005666
2482,2.2817869044692483
2483,4.704583686070739
2484,116.94473355846783
2485,128.33599403511764
2486,6.855475058319806
2487,5.336960734163505
2488,-39.20756653794249
2489,218.74161779094052
2490,5.978930466424655
2491,132.72091492507397
2492,44.3767441967745
2493,57.10463680087442
2494,5.991044557730807
2495,4.596587652516954
2496,111.35547830361793
2497,87.10285307178408
2498,1.5094917062082318
2499,6.78933099252757
2500,1.8722145075702656
2501,98.10529493008941
2502,288.71967218039816
2503,92.5782220856119
2504,352.88072332429476
2505,3.4401946406480084
2506,4.397540367590153
2507,275.01667225581764
2508,185.5800380061028
2509,122.9623158721586
2510,6.662119304408732
2511,179.06975770972284
2512,83.77313194287255
2513,160.32252224510418
2514,236.01830627795476
2515,356.9319026385027
2516,1.5324993255470445
2517,2.176727668495007
2518,290.4666631287172
2519,4.163686633846917
2520,109.79241554520006
2521,128.7705988365742
2522,2.313495046906605
2523,6.102707428984803
2524,4.902826695250446
2525,306.40512882951384
2526,4.103166215388442
2527,3.3462728526722207
2528,240.8551295411731
2529,112.12472144762273
2530,234.60015303513327
2531,296.3394650563562
2532,51.68078185529252
2533,2.3068417093936584
2534,5.926569796221656
2535,5.9466960836193
2536,3.751999017747963
2537,6.325924620956479
2538,5.77010037626862
2539,155.4283339193489
2540,2.295275933940178
2541,-27.5057976297879
2542,-2.353347676776559
2543,6.1685271049663815
2544,129.5535532286308
2545,2.449748623130874
2546,235.8668731508138
2547,34.66419074027086
2548,1.0982430908413399
2549,166.77747017707048
2550,122.29236795529933
2551,-36.663831165588924
2552,2.3740935098465674
2553,266.13163172573485
2554,2.8682095550150604
2555,53.492574044542
2556,84.40750673170056
2557,4.286451218302967
2558,-43.11769789105417
2559,5.46535285883619
2560,239.99238045031944
2561,2.315412958644722
2562,231.46463434479315
2563,258.52143677715384
2564,270.71471487925186
2565,4.629496715590686
2566,4.732483051304994
2567,273.0421232743759
2568,80.46126472216184
2569,68.93883448074648
2570,3.505291772447528
2571,116.87164409577845
2572,-51.61003518769216
2573,183.2101019938312
2574,3.0917981282410003
2575,4.707812760913451
2576,3.5513256945562532
2577,5.699472961159099
2578,36.91461682631307
2579,5.6333099799767465
2580,5.236424832112711
2581,3.075155217321691
2582,-44.958294886986636
2583,1.9184780754288333
2584,6.8951626494793725
2585,59.68223931787757
2586,4.532018066130305
2587,227.82774408144306
2588,178.57024625102306
2589,4.690538474254859
2590,64.61856367224895
2591,1.5219747316934096
2592,159.74563040732284
2593,62.71635242027569
2594,66.51669200207161
2595,49.22082908930367
2596,49.2781648908586
2597,5.284653939128946
2598,6.395282519701732
2599,-11.872155168996976
2600,3.8949912310841155
2601,225.69291867431997
2602,6.189753988809567
2603,352.9864573696061
2604,160.01799368025183
2605,44.702911005579224
2606,4.790528426423494
2607,37.78133537461518
2608,175.71759444080584
2609,39.94579330068393
2610,2.3680339541126507
2611,2.3417391045418463
2612,3.971313774907549
2613,4.2993465930112125
2614,3.186002427326164
2615,116.00127687564955
2616,170.4623621242242
2617,260.12367358957545
2618,204.3257406710396
2619,4.9179747109988075
2620,2.3413296548893174
2621,3.654505788906114
2622,2.6000422506935177
2623,0.39402943596073536
2624,7.000747294609278
2625,124.35950325058107
2626,283.2222806184178
2627,40.47842258406541
2628,138.8933189943586
2629,18.470767705690008
2630,121.8848838716176
2631,36.69418091636432
2632,6.3067239435453795
2633,281.15535840281467
2634,73.61626860060295
2635,172.92346577584993
2636,-33.08733447854182
2637,2.8791685780126546
2638,-32.82769947120644
2639,-66.69644451871103
2640,185.4773042276111
2641,4.062046696539616
2642,5.579507150457502
2643,176.95414986824665
2644,148.09472063317835
2645,226.53190240414983
2646,2.390677449426249
2647,3.326237055528744
2648,4.527800089004045
2649,6.210279799602768
2650,278.40198959085035
2651,223.81881406558705
2652,63.22677729149882
2653,3.6930788104283683
2654,30.18143775082725
2655,226.4668372941153
2656,235.51909123029924
2657,2.9426184930950785
2658,14.056476083996793
2659,288.18647714163177
2660,1.875213199966933
2661,291.238619572171
2662,86.23908581339256
2663,-4.795984462579492
2664,61.13847734493642
2665,287.8160680386552
2666,257.1572507454099
2667,-39.21107862229093
2668,28.641982530882927
2669,6.902671669874151
2670,88.7523483774826
2671,192.57293102520262
2672,96.92576173687087
2673,230.0130011629497
2674,236.91126122241448
2675,1.6794693471979432
2676,-62.495667947808954
2677,347.6849251479545
2678,3.8653581606525913
2679,5.61795532019853
2680,87.46414161550143
2681,5.203048830966194
2682,2.9708834203629104
2683,2.466318716461911
2684,2.9562637015742745
2685,6.628808891841176
2686,26.15921806641743
2687,55.72276677577106
2688,67.50462134021127
2689,44.73087559258594
2690,146.8619311585288
2691,87.57860559598518
2692,49.686864375184314
2693,154.51490887851298
2694,146.8262426116282
2695,6.9064456315572835
2696,156.90063637693072
2697,3.5439059721529964
2698,2.7814900070407345
2699,4.560612183470903
2700,231.94622413088945
2701,56.204905892670396
2702,47.35697815139675
2703,4.113444940318841
2704,178.8353095934419
2705,3.2269685628658564
2706,5.477998328011193
2707,185.07161693881676
2708,3.2446427144660843
2709,35.43572717004095
2710,5.4817017223874505
2711,177.8650557087559
2712,1.9987522218549174
2713,136.52603111309926
2714,-59.69656021309178
2715,4.660655788147247
2716,3.0057460496722137
2717,266.2566868433361
2718,4.3268143864825115
2719,3.259523157496454
2720,6.832877291059402
2721,5.882370606098875
2722,4.395826411020501
2723,232.14111987777397
2724,6.80440658473019
2725,47.21761682153691
2726,4.7165303755456796
2727,295.9648753042222
2728,41.31899915592614
2729,172.77405468594733
2730,178.2318216302259
2731,129.40011910455218
2732,6.393165184773861
2733,202.41998529621182
2734,119.24068152023452
2735,95.75187706191645
2736,78.54146875185256
2737,180.24295537397117
2738,128.14186359750613
2739,106.51274136158231
2740,5.678761797715263
2741,49.07103699893293
2742,0.9634098574244824
2743,43.61401168177255
2744,-9.296599172246387
2745,5.216579494166977
2746,218.75686955428554
2747,177.49590147154234
2748,3.0477012389283207
2749,5.569944708989526
2750,211.19076293289072
2751,263.8793653369809
2752,2.527001942393424
2753,74.07025345848373
2754,0.4612464138891658
2755,27.797363399066757
2756,246.8958161786204
2757,5.792469040184897
2758,294.2357126793752
2759,101.00741191702677
2760,189.46716466283064
2761,6.672191170084406
2762,4.348764567526017
2763,82.64069543403826
2764,4.584631274584837
2765,124.56529504209823
2766,2.187321161301789
2767,267.68642155143976
2768,5.059268827407676
2769,3.5934117080515677
2770,230.1312665771764
2771,143.3469754401535
2772,6.98634532644032
2773,3.098219926914101
2774,4.48334003770234
2775,6.545916877426782
2776,3.9872545182889
2777,246.26212274359582
2778,28.547289269135256
2779,2.1658326575385285
2780,3.0098289952364405
2781,250.36489538984387
2782,210.83389823170177
2783,4.678285073084504
2784,-14.241213278944452
2785,5.393905455489493
2786,4.057464281980332
2787,65.09217607515711
2788,16.64195941694557
2789,158.5195606030395
2790,220.25219089491438
2791,67.14264679437132
2792,145.88173948268695
2793,159.47528214720433
2794,158.12707461966357
2795,56.140193882099744
2796,241.11825282103874
2797,82.81063758412526
2798,32.79524986097977
2799,27.657028055307983
2800,5.448541355830125
2801,3.8732161727617695
2802,3.2361168373660307
2803,76.99515104757315
2804,4.023025379733512
2805,68.43962260495202
2806,6.23798510427452
2807,36.143389004929965
2808,86.4576068150321
2809,5.951195021870001
2810,5.7922681889943
2811,190.00405259785958
2812,5.883251941282731
2813,-11.347054797627559
2814,6.101283717573014
2815,211.7140025683897
2816,57.39440625424415
2817,253.66514241339434
2818,121.35342383847929
2819,53.173566827020295
2820,159.579670809035
2821,51.592012687293945
2822,6.3327330228730405
2823,57.90926362694093
2824,263.3718948758543
2825,168.8486719495479
2826,-57.8894746342681
2827,6.455277437033089
2828,5.4381348909596054
2829,4.698416954431149
2830,4.417653551959226
2831,5.816717655807709
2832,6.07853995691592
2833,152.087205243106
2834,3.652776314638751
2835,3.1075072725535957
2836,3.4385063886707665
2837,3.2597880826235928
2838,5.525807362248909
2839,1.911227381227579
2840,57.33364732245665
2841,50.47616672242854
2842,261.2913061184078
2843,6.278707098336853
2844,181.76398791936228
2845,285.9393102532324
2846,2.90210401455276
2847,99.82350673903343
2848,2.766760600249376
2849,-62.81908162625122
2850,6.740006276319673
2851,6.835616968794218
2852,-29.967051736295453
2853,99.92323828611626
2854,2.466397198048018
2855,45.98798404287723
2856,5.90761735584778
2857,57.00029970993294
2858,229.3540953276701
2859,1.858997014415889
2860,136.31438720522036
2861,294.5831026962294
2862,257.305238370391
2863,2.859217183840762
2864,289.6154702658376
2865,232.16286239291102
2866,1.9873223899825774
2867,2.6471153272405528
2868,85.22290456607766
2869,56.82291662118364
2870,204.35553290647772
2871,6.263984453350185
2872,281.73712781258894
2873,5.108428909989284
2874,-32.937835334234826
2875,4.3451187798066115
2876,-35.899013529463
2877,276.07092806183164
2878,-71.55192182289191
2879,4.8678016357560345
2880,227.60389125128228
2881,5.988241018986287
2882,6.6604837889976825
2883,3.714585819488929
2884,6.695431576762682
2885,147.6101277223246
2886,242.03186774704437
2887,5.877260629631108
2888,2.3686003327864316
2889,6.523403283579208
2890,3.2085278773613632
2891,-66.14378499649386
2892,150.86482466847121
2893,37.72459978304188
2894,57.38399430892539
2895,4.220618910113423
2896,2.4254165424040104
2897,5.292972280060309
2898,57.877480585135594
2899,34.1766693665598
2900,3.27230829573375
2901,45.5148878111317
2902,246.5336348403277
2903,266.80597113799945
2904,3.7755493540749097
2905,3.404334138034387
2906,40.45216838288912
2907,4.082633677261755
2908,39.54233195122557
2909,2.0000074215439603
2910,121.58587376909352
2911,3.3554120982260556
2912,2.7018874326942086
2913,6.600552308858115
2914,19.53644790397819
2915,8.304242343557048
2916,214.61778830649382
2917,178.2621492604716
2918,4.014548220068495
2919,358.0992182210556
2920,200.8054631780425
2921,5.373620929432169
2922,3.451511445828701
2923,202.32682150994776
2924,5.463473268642206
2925,4.780466014250457
2926,5.8018151148711885
2927,5.237262701851431
2928,6.86487814529543
2929,153.98029936636192
2930,265.75992900969015
2931,1.8230790911334314
2932,5.794495973992664
2933,-19.529852270349494
2934,107.5091098245932
2935,-26.56470889384106
2936,-60.36662282145052
2937,6.646249602207993
2938,-17.94545104159488
2939,3.16757787560961
2940,152.42866797234575
2941,98.1024810981951
2942,60.90396036168429
2943,6.159233436362252
2944,6.541524594714394
2945,5.609514434650883
2946,5.808728798229604
2947,-44.70502197818932
2948,2.581221743370734
2949,6.731875929467639
2950,2.9553416366214393
2951,130.9799740400067
2952,148.02050337966293
2953,6.8938706552016065
2954,1.575773085225717
2955,-32.14575447788412
2956,5.937403304972117
2957,107.90812418452155
2958,5.646666990096805
2959,221.3014055760836
2960,6.914056382677208
2961,183.14113400496169
2962,3.879067336100168
2963,3.9681458259351663
2964,242.3784609782443
2965,190.14813022088447
2966,4.444767638021458
2967,3.4050133350229372
2968,166.00975153195802
2969,-76.04411661912413
2970,2.1891883023517362
2971,203.5533429663709
2972,6.898628380663878
2973,199.59101786998113
2974,245.7336629627665
2975,4.37854203014276
2976,48.9116904232067
2977,44.34913334226522
2978,4.649548835177101
2979,4.546048295051344
2980,302.4758138900879
2981,301.8674342050364
2982,156.68984835383256
2983,145.86825916188477
2984,289.28584765856255
2985,136.38352498902717
2986,280.98163784001594
2987,225.8202273977572
2988,139.70961128467619
2989,150.69899154457528
2990,38.674860050137845
2991,7.1380479800014704
2992,3.23056564531642
2993,5.405253955597618
2994,-3.079947836523237
2995,-0.49624869462391513
2996,4.379050224922197
2997,3.8337673520033038
2998,117.12376375312064
2999,165.47648789499408
3000,64.48165074892962
3001,3.2947580563171903
3002,311.46607481798674
3003,4.306608357073878
3004,269.9076250573139
3005,97.03680967954726
3006,63.69284763079734
3007,6.174005686781991
3008,2.9714873589138664
3009,26.154026781621173
3010,4.075413606526619
3011,70.41788611187562
3012,4.494726275172398
3013,194.4180755007898
3014,6.284574016611279
3015,3.6593666004359435
3016,6.200358978265778
3017,6.017451687990063
3018,4.198711848111998
3019,228.9260698214931
3020,3.4514325099899255
3021,227.4720712159281
3022,276.2407089059542
3023,2.9816589330428327
3024,128.34989058655918
3025,230.95236804948564
3026,161.09835795142703
3027,6.274665697739925
3028,5.394966920092506
3029,-19.776417255447008
3030,-38.565968800895284
3031,6.314511876227152
3032,7.477020875300038
3033,5.096474712354317
3034,121.78484308259685
3035,136.77455252613248
3036,208.2882158396231
3037,6.046589997896178
3038,2.1298760248632798
3039,-28.798434996816717
3040,162.45569439909985
3041,4.920277336640791
3042,27.644983544148936
3043,5.793587107640649
3044,227.37730169114656
3045,202.9919323613332
3046,4.62989452412003
3047,4.200526438658788
3048,65.50984042443662
3049,5.609108852162281
3050,236.5073639851268
3051,101.54067407799235
3052,6.2606415887944316
3053,3.9238824117662063
3054,131.86813617384536
3055,170.58387510728045
3056,72.5726903399586
3057,3.3631424427175114
3058,91.47959438968856
3059,1.9116272618498162
3060,262.40506008212924
3061,5.08396401558889
3062,222.90724438128555
3063,145.13836918043543
3064,224.44183306929023
3065,257.32646676548796
3066,99.6179504384944
3067,39.54981998917777
3068,6.291247182231783
3069,6.129634060747671
3070,4.054107915373116
3071,6.2155023754632195
3072,214.668060426841
3073,139.30743977266206
3074,6.389313841619793
3075,6.0092248049625585
3076,136.15421224444208
3077,6.288024396726532
3078,88.18390082915373
3079,5.712984322667955
3080,3.330322294992162
3081,2.3165873668802712
3082,121.01199369731872
3083,128.09410382734876
3084,0.7516830508962842
3085,5.12892068620898
3086,190.56742502864563
3087,3.257993285859727
3088,100.12991262325771
3089,3.6601494374947583
3090,298.7856029688695
3091,143.1506977031726
3092,70.10039859054112
3093,4.315146568353642
3094,173.75278697034486
3095,234.41216175305144
3096,129.4284060922679
3097,4.528542315615134
3098,6.093052606686175
3099,12.060556195382691
3100,90.81182632476306
3101,3.8137974249064417
3102,2.616482946007744
3103,3.3193145322227826
3104,66.51107738883465
3105,-11.214989058354886
3106,30.982393954496054
3107,1.263991102099974
3108,2.3942352434371013
3109,6.254277133774113
3110,239.0870452714643
3111,2.0954948721928877
3112,203.4692800430797
3113,5.59071494622874
3114,54.51098388093196
3115,249.7706828324021
3116,103.53048164999129
3117,-11.861083526069644
3118,289.33670867670986
3119,4.928394396189727
3120,68.10881723801485
3121,25.69014774987711
3122,123.20418907357971
3123,3.836545302244167
3124,2.4354906240873673
3125,3.366964101843545
3126,222.54830782020673
3127,248.20856329281924
3128,44.654913760207016
3129,375.2813837035923
3130,1.9651738666956509
3131,108.84248955867547
3132,175.32765388349316
3133,128.5166937931113
3134,224.31559339313043
3135,1.6192523298402974
3136,304.32390146380266
3137,3.410736690279967
3138,133.66260735115384
3139,5.459976187538825
3140,1.7816766477099268
3141,3.7312019061614294
3142,3.4361336653414574
3143,110.71701259194283
3144,268.21385799093025
3145,4.99729558960909
3146,268.48334691501327
3147,132.59653632968764
3148,125.03889778709865
3149,-17.794182139836288
3150,1.7330511718022934
3151,236.54639089303427
3152,6.847345668107158
3153,223.16309438483776
3154,165.12411021993114
3155,62.63576101341732
3156,50.34058859446554
3157,4.902510726813383
3158,279.7441396171259
3159,100.07860848095481
3160,258.1285563421308
3161,-42.209797653326845
3162,1.9859579313433422
3163,186.3877350370846
3164,3.7079292944579594
3165,-6.015050956857546
3166,43.05717021321887
3167,6.853894936917891
3168,5.418414332142183
3169,3.3434101571730883
3170,238.55188762841038
3171,3.1985822436626803
3172,233.80457045202758
3173,252.57642754088744
3174,67.68800203217167
3175,-52.3943907789703
3176,3.879442259513316
3177,2.9799367987499594
3178,182.18786466281733
3179,5.499434708881009
3180,324.13289963270387
3181,212.28778215755807
3182,279.1796474538736
3183,6.570072054847646
3184,93.20673061043125
3185,6.867288384363357
3186,191.9041455590522
3187,277.84667418099673
3188,-62.89923805272188
3189,254.81391647027053
3190,4.230375788494106
3191,257.44844842957775
3192,49.18130201208052
3193,6.717947129063934
3194,4.779177509737673
3195,5.90843499518239
3196,166.6258548977567
3197,5.299483414954422
3198,203.30479354010464
3199,198.55595809820574
3200,2.1932107099153932
3201,333.6220005583487
3202,4.359691687931098
3203,4.288373641769094
3204,-2.2296315349560745
3205,6.5856124842456385
3206,254.97255423923463
3207,5.857834745902184
3208,184.48658659375283
3209,-27.33818586595204
3210,7.370346453276138
3211,243.59273720935693
3212,240.30417465294016
3213,2.7637937552491953
3214,246.4534946481136
3215,3.423782963975179
3216,6.19543559964511
3217,113.72319822137304
3218,283.3283939707051
3219,85.78472673445887
3220,83.86554887043164
3221,98.71473682995497
3222,250.72437380187245
3223,360.9997876340078
3224,-79.88799956568054
3225,148.6041811200443
3226,6.027914423843832
3227,5.766518979559792
3228,17.156418161396804
3229,294.6672576900553
3230,225.83322283237575
3231,6.656587016691896
3232,4.835671714521002
3233,5.58855550678077
3234,4.359653595221677
3235,71.85136752638205
3236,130.5742991960205
3237,7.886779673082939
3238,304.4615880248313
3239,6.766955242336811
3240,48.56459416182804
3241,19.372591464311128
3242,2.3030378936118616
3243,14.58088504983688
3244,181.12230907816496
3245,4.968520899461223
3246,233.37767354528359
3247,6.411336828747281
3248,99.62795600373813
3249,-35.03983994436789
3250,227.97583127658504
3251,234.54242319368967
3252,107.13532586154504
3253,76.04072146217194
3254,124.7726258963294
3255,6.636345953990473
3256,6.3487554833689614
3257,25.044603139633566
3258,2.6469594040347104
3259,59.01071556651423
3260,5.8487379906435075
3261,103.06742826799992
3262,299.86961843364736
3263,2.3841674700242157
3264,3.985713494729141
3265,138.80768885348755
3266,3.7306563208777446
3267,6.793607471542063
3268,3.165935147479942
3269,5.309074584761365
3270,57.4827519135996
3271,203.00031210997054
3272,2.2619319742889306
3273,220.97952590757632
3274,205.34186723884244
3275,118.36371402650647
3276,129.3480094594525
3277,6.175209678688734
3278,6.421215119858525
3279,3.525682465608316
3280,140.5982339036115
3281,285.644002327382
3282,2.969911022611383
3283,346.19885967506684
3284,341.0569567641244
3285,104.86026763186638
3286,3.210725108696285
3287,75.02761165207625
3288,32.321467824224335
3289,1.7344869048977443
3290,44.427968986842394
3291,237.02306536034794
3292,3.1006738532862403
3293,55.52293209180042
3294,199.98066962084602
3295,143.5358104507689
3296,11.782720398045967
3297,202.6029163237395
3298,2.4493316228090505
3299,257.12519515226256
3300,1.847092220398793
3301,196.4283139297708
3302,228.85288600953737
3303,-10.399389040636393
3304,219.63812556463364
3305,5.177220372182782
3306,4.771802805449666
3307,195.49859577849992
3308,2.5760726780612364
3309,5.894693197432891
3310,-61.243381685728636
3311,2.2787462958745626
3312,3.4696131290997925
3313,2.793547069356895
3314,5.727407602097406
3315,4.40752447431668
3316,269.2153221451574
3317,314.811787453238
3318,42.95684711450085
3319,1.9710994142833074
3320,2.105930445544788
3321,5.237925813785576
3322,151.89909838710557
3323,4.583300881774984
3324,3.3870486729396303
3325,361.5079988052243
3326,109.33382942335793
3327,-74.26953247591517
3328,6.456898460777445
3329,1.7759091066350638
3330,172.0889995840445
3331,116.31330021914987
3332,4.168812567861712
3333,250.1759661788482
3334,112.14140569636656
3335,3.598618702396615
3336,4.193117459965874
3337,2.9317546871933775
3338,1.732466000087765
3339,36.513939613835305
3340,30.396829779282022
3341,75.25886973843895
3342,248.60667965095863
3343,101.57819465225901
3344,4.0992514737292085
3345,229.06613166486096
3346,299.97403158855354
3347,190.3860067834545
3348,58.968799866878655
3349,5.401645653855452
3350,3.968496674330418
3351,2.8983025529302346
3352,1.8496126472504222
3353,149.67469281165307
3354,41.57156394803308
3355,3.170563526756185
3356,314.0823153767141
3357,3.5215224888118906
3358,252.72509124053028
3359,76.1799399507734
3360,173.4408672635574
3361,3.1502011245131936
3362,3.2723802076595816
3363,3.3675050737883594
3364,22.10846231584319
3365,127.84851233760875
3366,17.790773379326055
3367,3.4407641187318614
3368,83.20368167749096
3369,4.603680995647224
3370,64.43672571662925
3371,19.14606215158141
3372,246.381609814092
3373,76.63682240050937
3374,352.36754556342834
3375,2.3147458015553153
3376,2.2825766113922143
3377,88.47618729324367
3378,5.900244611148829
3379,41.62939277029793
3380,326.0754692613693
3381,6.76328525712736
3382,99.67804464566638
3383,7.785201814452752
3384,91.14785260047213
3385,3.796277988416728
3386,66.20336453753738
3387,2.2748965663963525
3388,179.94410105395403
3389,231.6856185501368
3390,1.539903415879191
3391,5.48741145462944
3392,4.957360233480744
3393,202.35187431401818
3394,123.33831068841025
3395,5.364885337658986
3396,5.802936914908662
3397,134.93253664804686
3398,1.9792035174116314
3399,183.5146380982712
3400,178.16421226246533
3401,4.8849945554227014
3402,0.8364313973757703
3403,75.85241674902055
3404,119.27494133654884
3405,179.91871234452566
3406,175.1905414847444
3407,4.046477081960943
3408,103.88450603172848
3409,121.18278210949265
3410,5.791529072022601
3411,3.901420084421768
3412,59.642112714486885
3413,2.2499839660111216
3414,6.793926489236442
3415,130.68352408615075
3416,68.71162417889762
3417,187.66243469566717
3418,166.2288919097309
3419,13.25911335360048
3420,-23.158762109329384
3421,-76.48757915603296
3422,170.29495968739943
3423,2.1599953156685285
3424,4.009009385924664
3425,49.04204289957845
3426,4.024131099793539
3427,40.19017608788392
3428,2.277731564767682
3429,313.1338595496974
3430,297.73571211703734
3431,136.8390128729431
3432,5.719730908213692
3433,89.46887157422461
3434,1.8996116735719952
3435,315.3412731110409
3436,215.4308407142077
3437,3.230910979095471
3438,34.31715812283778
3439,256.6304857903526
3440,6.942695918962995
3441,4.413008061860551
3442,220.63236396139627
3443,5.155211205715428
3444,248.66876698736922
3445,3.5930248981091433
3446,5.769727117449341
3447,271.90672363180823
3448,5.570295422423103
3449,5.62072734527965
3450,100.81708524971299
3451,238.76801901995427
3452,1.8396798357913713
3453,2.5322834131306844
3454,14.838654403425346
3455,3.7899863511120357
3456,5.771084584776963
3457,3.9727792177384678
3458,6.178137026822902
3459,182.2614209783538
3460,-3.75533220186941
3461,2.902179133095882
3462,43.365805518732266
3463,222.48587565069974
3464,4.220865197252936
3465,2.9106102115269787
3466,6.580172394545855
3467,89.43482910725464
3468,27.584950003181916
3469,351.40758611887503
3470,152.38294972433866
3471,9.746712283744554
3472,289.87594667131737
3473,6.366644177872212
3474,3.201814301818659
3475,4.4309700087572
3476,52.555477118558294
3477,3.7140830242733296
3478,6.747314710966646
3479,3.1252193405293602
3480,120.76068538864997
3481,157.13082329949813
3482,70.02551838651783
3483,66.6897584820218
3484,173.84212804271647
3485,2.4226918671032838
3486,222.24950047270903
3487,5.961893254153541
3488,5.100295285018693
3489,3.267036679754323
3490,6.215284360906722
3491,2.899028018181454
3492,2.432671834362419
3493,303.71397514432016
3494,138.91301033599447
3495,6.297627288262897
3496,29.536402302535578
3497,4.582886905375574
3498,6.706259378006716
3499,-28.41059493629212
3500,90.33825067752353
3501,294.0685460172421
3502,6.089952322981902
3503,3.977973754379699
3504,122.50888480687574
3505,162.40688887895635
3506,103.05039546745304
3507,6.188926417928121
3508,2.739486637051795
3509,3.2402664474947516
3510,273.7691998797935
3511,1.9602168264250435
3512,67.62915178423923
3513,81.36997716416845
3514,2.9958471198078382
3515,19.871310166287277
3516,3.2783688773617015
3517,202.81532798240121
3518,4.215825363681007
3519,214.20666095946132
3520,313.5659060669566
3521,1.9467138539416617
3522,101.96564232840863
3523,4.860858035859438
3524,6.759715639563576
3525,5.308955515585739
3526,32.915604454402754
3527,1.6481995214923628
3528,281.3628241644182
3529,150.9917096608061
3530,2.8470910231557665
3531,108.6992149372425
3532,273.5131591022888
3533,34.32415814350368
3534,7.99428323537561
3535,73.37996025999931
3536,3.3993085064471464
3537,66.91723692338422
3538,6.818719962490438
3539,-8.606285824221068
3540,138.11423131917653
3541,-50.965530831935574
3542,2.744725710460084
3543,206.88948563869104
3544,33.4304645805152
3545,2.4083514881356543
3546,5.61770937969418
3547,180.73020014083596
3548,4.85936739921361
3549,1.7403143631327722
3550,4.99374194123838
3551,4.627492583262898
3552,5.585933754575987
3553,7.672351348027232
3554,180.02094554028574
3555,3.7894958485880696
3556,1.7511489916710938
3557,112.26776573844947
3558,5.532019617227251
3559,85.55927374954635
3560,78.46914136019005
3561,6.196788423479801
3562,16.90365975669772
3563,-47.94472190308408
3564,5.879592361289415
3565,5.267195153458347
3566,180.29411611525708
3567,1.9113108445632399
3568,247.3857794890063
3569,169.57660437053786
3570,34.51846297375035
3571,228.03736617282112
3572,1.7239885867769087
3573,6.09899043870067
3574,5.35967029876839
3575,0.9599219095965547
3576,4.994797779280376
3577,6.25335379362881
3578,61.700336425659316
3579,2.1198251661651706
3580,83.16738582912352
3581,271.59278599427455
3582,69.7859418520154
3583,78.9961196738965
3584,6.306826947882119
3585,41.882015654322664
3586,5.450597378709217
3587,39.95748345234541
3588,2.7138400295560237
3589,216.37761512385705
3590,3.0293702407568475
3591,3.4041549664039215
3592,194.81115694925407
3593,5.101431787788544
3594,4.5590305459246245
3595,6.528975620278421
3596,34.176950964967695
3597,284.32668468247164
3598,49.62914849691212
3599,65.27569483604462
3600,2.3446033241474584
3601,273.96002230418776
3602,32.28479696669713
3603,5.458888846661773
3604,2.562784997567908
3605,163.11423023835854
3606,2.1322199134187887
3607,3.5182657717613792
3608,279.239389084576
3609,213.69990178884126
3610,44.28150706267652
3611,5.3068659978994255
3612,287.2524851556787
3613,6.501987188149495
3614,4.451956624641293
3615,6.7611050329919715
3616,51.86320057948093
3617,4.839732053749869
3618,2.5842284038834364
3619,-35.555458492138605
3620,-6.244664553492957
3621,64.65648191382395
3622,5.315307838291215
3623,250.43787017296253
3624,-24.58589157844814
3625,103.19279862013141
3626,25.22467622416228
3627,18.556571139899415
3628,6.665494007254156
3629,37.988382074140574
3630,282.1776403501963
3631,310.1306538491097
3632,251.84855919914625
3633,259.0161485572545
3634,119.74553650932953
3635,144.88890268786594
3636,4.627831529885832
3637,52.78812308968296
3638,36.199740946273266
3639,4.6062939962725045
3640,327.37965259129527
3641,219.65879274472508
3642,151.8663259406619
3643,179.69763103087996
3644,6.7997951876872085
3645,129.093769514545
3646,2.3387811172407846
3647,5.736171253438418
3648,244.0699756996696
3649,-7.498241757022507
3650,2.775268594184148
3651,185.21096641125112
3652,47.975877392608204
3653,-19.73710192257315
3654,75.17196511370284
3655,2.0676123759389227
3656,150.90436180114318
3657,5.255430330567635
3658,8.266441936897143
3659,4.386876224179963
3660,5.807278749053865
3661,24.77455524614737
3662,2.1344069215438064
3663,6.5467328416279695
3664,110.70491155062442
3665,4.892034254134433
3666,275.49903054878575
3667,234.07855333649576
3668,251.53356152602595
3669,216.36904163262184
3670,7.914910337855863
3671,6.863431121628111
3672,180.73101659847416
3673,5.012283249280997
3674,286.4219174148454
3675,140.66546771184366
3676,8.435441806056975
3677,34.28068198961553
3678,-44.93175148221655
3679,4.206699466993026
3680,4.160380556479469
3681,146.43596889192634
3682,85.77867308367746
3683,183.84314079632247
3684,29.868931751951173
3685,140.74169245202856
3686,276.4119217982988
3687,110.08809313047284
3688,276.2773359489025
3689,2.5045957511025483
3690,166.70166030148502
3691,221.43904493181668
3692,281.7605059911952
3693,257.15177249230624
3694,1.7092757446857343
3695,252.7870606133462
3696,191.62125206863598
3697,0.6386746054206823
3698,-43.842642588105114
3699,4.14112920578406
3700,5.4894725559484465
3701,393.75080615734856
3702,3.9629957651204215
3703,3.8008674503624604
3704,6.653197840394436
3705,1.311829259978958
3706,71.82112120736156
3707,-3.922449795720108
3708,118.93526903756194
3709,3.22628535373524
3710,5.8561128742843716
3711,352.6001459044309
3712,81.99959415069355
3713,5.739794460806298
3714,337.6571155661441
3715,2.5356777209376267
3716,1.9677190351573859
3717,139.55002373982964
3718,58.20881284586527
3719,152.4294477995249
3720,138.17704310921542
3721,2.858406508655368
3722,3.8074544890556594
3723,2.9175832956356906
3724,1.8793086321561312
3725,56.20794298481975
3726,1.6772034489729433
3727,233.17585003217292
3728,62.21737425410119
3729,-69.24674199360501
3730,161.39939244717186
3731,102.38977586814103
3732,3.3121105105301654
3733,-46.065287295121415
3734,3.2691919543267973
3735,2.3101510976556425
3736,0.5725524953452487
3737,6.303210165286073
3738,197.2880612886966
3739,-37.431534588416476
3740,228.96088177243251
3741,17.41699061044249
3742,258.89949810088956
3743,2.5136357849567026
3744,81.69713556206884
3745,16.71319491281762
3746,5.085758076912904
3747,4.915724788120347
3748,201.65054443540828
3749,71.46969219778039
3750,1.5794288993906338
3751,255.00886616685517
3752,76.37104270271522
3753,5.173547991698044
3754,3.7245804535410003
3755,-5.209415688586777
3756,5.252742711648581
3757,50.09903246114267
3758,5.971118768744328
3759,32.55417903436093
3760,1.8604504469508634
3761,6.969967283127741
3762,5.849148001419251
3763,114.86739961803457
3764,168.76335089877549
3765,360.44820109439496
3766,7.565604745162156
3767,249.95895744473196
3768,59.747307127180406
3769,1.6114075444107878
3770,145.7475463442795
3771,3.146357042526632
3772,204.2312309940769
3773,254.54522537191582
3774,2.5236256093931684
3775,3.6277660824221813
3776,204.74579254318024
3777,6.184376740945409
3778,221.87993065347035
3779,267.5726645906943
3780,6.042386756212047
3781,6.5477523953668015
3782,2.474951519644353
3783,1.7368899113155774
3784,5.552017282765141
3785,25.010854960840984
3786,85.94412070995905
3787,5.934962287779958
3788,6.75742820369833
3789,331.6322996666626
3790,7.215202746066543
3791,6.587457878460016
3792,3.5547222522143556
3793,67.99704364399112
3794,-0.053594083739035514
3795,265.1056198179515
3796,229.5976938330934
3797,4.685663245799905
3798,185.25318039297858
3799,-64.35686318728648
3800,242.16342710199734
3801,128.16185991266497
3802,143.36772396511557
3803,51.854349476642525
3804,43.99655343001996
3805,3.7073522296635075
3806,2.8429728002116366
3807,93.37203948592582
3808,3.631133561406565
3809,-36.73991551718707
3810,2.507865753118606
3811,4.0856752868119575
3812,270.48544066878253
3813,4.028326832309113
3814,303.87622438395425
3815,7.228931347229477
3816,4.096476278544211
3817,44.46139474482292
3818,6.556510461546139
3819,2.3305108485191757
3820,119.39839978658945
3821,7.432946555485783
3822,5.37293304031923
3823,272.54398127830194
3824,4.93320239301064
3825,246.08669944448616
3826,5.994181074719306
3827,289.2799828998941
3828,298.320690576483
3829,6.502226706518738
3830,230.902668087064
3831,75.79830039501773
3832,1.7938207349835587
3833,40.366224206155394
3834,55.13922553246825
3835,2.745977989468239
3836,5.356737993642321
3837,6.839504560402079
3838,6.134437780280985
3839,217.0862943896206
3840,5.681889914191235
3841,149.84845582069843
3842,3.7128382367157826
3843,247.14180464721048
3844,5.294006793685012
3845,6.181063434698232
3846,6.195282570700946
3847,98.34409564099498
3848,106.11930755767949
3849,200.91269595438496
3850,32.39395725714855
3851,158.61243589899775
3852,297.7128009703244
3853,5.446558770858294
3854,215.48955284069524
3855,1.9331042214289607
3856,57.30472185445708
3857,3.9987422675936073
3858,2.987395905152392
3859,259.3127327548862
3860,5.953989533604707
3861,-51.11177463988156
3862,-14.18263786950197
3863,3.2633421512088523
3864,2.998457136225303
3865,298.0770485576367
3866,4.298735023058327
3867,194.75855067066712
3868,4.430498547961766
3869,3.040946721582693
3870,144.6314522029642
3871,55.939355269170186
3872,4.360541828459944
3873,1.8289676212458654
3874,348.95980323765076
3875,278.6797080623554
3876,97.27708741978768
3877,-73.13478369702433
3878,190.34721338473864
3879,277.0345818463284
3880,6.425016849767497
3881,3.712522338782976
3882,2.6523095589199084
3883,199.69443038425
3884,130.15998650982755
3885,6.426495833874017
3886,5.3019852078695315
3887,6.292989200512707
3888,2.7457607656590572
3889,176.3495376030288
3890,0.9646363315065555
3891,3.113480062593853
3892,172.18281241624692
3893,3.4211174922568133
3894,337.1491720466199
3895,-34.07506584187082
3896,47.65366021292081
3897,212.56810002820285
3898,202.37100269513144
3899,1.7470428218604188
3900,94.38088565137143
3901,108.26871233610568
3902,2.807887207343538
3903,57.35037161210586
3904,67.44269117843925
3905,3.5982276120553935
3906,7.019367076113438
3907,219.92885264479955
3908,132.39214133323483
3909,3.221462481548344
3910,3.979570068752515
3911,245.35448963832943
3912,4.351680897319388
3913,32.093775164567305
3914,266.959598322488
3915,6.719461297425271
3916,5.694409694974021
3917,3.7364011182268215
3918,-42.39087218435818
3919,5.03158855544211
3920,40.87143726815679
3921,89.67333977395133
3922,7.241551451005656
3923,2.45339467310401
3924,339.68635324956006
3925,71.8070289419416
3926,2.9967656084443948
3927,247.95049056797217
3928,3.0993265742957825
3929,5.532489086741558
3930,6.652697407954256
3931,194.61023306590604
3932,3.305371259290766
3933,2.874227557043438
3934,6.77430488479124
3935,208.56777523170499
3936,1.653619552660205
3937,3.223286624780985
3938,2.66371149669327
3939,303.71147526820727
3940,6.467827854452969
3941,6.011518181867761
3942,5.7685569882268215
3943,3.210952170771791
3944,7.550023984354497
3945,334.440553459908
3946,203.50240779648638
3947,36.24809504131366
3948,126.14653792846975
3949,4.996056731484572
3950,243.55483844444242
3951,1.812531080511016
3952,83.8291784326411
3953,138.18889730848193
3954,2.440251697835076
3955,5.2882318834224336
3956,148.76011411114266
3957,52.992340027291064
3958,92.61088237571379
3959,222.10559823992435
3960,6.446030227252714
3961,6.008722467211109
3962,113.35299446984705
3963,5.8089504467161515
3964,144.08405291013676
3965,6.21109999478317
3966,3.218398337274132
3967,4.047852007969042
3968,185.66184550997255
3969,70.09777930067423
3970,2.536513467442373
3971,3.6741398730110624
3972,2.9253058793050926
3973,3.435707338951771
3974,37.4151934116685
3975,12.64422772129561
3976,3.7294662843981348
3977,3.9788598727840663
3978,3.5183326266466337
3979,122.84521137894326
3980,252.4265657106452
3981,266.67863159336565
3982,5.538379657804836
3983,2.4901498041464065
3984,380.3571963628844
3985,248.6459333048669
3986,142.58201748194753
3987,104.71060474505775
3988,3.9499205610577155
3989,-11.635382193283391
3990,95.85907007204119
3991,279.4556562023848
3992,5.74286959624238
3993,5.8386950311707215
3994,59.248271690968366
3995,108.04950136604627
3996,3.4030209318561275
3997,88.7523483774826
3998,2.3007973019645265
3999,258.25555816247726
4000,5.387928413670195
4001,4.234755843354356
4002,63.7071608880931
4003,154.8824508808625
4004,2.212417701709754
4005,319.3817437602324
4006,59.18512532888629
4007,7.744667657782739
4008,3.2245452485977486
4009,5.365409804160141
4010,216.21511089777286
4011,3.315976773718888
4012,6.480386271688244
4013,240.38908175045373
4014,5.797055505322966
4015,6.2660771093379
4016,59.24236600563413
4017,112.39686373448708
4018,116.16968540334395
4019,0.8127252505102973
4020,1.9314271099682572
4021,96.38349507170136
4022,77.46447593060255
4023,4.32690373231391
4024,97.30990014348455
4025,50.9254559251625
4026,65.13597914065353
4027,270.11309178621036
4028,94.58608324502566
4029,7.142064156184979
4030,2.229101687725742
4031,96.99613921498208
4032,83.71032285361362
4033,2.8527957527720704
4034,261.97943531474243
4035,111.10763431459429
4036,2.9825868968762035
4037,4.160171855456735
4038,5.922751471965379
4039,5.781553958590637
4040,108.97341274415791
4041,326.66617058043704
4042,53.83448400950597
4043,245.76113744217372
4044,4.753142318084328
4045,28.381297583754908
4046,5.945492846869913
4047,4.105083529867163
4048,261.5380326584419
4049,141.508213540712
4050,286.57859531789785
4051,45.741035370741336
4052,3.1461810698325516
4053,3.84172508281966
4054,4.984189521723026
4055,4.152157642078893
4056,257.0935694764659
4057,6.900624942214234
4058,307.18069545185296
4059,39.50664872648594
4060,265.9130799802975
4061,113.58211757979616
4062,3.8837160367824732
4063,2.1166564973080586
4064,209.8693804063552
4065,2.0631067850053717
4066,90.01294804507523
4067,156.7332969841607
4068,164.96936475984626
4069,330.1653994484706
4070,2.591951980132797
4071,2.7026279455019293
4072,1.9893405351272375
4073,3.162375787290264
4074,4.011380117528035
4075,-35.173246710770876
4076,51.673238252264106
4077,4.751103159623996
4078,6.1933427234829805
4079,7.480413006627898
4080,275.60695847737605
4081,4.268009408096886
4082,132.98914231501848
4083,4.384887258633534
4084,-12.780229206185513
4085,33.55380167110881
4086,-3.9719573569638973
4087,4.169188687647748
4088,5.142981684752712
4089,101.64279995015974
4090,139.6653383032231
4091,4.185767864471713
4092,78.04920024155267
4093,11.814939627058674
4094,5.175415704730664
4095,6.732125787258667
4096,2.539253339566285
4097,2.4758204545826565
4098,2.9100489325809846
4099,-26.74754492184486
4100,63.561268092553874
4101,7.008278282755867
4102,4.569266456575538
4103,58.2846895953031
4104,193.05001901597868
4105,5.343641310894995
4106,116.26384984855581
4107,96.04158952240246
4108,104.92772972643074
4109,251.89440889920147
4110,6.001012660618456
4111,52.699020548614115
4112,108.82443806949962
4113,3.421194710887989
4114,4.978981259462287
4115,76.98333734914254
4116,144.05171073244927
4117,98.74028013314906
4118,274.2545339207443
4119,258.7766215560465
4120,193.25473692313295
4121,81.65142105132257
4122,-20.210679983237895
4123,2.0930057031972615
4124,110.42333768182816
4125,2.58223388023845
4126,86.10016696615243
4127,5.726896825962782
4128,1.6587694909767832
4129,6.158691486387578
4130,1.7225402917816848
4131,58.3477656934068
4132,6.083728449139368
4133,5.097234839268855
4134,101.64067245716762
4135,-6.245831598810997
4136,155.19061079973707
4137,349.0726851763759
4138,-33.35351395449778
4139,101.10928741632199
4140,81.40126553040587
4141,4.347481393826799
4142,121.301335038607
4143,276.7224143256096
4144,97.97824984357123
4145,217.69112596454335
4146,69.0294825646573
4147,40.927047880018286
4148,278.6694054481934
4149,47.25321987443551
4150,25.181061050483276
4151,74.5761595166058
4152,118.76183156022685
4153,4.175464205778779
4154,355.5250891453491
4155,134.1042972016927
4156,3.467875780003566
4157,-2.2837481260146335
4158,4.084949411786729
4159,4.000517294039738
4160,182.09110464095787
4161,184.63064202856683
4162,5.993087249957374
4163,48.51677899829765
4164,145.3132966298407
4165,11.959855033662048
4166,57.654683876366065
4167,114.92004071068246
4168,-12.920597414778081
4169,2.3804895225399325
4170,-13.920632225792772
4171,81.09984116399468
4172,4.346423737873929
4173,4.262555526749824
4174,91.40458660328953
4175,117.85723521335008
4176,1.9332741830872684
4177,4.22211346502579
4178,34.93372153889353
4179,131.00656418544241
4180,147.33161440472958
4181,79.09482188541226
4182,62.253606108069064
4183,-3.469120775618472
4184,199.86871168377718
4185,297.1647738078867
4186,2.629696703625637
4187,96.51904459093404
4188,3.560746612781716
4189,4.320225392889951
4190,137.5638401470841
4191,2.1567825472651956
4192,46.10206627109085
4193,55.128588680066926
4194,5.968665918895452
4195,4.276002422428593
4196,129.6010554889654
4197,6.445967445474349
4198,3.2073933651317192
4199,5.0902985849513325
4200,292.25345836528135
4201,261.8619896517199
4202,221.79814184130686
4203,5.0967095832413305
4204,91.11841368420794
4205,5.167048583113678
4206,7.836277165192454
4207,133.58492003180203
4208,157.80181264378743
4209,228.54850368787166
4210,-54.5359267880831
4211,1.8243584166518427
4212,5.85914800445698
4213,-29.37013168834498
4214,6.991166210377349
4215,3.0679127400375648
4216,1.815119799701908
4217,2.9632550394300226
4218,5.742803532053755
4219,80.57843993004352
4220,53.2667745219877
4221,1.8755247661180943
4222,110.1906446207781
4223,3.128044745436309
4224,7.777587129780798
4225,4.858692950621489
4226,306.23403954070204
4227,2.317307026184961
4228,222.66436403952042
4229,117.09189460334487
4230,3.1062995929592714
4231,2.4086572103727493
4232,43.43117989103515
4233,2.9142058054120947
4234,1.6016484249190408
4235,71.175848732797
4236,243.15442914886935
4237,166.76977457621643
4238,2.9116928050045954
4239,48.43401457119686
4240,9.023438675259266
4241,37.128400020364055
4242,227.06496794642823
4243,-68.47353938128443
4244,332.1646653588464
4245,5.0232418351806425
4246,2.0519703527427113
4247,3.3533236935955393
4248,4.079690041069252
4249,-48.39245268774486
4250,-17.42591386984058
4251,315.13937015012135
4252,6.644461551655779
4253,5.942145091264594
4254,5.028351050259264
4255,-62.266245473919206
4256,-3.559825904309325
4257,85.79640704685802
4258,2.5453781978016647
4259,1.5796974457066835
4260,91.55738046899265
4261,2.55422117409784
4262,313.3476077758823
4263,111.30500711241044
4264,2.4414856168179466
4265,30.008170693983395
4266,4.2716208576492996
4267,6.30671643177501
4268,5.4535373750602165
4269,179.5831598254295
4270,232.1517533095779
4271,176.33749509322107
4272,4.628769976892508
4273,7.562280730497928
4274,71.56324796837274
4275,7.890614501396323
4276,312.070254325668
4277,251.64008756807
4278,330.316309481985
4279,318.2587037205019
4280,108.22338476983984
4281,26.231963025985827
4282,-12.65881686706746
4283,6.749275616970657
4284,4.323492131176338
4285,116.73418666123037
4286,307.4354011736716
4287,1.7485602642478277
4288,172.55008191930852
4289,213.26554364678447
4290,161.61528390488445
4291,3.1413668407473514
4292,5.131100219356406
4293,7.495335366549256
4294,-42.49078806221451
4295,0.604918671452707
4296,5.536767221095819
4297,6.96136356541231
4298,5.9020414143410305
4299,88.08472508987577
4300,45.84236228646118
4301,-23.79613052567439
4302,153.74145766181883
4303,2.02184939219351
4304,-55.32178875035295
4305,4.272671202148276
4306,290.0301457548278
4307,2.5550716817863153
4308,47.49361481203176
4309,4.349326602129675
4310,3.0360969728331435
4311,-20.101278510024382
4312,219.25872107554375
4313,3.272889268002209
4314,2.8149974355239764
4315,222.23859171272397
4316,1.9696138329025659
4317,187.0101373781358
4318,6.046685610648074
4319,55.82805591167458
4320,136.14159144838823
4321,4.4371713510106545
4322,249.25564433415997
4323,89.45351547501444
4324,3.848109278841284
4325,7.464179898235488
4326,4.304633095160341
4327,101.95412495460401
4328,142.52690609665936
4329,204.76237097903163
4330,34.319395360926706
4331,2.7464452772127825
4332,2.359519538999936
4333,280.6181159685021
4334,3.7094459120644716
4335,3.152553794996295
4336,2.0923248202216866
4337,5.780361896792549
4338,5.939447562452538
4339,5.080295634888862
4340,-38.64313987568393
4341,72.42133694962556
4342,175.10700113348506
4343,226.90032718748256
4344,95.70289073956752
4345,5.959325209338141
4346,4.807559012271024
4347,201.68468349517724
4348,5.581872576437388
4349,143.0137551002903
4350,-42.106276473751514
4351,111.6892465601588
4352,204.11123376557202
4353,5.220211817960074
4354,131.74926494865025
4355,118.69535223297325
4356,1.963070830866111
4357,4.947033616302474
4358,310.4299596154664
4359,233.01106107113728
4360,3.528239887491529
4361,22.836540774326963
4362,0.3179266638028829
4363,3.5385106223538534
4364,4.864829362994375
4365,1.609440900824922
4366,3.461931496560883
4367,270.998039394184
4368,-29.216078514254484
4369,86.81127664923105
4370,6.512117085351962
4371,186.52984910074647
4372,89.59139317007278
4373,334.53174199169166
4374,6.6652916632717325
4375,230.01782139263406
4376,279.50808443074294
4377,5.062873484130506
4378,5.922731674902837
4379,189.67757592739127
4380,2.9429252298648514
4381,2.913376565156457
4382,6.735936347070082
4383,23.146714069983407
4384,4.751124252894474
4385,216.63353318942396
4386,24.367984255662734
4387,315.630706849544
4388,82.24334189490935
4389,6.728383242028356
4390,4.37908635395213
4391,3.314266023111672
4392,2.73242426721497
4393,124.62337113272395
4394,105.56646442510207
4395,3.2114806532296756
4396,-23.714454643209205
4397,2.6080967593706665
4398,6.384037485277677
4399,3.1823894090878997
4400,236.6327552091703
4401,6.921560132239804
4402,238.8631096035021
4403,251.55006169232328
4404,239.73182841133348
4405,362.25076029042856
4406,29.655867091683625
4407,74.40642590475089
4408,6.359124728402688
4409,112.31089851536233
4410,-84.63697217307205
4411,2.5809408092412336
4412,276.4883819934216
4413,207.10401407860758
4414,3.9297949395667437
4415,195.8032463039865
4416,51.17587037899934
4417,2.98714828420717
4418,222.52092525783928
4419,259.54780355809953
4420,325.60251038870217
4421,312.01624273451336
4422,16.776669336791308
4423,2.2886350948862693
4424,42.55712948345075
4425,158.2080951662257
4426,5.492711569702083
4427,217.02205620851373
4428,6.074427011230106
4429,4.772151011440664
4430,5.313484410540284
4431,185.4364718008321
4432,3.8069851430702863
4433,4.36339733649699
4434,126.97759398610006
4435,5.745417842124158
4436,6.135588058952971
4437,-10.771156387449548
4438,92.75482213083531
4439,7.305821480296229
4440,276.8282407412563
4441,1.4968616837675928
4442,273.08407657982514
4443,6.837187655499514
4444,251.93724397452814
4445,3.921936397957462
4446,3.7407816149557656
4447,92.32568394893183
4448,4.8892674588999405
4449,-27.62041781396445
4450,114.25596442799743
4451,111.1556429967065
4452,330.72769959454746
4453,237.97684892684907
4454,5.1250935987444795
4455,5.284107195921988
4456,190.74071609303374
4457,4.138815022090861
4458,6.46177443937576
4459,76.17790483310972
4460,0.476021467627851
4461,95.84830975028837
4462,174.04326679661784
4463,40.262960135883944
4464,4.205970597665005
4465,126.1394179944029
4466,4.316827818637825
4467,27.88924916034053
4468,1.7764285199970775
4469,2.0645666368037268
4470,4.697550299300382
4471,2.696296663116148
4472,244.77158653771016
4473,3.854025547021288
4474,243.9305421348618
4475,4.586225746292901
4476,90.46764579166842
4477,5.762986992164573
4478,3.8525049405468677
4479,106.52929836710567
4480,298.9609002349973
4481,4.160356540352771
4482,219.50379077901022
4483,68.14359028404454
4484,309.17737982681336
4485,200.35713668493142
4486,2.1617747386557054
4487,103.54963052018778
4488,52.4057736078337
4489,-53.3389382051616
4490,113.22427997254712
4491,6.221892440722226
4492,285.8713811495068
4493,315.1398830529853
4494,7.970960216809196
4495,2.757722864131931
4496,58.03058184018738
4497,6.773157038690965
4498,215.30822322639557
4499,318.5460177808128
4500,153.89556780156553
4501,5.204981568343485
4502,5.679330228233444
4503,231.52687139514214
4504,7.9866554019028495
4505,71.77897764879297
4506,2.646938961569652
4507,-10.18837518476613
4508,143.80309444413646
4509,45.774728166202586
4510,2.2151732716868215
4511,276.7970321126357
4512,56.52371594536635
4513,125.08292394930672
4514,3.157180891483844
4515,2.996609103912391
4516,3.3460693256068326
4517,4.987628227539934
4518,1.6611137643601537
4519,118.2720427572275
4520,55.06122942013347
4521,2.55638355483125
4522,70.39476456341201
4523,6.709400423189666
4524,223.12632112541078
4525,24.1398760552828
4526,2.3277677743154515
4527,106.56690750590015
4528,109.41951261478098
4529,111.89831600288827
4530,186.53542701118263
4531,3.962053765996058
4532,3.9820694956150406
4533,4.6350516834424775
4534,73.80272363988652
4535,6.191838920580408
4536,1.7933651136758857
4537,1.9303282133418407
4538,6.198161532957649
4539,302.4343179510569
4540,153.73366886899052
4541,3.2054229036183925
4542,2.843741181605119
4543,206.95700570556983
4544,33.424417942914715
4545,4.994841326045095
4546,8.666660036950924
4547,5.494385156790551
4548,190.42118055537372
4549,4.940293442636333
4550,207.25380213049647
4551,34.44837256984095
4552,130.822157061152
4553,102.2631067067092
4554,5.020858185770911
4555,183.17457641310864
4556,307.32501926870356
4557,4.860071909841993
4558,4.553178335098428
4559,76.94115998839706
4560,7.609829155733402
4561,4.957144648981927
4562,190.15419827062576
4563,46.364684078235236
4564,215.59371841828988
4565,63.73795267486777
4566,218.91320028168417
4567,267.1772936812333
4568,130.40905967141978
4569,4.9755804854740395
4570,181.64716676205242
4571,282.2791937240679
4572,5.179891345001673
4573,2.937587359925271
4574,1.3812731375808858
4575,6.23469009994984
4576,162.33858327059994
4577,237.050522703547
4578,54.980076370178686
4579,10.140275044854274
4580,0.6290292337557037
4581,320.4344268250606
4582,29.742712009456557
4583,1.4747701364377808
4584,301.6053866009673
4585,41.376100545819924
4586,6.224596227496607
4587,3.708154723826779
4588,2.050855186524744
4589,4.016804946687673
4590,2.8381465863456676
4591,65.07990977358777
4592,6.056187571640093
4593,107.77205154084751
4594,-13.329732327680318
4595,3.2507133468003557
4596,87.64418943418785
4597,130.74878364494197
4598,4.695250938957812
4599,-53.452231662378246
4600,89.20418395188378
4601,7.246717257222835
4602,5.7480062467246915
4603,5.469591444332409
4604,77.88681296252058
4605,1.3565096188612065
4606,143.40622129238534
4607,20.187805497810093
4608,4.146340736420684
4609,204.84644590226426
4610,121.51151210047894
4611,81.0010244794512
4612,2.786139944184614
4613,-49.08529777785911
4614,78.80400152427691
4615,-17.98501307656763
4616,4.625134911873742
4617,5.204950629795521
4618,4.000575831420406
4619,5.873786278642749
4620,6.722756597447352
4621,110.97493294583401
4622,4.314596425119032
4623,5.459865742275446
4624,0.3426535141808914
4625,84.20561142525699
4626,55.638138533969524
4627,4.54334715503187
4628,5.850927689749723
4629,67.07052927399626
4630,5.176330004301138
4631,-7.682052359009971
4632,6.775612110409478
4633,220.41009282493536
4634,5.859284174824177
4635,6.087048711767734
4636,61.037886398136735
4637,7.0337642857881075
4638,399.56366870241715
4639,281.0229574794983
4640,2.151943209760581
4641,192.29169710196607
4642,120.91047493819421
4643,51.822079008829164
4644,22.893610683583702
4645,5.6586228155650575
4646,37.62501338253752
4647,25.958601534198284
4648,201.7851472151129
4649,115.99037726715196
4650,128.26504675474516
4651,46.012354650564276
4652,4.942552252815259
4653,239.78261224639738
4654,-7.719574477511939
4655,5.826256380456403
4656,3.3399488850717516
4657,3.205320941350948
4658,6.543234523861862
4659,68.873882048329
4660,1.398957938036422
4661,2.4331092007329893
4662,3.949594343989481
4663,123.93719969545782
4664,5.857365349384931
4665,123.16563354694476
4666,229.54984540943087
4667,1.8963907291748447
4668,105.63644171273229
4669,256.4619024237875
4670,16.343749086856175
4671,1.995937027012022
4672,0.5680863845076424
4673,89.63799703549623
4674,304.5979227243432
4675,1.7719535673893685
4676,113.733829946282
4677,55.28811322150297
4678,5.403032242619565
4679,71.20700486012485
4680,4.458688815652364
4681,1.7766218233594469
4682,215.92536067526106
4683,154.43034292011134
4684,91.65348202878923
4685,268.0167573650503
4686,3.6021667067455945
4687,243.31054378751907
4688,333.56375907791477
4689,114.32517910701287
4690,6.105033828889005
4691,6.6806968327072855
4692,4.38403919699172
4693,70.45306666908039
4694,4.379799189824106
4695,363.813067934459
4696,4.674723355900906
4697,2.7820686363048344
4698,4.778763201009339
4699,3.5164730873795422
4700,112.36711298883267
4701,6.014201971029066
4702,1.856545441734466
4703,3.74784095894112
4704,4.455669312922131
4705,294.9002461681192
4706,3.06904630981688
4707,5.119083663074633
4708,3.0736613981872987
4709,62.10512561107224
4710,161.53703781528918
4711,6.3776867257997765
4712,234.18835741345794
4713,4.240720479862747
4714,5.3723598050661465
4715,84.10318000375466
4716,39.84286931676045
4717,6.933799955528743
4718,6.212447451108285
4719,171.70446345986795
4720,176.14203881294708
4721,6.127896526477994
4722,3.6538281130446406
4723,7.035521372569313
4724,74.9227684023712
4725,207.87541061411417
4726,2.895579730569922
4727,301.4444539462242
4728,235.58971737319604
4729,3.922420020604367
4730,171.12361624479237
4731,107.56598241284378
4732,-31.415813615005995
4733,4.948963427915285
4734,6.229394658250623
4735,5.762245079041333
4736,3.508562710510458
4737,65.05300468677535
4738,-7.390309777175391
4739,134.9126125642906
4740,323.1005858018404
4741,4.692106779079417
4742,84.91667371503506
4743,6.064871805316285
4744,245.18217744927284
4745,50.86561797135963
4746,4.3043199278782005
4747,3.2792813676413965
4748,3.115144611363225
4749,6.0156846617159605
4750,5.888968816753705
4751,4.153987613732547
4752,103.36900807916109
4753,143.29973186643096
4754,160.6586380147084
4755,4.095470858136631
4756,2.0906220369250477
4757,3.257810753743789
4758,70.81947503087379
4759,75.46335109027699
4760,4.7168331595529835
4761,2.909886712770103
4762,186.63944703996742
4763,222.7973218329527
4764,2.438092916049861
4765,335.68090679517434
4766,44.39364329727896
4767,45.396068442052055
4768,7.360020731957292
4769,-35.05379327259163
4770,47.37440966031368
4771,35.60521416583062
4772,3.991896887170982
4773,4.109182747859561
4774,162.96662211985972
4775,2.208342285087657
4776,2.7926190484811024
4777,173.41225657077237
4778,5.152442718320064
4779,23.963196009968044
4780,1.3975926181943432
4781,53.99377693377532
4782,4.3262592425920365
4783,4.208523513941153
4784,2.686594883971082
4785,62.335522898688964
4786,73.9107085679372
4787,5.476718760126901
4788,3.886521244336495
4789,3.2931171594561364
4790,134.07662643957212
4791,184.24244352409278
4792,4.437638973096202
4793,162.18343902143997
4794,67.52833977641176
4795,226.84125645754676
4796,3.339929090689256
4797,164.08237285360119
4798,5.923174844969559
4799,3.8297574987132714
4800,338.16208618228643
4801,3.843535924820677
4802,5.121189942177508
4803,255.21071994572586
4804,2.0918341222160044
4805,237.71948630948663
4806,5.027101504853106
4807,2.825627555759887
4808,64.84517260518994
4809,101.40944256434858
4810,1.6208021012608218
4811,2.366982044711739
4812,5.166705143681265
4813,320.34776786645074
4814,233.3665393053518
4815,2.724369051147046
4816,2.841374159642338
4817,6.17295611689246
4818,1.6761871445921408
4819,75.16874557700146
4820,2.34587443651704
4821,203.9182263227459
4822,111.89943844151699
4823,5.050832065859425
4824,3.1024279623217565
4825,253.78196709754653
4826,4.800459145619381
4827,6.199844811683202
4828,226.74236492517016
4829,109.90499151568369
4830,83.11699428622089
4831,198.7426096875154
4832,6.9380882418425935
4833,3.6829971839675015
4834,117.56845430712141
4835,4.172728667470124
4836,6.614771743461094
4837,193.7933839909001
4838,46.66047565606285
4839,297.0430444383473
4840,2.9250718563324485
4841,162.9738100492743
4842,47.44627389216815
4843,2.3776963987344906
4844,4.600359947232841
4845,4.680767841368684
4846,6.790182658856446
4847,3.387873599660661
4848,2.2298913717848405
4849,4.419551640619257
4850,6.752219210920897
4851,6.5266699442973515
4852,89.78290780737048
4853,314.6126962899841
4854,3.114774749297341
4855,3.2042495200404977
4856,166.92975336406658
4857,239.22302347893273
4858,298.93738905951193
4859,141.1536315309221
4860,263.9205295406495
4861,-83.2601122262576
4862,107.80777027811753
4863,6.762514518681943
4864,6.0021344623746415
4865,1.9013092093652706
4866,0.9962140992525098
4867,2.8176529833620605
4868,57.89896866911513
4869,0.7341904172275417
4870,110.6243454718576
4871,7.0892497079810886
4872,2.367311591179687
4873,301.142599273535
4874,-8.571092242191552
4875,3.1561449188411825
4876,220.1110316451017
4877,6.709241197330894
4878,85.2816081981736
4879,68.12702245995938
4880,6.2006207364931765
4881,5.953082890472607
4882,49.50134213765492
4883,1.8306712859330712
4884,125.52596116314359
4885,-52.788892656425574
4886,252.3552426191486
4887,5.229116533031729
4888,309.7978805363342
4889,20.795555019141087
4890,206.42764726830902
4891,187.96646210886502
4892,2.0269089058491647
4893,5.596717962154764
4894,111.70463963987618
4895,6.608667703551054
4896,5.696759294692212
4897,6.068942162237149
4898,4.3822022643658896
4899,227.72578182191964
4900,2.2895730306472175
4901,281.11045021190483
4902,4.474324539338857
4903,141.33413677333002
4904,386.70092385929803
4905,109.67119945504666
4906,145.47595746289838
4907,189.612841046292
4908,5.094962348593617
4909,187.4544498096916
4910,156.07884848240786
4911,97.21759266025825
4912,5.145425415463022
4913,180.35182466899343
4914,185.64814360036016
4915,3.6499548526450054
4916,4.642145282569279
4917,6.457642976965386
4918,2.391444685426405
4919,13.936122451985995
4920,2.055642267773809
4921,-5.801376294303247
4922,219.37572353015247
4923,228.65841893212283
4924,5.271548208260169
4925,2.556425101076317
4926,1.3069244992233853
4927,5.831692325088024
4928,2.7306643279068554
4929,74.38191669770113
4930,106.51517230226584
4931,-22.689977390222882
4932,5.830751114055497
4933,260.3523523057706
4934,-65.66190320167995
4935,53.56476268416524
4936,256.31322832150397
4937,43.35083593153013
4938,104.34948287366781
4939,52.74395812431011
4940,3.6381665560163143
