id,target
1,4.246458010933349
2,2.521998806631127
3,310.21019452766194
4,-39.99601000303762
5,4.181814758880261
6,6.60777397126612
7,4.637232954505329
8,77.02490553000683
9,73.48751656971379
10,58.63095926571624
11,31.404599181656142
12,1.684134655466594
13,263.8444805144444
14,211.3504226514637
15,3.635901990996483
16,258.22765917801354
17,3.333980364636207
18,101.91236603877755
19,3.32097203581934
20,6.7937279281655085
21,-61.19943512704111
22,57.335766229976194
23,4.483152229102786
24,2.617690270857723
25,28.202764771745528
26,75.79285094973254
27,1.23726022899017
28,167.40340540525239
29,50.300470749951195
30,3.3981124268684018
31,6.424462053284902
32,28.984394295435834
33,49.677651428172624
34,4.2602097613096355
35,2.3347125878844297
36,6.214207860138013
37,259.0040047458874
38,238.9586074176528
39,57.40837706206583
40,134.9779799370865
41,-50.16129768824455
42,2.841206346320864
43,5.718948479839446
44,4.49491755598835
45,140.15062404061092
46,52.27204395998091
47,3.2489180244948055
48,-76.55820558062555
49,4.6497119192063
50,1.8678214979927859
51,248.0103642103678
52,3.1052772418191728
53,2.287754996633116
54,88.00452198745151
55,2.962331174616383
56,4.514834864623928
57,5.65175558733281
58,170.1458242433305
59,244.5739384186101
60,6.949428322690535
61,2.375313874046962
62,218.44316574734978
63,6.57931543205668
64,2.469438317792118
65,2.1047342491457433
66,4.579476930917196
67,4.919777190072095
68,195.96256752439265
69,104.87097524265357
70,2.22281986610777
71,2.5709360099966605
72,2.1439112235654036
73,26.99137189742724
74,250.85888748544636
75,191.76988141174888
76,6.328048662477348
77,5.761082646193282
78,120.23392604594707
79,288.1929416173152
80,3.7958723453901775
81,48.2210437497142
82,4.4654037030831955
83,157.6266370767609
84,53.947827566753574
85,-7.360400175334757
86,2.310773950702762
87,61.85043011107514
88,169.45213888177244
89,6.155049460703925
90,4.9865011556614185
91,52.00960432483424
92,3.653351502643234
93,41.26785764240918
94,4.6698970811842555
95,3.987631115179582
96,3.1029184861130017
97,7.319569348959218
98,210.30817407739937
99,79.36759896284798
100,268.7253565621539
101,4.317832270835357
102,258.0547927986325
103,4.081861258589467
104,6.592086278045056
105,158.9097607559781
106,-28.642045318797443
107,289.1659715141989
108,2.8441594936018664
109,192.11317895383542
110,3.4345298865285825
111,58.050748468653595
112,2.1244920442389077
113,216.47805437448653
114,6.551113080374809
115,4.809952359747707
116,380.3534379438563
117,195.83508602537634
118,195.11691396544495
119,241.8458169881759
120,327.9247049806014
121,169.27807349768108
122,3.511261935994701
123,140.5242190711642
124,259.06535671724663
125,109.15439595375263
126,6.399426513172835
127,127.8391384140278
128,3.774072046333672
129,259.2631089243594
130,83.89087056032187
131,60.03568665268895
132,-2.843196874960523
133,-52.12029166237726
134,321.46840581356435
135,6.213395412644267
136,2.2941128868723237
137,120.15477690426128
138,5.78225153914909
139,208.23681433832434
140,304.83570298243785
141,47.37319352138555
142,7.8326945986703125
143,43.15448455987767
144,24.64583357908118
145,6.650705274978008
146,197.08691976669314
147,227.02940665899632
148,2.160179538173926
149,164.57655846645946
150,68.30168203055989
151,288.6746930793429
152,255.63854582527551
153,174.63828797249948
154,35.07910395412034
155,4.418561045297115
156,205.40164070353438
157,126.5072283072746
158,112.35443424383107
159,132.3467884259681
160,6.582993077301962
161,34.83976039329352
162,4.59895557821424
163,272.14312583625093
164,3.0359647378476695
165,128.72472530866446
166,208.73190038769178
167,335.23461449938225
168,6.950772010126899
169,1.7702698837270967
170,237.26723073124975
171,2.867982946175456
172,4.401832336120923
173,-53.5101873399485
174,3.842976213259896
175,5.524176087475707
176,147.18333395752785
177,72.38768616365707
178,310.6439442009362
179,130.44026358585361
180,221.26652055062016
181,6.481295798877058
182,2.0351656049931344
183,305.3895357723816
184,6.548676238517311
185,1.660302692360828
186,3.1189338794955406
187,2.8651083143827387
188,3.914763602120041
189,78.65164125002269
190,4.220942261915428
191,2.0351413288863505
192,39.54310874312699
193,3.3024094825326142
194,334.31189434425806
195,99.31263246170604
196,262.50681398576677
197,109.44927682961986
198,217.2340725038336
199,52.15129506661599
200,1.9432333520793146
201,3.4235604187605224
202,78.94558067068976
203,51.24259450532951
204,4.341335739014608
205,275.98687549417593
206,61.41584341010937
207,223.41597525952827
208,136.35897692746033
209,59.2615904874982
210,169.19685233631952
211,57.57506037387418
212,111.23074220826928
213,277.4918641436743
214,61.08775577876929
215,13.068640951901898
216,192.85479412003394
217,72.06191566115712
218,158.89024094920396
219,205.56233924645124
220,6.132728728833305
221,233.46912192260947
222,192.83454133800217
223,2.921587447150456
224,164.56372108302622
225,269.699304146763
226,201.60468642562896
227,51.03693662736245
228,272.6508206184179
229,249.89555465268933
230,1.4781671601344806
231,218.1212557422157
232,51.29604459295528
233,57.07736752061316
234,242.80865170310017
235,123.2896277863046
236,2.1707312840530353
237,6.116657503099442
238,45.96284475864324
239,6.370266600462536
240,184.00468022293836
241,299.2870114932062
242,227.42250244377263
243,4.2140501274702205
244,3.897809461917489
245,49.18832368209836
246,134.37748142931486
247,129.7699618817761
248,6.346946933553313
249,5.932629530065668
250,70.9911322354103
251,62.36576018746293
252,180.84114927109462
253,7.695450745224331
254,181.48306738082994
255,-39.310417778577786
256,5.322739689250123
257,2.1021877264859734
258,69.70659492433388
259,253.663319055594
260,2.54422726664467
261,5.545292332468296
262,6.3312747431721474
263,-39.538374271195764
264,3.6954061821328015
265,3.7915757331158217
266,2.0220014585805135
267,3.4927001197673566
268,1.8481574257246578
269,201.73376908449444
270,3.050358217980321
271,122.6521906504845
272,107.12719568670286
273,4.596733562855478
274,4.253189641804713
275,325.9708619970689
276,177.38481018757528
277,202.9065499832308
278,-61.00969065473733
279,4.4839273778205495
280,184.60085570224882
281,5.1119341589628355
282,187.70843882924146
283,200.20339333804463
284,153.40254822736452
285,247.6912079302497
286,137.80324180864375
287,230.08209110695321
288,6.092042575888241
289,149.9540653404747
290,4.559704869600012
291,99.8694238736264
292,4.122819001293319
293,73.20661311728836
294,122.18347037187496
295,6.035915569624274
296,102.96497680150244
297,48.30516660382504
298,-40.232861913242445
299,203.58791808511754
300,5.779587387168499
301,4.383542964120991
302,5.2422380777658795
303,4.217622975748748
304,4.014908029217986
305,4.7388845190740945
306,250.9850378928465
307,3.8450852115754213
308,3.1623432859619145
309,133.94166681325984
310,2.256552961512112
311,2.350379801628704
312,3.749339716299743
313,149.3985927681151
314,3.9694321650180697
315,0.38998977227008536
316,1.1743163904515168
317,3.9622802772127392
318,3.8607985943451784
319,41.05869378575419
320,1.8441065302390882
321,6.361067918298942
322,3.304078372870079
323,1.8576778354136723
324,2.4905865569468855
325,4.404456826195547
326,5.02502339692982
327,45.826259935491144
328,4.381713674493406
329,75.89008158528975
330,52.91008572801028
331,59.34216014676356
332,5.555585859293041
333,2.878718281741004
334,6.695480912982182
335,156.3548257619508
336,3.6687000653726605
337,2.3591642066153518
338,147.27463694700947
339,43.28017348380861
340,304.0829301606133
341,162.1691619501461
342,54.61266709900251
343,3.6437430568222577
344,2.4888588259468505
345,130.6355027722607
346,2.7933014271659915
347,4.972257643882162
348,60.90655854048939
349,-42.56787486607119
350,117.38517736167233
351,253.54773991828463
352,30.02617400595408
353,1.3649017066756233
354,5.9271530555317495
355,309.2241940621647
356,233.5921455560425
357,3.1755267275998733
358,28.016607744929168
359,4.377042247646762
360,138.7215868982146
361,4.99282631681982
362,5.538491379721189
363,29.07253298159913
364,4.1711644057264134
365,5.579834387354283
366,69.3164637056284
367,4.8798829218306246
368,246.42105919094388
369,5.479467045920105
370,-22.035459383073423
371,259.08155433869223
372,44.82194817469292
373,149.39444830191314
374,-2.119848865420975
375,96.13313847054643
376,2.907666328823938
377,2.8959538058747
378,3.933290999797447
379,2.9365751760314067
380,0.6244814572803368
381,6.064292946646953
382,5.7630269084280705
383,144.6893746490187
384,1.780798058699046
385,3.863573144027588
386,271.3309569432199
387,2.4116317134852303
388,4.199415635115702
389,78.56849279704917
390,4.8115660525471755
391,167.45852454789457
392,6.539490955035905
393,3.8525624217912595
394,313.2925722923377
395,202.25468134197337
396,2.77497923026892
397,1.7567691385138327
398,6.266216252966438
399,207.00407216725776
400,239.64628790687627
401,1.6595899089618953
402,6.351738631959124
403,5.940724358737454
404,5.683028847865253
405,12.698600385470005
406,7.519101621211229
407,-62.78272999450735
408,4.32536652362178
409,3.4933160774630965
410,3.811919472315797
411,2.9222396713526866
412,-24.801357182408807
413,333.35954442773453
414,5.8191089561429585
415,36.39996513782447
416,3.286661243848785
417,6.660030138767977
418,5.854759382490617
419,5.522498365559235
420,4.569610081261883
421,175.46609505599207
422,160.66450804236496
423,128.91459539982623
424,158.823361958811
425,5.7876310166294065
426,255.59276590153812
427,3.299893340057943
428,224.67879794838507
429,2.5757575478875094
430,4.494449840549119
431,269.42571753229055
432,149.31694937286866
433,17.025838035277015
434,6.509736385502436
435,51.88977474623404
436,238.9359944529004
437,213.74475480290093
438,180.16184094034472
439,5.890951828670356
440,257.0746419089018
441,209.6661771428512
442,102.48795549974153
443,310.21163548738144
444,5.366096644759599
445,6.332220878289354
446,65.41064436567297
447,1.5740884628355887
448,6.315340982308598
449,310.085658131895
450,275.5663666689592
451,158.91167037209283
452,240.410926787154
453,1.874184882125004
454,3.837553761862222
455,140.8992697817676
456,2.948184908733758
457,4.845168086867949
458,274.5565707084139
459,70.42230903408822
460,25.683088615370647
461,106.40927296017905
462,6.290527160401474
463,206.92783558130373
464,4.919588851463567
465,160.11449453079518
466,71.71342849501102
467,2.247391043241681
468,5.841179220036789
469,48.61146413846825
470,39.00811050537126
471,1.824357897218714
472,1.8964297119246203
473,55.91375437467896
474,6.0825201753140465
475,118.28237736437555
476,6.151054238395383
477,1.82671886654385
478,4.421888159849354
479,207.21106790844254
480,5.009584782757999
481,5.864601550414244
482,231.67148141531288
483,1.7246926240252674
484,200.83404303600284
485,108.71913897014656
486,4.660121947009721
487,2.4447080632918543
488,200.50002777461384
489,2.6390096672753125
490,5.043566873873403
491,6.433011661827155
492,3.7588995162574026
493,3.48195801651318
494,237.48179240839045
495,5.875720456755383
496,175.14983943280538
497,5.693330199844606
498,5.825098168975471
499,5.895630643911133
500,13.901802589350472
501,3.305501026368654
502,319.01290937999045
503,114.63849491213537
504,-9.513842421723654
505,2.0508280463404467
506,6.505178616235184
507,335.18883342226695
508,80.79912394319264
509,268.28093166419455
510,4.312131697272313
511,100.42647748729239
512,207.3528741337443
513,198.84975081104224
514,342.61968601688193
515,256.53655840843953
516,229.9356013624397
517,292.6624082768998
518,7.193847320601391
519,28.090891763719107
520,317.1389571952877
521,1.7854920281740239
522,3.860448651996463
523,229.69738963020555
524,4.522922555597724
525,168.84706479227407
526,5.8057276126389255
527,4.810829533637496
528,4.488305358138027
529,6.321743618161918
530,248.24329355667044
531,93.8925677574506
532,3.935728644220712
533,72.6481219013757
534,4.137533249726726
535,6.915798125144191
536,6.019673193264667
537,1.5820171256785898
538,5.173405419014327
539,266.21710085460865
540,276.11046071918895
541,245.25603226402876
542,54.97806025589971
543,102.44816814669385
544,5.188188195605381
545,3.891674079874605
546,3.8120474554630848
547,2.0509051430858665
548,331.17899488511466
549,5.86699972929277
550,260.6259846495403
551,5.976073823060923
552,122.72982012179382
553,3.478261246041243
554,65.99662166313763
555,101.63584018261946
556,252.28459523662443
557,194.88027627127704
558,5.366245827526241
559,5.542533433452093
560,149.4545075468408
561,93.63803900446896
562,169.5217214517874
563,3.0908705084354695
564,19.044654363454853
565,160.2449006862554
566,2.450930843275029
567,50.3182774761011
568,108.70990858207463
569,303.1832264887486
570,4.154515055664488
571,203.82909592659962
572,3.1740727484962665
573,73.39856922151537
574,143.20111148474572
575,7.438604862704543
576,1.8310697724263325
577,2.672642016836395
578,181.11633747404727
579,0.685616687301073
580,287.0132870860326
581,58.38748267736629
582,90.4153516076662
583,5.506725971454088
584,3.145766415242929
585,153.2267039700451
586,4.737774048348637
587,218.8415675977572
588,3.124542513145022
589,190.33232525976024
590,303.85467812455454
591,143.5146950175088
592,6.9696078221032
593,250.17511476033656
594,292.4435421706128
595,37.557023784880144
596,5.287716849416972
597,110.75413860505247
598,2.5952508323464007
599,68.24177777602647
600,179.16020620477343
601,161.54156315012983
602,39.37507199993385
603,2.100368188167021
604,244.77220527480762
605,2.4307834723652837
606,2.8213347315927315
607,6.405664815864226
608,47.34370387978056
609,265.6743895608887
610,41.817858997021474
611,60.19532952690409
612,0.10670070138870014
613,19.008721994648738
614,47.98257120624915
615,1.8899073778906206
616,172.8107302207697
617,-49.26735959418021
618,227.11608603437395
619,4.646694683567854
620,5.80045768146441
621,179.49074072825658
622,107.09889268082821
623,182.2693704558863
624,192.41313784175742
625,2.4599888646883774
626,1.8271187196697773
627,65.47283402106842
628,4.403632152851362
629,226.29758195384574
630,4.328897754131966
631,2.289673153011443
632,205.21322776377372
633,156.32149165768408
634,234.73182174151057
635,2.37356320049947
636,112.20825283871923
637,107.12408408211473
638,6.608522908496314
639,49.44818210533008
640,118.47406527081935
641,7.048346517343694
642,3.040315302610276
643,290.02484509143983
644,3.95278129725259
645,88.63260127788254
646,83.22484393121385
647,186.82062599339176
648,269.52329706920614
649,384.9397649849484
650,339.2602761342937
651,114.45138846763331
652,57.52749069260472
653,3.244290063475496
654,189.91307419286235
655,-4.037052110467686
656,219.35708457271613
657,169.62343867300274
658,290.0796233860894
659,1.897543235070149
660,117.00142513899358
661,4.038070844180168
662,120.2074338039435
663,3.500296105709351
664,-42.634166088811554
665,102.51390504880445
666,150.53944609091099
667,230.92672013659683
668,349.6254236979247
669,183.57286199221508
670,193.8971823639451
671,116.73288783232925
672,84.02303095172796
673,3.9222106653879703
674,5.362710046279268
675,6.072793677629541
676,5.525484694996927
677,-14.546749711221299
678,175.7173517227543
679,4.930147542165646
680,2.9635316145143635
681,1.9449340570321436
682,81.7421398516509
683,5.725498193600035
684,165.05792188341826
685,220.240800132758
686,6.276073403673409
687,361.3329941498617
688,66.34149336952646
689,89.22189555964815
690,343.3539499609724
691,3.667231462697008
692,72.98805463437336
693,5.063602250561935
694,6.631772594391986
695,-14.368017384569855
696,300.5059475019135
697,1.0336176204034984
698,215.3571483795336
699,1.693446235909465
700,251.1195543434387
701,3.7264301707311187
702,5.090045263308089
703,63.90091089622756
704,79.67039701815563
705,180.44773022374068
706,212.15212197601448
707,181.26493605010683
708,80.0971005485068
709,94.82777985954748
710,220.7403111831
711,253.2796020150876
712,6.67958821983106
713,41.631907159168314
714,6.52849958098415
715,239.36221290001956
716,3.1332052257323233
717,77.04647107436381
718,349.36941296325506
719,198.1834869611684
720,4.774181493022352
721,134.04477367502722
722,2.334528316749732
723,6.423136344055268
724,2.7471400765859455
725,2.7281625975754116
726,112.64007271070102
727,246.07576077256437
728,56.166638107562406
729,50.424678313371764
730,18.818652303680338
731,286.1264431190306
732,4.632246218712105
733,6.455719815483761
734,18.913286603445822
735,259.10683093607855
736,50.16229632780198
737,40.145060743508935
738,125.5402837162456
739,334.64658143165764
740,138.5973830226408
741,28.96980115958464
742,282.4024392211836
743,147.29041518732808
744,1.6967055929430335
745,296.43041277770817
746,179.70430672071444
747,3.243754129322026
748,57.883520283250036
749,45.858783843741534
750,204.4505993630388
751,63.437150797247355
752,236.53527851514642
753,1.951767728835901
754,259.01642270440374
755,5.951304934782868
756,5.998880520061647
757,174.48700154283844
758,2.3856680512695974
759,84.52344675593017
760,7.939646806821665
761,212.76998903947066
762,5.147282678625114
763,2.0912750934906095
764,89.32467856194495
765,4.800839158398113
766,29.945672354181262
767,1.1401713081717004
768,4.972450518770353
769,5.839342359906695
770,2.0721562598958982
771,264.04583632504904
772,73.96773296053075
773,125.83270998211597
774,-20.58100052522637
775,49.373888514931735
776,4.308638329862095
777,243.36054444421669
778,-18.229906247475387
779,156.21860865593044
780,68.9455651774675
781,310.60260778609637
782,3.499184467916087
783,49.31213086991684
784,2.5819238384675747
785,50.76692896552652
786,124.02023192242945
787,5.4519058621563445
788,1.9010391435478144
789,180.70884581617656
790,61.18214322177237
791,-10.971483953164334
792,94.67527479836608
793,-60.761069949398106
794,319.5911291349694
795,-58.96734457938004
796,125.26080456792593
797,3.6021540651523503
798,56.177436890381756
799,3.390041999173179
800,5.9185500842515335
801,215.27341876116722
802,70.5666345394549
803,125.01238353868291
804,6.6421878565288806
805,2.0753535214569605
806,165.12137651463786
807,2.789335657377405
808,65.84461804371202
809,1.6081057652081556
810,53.422035064254295
811,259.1405735778374
812,129.87075112036933
813,283.9509540917056
814,5.7785838965820275
815,4.602074733316478
816,7.081629214900314
817,3.2524968548881836
818,1.4142894780456983
819,5.071610997728181
820,67.25888199737952
821,5.951393907465794
822,2.029188638042406
823,44.845306648537935
824,66.32125256987305
825,7.1597636648588265
826,71.28005750691952
827,4.016015849903165
828,6.004822049313957
829,49.880848439163785
830,155.2795462008434
831,114.12801194789846
832,6.174184514695771
833,262.653438944664
834,187.94194506838477
835,144.64694226265996
836,2.0157846109175543
837,86.56100721840517
838,142.87875326584387
839,6.147515744725023
840,205.03030187865136
841,140.68183309606897
842,54.698111477649064
843,2.4269252818972618
844,2.454376353347783
845,5.411790193688776
846,6.534744037792242
847,5.362123855077138
848,164.55584345958613
849,6.2243946188626715
850,87.5951650910574
851,13.764332318723978
852,35.547461310818036
853,94.88025499940298
854,67.60086780516485
855,7.385889626117606
856,230.1937375125786
857,75.11919305356459
858,80.92392036130298
859,230.97203619512922
860,2.103114651984348
861,3.4916156302393957
862,2.6801361536379305
863,112.08871703622961
864,250.57972912938834
865,260.9411988676291
866,196.3045299259045
867,5.426103655586784
868,115.92015721877578
869,158.2372876748347
870,117.27244214197812
871,160.20811278119578
872,159.8305285241413
873,3.001652114849186
874,86.76811175552754
875,6.1167494040859385
876,111.28498005208152
877,47.17044563013081
878,140.8129614472431
879,5.409087130898888
880,6.776675944933687
881,158.3254019052908
882,5.783229205951044
883,236.36951064393332
884,5.84679271411613
885,174.67792784853833
886,58.99208299066704
887,2.495168337178184
888,2.1080411680003164
889,292.3259033268097
890,4.106817759263939
891,2.758735686598682
892,61.1562989129845
893,5.037763233937062
894,1.11058714468366
895,3.7819302745817205
896,214.49285675143227
897,2.526999470306551
898,228.0461452257101
899,-54.18866157121851
900,243.2601985951155
901,3.856753808961213
902,215.63091485833655
903,5.153158536241504
904,124.71987734402171
905,1.9592426481146823
906,0.8931010022997756
907,207.45511905694053
908,35.44294479675139
909,85.32094678383638
910,2.26219480801553
911,6.602866991168405
912,269.16464336557317
913,204.66057924984446
914,279.61879341103156
915,111.82441885850206
916,104.24706983179911
917,-30.895061257654536
918,2.4706078697529135
919,2.91351680971306
920,387.9879359332915
921,107.87611113261627
922,193.33336892389826
923,2.4923667446706563
924,115.89708110193713
925,193.97247166438288
926,53.07359592625486
927,60.169974709394026
928,4.990446289314422
929,31.528151674049933
930,36.128510237955
931,220.42100181930465
932,184.33459677310583
933,5.325304311465896
934,2.1060776166409574
935,183.4032550369602
936,42.347476807965236
937,3.3829811310876874
938,4.623906205484419
939,86.15387630123112
940,1.5920631873781868
941,5.7879034728112595
942,4.822767914008697
943,129.1188434341626
944,4.547458619125992
945,2.0273480584230095
946,56.040866467280495
947,32.669518453846784
948,55.490388286915184
949,239.9729520319113
950,350.92616263782486
951,-6.561664261124113
952,-10.322189535653862
953,5.928215816619517
954,257.75770045022915
955,178.0094707646212
956,155.70766608749375
957,2.55119117189792
958,2.901061910252686
959,195.79761475635092
960,54.859325447634596
961,162.75888950912181
962,3.1954305269918906
963,6.205450394487506
964,4.9768068668165615
965,6.307470251750045
966,3.153991248673809
967,50.006918863121165
968,168.57816022658784
969,194.6995610407876
970,6.263548757882706
971,366.16169143086074
972,5.497531519795723
973,112.86598763898823
974,5.214382505400772
975,3.9357541255154356
976,5.170804271336228
977,197.6779952618104
978,299.62124169616396
979,1.9754125728969902
980,1.8877574137016055
981,14.986553703132856
982,50.63116538688927
983,300.3707140539543
984,316.60761486257394
985,261.58914610826713
986,111.12667480430986
987,3.021845420238666
988,248.44257317172992
989,360.0338053899397
990,63.09095815997706
991,4.168701212354669
992,319.2444270062299
993,174.65658043830268
994,3.5476783093458706
995,-8.600386735127083
996,8.085569423241251
997,2.058303001257865
998,35.32514455741642
999,67.68373214533909
1000,-20.27932761846924
1001,288.3990448379127
1002,147.49584378511565
1003,5.359056507523656
1004,1.2343071809653212
1005,1.8780513919094675
1006,3.905832672819626
1007,150.8730332697391
1008,2.0211766050918873
1009,6.1935101136389275
1010,-5.503101984271147
1011,258.4747673587416
1012,16.41071983914536
1013,209.5388857158813
1014,70.88792290518586
1015,238.22113948284021
1016,6.483443308266458
1017,4.952226016991574
1018,3.4311343031283075
1019,6.471150578966138
1020,4.534643303226117
1021,129.19722088253104
1022,100.98581335576739
1023,195.894027895315
1024,187.20884226725389
1025,5.258383760390532
1026,3.8143220753247644
1027,4.882620475144487
1028,80.50780344092313
1029,3.8446251074029334
1030,35.72363051515002
1031,269.2221674543203
1032,2.955902382719924
1033,2.4022568869957484
1034,251.41295883128475
1035,1.2934129661278173
1036,245.33497665663117
1037,6.882951044455984
1038,55.53611526928728
1039,3.623102339389176
1040,-36.3875107136416
1041,3.2846155822541365
1042,3.323759113265034
1043,3.3735376867486035
1044,344.6050506904206
1045,141.72362496011652
1046,34.95392238393798
1047,219.19407631485407
1048,1.830551219508226
1049,2.6696972729710953
1050,6.294984592905648
1051,69.4820917045965
1052,176.44782603796637
1053,249.76659320374836
1054,6.352441931926158
1055,46.28399224202208
1056,32.26308176500403
1057,4.421044646894322
1058,2.9363864629182572
1059,2.9739270747450166
1060,97.06588196543709
1061,3.677142129583441
1062,5.860581254352817
1063,295.1184364656582
1064,277.10139236703486
1065,86.83295410259109
1066,276.71258926591236
1067,263.0022941822674
1068,6.249440016543604
1069,4.546480446318832
1070,318.21305338084375
1071,165.77677860864443
1072,5.29096220967113
1073,3.0430161204747614
1074,6.252366600098357
1075,4.677317745392969
1076,290.11415877388225
1077,6.412944382567959
1078,174.70072146775163
1079,2.7659752201832277
1080,2.6929596523903685
1081,5.881938637922648
1082,4.513788318693425
1083,3.416201135142417
1084,6.449123750742242
1085,106.31925316593714
1086,165.2374284290318
1087,65.66764287194164
1088,269.5874940704223
1089,8.616187874414825
1090,143.65631461732067
1091,253.4109898980136
1092,5.46241110602927
1093,4.259049203180149
1094,6.493533291022441
1095,3.059583027675157
1096,2.3926384605964186
1097,4.663600734136386
1098,73.94521265948899
1099,112.90834419059378
1100,5.378305129147602
1101,4.67268504156257
1102,6.236253343700119
1103,262.57860133982035
1104,4.665669863456573
1105,124.04908381818615
1106,5.521333011437905
1107,6.199992692196766
1108,10.326234428378065
1109,107.93003094898356
1110,64.58568276125087
1111,3.395744939969882
1112,212.65794181447
1113,2.7333254522372137
1114,177.36828334214192
1115,4.575506805594868
1116,5.535695206890732
1117,273.57072522479564
1118,284.3719367596631
1119,5.198433013578546
1120,54.62729483368919
1121,-4.221814290651363
1122,246.58686378557206
1123,3.614932202594084
1124,191.54943989719925
1125,2.68130169701061
1126,62.068403142718694
1127,6.052324957803574
1128,-47.68537723896772
1129,153.0890929878388
1130,6.248031711509658
1131,36.96460624882663
1132,4.510759406957489
1133,-64.87259548433121
1134,180.18054380589382
1135,203.4328819163996
1136,-54.94697943329699
1137,4.042793456546912
1138,55.43410565268124
1139,88.80108001685976
1140,119.08406897410035
1141,215.83332838024924
1142,148.3159929205383
1143,28.78296627910707
1144,-43.23334075137235
1145,116.85318529853141
1146,56.173174149348306
1147,4.483334430225803
1148,93.39488595552689
1149,37.506446738979484
1150,4.373885226836641
1151,1.2818281486146355
1152,3.6740019252839016
1153,4.4258236422375905
1154,36.963322022653514
1155,171.75846520186298
1156,6.5886987942574695
1157,74.24110987485528
1158,199.82248475895491
1159,90.55767975141255
1160,77.2418441166287
1161,1.713611263048179
1162,5.684510236731142
1163,5.520891382700635
1164,4.878217274951453
1165,203.23880709020142
1166,43.76501001589091
1167,-30.692431231494915
1168,5.1759825237108075
1169,180.181998392723
1170,4.942856647995585
1171,4.281374143205811
1172,-17.14658664121494
1173,3.8439510695407213
1174,204.731084467657
1175,-54.03522229119702
1176,247.02655679195186
1177,2.2455349884467
1178,152.7732027974044
1179,2.7097054699641476
1180,2.701314752962853
1181,2.005621037556929
1182,132.39516281238474
1183,7.188626926768764
1184,4.1345912639727445
1185,283.73225920915775
1186,140.58396254805632
1187,4.09604244911666
1188,2.6527293737264377
1189,132.69333624483897
1190,3.4444829716572154
1191,3.098024910098301
1192,4.928068200050548
1193,159.0913373308362
1194,5.542590058594228
1195,2.082564399174015
1196,262.72114700145113
1197,69.86449748174738
1198,2.904372682274335
1199,260.3090285163014
1200,52.30054962697787
1201,244.32638677123424
1202,85.17111415297882
1203,3.3722601780110217
1204,170.20410257205197
1205,1.8482451194232592
1206,162.10841120206976
1207,122.23470575900072
1208,228.31203078059752
1209,247.44251807753398
1210,200.47787796949368
1211,218.38401607119658
1212,6.002390820043004
1213,3.787404703609948
1214,199.9037612234287
1215,116.1738681398088
1216,234.06965303727173
1217,186.33231906663855
1218,-30.982460401012943
1219,6.063431462344499
1220,5.727238027742031
1221,249.2235389439951
1222,6.116282975245769
1223,2.398009226315984
1224,2.7750302794039916
1225,133.16520132576116
1226,1.3788179919839354
1227,4.758218132659214
1228,2.3203846635494254
1229,39.607206301058355
1230,125.87079782994935
1231,229.79757840401152
1232,1.8097628080039927
1233,-35.127848577201306
1234,2.9743755674461054
1235,16.621576823047935
1236,259.7806951846548
1237,4.2132284863125875
1238,2.391116944439993
1239,1.0982775212042217
1240,39.47362581235692
1241,2.0744301192141963
1242,4.412059396610985
1243,5.246475707515071
1244,177.85106878236348
1245,4.016400801196107
1246,256.978130937002
1247,5.432717926542148
1248,107.56978266346218
1249,153.68010812115156
1250,7.1857798300434705
1251,41.25246285488271
1252,5.7003968802920495
1253,4.128387860764503
1254,4.507756149940736
1255,34.871925688006584
1256,72.0428018703162
1257,122.36140898494077
1258,263.7615215827875
1259,49.21349004979008
1260,259.9183852962666
1261,5.796412378763176
1262,5.563978995132604
1263,185.47053236913308
1264,1.8985778915824492
1265,25.18272525450647
1266,133.00134970967974
1267,2.464543745491822
1268,6.404092060081596
1269,259.87571782565135
1270,-53.51320315466847
1271,235.8388975701186
1272,52.947882531510714
1273,30.160571528509923
1274,253.24611359267584
1275,172.15267061516596
1276,40.30514975207268
1277,4.103605416166683
1278,1.6339477174687649
1279,4.093265065467611
1280,-59.49828381601259
1281,3.442544942515786
1282,67.13860404568534
1283,166.10737783944367
1284,2.941669794016247
1285,-55.666494552888395
1286,2.510363825020042
1287,46.54954617270968
1288,121.28394011277814
1289,4.235669911331938
1290,227.05813617666803
1291,3.3596436874147466
1292,49.50601156627203
1293,108.2095881952966
1294,254.99364768671023
1295,183.81827114007808
1296,6.021258145975477
1297,64.12955028815468
1298,1.7319708779773246
1299,5.244275890855754
1300,174.31301762109865
1301,219.30584181062244
1302,191.5924900033673
1303,6.38327848245569
1304,3.5278056221026763
1305,5.188252990997729
1306,58.16404183752236
1307,157.98054187087368
1308,1.88372561115985
1309,5.068229741402963
1310,344.7037285731033
1311,2.8591634747739367
1312,6.937523544577722
1313,29.62135086437526
1314,157.7750429251371
1315,180.00993739178506
1316,262.654689620815
1317,70.0191630267957
1318,2.0494136737389175
1319,210.97898273686292
1320,237.23090706503942
1321,5.617277555115929
1322,52.86065053575598
1323,262.7413241364907
1324,236.58633306997564
1325,51.36439244808998
1326,59.74442305936648
1327,231.0562204519909
1328,3.2835490667550475
1329,6.04581655434165
1330,128.54274051159223
1331,-33.15012509503648
1332,311.65045333692035
1333,1.370181060343207
1334,336.6748957300393
1335,1.844269605797026
1336,101.27562276237995
1337,35.60111131736805
1338,246.07223746122332
1339,6.724813190073784
1340,207.80591581601573
1341,237.41864580076822
1342,189.96723034951333
1343,48.11664537471644
1344,122.8335506208735
1345,3.019404753525567
1346,51.08400079698223
1347,89.88538743080642
1348,2.7747495915079265
1349,192.7269674584491
1350,44.622664774274035
1351,230.70128263165958
1352,2.543682155522759
1353,22.732381989387342
1354,4.754825854006073
1355,6.04718380939255
1356,3.512594021415566
1357,6.577571481432731
1358,6.662354909159325
1359,1.6485027814355118
1360,301.1975774121288
1361,4.231060146997342
1362,6.514449898484396
1363,71.80003586248506
1364,3.326278459479929
1365,5.874865529533727
1366,6.5225233080850575
1367,5.917340894181464
1368,13.621238381195713
1369,176.12951326323602
1370,292.23292451049076
1371,210.77190110457283
1372,22.309014188474748
1373,3.392963176267837
1374,194.69965933061633
1375,207.79318359948599
1376,5.216398404685817
1377,4.901363840544104
1378,112.64873168572115
1379,99.85349204584145
1380,114.18991449782911
1381,245.25256354960487
1382,96.17045633685757
1383,59.52854521506981
1384,-9.038539704838415
1385,151.72124809404568
1386,2.3256509926701465
1387,75.4571284053601
1388,1.6286365068264352
1389,221.58940615187976
1390,161.89118918475765
1391,98.99680839812356
1392,46.81450409706666
1393,263.2525812854742
1394,-17.223335096725226
1395,44.8793498849321
1396,160.12399078044558
1397,5.602834714181482
1398,191.6799740325022
1399,1.5480539997056044
1400,68.19224787027372
1401,332.43376709487234
1402,60.83336456763099
1403,297.9848084966893
1404,97.59621058598694
1405,115.0338002080668
1406,1.9560581726344974
1407,122.5782965676508
1408,7.945187264390282
1409,3.578189035046666
1410,243.697523594698
1411,255.596134084507
1412,-37.87140186218693
1413,126.46369639696886
1414,252.33256074226074
1415,2.123316587628703
1416,2.593704030837689
1417,4.5596839728391325
1418,317.34137663620413
1419,146.3504085446833
1420,4.4643328225601016
1421,39.76054909801976
1422,6.735281233756337
1423,3.0098314479241823
1424,5.491805936489728
1425,2.203253907406932
1426,-20.807004631194477
1427,3.789180784214591
1428,4.640292183962214
1429,3.1987492837227722
1430,4.1514775246521625
1431,6.468895233433586
1432,194.4687437651586
1433,2.943021397073351
1434,6.429088577805744
1435,4.604506410826328
1436,-53.179071952534315
1437,184.3160249579779
1438,137.65004750680401
1439,6.3034732605775945
1440,2.5780391245065344
1441,128.0674662301676
1442,189.88239224490871
1443,48.16814215120487
1444,5.97870786853824
1445,54.929796987440646
1446,274.1425797884249
1447,243.15197305081807
1448,9.277078956029111
1449,5.89456191216572
1450,280.4105910313411
1451,132.02444633739555
1452,5.344451521007875
1453,5.748291054546746
1454,168.52783711567503
1455,64.83288858821508
1456,-3.071222609425086
1457,7.9346653890829675
1458,4.762273185754934
1459,292.34577594235856
1460,339.9995728569954
1461,171.32420084741966
1462,10.556840516972745
1463,75.45633433880742
1464,5.836027942486881
1465,3.0438971965016095
1466,234.55207168228807
1467,5.842912377463577
1468,5.362728523306333
1469,35.58356791488253
1470,3.7789764487065507
1471,35.395541728130155
1472,6.754899870570769
1473,2.091006847324693
1474,239.45375592281988
1475,97.91471264241575
1476,6.588888788480247
1477,2.761485772261206
1478,122.93221850995008
1479,5.047386647980469
1480,106.23765200854525
1481,5.7748985594984905
1482,173.42320852795402
1483,5.9720688656093674
1484,246.7676978237876
1485,178.24403849424542
1486,7.086716455212042
1487,3.686906137969909
1488,90.39280101723732
1489,-21.535990465042353
1490,84.34776619492634
1491,3.790093369288935
1492,2.049884171168224
1493,7.519629573962347
1494,5.5796904496571305
1495,26.390818466708367
1496,7.512796551639478
1497,65.75857347768252
1498,5.958924318080328
1499,86.51139580630891
1500,6.613475029741389
1501,5.896536046581419
1502,105.98694894889377
1503,5.757578095026331
1504,2.0952198575332233
1505,4.916093901036049
1506,174.68646488776113
1507,37.80652276048249
1508,99.09351796303353
1509,60.15849697142994
1510,3.1408619266199134
1511,-7.703903387161797
1512,63.38410674751145
1513,4.805248505288035
1514,238.37726401698183
1515,39.4336580991603
1516,2.7797029894654446
1517,338.5784351300317
1518,4.299180157781224
1519,256.0705949070817
1520,5.072792938124598
1521,26.22048114018058
1522,5.168118134466665
1523,2.762773809696606
1524,116.85409765338653
1525,-30.50402617718089
1526,2.6122015028739973
1527,6.064787326071294
1528,2.969554804196613
1529,212.84973696620278
1530,274.4854382522916
1531,3.6079676334791966
1532,5.873374575417262
1533,3.423440953736864
1534,-0.8985177161080817
1535,75.63650060681954
1536,5.772425673847685
1537,2.5722911270343944
1538,286.95445324815444
1539,150.67748461305035
1540,2.1610609189649064
1541,119.96086857692387
1542,3.2741388626589214
1543,25.464883479119138
1544,7.953934925724077
1545,3.5893781037580537
1546,4.83045984101869
1547,-39.30516761126164
1548,209.65464045576368
1549,45.35862482921131
1550,3.714412443438097
1551,2.2974198829461034
1552,241.4219154707966
1553,5.996845104791577
1554,273.9115504462116
1555,142.8369806482293
1556,3.8925149791807514
1557,11.107764770848146
1558,3.6967549543345606
1559,238.8922968198052
1560,211.43052059526732
1561,189.0527435464854
1562,239.16564812144557
1563,99.43502253160237
1564,3.2783342910387763
1565,85.99263618743781
1566,3.852341059200941
1567,30.852994308530832
1568,111.75801499985516
1569,17.47561282079768
1570,292.1504877989868
1571,2.6096875234439176
1572,79.38493236869277
1573,2.2520215151062333
1574,4.572999587760956
1575,5.612250688127295
1576,3.7163140032141957
1577,5.538567744484945
1578,99.08586979696923
1579,5.028021634079419
1580,178.70880964171693
1581,255.82999589665562
1582,6.784374937659579
1583,277.0198572146844
1584,307.04547076147253
1585,6.141555979039321
1586,4.992273785894013
1587,52.414239767546135
1588,303.4905252940973
1589,7.273540935188083
1590,6.073123271810541
1591,148.1005259009275
1592,7.095653925215198
1593,128.1692655889274
1594,140.34355605379716
1595,123.71073992901137
1596,5.700386723176068
1597,54.433307217500754
1598,6.717507643935766
1599,4.323388051155127
1600,4.332476951994227
1601,2.7873743200318057
1602,5.780625652807832
1603,290.93367003588804
1604,55.74524003815078
1605,137.62831320493984
1606,267.472415892919
1607,-4.6589725664479555
1608,3.366592675248969
1609,7.022590965500868
1610,3.8062034714828696
1611,216.07082368242783
1612,72.94151180922552
1613,2.263676180275235
1614,276.9149011177802
1615,5.523648841087797
1616,3.987106008207095
1617,183.77116403148045
1618,227.62956866700313
1619,24.326524032229134
1620,66.06227367268798
1621,2.494294721847844
1622,2.554445159779543
1623,2.824598294893053
1624,249.2453295335123
1625,58.86279428062086
1626,1.6193845616938263
1627,45.039663158212946
1628,3.9122180067129007
1629,215.90068513569315
1630,145.52316920574805
1631,2.624052314082334
1632,301.67567319963325
1633,5.332910099763588
1634,10.555196869616505
1635,3.5810471864604345
1636,4.9817665554835795
1637,6.608453937886219
1638,212.13465762643426
1639,49.14144147735334
1640,4.815948048634453
1641,319.4808241233003
1642,144.5149558903801
1643,195.81898162614385
1644,127.007981389602
1645,178.5363396350232
1646,6.03044259677875
1647,6.6661216661719855
1648,21.850735410149632
1649,4.384753406203598
1650,91.7104082685716
1651,6.537214956060662
1652,6.669286267027875
1653,223.23148705260525
1654,6.451983125639344
1655,314.01984783642735
1656,57.95067256237989
1657,1.2748964665398697
1658,293.3167672096895
1659,2.157424491882103
1660,-33.54914985321887
1661,6.777461916449699
1662,179.0721145963791
1663,5.873122181759218
1664,123.77507804668348
1665,1.1261974586389643
1666,101.85981982530802
1667,-63.4726043263436
1668,247.6532240730866
1669,51.396059476048514
1670,1.9797608687810038
1671,2.295779680900421
1672,5.753789594632928
1673,4.164431896686205
1674,147.04457474615708
1675,2.1413383023562265
1676,-57.22697837259557
1677,33.948361372864426
1678,-25.104836117036914
1679,229.01038572325882
1680,100.48512079766766
1681,1.5600913249194173
1682,3.105279247732896
1683,80.87937813349848
1684,19.48854516847093
1685,6.66445566250805
1686,142.70100362156592
1687,6.920072681168389
1688,177.24520280354437
1689,274.12453439779915
1690,3.0399381612175236
1691,3.6304317996895925
1692,4.171539332882177
1693,2.662094309359206
1694,69.41105048657552
1695,253.44762264488827
1696,142.61835490072133
1697,1.7663407444958006
1698,220.28348604704877
1699,180.45189641802548
1700,124.19950789965296
1701,264.9445542806096
1702,-52.7878235667617
1703,5.558972526803865
1704,5.513208640287909
1705,3.337325032523243
1706,99.03864148969174
1707,5.276776389361787
1708,78.14923247206613
1709,126.3678861812171
1710,6.267674952783147
1711,65.8186277490518
1712,1.8812565440990385
1713,5.848689574647751
1714,-53.033459564425314
1715,5.038983083901381
1716,2.2917757536091012
1717,35.80397651818515
1718,123.05197590993009
1719,20.56812971259981
1720,6.248305078466975
1721,232.45977064146757
1722,3.621062164289274
1723,134.30907898602555
1724,128.30526734434065
1725,3.6016221191202464
1726,4.107116544774428
1727,257.0338917245321
1728,4.310781982019155
1729,3.613318076368361
1730,32.86094657093113
1731,221.7483248588232
1732,4.769976079620866
1733,368.68483401234107
1734,246.32889397262983
1735,176.59942645391868
1736,3.094924605589588
1737,300.6176266900739
1738,285.6786784641993
1739,251.7285401423159
1740,92.28541378896915
1741,66.21143870478764
1742,239.7808822850017
1743,5.2931597580206144
1744,114.7106106831437
1745,31.82118454692226
1746,3.5436941811386786
1747,7.063626930758513
1748,210.24119941980575
1749,3.5945620160176586
1750,86.68266616863669
1751,14.421047898811405
1752,7.007116671773352
1753,6.001425429729807
1754,271.0742523004478
1755,227.72499623557198
1756,1.9090390995859126
1757,216.09987702667445
1758,326.4038423751822
1759,4.814045394076559
1760,317.3572306383501
1761,243.84454942879557
1762,18.74699830608104
1763,41.537884986270484
1764,2.625393189602813
1765,4.672479384443764
1766,224.16368291018554
1767,178.9681078370126
1768,5.615873791964025
1769,48.860989857527876
1770,75.96078203451313
1771,2.458335083100578
1772,219.02657246591664
1773,261.074098654771
1774,6.423071693614519
1775,292.3501467296318
1776,2.582705428371264
1777,19.05821288321624
1778,58.358282156347585
1779,-29.416912313255633
1780,121.95106683127037
1781,5.707361596492954
1782,203.5205538847238
1783,232.3551538865509
1784,4.026448997497875
1785,50.81726192467879
1786,2.873162707542326
1787,65.70549650409096
1788,5.2183616990913055
1789,2.7502213288866217
1790,26.92150208720487
1791,3.9970815894862635
1792,2.9199830705701437
1793,2.0653483906508594
1794,169.74200824535342
1795,181.6863391727333
1796,276.43120923457093
1797,138.72333973052667
1798,6.516863995413093
1799,219.7940754312153
1800,125.25084075451126
1801,4.756257506539702
1802,2.2317685510534684
1803,132.02482093159256
1804,3.962984472692053
1805,182.32389031768622
1806,5.586896912652765
1807,295.51448233498695
1808,170.26428571818116
1809,67.2673466557703
1810,4.50306914986952
1811,2.8531922338675955
1812,38.484387719070526
1813,3.415776746855517
1814,146.16829567016612
1815,240.47886494915798
1816,5.883583738695082
1817,109.41474279212315
1818,55.042793533439614
1819,239.87871207381613
1820,6.845850722247706
1821,3.1201267285549266
1822,266.617508651503
1823,0.3833458958995293
1824,68.65353412267407
1825,2.3559159002047076
1826,6.000745681591896
1827,4.677503407118578
1828,2.1079962440209705
1829,202.0511922905032
1830,231.04931270603458
1831,6.7710397702998275
1832,30.088741075360513
1833,3.213148733426146
1834,4.155069051808529
1835,112.6063380839069
1836,6.559994348165256
1837,6.1476180000410325
1838,5.884116915880775
1839,124.32328807908321
1840,9.770120111224998
1841,-77.32585792360749
1842,240.6992006303267
1843,169.2421801865186
1844,251.97601618724516
1845,141.25605054156551
1846,47.129022127852494
1847,278.19089067000743
1848,118.95677891799863
1849,3.861128007780998
1850,5.1335970249411575
1851,-68.85463814690065
1852,6.251457585991109
1853,81.38321858031424
1854,57.967673114367855
1855,5.26728028771817
1856,191.0231696685716
1857,2.50247138239276
1858,5.0395785685391274
1859,6.276196970124857
1860,5.80264791232361
1861,149.12023404142465
1862,6.247750851092193
1863,54.93563546275452
1864,69.82414093487307
1865,216.42787354740187
1866,119.42522078717107
1867,68.74181168340426
1868,268.08782428919267
1869,149.73054628433746
1870,3.549810460223265
1871,261.0813605905665
1872,31.733610929242992
1873,2.917453839517302
1874,24.761782611449718
1875,98.13792219587233
1876,3.639534004789662
1877,2.3051891341601918
1878,60.1776861015071
1879,56.4731658506823
1880,248.29905916802966
1881,5.945222171981852
1882,89.70520904873572
1883,6.279259093050348
1884,64.79471959296627
1885,289.5393376363799
1886,265.9363928482479
1887,3.409382561939672
1888,214.93238811591675
1889,240.70238460221591
1890,2.2760767649190057
1891,249.23901282052557
1892,215.07363256896292
1893,4.390737761084809
1894,2.0629582119357344
1895,-0.3440258219383303
1896,6.07556725137807
1897,60.97265250715566
1898,-53.54960286402094
1899,3.12803711083055
1900,5.919734655181733
1901,278.5181376098865
1902,228.7883194442344
1903,-55.2579900115571
1904,72.95319557303863
1905,70.10944561448554
1906,172.68584776505065
1907,6.7577924236054
1908,6.119191634771164
1909,119.59460266533415
1910,6.0361950892286025
1911,4.82811383495193
1912,3.981558348547221
1913,73.9707068049488
1914,-19.135718295982414
1915,7.1533172333328325
1916,1.2586987375341998
1917,2.862481720600363
1918,160.09677546899167
1919,4.8426434559456935
1920,4.68988514015882
1921,75.91737033932306
1922,3.2488895208293487
1923,6.245212131905277
1924,2.7167829841714175
1925,4.5672122260648145
1926,107.69013513826808
1927,132.1339047777296
1928,3.9002444242252965
1929,49.536821060597376
1930,2.937050966801629
1931,5.942868847516381
1932,4.830520484695044
1933,2.9293169343719034
1934,256.39142232211714
1935,6.438515893148012
1936,5.133374893006777
1937,33.63582088264391
1938,-28.565930813687785
1939,2.7024891271246307
1940,253.61660401317968
1941,3.1583312508657104
1942,252.77702526282428
1943,3.707208101635599
1944,234.62430206658007
1945,290.90481295264726
1946,5.940811551001827
1947,79.98399640878426
1948,5.836657256656738
1949,9.178418672240614
1950,27.70746807399979
1951,2.5072239222969195
1952,52.19005834606834
1953,398.0241096430291
1954,2.7533018475433844
1955,88.69711298700676
1956,2.0157224128125932
1957,123.55008868079412
1958,4.1260581112631725
1959,180.3494701978924
1960,49.75649676936034
1961,0.8259997303627007
1962,4.1309441736952
1963,2.8306959966206
1964,4.852165755887702
1965,92.8104603902814
1966,3.188625662574494
1967,5.131703104179181
1968,272.6579223245771
1969,52.67142814045341
1970,5.699200980225644
1971,1.9304557334204513
1972,97.46334204159139
1973,-24.823565384071948
1974,2.8450512370430596
1975,2.9528291812942973
1976,321.5530659462539
1977,1.6638284090888789
1978,213.37458210268375
1979,83.26671091108207
1980,272.2139442462294
1981,176.19532132784641
1982,114.92925096790765
1983,74.56382087937783
1984,8.503974087266243
1985,4.527131871865667
1986,3.9458729765303926
1987,6.196137274558688
1988,1.214442575870203
1989,5.56352181328369
1990,4.872799306500607
1991,24.309117977875204
1992,4.24416958992791
1993,36.162548306881384
1994,1.9025180013019876
1995,115.60562237798918
1996,3.7112025043367978
1997,2.523286839051461
1998,5.687012789493245
1999,306.7466430387352
2000,5.8723615853131
2001,285.090577696786
2002,-61.56009023913803
2003,6.732119542426794
2004,332.0951980367239
2005,64.80842344716982
2006,4.907036494328791
2007,48.063255647921864
2008,228.04951702517099
2009,147.54008162687992
2010,301.29296339342443
2011,6.127110929893297
2012,188.3017305582726
2013,-31.648276039104104
2014,281.57920554019177
2015,199.68412625648432
2016,36.31486823189155
2017,2.630788701144666
2018,99.5050434708833
2019,70.24371396623462
2020,6.73735063513841
2021,4.250834724357158
2022,183.19483067096337
2023,120.89361908796461
2024,2.776542364785335
2025,4.16319200813165
2026,80.44657439049779
2027,5.888781676143435
2028,6.31309227204787
2029,40.09303958747486
2030,309.8804143459648
2031,88.6069977906145
2032,285.5519346258876
2033,230.97449967609413
2034,2.633942170695737
2035,61.13929419768469
2036,183.73876729493207
2037,5.356574055600932
2038,3.1252037476900587
2039,2.8978567884758633
2040,132.44526673986618
2041,229.62834704576682
2042,4.236047269394628
2043,194.91537480448955
2044,2.519239898610037
2045,92.85198972919994
2046,281.3251810834957
2047,5.186087965492383
2048,-22.691466192885706
2049,2.0155765498658025
2050,349.36735592547393
2051,3.8418477393657566
2052,3.248204652566169
2053,245.75342791320702
2054,4.458938647662261
2055,3.8436873287331705
2056,-46.10265880936714
2057,188.61930527017137
2058,-20.148576922193
2059,4.98626851236785
2060,26.07706716791263
2061,2.273619875724784
2062,198.41197423438618
2063,3.5852060876016383
2064,3.63186953532691
2065,3.637617782628576
2066,1.9427354098181848
2067,6.2489165671143265
2068,3.158770198928551
2069,1.6989441082188688
2070,285.273649289314
2071,295.6690409813575
2072,4.493618465888437
2073,206.65547078828632
2074,377.6592051458183
2075,255.42445585471896
2076,3.6203034291431284
2077,2.884536199571637
2078,4.255357081343546
2079,4.2835956351217845
2080,2.65221668614783
2081,3.1665555674434898
2082,5.647651637719962
2083,36.2501934247217
2084,2.929039053530131
2085,5.138516014278318
2086,100.96813322252453
2087,95.82223520793053
2088,13.051662744996015
2089,82.42553179035474
2090,242.2258109184084
2091,176.69300826759738
2092,-93.718454320727
2093,4.86577327631049
2094,3.673741522994548
2095,106.4281013054371
2096,48.524655324689675
2097,119.41117178102905
2098,5.029379602777189
2099,-31.852637408286952
2100,18.96331386985348
2101,5.634858295194173
2102,6.647799001659955
2103,73.65017860239749
2104,58.27850246813843
2105,30.15551457411842
2106,315.6314597695834
2107,7.215873975171736
2108,6.923855408858804
2109,5.861997961064553
2110,236.44404716773738
2111,3.8371990267068696
2112,49.17583387577501
2113,84.85465550189409
2114,2.51714437928147
2115,49.266689565386045
2116,3.790562109022044
2117,3.4903849493890613
2118,3.4299077761063956
2119,111.4904572206143
2120,4.045255959639267
2121,197.04672955385792
2122,227.13180271071508
2123,2.98145192252765
2124,1.6427749469108144
2125,4.5601255784392905
2126,6.095074030775532
2127,64.0591819850449
2128,190.45431081144153
2129,1.8029900953804676
2130,2.306567684297855
2131,4.712897262113452
2132,6.089610148691038
2133,228.96115655526046
2134,40.49289284908028
2135,230.0138584931674
2136,37.05680002985932
2137,235.15719356912467
2138,3.225733628736731
2139,69.12929604311697
2140,45.46688500209123
2141,56.221817644613786
2142,5.513934841529517
2143,-13.79182955050449
2144,172.2568259030666
2145,38.972928566220745
2146,4.136489919146756
2147,4.426739558012582
2148,82.62279281795557
2149,-56.77353603123496
2150,-5.251584895487108
2151,56.92210171077603
2152,4.781599032715366
2153,3.376684698154264
2154,1.7796965928187207
2155,2.396535072266916
2156,5.923073087337351
2157,112.82109215081371
2158,3.8885698148475365
2159,328.58583413262863
2160,227.62559425604206
2161,318.82040978727866
2162,1.8801299766366029
2163,301.8893808600603
2164,6.427779994519034
2165,2.9281659521678924
2166,2.4640543176235523
2167,28.698183650926886
2168,313.23144362911216
2169,2.23748482822731
2170,2.4547965632583395
2171,135.02945366934327
2172,5.455979283995276
2173,269.92366093208193
2174,260.7372040622271
2175,1.6033493273358654
2176,4.916278913214771
2177,-48.12912019767663
2178,4.529382370155735
2179,75.69542711486511
2180,283.9993838785331
2181,2.3223496413506606
2182,179.28242949976016
2183,171.91230779242187
2184,5.943024137649225
2185,2.2884259046005715
2186,2.9680543228969256
2187,4.591003740796026
2188,239.87096164936247
2189,252.54308268760482
2190,66.86905619522469
2191,2.6077869446488084
2192,2.9738612767969648
2193,161.2413919417436
2194,3.3636691357729864
2195,4.834830364901464
2196,6.624801156784215
2197,1.9719446819117659
2198,4.412008639853068
2199,3.333920922263391
2200,1.7412370422846615
2201,4.350940748764126
2202,67.03514846866415
2203,2.4521172814889614
2204,1.9627134094997327
2205,117.32741488645883
2206,5.335788130790391
2207,173.38713801230654
2208,4.955025086892364
2209,27.499147993125035
2210,245.22011171197443
2211,1.7357225475868945
2212,4.588856093111568
2213,6.594857339374617
2214,119.50218844466178
2215,45.8666366614387
2216,70.98892204546178
2217,4.745070317984945
2218,44.534201795394324
2219,2.479697942217864
2220,5.4346224916182635
2221,3.2561974818733934
2222,-63.94037754931082
2223,208.94865421011755
2224,-39.69590043322208
2225,162.5669310094559
2226,-24.462217516016228
2227,64.42960214607356
2228,120.96556557317189
2229,176.7872109711767
2230,3.263113731747371
2231,5.454214957583296
2232,4.378564948173739
2233,256.3857313417251
2234,210.36466245964095
2235,237.42260858729628
2236,3.7377898660862243
2237,3.8284796869190654
2238,260.05539601703157
2239,94.4843750160031
2240,241.16549167223488
2241,2.8300438356057436
2242,228.18482769186159
2243,6.4590320044683445
2244,85.11764577355203
2245,233.34367125463763
2246,116.94893042442996
2247,241.42869058027475
2248,6.164831545863883
2249,290.3535415582784
2250,146.18548621353835
2251,5.129948877952201
2252,244.47236896289564
2253,6.103700895729418
2254,203.0032673602014
2255,-93.25537292904416
2256,45.24468089424061
2257,1.8176172620417659
2258,3.809892329911671
2259,74.98716378120423
2260,6.521113121075114
2261,88.69538580639954
2262,2.2660919881669157
2263,71.41081980716598
2264,-35.549598687988656
2265,51.69231280332693
2266,2.3945271037866407
2267,3.0548555106395354
2268,5.666623538477031
2269,4.203929179909857
2270,8.514690082552685
2271,186.50134589721833
2272,47.88899003911578
2273,3.4047928658402022
2274,6.09520408977106
2275,6.781362592386024
2276,4.781119265517146
2277,2.795806119153768
2278,1.321832352429532
2279,6.055281080306927
2280,2.757922377327325
2281,186.33908862176213
2282,2.118040961357302
2283,4.049210525599298
2284,239.7806467556988
2285,3.387098011355186
2286,-27.16786747199955
2287,5.34691669760877
2288,3.6459523705300168
2289,6.525914755426225
2290,-44.595766338988454
2291,44.424361654969154
2292,4.753924748797225
2293,1.961686497110375
2294,1.1037896516580576
2295,2.2589361332765696
2296,5.100812040922186
2297,139.21833832503532
2298,-39.09807250410748
2299,31.83090034497223
2300,3.7276519956280003
2301,5.657659989288241
2302,-94.54848480287359
2303,161.10069190579395
2304,5.268869340310546
2305,55.78475223880426
2306,286.48060452612197
2307,18.381606098328895
2308,56.378860758473785
2309,6.219055823302954
2310,173.17030323351364
2311,-47.05763259986233
2312,67.89257085678875
2313,4.430102164480726
2314,4.812610429093729
2315,197.80367574599336
2316,7.768114249926068
2317,3.6876112490877855
2318,236.04003353267763
2319,6.5236063599466725
2320,117.54125788316045
2321,3.080159674831484
2322,225.95933727194165
2323,169.97604024873766
2324,1.992800537917445
2325,30.598226150276663
2326,3.335235338247373
2327,100.13878758763389
2328,3.8258154652151655
2329,338.47289357617217
2330,176.07503453172302
2331,1.1830558046597328
2332,284.7114839900653
2333,-7.6435044169625375
2334,2.6544892931523956
2335,5.432997960166188
2336,47.665667465763875
2337,129.59583886365925
2338,181.0734401442959
2339,30.386367920147634
2340,43.28694392435373
2341,119.55191143729176
2342,2.4705997661469463
2343,6.22491019820303
2344,242.40777675226974
2345,5.7945939128242685
2346,80.92378687724158
2347,143.95302781258255
2348,1.825331333986988
2349,276.2022334348469
2350,46.35293016153241
2351,4.98499727800989
2352,4.969179495965076
2353,1.6136896308007846
2354,-30.565461090279488
2355,131.61516024885685
2356,3.786437498843334
2357,124.90562701679245
2358,6.398218305444709
2359,6.816465926418383
2360,4.574257712667489
2361,5.651689261156276
2362,240.8109356722527
2363,4.221088917137884
2364,218.6176467733536
2365,87.41446313779959
2366,55.67311078677619
2367,35.60097739299411
2368,-67.69455305293326
2369,4.449474204452111
2370,225.14201651615275
2371,37.09016124182219
2372,88.47391006984898
2373,1.967165389655774
2374,-58.39323353874588
2375,1.9139501370839151
2376,126.27819118785315
2377,101.66401523460277
2378,5.655660691517337
2379,6.587088253934535
2380,33.019664735521275
2381,142.15618992713894
2382,177.06392454396297
2383,51.139314702585494
2384,3.428945602487528
2385,259.3442304579577
2386,5.820065352260528
2387,11.345612104224776
2388,253.7131286390209
2389,74.02388840735681
2390,2.0149779391295874
2391,121.46289591614234
2392,22.011063156977222
2393,76.5151316503694
2394,131.3781931410818
2395,5.986543000759076
2396,2.737254241964944
2397,289.57850515280415
2398,279.58284158953865
2399,4.667642201582665
2400,196.9898859616489
2401,67.77748067071751
2402,214.314973140054
2403,6.283813938111033
2404,1.983687487170201
2405,5.068427348210545
2406,2.5858823900284316
2407,89.5666841728318
2408,256.37285035831667
2409,171.78184598862333
2410,4.081403107753053
2411,6.701551664347359
2412,307.6010041185772
2413,-4.279112616052607
2414,4.092375808446304
2415,64.13537523824074
2416,262.8372429722285
2417,25.950950191219118
2418,3.2390291113920773
2419,4.132513243547294
2420,1.7732401859164004
2421,9.718303874155938
2422,202.4947477155792
2423,2.496360429282823
2424,186.04248405180022
2425,6.253325379874082
2426,-16.921208602429648
2427,155.50693493167182
2428,8.42192452424654
2429,3.003422038083108
2430,5.971526052635839
2431,3.230061777720496
2432,314.5238096645917
2433,255.4096400154089
2434,4.65563151760216
2435,57.45751565838697
2436,240.9583713411688
2437,-63.76995286743168
2438,5.493171000978492
2439,7.267886931010742
2440,162.1000981427365
2441,6.421351716970143
2442,5.879974747600466
2443,4.210885788447865
2444,-65.76252277617321
2445,6.332372942459351
2446,5.678796834261684
2447,246.17846006143367
2448,6.880063772843689
2449,6.055498357310997
2450,8.690194364451795
2451,2.9737391873281203
2452,4.392957192983754
2453,40.71190516343276
2454,292.7513236645018
2455,126.03599157211164
2456,3.318362340334678
2457,245.75052749415772
2458,6.134007997059728
2459,2.1932302435472986
2460,5.920109181906972
2461,56.69527795171598
2462,54.57296232501584
2463,6.1907275664124
2464,-69.68507532985586
2465,22.334989963613843
2466,195.57468590724133
2467,148.25289461066643
2468,262.9942511103399
2469,254.45692856964862
2470,5.714793581654668
2471,129.32512154581931
2472,2.8004938868442966
2473,24.859945249001406
2474,198.39900073490355
2475,6.449432106077063
2476,108.28417500849568
2477,155.3244523289126
2478,139.82603136535522
2479,5.447078686071396
2480,38.952105081861475
2481,61.938944121529246
2482,2.413432288575074
2483,4.978496537946316
2484,129.02896037619564
2485,129.30498709403923
2486,6.729064230724825
2487,5.702969949211971
2488,-48.59610536357688
2489,173.60995022227752
2490,5.5700034092370325
2491,135.89396438935864
2492,40.57281864977111
2493,55.52388713543995
2494,5.945521348286986
2495,5.383976802315585
2496,125.7981031115423
2497,64.35998809266493
2498,2.046319132602342
2499,6.681477810639897
2500,1.891682123580973
2501,84.306767067625
2502,265.90864950206173
2503,114.02872542570975
2504,340.54054797337267
2505,3.4498997142475556
2506,4.742214024299084
2507,279.6651591614942
2508,201.1245084053666
2509,97.71201703756603
2510,6.571131539330729
2511,212.9097012622546
2512,82.07762632436342
2513,157.54879562035802
2514,227.4000415451615
2515,307.5009721178674
2516,1.9687599981778603
2517,2.392373421705687
2518,279.218654918208
2519,4.148554951281495
2520,78.03163653435766
2521,127.85255212727813
2522,1.802094281885968
2523,5.760832620575129
2524,5.0209254309905305
2525,288.02673483165216
2526,3.4067068395106332
2527,3.666826413376609
2528,235.49558786327609
2529,89.24232148057193
2530,235.90796308115216
2531,290.39609066290325
2532,54.33794339336485
2533,1.8181132114897887
2534,5.9562644379524405
2535,5.870213780509976
2536,3.689386820552147
2537,6.450465400780979
2538,5.9599434086733645
2539,177.84804786867517
2540,2.683805587181946
2541,1.4106650037073698
2542,4.622386729141549
2543,5.462374056091232
2544,166.51437531746876
2545,2.3913096197763712
2546,294.07899891047606
2547,20.643616239820435
2548,-6.3327120651652375
2549,135.83913809001984
2550,122.51371315414224
2551,-33.30286198267736
2552,2.095388378460458
2553,285.48714808487375
2554,2.502070803137152
2555,68.18729009701825
2556,135.15289612948627
2557,4.279678055596602
2558,-33.283092743867144
2559,6.255073461052252
2560,221.57514539851132
2561,2.5319184789301077
2562,220.28351501409134
2563,237.38067705496462
2564,270.42371733079807
2565,4.701560019380803
2566,4.612651142301617
2567,268.3256627673228
2568,69.67697903029227
2569,68.71175654035612
2570,3.166027223948297
2571,100.69121430413372
2572,-55.34019855476084
2573,184.80032132981748
2574,3.097941146161329
2575,4.304216858221172
2576,3.4292566437914305
2577,6.662017680539955
2578,31.91738922571513
2579,6.0344768375139335
2580,5.4714213278995025
2581,3.1294932217182145
2582,-48.16383736053476
2583,2.6340786289254625
2584,6.546696699796551
2585,49.85588864453235
2586,5.136026559400224
2587,193.69931376039932
2588,224.5022781877763
2589,4.6145534249153215
2590,44.22826402903827
2591,1.7312130056223938
2592,116.25909901996393
2593,59.68899862333572
2594,82.16552947197818
2595,54.18892910055822
2596,51.21730167806132
2597,5.518911769026161
2598,6.251416932292134
2599,5.0215167935801395
2600,3.5638986684410847
2601,205.99775862262135
2602,6.078515412279227
2603,360.4493227184644
2604,156.4464923567864
2605,59.92848659598151
2606,4.119530566829429
2607,36.469806606244056
2608,198.8539616469799
2609,29.679947162853992
2610,2.5862312197827926
2611,-7.0318721835677
2612,3.8329942437893987
2613,4.3993651341268505
2614,3.1031748489618804
2615,109.86307135870157
2616,141.27548890388096
2617,262.78296488387804
2618,191.49019374059094
2619,4.646986452925487
2620,2.3212053358440676
2621,4.632172711171681
2622,2.785209829889198
2623,1.5874149863008173
2624,6.790009519672345
2625,118.61589790531488
2626,290.0998250297351
2627,49.6065441268977
2628,116.64583142531296
2629,44.78908219137876
2630,114.04309098397604
2631,36.02155363554178
2632,6.104117355620197
2633,317.9045875040771
2634,60.16777870214915
2635,153.9775618967811
2636,-39.26186928512614
2637,3.373282561414101
2638,-57.44352598504649
2639,-52.319918170916836
2640,217.24809716809256
2641,3.583804964200114
2642,5.864367455100783
2643,165.73689800297876
2644,153.19671011510985
2645,207.85806871266846
2646,2.5071487381788287
2647,3.638736671679527
2648,4.897376525987359
2649,6.358270567597762
2650,271.27297442788233
2651,224.92172617173063
2652,55.3155508497158
2653,3.544733043800075
2654,30.608297390028163
2655,225.1882808627613
2656,240.22262508972392
2657,3.0563958680855903
2658,10.854969327985303
2659,282.8199115630715
2660,1.8395086359379487
2661,280.5673939973542
2662,118.71913769067018
2663,4.06569044030225
2664,62.606682668909144
2665,268.52531553132116
2666,238.05918956246822
2667,-53.400472367820655
2668,38.571690083779515
2669,6.694566070931826
2670,103.25596887787376
2671,200.0208498542691
2672,119.84522054046613
2673,249.13418575053652
2674,234.00211629697628
2675,1.5424516759957778
2676,-49.09679936922279
2677,344.4051243312131
2678,6.452103662297988
2679,5.625807827168892
2680,70.42835538231049
2681,5.126560927582332
2682,2.454791624535003
2683,2.4129203357431015
2684,2.677057339911494
2685,6.487718089790225
2686,6.957826071505201
2687,52.88204052285276
2688,33.81637869389682
2689,44.10988518803552
2690,146.26580951308046
2691,79.22387245076308
2692,52.90906954716008
2693,116.99796195110753
2694,118.88099653884203
2695,6.595252722761476
2696,143.94630957147353
2697,3.7332041489985652
2698,2.2461224979260344
2699,4.034522368485168
2700,195.37849955815318
2701,61.78442571197233
2702,69.65752138829785
2703,3.91947237338711
2704,175.3029117071352
2705,2.897853198754745
2706,5.622921894114642
2707,195.73762948111892
2708,3.145128734090213
2709,59.06924426902818
2710,5.223630198213769
2711,180.84263315293475
2712,1.855073523943654
2713,126.90166100542965
2714,-44.8583632676196
2715,4.711896947884636
2716,2.6568123779961557
2717,294.0524070667481
2718,3.400849845926381
2719,3.1229583358160147
2720,6.911269931093552
2721,6.2651913624138205
2722,4.13567712303853
2723,218.26943448462606
2724,6.365688280889444
2725,48.916031765829516
2726,11.08484116656849
2727,307.78172508011215
2728,37.06895765060193
2729,177.61972170200684
2730,164.5274187592488
2731,177.3266291858843
2732,5.906024008792112
2733,228.28461248597623
2734,116.46051080343258
2735,86.780333096382
2736,84.25631477074165
2737,184.05338548865865
2738,136.03223422657823
2739,111.35779245192647
2740,5.597912612133057
2741,59.32990277545104
2742,1.5113339108907118
2743,29.112230280336103
2744,-24.136565876214654
2745,4.870486993522618
2746,221.05937335839764
2747,174.4253101523569
2748,2.7003478406807213
2749,5.270735458972968
2750,219.2877868743875
2751,265.4012865279273
2752,2.954689940030275
2753,114.82180975523264
2754,0.4564394543081411
2755,38.43898594910608
2756,278.90481974676857
2757,5.99856602761319
2758,290.814417826017
2759,55.70022563977035
2760,187.9623032425454
2761,6.468974840966809
2762,4.243492582895935
2763,119.02808303399729
2764,5.007785433850018
2765,116.2092839810237
2766,1.9702646809796929
2767,262.415698421151
2768,4.355416729629457
2769,2.712045086456265
2770,230.4300624169977
2771,185.79990536431876
2772,7.021202474081304
2773,3.2488615288331895
2774,4.361525119244735
2775,5.878468857463739
2776,3.917857820109668
2777,264.59123563068783
2778,31.230962568996322
2779,2.1200674594907745
2780,2.617310127532138
2781,248.06683409897852
2782,220.31464637982896
2783,5.905094160206385
2784,-3.6279551141334196
2785,5.722330722245669
2786,3.2323678486084204
2787,46.44086241295098
2788,2.930141226169634
2789,177.56035608238264
2790,199.06735945719475
2791,80.32490765429957
2792,178.84960114980038
2793,165.00441250521487
2794,174.5462403432905
2795,56.31288951778419
2796,233.8028116126742
2797,90.03491942528251
2798,35.873878938501164
2799,23.44615033716881
2800,5.173805174269543
2801,4.045407195445968
2802,3.3641218122498495
2803,15.753682701992478
2804,3.7860397564806174
2805,55.957917267112684
2806,6.5016935241514435
2807,29.246684057777234
2808,88.98098960483362
2809,6.388034584945872
2810,5.391712073210189
2811,158.6015980618508
2812,6.049169203485463
2813,4.197028252529755
2814,6.1304249494675735
2815,266.4823034515242
2816,63.936753800322705
2817,263.4472151717881
2818,105.74504537648171
2819,45.234159368260705
2820,151.90206919115042
2821,50.567020381560454
2822,6.200028426965103
2823,45.47681303504503
2824,249.79393354500127
2825,133.51662445816245
2826,-53.07934399061531
2827,6.473637119452983
2828,5.629467765648567
2829,4.66016710955408
2830,5.360320490166345
2831,6.043469054423213
2832,6.263376153120181
2833,119.88111214470356
2834,3.938038212726078
2835,3.152686080541261
2836,3.3702124611936037
2837,3.610698243312621
2838,5.853430687748007
2839,1.9542616872410707
2840,62.485556405558526
2841,51.41255170136174
2842,287.05511006734866
2843,6.026583154510804
2844,177.4138436057513
2845,284.84668013139003
2846,3.509236062419606
2847,99.67460933200134
2848,-19.80472141817295
2849,-57.647208335237195
2850,6.6090352228022615
2851,6.875412784199332
2852,-44.83194201368093
2853,124.01987673877585
2854,2.193430810356272
2855,63.22971494253827
2856,5.910418378560132
2857,50.48355078922765
2858,233.02453438979984
2859,1.2854311287161828
2860,143.86745259917268
2861,283.8635811687667
2862,271.6263840046769
2863,2.953660448144488
2864,277.8017671752455
2865,223.35595370147723
2866,2.049251333372073
2867,2.4238413819416635
2868,79.8408425053538
2869,51.59670533303136
2870,195.31447474698032
2871,6.271906202446839
2872,243.12965851710373
2873,5.006423765761956
2874,-6.146592318252963
2875,4.265854081807709
2876,-38.56377185038095
2877,290.656518463931
2878,-68.84357893425933
2879,5.165790663761114
2880,234.78059123072043
2881,6.22093666385892
2882,6.354771354738497
2883,4.234783164687987
2884,6.69768877895627
2885,199.61215035516048
2886,242.62478714920326
2887,5.8941813016175155
2888,2.1150252092361788
2889,6.422478092531181
2890,2.4824816422523894
2891,-52.05819079586712
2892,147.51505198147981
2893,33.2314170261819
2894,42.08269684962658
2895,5.170582041524613
2896,2.5932328736693195
2897,5.269903488681184
2898,109.65966653448955
2899,30.122260213556405
2900,3.118576272518486
2901,32.074047227355535
2902,240.60279672719736
2903,277.1136749722466
2904,4.058230777924018
2905,4.355700821834244
2906,30.071627671086738
2907,3.9547981091026587
2908,7.522034504231309
2909,2.0407642507136607
2910,107.22389134746692
2911,3.8833183195990615
2912,2.1754721335363216
2913,6.400015956499658
2914,-6.904520492098238
2915,7.770339297563119
2916,257.73332447724636
2917,170.34549286656988
2918,3.927444647197799
2919,356.95731130310537
2920,190.95130411312752
2921,5.770914864160192
2922,4.107335701847761
2923,229.07632032866638
2924,5.221872409653578
2925,4.709810094655811
2926,5.941151192983491
2927,31.60840964662794
2928,6.388258550776192
2929,155.37625164392546
2930,272.36690574294227
2931,2.423078642781207
2932,5.441331933550368
2933,-10.471997710176826
2934,105.44569198423874
2935,-14.552027699877998
2936,-63.40829454837285
2937,6.100683660053015
2938,24.68244267714762
2939,3.010950629458136
2940,188.63984403654825
2941,73.95252171695313
2942,113.60850765053442
2943,6.319235626139989
2944,6.459892745464945
2945,5.712395732885945
2946,6.150347773311404
2947,-46.29738234841406
2948,2.4123937054594577
2949,6.623799065268693
2950,2.93064788095636
2951,155.0337657047653
2952,139.28820732393922
2953,7.010849893579869
2954,1.8931501516940679
2955,2.52294155782125
2956,6.499653943018702
2957,120.04106133631356
2958,5.179417168288916
2959,176.40469054845755
2960,6.591967181917337
2961,175.3373664903949
2962,3.770499991611969
2963,4.147125622643963
2964,226.7289482745324
2965,184.76201905548868
2966,4.388795052714366
2967,3.8545391064886063
2968,162.81313293906615
2969,-77.67109128519822
2970,1.9307971043365753
2971,225.75700821247204
2972,6.358445958747984
2973,219.49291722359425
2974,270.194460759343
2975,4.402302387224978
2976,46.478571639128475
2977,40.82534300347167
2978,4.136255481228693
2979,4.5331951654615
2980,306.28570031927416
2981,315.8413497274335
2982,151.1492137122246
2983,127.5940567818701
2984,277.87110403571614
2985,131.5328117981851
2986,306.3959886483119
2987,225.70323738330092
2988,136.78216050136166
2989,89.63917520696916
2990,35.08871708315466
2991,7.313358040062055
2992,2.875581564460935
2993,5.379914646287284
2994,48.88664201799089
2995,-1.359224362898331
2996,3.5838690970177076
2997,3.335979043186514
2998,141.54871001973066
2999,133.20736789688675
3000,79.59537663367396
3001,2.9221419464710325
3002,296.1998303106562
3003,4.530099550448242
3004,286.7659418711017
3005,103.99374165327262
3006,98.64645075889702
3007,6.338133999124059
3008,3.0655005413312377
3009,42.29488606689152
3010,4.288518190602826
3011,74.21701464315845
3012,5.231471288121515
3013,192.19110318740536
3014,6.450456516044178
3015,3.472695963425747
3016,5.965927759614817
3017,6.328336555916936
3018,4.394624891974409
3019,213.2920815506631
3020,3.6173017567229895
3021,211.7619389384708
3022,263.7880511486561
3023,2.893107351833989
3024,82.91203335867502
3025,244.01605559756382
3026,156.5900238366753
3027,6.159510964586807
3028,5.313926048220576
3029,-28.00108827903
3030,-43.13485907106818
3031,6.15612855589467
3032,6.395624016608803
3033,4.99204901339381
3034,125.14383251808934
3035,159.63662820912205
3036,227.47960874268284
3037,5.908366277308958
3038,2.1914116196689024
3039,-23.089646853483366
3040,197.51449127013257
3041,4.863681363550748
3042,-3.615571810815392
3043,5.775407783631431
3044,243.15001767029864
3045,164.64571355055284
3046,4.509747376010871
3047,4.103023816428526
3048,50.37722342327366
3049,5.806189202301704
3050,273.4326766599494
3051,98.18365546912116
3052,6.792204143863351
3053,4.162097864023726
3054,114.53805003842166
3055,184.3053952112337
3056,60.84858008299423
3057,3.08701972059043
3058,106.6477639414662
3059,1.8474958367397967
3060,253.4891458445203
3061,5.03331022833787
3062,217.23902115760583
3063,130.88731715512267
3064,236.5946727579065
3065,257.9271204406738
3066,124.54428178463004
3067,24.2609900830698
3068,5.866719419287793
3069,6.110989526967479
3070,3.92935916319446
3071,6.326212986304261
3072,185.53500414451503
3073,135.46630193795113
3074,6.309817630404471
3075,5.932731474073146
3076,150.87715751217826
3077,3.3410141732552328
3078,69.15226427666818
3079,5.58394694083308
3080,3.133820832105614
3081,46.716436232833885
3082,94.4358797804046
3083,114.01236624218149
3084,1.007664923123232
3085,5.593241997349385
3086,210.33215299354418
3087,3.0738639695631687
3088,109.66219254861055
3089,3.3860769263272266
3090,301.7736072594778
3091,187.81180465204096
3092,94.52088024006626
3093,4.2519688877378785
3094,182.89468427416185
3095,255.13170747881315
3096,139.92651397886652
3097,4.904516836583615
3098,6.305727093170789
3099,25.924126435499076
3100,85.04046983467845
3101,3.8192583919188308
3102,2.368349330287877
3103,3.0281762793621327
3104,59.62610843068183
3105,-8.01745196137636
3106,40.2887043479059
3107,1.4504294337122245
3108,2.7788785042572854
3109,6.027878439714117
3110,251.88378410736829
3111,2.2389502385651
3112,213.3753792088122
3113,5.328846846539003
3114,-12.78034576177771
3115,269.57583412463316
3116,98.87912368718987
3117,-34.4412257559309
3118,265.0217599694801
3119,4.471064106163372
3120,37.40399915527725
3121,42.399773985055944
3122,131.16558516382517
3123,3.9645363430939353
3124,2.5622181050285517
3125,3.8188067668194146
3126,225.69230142136564
3127,261.9782634312711
3128,37.6514930891083
3129,364.00248575793705
3130,2.114248130081015
3131,105.49683957020497
3132,186.3069804276932
3133,122.1840156797213
3134,230.96910593764397
3135,1.6690456306410812
3136,316.9710992100451
3137,2.8542384873985407
3138,150.7571615568661
3139,5.884571652239078
3140,2.415465545830539
3141,1.0928999581850372
3142,3.1131315676603517
3143,110.30556825710909
3144,266.88466378637077
3145,4.963078610028751
3146,290.36583501176455
3147,114.18539625097957
3148,102.94910012409812
3149,-15.258505389021238
3150,1.6940754834116194
3151,248.7120912761065
3152,7.11144805359511
3153,239.65979564684534
3154,192.40501264906828
3155,53.770653274403045
3156,52.76207905961114
3157,4.826314145313849
3158,290.39379533504064
3159,121.68075435787877
3160,250.3011154345963
3161,-27.030127434193485
3162,2.7393757284615328
3163,175.89804707949315
3164,2.849344116936326
3165,-4.076885209733076
3166,37.7285862246936
3167,6.696275259703166
3168,5.581645858151274
3169,3.728600768421647
3170,208.36236173342786
3171,3.0733047541998655
3172,229.30934375236916
3173,279.1404542459298
3174,65.54583406642547
3175,-56.803343176653215
3176,3.5972697612370585
3177,3.3279399833783296
3178,198.73565360067366
3179,6.201022060813881
3180,321.9463390440163
3181,186.2690317138068
3182,289.97035587332675
3183,5.917588192781582
3184,72.67410619407354
3185,7.247328934994486
3186,158.10440800604476
3187,273.0882175416834
3188,-48.42188566023896
3189,234.2994930405183
3190,4.16591381678208
3191,251.9083576927865
3192,61.79511295324572
3193,6.452834934737595
3194,4.5499432038508445
3195,5.95376013851022
3196,133.71144120801875
3197,5.421274463748604
3198,176.41936898046816
3199,177.33882028117242
3200,2.0146363600827764
3201,338.407677055146
3202,4.519753533129742
3203,4.692182172607929
3204,0.8963597369465157
3205,6.613522331871666
3206,263.35084447708357
3207,5.900265064664891
3208,191.01775710709336
3209,-23.585350077554693
3210,7.667393014267153
3211,207.28620020312522
3212,226.55687608664485
3213,2.6631214382092154
3214,264.94821373560103
3215,3.176683532966842
3216,5.9875685840363975
3217,115.91953714468448
3218,295.9386868049225
3219,67.45073755929083
3220,68.29756021509408
3221,87.0805453953602
3222,249.21975150519302
3223,347.4359199302112
3224,-72.4776378905919
3225,154.02357717877132
3226,5.923692350347917
3227,5.926706399893723
3228,8.273001254626056
3229,303.8501905350998
3230,230.73139912303117
3231,6.4776694843708365
3232,4.828067473152148
3233,5.793329504969072
3234,4.107655739379497
3235,116.88904795084574
3236,151.8216555129502
3237,10.44078103862039
3238,303.17478712152035
3239,6.441601412722119
3240,66.25744796716108
3241,12.086698788332171
3242,2.4926792563101325
3243,37.41343134685732
3244,211.93772428747508
3245,5.353679672400964
3246,254.55581960723498
3247,6.364723048282427
3248,61.100413758323846
3249,-20.080266995743834
3250,216.96823689143957
3251,211.56504156105964
3252,115.14507416887554
3253,60.295110608266974
3254,159.72439919793356
3255,6.588414849628232
3256,6.389249250133629
3257,34.18550218745836
3258,2.339912998773219
3259,49.87287535918576
3260,5.850293699963693
3261,88.59054327738167
3262,316.91770708514355
3263,1.9612337077004167
3264,3.631943923631204
3265,162.7231420664737
3266,3.7140907849371985
3267,6.592850060435764
3268,3.3602592047101996
3269,4.75896578055265
3270,38.2011065467203
3271,210.84444094192986
3272,2.2657303209992063
3273,203.3489005521378
3274,208.6597986565293
3275,147.159988962616
3276,62.593024967166386
3277,5.608968426794755
3278,6.645421330329469
3279,3.199344931546147
3280,172.23634017955294
3281,275.6341569286197
3282,2.7520795813422296
3283,385.90179617753205
3284,340.1198992320303
3285,89.6075333197403
3286,3.237389138050201
3287,48.52159160903669
3288,51.367308207776475
3289,1.8188729904097891
3290,55.47532737183383
3291,260.18371916381324
3292,3.0425308408363287
3293,60.96524382709272
3294,215.73351078223547
3295,125.67085249520957
3296,26.722675775619066
3297,197.6065437295948
3298,2.381270795598153
3299,250.4729638552277
3300,2.444073692877452
3301,205.16478663089038
3302,199.12369467931404
3303,-8.262337771061217
3304,244.1134319265604
3305,5.156335778294594
3306,4.716403519295509
3307,199.80024864271383
3308,3.135565575401731
3309,6.401050215850233
3310,-40.94852686227176
3311,2.1018111145788456
3312,3.8203725194208857
3313,2.4543435558601177
3314,6.054279791693106
3315,4.679504507179285
3316,314.55670255505686
3317,301.008634157444
3318,43.4292325610486
3319,1.9230737217227736
3320,1.8199323500162388
3321,5.397221098249142
3322,142.734405317621
3323,4.312214243517179
3324,3.704190177648545
3325,330.6908356400554
3326,91.6979235710447
3327,-57.47475566464399
3328,6.439632598062042
3329,1.8554378671916374
3330,194.34178966438515
3331,123.64405830849665
3332,3.6166857222047843
3333,251.28959334265525
3334,103.05109522791531
3335,3.3296169034984806
3336,4.544305858657204
3337,2.5410492468856565
3338,1.7381651903506405
3339,-13.519683521818077
3340,30.978819468382817
3341,54.00833907116386
3342,207.49699696961594
3343,124.47631648867738
3344,3.4761455106015586
3345,253.54872459637065
3346,290.75943100729927
3347,179.16323277895333
3348,83.94424471112694
3349,5.612646860959374
3350,3.905932265383485
3351,2.689084561532161
3352,1.8625950021680917
3353,137.73193158076978
3354,68.965732412673
3355,2.9640997816612176
3356,314.81281057720895
3357,3.719828424067199
3358,243.9707745220319
3359,82.63856636007968
3360,157.86933832820296
3361,3.1698040710231457
3362,2.7145196467752957
3363,3.0884753239177924
3364,26.415097006332537
3365,113.84307150050766
3366,-11.188688699236232
3367,4.096840048796357
3368,107.10289742013983
3369,5.02371742924959
3370,64.98649843106858
3371,-10.947304474719882
3372,215.8036222018543
3373,58.81892950238702
3374,317.1921707148723
3375,2.4030952201067435
3376,2.640153014335042
3377,120.73314224975894
3378,5.1049618158483225
3379,32.249986436037716
3380,313.97385288478574
3381,6.613488164540011
3382,84.89066375643108
3383,6.333136669482329
3384,49.23198824861612
3385,4.107205689198435
3386,46.17013234490801
3387,2.1542412103530104
3388,191.74186265786307
3389,207.10763974727377
3390,2.286754264263891
3391,5.697369534044315
3392,5.030036091071115
3393,181.08723437643596
3394,122.21343076959496
3395,5.375171883299772
3396,5.629728516075287
3397,138.402316214404
3398,2.171426800913586
3399,200.43219754358785
3400,159.08703898384476
3401,5.2841833345442915
3402,1.2426799321130961
3403,87.91764570197681
3404,105.57374947249781
3405,165.99791954171644
3406,221.03418052143135
3407,3.917065846690938
3408,62.130935708601456
3409,91.73271442784929
3410,6.092248706318311
3411,5.255347419605412
3412,43.251879457811555
3413,2.1602319325650585
3414,6.651870026960888
3415,123.62103386664137
3416,63.203409130069815
3417,189.78643940776624
3418,159.04165352800726
3419,-10.378037950931764
3420,-14.779017750766068
3421,-56.73400100682708
3422,172.97228232308393
3423,2.0188895562476388
3424,3.3793373194804905
3425,33.18160163168705
3426,3.5483407011483257
3427,61.21522293490254
3428,2.528466080781825
3429,340.0755408513397
3430,310.61568096244446
3431,120.30503582733726
3432,5.925782185224353
3433,93.64154598864857
3434,1.892772361409362
3435,298.94961429514757
3436,221.34822575268504
3437,3.3171886216444086
3438,24.898371142645786
3439,281.23215747823133
3440,6.67769801777432
3441,4.922509763444182
3442,222.31961798713408
3443,5.079805823715196
3444,212.56279844842973
3445,3.8836137000678974
3446,5.88756053977665
3447,257.2596758167276
3448,5.339380585121283
3449,5.677619471752239
3450,101.54945253625266
3451,200.13824320315456
3452,2.0688038598166996
3453,3.11962304274834
3454,14.134005202841035
3455,4.060120044947169
3456,5.338506189342532
3457,3.905716639197691
3458,6.161656679320923
3459,166.9100149301541
3460,-37.4140560670833
3461,2.7212942734905
3462,45.242117100963846
3463,223.3239547427999
3464,4.578212461125923
3465,2.632235999730458
3466,5.774344580324929
3467,98.1102200929313
3468,30.319089438010394
3469,314.6859031704471
3470,155.70863091929465
3471,20.235727010061893
3472,266.53971024628476
3473,5.9566703894829836
3474,3.499458965735845
3475,4.904236634384257
3476,35.07812577988187
3477,3.5900698574167405
3478,6.441626486866177
3479,2.6648752467385792
3480,115.48736565735065
3481,128.4527953840668
3482,87.59961463670358
3483,61.253865186104015
3484,176.68705996285124
3485,2.418737574574154
3486,231.852655429833
3487,5.785810449182103
3488,4.605396687407868
3489,3.5559838105369064
3490,6.095937570758947
3491,3.3193343574867704
3492,2.3810269537765185
3493,310.3894568656565
3494,141.62294820618825
3495,6.42147089084029
3496,32.98386813214767
3497,4.388720712742406
3498,6.536785359805983
3499,-23.4627689013327
3500,88.33872852638491
3501,287.8352315873082
3502,6.177782219175085
3503,3.3481261845745323
3504,118.31548804883997
3505,127.36590505209537
3506,91.63930099161459
3507,6.362433971190497
3508,3.0744785064867157
3509,3.210238217117536
3510,287.5173784441123
3511,2.027469728199022
3512,70.983574201517
3513,106.26794337088015
3514,3.23752037529669
3515,80.85476375308642
3516,3.5789747387574433
3517,189.53752735059743
3518,4.372359855001715
3519,228.75769977903352
3520,300.20543453038067
3521,1.9022013076378144
3522,84.05714502622129
3523,4.55222919772257
3524,6.632515482906463
3525,5.233015677737652
3526,34.26891711202779
3527,1.6731668143771616
3528,291.0158484646846
3529,216.52041667567718
3530,2.4573548640976224
3531,66.62343945748322
3532,274.7801809198697
3533,42.354869447959786
3534,7.998650227663338
3535,89.53615523229784
3536,3.6338214051200506
3537,69.13362432907365
3538,6.863789842842177
3539,6.915706728085017
3540,156.55715075626173
3541,-61.61797092251757
3542,2.3067231482224453
3543,198.51822265172004
3544,35.58830975413703
3545,2.532385727379733
3546,5.769080727032446
3547,174.1391019237102
3548,5.414327503529541
3549,1.783001006541131
3550,4.75805358703192
3551,4.122336494191149
3552,5.728619391899208
3553,6.004355216034023
3554,173.18597006654662
3555,3.9053019468736694
3556,1.8938329917462933
3557,117.8211733918805
3558,5.183398897504624
3559,89.93384742566926
3560,46.30020713799449
3561,6.104089754575615
3562,19.336212087209876
3563,-49.123707654104344
3564,5.930169495761557
3565,4.919546049032211
3566,174.2007830095259
3567,1.9595253397435297
3568,238.24228311422925
3569,168.30641322633164
3570,37.71760004967078
3571,198.41271619662626
3572,2.024414965872513
3573,6.3849673538332326
3574,5.943756419459751
3575,2.023988910303833
3576,5.192126428735621
3577,5.949229678575467
3578,72.01898439911875
3579,2.0858214433041633
3580,68.42984492586845
3581,236.31940992971582
3582,71.42273841952267
3583,53.90163252318784
3584,6.779598114763783
3585,35.785874119029145
3586,5.84200681455491
3587,37.158629395030324
3588,3.2649972574781634
3589,221.02562027444986
3590,2.9722043628521684
3591,3.640550480645109
3592,168.97762724108264
3593,4.602253762324462
3594,17.643785762541036
3595,6.714782624215685
3596,39.77929700949031
3597,325.8093884575211
3598,74.88136428060889
3599,90.1965620826511
3600,2.734550832182485
3601,301.9510117027004
3602,26.876684326447062
3603,5.151048733836214
3604,3.144000442999985
3605,177.45766512846455
3606,2.1089168324385605
3607,3.356977272757833
3608,282.03812197216365
3609,221.86638023092104
3610,84.0324689093789
3611,5.1738131008452415
3612,267.5616510348783
3613,6.416488618898922
3614,4.795559243623565
3615,6.606543156133521
3616,61.64966051895176
3617,4.903970352881115
3618,2.846876175397868
3619,-56.778303080519365
3620,-4.840070448261475
3621,71.0815897275574
3622,5.506106755893731
3623,263.2536182917556
3624,-11.197517689238232
3625,101.89392055879424
3626,41.833447879065446
3627,31.84203874395333
3628,6.247580998288885
3629,47.37367435156766
3630,261.04924039890295
3631,290.0293409588199
3632,253.46851153987507
3633,267.8929267974478
3634,111.07014313391369
3635,127.92750194622022
3636,4.421795277819816
3637,43.98455256220253
3638,74.25550713444918
3639,4.700421734788321
3640,337.4851558328998
3641,215.9089419424514
3642,156.63975145120116
3643,191.96372246926126
3644,6.5617198780905905
3645,115.24458215959405
3646,2.459352051407321
3647,5.719624453934489
3648,245.61435062903882
3649,14.704345280776856
3650,3.2725622327802135
3651,188.0687132827319
3652,49.45431697782034
3653,1.165879915325559
3654,68.8626565277286
3655,2.119180300978409
3656,149.08786670568128
3657,5.909961473557974
3658,7.816146948664365
3659,4.680890070241458
3660,5.8021669134248555
3661,47.736736776314686
3662,2.106836056930519
3663,5.478743313680251
3664,114.01397451374498
3665,4.334901619308191
3666,285.7512476826088
3667,243.13601911052837
3668,249.25682129327717
3669,220.7774184534987
3670,6.5692043530748
3671,6.3638702542593135
3672,221.55254277374212
3673,4.834869301465392
3674,295.2900751390549
3675,150.4955332910201
3676,53.86895562268053
3677,27.664594147723378
3678,-9.746969856076355
3679,4.532099777116843
3680,3.3728422059364753
3681,155.25039800034324
3682,85.37673795447438
3683,156.87027341855233
3684,30.832676029047455
3685,147.10114219642813
3686,271.7002113016419
3687,73.48016304168877
3688,278.4400740789914
3689,2.453339713458927
3690,202.65449831818847
3691,201.5764877267748
3692,288.9789057694891
3693,274.8144277968936
3694,1.5861263916908002
3695,246.36807890744853
3696,206.8135371775571
3697,0.7304992689531576
3698,-16.022961030669272
3699,4.255216484735374
3700,5.644592930484919
3701,357.462615142165
3702,3.894442542764667
3703,3.929138946729803
3704,6.534277824541357
3705,1.4370637029821416
3706,52.688905804863765
3707,40.12146121007403
3708,116.19607529403625
3709,3.316770832295967
3710,6.493006879040367
3711,334.26263654552406
3712,92.57324218832287
3713,5.4784052175727505
3714,332.4499080339325
3715,2.6085886063751467
3716,1.9919599416650606
3717,156.28658035941905
3718,64.70582701346619
3719,166.72114056903354
3720,166.9125322841728
3721,2.6445919625063046
3722,4.067617918868283
3723,3.3123662097135655
3724,1.8777955734609098
3725,68.93559555656337
3726,1.7293053718331792
3727,226.5060782547293
3728,57.63200352265646
3729,-38.38210581310302
3730,151.21228548412154
3731,85.83744474465746
3732,3.422444274732439
3733,-33.1610217307787
3734,3.1058711943115895
3735,2.457086409610551
3736,-4.166023922936436
3737,6.194998706528255
3738,186.33016459453654
3739,-47.8325412523684
3740,245.18083194575138
3741,12.12329425907956
3742,264.6628957360045
3743,2.411445170946501
3744,85.82690989941293
3745,-24.721961758626524
3746,5.102102136267208
3747,4.963590431148399
3748,191.09723939834163
3749,67.24634405690657
3750,1.575112270151038
3751,229.31176467417214
3752,77.34568358174275
3753,5.020973652614945
3754,3.622156792828255
3755,1.6491622628186926
3756,5.539358917607034
3757,36.054885812497574
3758,6.141346475258785
3759,49.75686286954411
3760,1.91664282802554
3761,6.274364671167776
3762,6.269595569792644
3763,120.57157989725536
3764,179.99848681598314
3765,359.0583724238754
3766,6.551605453174323
3767,293.1897013415471
3768,66.75083897935528
3769,1.6752053180027213
3770,140.10350269336226
3771,3.7235792115189446
3772,212.8806137170999
3773,240.5589643622053
3774,2.546411471661655
3775,3.8804768085336496
3776,262.81373492492605
3777,6.408539278275612
3778,229.36103699048408
3779,282.9676714563303
3780,5.945687759873382
3781,6.417820226250717
3782,2.2474295733844656
3783,2.0420196482301205
3784,5.586841626959681
3785,27.753290115157213
3786,94.51121012010672
3787,6.168984177541209
3788,6.6786723909385834
3789,297.75373497906065
3790,7.138008585052486
3791,6.153040654247152
3792,3.722231982946298
3793,20.03071189602398
3794,-16.500887004567126
3795,216.00562609552915
3796,181.35393062466056
3797,4.913571771865284
3798,176.90539448738787
3799,-62.62491728705828
3800,243.0078576161357
3801,141.64856176336878
3802,140.3821009633883
3803,53.658708949371004
3804,53.553945410795556
3805,4.966120728597126
3806,2.9858175559015985
3807,81.92019319599612
3808,3.72801655889329
3809,-11.047022212124794
3810,2.8207287643830385
3811,4.424695648989867
3812,265.45278807233456
3813,3.8408629215034678
3814,291.65760336064886
3815,6.973744579306761
3816,3.7065625388226264
3817,51.60994151101744
3818,6.262813246977691
3819,2.344201051721015
3820,135.39497273573346
3821,7.696216854026744
3822,5.479045903139898
3823,260.02822239114676
3824,5.109923706365887
3825,250.96028028004196
3826,6.023037384999839
3827,305.3098452488587
3828,308.2016429444425
3829,6.404731354286894
3830,252.06551684860426
3831,63.79002603901537
3832,1.7968033319177852
3833,56.11567771235018
3834,15.154176159405587
3835,2.543935287143963
3836,5.139495791977688
3837,6.793012987281317
3838,5.847409680076582
3839,246.09074194927993
3840,5.666962232310477
3841,123.68342631163078
3842,3.6276044472543303
3843,260.5233503061993
3844,5.392064240070125
3845,5.34497069752186
3846,6.241009058043848
3847,79.11077750809265
3848,110.39972856178387
3849,186.75324230548722
3850,18.866178955240898
3851,119.63953503157114
3852,240.63257449607977
3853,5.682403862872773
3854,239.08639180077188
3855,1.9686024832911986
3856,61.87272108848517
3857,4.124567175444964
3858,3.24339038291665
3859,249.89285432136083
3860,6.162188794105994
3861,-59.78682615191325
3862,-9.277547203619283
3863,4.274737981873728
3864,2.7524725263858554
3865,292.76398401126323
3866,4.215294505113762
3867,199.38656949716673
3868,4.974824725538714
3869,3.0576819073943615
3870,186.53303242841207
3871,45.73437413884237
3872,3.339563737731251
3873,32.018642201890074
3874,352.9174520896602
3875,275.81063056358687
3876,96.10809211913329
3877,-57.93063152421442
3878,202.10361657517984
3879,243.8468267898128
3880,6.539009441131482
3881,4.154297231402347
3882,2.856205706094973
3883,211.3332785863362
3884,148.09724713519904
3885,6.293265223807287
3886,5.481293783090894
3887,6.218766080189021
3888,2.734945418524836
3889,173.1521029992108
3890,1.3243059995521893
3891,2.959218813111088
3892,151.05481449850927
3893,2.338410080751447
3894,310.0776825332839
3895,-32.06861023227056
3896,33.09886340221948
3897,250.44000270307316
3898,184.48693145163014
3899,1.7502062429763119
3900,85.95250021222039
3901,98.02772208935977
3902,2.9715868410144517
3903,47.220759427913436
3904,56.02434792157041
3905,3.583406141108644
3906,7.992020784911413
3907,203.4651008510666
3908,153.30963973092997
3909,3.3621285468061446
3910,3.8657259741933743
3911,237.58769141176418
3912,4.172971771390844
3913,38.2256747276042
3914,280.32142204624324
3915,7.284621163511032
3916,5.821504944352525
3917,3.832457207241091
3918,-39.539619993348666
3919,4.745282552750386
3920,30.480946301634447
3921,50.61121988303146
3922,7.175744368796084
3923,3.8795864847990087
3924,352.8803586185069
3925,76.72156709504088
3926,1.8760028166921054
3927,254.20122031957186
3928,3.415139848760239
3929,5.289561749258075
3930,6.328283841860199
3931,216.34982581960472
3932,4.2833111415335186
3933,2.6077795271798965
3934,6.232645701895209
3935,225.37381105833765
3936,1.8238309964340997
3937,3.1271607241012056
3938,2.450311521802479
3939,317.5652670786472
3940,6.144959269542062
3941,6.045642122318226
3942,5.266659358592321
3943,3.0965916806346443
3944,6.932379480921898
3945,327.8056964625705
3946,196.66051364944812
3947,27.422995972759928
3948,159.50478831593443
3949,5.237655627026168
3950,246.9208724330359
3951,1.72586603728297
3952,100.31720922972808
3953,126.20346387839115
3954,2.602716770904092
3955,6.150306781691341
3956,185.09414300593957
3957,58.14499305738643
3958,77.91245665854183
3959,235.08751533933685
3960,6.11819328107874
3961,6.228731115532817
3962,126.2811288185612
3963,5.905776985178605
3964,209.07527105295446
3965,5.717262246827982
3966,2.780259550234038
3967,4.111987629327653
3968,204.02059378840715
3969,61.84977261706091
3970,2.5806467768306405
3971,3.2317715502667324
3972,2.9279866969536172
3973,3.3513917342082995
3974,35.62454382751878
3975,59.057889278753876
3976,3.5002800948157855
3977,4.215272284045173
3978,3.6403715194779895
3979,123.099238326104
3980,255.9149261623263
3981,255.56291701375307
3982,5.447441089277662
3983,3.494216406926174
3984,378.63429585778454
3985,234.49402607197504
3986,150.08868617816873
3987,101.98282612720801
3988,3.272394834881891
3989,5.7736339340818805
3990,84.80378991318044
3991,259.5657851481959
3992,6.073751357741609
3993,5.862195070207619
3994,45.66483716446652
3995,124.16451523374295
3996,4.270359259559242
3997,103.25596887787376
3998,2.3585787320964515
3999,287.734333336571
4000,5.204755793315016
4001,4.12728428995901
4002,53.52975752914399
4003,160.05871978692107
4004,2.2771895860519065
4005,315.48976652193653
4006,70.70626676388746
4007,7.037090909734481
4008,3.2935231162790677
4009,5.872351000451394
4010,191.79128397556445
4011,3.4695244582897504
4012,6.419722393437734
4013,243.59408179052429
4014,5.901909557521289
4015,6.162565022670849
4016,69.2563944667483
4017,177.6972262470686
4018,121.68377324238989
4019,1.3467241656308278
4020,1.9865025658135531
4021,128.9565834049797
4022,41.78434695705491
4023,3.760156176223793
4024,114.74551893669016
4025,32.86697576624806
4026,72.55274425522165
4027,266.4007212879811
4028,112.5433411172585
4029,6.912096986468169
4030,2.627261615280471
4031,109.84291037735437
4032,82.41235350426203
4033,2.668518430991003
4034,268.54051009156365
4035,122.03754951189947
4036,4.481182229942541
4037,3.520539707245711
4038,6.121431684434977
4039,5.885457427304503
4040,106.853917785534
4041,320.89611608251937
4042,59.10076787404044
4043,261.27005814690983
4044,3.9962247972388303
4045,32.45923925854232
4046,5.885000207363868
4047,4.3653689439255725
4048,280.9964522280951
4049,125.20668117834944
4050,269.4484138257138
4051,62.89864675351748
4052,2.6955345062991003
4053,4.180265944316204
4054,5.340228986688548
4055,3.985457824858201
4056,260.82916983441993
4057,6.880216294420596
4058,282.80238024167267
4059,25.886005015423326
4060,264.2658043706085
4061,98.59685646493794
4062,3.7781955294376486
4063,2.167946818801346
4064,217.4312356929634
4065,1.975480698792785
4066,92.64334671704407
4067,219.47765323907572
4068,166.76572153858504
4069,348.69739993390493
4070,2.7202233367983872
4071,2.7215361273718957
4072,1.597881223564403
4073,3.3024790220767954
4074,4.125549482821522
4075,-7.870521631657725
4076,51.61869617993537
4077,4.940526951777619
4078,6.31235333785228
4079,6.952333967279872
4080,285.7137457482262
4081,4.823189659703589
4082,130.96442521025213
4083,4.08809971939404
4084,7.073738518528829
4085,28.78054305151494
4086,-0.26265951955910893
4087,4.060556041543206
4088,4.941956040180436
4089,62.96873284936867
4090,135.10076565482336
4091,4.46999395473445
4092,72.49815478425614
4093,36.19616846522702
4094,5.187496917239633
4095,6.662947037739614
4096,2.439170918809939
4097,2.554268322794832
4098,2.956377702770827
4099,-41.17340382363774
4100,51.36980425211226
4101,5.997352430091974
4102,4.519791709371932
4103,67.16563153735682
4104,198.2741484936827
4105,6.0454430904195435
4106,121.42154450939576
4107,91.0248640537329
4108,63.772957429735925
4109,245.1242596158492
4110,6.21430306049546
4111,55.92840064573653
4112,86.02061593879442
4113,3.080983163251151
4114,5.084423132011939
4115,79.70338500097363
4116,117.50572198207561
4117,90.48044282444741
4118,285.4317217145075
4119,252.96521073890722
4120,228.73520340249314
4121,90.5480502455225
4122,-22.382855517126398
4123,2.163414239835239
4124,121.45170728220248
4125,2.3875373416865466
4126,51.247941593450804
4127,5.783251290452184
4128,1.7536792403096704
4129,6.3056133187213845
4130,2.0722501543213023
4131,53.139875150559035
4132,6.139626815993581
4133,5.166156570571492
4134,112.35612643923488
4135,4.40121698516663
4136,158.0273885132872
4137,340.79310749672857
4138,-21.12727550051011
4139,117.00332526433156
4140,49.642498942780584
4141,4.031445359498615
4142,119.50855514842377
4143,300.8898187327881
4144,72.52919409384502
4145,195.98027109091134
4146,72.62846462140297
4147,61.49958724224481
4148,291.40105677506756
4149,51.93657116260759
4150,26.28588992367017
4151,54.29920120218296
4152,128.80088032001134
4153,4.151560369396725
4154,350.96011379068534
4155,148.46149092525656
4156,3.344141544063759
4157,31.744694384775265
4158,4.0301023456009
4159,4.542314696244134
4160,154.63238354167305
4161,180.6508054033318
4162,6.266440565740648
4163,55.72636827640885
4164,179.12131555463634
4165,-4.539481409153897
4166,48.09559246818264
4167,102.787490877064
4168,7.402182313737464
4169,2.3933097492561015
4170,-1.3812446387093773
4171,87.87594283284767
4172,4.654029271669078
4173,3.887364552024854
4174,61.87262120745167
4175,126.24867783811331
4176,1.9876253738053018
4177,3.863803769603666
4178,26.904345727229963
4179,117.92155881591404
4180,161.66954605092235
4181,64.5775701842486
4182,50.166692325897415
4183,15.982546358509966
4184,194.07036595864497
4185,279.0463096106788
4186,2.497795282500237
4187,76.56705286243925
4188,4.285099618604808
4189,4.0181694256110445
4190,117.49425693302123
4191,2.1682777747615534
4192,41.564235377239285
4193,49.90641991978724
4194,6.023380320964403
4195,4.198516995361644
4196,131.35402424837037
4197,6.196154779719067
4198,3.345082395487223
4199,5.05002003932361
4200,300.0778337906163
4201,246.87048213031346
4202,151.25932482195833
4203,5.7800054967186725
4204,104.05864417819984
4205,4.946196515564938
4206,7.621981471520821
4207,122.40979366009623
4208,159.2680397558416
4209,225.09096276192832
4210,-48.510837315204185
4211,1.7531803101130994
4212,5.764519229756226
4213,-19.350640262161562
4214,7.100537025007359
4215,3.159552649341008
4216,1.422704675435434
4217,3.333418805335676
4218,5.834456002419142
4219,53.53045347176257
4220,76.78875406565267
4221,2.125682660625876
4222,110.34461257523223
4223,2.915804765150034
4224,6.370201103139805
4225,4.9870204229620665
4226,269.6702211818158
4227,2.0705076030038736
4228,206.30824371227772
4229,114.37798654934132
4230,2.981128860452012
4231,2.559410404655239
4232,49.05909197034072
4233,3.0867877581386636
4234,-2.798548859978989
4235,69.42339975724869
4236,253.68341631496338
4237,175.8358972456885
4238,3.03756465001049
4239,77.35276313551238
4240,6.26144855540022
4241,42.4770230727191
4242,229.76046249616988
4243,-71.09987075582131
4244,327.426211536565
4245,4.818055923043482
4246,1.9382537244324378
4247,3.829396890815924
4248,4.081828186632643
4249,-37.42133268262043
4250,6.541924332632164
4251,288.83620346698865
4252,6.612348729090514
4253,5.988454916692191
4254,5.016532707103469
4255,-51.381345614406825
4256,6.38040340447824
4257,113.51337021816653
4258,2.3664551011210655
4259,1.573944454401907
4260,97.28853547217342
4261,2.390812380606234
4262,297.7274193469813
4263,98.77782751953556
4264,2.6345634303307346
4265,42.95418093222676
4266,3.7239283999348687
4267,6.029209394239377
4268,5.574590950001849
4269,218.98371523735514
4270,183.7015387181877
4271,170.2099732385318
4272,4.582431119322533
4273,7.963401062041243
4274,114.77005310454288
4275,6.7302671351813395
4276,298.44281082056364
4277,231.9995501089548
4278,380.37897501728906
4279,308.64460401379364
4280,118.15685501958896
4281,59.753914419358196
4282,11.09064741232902
4283,6.286742223989175
4284,4.519232885284627
4285,110.17868926004283
4286,316.86307614196454
4287,1.789362999129929
4288,200.06902469224582
4289,209.43034120969025
4290,168.72185318704666
4291,3.0056582446133113
4292,4.922345595101957
4293,13.885734798548189
4294,-36.4443309889231
4295,0.7898283418246391
4296,5.33895967853481
4297,6.277861774796435
4298,5.982524632512151
4299,55.76525028234296
4300,46.61537673125703
4301,14.077657009656091
4302,102.0553917258218
4303,1.662296141180297
4304,-41.439432054751634
4305,3.790972884655952
4306,295.1976533313532
4307,2.7641884265579653
4308,18.055778343646928
4309,4.635498465647703
4310,2.892024576392644
4311,-0.5808377539366076
4312,307.5131358044403
4313,3.2364684150224416
4314,3.3343875699138135
4315,231.78659960099606
4316,1.4486214392744883
4317,197.04672955385792
4318,6.096889401498632
4319,51.5078077871874
4320,103.06579762693681
4321,4.61364605382975
4322,297.4584103550027
4323,78.60750738200537
4324,3.7150576250144285
4325,6.702187773383169
4326,3.7482258029664326
4327,103.79781707475604
4328,140.6610599309869
4329,200.54002316881503
4330,-3.6082579888104447
4331,2.392875260700608
4332,2.262040727449965
4333,257.4091767472686
4334,3.1657466728231114
4335,3.937223001264936
4336,2.1592518296592838
4337,5.68857195738768
4338,2.379780736338557
4339,5.621718420294156
4340,-35.584160029094285
4341,64.2792650084799
4342,187.5248164217292
4343,173.26148021433679
4344,134.71252194353093
4345,5.893689407628255
4346,4.685235050404272
4347,187.43808095593354
4348,5.575084918037186
4349,93.9011135173603
4350,-50.780652857692274
4351,133.24842973442
4352,205.75139775245873
4353,4.892214701204951
4354,113.05929912516532
4355,120.5432764642983
4356,1.8804493257078712
4357,5.303582963243062
4358,309.3585175842659
4359,230.72547458464732
4360,3.4884683683941864
4361,-6.991704521068749
4362,1.0128962247106201
4363,3.626868275125163
4364,4.4337742177926565
4365,1.6482902639538863
4366,3.194299559183193
4367,261.14159181117225
4368,-26.546151893812024
4369,79.9068175016468
4370,6.416611540082698
4371,191.99036057081076
4372,99.1475472375493
4373,324.99204522034995
4374,6.3351141662922466
4375,229.91000211945862
4376,271.19450898366625
4377,5.37030621767218
4378,5.857286411789479
4379,168.0032558845843
4380,3.0536506957906164
4381,2.5373326570429913
4382,6.606607546847391
4383,31.683669254345837
4384,5.021167540576494
4385,204.34753828074082
4386,28.35638180282812
4387,288.6809609879986
4388,60.827159463934706
4389,6.608026558309938
4390,4.264272285244168
4391,4.103030396499971
4392,2.331081351540739
4393,90.11198663917433
4394,73.72882606000888
4395,3.1390399040062067
4396,10.82899292694554
4397,2.4501244893492196
4398,6.35678963398286
4399,3.5065955799664303
4400,247.50505565496314
4401,7.010762845413069
4402,236.44832734739163
4403,250.9114273241131
4404,244.36740510490165
4405,360.00890596190374
4406,53.191709618979175
4407,93.70467445376408
4408,6.296553047256106
4409,112.26336796656406
4410,-92.53522680834618
4411,2.707277976979838
4412,281.4472104730585
4413,214.72495931071882
4414,3.7431412386524174
4415,189.05861782008674
4416,61.6576548327121
4417,2.8218693932543624
4418,231.22497107175232
4419,265.7871699749994
4420,374.07620365455034
4421,323.8911910169235
4422,15.061530906262096
4423,2.587215739887588
4424,52.88669879858567
4425,179.1411406738773
4426,5.65941642996314
4427,216.85303744081992
4428,6.523026127302623
4429,5.175817297386805
4430,5.124850007116539
4431,180.51034052241403
4432,3.7781111888530896
4433,3.6326685674977766
4434,110.776050586715
4435,5.644591066990741
4436,6.572028266084186
4437,18.153992760938092
4438,92.96549686850486
4439,6.990804486218883
4440,280.84776820347463
4441,2.044960590855781
4442,260.5660145005313
4443,6.288536480005518
4444,282.4675084933259
4445,3.8740782005274315
4446,3.7100037440911335
4447,138.79032890846395
4448,5.338886029074102
4449,-6.3121524655483014
4450,77.77673769996136
4451,123.1706487377169
4452,289.99605501000633
4453,242.8673604713117
4454,5.228208199023527
4455,5.137965506852092
4456,197.84910180950226
4457,4.193992754020104
4458,6.732449821661257
4459,81.78535962152544
4460,0.5988854415452307
4461,86.10095455227467
4462,144.62945246525288
4463,48.15663763724568
4464,4.295309334006653
4465,99.30474808453452
4466,4.540772921209626
4467,20.663804430241072
4468,1.7813304455844403
4469,2.1719673921402114
4470,4.895524389976005
4471,3.0220257808305617
4472,252.76974226828963
4473,3.61746239067928
4474,245.19738861205872
4475,4.2313722265635105
4476,94.68305334867367
4477,5.9024744587828994
4478,4.26663617729569
4479,138.39332621837613
4480,285.7146109860861
4481,3.7228192371563154
4482,213.30417523579442
4483,66.2674741365652
4484,309.7882111509998
4485,212.97354151770452
4486,2.333415217761887
4487,108.1797534115766
4488,50.00728677109987
4489,-49.19676678274476
4490,110.94876938036958
4491,5.216272552339701
4492,265.88721738392553
4493,319.1608568464633
4494,-13.363301351735906
4495,2.8616316743350323
4496,100.88947255846668
4497,6.724858121661058
4498,191.82791011409327
4499,312.86105904474687
4500,163.31623438448804
4501,5.937171803611793
4502,5.914402542170788
4503,199.5005984443616
4504,14.545416817609878
4505,73.1517650530462
4506,3.1114143795775293
4507,-6.833439066146346
4508,127.78578165782585
4509,41.835220913156476
4510,2.2484253402251495
4511,275.6909327377963
4512,56.14270203578904
4513,103.35230197077313
4514,2.9370063432012437
4515,2.5105800082342347
4516,3.384525550693678
4517,5.03027391308321
4518,9.276459573251861
4519,112.10825827332616
4520,53.97997957653291
4521,2.5410942331136774
4522,76.50149931160007
4523,6.760928552607607
4524,218.4639617883646
4525,23.96536508071045
4526,2.2618544014247477
4527,105.09310573907322
4528,134.34902084583405
4529,116.72716391737923
4530,156.68195118378256
4531,3.8705545188881594
4532,4.0916789310351
4533,4.5845080501173845
4534,64.114833427392
4535,5.948642326594893
4536,1.82440440588931
4537,1.8552520932638679
4538,6.4354444549780006
4539,298.3641533991881
4540,166.9647880204875
4541,3.3006235223306097
4542,2.7242183863644196
4543,206.23749296012392
4544,35.968039291738386
4545,5.1425568729462405
4546,20.31413053994583
4547,5.957642516352694
4548,176.06351786609935
4549,4.660358819320041
4550,240.24407831671897
4551,29.017069531826618
4552,124.82518725914622
4553,120.52056553404233
4554,4.888179459831046
4555,192.91729112802295
4556,290.87247653947475
4557,5.162902449053054
4558,4.324395352048671
4559,67.76574040373345
4560,7.541299849661211
4561,5.214856404730756
4562,189.7868809976924
4563,46.676568426204184
4564,218.9304888841212
4565,60.30496507037487
4566,217.77182032599717
4567,278.79082736962926
4568,142.40596899157765
4569,4.749347377007575
4570,192.10450269616382
4571,266.8283193157971
4572,5.349062167224649
4573,2.9306248386924514
4574,1.7566839402456305
4575,5.244889098926443
4576,150.19792066574757
4577,260.3027154347275
4578,39.32127213787852
4579,18.043605724797633
4580,0.6931272589019787
4581,350.7136374518254
4582,21.940152841580257
4583,1.8886792236961818
4584,263.41024486928575
4585,44.28748646359739
4586,6.631070933735936
4587,3.893071055426842
4588,1.3997413790692124
4589,4.236016417135937
4590,3.0639001683279705
4591,77.4349490540792
4592,5.202594328803615
4593,96.02889990722583
4594,-27.46823253002676
4595,2.6355512028160955
4596,50.159252052499525
4597,126.4959259707532
4598,4.42139822511745
4599,-44.300319224050035
4600,81.62048499112095
4601,7.00622744588084
4602,5.284749165321723
4603,5.238214957526305
4604,72.9458305186061
4605,1.7428768865817854
4606,165.03797335745455
4607,45.26996535204782
4608,4.319162098710363
4609,213.28744094740736
4610,155.61297837290672
4611,101.43708932100604
4612,3.698263180021259
4613,-73.77823902753572
4614,71.3852816240317
4615,-45.58663372921468
4616,4.777088446852611
4617,4.868967835325172
4618,4.214122781732814
4619,6.262565681663496
4620,6.58502553065824
4621,78.27139812675378
4622,4.059258276623806
4623,6.2354994517035465
4624,1.1721690441175572
4625,92.52228589221883
4626,49.77493760857024
4627,5.176234246928798
4628,5.934036119873364
4629,63.87304072086065
4630,5.405465172260682
4631,10.552017089996342
4632,6.692862687936933
4633,228.68325453950126
4634,5.939457964234828
4635,6.226860931496454
4636,49.758646874688374
4637,6.924104836425936
4638,399.6563342111443
4639,282.20781964879495
4640,2.0986958484516407
4641,211.4978671920955
4642,124.79693074571762
4643,61.50295088972093
4644,50.58560197116951
4645,5.688198063002742
4646,45.16293748160328
4647,18.54746602071334
4648,198.90977430677623
4649,126.42087776739814
4650,117.74807207999503
4651,42.7941345436929
4652,4.524897539889057
4653,245.2539540349889
4654,2.88923598731469
4655,5.753882763122183
4656,2.5604382876099345
4657,3.103753136859574
4658,6.171278670309758
4659,95.84641033467199
4660,3.0369284660279012
4661,2.665956793483275
4662,3.4421008865559193
4663,120.746834563402
4664,5.862795458905489
4665,138.52683120994467
4666,244.54846008750394
4667,1.861088340820101
4668,112.5717938293418
4669,261.6206490223118
4670,2.6954377845436306
4671,1.9323890382723683
4672,0.6607148016567699
4673,64.54651836479647
4674,291.71308199080556
4675,1.7574708064669902
4676,133.40047448289613
4677,58.122869894670245
4678,5.536011515878038
4679,53.2947220626444
4680,4.205853200427577
4681,1.409441498749643
4682,202.77312320833536
4683,135.59019276208264
4684,90.14480946591559
4685,243.71793486769093
4686,4.4106901911763545
4687,222.3478197807698
4688,337.8188293665643
4689,96.42908749389656
4690,5.700244944715455
4691,6.8542029467272005
4692,4.213388218298276
4693,104.07828827053115
4694,4.270463125876899
4695,379.22442116205127
4696,4.468826175101577
4697,2.426564900178433
4698,4.819463940792643
4699,3.981421704573476
4700,96.49986629450616
4701,4.866440209732625
4702,1.9781734387305767
4703,3.6917174464986684
4704,5.255606894694381
4705,288.9127244783622
4706,3.3228111865855334
4707,4.949455877544805
4708,3.2999165140676396
4709,82.38029258144067
4710,150.07024268062293
4711,6.286334226917023
4712,249.24190544482906
4713,3.546644512018673
4714,5.648481946606114
4715,76.65545305269166
4716,78.20656209558959
4717,7.211874600389537
4718,5.800280223750408
4719,189.2289849607365
4720,173.02595002973203
4721,6.242454045958332
4722,3.7639744108057083
4723,6.3854631839010265
4724,61.57681400098893
4725,188.71695126490891
4726,3.6522310461807654
4727,262.1741777721486
4728,251.9246502620769
4729,3.8770200571229214
4730,179.92764228611617
4731,66.99638648875083
4732,-54.780618146802
4733,5.550774142274394
4734,6.310696923044319
4735,5.266652514318514
4736,3.549704107831678
4737,65.40884307771468
4738,-30.477387224584504
4739,180.79169453468484
4740,312.8750702395185
4741,5.512109117603001
4742,83.40838196894609
4743,5.259800547293239
4744,263.83266043607483
4745,51.94382817441064
4746,3.9799473956062705
4747,3.0009587271379945
4748,3.0869430552523136
4749,5.558609988823184
4750,5.7650840754765245
4751,3.7934318758893313
4752,95.01035839844477
4753,151.8448442104877
4754,134.9031284673571
4755,4.012321819970816
4756,2.0442170891122013
4757,3.4386690973134595
4758,76.37137799865305
4759,130.9402366509496
4760,4.9183217447718395
4761,3.4662241305650627
4762,191.02523217945668
4763,212.95321041153915
4764,2.3553131309225543
4765,312.00189811484364
4766,26.211388545638552
4767,2.335226235783534
4768,31.702234570882524
4769,-28.204062073953526
4770,47.402317011102156
4771,32.36801690592448
4772,4.006520840115798
4773,4.294795398272351
4774,141.90332374725864
4775,2.448968044195696
4776,2.6791073925986595
4777,178.76160716013806
4778,4.898860670353138
4779,46.10028866115876
4780,1.5714396496843162
4781,58.73252799843489
4782,4.791195844541093
4783,3.88683399568286
4784,2.662267952773054
4785,59.68975169021813
4786,72.76513180358523
4787,5.578769825516125
4788,3.596461001091416
4789,2.9355019480073468
4790,122.34633801105068
4791,176.74402163372685
4792,4.358251730566968
4793,158.1083624687983
4794,61.744327711515695
4795,227.29092163747833
4796,3.3444376914250515
4797,126.46746354434418
4798,5.9239398263553324
4799,4.000474344564375
4800,350.5141059666687
4801,3.6306058218611774
4802,4.986949661282802
4803,278.7736714990459
4804,1.6758505335169958
4805,225.67215477365409
4806,4.4417718634510415
4807,3.315894945319836
4808,56.98643425909146
4809,115.74530761484517
4810,1.640048545413766
4811,2.1079467746257787
4812,5.036904624365159
4813,281.64210763114215
4814,239.37414524535467
4815,2.884508421092839
4816,2.81269150249274
4817,6.2323061265034
4818,1.6578096654255512
4819,88.74731232864309
4820,2.7018321717209988
4821,186.69065669237966
4822,122.05330420865164
4823,5.032271598693406
4824,2.8704275067247704
4825,261.2397683767397
4826,4.9688281983267695
4827,5.940526321502492
4828,220.03951582422363
4829,118.42174022923285
4830,95.75755554387867
4831,212.5128229592707
4832,6.886065310692837
4833,3.7158549172365944
4834,109.37944794123828
4835,3.7993639936373826
4836,6.464110116126197
4837,214.75270674214255
4838,38.216130854365574
4839,313.03349365524537
4840,2.416928055951603
4841,91.98010820950932
4842,30.65045770171732
4843,2.3131099451437924
4844,4.0212779168269766
4845,4.554839465700767
4846,7.214959949858746
4847,3.952141147647927
4848,2.3189075295028876
4849,4.76908233628127
4850,6.61016771673497
4851,5.90201720126027
4852,99.1366292070606
4853,294.30511938477935
4854,2.7145351858731512
4855,3.1164074272495546
4856,185.03271525418504
4857,243.59718736094717
4858,235.9803707265517
4859,139.3837826019742
4860,256.9081273880925
4861,-17.38292112471231
4862,124.76958942255831
4863,6.853508260624887
4864,5.761690823332566
4865,1.8970346451237383
4866,1.1308248893628141
4867,3.446942571496582
4868,64.55413049685745
4869,0.885483248736003
4870,140.67062305819593
4871,6.844274815708891
4872,2.345490087890023
4873,274.9820767155953
4874,-8.494891555245887
4875,3.3802939366763205
4876,224.05156461255353
4877,6.391157400234662
4878,85.98360304926835
4879,74.03229240807605
4880,6.01260716968676
4881,6.294098388202928
4882,39.698961866242485
4883,1.8212753626615124
4884,129.63168625300793
4885,-56.867440417244104
4886,254.44371424917802
4887,5.573675388438165
4888,292.8973090951953
4889,50.37363252120401
4890,207.28503998050337
4891,127.8965516410008
4892,1.8948058191299153
4893,5.980618782980154
4894,84.40913437008368
4895,6.669057156892688
4896,5.853174419373749
4897,6.035622575045173
4898,14.070580206892442
4899,204.3181125172763
4900,2.0766561222724667
4901,278.7716659714179
4902,4.106216292137183
4903,154.0452339988821
4904,380.86071343030704
4905,97.21351854464686
4906,157.8715723904249
4907,186.59685965143626
4908,4.526699831356907
4909,151.14373125548906
4910,150.41732316558551
4911,87.6315946425315
4912,5.706033499757266
4913,198.35870499120273
4914,164.9366665538107
4915,4.406429743010548
4916,4.8746248638306975
4917,6.546954113190067
4918,2.6360643202947696
4919,-37.36167417361069
4920,2.1190059803301526
4921,-9.266261111243871
4922,160.90330170991723
4923,197.11937627196062
4924,6.1402123502878965
4925,2.399256973972358
4926,1.492520524864924
4927,4.948718919946643
4928,3.3858500352314604
4929,81.94013444025538
4930,105.6478851871999
4931,-30.676032100597403
4932,6.054779071786857
4933,305.8603304190689
4934,-49.852448538011515
4935,53.07913695806778
4936,255.41771313340882
4937,21.23183583535475
4938,93.79660186686215
4939,60.76334729238255
4940,3.990486519269563
