id,target
1,4.242168365369068
2,2.6109540213980496
3,309.7256146128857
4,-45.68847206881626
5,4.315558859521662
6,6.663957134686791
7,4.942139084784133
8,71.96556304209341
9,69.85298759366637
10,63.50308620763391
11,29.8882046327641
12,5.69073291149898
13,269.0997997165526
14,192.149728087251
15,3.653077550445565
16,267.3632255810577
17,3.340653459801758
18,102.67419644592238
19,3.501426376545803
20,6.722569737777276
21,-62.90903133831574
22,53.92246833864262
23,4.423298993664037
24,2.5841457581333844
25,35.380501219935226
26,88.22074525495475
27,1.2534819321213564
28,165.15579839374328
29,49.12602773187107
30,3.2722629666633303
31,6.340955676228003
32,30.977270719509363
33,46.59233326231889
34,3.628575142037774
35,2.3469688723746125
36,6.473782432276655
37,245.76683657366337
38,244.3392977444038
39,55.261022212909396
40,128.4933315555355
41,-48.6727788865272
42,3.0892735109478733
43,5.681495680459543
44,4.434411046833644
45,145.76921745580307
46,52.17309021067419
47,3.3158343710676608
48,-73.53188228019877
49,4.425569644336662
50,1.874502935440221
51,249.1240882524707
52,3.105326913945807
53,2.3469194689890838
54,72.46094291409034
55,2.8968661699737916
56,4.435180715346617
57,5.689253151767441
58,174.46349540748673
59,239.78255512828173
60,6.969495673762124
61,2.410510294078027
62,213.646048392664
63,6.649865091306863
64,2.514544387677497
65,2.047109482466518
66,4.018557480898224
67,4.903495948812358
68,191.4997229868872
69,124.7121458785387
70,2.352041912938498
71,2.6091326657626297
72,2.1362078149982757
73,27.112020972202515
74,254.07593187167714
75,214.56437654214153
76,6.358818758792438
77,5.812908241754662
78,127.93037038075431
79,275.9751641128736
80,3.8349185403953827
81,51.689050987816906
82,4.460369813468378
83,172.513486023628
84,53.400256419512644
85,-4.935447821184045
86,2.2710691274575847
87,57.78881577833068
88,169.31730531612175
89,6.090323891589452
90,5.1266962039804715
91,50.32234620000179
92,54.86145265735048
93,38.33142939787855
94,4.587421425352788
95,4.0073845900015845
96,3.184239629675055
97,7.2362391134124255
98,210.82306696816948
99,74.33493441428378
100,281.73459664434677
101,5.285763569915488
102,253.16975237678773
103,4.27411824913833
104,6.633464935239825
105,167.99228021367117
106,23.750395637625758
107,294.65436286810086
108,2.5374405625856045
109,192.56589316007572
110,3.4647475029164445
111,60.91124622513452
112,2.011426296839805
113,224.6561741045383
114,6.177673166208756
115,5.148182096069737
116,379.71939999339986
117,193.40004529247415
118,199.61984790540888
119,241.54343354962975
120,334.1979807718707
121,163.70186897834475
122,3.2571632260166954
123,140.40776811547784
124,269.9889978398627
125,103.63583663732982
126,6.35975052366847
127,128.3305708663267
128,3.7829637038640502
129,259.3705150386096
130,86.97121571621852
131,60.22378165272175
132,4.308652353352171
133,-49.34679836273288
134,319.56702570918446
135,6.198107087472206
136,2.2492158631805377
137,120.66869299475076
138,5.80096901920299
139,211.0200201276332
140,304.93057998016695
141,47.568138925288345
142,9.212001145176423
143,31.445692127459473
144,19.560720850195487
145,6.635952321808415
146,196.62533224289854
147,224.38285958541888
148,2.118330544262721
149,168.0251249734559
150,73.72725589493345
151,286.1523370150122
152,231.7016293515115
153,182.34279130465094
154,47.19183902694001
155,4.424242892420307
156,204.99044231317197
157,145.26181472515302
158,102.04234361596758
159,142.28836133928297
160,6.486263884241975
161,43.42646003971317
162,4.655236616344431
163,270.75851364549186
164,3.1180387035231973
165,93.86663243457677
166,210.0534504306878
167,340.5312415351601
168,7.150631765661062
169,1.7524136893786135
170,233.09473357067827
171,2.9447895888652553
172,4.408607881408713
173,-54.72691320414184
174,3.7568733670463974
175,5.565345302395825
176,147.13935952462614
177,75.5504175166464
178,313.0419381796637
179,138.42389933879326
180,220.90367360304177
181,6.30760728417202
182,2.0816671341568167
183,289.5374627336415
184,6.357283408972841
185,1.6471025035421245
186,3.4051954036471237
187,2.8055515230481336
188,3.904632739416563
189,88.65112072940221
190,4.207784780019291
191,2.098141012405851
192,33.85795963391541
193,3.4900480735571575
194,327.61749792291914
195,87.08478996392887
196,266.9273921064839
197,112.82331749182434
198,215.43120369545872
199,51.18448804624231
200,1.967504053364003
201,3.2680581307926575
202,89.72737338557212
203,44.29199011827272
204,4.311727277356185
205,274.20115608355206
206,57.296142356553524
207,208.61742381109286
208,137.0976414302036
209,65.70641073012195
210,175.86159110687217
211,66.53701834530551
212,102.4900594635303
213,274.96662340271865
214,60.67141037378555
215,7.623354715035478
216,205.34388561681115
217,72.6949100368731
218,165.6272848314015
219,202.33970765676764
220,6.056003599641638
221,231.30926700382633
222,179.978399455758
223,2.915479236858949
224,162.07593032029723
225,272.16558488948965
226,220.6523473446909
227,43.975605528055084
228,272.58287910897275
229,251.90602875683675
230,1.4443336908567144
231,216.06924561804712
232,53.65309282124237
233,56.84893747410954
234,245.42941750054916
235,120.06287664012606
236,2.280389124915191
237,5.969270627343199
238,38.31042123923437
239,6.363366610597396
240,181.55911636376538
241,309.494938410997
242,233.30711862060934
243,4.229992565576519
244,3.336484538532751
245,51.97655322870982
246,125.11080787274543
247,123.16161700345671
248,6.27371407297383
249,5.9709699722280325
250,71.17461757643103
251,49.19234841478277
252,186.02966761323597
253,7.777906114256416
254,183.26420705544564
255,-45.578176824284625
256,5.698075830175908
257,2.1473907121369087
258,64.22097288534462
259,258.67683195854045
260,2.5317514772053187
261,5.62761139639694
262,6.34635724250179
263,-42.92743064013469
264,3.673033151771727
265,3.7739350167710244
266,2.099651004123448
267,3.2660388656014696
268,1.9318351012516293
269,192.13139036915732
270,3.1105371052156983
271,129.55983953145346
272,79.61861996299369
273,4.620424925338809
274,4.642977060002982
275,324.37823321017186
276,183.83553671517492
277,207.0749817845791
278,-60.829941944231344
279,4.290344140067296
280,191.5263800883694
281,5.272286339575915
282,188.79478891399737
283,197.98886984335252
284,144.23686988736367
285,243.47021497425487
286,136.59375447800215
287,233.58175491244168
288,6.16383284971782
289,126.24529801593991
290,4.5891046026341265
291,102.5938365048643
292,4.017409450864991
293,80.26911723412367
294,122.67834468420742
295,5.91110454687229
296,108.90148322641429
297,50.57184783701443
298,-39.33260438877182
299,200.7546735489263
300,5.885096479809091
301,4.382133262701101
302,5.040919406711122
303,4.304702938748113
304,3.9358733511012574
305,4.769332465468375
306,252.4497280666638
307,3.748163617652976
308,3.189755104926448
309,78.6631509770815
310,2.2668182198025253
311,2.3141570833399014
312,3.802149580852614
313,161.6561232162075
314,3.9988272921723973
315,0.4005260454291872
316,1.252458797646427
317,3.701636887932592
318,4.044931409172818
319,34.56939800365893
320,1.869386302596425
321,6.259162734035005
322,3.25833094939689
323,1.812967911683483
324,2.4936681836423817
325,4.522530870159681
326,4.992005476903131
327,50.16758305929537
328,3.6451812075953134
329,83.86201445748515
330,51.991175280770754
331,48.80666397980483
332,5.516826607349286
333,2.5294707144814605
334,6.73574440178872
335,153.90438605036368
336,3.7245595386296526
337,2.388759341684722
338,143.50836647256773
339,28.491818821332828
340,294.8423357457721
341,134.96306178922072
342,53.62331496893475
343,3.7007970752079404
344,2.4086806217104972
345,123.52407425474934
346,2.7326298206504767
347,4.668581472273818
348,63.049068509813935
349,-49.05927070737978
350,92.28314945954395
351,244.9957638290736
352,34.77059960664258
353,1.3384577131550768
354,5.972912365361316
355,318.78170658682757
356,223.16064632621922
357,3.314323203511867
358,20.559041727707182
359,4.30635458580351
360,136.09755622006222
361,4.988923778664921
362,5.306345560013499
363,-7.01030595346626
364,4.207176743303058
365,5.521588089981485
366,68.53895560270388
367,4.818031637148722
368,236.74776463688198
369,5.836797580278693
370,-32.66497125768845
371,255.0203631730866
372,41.504834397961226
373,144.63295203849788
374,-8.149083540417175
375,96.82105453635593
376,2.8955460850723402
377,2.7341844285125383
378,3.6845574830510293
379,2.850640829565795
380,0.596620449425759
381,6.10767359583863
382,6.271059566615628
383,130.0563495501481
384,1.794036003023262
385,3.651340674201845
386,270.6480896288924
387,2.257915207620062
388,3.729196699019523
389,64.13084026042928
390,4.587703650979176
391,163.19069621708275
392,6.31498813789181
393,3.8249080678755663
394,310.4903546007556
395,198.89352085660926
396,2.7500762191191312
397,1.7589746808509614
398,6.094067121318896
399,213.59320672545277
400,231.3684954421159
401,1.6376437563216364
402,6.335796742363899
403,5.7193425693971625
404,5.621795788992834
405,13.549138039041381
406,7.729052525834174
407,-59.35188775052123
408,4.289369109149086
409,3.417115964853111
410,3.904528262696133
411,2.8528215843195444
412,-26.679692515683346
413,329.5366891894722
414,5.85648596916945
415,32.56232295782883
416,3.3200884638759884
417,6.7222360729465915
418,5.7736432666521935
419,5.653274939993748
420,4.6705804753455595
421,152.6538785913055
422,158.90158008925468
423,124.50839662962638
424,164.77121048727338
425,5.662156956183883
426,262.3215461177664
427,3.2214822056560957
428,225.11565676791307
429,2.3313866888083288
430,4.394808927726627
431,269.9239483867196
432,143.25361332399984
433,8.867958495412815
434,6.280774370188473
435,50.13123443238345
436,236.41113803241362
437,209.1219872829303
438,177.01582207291835
439,5.7794516723994125
440,265.797531436814
441,202.09032249339447
442,121.0587465302052
443,322.437004158398
444,5.4062513019654475
445,6.163452909455548
446,63.490339615188574
447,1.2415316530148113
448,6.290862897167411
449,316.3859982686356
450,275.40674300905044
451,154.00939841455693
452,233.45941192837896
453,1.8837427364352748
454,4.130224133020832
455,129.0512806802112
456,3.1385762906990116
457,4.9212905161294005
458,266.5582524308673
459,65.64839633893723
460,26.024843888387128
461,119.79273827664747
462,6.071984485543363
463,191.87020855149422
464,5.11309305278337
465,149.4660784421848
466,73.51494445016114
467,2.3320487293415946
468,5.4396719542768395
469,31.48567093573498
470,24.66209785182234
471,1.8163518866922435
472,1.9206190671757493
473,62.61655577502912
474,5.990859317862036
475,127.71510000664124
476,6.4720337253283216
477,1.7893337364957231
478,4.438616600089377
479,213.59521744144686
480,4.942814713837033
481,5.6496405380322425
482,233.383992854187
483,1.7248251628214786
484,202.88390330424707
485,106.34558920158526
486,4.580984925544312
487,2.521600625157695
488,203.1509953904502
489,2.7803449401426743
490,4.815369375945304
491,6.342425015565908
492,3.829004132856685
493,3.3521297765596856
494,234.9235962833205
495,5.8158139515476135
496,200.65244884055232
497,5.625331370460451
498,5.977420548078868
499,5.814007556537717
500,7.613453679025213
501,3.2249930216439053
502,324.6687542268401
503,114.26794891693089
504,-9.68726320225546
505,2.0600209288657307
506,6.497337462107578
507,326.67848548263385
508,81.03476866851976
509,278.1904812490393
510,4.28851580211145
511,100.59871779379858
512,207.175680411302
513,207.85925197492702
514,336.4750658100154
515,237.83696242388962
516,232.5707519401195
517,292.1226665587383
518,7.071381326650043
519,35.324937725463876
520,312.37938664880113
521,1.7984123348183076
522,3.9068439269552164
523,229.2693747796415
524,4.402149386702133
525,169.34076227124234
526,5.741521767561421
527,4.935343224563286
528,4.4203310252077355
529,6.385029811853867
530,249.76671249790587
531,95.54827035707305
532,3.8782558284879753
533,60.3224441499243
534,4.207952740666619
535,6.844643660145076
536,5.970645173559564
537,1.5559428550229906
538,5.202362947622502
539,269.44057464069647
540,279.89260197379554
541,256.1459073048231
542,67.4741823557014
543,102.46840194601329
544,4.9133261680227704
545,4.190955639493513
546,4.02476431951659
547,2.02908951591681
548,324.7366816933072
549,5.779551169789839
550,244.73811567479362
551,5.967877076064077
552,115.31815790487676
553,3.6726028882834014
554,68.20864947858712
555,95.44245544588804
556,245.85791513862745
557,198.34526433980668
558,5.413461139103198
559,5.66910384304601
560,142.48880980017333
561,94.85988077955923
562,176.29177374488347
563,2.9652529689961487
564,16.58332275788447
565,152.3960627492043
566,2.430213762546747
567,46.61498236279378
568,112.72885013305121
569,313.96241910371003
570,4.0652056500821345
571,209.37762637822112
572,3.2457267097025966
573,81.53015089960005
574,117.0447126539637
575,7.44268225673917
576,1.8205207374755745
577,2.9494314192621176
578,174.08306279455508
579,1.5685424180119902
580,281.9690167782473
581,63.26562775584884
582,81.10825595926451
583,5.3744822982328175
584,2.980802062214675
585,152.76100514993612
586,5.062793440464261
587,219.59951896067577
588,3.1096384696633423
589,190.34356081942855
590,303.7925583634682
591,148.85796357371711
592,6.901076810096751
593,237.37286420317935
594,289.1486215596082
595,38.547832885029194
596,5.331258583354543
597,118.98830451163889
598,2.567771987872902
599,74.11735701734705
600,146.6302451346097
601,145.5228413891237
602,39.37187682319335
603,2.1098480452626993
604,245.5789402936976
605,2.415593121512966
606,2.844694338940473
607,6.649204494554338
608,51.171502514670735
609,266.8347346975056
610,47.94554252001491
611,58.786105825976975
612,-4.076119711721713
613,37.3842606187282
614,50.43366350839891
615,1.8895397819368307
616,178.62292835585262
617,-52.668183043021756
618,232.0403365711291
619,4.792161685384195
620,5.883564877855303
621,174.04569107478693
622,103.78360321721863
623,188.90644049875866
624,196.21803928853052
625,2.4573077809525166
626,1.5648964794614515
627,61.102542615776564
628,4.39627482967466
629,227.60621200427573
630,4.349232698320915
631,2.1997404234882776
632,205.78316894512804
633,156.7528508639777
634,215.40738578765945
635,2.3924960461266966
636,112.71117330580697
637,113.25356996997195
638,6.680656392149689
639,51.292556579747696
640,115.1021414321612
641,6.850574373139848
642,3.1880316160903632
643,282.90391763029845
644,3.6315490624374136
645,86.15877307466835
646,72.17631252036176
647,189.35509933920392
648,272.34418769859843
649,373.0168713872913
650,328.4250239854796
651,109.90323765449932
652,64.01770922732946
653,3.249824176250418
654,196.50827120273067
655,-18.76893486895568
656,220.9473345127147
657,185.6819181112861
658,280.3823427441712
659,1.8770737936582038
660,116.74316471395059
661,4.119535183565084
662,125.69513013608776
663,3.501813029992785
664,-46.392751877818284
665,96.2620164691816
666,157.10956984158582
667,235.66415033156431
668,352.74461808189926
669,176.64588034711377
670,196.932311511967
671,118.26531236959943
672,81.97605979914164
673,3.9177240704260528
674,5.375226020791622
675,5.741691379376224
676,5.21867148695352
677,0.20088091221715
678,188.65448953136854
679,4.877200041658101
680,2.937820040690812
681,1.931223205236049
682,73.55326834403647
683,5.866217337590106
684,178.73458455149944
685,219.5772307700422
686,6.038025798258568
687,360.0108913647924
688,75.01802837164519
689,85.95525493936975
690,340.8178200711129
691,3.7318662368969346
692,79.8304869053092
693,5.018204207237478
694,6.517069234653807
695,-8.030654644496675
696,309.94053087797397
697,0.9190292580200179
698,230.05560598421056
699,1.8200395851790976
700,253.30618948108034
701,3.611653334556851
702,4.869597259027204
703,61.609062258254994
704,77.11828752024269
705,157.1543751332415
706,226.9544600138862
707,182.69979213834085
708,66.2433569694816
709,87.40183935550046
710,214.67049863474585
711,245.22054987554878
712,6.66805485058606
713,31.556806611276144
714,6.583401373315965
715,241.16918741201323
716,2.8501413638959914
717,85.83504985870846
718,352.78058292790143
719,199.86637666023324
720,4.630483795011877
721,144.23080971434
722,2.3700317179879216
723,6.383742643703058
724,3.019690246768907
725,2.687199904084613
726,110.16467637660449
727,244.59006848930045
728,43.21700946843034
729,55.17649491850217
730,50.42523841200963
731,281.4601971487229
732,4.462424188408898
733,6.461709536279992
734,24.751696005294896
735,252.46951749930741
736,52.42532692196845
737,52.02362786330743
738,122.73304544368077
739,331.35310383397007
740,133.95476021485618
741,32.268011201543416
742,276.542569307818
743,140.45764612525073
744,1.5975724317993096
745,284.6988855029774
746,180.83255351841927
747,3.5470675765637525
748,63.114070784787486
749,66.16980016354839
750,204.30295508899513
751,59.27334513318681
752,234.95539517255352
753,2.0099654014136297
754,254.19997040295044
755,5.794071791609518
756,6.036518242416981
757,187.749997399633
758,2.553619593310449
759,70.95986508842316
760,1.8019607014267827
761,207.769504283311
762,5.031949029588807
763,2.0887663919335067
764,92.46718837721468
765,4.6686126975411035
766,27.748584550516007
767,1.1140857222926526
768,5.037494312768618
769,5.858834164648597
770,1.9558140685880037
771,259.02972395018213
772,78.8354267269386
773,123.32039409218527
774,-11.526507864531254
775,53.63240689728694
776,4.176815310912757
777,264.028373948527
778,-16.94279152215493
779,148.59507536360871
780,77.79053171314712
781,317.0044231376347
782,3.6015364505174907
783,47.99097895286815
784,2.7875323548810518
785,55.28248749380364
786,126.20734664735684
787,5.449959917677436
788,1.885414255750517
789,184.37139161273552
790,61.019702228284736
791,-6.80952928198279
792,84.82655686128275
793,-69.4392138394116
794,320.90892354558093
795,-51.665686847919886
796,127.41713976189308
797,3.5415742603956204
798,65.25388242106109
799,3.385261251843401
800,5.918454025375265
801,214.94940038501034
802,73.6176757219681
803,143.2206864451237
804,6.727385817714867
805,2.143978925774764
806,160.54706673138597
807,2.7173608401812968
808,63.19874028764531
809,1.6145007984715503
810,51.30067149546383
811,257.4210526368513
812,114.90338620778968
813,288.4773422134846
814,5.84602286823127
815,4.639421808547423
816,6.977032371304835
817,3.192909881472715
818,7.804001297017418
819,5.191111852844176
820,71.0003493271293
821,5.872910765245827
822,2.0340628588771223
823,45.32751655161766
824,68.17500243216952
825,7.010612301206548
826,71.47396159472308
827,4.027686614805098
828,6.124017949686392
829,48.776244635209935
830,158.6978835196789
831,113.84990499891197
832,6.121551639527638
833,249.39880351170757
834,194.76590005320725
835,156.61221724369344
836,2.120333143790384
837,83.69816565380141
838,139.91431578462925
839,5.985330975889981
840,205.4434691827867
841,144.3897118471352
842,52.825417987399106
843,2.534232068581497
844,2.886620190570993
845,5.325509093798789
846,6.42322135396269
847,5.4548564895638485
848,172.8305753414989
849,6.191435852536438
850,82.97825944241387
851,19.478700288475935
852,34.98597377282539
853,96.65075012120312
854,62.98720085027419
855,7.335407042798597
856,227.68048129371698
857,79.85081123337956
858,82.05157866819386
859,225.31786701620328
860,2.086447358909289
861,3.5237211358834344
862,2.873845170398904
863,101.27974308734787
864,248.726791737309
865,265.8192494795884
866,199.7538155328155
867,5.018147447362186
868,113.62653056690782
869,167.0608034403441
870,127.96893217430033
871,150.60869971853242
872,143.75149603826986
873,2.9678015990526485
874,93.2108951857237
875,6.21155894978218
876,111.27973497543371
877,46.23602345071612
878,181.41646967173102
879,5.474041381180212
880,6.779195280123501
881,156.3809410797697
882,5.862422541157258
883,239.43833858895763
884,5.880692371764262
885,182.67097924053377
886,53.941182177504615
887,2.4885111707329926
888,2.1137672255493207
889,275.92097856820305
890,4.227233339338518
891,2.6821186124141594
892,57.219327545504115
893,4.89311554570218
894,-11.549867978096195
895,3.478075881375374
896,212.37305856086448
897,2.583860266555758
898,227.03392037262432
899,-55.74162242744171
900,243.37165377914795
901,3.9449428834795537
902,202.53796846460978
903,4.986006463194013
904,122.96462891286957
905,1.9409737358278396
906,1.0906293430694962
907,202.7005172796113
908,16.20168136717032
909,75.3229249005962
910,2.3030402445642997
911,6.639462291710659
912,275.52315495266276
913,155.34195974630407
914,276.03080474429856
915,129.32541551716793
916,119.29719364534955
917,4.113103081659252
918,2.282770513417937
919,2.74035009977563
920,386.5017347884552
921,116.31885943378293
922,198.80828249238672
923,2.419275713951756
924,118.5880415879978
925,192.24216400269103
926,54.62543930192638
927,56.126185355978514
928,5.1446888656026095
929,39.08747140527154
930,26.102799446613208
931,206.80747757458067
932,181.56475330818418
933,5.427910409318038
934,2.0798181786821295
935,188.48946790303793
936,41.2582797992104
937,3.730986469172512
938,4.529956313562337
939,73.26673058312855
940,1.5278593521480088
941,5.829317678297061
942,4.868293236945469
943,121.52417498409511
944,4.578474447090977
945,2.0064498341570736
946,57.81081782118052
947,27.475769103690965
948,56.58077290736511
949,232.69569898264413
950,351.34838352456813
951,11.319433861610129
952,-14.321478652673683
953,6.246331019115779
954,257.1562380395934
955,198.49765973022033
956,144.4507990113944
957,2.6098211432347966
958,2.876169382334485
959,206.57807626947132
960,52.61133037264926
961,162.63175336130644
962,3.281397213864118
963,6.3079151183808015
964,5.005754227412805
965,6.2853159127506935
966,3.342102719237983
967,43.224435401936105
968,173.80711446514778
969,194.01315366930893
970,6.306563301492938
971,369.3045498033807
972,5.310419675361912
973,107.54161769016375
974,5.609499147820179
975,3.7937773609202257
976,5.203930097624013
977,196.6158657553801
978,297.28798370178777
979,1.8944623017725828
980,1.8618202355011344
981,20.705334242682113
982,41.48171845883125
983,306.56744448659043
984,320.08474048578955
985,267.6655896305296
986,106.08252950131839
987,2.945991863113612
988,243.3498922191999
989,356.1581748992702
990,58.25956600238028
991,4.092104894500858
992,312.21364049967633
993,173.84263116799386
994,3.541968790644227
995,-8.774905726566772
996,-6.042830613045902
997,2.062674492275761
998,41.99440814763105
999,62.87631391341304
1000,-18.250554698095204
1001,281.10814141132096
1002,148.33917990108725
1003,5.3664287329752955
1004,1.211261288686882
1005,1.9262084094154819
1006,3.8260600741895594
1007,154.69237966282802
1008,1.9752178933075337
1009,6.359230225291967
1010,4.1162062693212125
1011,261.9844583626583
1012,13.880733278774494
1013,200.8835436926225
1014,45.449171173566505
1015,238.86089694657664
1016,6.554121441978431
1017,5.053837876274356
1018,3.569118325155906
1019,6.550621753144586
1020,4.486839367878322
1021,122.45294097637888
1022,85.29831954396
1023,190.77725862347913
1024,185.92035592287738
1025,5.28476443467486
1026,4.228143244919484
1027,4.966408168572331
1028,89.20118171827053
1029,3.8151056540737738
1030,39.39806278361041
1031,282.1342874292026
1032,3.059048687698109
1033,2.2592183615569543
1034,245.26524626644436
1035,1.4234863912409879
1036,247.7589382529819
1037,6.978627692229038
1038,48.76518538469067
1039,3.582535140862749
1040,-28.548107386810813
1041,3.294736776033414
1042,3.2791309316377775
1043,3.574999587094558
1044,340.81871857744125
1045,136.7683340603972
1046,31.373663310792487
1047,224.5714120322022
1048,1.8416374022002513
1049,2.71999521317458
1050,6.340758919879463
1051,56.55713054702921
1052,176.59420866347762
1053,254.56992572309235
1054,6.402413495350538
1055,42.619388042073325
1056,34.376868933069005
1057,4.33032321030335
1058,2.9299480214213816
1059,2.9353374313557454
1060,89.23227253214858
1061,3.7548984758299495
1062,6.014217662050923
1063,295.69508512402297
1064,266.69190292780945
1065,83.51122572753962
1066,271.38325490609833
1067,265.02277871275646
1068,6.192568062670936
1069,4.411700659506512
1070,316.8238706381885
1071,185.27257773632795
1072,5.208974633768661
1073,4.018831206244029
1074,6.2850112924925465
1075,4.624900483905368
1076,294.73090585367004
1077,6.285827301774555
1078,154.59704237027066
1079,2.942548707038596
1080,2.634418898141864
1081,5.834506504295195
1082,4.302881761828114
1083,3.318108797217782
1084,6.134221950140926
1085,123.88472479532265
1086,165.92750124295966
1087,48.29100411985719
1088,261.8838302845408
1089,8.43546605815509
1090,152.25287903940284
1091,252.10413430711333
1092,5.8649201815828125
1093,4.477208067522763
1094,6.5989078188629895
1095,3.7623866664812415
1096,2.871097972227912
1097,4.921537242283945
1098,80.47243253979453
1099,114.72671474807116
1100,5.459598782956812
1101,4.704688269878627
1102,6.299890138430946
1103,263.06494780399106
1104,4.620999344528128
1105,106.61649039458322
1106,5.799322286848547
1107,6.199759305995659
1108,8.881232197640568
1109,96.87541541443525
1110,78.89665982931521
1111,3.184933966791281
1112,213.2665505018026
1113,2.765526451607139
1114,180.47980024973725
1115,-6.483176897923914
1116,5.409813646907645
1117,288.8387177640142
1118,281.9739955156265
1119,4.797741977050716
1120,53.913295380743364
1121,8.808139164657096
1122,241.03529516137274
1123,3.4867121611092173
1124,187.70465996755468
1125,2.693643966332573
1126,70.38651716186345
1127,5.989275813171348
1128,-46.46079012718326
1129,144.57009701710302
1130,6.60656917293265
1131,33.81887596964041
1132,4.822844135449273
1133,-60.137069369467625
1134,199.46028659433267
1135,202.8826239334818
1136,-54.23807356231121
1137,3.982816522519744
1138,53.127083872172804
1139,110.50774916222812
1140,115.71105086105977
1141,218.16663987154922
1142,139.1995009497505
1143,26.83634993381162
1144,-45.51131573730897
1145,120.765665803045
1146,69.46249398679947
1147,4.427947549066959
1148,68.76403091536073
1149,34.226597007752304
1150,4.307057166642624
1151,1.2347341189254637
1152,3.4916392543957495
1153,4.372653220698981
1154,33.94986685967805
1155,170.18192638651252
1156,6.614524378980077
1157,80.89069320350762
1158,208.4457894599076
1159,108.84484834366646
1160,76.09719183413432
1161,1.7271153164572308
1162,5.663449265961319
1163,5.465158230227363
1164,4.916654251690971
1165,201.60040766070375
1166,35.074575803925285
1167,-28.763982061078018
1168,5.160355531520706
1169,176.5754758201574
1170,5.001008947756189
1171,4.277739486362011
1172,-28.302452281373945
1173,3.9511480587812704
1174,193.13973560548584
1175,-50.242467901011736
1176,246.74270837937544
1177,2.25933837792098
1178,145.349536499306
1179,2.760067742946434
1180,2.70904753329898
1181,2.156524296471854
1182,129.57217462786036
1183,7.275987543118904
1184,4.169009179211174
1185,279.4320208912651
1186,134.01639268663732
1187,4.130058855039731
1188,2.868099807154951
1189,119.63902668372081
1190,3.3436923150379014
1191,2.9428846659552628
1192,4.954332059770305
1193,192.94638049862817
1194,5.497161518242463
1195,2.098841369817695
1196,267.02623440080714
1197,75.16477521116119
1198,3.0479114579184836
1199,254.83905113412743
1200,42.562034877616625
1201,228.3222247870238
1202,85.0652608281363
1203,3.51611631567306
1204,175.5765779909222
1205,1.8607884730045312
1206,161.84244281322438
1207,129.34067885601473
1208,238.6842089311042
1209,247.91200465851097
1210,200.5301622025556
1211,214.25110896940055
1212,6.137460101454151
1213,3.694490504242986
1214,199.9415000088191
1215,120.97604660514381
1216,232.56191202449605
1217,182.2376441215451
1218,-37.054421194622634
1219,6.10987952453687
1220,5.721780115723412
1221,253.1832214503796
1222,6.184575728720665
1223,2.491723987297401
1224,2.7780368945710494
1225,124.83387261760414
1226,1.3773428087820019
1227,4.679474466786077
1228,2.4185948471697567
1229,37.43693819280508
1230,112.06703409840503
1231,229.9731408973724
1232,1.823207728479824
1233,-38.40895289306292
1234,3.1525263629796467
1235,14.779641098901156
1236,260.7511133949482
1237,4.197812636909951
1238,2.2155536396437214
1239,1.3318365718729082
1240,41.09273032899172
1241,2.0824825356920527
1242,4.325444160051287
1243,5.406652381587927
1244,187.08836008182882
1245,3.89045257972053
1246,254.0698270073284
1247,5.405297285524001
1248,118.70356126152735
1249,148.77015155542654
1250,7.47701448098896
1251,39.67280095681119
1252,5.608662492336867
1253,4.045140353286579
1254,4.190275016449793
1255,32.94347964667806
1256,72.0175685748408
1257,134.7938629463556
1258,273.7264352282827
1259,51.02407539454995
1260,259.4274930317039
1261,5.702319013120425
1262,5.505537231634241
1263,188.86391779887933
1264,1.928379095438634
1265,11.731119430557138
1266,130.52679051642323
1267,2.378408832434536
1268,6.495177184157312
1269,256.9173928693813
1270,-55.02240199436203
1271,225.19732827852204
1272,54.62543930192638
1273,28.57791162470962
1274,222.40872900975643
1275,156.90367194000964
1276,38.34550721267898
1277,4.07419652604329
1278,1.6628037634976647
1279,3.925739170289475
1280,-62.234463977028184
1281,3.5053926045027546
1282,72.49398476671638
1283,157.44584511729326
1284,3.014790091049945
1285,-54.05742937117347
1286,2.429552146836035
1287,49.05092472095462
1288,145.0405667390939
1289,4.496294094245478
1290,224.2616575571091
1291,3.2777207848792282
1292,48.66865159865157
1293,103.32138551950217
1294,259.79847995140545
1295,175.01726000839938
1296,6.162481195473951
1297,46.632614458480376
1298,-7.110076457923118
1299,5.007130140746888
1300,167.0637432201092
1301,225.07940425753168
1302,202.36119473747647
1303,6.346911954096875
1304,3.5465390508257744
1305,5.218407981203337
1306,56.9685675208178
1307,155.71235460262955
1308,1.8833510239582127
1309,4.834270688904214
1310,338.1963335955296
1311,2.7467184273283225
1312,6.885648950940187
1313,37.51298128495452
1314,200.41826330543992
1315,164.95277349479596
1316,268.21776133208164
1317,65.63197622551596
1318,2.0849716136456187
1319,201.63549122955902
1320,239.40434661983818
1321,11.290384650651722
1322,53.26894749648615
1323,270.425023604513
1324,241.05955968966347
1325,47.0863300547385
1326,61.51684300942101
1327,241.8284020276098
1328,3.1985004506056143
1329,6.108929055439226
1330,125.30720247355751
1331,-13.43884126152743
1332,308.1055919081108
1333,1.2422016398728042
1334,345.41784240794277
1335,1.8801267936529633
1336,89.50415193731413
1337,33.670738926754254
1338,243.9051762699002
1339,6.764326796009548
1340,199.91432531099588
1341,244.27822708192167
1342,186.87440366327868
1343,48.470528260500146
1344,115.22577022154192
1345,3.0290305915580396
1346,54.224855232399534
1347,88.15113935797069
1348,2.820548422724512
1349,197.5980290908867
1350,46.31850105935375
1351,227.8343968612118
1352,2.7259180577654045
1353,17.889354751250348
1354,4.6559820112530765
1355,5.924324570519147
1356,3.562183024842665
1357,5.6216636450370885
1358,6.675661082002119
1359,1.6534850329009574
1360,306.10501361264835
1361,4.422420697393426
1362,6.43493447787943
1363,68.98997048352321
1364,3.260966582962614
1365,5.86230141304201
1366,6.5522166476184935
1367,5.864632145552322
1368,9.760675994320671
1369,184.58478068476956
1370,291.5715931587932
1371,218.43433833045782
1372,30.45051224970927
1373,3.4601581737609335
1374,205.38191166072494
1375,162.5723115579496
1376,5.163236391871338
1377,4.8975315910819575
1378,106.71398706625001
1379,91.82021848626877
1380,107.68921719200597
1381,240.78050999777463
1382,91.58094908040816
1383,59.14176864384331
1384,-9.069096653899177
1385,153.49992745493364
1386,2.4592017460237208
1387,75.50222596493947
1388,1.6623930127025122
1389,222.65461926555565
1390,169.7899449369393
1391,89.89576540619245
1392,48.915507022809535
1393,279.11753853726066
1394,-20.658122650597498
1395,43.340865079755666
1396,181.65851837399651
1397,5.4981269469071625
1398,196.32514488014309
1399,1.4786403821888108
1400,76.43638243681828
1401,319.77252844166844
1402,50.498219839414276
1403,295.1044753475958
1404,96.620750605934
1405,117.1472103905245
1406,1.9476534717496088
1407,113.82377379958058
1408,7.714753790326856
1409,3.5850238728327932
1410,244.12567820158188
1411,252.7259080297888
1412,-39.32517429372021
1413,123.984497571198
1414,254.61045101638848
1415,2.111070383367147
1416,2.76146323791452
1417,4.283532881686796
1418,314.924233499781
1419,143.6225236373022
1420,4.49837623790413
1421,38.4753689538541
1422,6.702707828431774
1423,3.1926215774391364
1424,5.539976601536202
1425,2.227412896403398
1426,-16.388437067931655
1427,3.7232683173422148
1428,4.71470516935492
1429,3.1294735214764104
1430,3.8467168928574234
1431,6.372488581524163
1432,194.0559576997855
1433,2.899286952369856
1434,6.395879487280109
1435,4.593300968503723
1436,-54.86979685392863
1437,184.72710021363042
1438,138.04853191444528
1439,6.375756633716346
1440,2.7406439549694053
1441,120.76609846599784
1442,179.5342542127662
1443,43.93707302017674
1444,5.728226222472573
1445,54.42544703205756
1446,273.6821415445514
1447,248.12528971796385
1448,-17.179125528043944
1449,5.874304145618288
1450,276.88647894984257
1451,138.24706066391266
1452,5.3778603262240114
1453,5.598654688926972
1454,174.52317656443782
1455,70.0470604377283
1456,-2.7689364972922457
1457,7.889853303511217
1458,4.822766128680769
1459,298.29584287065677
1460,335.4583563028033
1461,166.891877097112
1462,-6.919255702862008
1463,80.82434135601622
1464,5.846022733203448
1465,2.968810621845695
1466,236.1680075216572
1467,5.686513792190583
1468,5.3579423220463855
1469,33.33423695104293
1470,3.842587652824789
1471,39.51098341848924
1472,6.755854119695563
1473,1.953300052355281
1474,239.929124195542
1475,91.57320032964702
1476,6.643621046506071
1477,2.433982577683337
1478,138.19809620761293
1479,5.085308514513647
1480,114.36048602833148
1481,5.904916591512168
1482,163.67636485505295
1483,6.128700452911772
1484,250.5325785512273
1485,180.89839585998973
1486,6.62592618948226
1487,3.6122072779784453
1488,89.21922932415875
1489,-26.568338182538653
1490,95.21746874596218
1491,3.6921522538601996
1492,2.047616612531784
1493,7.4508642263820635
1494,5.491554907258109
1495,27.83964531239313
1496,7.63876474683785
1497,66.1919695519295
1498,5.730044783621782
1499,81.47997235132462
1500,7.095110667515491
1501,5.872381857134544
1502,111.38878955865297
1503,5.734836428208307
1504,2.0704466757167137
1505,4.701499274719559
1506,180.59149031352163
1507,35.957662915289106
1508,86.04188307621197
1509,59.59561611048048
1510,3.211266894861435
1511,-20.16214262859369
1512,60.68063002260539
1513,5.12217229919932
1514,249.1961955234579
1515,30.326704606317282
1516,2.8580064139585977
1517,341.96719232419673
1518,4.302332836386952
1519,240.50591447960426
1520,5.121476734693196
1521,34.856978539486406
1522,4.966295769087948
1523,2.997802949715122
1524,129.53712802790878
1525,-30.778704102865298
1526,2.509677626410528
1527,5.366851527918684
1528,2.554550969229241
1529,216.07563325706255
1530,276.6824723096237
1531,3.6767587851966583
1532,5.919163942806804
1533,3.8298091922038306
1534,10.725915940436558
1535,75.78586913963687
1536,5.945521408510931
1537,2.5971580728993473
1538,290.8112553171005
1539,154.18329048136394
1540,2.135952251957177
1541,118.47118993721554
1542,3.3364220276623593
1543,21.817024724936076
1544,7.901216542125548
1545,3.5720169065568617
1546,4.457231125526065
1547,-37.99749815079208
1548,199.91767258275806
1549,46.65419805843265
1550,3.7756086108822116
1551,2.311902120002822
1552,236.52243157848176
1553,6.050505055263064
1554,281.01157721336114
1555,135.12656112759026
1556,3.800607811634436
1557,13.40208007548304
1558,3.689314720641065
1559,240.23096185156933
1560,206.36165158635637
1561,193.49430608195752
1562,244.86276964189756
1563,97.85322731537283
1564,3.2730550371421696
1565,92.45689519061048
1566,3.7325660302494015
1567,20.56562968589953
1568,105.41636217941937
1569,16.968339968957476
1570,292.18930636681785
1571,2.884204223196688
1572,80.46246013725343
1573,2.2834907637374195
1574,5.004259247527354
1575,5.728876872661772
1576,3.9677675033674893
1577,5.544293969274566
1578,86.76713883944089
1579,5.108533184133195
1580,180.7171324124738
1581,272.27003161555587
1582,6.748538639172148
1583,295.0430944640315
1584,311.512347403135
1585,6.337216126837454
1586,4.859448835725393
1587,57.81741290332627
1588,299.2388759851421
1589,7.171513704698439
1590,6.009537999228387
1591,159.44215103378247
1592,7.104929153885123
1593,124.71614034876572
1594,140.41963039995403
1595,128.76667294065558
1596,5.6518569338697136
1597,56.26997744460622
1598,6.7032500548914005
1599,3.745790509593465
1600,4.294956551254891
1601,2.728860690288674
1602,5.901903095631352
1603,284.42096029417405
1604,39.60350296467614
1605,124.79063702549061
1606,265.9052410746291
1607,-19.377501079519078
1608,3.4324582281251526
1609,6.935905337126925
1610,4.192886675312934
1611,204.12661228478646
1612,82.72433543238421
1613,2.339468256284603
1614,278.6596547809579
1615,5.755818944066393
1616,3.834345892593033
1617,185.33264634283734
1618,226.2441709519261
1619,26.036545799341848
1620,79.7523271518349
1621,2.6324648642536146
1622,2.581801920557564
1623,2.7421285494884344
1624,249.68220515502227
1625,58.34007089837586
1626,1.6377497512722587
1627,45.171212897651
1628,3.597753768077553
1629,206.06832854912983
1630,138.90617761064578
1631,3.2146455930034734
1632,300.40261071797875
1633,5.2107750145147405
1634,15.566225738786674
1635,3.484684700359036
1636,4.8646107740230065
1637,6.476633531688843
1638,211.77397809023466
1639,52.3905129729796
1640,4.485978720461413
1641,317.1274123609724
1642,133.29202093053976
1643,194.38925940170535
1644,123.9265826805082
1645,179.38834156855506
1646,6.0841015620305114
1647,6.62923804895828
1648,26.50414024583504
1649,4.3909955651540615
1650,87.93670937392349
1651,6.480758047503467
1652,6.9998831087810345
1653,231.20196426898073
1654,6.508500407687507
1655,294.83642934744125
1656,57.64944986779609
1657,1.2790060683993518
1658,295.1609166506572
1659,2.125661439425129
1660,-20.652678095608405
1661,6.688838688680004
1662,184.78382710002444
1663,5.873350554930434
1664,122.12404201318051
1665,1.1871622618868505
1666,97.46046450065231
1667,-64.23863654009207
1668,245.54736578312117
1669,53.421487837578596
1670,2.024047414714363
1671,2.236093452036973
1672,5.478096892413514
1673,4.381146249585728
1674,147.92530114257113
1675,2.1379453101573027
1676,-58.09714688114451
1677,34.568876675308104
1678,-10.784641845512313
1679,236.6807242291652
1680,97.69137963886405
1681,1.3651682880683478
1682,3.1678857423888207
1683,83.11157591646705
1684,14.089497128256582
1685,6.676297441298408
1686,139.82494893638042
1687,7.078154111965798
1688,179.41898180943122
1689,279.01941217228773
1690,3.1087692839068244
1691,3.737969213384688
1692,4.097816406769399
1693,2.7958040192414484
1694,70.54412069068181
1695,239.45121424645123
1696,142.31358857776814
1697,2.0398083245125207
1698,218.70928589981452
1699,182.7905300524277
1700,126.03389402023824
1701,269.6066982472968
1702,-56.77277588562849
1703,5.559351603891285
1704,5.56500853824984
1705,2.997653069263937
1706,99.32234925230358
1707,5.358530967348566
1708,74.89631402365035
1709,132.55194529781556
1710,6.434620740916365
1711,70.37714931832966
1712,1.871113481933235
1713,5.932071094529565
1714,-38.338335142898174
1715,5.133017669239631
1716,2.275031379281644
1717,43.96742016535961
1718,121.61863188426216
1719,28.80110013410028
1720,6.235862554686301
1721,237.55286434225658
1722,3.7190365483369576
1723,141.58636233083826
1724,126.73275413426033
1725,4.012850241376469
1726,3.9696488158319525
1727,256.7178706090351
1728,4.565625157826633
1729,3.6529932412808477
1730,40.14852802537884
1731,220.97521971905175
1732,4.7096276102081305
1733,374.6774725892499
1734,271.2038565604404
1735,179.15235296664918
1736,3.276363983351903
1737,308.5010988115444
1738,284.5505260388975
1739,236.02569540561558
1740,95.97898392831495
1741,82.15846113456536
1742,235.7571577020738
1743,5.282093597301547
1744,115.6257092746921
1745,22.18879061266957
1746,3.59396248862557
1747,7.338808022146393
1748,199.55836043414445
1749,3.562911160384225
1750,95.72764227772059
1751,37.85656072081666
1752,6.914736065821899
1753,6.01137724927384
1754,277.03805914333986
1755,225.41836441298864
1756,1.914382069074672
1757,221.86946061480396
1758,330.2716611759794
1759,5.050855358800179
1760,306.08188368295237
1761,246.31499072778743
1762,24.689005912154673
1763,34.205306412916656
1764,5.211469299363738
1765,4.685126033661974
1766,221.53316093979453
1767,183.86700606098617
1768,5.623023559539402
1769,58.130736641722024
1770,72.56329770084139
1771,2.6166791789414887
1772,226.5449588913587
1773,275.5685109128648
1774,6.503604517268444
1775,289.7055480606016
1776,2.232924344936631
1777,-1.6504220033152863
1778,15.647789333779512
1779,-36.980290795266626
1780,118.4509416448264
1781,5.675435487715156
1782,185.56016262084313
1783,233.66594251721818
1784,4.019548744058457
1785,36.1521137945711
1786,3.017508774958409
1787,67.26468789277466
1788,5.242009278737437
1789,2.399189982162484
1790,25.690729219793845
1791,3.7461242094432423
1792,2.889650443900657
1793,2.059999406614393
1794,169.55063645695245
1795,189.1692372287475
1796,262.89286154924446
1797,148.49584527817672
1798,6.572178547536944
1799,212.32470827494518
1800,119.34781634006214
1801,4.829885143106367
1802,2.2578027369804845
1803,136.12691694702568
1804,4.0239118104298655
1805,173.71079414345826
1806,5.715904617994887
1807,286.39259929838306
1808,165.26678939507923
1809,66.49888938166858
1810,4.572586994690957
1811,2.7456324442135176
1812,32.74602768136555
1813,3.5968965722677284
1814,146.65588570985807
1815,233.26324618878772
1816,5.513940693784272
1817,106.51076514376183
1818,62.28984048281686
1819,234.7616790808497
1820,6.905185323599577
1821,3.159825754295433
1822,281.5182499408111
1823,4.964620433501674
1824,72.74354636477909
1825,2.4142326677564663
1826,5.9475264473804454
1827,4.800721026739827
1828,2.1311463990375974
1829,193.89080210195712
1830,223.7980540528697
1831,6.755185766246299
1832,60.78329767511283
1833,3.1248006865675615
1834,3.7290866934256197
1835,104.96203654479606
1836,6.475588644632996
1837,6.087288482234515
1838,5.873350487416523
1839,120.97231444027153
1840,-2.3355075174874633
1841,-76.63376205512205
1842,245.88649831031836
1843,176.208503736904
1844,254.61045101638848
1845,150.8429751413501
1846,44.9022881339951
1847,276.8009887420118
1848,116.88109410469747
1849,3.734386206809767
1850,5.738082198923665
1851,-68.19829974253767
1852,6.555363935573383
1853,86.25376678553678
1854,58.21374036450592
1855,5.379364666924327
1856,190.6313132709759
1857,2.524272309668266
1858,4.991376086740572
1859,6.310474341595075
1860,5.80319655601544
1861,151.07784965823845
1862,6.328969131415434
1863,68.04653088483497
1864,68.33046167622578
1865,219.09916235826682
1866,109.96274420994642
1867,75.91249115817034
1868,277.3758150148612
1869,147.98083101108762
1870,3.4282284210052136
1871,253.81627542107742
1872,43.04296153903199
1873,2.8109798758672024
1874,23.170885452891284
1875,100.03131801768951
1876,3.3655250671952137
1877,2.279237098772821
1878,62.145174748489055
1879,60.45297290711328
1880,249.94455367855272
1881,5.8112749833534245
1882,101.02987802427484
1883,6.118027637701461
1884,74.17033914960028
1885,300.3110821317366
1886,271.75015792940417
1887,3.2710341245202263
1888,194.8566397524981
1889,241.07841128508727
1890,2.329306988499238
1891,253.68748113499345
1892,213.82819259711505
1893,4.458704084960966
1894,2.003156758396462
1895,2.0419064608855746
1896,5.91504464007911
1897,58.855050031382085
1898,-54.60851101519522
1899,3.0665309783238905
1900,5.871046909722082
1901,277.48436632103426
1902,233.57906967376883
1903,-56.29840965815649
1904,76.88182159258113
1905,71.68442602556004
1906,170.73182797155818
1907,6.7366621088768674
1908,6.083239001130184
1909,120.15867545503158
1910,6.265867201328232
1911,4.941200589587844
1912,4.075075572484934
1913,73.05011163856716
1914,-17.627262894252276
1915,7.194390958233334
1916,1.2447489833875074
1917,3.357077283312932
1918,155.30640986356525
1919,4.783576473832322
1920,4.638883254014973
1921,73.16508903370837
1922,3.1126080170416808
1923,6.504992804637057
1924,2.823043150670891
1925,4.429035705205253
1926,99.02070573028928
1927,137.17597908717073
1928,3.7749139216978262
1929,47.99097895286815
1930,2.807670276800585
1931,5.9792796928258305
1932,4.666352378906696
1933,2.8923277912818266
1934,253.76128888529425
1935,6.303124950317643
1936,4.8909416135754
1937,37.54913011370561
1938,-23.409883714981383
1939,2.72306235164816
1940,252.32962912899131
1941,3.122044108469864
1942,238.934216925192
1943,3.7080887245953136
1944,228.60243882684398
1945,291.7149366219745
1946,5.693055089920291
1947,88.83071722964893
1948,5.767388507361417
1949,17.58240216711824
1950,24.33675527339639
1951,2.5350937396548803
1952,43.2691339006483
1953,396.25188371069487
1954,2.7596755408344373
1955,90.4303339829672
1956,1.9837778696407178
1957,126.97519463537934
1958,4.262875237910606
1959,173.0044474113056
1960,47.51748042589418
1961,1.0353575683437484
1962,4.16021557342448
1963,2.938147599926551
1964,4.87773496306769
1965,100.7395337990772
1966,3.0744182742428787
1967,5.009723815082647
1968,272.8560794405747
1969,60.42925993718991
1970,5.669152732787616
1971,1.8529733014664884
1972,106.7665144559173
1973,-34.77459433085285
1974,2.8226882333250822
1975,3.0061760874364962
1976,310.5703971818412
1977,1.6543379330189791
1978,213.99877531693073
1979,89.4066878408733
1980,268.6339293864521
1981,188.90427547759262
1982,117.8817754469894
1983,68.98889390433143
1984,8.454314394499454
1985,4.847411999859134
1986,3.8636860159316733
1987,6.178120110744154
1988,1.2104916563555974
1989,5.818627130396514
1990,4.9324610377374825
1991,16.560015988811838
1992,4.303666258740234
1993,29.842701364080593
1994,1.9365043100251114
1995,106.92883558484239
1996,3.7669133193405084
1997,2.6059201769290996
1998,5.62452656921943
1999,319.2352060019899
2000,5.8623013455281
2001,285.77815495085736
2002,-62.67567195832508
2003,6.7222360729465915
2004,337.15310285464057
2005,64.93672603106229
2006,4.941145709018377
2007,45.90271957899881
2008,226.16735213857908
2009,144.46125177142812
2010,314.3188071032152
2011,6.017418277046888
2012,174.14662981298682
2013,-36.17523893457978
2014,281.0235415258105
2015,204.13232269133692
2016,35.16859560675855
2017,2.6775218324789845
2018,89.30441259341207
2019,74.54111582408821
2020,6.737314730307838
2021,4.413520801334816
2022,185.42990860703594
2023,109.20962809979243
2024,2.786112583740896
2025,4.097033786010525
2026,77.96668050041211
2027,5.91157302955387
2028,6.2991759815792125
2029,48.56490198867704
2030,306.29246325787346
2031,92.45025989047004
2032,283.30253208195893
2033,227.4474370095574
2034,2.5599378575511684
2035,57.26261711215302
2036,186.99612286453655
2037,5.300449241746503
2038,3.1919604242869752
2039,2.8930702894040006
2040,134.7644929676468
2041,228.80238106330404
2042,4.239658819121648
2043,189.78040591113685
2044,2.7188726334461513
2045,93.18268884091839
2046,286.3530382108018
2047,5.313317920544903
2048,-25.22194872373511
2049,2.0102432561386654
2050,346.0953566969549
2051,3.7508556419007646
2052,3.5537804296979187
2053,250.62509075459332
2054,4.632901219130582
2055,3.6808154388874383
2056,-46.680665459926445
2057,187.21331880627324
2058,-16.807432831978474
2059,5.138380120306019
2060,25.96217663500728
2061,2.337073516432919
2062,190.9271818276132
2063,3.6004639911586653
2064,3.6170918268520893
2065,3.6979111172550594
2066,1.9670910860913826
2067,6.057984426698152
2068,3.0731711187752784
2069,1.6956823748598395
2070,282.98458995573156
2071,299.2388759851421
2072,4.515760758312534
2073,205.55162648286546
2074,373.98230462758625
2075,246.26918997013604
2076,3.6181348022233406
2077,2.706094356581345
2078,3.9610890217815156
2079,4.442562729366469
2080,2.4324168358934024
2081,3.212995036987575
2082,5.684733114995814
2083,37.81441219244297
2084,2.883628673956762
2085,5.175013860901528
2086,108.6682988024894
2087,94.6411231554205
2088,16.90617637472701
2089,84.49991275603901
2090,247.8130989720707
2091,195.16486242163353
2092,-93.4988796675432
2093,5.362909058927084
2094,3.8273420045198447
2095,103.19558748961057
2096,49.707026056511125
2097,112.43630721746088
2098,5.547162054380883
2099,-28.493783115822353
2100,19.47990166520804
2101,5.808215263764186
2102,6.925552645871114
2103,79.30027066628068
2104,62.167316116426605
2105,19.060819651620612
2106,315.18237843989004
2107,7.190288674632878
2108,6.924615122000763
2109,5.898611408882955
2110,240.54702846732624
2111,3.7884948428935052
2112,44.53011874830916
2113,91.64787761626519
2114,2.498640375900269
2115,48.03165906867805
2116,3.8402615183578153
2117,3.5490623339465257
2118,3.6538015708932354
2119,113.31650539071882
2120,4.040806403523078
2121,192.83992212446844
2122,237.27097768026567
2123,2.9159987474532265
2124,1.6364953196287546
2125,4.840963176000187
2126,6.049712105396987
2127,55.996674760869276
2128,192.3450500714278
2129,1.7696122070037583
2130,2.1262523302096716
2131,5.43805477239166
2132,6.007352658554034
2133,224.8322991971412
2134,50.05870723471374
2135,228.9149207687297
2136,29.74063681590237
2137,241.25504610072355
2138,3.2555893608511024
2139,64.16475839313956
2140,50.18644286623285
2141,52.543447385907754
2142,5.484789609165887
2143,-3.4744307270483814
2144,165.542062648288
2145,43.61493680165337
2146,4.280569091615696
2147,4.605662588283877
2148,91.05918418086736
2149,-57.66431837711428
2150,-0.684651691720854
2151,59.00572547511106
2152,4.846443799897966
2153,3.385616581094
2154,1.837879074103571
2155,2.377410309484715
2156,5.873350487416523
2157,105.65848419308674
2158,3.8898958930428122
2159,324.35455998387965
2160,225.4733247631318
2161,316.1338389790883
2162,1.8954261999993325
2163,306.86578568932424
2164,6.418586277853412
2165,2.962397534134352
2166,2.0982280658146863
2167,26.903271505962493
2168,306.76723812086504
2169,2.2117496271824715
2170,2.5856159457046175
2171,137.7434453445197
2172,5.431469428354178
2173,262.8976636699875
2174,260.8442490148133
2175,1.5935136011308448
2176,4.676095703761097
2177,-41.47388853938759
2178,4.231743179274112
2179,74.3968904400668
2180,276.35035775269694
2181,2.443305903093931
2182,176.70656155291286
2183,191.46701541171797
2184,5.874304078104377
2185,1.927733246919833
2186,2.971565013292852
2187,4.65786171061047
2188,250.233099157494
2189,245.40203405595798
2190,70.04918132605725
2191,2.6394550187555605
2192,2.9778721205670227
2193,153.0797555764757
2194,3.43926719781434
2195,4.937246162780073
2196,6.553774371556969
2197,1.9858463066472027
2198,4.170236392643094
2199,3.3693474293141064
2200,1.7375118842261061
2201,3.971331140129083
2202,72.25712103399975
2203,2.541314153000214
2204,1.921425354766917
2205,83.05234710144677
2206,5.34189266328696
2207,175.8679885798361
2208,4.8735766155749705
2209,31.1889308411199
2210,239.7441042983479
2211,1.7873485898416046
2212,4.3597132953062125
2213,6.546273504767207
2214,92.39818738582612
2215,28.837816272213193
2216,76.06955407533826
2217,4.920114364930549
2218,38.3101774876982
2219,2.6873721531775128
2220,5.520855189964088
2221,3.4060044635571596
2222,-60.219002552138846
2223,210.28920183023888
2224,-27.786281558384452
2225,172.39560450980377
2226,-24.067434490288882
2227,60.94996122438518
2228,131.3922118603454
2229,186.95849586195664
2230,3.1544852585710563
2231,5.491948995240735
2232,4.3981318353664225
2233,262.40397408931574
2234,210.55059508409707
2235,216.1771119396865
2236,3.4609686698004
2237,3.296385069662059
2238,256.815776750547
2239,95.09054156089611
2240,244.9399352976585
2241,2.7727651771720634
2242,252.76360715846067
2243,6.210531556172434
2244,96.5986965758022
2245,228.0667298269126
2246,128.8890934277785
2247,245.6599522701967
2248,6.196669989053241
2249,291.5101954549498
2250,141.2477996668881
2251,5.229542503571041
2252,240.36796227482824
2253,6.090092782448146
2254,190.6195054752741
2255,-92.91656128044772
2256,37.579915490923256
2257,1.863346900583014
2258,3.320768697421695
2259,84.31603874630368
2260,6.536009952656827
2261,88.3431677575361
2262,2.220414235706495
2263,69.5353742580098
2264,-20.10206272033283
2265,54.70013560675208
2266,2.4010871268497596
2267,2.9896953200465615
2268,5.753612974761259
2269,4.259599807901285
2270,8.563020373530934
2271,185.6482197231262
2272,47.06919482332704
2273,3.383292663072699
2274,6.1005566136616185
2275,6.716157569657709
2276,4.585132943788302
2277,2.8503187109113166
2278,1.298993203785687
2279,5.869181858183102
2280,2.7640358149053217
2281,190.57996163139157
2282,1.9922597932182546
2283,4.033137962939578
2284,232.50574200582304
2285,3.249011462789765
2286,-24.910258806402894
2287,5.384442404081658
2288,3.32448336279531
2289,6.358015515798988
2290,-33.880014091435626
2291,50.06783041726948
2292,5.113010906821763
2293,1.9584042028104853
2294,1.8863386813084757
2295,2.645743093804944
2296,4.932314065654621
2297,144.02579317353366
2298,-35.29759008792519
2299,42.18279386456999
2300,3.6672993476926914
2301,5.727713635812421
2302,-94.67856390132121
2303,171.71665693582958
2304,5.390598340483406
2305,49.21661508014492
2306,287.1418348890727
2307,27.162841542021095
2308,51.96465439945284
2309,5.96498569904942
2310,177.01582207291835
2311,-49.24154770068375
2312,69.72895144866868
2313,4.208734524374908
2314,4.629568674436736
2315,195.96445236130666
2316,7.391384922176423
2317,3.6486521331652395
2318,232.66011504340293
2319,6.573839023907511
2320,109.09664413449742
2321,3.5097204889709053
2322,233.9230518602058
2323,173.92657406517958
2324,2.0028179483899478
2325,31.936370025024424
2326,3.3712307651392823
2327,110.86446628025729
2328,3.8683743120308667
2329,340.365479493189
2330,181.1500510101485
2331,1.114058122164286
2332,278.80176000044446
2333,-14.915310318657863
2334,2.4745898369455435
2335,5.454317657474583
2336,43.67434163461917
2337,146.83193761093062
2338,185.74676611008942
2339,34.80351584715666
2340,47.034092288112845
2341,116.40199360735551
2342,2.6013649838011665
2343,6.165119577930087
2344,242.85997586195242
2345,5.896069063590961
2346,72.13686816480072
2347,136.08684981105546
2348,1.806106520381949
2349,272.6932863138185
2350,50.4515538788081
2351,5.069363381538787
2352,4.932200347003629
2353,1.5748686686174986
2354,-20.144604889816694
2355,138.83012741745688
2356,3.779606376364368
2357,123.60952849734454
2358,6.310499353768126
2359,6.860664784907254
2360,4.6704192899848795
2361,5.872946255979443
2362,249.24343998109873
2363,4.284338502360066
2364,216.61322472953964
2365,93.71496776400514
2366,38.24970173424342
2367,29.208044224413996
2368,-62.19613680300322
2369,4.333274422775482
2370,228.4354891265402
2371,34.18719308242371
2372,73.93673793846983
2373,1.982393277868104
2374,-54.59381912795244
2375,1.9990371293348947
2376,135.31600482078255
2377,109.31161278398604
2378,5.584666898842864
2379,6.473377868946358
2380,29.528327134463797
2381,142.1302683223231
2382,175.71765823915126
2383,46.96471860865933
2384,3.370388842156974
2385,246.26038859095593
2386,5.84602300325909
2387,19.862974640396672
2388,257.11862509234663
2389,78.24193467363479
2390,2.0046647878605723
2391,119.95245100412272
2392,21.023737490628626
2393,77.97994027764904
2394,141.01681263192177
2395,5.989275691647785
2396,2.6862630432557584
2397,297.59505246574486
2398,284.01942700973325
2399,4.451432212778636
2400,195.48266274933667
2401,63.23773634990902
2402,234.58385546290341
2403,6.322637227052358
2404,1.9881838043939788
2405,5.116807672595393
2406,2.441860770882328
2407,72.7407118227729
2408,249.68781918889516
2409,172.95501292163564
2410,4.237144568453317
2411,6.526025519925568
2412,312.42228872505484
2413,-5.708062374137742
2414,4.060605345461124
2415,79.49602306355384
2416,257.4507546750275
2417,26.321263746930523
2418,3.263491317340012
2419,4.075497009889362
2420,1.8059124628368985
2421,6.255321654039115
2422,197.77592408378212
2423,2.522003237863202
2424,186.805005332385
2425,6.231395428134094
2426,-10.639107985202212
2427,166.69650007642508
2428,21.863771717364457
2429,2.6561288514895276
2430,6.176443827977889
2431,3.251219992724833
2432,314.9274981561008
2433,258.92445820408113
2434,4.649764009765612
2435,60.74577646955014
2436,231.15634308322015
2437,-66.36509419869785
2438,5.675403152210938
2439,7.285878185100155
2440,168.31046931054328
2441,6.399329296526014
2442,5.816049352618426
2443,4.686571026683241
2444,-71.00032864510226
2445,6.457184316018027
2446,5.570153036249099
2447,230.61776234763468
2448,6.873480879883347
2449,6.323388993707555
2450,16.0770921599886
2451,2.8237178652053765
2452,4.409306833575306
2453,36.96679572141324
2454,287.8769320046406
2455,118.89576482949923
2456,3.1810936525739884
2457,248.35262399153402
2458,6.0581870474074035
2459,1.9615787487110876
2460,5.7744746137395575
2461,68.25255210419925
2462,52.534183805980184
2463,6.258676208099608
2464,-65.09350958955488
2465,22.16000249860581
2466,191.50820470238028
2467,147.40611420839343
2468,269.23537182887014
2469,264.4857273801538
2470,5.796638885815682
2471,123.36328140215826
2472,2.7988650479001187
2473,25.062554981198517
2474,196.14722349253924
2475,6.40937162297403
2476,102.06435069802282
2477,149.72797387410174
2478,152.48154861356883
2479,5.361330776197237
2480,49.95362775489092
2481,78.34066128649243
2482,2.3856906982883888
2483,5.079316687690872
2484,125.29054402722406
2485,125.69366774194245
2486,6.722549455469618
2487,5.4673784764104445
2488,-39.313104333566756
2489,169.26369667554252
2490,5.6150218228623086
2491,136.82315581661402
2492,47.370981163242135
2493,64.06443190022367
2494,5.9276067953162626
2495,5.416274615400512
2496,95.11793165974031
2497,70.60100531525154
2498,2.5323115268466063
2499,6.709507354496241
2500,1.9009430908626008
2501,81.94093859610535
2502,269.93840667509136
2503,130.19870621567537
2504,347.48422810728414
2505,3.501399846747713
2506,4.918898462495357
2507,274.7035821739456
2508,198.36421413775525
2509,85.78809496558657
2510,6.60158778082318
2511,210.8567227316031
2512,84.16144047489048
2513,170.20971335099983
2514,223.9208401516915
2515,310.96677390731526
2516,1.992461372209977
2517,2.3837670886294218
2518,286.4570376496323
2519,4.402077796042388
2520,109.86504178882024
2521,118.66868985732339
2522,1.6391265682006968
2523,5.651670602716459
2524,5.020235130399481
2525,294.0030685525307
2526,3.1632452157194306
2527,3.6750589866876733
2528,232.8263685842615
2529,81.11287758479307
2530,236.7063511172171
2531,287.41297136846276
2532,64.93256483588092
2533,1.8094880237423783
2534,6.033252495789949
2535,5.8623013455281
2536,3.695251154271552
2537,6.393664763700221
2538,5.985624837886586
2539,170.62472291506657
2540,2.4136362404368747
2541,2.9327751765639665
2542,2.2011414214799214
2543,5.633407795741549
2544,156.33705384540974
2545,2.383056733940914
2546,295.0662751542929
2547,22.14443971968853
2548,15.586353128556476
2549,154.2071110162371
2550,117.02135468217028
2551,-36.078729397369
2552,1.964890431017839
2553,286.087275274313
2554,2.4108191788040614
2555,67.89244082727785
2556,125.71744680056182
2557,4.5378813068781
2558,-7.333084219193696
2559,6.324249165173397
2560,210.80890922198583
2561,2.447688612813868
2562,215.93268532485902
2563,240.1637014118865
2564,274.635045886523
2565,4.686784844252525
2566,4.380332223574193
2567,269.9284057584953
2568,64.09559326134398
2569,75.78629877626727
2570,3.5244009122842312
2571,91.03861999683119
2572,-57.66426112620485
2573,191.467772678568
2574,2.9716925741533076
2575,4.327420346294408
2576,3.2676995740463735
2577,6.645461723967034
2578,32.51465164999091
2579,5.961328459245249
2580,5.2134071599042215
2581,2.963212908380693
2582,-39.10940309989488
2583,2.6593451070773435
2584,6.5394983860435865
2585,50.25572135893292
2586,5.001273585680323
2587,197.18667813231988
2588,219.20579234665706
2589,4.605613087955291
2590,41.86450769272457
2591,1.690925345836498
2592,117.03799889886645
2593,57.01304952994562
2594,90.65488879606258
2595,50.636597686408386
2596,47.47674148680268
2597,5.436775010532817
2598,6.26414195838267
2599,-2.0383514188362044
2600,3.9361884357422205
2601,221.60660238911896
2602,6.074249343587434
2603,355.01008930488933
2604,142.43294105313294
2605,39.773145782949996
2606,3.9350795513750914
2607,33.919459866212335
2608,194.9221656743627
2609,31.583588726901375
2610,2.697233420491389
2611,-7.973048690320218
2612,3.5506148062615353
2613,4.340561432860406
2614,3.0316950641364766
2615,112.260715870061
2616,135.32792884466505
2617,275.2633200621318
2618,198.66622618238063
2619,4.742940968639109
2620,2.520226360305622
2621,4.5452688340478105
2622,2.577283395983164
2623,1.779731903486725
2624,6.724683268111118
2625,113.43337492167055
2626,283.1328238550103
2627,46.79684951705004
2628,137.76739922838905
2629,51.17568506361262
2630,114.26852010896152
2631,27.952865720583844
2632,6.004703300736337
2633,312.5597179075107
2634,57.11319467743583
2635,163.31882636355147
2636,-40.4357960826012
2637,3.4130244281652757
2638,-62.631180977039534
2639,-49.61753238573666
2640,187.4283254719452
2641,3.9842545425705103
2642,5.872252675108577
2643,161.67730375586245
2644,156.26427274026472
2645,208.5923660467159
2646,2.6472717208184475
2647,3.605541770987435
2648,4.514877620994914
2649,6.554539223892686
2650,273.17439324122347
2651,222.12512156335737
2652,49.036390127024816
2653,3.5368051607617894
2654,37.71389230867059
2655,225.7039835238299
2656,242.31305912317015
2657,2.9318984566692468
2658,15.079796577658147
2659,289.766832390345
2660,1.8178471938128242
2661,273.96135088378225
2662,127.05986063080809
2663,4.9586984457937575
2664,73.5864304402354
2665,282.0910513484408
2666,234.68989682002183
2667,-38.19755355111391
2668,34.43914591582598
2669,6.737373302513731
2670,100.99117565119823
2671,195.09070616483166
2672,124.12709634210255
2673,257.5960215319494
2674,233.80627974899076
2675,1.7293679110335036
2676,-40.522918946613174
2677,357.9073892744193
2678,5.295491563013572
2679,5.5817231761021215
2680,65.12832946752398
2681,5.135963169099128
2682,2.4308065899753766
2683,2.466234892063746
2684,2.442300875094832
2685,6.482172361783695
2686,19.449391200722935
2687,66.65546619938274
2688,48.96110926605737
2689,41.798882857836375
2690,157.1969499033296
2691,75.38150325501819
2692,54.5128299791822
2693,118.21323463126832
2694,111.75651586728367
2695,6.527119053760671
2696,154.60744338137306
2697,3.7425260467135604
2698,2.458848080903545
2699,4.148634775760553
2700,193.9070782048703
2701,67.6680882917213
2702,37.11500237757164
2703,3.8704662199948343
2704,179.70157207881695
2705,3.2419787359122685
2706,5.368217902887179
2707,189.35556478538513
2708,3.0310880173736297
2709,68.7850129188468
2710,5.600029303493019
2711,183.0077390033081
2712,1.8614011069973684
2713,111.17978072215288
2714,-45.10866585597744
2715,4.7182529552373005
2716,2.682439271754843
2717,292.8518151811454
2718,3.5385489877794853
2719,3.174744372607088
2720,6.697982928019028
2721,6.2204889786089375
2722,4.041329013221035
2723,218.5228149907743
2724,6.540769773824132
2725,30.39363732502368
2726,9.612774118500653
2727,316.2204288983941
2728,35.41798508221253
2729,185.2851570823109
2730,160.25614224546325
2731,172.82870322698153
2732,6.119889718591308
2733,219.636262616893
2734,115.92835692848031
2735,88.16710527774714
2736,84.5195621213785
2737,165.45593162258683
2738,140.66555808122394
2739,116.46222662756065
2740,5.460853745399692
2741,55.21380166552035
2742,1.4624268714912316
2743,27.881455937902665
2744,-8.856348846683343
2745,4.489650076199863
2746,209.33350749834815
2747,176.49211229540552
2748,2.668133228829937
2749,5.315744498719225
2750,217.70890221473906
2751,258.40562845731927
2752,2.7459598248042263
2753,119.37557274039528
2754,0.32626722491030286
2755,39.53492944436599
2756,282.1918430873658
2757,5.893028981419224
2758,267.86939959282586
2759,41.86990940772654
2760,191.39347761017217
2761,6.505959100454406
2762,3.9381537407683576
2763,113.01954547990623
2764,4.789234267837799
2765,121.91443101679724
2766,1.9944275653816204
2767,268.88382310606266
2768,4.500337690915868
2769,2.616662010260827
2770,227.76418009595398
2771,169.4606390378741
2772,6.968669119119611
2773,3.230909060744551
2774,4.3908508348914985
2775,5.704678635538258
2776,4.120016801705685
2777,262.98407974438226
2778,32.300315803499245
2779,2.1053803999562706
2780,2.667811342989924
2781,248.39825649921102
2782,218.38882457763756
2783,5.966221124018608
2784,9.063637640674614
2785,5.729908588741481
2786,3.5849797295362618
2787,41.8790495070249
2788,5.303367876589779
2789,172.95419521965772
2790,206.97205069125425
2791,77.8611870847345
2792,165.71186458262724
2793,171.86242532573587
2794,186.37220750173753
2795,46.75112797824893
2796,242.99446066406762
2797,101.87017689943724
2798,36.10209890993299
2799,29.06214127575306
2800,5.21923302316373
2801,4.2033492926652425
2802,3.274658622964642
2803,13.753346419156639
2804,3.7957011469221937
2805,48.85650986987072
2806,7.179364929529218
2807,28.96592474365935
2808,91.08900590921523
2809,6.459687196715581
2810,5.418222487794004
2811,159.43860204714264
2812,6.024850552061004
2813,8.278544379180985
2814,5.984856045996182
2815,274.3516630301745
2816,64.93488700772535
2817,267.62450592280766
2818,106.26150658643624
2819,44.02413585045048
2820,143.00979226006686
2821,43.50112592645151
2822,6.193146857524958
2823,49.25324637759616
2824,249.57165303059475
2825,154.00937115801207
2826,-62.812804100787396
2827,6.271159097373943
2828,5.633789241978819
2829,4.751740021952107
2830,6.061300454202809
2831,6.136768172086308
2832,6.185779789659113
2833,138.4905053208177
2834,3.9007642389642925
2835,3.2696729631346253
2836,3.4579005569839216
2837,3.479422828054524
2838,5.81181072052223
2839,1.9638226204313516
2840,58.36011268433165
2841,46.419059279357526
2842,283.7147404452626
2843,6.034784192911464
2844,175.08148417227517
2845,294.21847898272654
2846,3.476645761413855
2847,82.23508773034985
2848,-14.571076515715328
2849,-48.89925675521195
2850,6.547331232590473
2851,6.9981791673042855
2852,-41.271792339049
2853,148.75638668190652
2854,2.3098805326346015
2855,65.59347859335494
2856,5.903407894688167
2857,48.99382895317417
2858,233.5617251763308
2859,1.3653393956567683
2860,145.11062396470084
2861,285.2059632276904
2862,272.1741112220761
2863,2.9839528257443737
2864,278.41507664620826
2865,237.5221121694168
2866,2.1224830188153416
2867,2.354465587243169
2868,72.40883644900106
2869,53.10139756551213
2870,192.5798365500911
2871,6.233137251078932
2872,255.42597125587963
2873,4.83049778231147
2874,18.405074821170864
2875,4.277408635539119
2876,-32.748422842258776
2877,279.0546930291386
2878,-68.35619314557508
2879,5.0655835854086995
2880,228.10222014417164
2881,5.998679980798205
2882,6.188605202154713
2883,4.2456681846339945
2884,6.700396270260941
2885,201.54500699415436
2886,248.20872263585267
2887,5.881550584834596
2888,2.048070730162534
2889,6.409512133285074
2890,2.5769742007762955
2891,-50.41167185435846
2892,145.03427334969956
2893,-10.990228369428124
2894,53.377201566239506
2895,4.935454918339818
2896,2.5860051037270857
2897,5.3005652288948175
2898,105.69399034457808
2899,31.430773853618767
2900,3.1715708117186634
2901,28.112241127335857
2902,236.97846972313056
2903,274.56159201716747
2904,4.201730183061409
2905,4.154638841268703
2906,28.228266389192058
2907,3.9313102007724745
2908,3.6275560872216097
2909,2.0335950349577594
2910,111.51284428791172
2911,3.8912996801941944
2912,2.0387207393701017
2913,6.445767540217706
2914,4.827225258577441
2915,7.801548480650315
2916,246.50881918753333
2917,175.5765779909222
2918,3.748910481277435
2919,357.5737775476305
2920,191.71726726211284
2921,5.485597932786232
2922,4.023583352143358
2923,228.8220437031273
2924,5.2691073853461035
2925,4.816961332282808
2926,5.9558950266609285
2927,10.44122848919072
2928,6.458156544029125
2929,174.09849344695843
2930,271.34661103505516
2931,2.411938998367875
2932,5.435777994942262
2933,-15.989260932753577
2934,103.24404183573128
2935,-8.104767735493002
2936,-63.17925199469372
2937,5.85742697539871
2938,19.4108115876975
2939,2.9548801680494305
2940,188.34744232778758
2941,65.3379222023459
2942,97.39310669886925
2943,6.27524563506037
2944,6.523979051662531
2945,5.621223911654644
2946,6.236841944788296
2947,-53.152766328670026
2948,2.434512412237779
2949,6.610150905487594
2950,2.9481848446559002
2951,154.0736438292958
2952,141.9641893002686
2953,6.818994667483709
2954,1.848172629713845
2955,18.831270532771647
2956,6.603232580684367
2957,120.73407941433354
2958,5.166728256488696
2959,184.90527431562714
2960,6.675966346914322
2961,159.19069528882454
2962,3.8412897827956423
2963,4.048423036796451
2964,230.33572428426007
2965,187.89407027074733
2966,4.398533503726661
2967,3.4944712449669897
2968,157.60487161502255
2969,-79.51218867607398
2970,1.9209568589240322
2971,220.95226151337863
2972,6.445387064844492
2973,218.91681279664718
2974,256.6902249176839
2975,4.475427624815618
2976,42.38027482992675
2977,39.39413407809175
2978,4.1495487166468825
2979,4.515350295802035
2980,309.16674970588474
2981,300.6020785290326
2982,145.968838171003
2983,125.48980929685555
2984,285.07999681489184
2985,121.06521323360488
2986,304.7296232445926
2987,225.65293663456512
2988,146.9209283544285
2989,73.62993694704733
2990,35.810828812378546
2991,7.246705758200209
2992,2.8801499175719174
2993,5.6441897837715995
2994,65.94509098076435
2995,2.119463658425456
2996,3.845654198246992
2997,3.2670144368433363
2998,130.35283808772016
2999,130.5747923929335
3000,74.40975356705555
3001,2.9745743974490457
3002,292.9816054845568
3003,4.3938721997262125
3004,282.7800340854028
3005,110.63635256499063
3006,95.71447277746088
3007,6.378779787818603
3008,2.9959336544019477
3009,39.80748923470702
3010,4.198635628640294
3011,84.47490378020092
3012,5.276496107767333
3013,195.59642625089617
3014,6.466588558565599
3015,3.4883963772285873
3016,5.835497159420842
3017,6.575911444419015
3018,4.458769670997195
3019,230.02326647094878
3020,3.4715036270258617
3021,219.55634277745918
3022,266.11124913857907
3023,2.8633266965142123
3024,86.4192242508216
3025,238.10010128504035
3026,159.50724231971913
3027,6.132941759584813
3028,5.361377045718773
3029,-25.576223247495275
3030,-41.52215077454974
3031,6.185982160723688
3032,6.39221435225644
3033,4.892728054684239
3034,121.2837146977312
3035,147.84864494374264
3036,224.57771761771204
3037,5.838713780517848
3038,2.2414130159678534
3039,-23.708828756329495
3040,211.5009858016368
3041,4.893763819150026
3042,-0.6843656479616138
3043,5.800011838128469
3044,230.66793299247746
3045,168.99570391105328
3046,4.467089536464195
3047,3.9889292257555686
3048,50.16385605977012
3049,5.937427648611954
3050,269.972218812763
3051,94.6105444372628
3052,6.5944552410835815
3053,4.090615263272223
3054,115.13384296336913
3055,187.67122980088584
3056,59.02534226141549
3057,3.2036676879356927
3058,100.74850842769416
3059,1.8393486540334107
3060,255.2618155714352
3061,5.103458150640874
3062,226.80266862978056
3063,119.72802494754168
3064,232.50411839019102
3065,255.78837033393495
3066,138.30986695204905
3067,21.475214746888035
3068,5.748439315875029
3069,5.971454626618616
3070,3.777880134463391
3071,6.260278490284885
3072,197.01345398870257
3073,126.71446216173294
3074,6.295286848082605
3075,5.932144019362805
3076,156.83657064627687
3077,-3.190098769670999
3078,66.06638739301096
3079,5.689988481590822
3080,3.1686978503087344
3081,34.713702554230096
3082,94.78457136728545
3083,141.01565639112408
3084,1.347199612836538
3085,5.540164715881127
3086,206.9709580318103
3087,3.065651307999379
3088,110.07269760523815
3089,3.4211564055447345
3090,296.91706965590265
3091,192.17599406138334
3092,96.31111025650034
3093,4.277657254433494
3094,191.47475706777766
3095,257.4934329354693
3096,147.44323110237227
3097,4.7114499324581685
3098,6.1207012734759205
3099,23.784594776140757
3100,83.89061724472921
3101,3.801819650605304
3102,2.360588302267424
3103,3.1252990095857722
3104,35.827405438185934
3105,-4.700617106665881
3106,40.1700708155667
3107,1.4540892739446987
3108,2.6892723866311687
3109,5.4584020888949585
3110,256.27441267287196
3111,2.3809852178507303
3112,223.79118645841072
3113,5.46385659162676
3114,-7.035022096431328
3115,269.8975344970545
3116,109.73225781717133
3117,-49.88272547534094
3118,254.19776717973804
3119,4.591081361453254
3120,43.47335117924608
3121,31.78440068433727
3122,130.8653867757999
3123,3.9206463907440963
3124,2.5794240843125875
3125,3.6777696123207644
3126,225.58836016814553
3127,278.4128926877712
3128,38.973297822157384
3129,364.23171971944987
3130,2.0795586359346485
3131,103.42938545830877
3132,190.16026574958994
3133,138.08600881216734
3134,237.05722909702286
3135,1.6801661769400213
3136,312.2602235640262
3137,2.9502894903563472
3138,156.10938488646917
3139,5.988876731760911
3140,2.3068479119503333
3141,43.86857111022628
3142,3.1633261182912054
3143,111.29912024130556
3144,261.00117690595147
3145,5.084929448992635
3146,285.9156649446369
3147,108.16161138786222
3148,95.705207908696
3149,-17.43055632523998
3150,1.657121534865344
3151,248.2149916599076
3152,7.113895638928959
3153,237.61026518606414
3154,198.06657083707893
3155,57.307176414501825
3156,54.99737240550093
3157,4.906869637714664
3158,282.68719787058376
3159,123.65216631958916
3160,272.59052547293675
3161,-31.803057986374984
3162,3.3966356201324563
3163,184.33302054221082
3164,2.8852612962623123
3165,-4.159131049847412
3166,33.374520572748054
3167,6.601430443212255
3168,5.517243583245191
3169,3.6176427483622007
3170,218.84519678609854
3171,3.2938719397463823
3172,229.69260047461728
3173,279.5998239520557
3174,64.3060498333348
3175,-56.5434361733772
3176,3.6092519316474756
3177,3.249345671059842
3178,203.17618242569887
3179,6.376749015911614
3180,316.75092339808106
3181,191.33876666460236
3182,281.02261469081816
3183,5.955707013777303
3184,81.64578016433688
3185,6.69457969064767
3186,164.04661540135697
3187,283.99221263645256
3188,-64.76929079693087
3189,235.1190704055677
3190,4.329360388611025
3191,248.20931898074193
3192,63.38095325025487
3193,6.324069664449533
3194,4.687510470549718
3195,5.932378880425297
3196,137.2947318917014
3197,5.427319399226753
3198,178.12590783519664
3199,182.5605389005711
3200,1.9798098964361768
3201,325.89541154401877
3202,4.62677879536726
3203,4.898109911598862
3204,0.40074954162672616
3205,6.526883936949417
3206,279.3941266339047
3207,5.874303808048736
3208,193.94155180783213
3209,-32.140657875094305
3210,7.64060479631099
3211,197.3821577717066
3212,214.38311248219563
3213,2.9375149819288104
3214,268.12374105729316
3215,3.2106553301392604
3216,5.923467990165186
3217,118.35520703578966
3218,300.7419139986761
3219,73.64419871988733
3220,66.44264716189065
3221,73.60348982747863
3222,242.12518516808294
3223,350.35748146674905
3224,-65.16114806402067
3225,147.57859501370075
3226,6.027144983640552
3227,5.926806030498204
3228,8.958278966390987
3229,298.3220953408863
3230,229.38246443987185
3231,6.372114309859356
3232,4.816166892834373
3233,5.72078833519334
3234,4.1414714910573
3235,105.63231048231451
3236,143.72358845509035
3237,8.329331637705124
3238,310.07123374098865
3239,6.535672114432527
3240,66.18729897193292
3241,21.55140588354274
3242,2.495291635957704
3243,34.04965398718576
3244,219.08338081769642
3245,5.445936857446015
3246,256.2587930846251
3247,6.283823782546808
3248,48.37603482429422
3249,-8.31817955948462
3250,221.47813937984154
3251,226.4608671311571
3252,120.15364030072412
3253,54.88334632700165
3254,155.75156794272215
3255,6.512848475756169
3256,6.369126367619323
3257,36.94278047301109
3258,2.3695383852379868
3259,53.344220630247264
3260,5.8581049854617895
3261,103.18417197776233
3262,318.94108770897253
3263,1.9010739302770454
3264,3.444277061648729
3265,154.92828098469042
3266,3.7558324350248067
3267,6.67176838875103
3268,3.307917036272991
3269,4.5306559116255105
3270,45.8149975120583
3271,224.67827766874564
3272,2.276829847194052
3273,189.1189236215213
3274,208.86975280936946
3275,141.0360723468251
3276,68.6720288357431
3277,5.628103355100141
3278,6.437205652602895
3279,3.2147032738437913
3280,180.9859281111958
3281,281.24751839927455
3282,2.7126778356248527
3283,385.4075784894451
3284,334.71644797211405
3285,96.58836772277606
3286,3.1225822449244975
3287,37.20981234235525
3288,52.26790732692854
3289,1.8363507218880413
3290,65.811089495107
3291,261.0734032267554
3292,2.9726858894089077
3293,53.299014377503745
3294,213.38997486430475
3295,129.4451938109379
3296,30.596869873824986
3297,200.16144268793875
3298,2.358511216276199
3299,250.56487723871092
3300,3.395695552062401
3301,207.28600115079948
3302,206.5017123674187
3303,-6.535936954359329
3304,249.04855409813013
3305,5.326796619200072
3306,4.600577961972068
3307,186.93283024712173
3308,3.001244813162157
3309,6.439752050776784
3310,-38.12278904606657
3311,2.226531772860323
3312,3.880851788905404
3313,2.4620705081531082
3314,6.0334678833577176
3315,4.724042157146387
3316,314.70497766785604
3317,303.2307182446201
3318,44.494078140858726
3319,1.9361913273596323
3320,2.205101090273276
3321,5.2984488731498125
3322,132.9653518954936
3323,4.3101589125455195
3324,3.6030513985256167
3325,335.0209644789843
3326,82.31162037865391
3327,-52.67566571988699
3328,6.436495768726966
3329,1.8355775919447832
3330,188.8785507069199
3331,115.13225959420848
3332,3.2098338375616375
3333,234.5306161463373
3334,105.14821328076383
3335,3.3076821138463632
3336,4.394790087762104
3337,2.6003179631624254
3338,1.7433216362612471
3339,-6.24008774803754
3340,31.638207364128196
3341,52.20108688092759
3342,202.6405344844733
3343,139.3824365128993
3344,3.5256649027078986
3345,250.5008629542924
3346,294.09836655845925
3347,181.62401533654014
3348,77.18561958466151
3349,5.541985979199442
3350,3.7917093608987993
3351,2.462510648751254
3352,1.8818194393836154
3353,178.7632786307518
3354,74.973839629531
3355,3.0027853142980745
3356,314.96417029539487
3357,3.7181895964785645
3358,242.51041045057153
3359,70.10441640259083
3360,150.73469130847013
3361,3.048856757907281
3362,2.820864048542071
3363,2.8016749289777216
3364,25.98899519785192
3365,108.71343140935713
3366,4.12299386194216
3367,3.997996353832856
3368,70.91038648270708
3369,4.6195687538978145
3370,69.40120131485004
3371,-3.9637790563825224
3372,209.54245396277983
3373,45.7863298122102
3374,321.91677598691183
3375,2.51502242758904
3376,2.4257023376405695
3377,102.78233880763193
3378,5.575333263023719
3379,11.656211520782598
3380,315.648924918832
3381,6.581041113741753
3382,84.16396674978103
3383,6.250497730219039
3384,21.894529275763265
3385,4.064285796664337
3386,53.427917090795916
3387,2.1572808315446377
3388,182.1884591766633
3389,216.97427936957422
3390,2.5307743125925537
3391,5.754407192998681
3392,5.065326492410501
3393,183.5495073713365
3394,131.28883975986503
3395,5.210243874848201
3396,5.493003612812875
3397,146.09299633587176
3398,2.1002428734060006
3399,197.58907047887865
3400,161.46593360480085
3401,5.250896249452703
3402,1.250320759248465
3403,84.34684791021645
3404,91.45686924592755
3405,173.170034684665
3406,178.39649271947553
3407,4.34795467181761
3408,61.62274261116758
3409,108.32762775824824
3410,5.775887978879052
3411,4.979510064211217
3412,50.67362839754133
3413,2.1769708357691937
3414,6.630531717567127
3415,121.05167941240873
3416,61.75835949950364
3417,203.62276684785226
3418,170.5730405793968
3419,-13.063948964148334
3420,21.2481220175864
3421,-70.85072637868493
3422,169.43687177190338
3423,1.9918661811263796
3424,3.1459876002719804
3425,6.383696657207831
3426,3.6233595735672375
3427,57.70910542591073
3428,2.491370936229878
3429,325.87323992331784
3430,314.23182059077976
3431,106.11040776012203
3432,5.96458255574823
3433,89.81363919414574
3434,1.8877668772730283
3435,308.14762319781164
3436,210.42584877859525
3437,3.3326701897294875
3438,30.8825639329485
3439,276.63683391637613
3440,6.662965539116961
3441,4.935359252793806
3442,223.7828724435681
3443,5.0903628017886815
3444,208.0784287343787
3445,3.8575067048083254
3446,5.871763612775559
3447,263.56691750307726
3448,5.352346172468584
3449,5.573139010168293
3450,93.29015422714362
3451,201.68582896014829
3452,2.1900100199897548
3453,2.591784222852264
3454,20.802521727137215
3455,4.113983948890674
3456,5.274988825909278
3457,3.8266193280756204
3458,6.217626497357909
3459,164.35019380928657
3460,-49.83354536558409
3461,2.584689012944427
3462,44.01737239724819
3463,225.34225363853992
3464,4.685406255567866
3465,2.676387959372859
3466,5.957003082232737
3467,114.56441623685807
3468,35.897942106030555
3469,310.1481681385232
3470,147.6855849122511
3471,21.225334007229836
3472,277.87852875741976
3473,6.248939466955681
3474,3.4587726148870352
3475,4.672835426259976
3476,36.53472005364337
3477,3.651600785388052
3478,6.588527410225952
3479,2.6502829886687005
3480,112.88911992913131
3481,115.68270788926293
3482,89.5108109031415
3483,64.65969529386817
3484,181.28154988825318
3485,2.4402260871462547
3486,227.74726909621876
3487,5.83058883601402
3488,4.503813596124926
3489,3.56247619267596
3490,6.108725999794469
3491,3.3544721379634277
3492,2.26712363052938
3493,307.91108687171527
3494,165.7006084842667
3495,6.3586632985268245
3496,45.056034869961934
3497,4.551924362306973
3498,6.636675766834409
3499,-17.4695087975208
3500,70.37752839995291
3501,284.5440472779883
3502,6.0571692597214195
3503,3.085710411411756
3504,119.55284626168549
3505,138.17116003903493
3506,96.35991459870377
3507,6.290863099709142
3508,2.9635930345176664
3509,3.268586211618286
3510,275.6727622695298
3511,2.0160038804648086
3512,69.19423620186916
3513,101.83656283828668
3514,3.4416133961875266
3515,72.73252391193371
3516,3.5838791922160746
3517,191.0567513045068
3518,4.44405840329397
3519,233.48721695889395
3520,298.32440264385974
3521,1.8891807600812984
3522,61.81435251497544
3523,4.603736291413656
3524,6.677237595460989
3525,5.2477935606474535
3526,41.60292656089352
3527,1.6705512932475273
3528,282.171719378885
3529,206.2779439429485
3530,2.4597476197822115
3531,76.0974330442901
3532,273.32124495854583
3533,41.01282634854019
3534,7.761475003163438
3535,84.35710397737071
3536,3.4980789499890665
3537,64.7913068968635
3538,7.003467031087167
3539,1.5696198550685305
3540,169.74935491277552
3541,-63.174124843677376
3542,2.4504186408272055
3543,196.94199924421935
3544,42.50907569105576
3545,2.4925616637075687
3546,5.346975130309811
3547,170.63372584207283
3548,5.446384923918796
3549,1.7493859955454947
3550,4.462658534284196
3551,4.026310562408431
3552,5.734836563236128
3553,6.011144344456636
3554,164.71389599901772
3555,3.84541948579988
3556,1.9721895312181328
3557,121.76384024815661
3558,5.082966781852587
3559,95.67539446986305
3560,68.22471788492638
3561,6.142243504786506
3562,29.483522321310836
3563,-49.55459060234795
3564,5.844695876079593
3565,4.969060588161901
3566,180.63754843104954
3567,1.9676133550052812
3568,225.96327313785918
3569,164.28517698290148
3570,42.925676185833396
3571,197.9913846855615
3572,1.9781189868900892
3573,6.070381723101141
3574,5.8169737632766765
3575,2.096141753643241
3576,5.250543008254703
3577,6.2245006770121645
3578,89.64727884761211
3579,2.0868111266307037
3580,69.10641541729862
3581,243.20592686565107
3582,75.07205288094787
3583,45.85797933782916
3584,6.855634076113876
3585,30.061137405624343
3586,5.808738711357366
3587,35.77992058213294
3588,3.128200680215136
3589,228.1814790464951
3590,3.195691107385929
3591,3.3156874899803794
3592,179.8748123200226
3593,3.7336293945311168
3594,20.156316346014634
3595,6.633687754491159
3596,31.85779511079571
3597,315.54790546990716
3598,88.28844472338538
3599,95.6140113557762
3600,2.5927008462388166
3601,299.550362109409
3602,24.640871962280208
3603,5.166795838287011
3604,2.9740835816651945
3605,182.99196376907733
3606,2.12221090322985
3607,3.7696238837569913
3608,278.4475966952275
3609,208.26818092481318
3610,63.39190220086533
3611,5.20174965783187
3612,255.93289362335162
3613,6.41238632330775
3614,4.765260255504438
3615,6.484115146649543
3616,53.489767898890264
3617,4.982433963266442
3618,2.767780211874555
3619,-56.02543892574315
3620,-17.325976723801325
3621,65.03418638062797
3622,5.419823600495214
3623,265.6963239235729
3624,-11.4509332729772
3625,103.5610217708288
3626,28.739692288197123
3627,34.08362123851521
3628,6.351564707675195
3629,52.281623040384154
3630,251.4598304304098
3631,287.93604181857967
3632,251.77914813626677
3633,265.0062429746989
3634,116.92871776157168
3635,120.42395360556566
3636,4.295985211645584
3637,46.30555243330895
3638,73.35503832537313
3639,4.918935443434524
3640,339.7692193359533
3641,222.6163382871382
3642,157.7244811121123
3643,184.78333216397033
3644,6.537306722635545
3645,119.19409892581062
3646,2.5121444171160694
3647,5.827207929948982
3648,241.70970936666106
3649,23.063539072497733
3650,3.2516966491697996
3651,193.32361055519385
3652,48.881356075849354
3653,-4.86338284708745
3654,74.4929749442656
3655,2.0809940192077288
3656,138.3087144325942
3657,5.7836199586744605
3658,7.75446182381143
3659,4.6338386719498335
3660,5.8294233952318315
3661,40.33093559658947
3662,2.124130447525761
3663,5.6372552850220945
3664,115.87226664586731
3665,4.700670899946852
3666,278.62469328660006
3667,244.44357047208936
3668,257.10904884999417
3669,225.47535901204827
3670,6.46182477169681
3671,6.355285935841281
3672,223.37023534374362
3673,5.006973477461555
3674,288.08249145750494
3675,151.51399003986717
3676,50.136387760197465
3677,31.502020565758734
3678,-3.179045569716418
3679,4.583525630367692
3680,3.427012780218032
3681,149.0020641445704
3682,75.82504259741309
3683,150.72767733558808
3684,28.897329856836123
3685,147.2211493849651
3686,279.12921177986124
3687,107.04927043111033
3688,277.55392600895425
3689,2.418614440795886
3690,209.00547251508522
3691,212.8806042905132
3692,286.131444349954
3693,274.27165152115816
3694,1.5267333524133115
3695,246.8023641198085
3696,208.99230447072438
3697,0.8639155155731011
3698,-29.844081677046177
3699,4.26779654012845
3700,5.606853780727594
3701,351.02610220442386
3702,3.8876351579486665
3703,4.023666462292068
3704,6.166011411182318
3705,1.3922120952687664
3706,58.000128817732985
3707,3.1254763134834347
3708,106.37521563871334
3709,3.2333506259862235
3710,6.6635070934531795
3711,346.4929456150702
3712,102.27262036623034
3713,5.5373686647417655
3714,329.9184999999766
3715,2.370902807169106
3716,1.9923486731301967
3717,150.12900929968546
3718,70.77134428016387
3719,167.5936802831178
3720,155.5643773522358
3721,2.699845047968242
3722,4.053066606046779
3723,3.362408477758633
3724,1.8922333930373032
3725,67.47956444394902
3726,1.7823882506781343
3727,225.16982239967004
3728,58.03161671159718
3729,-33.66985353059075
3730,145.94034518113224
3731,79.8561911872336
3732,3.545967212087687
3733,-23.563060112533137
3734,3.0518464149150093
3735,2.462699750560132
3736,-8.628881980208272
3737,6.24304146661683
3738,192.99013915251487
3739,-43.2857247287108
3740,234.47872195249812
3741,36.32843950361467
3742,264.30580563086465
3743,2.3383513038094668
3744,78.68431715449763
3745,-11.206103050797985
3746,4.996164656624366
3747,5.0453745718356116
3748,188.76295222954477
3749,67.75509591673105
3750,1.5835995272614873
3751,223.39343842515518
3752,76.07521355727528
3753,4.748959872140107
3754,3.6244078904745223
3755,2.7165233531411346
3756,5.548666195704018
3757,37.96985304195992
3758,6.091723669915748
3759,47.67303149442827
3760,1.9427740605325854
3761,6.463859548411532
3762,6.340620102297414
3763,117.2272366740461
3764,172.73485914370312
3765,357.9737183967137
3766,6.579336037685522
3767,281.3287075031844
3768,73.49112115175582
3769,1.6627292004904355
3770,136.17262341030784
3771,3.754976832791093
3772,191.24581446222825
3773,244.8123526184246
3774,2.4962279316991878
3775,4.055661561814501
3776,248.08595699495407
3777,6.177252003886927
3778,228.5461158405331
3779,290.3640213155127
3780,6.1066603123897485
3781,6.444906762561296
3782,2.0989612203552275
3783,2.1001570426760816
3784,5.521638166411149
3785,31.627147655053832
3786,93.01623785452982
3787,6.0921748372097495
3788,6.669037982023985
3789,284.88770359892703
3790,7.008498161934285
3791,6.284109485082298
3792,3.7807313086123324
3793,32.07818010624131
3794,-22.371782554592244
3795,192.579105384425
3796,182.83114607672076
3797,4.794008755134243
3798,196.24358564781767
3799,-61.664824992256214
3800,241.26937123351925
3801,134.02825813371084
3802,138.73781924776154
3803,49.22147591814014
3804,54.54908871655377
3805,5.155810519314016
3806,2.9999170761833343
3807,124.36212870143117
3808,3.8768160313352054
3809,-32.30631876506596
3810,2.7927976802083516
3811,4.343859348849261
3812,268.3184285226516
3813,3.581836763998221
3814,290.69902033206733
3815,7.134207343123529
3816,3.5373971653645206
3817,50.17279603555274
3818,6.149347082058243
3819,2.354538367388667
3820,142.9926806345457
3821,7.338800176129309
3822,5.487265562345087
3823,256.60083406870996
3824,5.2083521315906065
3825,250.12043820846748
3826,6.064626429480766
3827,310.5897165083244
3828,308.6481722391781
3829,6.594320771166945
3830,243.60212733851847
3831,68.4060075166847
3832,1.7704333111503416
3833,59.95570328703529
3834,22.422892106120713
3835,2.7562890531832838
3836,5.165200990272825
3837,6.73239516685681
3838,5.8895242361528375
3839,242.41687004581718
3840,5.700735301762622
3841,122.7240826138769
3842,3.4386079981210607
3843,270.2666300153273
3844,5.358631787078389
3845,5.572718282641218
3846,6.557258831491443
3847,71.94630104616108
3848,110.07081065994703
3849,190.49590514618973
3850,17.45327598505068
3851,110.32685440917544
3852,241.84937357088472
3853,5.486055009089206
3854,248.90574109420425
3855,1.9199000136171684
3856,57.27965385533098
3857,4.0218395893706935
3858,3.1799431203404334
3859,250.04402476128638
3860,6.245756010519952
3861,-59.63321826881542
3862,-7.839596855882665
3863,4.10456032562455
3864,2.868350080231652
3865,290.920663319709
3866,4.047505129986697
3867,199.3835957220231
3868,4.81032553925825
3869,3.009970423304316
3870,185.28283408783108
3871,44.121753878804526
3872,3.495566258029675
3873,25.658905971029025
3874,352.1346691750538
3875,276.5852095526996
3876,103.4232277467698
3877,-62.8423154955622
3878,211.27971827097616
3879,245.0309885600123
3880,6.4944880803785985
3881,4.169336485080743
3882,2.7365264181916498
3883,205.61198549765447
3884,148.53625238703987
3885,6.431566685419611
3886,5.500190955891181
3887,6.247239900721025
3888,2.6882568771621846
3889,176.51174335541276
3890,1.8115089213039262
3891,2.836354931926887
3892,179.61125157769976
3893,2.6307415352349572
3894,295.7432999652417
3895,-33.53843598987497
3896,30.32392409450123
3897,245.29558968482405
3898,190.63154309886593
3899,1.7541861588262317
3900,88.93817292555902
3901,107.77666110993835
3902,2.8974024548670205
3903,36.43230673707849
3904,52.00782090476884
3905,3.403897868081088
3906,7.964416572736163
3907,199.3574101289239
3908,149.08381175698577
3909,3.266935867379718
3910,3.8465350688430604
3911,235.69927426119477
3912,4.870101172768443
3913,37.18311908690778
3914,283.1108381543298
3915,7.325697011498946
3916,5.870138308285717
3917,3.801945551654261
3918,-44.990177521046434
3919,4.557086475497055
3920,31.433908165332525
3921,53.15488875940787
3922,7.0216657490768535
3923,3.682099584392245
3924,362.88035874455807
3925,65.67305273119622
3926,1.9411340853774586
3927,249.02742462117777
3928,3.4402127947690326
3929,5.103619294045002
3930,6.349287750655661
3931,221.99611089594663
3932,4.640823535151646
3933,2.631552859413704
3934,6.587830451291186
3935,221.84858015835977
3936,1.7958164026992602
3937,3.406460092722356
3938,2.313910061884604
3939,325.5132116703831
3940,6.091586410088926
3941,6.19124064127251
3942,5.403447605321339
3943,3.1874798787823693
3944,6.668571615237944
3945,331.48685437360587
3946,191.81100839346914
3947,27.821155199399172
3948,154.01005537122455
3949,5.260802111128199
3950,247.40487715435546
3951,1.750405853481763
3952,110.28741016933154
3953,124.60988556652931
3954,2.312560461667157
3955,6.192829473472788
3956,187.8459072415824
3957,56.609250698260226
3958,67.7816305518399
3959,234.2132931014783
3960,6.19013084686729
3961,6.124809697859278
3962,132.56373637643006
3963,5.879423298574596
3964,207.38023595462647
3965,6.141489306039157
3966,2.6116269983794487
3967,4.1263382768504275
3968,195.80339372772806
3969,56.812278560811265
3970,2.3794845189274536
3971,3.373935576223766
3972,2.5487060151468732
3973,3.0789402746495127
3974,45.25200955728831
3975,48.97187899177948
3976,3.3915028236072886
3977,4.19058917104443
3978,3.6088661469403687
3979,120.00032888078015
3980,246.58597167785058
3981,254.9033455712729
3982,5.415915323473146
3983,3.553161251918507
3984,368.9894323635534
3985,228.56493878810406
3986,177.80809200027971
3987,87.93892390944033
3988,3.231563523821984
3989,13.974769604234433
3990,94.0868206801278
3991,256.02731316345245
3992,5.895259399059995
3993,6.146672955240803
3994,38.23035384483164
3995,121.82420834566445
3996,3.8308759865388784
3997,100.99117565119823
3998,2.429575422300145
3999,277.6383211880692
4000,5.240026875603807
4001,4.248747632967701
4002,25.63009189053262
4003,171.6414525526548
4004,2.2600126238911122
4005,309.16365581520273
4006,70.04550321884749
4007,6.8036081828094
4008,3.3694055702788814
4009,5.832120942040833
4010,191.2394041407025
4011,3.3116189617860146
4012,6.361412204577874
4013,241.6237261225062
4014,5.870349947857734
4015,6.261384203096771
4016,68.14216430450568
4017,154.64947387523802
4018,120.40950115619927
4019,1.4268925569989168
4020,2.0053893740666817
4021,132.0584052064882
4022,51.25903398685411
4023,3.624280061043143
4024,112.03204355045446
4025,48.367136828200465
4026,49.79590773811503
4027,268.5274342193259
4028,102.47755312676907
4029,6.612511235262715
4030,2.556141106146597
4031,115.99525288326318
4032,86.8448365736501
4033,2.49682948621905
4034,256.357787550409
4035,109.14610164662899
4036,4.217940799726024
4037,3.604078203306562
4038,5.982789859359793
4039,5.84602300325909
4040,107.8620488849765
4041,327.43386972337527
4042,62.074392120559665
4043,265.44984485432366
4044,4.447475352159796
4045,37.65985656374524
4046,5.844092233581186
4047,4.4565607907655815
4048,278.30692415070143
4049,125.26790915275959
4050,276.3557830253271
4051,63.182849525611374
4052,2.683271687711759
4053,4.016325897106083
4054,5.219928877122081
4055,4.341914051500085
4056,268.6121428328101
4057,6.833505762843378
4058,289.61066398775813
4059,21.104050211772318
4060,267.01276428215107
4061,101.09432175840374
4062,3.840690847356447
4063,2.130391089441916
4064,223.58055318707352
4065,2.0442241186346273
4066,97.43937861664685
4067,199.31290079789136
4068,165.7175220226752
4069,347.10036111319755
4070,2.6856349502481325
4071,2.8456792831301243
4072,1.7161485179442297
4073,3.3004399745590884
4074,4.279336998409054
4075,-29.25459204930429
4076,46.11316974391488
4077,4.828640594300873
4078,6.320009110134029
4079,7.17153359948498
4080,278.81611976272006
4081,4.79925957764117
4082,124.8333763414696
4083,4.127356534072245
4084,14.925282281749244
4085,24.547568918702535
4086,-7.781927280243598
4087,4.266286758217487
4088,4.923884960216198
4089,68.55559572330112
4090,141.23770777713537
4091,4.472637881663968
4092,74.18187733386972
4093,24.31964164144888
4094,5.01126057869605
4095,6.741173373092405
4096,2.399059998385131
4097,2.6141164339607696
4098,2.9994422205047204
4099,-41.99563960699217
4100,66.09120015496198
4101,5.757962713218514
4102,4.436515298974041
4103,67.39616278572696
4104,200.48225330647716
4105,5.825772078576705
4106,115.99978635236141
4107,87.01740753343476
4108,71.80396559524657
4109,237.5406007346185
4110,6.039207444433146
4111,50.30781719278674
4112,81.21787237471466
4113,3.3468180128491847
4114,5.105262907706216
4115,82.10251909905315
4116,89.55696026347343
4117,91.09531680330812
4118,289.7681842069191
4119,244.54787247777864
4120,230.05067846211338
4121,91.04541049352927
4122,-24.393553493922518
4123,2.200049375746395
4124,140.09009968863325
4125,2.305850032820201
4126,54.38799297981895
4127,5.897382770424934
4128,1.7707500636984141
4129,6.247183960656719
4130,2.140814720116319
4131,57.68274884586634
4132,6.099045043785404
4133,5.181905367769618
4134,113.51078642131364
4135,25.768273908725476
4136,160.5872845942635
4137,327.04155081188225
4138,-8.640427510552435
4139,103.7583771893658
4140,59.85529314131791
4141,4.121621368417373
4142,106.9908648040861
4143,307.4229842693294
4144,71.28317876076056
4145,200.8620682331548
4146,76.18161500799982
4147,66.10605240838832
4148,288.8315462803688
4149,57.78214323212777
4150,34.609040488709134
4151,53.2497507777352
4152,116.03778995187236
4153,4.202446062975341
4154,346.99450238289853
4155,147.20450132108886
4156,3.4595039103535514
4157,18.57165672546093
4158,4.0495757544405535
4159,4.95996731641572
4160,146.07761594599276
4161,182.96359070498465
4162,6.30543255022886
4163,58.58755427075591
4164,183.23694468323663
4165,-10.546850718088592
4166,45.57599807588741
4167,100.03132978400834
4168,7.144235554465357
4169,2.428411536216015
4170,-3.867006803542621
4171,92.85848268786921
4172,4.249757787213647
4173,3.966000155332413
4174,62.90468982314844
4175,115.73752587910262
4176,2.015174619811233
4177,4.169940603128074
4178,13.727245498393197
4179,125.45316527609876
4180,161.20589771080319
4181,62.56611129627447
4182,64.02842348457125
4183,28.224121842751487
4184,194.94307157497093
4185,272.0093170106874
4186,2.4559355005194536
4187,71.72571397054767
4188,4.2038449687066635
4189,4.308181655171269
4190,115.09741206715368
4191,2.141141753291551
4192,48.378499587325216
4193,51.362284016206075
4194,5.916334205686443
4195,4.225426260884955
4196,130.16856461882145
4197,6.394791143172691
4198,3.234140994677391
4199,5.058607173966643
4200,299.20603441946696
4201,248.37155187186397
4202,176.45399737915224
4203,5.737876132185791
4204,106.10047132464341
4205,4.888904657648304
4206,7.729878086835225
4207,122.93878426310748
4208,157.30950466812988
4209,229.92378085921706
4210,-51.34924940918066
4211,1.9148239170487789
4212,5.848012148799205
4213,-12.069180024847476
4214,7.343658985097605
4215,3.1102194135408756
4216,1.5582370612070888
4217,3.302384022299746
4218,5.916685090242776
4219,52.721578459170956
4220,69.43438148431615
4221,2.1971509775874054
4222,109.09909542351198
4223,3.0437456932664686
4224,6.277480185395627
4225,5.183696212606506
4226,288.05233437914956
4227,1.96166470143342
4228,208.7970672808367
4229,115.57145521287282
4230,2.804236323666435
4231,2.8340578237549305
4232,55.005760892637795
4233,3.2453930952698844
4234,-7.484548857629066
4235,69.81004089435463
4236,247.02141172668985
4237,176.00477327423823
4238,3.316463503393668
4239,79.6673795292939
4240,4.406247460071232
4241,34.52571311411269
4242,231.7108409083576
4243,-56.15397905984241
4244,328.5436486652383
4245,5.072920012565824
4246,1.9363773987818644
4247,3.91069711534566
4248,4.142663702872086
4249,-20.58991202894206
4250,2.516375088278417
4251,294.69054011157846
4252,6.64490851698354
4253,6.0139596864663885
4254,5.1567799994707375
4255,-50.61346010473586
4256,1.9948933512059828
4257,111.24557659654324
4258,2.3445210181812652
4259,1.5921158752200861
4260,84.99628962882427
4261,2.411519126725946
4262,283.24982120444366
4263,92.82926904938091
4264,2.6773610253385964
4265,44.944667834695906
4266,4.148275345879003
4267,6.277482303419883
4268,5.594818177749267
4269,207.97516505033036
4270,171.25934912760835
4271,149.64082457467657
4272,4.56118954908669
4273,8.079211442612028
4274,102.90828102826666
4275,6.748611900427981
4276,287.5295558898697
4277,233.88084785299466
4278,376.9457778120409
4279,309.2445381208199
4280,120.79064438639385
4281,90.36299194098974
4282,12.695580995253739
4283,6.34096115697197
4284,4.432170629429994
4285,109.42680239179751
4286,309.43614624736244
4287,1.7774143326734873
4288,208.07971882344003
4289,207.85417277888286
4290,177.10157474670348
4291,2.938741030318294
4292,5.0323917820007775
4293,6.56895208494816
4294,-29.266485576691053
4295,1.1027147998557865
4296,5.322898446529057
4297,6.450764349953808
4298,5.752639661156991
4299,58.40765616151217
4300,46.77621715675181
4301,1.2687073808643898
4302,97.30223478003958
4303,1.3442286309120393
4304,-40.83606802130946
4305,3.6825774451786604
4306,294.25565138541015
4307,2.74937004075778
4308,17.320387261111858
4309,4.614701598413401
4310,2.9631040429404383
4311,7.823149643646801
4312,307.4711984384328
4313,3.0114239346342258
4314,3.198609250751579
4315,228.95266743263772
4316,1.4280193716163363
4317,192.83992212446844
4318,6.1613525897512655
4319,53.42263976194086
4320,99.29700803172818
4321,4.788117645582727
4322,295.4416420303654
4323,75.91347206515763
4324,3.4324381132859694
4325,6.685321197334053
4326,3.427446403100396
4327,102.7668068128708
4328,131.79290109868296
4329,197.40385860691998
4330,-11.002890846740701
4331,2.5763549119202165
4332,2.268393511038852
4333,246.0802936414825
4334,3.2753864271777138
4335,3.6037629254972225
4336,2.1672674014608533
4337,5.818419279784498
4338,0.732663780356418
4339,5.74073112153188
4340,-33.72009809911502
4341,62.692077260924094
4342,189.6974410959657
4343,170.9909386692
4344,106.41675970724066
4345,5.880692506792083
4346,4.679109689429722
4347,180.25859955098463
4348,5.55256981975052
4349,100.65598458266841
4350,-50.624756968984684
4351,116.2231513066536
4352,195.7603728301791
4353,5.073670732844351
4354,115.67040362695917
4355,122.62327063378066
4356,1.9055580871521491
4357,5.30577956452797
4358,321.6711644453661
4359,222.49060284802613
4360,3.5022586473890875
4361,-3.3343291913704354
4362,1.1805837564670598
4363,3.9074611827729444
4364,4.398839996437609
4365,1.6525416907244561
4366,3.336052572233303
4367,257.46705343262
4368,-30.62446922981811
4369,80.0962021722657
4370,6.3589056747372315
4371,198.52619773663454
4372,79.86128446231447
4373,324.631318743438
4374,6.263681195408417
4375,226.3062136129929
4376,277.5129763750911
4377,5.45644083716245
4378,5.771294161347312
4379,168.51690138667828
4380,3.010666282255726
4381,2.4556749711533143
4382,6.654224977011156
4383,27.924053593086256
4384,4.935356431048683
4385,195.74941854501128
4386,35.63388812208057
4387,288.22056961170165
4388,67.23113330616545
4389,6.6663130645286035
4390,4.4430031979708104
4391,3.885508281223168
4392,2.4445097659189337
4393,83.85861091138615
4394,76.48991927747052
4395,3.175557039163399
4396,14.797312978575782
4397,2.5160040455978554
4398,6.3975588892345066
4399,3.751868011491744
4400,255.3787668447589
4401,6.819371574119059
4402,237.75216772632706
4403,247.9385209862961
4404,239.77439872546216
4405,356.8204073462728
4406,48.00788146686058
4407,96.52435688473986
4408,6.370442777870977
4409,112.02751804426009
4410,-91.75756194668715
4411,2.7523747784738415
4412,273.62446536474
4413,222.54008185395912
4414,3.7988976334944127
4415,191.439293719664
4416,66.05376772225686
4417,2.690993916935845
4418,231.09419837864965
4419,264.0859133689163
4420,369.89352698488676
4421,325.47757554149973
4422,11.7136416934273
4423,2.483999768411964
4424,51.08507389750188
4425,187.7443151065983
4426,5.470757970828846
4427,215.89234690436575
4428,6.533291175742872
4429,5.066172929692688
4430,5.154964944151821
4431,178.47252043593696
4432,3.907558034195555
4433,3.793571508220383
4434,102.86865729285228
4435,5.657421975994878
4436,6.499003022178419
4437,11.227034988514426
4438,79.67570225041592
4439,7.065424019629531
4440,271.4075346511655
4441,2.1241714836716468
4442,280.41188659750156
4443,6.222136310048928
4444,277.53113191073214
4445,3.978347528504475
4446,3.727779738410398
4447,149.11412274283106
4448,5.268430814936785
4449,-14.111444784128192
4450,66.07221254466513
4451,103.8495644999095
4452,286.7278005596934
4453,247.23492111728945
4454,4.5801785974718126
4455,4.993583878929633
4456,204.23806825869474
4457,4.030503178041255
4458,6.793116935568197
4459,83.80223149495941
4460,0.6783113758719007
4461,84.06217680571108
4462,153.67342650875594
4463,45.23656989712795
4464,4.259431033669876
4465,98.94621878928348
4466,4.52726492117171
4467,-5.44709234802054
4468,1.7882829927769264
4469,2.1544378477219293
4470,4.828063399386107
4471,3.083618747488357
4472,258.1024943247976
4473,3.1728233306906466
4474,251.29686836571278
4475,4.52771782227372
4476,94.53057464191156
4477,5.901277954220023
4478,3.990991145315955
4479,144.41103797948878
4480,290.57787202680174
4481,3.7111915433393996
4482,194.5649731714074
4483,69.40314019735914
4484,313.3142342461146
4485,205.63914479038382
4486,2.4255466819147125
4487,114.02781038115332
4488,54.79644780944048
4489,-45.00546478253443
4490,103.98378680244195
4491,5.235160017718153
4492,262.8271789856018
4493,319.8581992611658
4494,-1.143004927558778
4495,2.6737786570005375
4496,102.30858951767803
4497,6.695230066287428
4498,193.77058868599
4499,310.68446963778985
4500,162.02481894475048
4501,5.5013483578845115
4502,5.955637471092686
4503,195.70519137782318
4504,13.894584483131036
4505,68.43106998584183
4506,2.9875519425170824
4507,-3.6535738642195423
4508,122.05906334976802
4509,40.562846810114955
4510,2.262685570552127
4511,272.40164467573265
4512,57.57839970953284
4513,109.54660437542599
4514,2.974676571781309
4515,2.6293210361232027
4516,3.355489153818063
4517,4.9972272339376165
4518,4.506401141541922
4519,113.99821256348861
4520,54.295145291002356
4521,2.608334507137964
4522,57.61897091630635
4523,6.665384082974622
4524,232.02767370896342
4525,19.243553148515034
4526,2.2508229870206256
4527,117.82169613385537
4528,134.07306004072996
4529,100.29852534922307
4530,145.07992096178066
4531,3.92546296746567
4532,4.085719430592725
4533,4.621341633091185
4534,61.987738816096
4535,5.748766445570337
4536,1.8672784386389891
4537,1.8462851425355575
4538,6.418768026739462
4539,285.55808915100846
4540,173.10551785206
4541,3.317257300035494
4542,2.7779481971266042
4543,206.4054025273518
4544,34.03134196114621
4545,5.192853140796927
4546,30.98515431055263
4547,6.0085903578198305
4548,178.20001528544717
4549,4.7677146056537705
4550,245.40478926017687
4551,26.349873408162644
4552,130.77319290971576
4553,121.91838886313337
4554,4.472352448717432
4555,192.78764820531183
4556,290.01146813034325
4557,5.125738960625798
4558,4.41685998660639
4559,72.25703440175948
4560,7.359790507017214
4561,5.271191702554386
4562,185.9310217573438
4563,45.70190775621751
4564,212.3166494792049
4565,71.13721664880029
4566,221.11929238877065
4567,269.90426591489
4568,138.43578485733855
4569,4.656059206564856
4570,200.0356452501313
4571,262.6259953995909
4572,4.993059096709915
4573,3.038472834681986
4574,1.7933295815976416
4575,5.232345847158705
4576,146.1383042221731
4577,256.7182672418929
4578,54.640751471167235
4579,7.459603035724813
4580,0.6522010017726969
4581,349.1691216709237
4582,32.895537438120826
4583,1.5519892923293044
4584,273.25671529115834
4585,39.37686417074561
4586,6.694947001442726
4587,4.180976466554734
4588,1.3482356741857189
4589,4.24721905147185
4590,2.9814489982840584
4591,77.283187494901
4592,5.357470566884063
4593,88.8097507695773
4594,-17.496808053500054
4595,2.9023035897866007
4596,72.67311240821648
4597,145.46093636910157
4598,4.337069861630899
4599,-44.14137179667499
4600,85.18007886731705
4601,6.9436949518281645
4602,5.320193800087036
4603,5.2897864455902415
4604,68.6090806026181
4605,1.911468354259969
4606,156.87688540448542
4607,51.0576541962289
4608,4.5983555658152575
4609,217.40260699344384
4610,144.08291783884303
4611,100.25555654638177
4612,3.577479750345134
4613,-68.93262255098671
4614,76.64979480339304
4615,-45.67330612330041
4616,4.796427475869038
4617,4.9740673212924715
4618,3.9806941480885656
4619,6.22022383300914
4620,6.661105996544705
4621,69.23582443044803
4622,3.9251951834268763
4623,6.318097667463382
4624,1.2729853503017945
4625,88.31622237685906
4626,48.29864004489582
4627,5.6066288548461385
4628,5.890672198085733
4629,65.20575267604895
4630,5.446112088761733
4631,-10.970183241574025
4632,6.654398148546579
4633,222.43116764702535
4634,5.942040736544703
4635,6.045531942792408
4636,39.60956945804477
4637,6.968912412704058
4638,397.20358235566067
4639,275.51470690539963
4640,2.0721019237792553
4641,208.35375912126568
4642,121.50619950124118
4643,61.63535781850122
4644,68.30559916904608
4645,5.7550155709484265
4646,47.18299413844212
4647,22.23401131378423
4648,199.3737853545485
4649,127.38642977417659
4650,123.65645708931413
4651,44.35226052272321
4652,4.598386393225423
4653,251.24308429898613
4654,-4.982182624103747
4655,5.564343309702153
4656,2.4529014254895793
4657,3.1618259346120388
4658,6.218893538094967
4659,84.63029073398289
4660,2.826601134238274
4661,2.625307739067231
4662,3.4629413852655615
4663,115.58639339765446
4664,5.874304078104377
4665,137.32304721055212
4666,240.6402922590346
4667,1.8425956734696636
4668,97.54384010970699
4669,254.7206235126419
4670,45.23886526776813
4671,1.9095453119339616
4672,0.7037507590409613
4673,69.7490185175488
4674,298.3945728033308
4675,1.7520805478243235
4676,134.93116272669153
4677,61.53951893213047
4678,5.489755404618265
4679,68.80142957734154
4680,4.003619454173497
4681,1.4560641008228887
4682,194.0736663464337
4683,138.30045037575283
4684,97.55502036061637
4685,242.14801605988217
4686,4.378170837407896
4687,216.83487464403768
4688,339.2586464482223
4689,79.39659232059218
4690,5.94896557676652
4691,6.9380373668809625
4692,4.206872234567804
4693,101.73165498622664
4694,4.196093409759296
4695,374.2364454296611
4696,4.505733673630674
4697,2.491266382276796
4698,4.744221849785644
4699,4.110003203075545
4700,93.97276364624133
4701,5.216969094481985
4702,2.011567343971157
4703,3.7241137481788313
4704,5.153087894007142
4705,282.40722689861025
4706,3.416395789562343
4707,4.938556688290506
4708,3.25425790405674
4709,76.15428054189572
4710,150.03309034973967
4711,6.274985694094361
4712,243.48155423159525
4713,3.6138034173052525
4714,5.687756352495073
4715,75.23922630095453
4716,80.09147588803418
4717,7.349700636859064
4718,5.469307431763657
4719,191.67645007578184
4720,157.73354515866816
4721,6.199061749858357
4722,3.8103182916766243
4723,6.327227974637346
4724,72.06576592657439
4725,177.39792203738233
4726,3.4876221573805632
4727,263.3370638771722
4728,245.3341483420288
4729,3.780911952099169
4730,177.23731627604872
4731,61.26076136058462
4732,-59.03328396164438
4733,5.47330770615139
4734,6.228682033830476
4735,5.274177279302465
4736,3.3094565693299316
4737,65.92435044513456
4738,-23.279454257247863
4739,189.12224863201538
4740,309.55414510044704
4741,5.081583508201381
4742,82.17956169625177
4743,5.331250319923077
4744,267.41925921082697
4745,39.80705186289477
4746,3.9163935472834837
4747,2.892194487564148
4748,3.144186067404039
4749,5.649600903406611
4750,5.782688976530757
4751,3.662796649969124
4752,98.36808030334338
4753,155.2950547721183
4754,134.40897500165542
4755,3.9803326228239486
4756,2.025104849937958
4757,3.223154791790737
4758,79.10516561866915
4759,114.51302053596939
4760,5.0857475793697535
4761,3.331428066795973
4762,187.0089414647008
4763,214.4434481885282
4764,2.380265668141091
4765,333.41478849180623
4766,25.734069455913165
4767,17.563441158503927
4768,26.20150497583363
4769,-26.265131565034586
4770,51.27205754865231
4771,31.5929642425878
4772,3.739944878921362
4773,4.172842937464228
4774,138.58479514013834
4775,2.439650865413955
4776,2.492483633934909
4777,193.93349028588784
4778,5.063447008208035
4779,39.581401320801184
4780,1.3070963114407737
4781,56.953447253028486
4782,4.888665634954431
4783,3.86708718217878
4784,2.47466121281081
4785,66.21705584727479
4786,68.9215896739618
4787,5.523244779946289
4788,3.7377696026194425
4789,2.8851355543754433
4790,126.4633643615291
4791,167.59038629658593
4792,4.422180274831267
4793,164.34321101460392
4794,59.870431263804456
4795,228.4093823692569
4796,3.3764479634752913
4797,138.33376731640408
4798,5.873350487416523
4799,4.075470067253072
4800,354.91476097579437
4801,3.8345027357700374
4802,4.999225061431006
4803,272.50950518029947
4804,1.628418785511232
4805,230.12428329535513
4806,4.015486928230269
4807,3.2795529834225032
4808,61.12903263503279
4809,114.75932833422382
4810,1.6361584866808858
4811,2.115078776277432
4812,5.350596293892054
4813,259.0878962813157
4814,238.7656517808229
4815,2.8124244359857604
4816,2.709457859240209
4817,6.231607996383568
4818,1.6984433956954808
4819,87.36941585474374
4820,2.716001765416432
4821,186.9534457419919
4822,125.89578284580242
4823,5.059327469034589
4824,2.9422089585123317
4825,269.67469887661264
4826,4.502899664572563
4827,6.014389772605681
4828,215.680076682265
4829,119.08450158418017
4830,95.49743548588452
4831,213.8200034655217
4832,6.860398502206818
4833,3.7161036174771667
4834,111.75667201625421
4835,3.8391310377862036
4836,6.406018493213228
4837,203.54925807701778
4838,35.14835913095803
4839,308.884348873131
4840,2.4955261540519786
4841,109.21314140253372
4842,28.34978085649871
4843,2.3462432709980185
4844,3.7988899194254246
4845,4.546250149396959
4846,7.141563446002116
4847,4.0099086472677765
4848,2.3972286975045773
4849,4.338285598097269
4850,6.69646568840196
4851,5.822646917058366
4852,107.88914422140559
4853,293.5205693025896
4854,2.759666533913799
4855,3.2068973486831327
4856,199.26788484275988
4857,246.71050113429118
4858,235.74465518839838
4859,135.101467083653
4860,248.88648314977135
4861,-14.83885192797898
4862,120.92962899410051
4863,6.954510139161579
4864,5.917014422624161
4865,1.9138267247604208
4866,1.281198823591812
4867,3.5214905169048665
4868,67.6929631732602
4869,0.960533856794045
4870,142.6753955550751
4871,6.720198617710837
4872,2.3160659781716
4873,288.3572620184731
4874,9.836297694446849
4875,3.420249391636695
4876,225.1630357674037
4877,6.323571695074882
4878,85.11004317239838
4879,69.98828425675795
4880,5.920712244985322
4881,6.301819650338292
4882,23.437041907368375
4883,1.816110865534899
4884,133.95173659552043
4885,-51.81519191456255
4886,241.99044747392003
4887,5.204751745302737
4888,297.5810076900991
4889,53.16584122848343
4890,217.74814989026112
4891,128.0671807204605
4892,1.9780189156350918
4893,5.798207089903947
4894,102.94466893174894
4895,6.710694995721731
4896,5.823569259149268
4897,5.4860948301229175
4898,5.129056293928002
4899,206.67523856484445
4900,2.0498899719066337
4901,276.9744950047077
4902,4.108428725628655
4903,153.22503700468224
4904,378.0119626148215
4905,85.15274988411097
4906,154.41834848122818
4907,185.5695077787879
4908,4.38369700814229
4909,139.7215475791839
4910,152.2376882137752
4911,88.48968325902601
4912,5.571478554477348
4913,177.44123535276088
4914,186.4637040614846
4915,4.376043044906009
4916,4.680558406240846
4917,6.384990747743047
4918,2.541678330232004
4919,-4.073554654109737
4920,2.175759184316405
4921,-8.125255342849625
4922,168.28816334152557
4923,209.5550164592167
4924,5.825958134457953
4925,2.3535742956529204
4926,1.4297083301767746
4927,5.1940559965538045
4928,3.1188365803160045
4929,73.5046603814203
4930,100.31770818428437
4931,-24.709370124335045
4932,5.955151507290169
4933,239.01326852619536
4934,-52.52675191222485
4935,49.71935058028011
4936,254.4882875228025
4937,24.516132944640507
4938,74.02774433264517
4939,60.66136003019365
4940,3.8831866321195947
